strategy,seed,channel,first_seen_time_s,directional
geometry_early_optical_clear_probe,3114320493,4,23.0,True
geometry_early_optical_clear_probe,3114320493,6,35.0,True
geometry_early_optical_clear_probe,3114320493,12,71.0,True
geometry_early_optical_clear_probe,3114320493,13,77.0,True
geometry_early_optical_clear_probe,3114320493,9,584.9484675616835,True
geometry_early_optical_clear_probe,3114320493,16,626.9484675616835,True
geometry_early_optical_clear_probe,3114320493,7,874.1484675616834,True
geometry_early_optical_clear_probe,3114320493,15,1113.5818854303666,True
geometry_early_optical_clear_probe,3114320493,19,1493.308881326067,True
geometry_early_optical_clear_probe,3114320493,5,1934.1727807210373,True
geometry_early_optical_clear_probe,3114320493,20,2000.1727807210373,True
geometry_early_optical_clear_probe,3114320493,3,2223.372780721037,True
geometry_early_optical_clear_probe,3114320493,2,2392.572780721037,True
geometry_early_optical_clear_probe,3114320493,14,2440.572780721037,True
geometry_early_optical_clear_probe,3114320493,10,2933.6133402661953,True
geometry_early_optical_clear_probe,3114320493,1,3898.08506763915,True
geometry_early_optical_clear_probe,1492748398,5,29.0,True
geometry_early_optical_clear_probe,1492748398,7,41.0,True
geometry_early_optical_clear_probe,1492748398,10,59.0,True
geometry_early_optical_clear_probe,1492748398,15,89.0,True
geometry_early_optical_clear_probe,1492748398,19,113.0,True
geometry_early_optical_clear_probe,1492748398,16,625.4,True
geometry_early_optical_clear_probe,1492748398,11,1152.3256399401387,True
geometry_early_optical_clear_probe,1492748398,17,1737.8394928865976,True
geometry_early_optical_clear_probe,1492748398,4,2456.5585398576272,True
geometry_early_optical_clear_probe,1492748398,9,3090.7898216548806,True
geometry_early_optical_clear_probe,1492748398,2,4413.471370124455,True
geometry_early_optical_clear_probe,1492748398,3,4853.871370124454,True
geometry_early_optical_clear_probe,1492748398,14,7280.303023541622,True
geometry_early_optical_clear_probe,2173566053,9,53.0,True
geometry_early_optical_clear_probe,2173566053,11,65.0,True
geometry_early_optical_clear_probe,2173566053,16,294.2,True
geometry_early_optical_clear_probe,2173566053,13,312.2,True
geometry_early_optical_clear_probe,2173566053,20,2429.7965861207267,True
geometry_early_optical_clear_probe,2173566053,17,4192.42133689367,True
geometry_early_optical_clear_probe,2173566053,10,5464.379381754454,True
geometry_early_optical_clear_probe,2173566053,6,5482.379381754454,True
geometry_early_optical_clear_probe,2173566053,14,5723.579381754454,True
geometry_early_optical_clear_probe,2173566053,8,6748.440866035382,True
geometry_early_optical_clear_probe,2173566053,5,8081.015566351317,True
geometry_early_optical_clear_probe,2179230782,2,11.0,True
geometry_early_optical_clear_probe,2179230782,11,65.0,True
geometry_early_optical_clear_probe,2179230782,13,77.0,True
geometry_early_optical_clear_probe,2179230782,17,288.2,True
geometry_early_optical_clear_probe,2179230782,6,354.2,True
geometry_early_optical_clear_probe,2179230782,14,613.4,True
geometry_early_optical_clear_probe,2179230782,16,625.4,True
geometry_early_optical_clear_probe,2179230782,1,1975.418646529484,True
geometry_early_optical_clear_probe,2179230782,15,2035.418646529484,True
geometry_early_optical_clear_probe,2179230782,4,4537.955585787679,True
geometry_early_optical_clear_probe,2454678280,2,11.0,True
geometry_early_optical_clear_probe,2454678280,12,71.0,True
geometry_early_optical_clear_probe,2454678280,20,119.0,True
geometry_early_optical_clear_probe,2454678280,14,306.2,True
geometry_early_optical_clear_probe,2454678280,3,372.2,True
geometry_early_optical_clear_probe,2454678280,19,643.4,True
geometry_early_optical_clear_probe,2454678280,1,1015.883861893145,True
geometry_early_optical_clear_probe,2454678280,5,1191.083861893145,True
geometry_early_optical_clear_probe,2454678280,16,2218.2573264624225,True
geometry_early_optical_clear_probe,2454678280,15,2224.2573264624225,True
geometry_early_optical_clear_probe,2454678280,8,2766.144035612075,True
geometry_early_optical_clear_probe,2454678280,4,3184.1215876582282,True
geometry_early_optical_clear_probe,2454678280,6,4270.806213268185,True
geometry_early_optical_clear_probe,2454678280,13,6705.707774958493,True
geometry_early_optical_clear_probe,2454678280,10,7080.107774958493,True
geometry_early_optical_clear_probe,2529418092,7,41.0,True
geometry_early_optical_clear_probe,2529418092,9,53.0,True
geometry_early_optical_clear_probe,2529418092,13,77.0,True
geometry_early_optical_clear_probe,2529418092,18,107.0,True
geometry_early_optical_clear_probe,2529418092,11,595.4,True
geometry_early_optical_clear_probe,2529418092,6,872.5999999999999,True
geometry_early_optical_clear_probe,2529418092,3,1604.8782267376546,True
geometry_early_optical_clear_probe,2529418092,2,1774.0782267376546,True
geometry_early_optical_clear_probe,2529418092,5,1792.0782267376546,True
geometry_early_optical_clear_probe,2529418092,10,1816.0782267376546,True
geometry_early_optical_clear_probe,2529418092,16,1840.0782267376546,True
geometry_early_optical_clear_probe,2529418092,19,2295.168234533554,True
geometry_early_optical_clear_probe,2529418092,20,7036.274471322598,True
geometry_early_optical_clear_probe,631061281,1,5.0,True
geometry_early_optical_clear_probe,631061281,9,53.0,True
geometry_early_optical_clear_probe,631061281,16,95.0,True
geometry_early_optical_clear_probe,631061281,17,288.2,True
geometry_early_optical_clear_probe,631061281,12,318.2,True
geometry_early_optical_clear_probe,631061281,13,607.4,True
geometry_early_optical_clear_probe,631061281,7,1101.8,True
geometry_early_optical_clear_probe,631061281,6,1403.0,True
geometry_early_optical_clear_probe,631061281,10,2483.2597068989553,True
geometry_early_optical_clear_probe,631061281,4,5884.160588047873,True
geometry_early_optical_clear_probe,631061281,2,7773.920541730596,True
geometry_early_optical_clear_probe,2009089502,2,11.0,True
geometry_early_optical_clear_probe,2009089502,5,29.0,True
geometry_early_optical_clear_probe,2009089502,7,41.0,True
geometry_early_optical_clear_probe,2009089502,8,47.0,True
geometry_early_optical_clear_probe,2009089502,11,65.0,True
geometry_early_optical_clear_probe,2009089502,13,77.0,True
geometry_early_optical_clear_probe,2009089502,19,113.0,True
geometry_early_optical_clear_probe,2009089502,6,354.2,True
geometry_early_optical_clear_probe,2009089502,10,1127.8498082801623,True
geometry_early_optical_clear_probe,2009089502,15,1151.8498082801623,True
geometry_early_optical_clear_probe,2009089502,20,1175.8498082801623,True
geometry_early_optical_clear_probe,2009089502,17,3903.449808280161,True
geometry_early_optical_clear_probe,1722895362,2,11.0,True
geometry_early_optical_clear_probe,1722895362,12,71.0,True
geometry_early_optical_clear_probe,1722895362,15,89.0,True
geometry_early_optical_clear_probe,1722895362,16,95.0,True
geometry_early_optical_clear_probe,1722895362,18,107.0,True
geometry_early_optical_clear_probe,1722895362,20,270.2,True
geometry_early_optical_clear_probe,1722895362,11,1083.0735815678497,True
geometry_early_optical_clear_probe,1722895362,13,1647.8684915806714,True
geometry_early_optical_clear_probe,1722895362,6,2285.712112784563,True
geometry_early_optical_clear_probe,1722895362,4,3348.6792642712876,True
geometry_early_optical_clear_probe,1722895362,17,3565.8792642712874,True
geometry_early_optical_clear_probe,2612505592,9,53.0,True
geometry_early_optical_clear_probe,2612505592,20,270.2,True
geometry_early_optical_clear_probe,2612505592,11,324.2,True
geometry_early_optical_clear_probe,2612505592,8,342.2,True
geometry_early_optical_clear_probe,2612505592,3,372.2,True
geometry_early_optical_clear_probe,2612505592,7,1409.0,True
geometry_early_optical_clear_probe,2612505592,15,2315.392719147514,True
geometry_early_optical_clear_probe,2612505592,19,2490.592719147514,True
geometry_early_optical_clear_probe,2612505592,5,2784.3447803670997,True
geometry_early_optical_clear_probe,2612505592,18,3058.1842795278294,True
geometry_early_optical_clear_probe,2612505592,4,3287.384279527829,True
geometry_early_optical_clear_probe,2612505592,14,6387.25150625108,True
geometry_early_optical_clear_probe,2612505592,2,8105.725338946095,True
geometry_early_optical_clear_probe,1612575884,6,35.0,True
geometry_early_optical_clear_probe,1612575884,12,71.0,True
geometry_early_optical_clear_probe,1612575884,14,83.0,True
geometry_early_optical_clear_probe,1612575884,17,101.0,True
geometry_early_optical_clear_probe,1612575884,13,312.2,True
geometry_early_optical_clear_probe,1612575884,5,1737.9108698455457,True
geometry_early_optical_clear_probe,1612575884,7,1749.9108698455457,True
geometry_early_optical_clear_probe,1612575884,16,1991.1108698455457,True
geometry_early_optical_clear_probe,1612575884,9,2021.1108698455457,True
geometry_early_optical_clear_probe,1612575884,2,2167.813126709604,True
geometry_early_optical_clear_probe,1612575884,11,2686.0445477926714,True
geometry_early_optical_clear_probe,1612575884,4,3162.444547792671,True
geometry_early_optical_clear_probe,1612575884,19,4457.307519197541,True
geometry_early_optical_clear_probe,1612575884,18,7614.927956210766,True
geometry_early_optical_clear_probe,430809904,2,11.0,True
geometry_early_optical_clear_probe,430809904,3,17.0,True
geometry_early_optical_clear_probe,430809904,9,53.0,True
geometry_early_optical_clear_probe,430809904,20,270.2,True
geometry_early_optical_clear_probe,430809904,6,354.2,True
geometry_early_optical_clear_probe,430809904,10,589.6420275772773,True
geometry_early_optical_clear_probe,430809904,18,637.6420275772773,True
geometry_early_optical_clear_probe,430809904,17,763.8653337407632,True
geometry_early_optical_clear_probe,430809904,7,1914.5654478103945,True
geometry_early_optical_clear_probe,430809904,19,2270.8767202107438,True
geometry_early_optical_clear_probe,430809904,15,3210.342697755375,True
geometry_early_optical_clear_probe,501863981,4,23.0,True
geometry_early_optical_clear_probe,501863981,5,29.0,True
geometry_early_optical_clear_probe,501863981,19,113.0,True
geometry_early_optical_clear_probe,501863981,15,300.2,True
geometry_early_optical_clear_probe,501863981,14,306.2,True
geometry_early_optical_clear_probe,501863981,10,814.4311926030794,True
geometry_early_optical_clear_probe,501863981,1,1545.324084612666,True
geometry_early_optical_clear_probe,501863981,8,1892.4584955319476,True
geometry_early_optical_clear_probe,501863981,6,4599.932204443756,True
geometry_early_optical_clear_probe,501863981,18,5095.846701941152,True
geometry_early_optical_clear_probe,501863981,17,6132.9035892035645,True
geometry_early_optical_clear_probe,3071491222,6,35.0,True
geometry_early_optical_clear_probe,3071491222,9,53.0,True
geometry_early_optical_clear_probe,3071491222,15,89.0,True
geometry_early_optical_clear_probe,3071491222,16,95.0,True
geometry_early_optical_clear_probe,3071491222,19,276.2,True
geometry_early_optical_clear_probe,3071491222,3,890.5999999999999,True
geometry_early_optical_clear_probe,3071491222,13,2232.385383868822,True
geometry_early_optical_clear_probe,3071491222,17,2533.5853838688217,True
geometry_early_optical_clear_probe,3071491222,20,3826.0899293263947,True
geometry_early_optical_clear_probe,3071491222,5,3892.0899293263947,True
geometry_early_optical_clear_probe,3071491222,12,4767.843997130428,True
geometry_early_optical_clear_probe,3071491222,18,4785.843997130428,True
geometry_early_optical_clear_probe,672831640,9,53.0,True
geometry_early_optical_clear_probe,672831640,15,89.0,True
geometry_early_optical_clear_probe,672831640,16,95.0,True
geometry_early_optical_clear_probe,672831640,10,330.2,True
geometry_early_optical_clear_probe,672831640,7,348.2,True
geometry_early_optical_clear_probe,672831640,6,529.3333736083107,True
geometry_early_optical_clear_probe,672831640,4,2104.0859392437906,True
geometry_early_optical_clear_probe,672831640,12,3690.4859392437893,True
geometry_early_optical_clear_probe,672831640,17,4166.885939243789,True
geometry_early_optical_clear_probe,672831640,2,4408.085939243789,True
geometry_early_optical_clear_probe,672831640,1,4565.285939243789,True
geometry_early_optical_clear_probe,672831640,13,4818.485939243788,True
geometry_early_optical_clear_probe,672831640,3,5102.529797815839,True
geometry_early_optical_clear_probe,672831640,18,5579.184145405548,True
geometry_early_optical_clear_probe,672831640,19,6202.76045386311,True
geometry_early_optical_clear_probe,4277846866,1,5.0,True
geometry_early_optical_clear_probe,4277846866,5,29.0,True
geometry_early_optical_clear_probe,4277846866,10,59.0,True
geometry_early_optical_clear_probe,4277846866,13,77.0,True
geometry_early_optical_clear_probe,4277846866,15,89.0,True
geometry_early_optical_clear_probe,4277846866,16,95.0,True
geometry_early_optical_clear_probe,4277846866,18,282.2,True
geometry_early_optical_clear_probe,4277846866,3,372.2,True
geometry_early_optical_clear_probe,4277846866,19,1940.3488063470306,True
geometry_early_optical_clear_probe,4277846866,12,2621.9488063470303,True
geometry_early_optical_clear_probe,4277846866,11,4676.076875407844,True
geometry_early_optical_clear_probe,4277846866,7,4905.276875407844,True
geometry_early_optical_clear_probe,4277846866,17,4941.276875407844,True
geometry_early_optical_clear_probe,4277846866,8,5134.476875407844,True
geometry_early_optical_clear_probe,4277846866,2,6879.158319512719,True
geometry_early_optical_clear_probe,41495714,1,5.0,True
geometry_early_optical_clear_probe,41495714,6,35.0,True
geometry_early_optical_clear_probe,41495714,14,83.0,True
geometry_early_optical_clear_probe,41495714,17,101.0,True
geometry_early_optical_clear_probe,41495714,18,107.0,True
geometry_early_optical_clear_probe,41495714,11,324.2,True
geometry_early_optical_clear_probe,41495714,7,872.5999999999999,True
geometry_early_optical_clear_probe,41495714,2,896.5999999999999,True
geometry_early_optical_clear_probe,41495714,5,1286.2073922798152,True
geometry_early_optical_clear_probe,41495714,12,5404.558251274537,True
geometry_early_optical_clear_probe,41495714,16,7588.602342745598,True
geometry_early_optical_clear_probe,314422909,15,89.0,True
geometry_early_optical_clear_probe,314422909,8,342.2,True
geometry_early_optical_clear_probe,314422909,6,354.2,True
geometry_early_optical_clear_probe,314422909,4,366.2,True
geometry_early_optical_clear_probe,314422909,1,1020.2718527960039,True
geometry_early_optical_clear_probe,314422909,13,2139.4557524959905,True
geometry_early_optical_clear_probe,314422909,5,2404.6557524959903,True
geometry_early_optical_clear_probe,314422909,2,2422.6557524959903,True
geometry_early_optical_clear_probe,314422909,18,2657.85575249599,True
geometry_early_optical_clear_probe,314422909,14,2933.4597757772726,True
geometry_early_optical_clear_probe,314422909,3,3316.5561445101853,True
geometry_early_optical_clear_probe,314422909,12,4633.744299295771,True
geometry_early_optical_clear_probe,314422909,7,4936.791886071027,True
geometry_early_optical_clear_probe,314422909,11,5618.391886071026,True
geometry_early_optical_clear_probe,314422909,10,5624.391886071026,True
geometry_early_optical_clear_probe,643443200,8,47.0,True
geometry_early_optical_clear_probe,643443200,13,77.0,True
geometry_early_optical_clear_probe,643443200,14,83.0,True
geometry_early_optical_clear_probe,643443200,17,101.0,True
geometry_early_optical_clear_probe,643443200,5,360.2,True
geometry_early_optical_clear_probe,643443200,4,553.4,True
geometry_early_optical_clear_probe,643443200,20,731.6076428987063,True
geometry_early_optical_clear_probe,643443200,7,1005.5522169708207,True
geometry_early_optical_clear_probe,643443200,18,1536.6419786724016,True
geometry_early_optical_clear_probe,643443200,1,3830.2701300931362,True
geometry_early_optical_clear_probe,643443200,6,3848.2701300931362,True
geometry_early_optical_clear_probe,1723240615,1,5.0,True
geometry_early_optical_clear_probe,1723240615,3,17.0,True
geometry_early_optical_clear_probe,1723240615,18,107.0,True
geometry_early_optical_clear_probe,1723240615,20,119.0,True
geometry_early_optical_clear_probe,1723240615,17,288.2,True
geometry_early_optical_clear_probe,1723240615,15,300.2,True
geometry_early_optical_clear_probe,1723240615,8,342.2,True
geometry_early_optical_clear_probe,1723240615,2,908.5999999999999,True
geometry_early_optical_clear_probe,1723240615,6,1497.698858121822,True
geometry_early_optical_clear_probe,1723240615,14,2115.688953693269,True
geometry_early_optical_clear_probe,1723240615,16,3982.415317618423,True
geometry_early_optical_clear_probe,1723240615,13,4889.035835095245,True
geometry_early_optical_clear_probe,1723240615,9,5257.704489862315,True
geometry_early_optical_clear_probe,1723240615,10,6704.198821865117,True
geometry_early_optical_clear_probe,1723240615,19,6728.198821865117,True
geometry_early_optical_clear_probe,2203160698,7,41.0,True
geometry_early_optical_clear_probe,2203160698,10,59.0,True
geometry_early_optical_clear_probe,2203160698,13,77.0,True
geometry_early_optical_clear_probe,2203160698,15,89.0,True
geometry_early_optical_clear_probe,2203160698,19,113.0,True
geometry_early_optical_clear_probe,2203160698,17,288.2,True
geometry_early_optical_clear_probe,2203160698,5,360.2,True
geometry_early_optical_clear_probe,2203160698,4,366.2,True
geometry_early_optical_clear_probe,2203160698,20,1648.0974397252467,True
geometry_early_optical_clear_probe,2203160698,9,3470.876059310811,True
geometry_early_optical_clear_probe,2203160698,6,3947.2760593108105,True
geometry_early_optical_clear_probe,2203160698,8,4146.47605931081,True
geometry_early_optical_clear_probe,2203160698,18,6986.608328531278,True
geometry_early_optical_clear_probe,2384183195,2,11.0,True
geometry_early_optical_clear_probe,2384183195,9,53.0,True
geometry_early_optical_clear_probe,2384183195,15,89.0,True
geometry_early_optical_clear_probe,2384183195,11,324.2,True
geometry_early_optical_clear_probe,2384183195,20,648.4441048491293,True
geometry_early_optical_clear_probe,2384183195,10,3075.513016477452,True
geometry_early_optical_clear_probe,2384183195,16,3312.1194133489944,True
geometry_early_optical_clear_probe,2384183195,13,3589.319413348994,True
geometry_early_optical_clear_probe,2384183195,8,3954.880279913629,True
geometry_early_optical_clear_probe,2384183195,18,4244.5128554136545,True
geometry_early_optical_clear_probe,2384183195,7,5265.9094359933615,True
geometry_early_optical_clear_probe,2384183195,5,8296.686831069173,True
geometry_early_optical_clear_probe,1147654554,1,5.0,True
geometry_early_optical_clear_probe,1147654554,7,41.0,True
geometry_early_optical_clear_probe,1147654554,18,282.2,True
geometry_early_optical_clear_probe,1147654554,5,535.1040279182498,True
geometry_early_optical_clear_probe,1147654554,4,799.1608052747503,True
geometry_early_optical_clear_probe,1147654554,12,1016.3608052747502,True
geometry_early_optical_clear_probe,1147654554,14,5429.774838608032,True
geometry_early_optical_clear_probe,1147654554,19,5453.774838608032,True
geometry_early_optical_clear_probe,1147654554,10,7605.093137729257,True
geometry_early_optical_clear_probe,1147654554,16,8063.493137729257,True
geometry_early_optical_clear_probe,698136571,2,11.0,True
geometry_early_optical_clear_probe,698136571,3,17.0,True
geometry_early_optical_clear_probe,698136571,9,53.0,True
geometry_early_optical_clear_probe,698136571,10,59.0,True
geometry_early_optical_clear_probe,698136571,15,89.0,True
geometry_early_optical_clear_probe,698136571,19,113.0,True
geometry_early_optical_clear_probe,698136571,7,491.7437056790101,True
geometry_early_optical_clear_probe,698136571,20,731.7152685517938,True
geometry_early_optical_clear_probe,698136571,8,1335.6833938076534,True
geometry_early_optical_clear_probe,698136571,1,2128.3332133228178,True
geometry_early_optical_clear_probe,698136571,14,3266.1143237305514,True
geometry_early_optical_clear_probe,698136571,13,5634.932470191165,True
geometry_early_optical_clear_probe,1343443186,3,17.0,True
geometry_early_optical_clear_probe,1343443186,9,53.0,True
geometry_early_optical_clear_probe,1343443186,11,65.0,True
geometry_early_optical_clear_probe,1343443186,19,276.2,True
geometry_early_optical_clear_probe,1343443186,8,577.4,True
geometry_early_optical_clear_probe,1343443186,12,1275.4610571799533,True
geometry_early_optical_clear_probe,1343443186,17,1305.4610571799533,True
geometry_early_optical_clear_probe,1343443186,20,1323.4610571799533,True
geometry_early_optical_clear_probe,1343443186,14,1793.8610571799534,True
geometry_early_optical_clear_probe,1343443186,7,3383.733520662415,True
geometry_early_optical_clear_probe,1343443186,15,3407.733520662415,True
geometry_early_optical_clear_probe,1343443186,6,4743.960294697866,True
geometry_early_optical_clear_probe,1343443186,16,5190.360294697865,True
geometry_early_optical_clear_probe,1343443186,18,5347.560294697865,True
geometry_early_optical_clear_probe,1343443186,1,5407.560294697865,True
geometry_early_optical_clear_probe,1343443186,2,5564.760294697865,True
geometry_early_optical_clear_probe,2140172667,9,53.0,True
geometry_early_optical_clear_probe,2140172667,10,59.0,True
geometry_early_optical_clear_probe,2140172667,17,288.2,True
geometry_early_optical_clear_probe,2140172667,6,354.2,True
geometry_early_optical_clear_probe,2140172667,7,576.8595418124635,True
geometry_early_optical_clear_probe,2140172667,18,2256.235863327895,True
geometry_early_optical_clear_probe,2140172667,16,3143.875751079162,True
geometry_early_optical_clear_probe,2140172667,11,3727.7018202178406,True
geometry_early_optical_clear_probe,2140172667,5,4353.425376929876,True
geometry_early_optical_clear_probe,2140172667,15,7085.0241602151755,True
geometry_early_optical_clear_probe,2140172667,14,7266.224160215175,True
geometry_early_optical_clear_probe,2845465757,3,17.0,True
geometry_early_optical_clear_probe,2845465757,11,65.0,True
geometry_early_optical_clear_probe,2845465757,16,95.0,True
geometry_early_optical_clear_probe,2845465757,19,276.2,True
geometry_early_optical_clear_probe,2845465757,2,378.2,True
geometry_early_optical_clear_probe,2845465757,14,555.7737386766153,True
geometry_early_optical_clear_probe,2845465757,18,573.7737386766153,True
geometry_early_optical_clear_probe,2845465757,7,859.2788707502743,True
geometry_early_optical_clear_probe,2845465757,1,1663.0062596662938,True
geometry_early_optical_clear_probe,2845465757,5,5783.055261679697,True
geometry_early_optical_clear_probe,2845465757,12,5813.055261679697,True
geometry_early_optical_clear_probe,96983647,2,11.0,True
geometry_early_optical_clear_probe,96983647,8,47.0,True
geometry_early_optical_clear_probe,96983647,9,53.0,True
geometry_early_optical_clear_probe,96983647,13,77.0,True
geometry_early_optical_clear_probe,96983647,18,107.0,True
geometry_early_optical_clear_probe,96983647,17,288.2,True
geometry_early_optical_clear_probe,96983647,10,330.2,True
geometry_early_optical_clear_probe,96983647,1,462.0770132346904,True
geometry_early_optical_clear_probe,96983647,11,1579.5424201375622,True
geometry_early_optical_clear_probe,96983647,16,1609.5424201375622,True
geometry_early_optical_clear_probe,96983647,19,1728.0918599332197,True
geometry_early_optical_clear_probe,96983647,20,2717.1198885771855,True
geometry_early_optical_clear_probe,96983647,15,3846.395852890192,True
geometry_early_optical_clear_probe,96983647,14,6799.636090492407,True
geometry_early_optical_clear_probe,2896724778,9,53.0,True
geometry_early_optical_clear_probe,2896724778,8,342.2,True
geometry_early_optical_clear_probe,2896724778,19,702.6933756632917,True
geometry_early_optical_clear_probe,2896724778,4,986.6453265953425,True
geometry_early_optical_clear_probe,2896724778,18,3058.980258027605,True
geometry_early_optical_clear_probe,2896724778,20,3535.3802580276047,True
geometry_early_optical_clear_probe,2896724778,5,3607.3802580276047,True
geometry_early_optical_clear_probe,2896724778,7,3792.9067328923843,True
geometry_early_optical_clear_probe,2896724778,17,3966.008057847974,True
geometry_early_optical_clear_probe,2896724778,12,4448.408057847974,True
geometry_early_optical_clear_probe,2896724778,6,4885.360973852064,True
geometry_early_optical_clear_probe,2896724778,11,6384.761257625926,True
geometry_early_optical_clear_probe,75680032,9,53.0,True
geometry_early_optical_clear_probe,75680032,20,119.0,True
geometry_early_optical_clear_probe,75680032,5,360.2,True
geometry_early_optical_clear_probe,75680032,3,372.2,True
geometry_early_optical_clear_probe,75680032,7,571.4,True
geometry_early_optical_clear_probe,75680032,12,601.4,True
geometry_early_optical_clear_probe,75680032,14,1257.608623324567,True
geometry_early_optical_clear_probe,75680032,15,1263.608623324567,True
geometry_early_optical_clear_probe,75680032,17,1275.608623324567,True
geometry_early_optical_clear_probe,75680032,19,1287.608623324567,True
geometry_early_optical_clear_probe,75680032,10,1728.008623324567,True
geometry_early_optical_clear_probe,75680032,1,2523.608623324567,True
geometry_early_optical_clear_probe,75680032,18,2936.575905623721,True
geometry_early_optical_clear_probe,75680032,2,3334.975905623721,True
geometry_early_optical_clear_probe,75680032,16,5547.535334983615,True
geometry_early_optical_clear_probe,250960264,5,29.0,True
geometry_early_optical_clear_probe,250960264,9,53.0,True
geometry_early_optical_clear_probe,250960264,14,83.0,True
geometry_early_optical_clear_probe,250960264,17,101.0,True
geometry_early_optical_clear_probe,250960264,19,276.2,True
geometry_early_optical_clear_probe,250960264,7,348.2,True
geometry_early_optical_clear_probe,250960264,3,1470.9898737677768,True
geometry_early_optical_clear_probe,250960264,20,1908.6376364081152,True
geometry_early_optical_clear_probe,250960264,15,1926.6376364081152,True
geometry_early_optical_clear_probe,250960264,6,2805.077564962184,True
geometry_early_optical_clear_probe,250960264,11,3017.4419841655517,True
geometry_early_optical_clear_probe,250960264,16,6471.044670133312,True
geometry_early_optical_clear_probe,250960264,1,7162.371951248933,True
geometry_early_optical_clear_probe,1408055764,2,11.0,True
geometry_early_optical_clear_probe,1408055764,4,23.0,True
geometry_early_optical_clear_probe,1408055764,18,282.2,True
geometry_early_optical_clear_probe,1408055764,10,589.4,True
geometry_early_optical_clear_probe,1408055764,17,631.4,True
geometry_early_optical_clear_probe,1408055764,19,643.4,True
geometry_early_optical_clear_probe,1408055764,9,944.315821368536,True
geometry_early_optical_clear_probe,1408055764,12,1228.860602129084,True
geometry_early_optical_clear_probe,1408055764,16,1428.0606021290841,True
geometry_early_optical_clear_probe,1408055764,5,1939.571942189989,True
geometry_early_optical_clear_probe,1408055764,3,3358.0651787001666,True
geometry_early_optical_clear_probe,1408055764,20,3430.0651787001666,True
geometry_early_optical_clear_probe,1408055764,15,3774.3372728094228,True
geometry_early_optical_clear_probe,1408055764,11,4015.5372728094226,True
geometry_early_optical_clear_probe,1408055764,14,4296.022558615923,True
geometry_early_optical_clear_probe,1408055764,8,7580.957655776789,True
geometry_early_optical_clear_probe,1288958532,2,11.0,True
geometry_early_optical_clear_probe,1288958532,12,71.0,True
geometry_early_optical_clear_probe,1288958532,16,95.0,True
geometry_early_optical_clear_probe,1288958532,20,119.0,True
geometry_early_optical_clear_probe,1288958532,17,288.2,True
geometry_early_optical_clear_probe,1288958532,13,1214.014614041974,True
geometry_early_optical_clear_probe,1288958532,9,1467.214614041974,True
geometry_early_optical_clear_probe,1288958532,10,1473.214614041974,True
geometry_early_optical_clear_probe,1288958532,15,1672.4146140419741,True
geometry_early_optical_clear_probe,1288958532,4,2460.85789930128,True
geometry_early_optical_clear_probe,1288958532,7,2702.05789930128,True
geometry_early_optical_clear_probe,1288958532,1,2732.05789930128,True
geometry_early_optical_clear_probe,1288958532,11,5896.98633000662,True
geometry_early_optical_clear_probe,1288958532,19,6628.532137696483,True
geometry_early_optical_clear_probe,3950923569,2,11.0,True
geometry_early_optical_clear_probe,3950923569,7,41.0,True
geometry_early_optical_clear_probe,3950923569,10,59.0,True
geometry_early_optical_clear_probe,3950923569,17,101.0,True
geometry_early_optical_clear_probe,3950923569,4,1073.569028049349,True
geometry_early_optical_clear_probe,3950923569,8,1380.7690280493491,True
geometry_early_optical_clear_probe,3950923569,6,1392.7690280493491,True
geometry_early_optical_clear_probe,3950923569,1,1416.7690280493491,True
geometry_early_optical_clear_probe,3950923569,5,2035.4434651445558,True
geometry_early_optical_clear_probe,3950923569,15,2969.938796091248,True
geometry_early_optical_clear_probe,3950923569,16,8032.92219092993,True
geometry_early_optical_clear_probe,190514134,1,5.0,True
geometry_early_optical_clear_probe,190514134,2,11.0,True
geometry_early_optical_clear_probe,190514134,7,41.0,True
geometry_early_optical_clear_probe,190514134,18,107.0,True
geometry_early_optical_clear_probe,190514134,20,569.5342717559942,True
geometry_early_optical_clear_probe,190514134,17,707.3938895268043,True
geometry_early_optical_clear_probe,190514134,8,761.3938895268043,True
geometry_early_optical_clear_probe,190514134,16,1315.1020004601387,True
geometry_early_optical_clear_probe,190514134,13,1333.1020004601387,True
geometry_early_optical_clear_probe,190514134,12,1339.1020004601387,True
geometry_early_optical_clear_probe,190514134,11,2316.178892647684,True
geometry_early_optical_clear_probe,190514134,5,5296.426096394359,True
geometry_early_optical_clear_probe,190514134,19,7320.369731414309,True
geometry_early_optical_clear_probe,135081845,5,29.0,True
geometry_early_optical_clear_probe,135081845,18,107.0,True
geometry_early_optical_clear_probe,135081845,19,113.0,True
geometry_early_optical_clear_probe,135081845,16,294.2,True
geometry_early_optical_clear_probe,135081845,1,2076.964375899368,True
geometry_early_optical_clear_probe,135081845,3,4339.608602228486,True
geometry_early_optical_clear_probe,135081845,7,4363.608602228486,True
geometry_early_optical_clear_probe,135081845,9,4375.608602228486,True
geometry_early_optical_clear_probe,135081845,11,4387.608602228486,True
geometry_early_optical_clear_probe,135081845,14,4705.804643738405,True
geometry_early_optical_clear_probe,135081845,8,4741.804643738405,True
geometry_early_optical_clear_probe,2661125216,2,11.0,True
geometry_early_optical_clear_probe,2661125216,16,95.0,True
geometry_early_optical_clear_probe,2661125216,17,101.0,True
geometry_early_optical_clear_probe,2661125216,13,762.8474871164811,True
geometry_early_optical_clear_probe,2661125216,20,1907.4147754455628,True
geometry_early_optical_clear_probe,2661125216,14,1943.4147754455628,True
geometry_early_optical_clear_probe,2661125216,12,1949.4147754455628,True
geometry_early_optical_clear_probe,2661125216,11,1955.4147754455628,True
geometry_early_optical_clear_probe,2661125216,6,1985.4147754455628,True
geometry_early_optical_clear_probe,2661125216,18,2250.614775445563,True
geometry_early_optical_clear_probe,2661125216,3,3421.4300904680244,True
geometry_early_optical_clear_probe,2661125216,5,3433.4300904680244,True
geometry_early_optical_clear_probe,2661125216,7,3445.4300904680244,True
geometry_early_optical_clear_probe,2661125216,8,5273.313526945008,True
geometry_early_optical_clear_probe,2661125216,4,6024.295397267929,True
geometry_early_optical_clear_probe,2661125216,1,8459.500947363415,True
geometry_early_optical_clear_probe,2999974244,5,29.0,True
geometry_early_optical_clear_probe,2999974244,7,41.0,True
geometry_early_optical_clear_probe,2999974244,10,59.0,True
geometry_early_optical_clear_probe,2999974244,11,65.0,True
geometry_early_optical_clear_probe,2999974244,12,71.0,True
geometry_early_optical_clear_probe,2999974244,15,300.2,True
geometry_early_optical_clear_probe,2999974244,1,541.8328901422914,True
geometry_early_optical_clear_probe,2999974244,19,1262.1501226142084,True
geometry_early_optical_clear_probe,2999974244,16,1280.1501226142084,True
geometry_early_optical_clear_probe,2999974244,14,1563.3501226142084,True
geometry_early_optical_clear_probe,2999974244,8,2368.606926675724,True
geometry_early_optical_clear_probe,2999974244,17,3125.12889507196,True
geometry_early_optical_clear_probe,2999974244,2,3752.7288950719594,True
geometry_early_optical_clear_probe,2999974244,3,5423.2081151160955,True
geometry_early_optical_clear_probe,2999974244,4,6287.04133770787,True
geometry_early_optical_clear_probe,1730569659,1,5.0,True
geometry_early_optical_clear_probe,1730569659,3,17.0,True
geometry_early_optical_clear_probe,1730569659,8,47.0,True
geometry_early_optical_clear_probe,1730569659,16,294.2,True
geometry_early_optical_clear_probe,1730569659,19,583.5532159391685,True
geometry_early_optical_clear_probe,1730569659,6,974.7154703838132,True
geometry_early_optical_clear_probe,1730569659,2,1451.1154703838133,True
geometry_early_optical_clear_probe,1730569659,13,2018.2574167114403,True
geometry_early_optical_clear_probe,1730569659,18,2048.2574167114403,True
geometry_early_optical_clear_probe,1730569659,5,2423.509999786348,True
geometry_early_optical_clear_probe,1730569659,4,4905.46997048396,True
geometry_early_optical_clear_probe,1730569659,15,5104.66997048396,True
geometry_early_optical_clear_probe,1730569659,17,6568.591972715068,True
geometry_early_optical_clear_probe,1730569659,10,6970.87519792764,True
geometry_early_optical_clear_probe,1730569659,11,7176.07519792764,True
geometry_early_optical_clear_probe,1730569659,20,7685.156633263719,True
geometry_early_optical_clear_probe,4049472989,3,17.0,True
geometry_early_optical_clear_probe,4049472989,7,41.0,True
geometry_early_optical_clear_probe,4049472989,20,119.0,True
geometry_early_optical_clear_probe,4049472989,14,306.2,True
geometry_early_optical_clear_probe,4049472989,13,312.2,True
geometry_early_optical_clear_probe,4049472989,2,378.2,True
geometry_early_optical_clear_probe,4049472989,19,806.5999999999999,True
geometry_early_optical_clear_probe,4049472989,17,818.5999999999999,True
geometry_early_optical_clear_probe,4049472989,6,884.5999999999999,True
geometry_early_optical_clear_probe,4049472989,1,1059.8,True
geometry_early_optical_clear_probe,4049472989,18,1585.4283036249485,True
geometry_early_optical_clear_probe,4049472989,11,4483.406966892406,True
geometry_early_optical_clear_probe,4049472989,4,5807.616614647517,True
geometry_early_optical_clear_probe,4049472989,8,6855.617481167415,True
geometry_early_optical_clear_probe,1275973142,10,59.0,True
geometry_early_optical_clear_probe,1275973142,19,113.0,True
geometry_early_optical_clear_probe,1275973142,17,288.2,True
geometry_early_optical_clear_probe,1275973142,9,336.2,True
geometry_early_optical_clear_probe,1275973142,14,887.4026682613995,True
geometry_early_optical_clear_probe,1275973142,8,1152.6026682613995,True
geometry_early_optical_clear_probe,1275973142,4,1570.5436748908269,True
geometry_early_optical_clear_probe,1275973142,12,2022.943674890827,True
geometry_early_optical_clear_probe,1275973142,15,2740.5436748908264,True
geometry_early_optical_clear_probe,1275973142,20,5464.19770224505,True
geometry_early_optical_clear_probe,1463842706,3,17.0,True
geometry_early_optical_clear_probe,1463842706,8,47.0,True
geometry_early_optical_clear_probe,1463842706,10,59.0,True
geometry_early_optical_clear_probe,1463842706,12,71.0,True
geometry_early_optical_clear_probe,1463842706,17,101.0,True
geometry_early_optical_clear_probe,1463842706,20,119.0,True
geometry_early_optical_clear_probe,1463842706,14,573.7617565688956,True
geometry_early_optical_clear_probe,1463842706,15,747.8567436851146,True
geometry_early_optical_clear_probe,1463842706,19,1677.9551356874042,True
geometry_early_optical_clear_probe,1463842706,18,1835.1551356874043,True
geometry_early_optical_clear_probe,1463842706,4,2701.960471269965,True
geometry_early_optical_clear_probe,1463842706,5,3148.360471269965,True
geometry_early_optical_clear_probe,1463842706,6,3515.6620049011703,True
geometry_early_optical_clear_probe,1463842706,11,6350.4185793374845,True
geometry_early_optical_clear_probe,2499088979,7,41.0,True
geometry_early_optical_clear_probe,2499088979,9,53.0,True
geometry_early_optical_clear_probe,2499088979,13,77.0,True
geometry_early_optical_clear_probe,2499088979,19,276.2,True
geometry_early_optical_clear_probe,2499088979,6,565.4,True
geometry_early_optical_clear_probe,2499088979,17,812.5999999999999,True
geometry_early_optical_clear_probe,2499088979,3,890.5999999999999,True
geometry_early_optical_clear_probe,2499088979,20,1208.54349099498,True
geometry_early_optical_clear_probe,2499088979,12,2464.5349769749514,True
geometry_early_optical_clear_probe,2499088979,2,2928.4468615567494,True
geometry_early_optical_clear_probe,2499088979,5,3203.494611000871,True
geometry_early_optical_clear_probe,2499088979,8,4083.552043431223,True
geometry_early_optical_clear_probe,2499088979,10,4481.952043431223,True
geometry_early_optical_clear_probe,2499088979,18,5053.532549242631,True
geometry_early_optical_clear_probe,2499088979,14,5971.53254924263,True
geometry_early_optical_clear_probe,1372859876,1,5.0,True
geometry_early_optical_clear_probe,1372859876,5,29.0,True
geometry_early_optical_clear_probe,1372859876,6,35.0,True
geometry_early_optical_clear_probe,1372859876,7,41.0,True
geometry_early_optical_clear_probe,1372859876,8,47.0,True
geometry_early_optical_clear_probe,1372859876,17,101.0,True
geometry_early_optical_clear_probe,1372859876,18,107.0,True
geometry_early_optical_clear_probe,1372859876,16,294.2,True
geometry_early_optical_clear_probe,1372859876,11,794.8314097121256,True
geometry_early_optical_clear_probe,1372859876,10,1052.5702005849528,True
geometry_early_optical_clear_probe,1372859876,19,1411.3973158344675,True
geometry_early_optical_clear_probe,1372859876,15,1429.3973158344675,True
geometry_early_optical_clear_probe,1372859876,13,1441.3973158344675,True
geometry_early_optical_clear_probe,1372859876,9,1459.3973158344675,True
geometry_early_optical_clear_probe,1372859876,3,3504.916239153003,True
geometry_early_optical_clear_probe,1372859876,14,7656.822252478197,True
geometry_early_optical_clear_probe,3790070024,5,29.0,True
geometry_early_optical_clear_probe,3790070024,12,71.0,True
geometry_early_optical_clear_probe,3790070024,14,83.0,True
geometry_early_optical_clear_probe,3790070024,10,330.2,True
geometry_early_optical_clear_probe,3790070024,19,643.4,True
geometry_early_optical_clear_probe,3790070024,20,1925.1254450539184,True
geometry_early_optical_clear_probe,3790070024,17,2446.4507082393825,True
geometry_early_optical_clear_probe,3790070024,3,4499.807483230088,True
geometry_early_optical_clear_probe,3790070024,4,5203.513779674882,True
geometry_early_optical_clear_probe,3790070024,2,5209.513779674882,True
geometry_early_optical_clear_probe,3790070024,16,5830.504778031015,True
geometry_early_optical_clear_probe,3790070024,6,7019.069551348723,True
geometry_early_optical_clear_probe,3790070024,8,8075.055549511874,True
geometry_early_optical_clear_probe,3660199027,7,41.0,True
geometry_early_optical_clear_probe,3660199027,10,59.0,True
geometry_early_optical_clear_probe,3660199027,19,113.0,True
geometry_early_optical_clear_probe,3660199027,12,318.2,True
geometry_early_optical_clear_probe,3660199027,17,945.0812416643463,True
geometry_early_optical_clear_probe,3660199027,14,963.0812416643463,True
geometry_early_optical_clear_probe,3660199027,3,1198.2812416643462,True
geometry_early_optical_clear_probe,3660199027,4,1204.2812416643462,True
geometry_early_optical_clear_probe,3660199027,9,1526.7700095452267,True
geometry_early_optical_clear_probe,3660199027,1,3898.3162266400245,True
geometry_early_optical_clear_probe,3660199027,18,4272.716226640024,True
geometry_early_optical_clear_probe,3660199027,15,5666.755869421664,True
geometry_early_optical_clear_probe,308181401,7,41.0,True
geometry_early_optical_clear_probe,308181401,19,113.0,True
geometry_early_optical_clear_probe,308181401,20,270.2,True
geometry_early_optical_clear_probe,308181401,12,318.2,True
geometry_early_optical_clear_probe,308181401,2,378.2,True
geometry_early_optical_clear_probe,308181401,17,631.4,True
geometry_early_optical_clear_probe,308181401,11,823.8580691417525,True
geometry_early_optical_clear_probe,308181401,10,829.8580691417525,True
geometry_early_optical_clear_probe,308181401,1,3571.1664009728274,True
geometry_early_optical_clear_probe,308181401,4,4205.811460696827,True
geometry_early_optical_clear_probe,308181401,5,4211.811460696827,True
geometry_early_optical_clear_probe,308181401,14,4247.811460696827,True
geometry_early_optical_clear_probe,308181401,16,6184.991411082351,True
geometry_early_optical_clear_probe,308181401,3,6232.991411082351,True
geometry_early_optical_clear_probe,3525989660,5,29.0,True
geometry_early_optical_clear_probe,3525989660,15,300.2,True
geometry_early_optical_clear_probe,3525989660,8,342.2,True
geometry_early_optical_clear_probe,3525989660,6,354.2,True
geometry_early_optical_clear_probe,3525989660,4,366.2,True
geometry_early_optical_clear_probe,3525989660,7,571.4,True
geometry_early_optical_clear_probe,3525989660,16,1015.7327520124139,True
geometry_early_optical_clear_probe,3525989660,14,1021.7327520124139,True
geometry_early_optical_clear_probe,3525989660,10,1280.932752012414,True
geometry_early_optical_clear_probe,3525989660,11,1286.932752012414,True
geometry_early_optical_clear_probe,3525989660,18,4888.493545726731,True
geometry_early_optical_clear_probe,3525989660,13,6546.604191985086,True
geometry_early_optical_clear_probe,3525989660,9,7483.303669343956,True
geometry_early_optical_clear_probe,2197058077,1,5.0,True
geometry_early_optical_clear_probe,2197058077,2,11.0,True
geometry_early_optical_clear_probe,2197058077,5,29.0,True
geometry_early_optical_clear_probe,2197058077,7,41.0,True
geometry_early_optical_clear_probe,2197058077,11,65.0,True
geometry_early_optical_clear_probe,2197058077,12,71.0,True
geometry_early_optical_clear_probe,2197058077,17,101.0,True
geometry_early_optical_clear_probe,2197058077,18,107.0,True
geometry_early_optical_clear_probe,2197058077,10,330.2,True
geometry_early_optical_clear_probe,2197058077,20,3433.2325531497636,True
geometry_early_optical_clear_probe,2197058077,13,3897.632553149763,True
geometry_early_optical_clear_probe,4221376018,1,5.0,True
geometry_early_optical_clear_probe,4221376018,5,29.0,True
geometry_early_optical_clear_probe,4221376018,10,59.0,True
geometry_early_optical_clear_probe,4221376018,11,65.0,True
geometry_early_optical_clear_probe,4221376018,16,95.0,True
geometry_early_optical_clear_probe,4221376018,19,276.2,True
geometry_early_optical_clear_probe,4221376018,2,1296.7043668329536,True
geometry_early_optical_clear_probe,4221376018,20,2033.3043668329537,True
geometry_early_optical_clear_probe,4221376018,3,2268.5043668329536,True
geometry_early_optical_clear_probe,4221376018,8,3054.8315593102247,True
geometry_early_optical_clear_probe,4221376018,12,3072.8315593102247,True
geometry_early_optical_clear_probe,4221376018,9,3910.8812260127816,True
geometry_early_optical_clear_probe,4221376018,13,3928.8812260127816,True
geometry_early_optical_clear_probe,4221376018,7,4800.222006614948,True
geometry_early_optical_clear_probe,4221376018,17,6236.754132862341,True
geometry_early_optical_clear_probe,4221376018,14,6417.954132862341,True
geometry_early_optical_clear_probe,3220407065,2,11.0,True
geometry_early_optical_clear_probe,3220407065,6,35.0,True
geometry_early_optical_clear_probe,3220407065,15,89.0,True
geometry_early_optical_clear_probe,3220407065,9,336.2,True
geometry_early_optical_clear_probe,3220407065,4,1052.3393117385763,True
geometry_early_optical_clear_probe,3220407065,10,1088.3393117385763,True
geometry_early_optical_clear_probe,3220407065,13,1106.3393117385763,True
geometry_early_optical_clear_probe,3220407065,19,1636.7393117385764,True
geometry_early_optical_clear_probe,3220407065,1,3198.8932379907824,True
geometry_early_optical_clear_probe,3220407065,12,3240.8932379907824,True
geometry_early_optical_clear_probe,3220407065,14,3991.5368843283486,True
geometry_early_optical_clear_probe,3220407065,5,4033.5368843283486,True
geometry_early_optical_clear_probe,3220407065,7,5737.7803589443465,True
geometry_early_optical_clear_probe,701206675,1,5.0,True
geometry_early_optical_clear_probe,701206675,2,11.0,True
geometry_early_optical_clear_probe,701206675,4,23.0,True
geometry_early_optical_clear_probe,701206675,5,29.0,True
geometry_early_optical_clear_probe,701206675,7,41.0,True
geometry_early_optical_clear_probe,701206675,9,53.0,True
geometry_early_optical_clear_probe,701206675,10,59.0,True
geometry_early_optical_clear_probe,701206675,20,119.0,True
geometry_early_optical_clear_probe,701206675,8,1015.7953754271471,True
geometry_early_optical_clear_probe,701206675,17,2195.69529380141,True
geometry_early_optical_clear_probe,701206675,11,2466.89529380141,True
geometry_early_optical_clear_probe,701206675,18,4013.7917117031,True
geometry_early_optical_clear_probe,701206675,3,4582.698041117639,True
geometry_early_optical_clear_probe,701206675,12,4817.898041117639,True
geometry_early_optical_clear_probe,701206675,13,5441.835394304301,True
geometry_early_optical_clear_probe,701206675,16,7639.678084488837,True
geometry_early_optical_clear_probe,1100237368,3,17.0,True
geometry_early_optical_clear_probe,1100237368,11,65.0,True
geometry_early_optical_clear_probe,1100237368,19,276.2,True
geometry_early_optical_clear_probe,1100237368,5,559.4,True
geometry_early_optical_clear_probe,1100237368,12,601.4,True
geometry_early_optical_clear_probe,1100237368,16,625.4,True
geometry_early_optical_clear_probe,1100237368,18,3887.104208577512,True
geometry_early_optical_clear_probe,1100237368,2,3953.104208577512,True
geometry_early_optical_clear_probe,1100237368,1,3959.104208577512,True
geometry_early_optical_clear_probe,1100237368,6,6074.261511871013,True
geometry_early_optical_clear_probe,1100237368,4,6339.461511871013,True
geometry_early_optical_clear_probe,1100237368,9,7658.932194047784,True
geometry_early_optical_clear_probe,1109343533,1,5.0,True
geometry_early_optical_clear_probe,1109343533,8,47.0,True
geometry_early_optical_clear_probe,1109343533,12,71.0,True
geometry_early_optical_clear_probe,1109343533,2,378.2,True
geometry_early_optical_clear_probe,1109343533,19,643.4,True
geometry_early_optical_clear_probe,1109343533,14,1025.0522946312901,True
geometry_early_optical_clear_probe,1109343533,4,1085.0522946312901,True
geometry_early_optical_clear_probe,1109343533,6,2352.6791675584573,True
geometry_early_optical_clear_probe,1109343533,20,2569.879167558457,True
geometry_early_optical_clear_probe,1109343533,13,2605.879167558457,True
geometry_early_optical_clear_probe,1109343533,15,3779.790251527565,True
geometry_early_optical_clear_probe,1109343533,3,6003.3601162875175,True
geometry_early_optical_clear_probe,2846706010,3,17.0,True
geometry_early_optical_clear_probe,2846706010,13,77.0,True
geometry_early_optical_clear_probe,2846706010,16,95.0,True
geometry_early_optical_clear_probe,2846706010,12,318.2,True
geometry_early_optical_clear_probe,2846706010,1,907.6784692539277,True
geometry_early_optical_clear_probe,2846706010,11,2205.157240320371,True
geometry_early_optical_clear_probe,2846706010,6,2946.7572403203703,True
geometry_early_optical_clear_probe,2846706010,19,3199.95724032037,True
geometry_early_optical_clear_probe,2846706010,7,5502.3844636622525,True
geometry_early_optical_clear_probe,2846706010,10,6726.7344589007125,True
geometry_early_optical_clear_probe,2846706010,8,7763.472293515415,True
geometry_early_optical_clear_probe,488864986,11,65.0,True
geometry_early_optical_clear_probe,488864986,20,119.0,True
geometry_early_optical_clear_probe,488864986,12,318.2,True
geometry_early_optical_clear_probe,488864986,2,378.2,True
geometry_early_optical_clear_probe,488864986,18,812.5999999999999,True
geometry_early_optical_clear_probe,488864986,7,872.5999999999999,True
geometry_early_optical_clear_probe,488864986,9,1092.3657211915793,True
geometry_early_optical_clear_probe,488864986,5,1378.5454227119617,True
geometry_early_optical_clear_probe,488864986,1,3066.131323221652,True
geometry_early_optical_clear_probe,488864986,6,3879.450004061094,True
geometry_early_optical_clear_probe,488864986,8,4060.650004061094,True
geometry_early_optical_clear_probe,488864986,14,4513.050004061093,True
geometry_early_optical_clear_probe,488864986,15,4519.050004061093,True
geometry_early_optical_clear_probe,488864986,3,4971.869298394646,True
geometry_early_optical_clear_probe,488864986,4,4977.869298394646,True
geometry_early_optical_clear_probe,1730819177,13,77.0,True
geometry_early_optical_clear_probe,1730819177,19,113.0,True
geometry_early_optical_clear_probe,1730819177,4,366.2,True
geometry_early_optical_clear_probe,1730819177,9,583.4,True
geometry_early_optical_clear_probe,1730819177,18,637.4,True
geometry_early_optical_clear_probe,1730819177,15,1600.5960556218076,True
geometry_early_optical_clear_probe,1730819177,7,2030.9726927856314,True
geometry_early_optical_clear_probe,1730819177,8,2308.172692785631,True
geometry_early_optical_clear_probe,1730819177,17,5144.998111014616,True
geometry_early_optical_clear_probe,1730819177,14,5868.598111014616,True
geometry_early_optical_clear_probe,1730819177,12,6081.142576058823,True
geometry_early_optical_clear_probe,1730819177,2,6123.142576058823,True
geometry_early_optical_clear_probe,1730819177,11,6580.420620672461,True
geometry_early_optical_clear_probe,1730819177,16,7663.371562857669,True
geometry_early_optical_clear_probe,164094139,5,29.0,True
geometry_early_optical_clear_probe,164094139,12,71.0,True
geometry_early_optical_clear_probe,164094139,14,83.0,True
geometry_early_optical_clear_probe,164094139,18,107.0,True
geometry_early_optical_clear_probe,164094139,1,384.2,True
geometry_early_optical_clear_probe,164094139,8,577.4,True
geometry_early_optical_clear_probe,164094139,20,649.4,True
geometry_early_optical_clear_probe,164094139,4,1940.715093069505,True
geometry_early_optical_clear_probe,164094139,11,2410.5055214547547,True
geometry_early_optical_clear_probe,164094139,7,2639.7055214547545,True
geometry_early_optical_clear_probe,164094139,10,2651.7055214547545,True
geometry_early_optical_clear_probe,164094139,15,3831.9174843019687,True
geometry_early_optical_clear_probe,164094139,16,5051.011148177536,True
geometry_early_optical_clear_probe,164094139,13,6327.135360499521,True
geometry_early_optical_clear_probe,164094139,17,6695.535360499521,True
geometry_early_optical_clear_probe,164094139,9,7014.717533950287,True
geometry_early_optical_clear_probe,3849854887,6,35.0,True
geometry_early_optical_clear_probe,3849854887,11,65.0,True
geometry_early_optical_clear_probe,3849854887,15,300.2,True
geometry_early_optical_clear_probe,3849854887,12,318.2,True
geometry_early_optical_clear_probe,3849854887,10,330.2,True
geometry_early_optical_clear_probe,3849854887,1,535.4,True
geometry_early_optical_clear_probe,3849854887,13,1132.1619744193385,True
geometry_early_optical_clear_probe,3849854887,17,1156.1619744193385,True
geometry_early_optical_clear_probe,3849854887,16,1354.828905478454,True
geometry_early_optical_clear_probe,3849854887,7,1396.828905478454,True
geometry_early_optical_clear_probe,3849854887,14,2459.9531850739145,True
geometry_early_optical_clear_probe,3849854887,4,2801.75555372272,True
geometry_early_optical_clear_probe,3849854887,18,3296.1555537227196,True
geometry_early_optical_clear_probe,3849854887,5,4134.955553722719,True
geometry_early_optical_clear_probe,556690791,15,300.2,True
geometry_early_optical_clear_probe,556690791,10,330.2,True
geometry_early_optical_clear_probe,556690791,1,384.2,True
geometry_early_optical_clear_probe,556690791,2,541.4,True
geometry_early_optical_clear_probe,556690791,5,559.4,True
geometry_early_optical_clear_probe,556690791,13,607.4,True
geometry_early_optical_clear_probe,556690791,7,878.5999999999999,True
geometry_early_optical_clear_probe,556690791,3,1060.8,True
geometry_early_optical_clear_probe,556690791,11,2095.832100804675,True
geometry_early_optical_clear_probe,556690791,4,3913.8334976773967,True
geometry_early_optical_clear_probe,639107002,6,35.0,True
geometry_early_optical_clear_probe,639107002,15,89.0,True
geometry_early_optical_clear_probe,639107002,16,95.0,True
geometry_early_optical_clear_probe,639107002,20,119.0,True
geometry_early_optical_clear_probe,639107002,4,366.2,True
geometry_early_optical_clear_probe,639107002,3,372.2,True
geometry_early_optical_clear_probe,639107002,2,378.2,True
geometry_early_optical_clear_probe,639107002,18,1611.4664971314937,True
geometry_early_optical_clear_probe,639107002,7,4083.4664971314924,True
geometry_early_optical_clear_probe,639107002,1,7750.670309322125,True
geometry_early_optical_clear_probe,639107002,12,7937.870309322125,True
geometry_early_optical_clear_probe,3538928460,1,5.0,True
geometry_early_optical_clear_probe,3538928460,4,23.0,True
geometry_early_optical_clear_probe,3538928460,13,77.0,True
geometry_early_optical_clear_probe,3538928460,9,336.2,True
geometry_early_optical_clear_probe,3538928460,6,1368.5654668948164,True
geometry_early_optical_clear_probe,3538928460,7,1374.5654668948164,True
geometry_early_optical_clear_probe,3538928460,19,1597.7654668948164,True
geometry_early_optical_clear_probe,3538928460,15,1621.7654668948164,True
geometry_early_optical_clear_probe,3538928460,16,1997.7071520786071,True
geometry_early_optical_clear_probe,3538928460,12,2371.550870428149,True
geometry_early_optical_clear_probe,3538928460,10,2383.550870428149,True
geometry_early_optical_clear_probe,3538928460,14,5826.300216139396,True
geometry_early_optical_clear_probe,4123971691,3,17.0,True
geometry_early_optical_clear_probe,4123971691,7,41.0,True
geometry_early_optical_clear_probe,4123971691,8,47.0,True
geometry_early_optical_clear_probe,4123971691,9,53.0,True
geometry_early_optical_clear_probe,4123971691,20,119.0,True
geometry_early_optical_clear_probe,4123971691,6,354.2,True
geometry_early_optical_clear_probe,4123971691,14,1742.5628690341036,True
geometry_early_optical_clear_probe,4123971691,2,2469.9364897626047,True
geometry_early_optical_clear_probe,4123971691,11,2731.8997046789887,True
geometry_early_optical_clear_probe,4123971691,1,6593.022301041218,True
geometry_early_optical_clear_probe,1738365609,6,35.0,True
geometry_early_optical_clear_probe,1738365609,11,65.0,True
geometry_early_optical_clear_probe,1738365609,7,348.2,True
geometry_early_optical_clear_probe,1738365609,5,360.2,True
geometry_early_optical_clear_probe,1738365609,19,1782.386894129137,True
geometry_early_optical_clear_probe,1738365609,12,2682.485514159642,True
geometry_early_optical_clear_probe,1738365609,16,2706.485514159642,True
geometry_early_optical_clear_probe,1738365609,20,2875.685514159642,True
geometry_early_optical_clear_probe,1738365609,15,2899.685514159642,True
geometry_early_optical_clear_probe,1738365609,9,7816.683379997397,True
geometry_early_optical_clear_probe,2717742159,9,53.0,True
geometry_early_optical_clear_probe,2717742159,10,59.0,True
geometry_early_optical_clear_probe,2717742159,13,77.0,True
geometry_early_optical_clear_probe,2717742159,1,384.2,True
geometry_early_optical_clear_probe,2717742159,8,545.0672857154653,True
geometry_early_optical_clear_probe,2717742159,18,809.481316729853,True
geometry_early_optical_clear_probe,2717742159,15,1122.681316729853,True
geometry_early_optical_clear_probe,2717742159,2,1563.0813167298531,True
geometry_early_optical_clear_probe,2717742159,17,1641.0813167298531,True
geometry_early_optical_clear_probe,2717742159,4,2098.1634235677107,True
geometry_early_optical_clear_probe,2717742159,11,2943.965744916236,True
geometry_early_optical_clear_probe,2717742159,16,5044.9009552021835,True
geometry_early_optical_clear_probe,2717742159,5,7048.603377321717,True
geometry_early_optical_clear_probe,441619765,4,23.0,True
geometry_early_optical_clear_probe,441619765,10,59.0,True
geometry_early_optical_clear_probe,441619765,19,113.0,True
geometry_early_optical_clear_probe,441619765,20,270.2,True
geometry_early_optical_clear_probe,441619765,16,294.2,True
geometry_early_optical_clear_probe,441619765,8,342.2,True
geometry_early_optical_clear_probe,441619765,2,378.2,True
geometry_early_optical_clear_probe,441619765,13,601.4,True
geometry_early_optical_clear_probe,441619765,7,2973.2760050435936,True
geometry_early_optical_clear_probe,441619765,17,4291.155707354188,True
geometry_early_optical_clear_probe,441619765,11,4321.155707354188,True
geometry_early_optical_clear_probe,441619765,9,4333.155707354188,True
geometry_early_optical_clear_probe,441619765,5,4809.555707354188,True
geometry_early_optical_clear_probe,441619765,3,4978.7557073541875,True
geometry_early_optical_clear_probe,2036588680,10,59.0,True
geometry_early_optical_clear_probe,2036588680,13,77.0,True
geometry_early_optical_clear_probe,2036588680,14,83.0,True
geometry_early_optical_clear_probe,2036588680,20,119.0,True
geometry_early_optical_clear_probe,2036588680,5,360.2,True
geometry_early_optical_clear_probe,2036588680,9,1333.5123482885208,True
geometry_early_optical_clear_probe,2036588680,4,1702.8463292388678,True
geometry_early_optical_clear_probe,2036588680,17,1762.8463292388678,True
geometry_early_optical_clear_probe,2036588680,11,1962.0463292388679,True
geometry_early_optical_clear_probe,2036588680,2,3779.2002642113553,True
geometry_early_optical_clear_probe,2036588680,8,5152.629268511112,True
geometry_early_optical_clear_probe,2036588680,16,6759.212166590285,True
geometry_early_optical_clear_probe,2961967478,20,119.0,True
geometry_early_optical_clear_probe,2961967478,6,354.2,True
geometry_early_optical_clear_probe,2961967478,5,360.2,True
geometry_early_optical_clear_probe,2961967478,2,378.2,True
geometry_early_optical_clear_probe,2961967478,4,974.5176640339197,True
geometry_early_optical_clear_probe,2961967478,10,1269.7176640339196,True
geometry_early_optical_clear_probe,2961967478,16,1549.48857532638,True
geometry_early_optical_clear_probe,2961967478,17,1555.48857532638,True
geometry_early_optical_clear_probe,2961967478,9,6103.197430082791,True
geometry_early_optical_clear_probe,2961967478,8,7938.761625795737,True
geometry_early_optical_clear_probe,2045678059,20,119.0,True
geometry_early_optical_clear_probe,2045678059,9,1644.2,True
geometry_early_optical_clear_probe,2045678059,15,1680.2,True
geometry_early_optical_clear_probe,2045678059,5,1951.4,True
geometry_early_optical_clear_probe,2045678059,1,2519.468858219843,True
geometry_early_optical_clear_probe,2045678059,18,2766.6688582198426,True
geometry_early_optical_clear_probe,2045678059,2,5241.32183614907,True
geometry_early_optical_clear_probe,2045678059,14,5669.034844938857,True
geometry_early_optical_clear_probe,2045678059,6,7957.719648313753,True
geometry_early_optical_clear_probe,2045678059,16,8174.919648313753,True
geometry_early_optical_clear_probe,3236805350,2,11.0,True
geometry_early_optical_clear_probe,3236805350,10,59.0,True
geometry_early_optical_clear_probe,3236805350,9,336.2,True
geometry_early_optical_clear_probe,3236805350,15,641.1979171411073,True
geometry_early_optical_clear_probe,3236805350,20,843.1528142664449,True
geometry_early_optical_clear_probe,3236805350,18,855.1528142664449,True
geometry_early_optical_clear_probe,3236805350,14,1529.3849651993196,True
geometry_early_optical_clear_probe,3236805350,6,1571.3849651993196,True
geometry_early_optical_clear_probe,3236805350,5,6129.7707709066135,True
geometry_early_optical_clear_probe,3236805350,8,6388.970770906613,True
geometry_early_optical_clear_probe,3236805350,7,6594.170770906613,True
geometry_early_optical_clear_probe,3236805350,17,6811.370770906613,True
geometry_early_optical_clear_probe,612763111,7,41.0,True
geometry_early_optical_clear_probe,612763111,13,77.0,True
geometry_early_optical_clear_probe,612763111,19,113.0,True
geometry_early_optical_clear_probe,612763111,14,306.2,True
geometry_early_optical_clear_probe,612763111,11,324.2,True
geometry_early_optical_clear_probe,612763111,1,1019.7798590822013,True
geometry_early_optical_clear_probe,612763111,16,1290.9798590822013,True
geometry_early_optical_clear_probe,612763111,9,1320.9798590822013,True
geometry_early_optical_clear_probe,612763111,8,1326.9798590822013,True
geometry_early_optical_clear_probe,612763111,6,1332.9798590822013,True
geometry_early_optical_clear_probe,612763111,10,5744.922617780712,True
geometry_early_optical_clear_probe,612763111,5,5756.922617780712,True
geometry_early_optical_clear_probe,1791877828,6,35.0,True
geometry_early_optical_clear_probe,1791877828,13,77.0,True
geometry_early_optical_clear_probe,1791877828,14,83.0,True
geometry_early_optical_clear_probe,1791877828,17,101.0,True
geometry_early_optical_clear_probe,1791877828,19,113.0,True
geometry_early_optical_clear_probe,1791877828,7,510.50003912017837,True
geometry_early_optical_clear_probe,1791877828,18,1595.142076101037,True
geometry_early_optical_clear_probe,1791877828,3,1830.342076101037,True
geometry_early_optical_clear_probe,1791877828,16,2184.7720763864495,True
geometry_early_optical_clear_probe,1791877828,15,3208.876870294184,True
geometry_early_optical_clear_probe,1791877828,9,4213.085186321188,True
geometry_early_optical_clear_probe,1791877828,4,7103.342407112015,True
geometry_early_optical_clear_probe,2156546994,1,5.0,True
geometry_early_optical_clear_probe,2156546994,2,11.0,True
geometry_early_optical_clear_probe,2156546994,8,47.0,True
geometry_early_optical_clear_probe,2156546994,14,83.0,True
geometry_early_optical_clear_probe,2156546994,18,107.0,True
geometry_early_optical_clear_probe,2156546994,13,595.4,True
geometry_early_optical_clear_probe,2156546994,16,613.4,True
geometry_early_optical_clear_probe,2156546994,17,619.4,True
geometry_early_optical_clear_probe,2156546994,3,2065.6538281912026,True
geometry_early_optical_clear_probe,2156546994,5,2891.8071870994277,True
geometry_early_optical_clear_probe,2156546994,19,3284.1924321006754,True
geometry_early_optical_clear_probe,2156546994,9,3326.1924321006754,True
geometry_early_optical_clear_probe,2156546994,11,3485.269316638153,True
geometry_early_optical_clear_probe,2156546994,20,3521.269316638153,True
geometry_early_optical_clear_probe,2156546994,15,6246.644307242297,True
geometry_early_optical_clear_probe,2156546994,6,6670.441536329368,True
geometry_early_optical_clear_probe,3433708135,3,17.0,True
geometry_early_optical_clear_probe,3433708135,13,77.0,True
geometry_early_optical_clear_probe,3433708135,14,83.0,True
geometry_early_optical_clear_probe,3433708135,20,119.0,True
geometry_early_optical_clear_probe,3433708135,19,276.2,True
geometry_early_optical_clear_probe,3433708135,15,300.2,True
geometry_early_optical_clear_probe,3433708135,6,354.2,True
geometry_early_optical_clear_probe,3433708135,16,625.4,True
geometry_early_optical_clear_probe,3433708135,10,1634.1285483059587,True
geometry_early_optical_clear_probe,3433708135,1,2029.9365818290773,True
geometry_early_optical_clear_probe,3433708135,17,3296.8230788811775,True
geometry_early_optical_clear_probe,3433708135,12,6018.911525682754,True
geometry_early_optical_clear_probe,3433708135,2,7800.58993762983,True
geometry_early_optical_clear_probe,3318498941,12,71.0,True
geometry_early_optical_clear_probe,3318498941,8,342.2,True
geometry_early_optical_clear_probe,3318498941,6,354.2,True
geometry_early_optical_clear_probe,3318498941,7,901.8533019229516,True
geometry_early_optical_clear_probe,3318498941,2,1089.0533019229515,True
geometry_early_optical_clear_probe,3318498941,5,1107.0533019229515,True
geometry_early_optical_clear_probe,3318498941,19,1185.0533019229515,True
geometry_early_optical_clear_probe,3318498941,14,2401.507239544015,True
geometry_early_optical_clear_probe,3318498941,18,2425.507239544015,True
geometry_early_optical_clear_probe,3318498941,15,3541.5072395440143,True
geometry_early_optical_clear_probe,3318498941,10,3794.707239544014,True
geometry_early_optical_clear_probe,3318498941,16,3818.707239544014,True
geometry_early_optical_clear_probe,3318498941,3,4378.226844844903,True
geometry_early_optical_clear_probe,3318498941,13,5360.872235141407,True
geometry_early_optical_clear_probe,3318498941,17,6087.6107754960285,True
geometry_early_optical_clear_probe,898100555,1,5.0,True
geometry_early_optical_clear_probe,898100555,7,41.0,True
geometry_early_optical_clear_probe,898100555,20,119.0,True
geometry_early_optical_clear_probe,898100555,6,354.2,True
geometry_early_optical_clear_probe,898100555,2,541.4,True
geometry_early_optical_clear_probe,898100555,12,601.4,True
geometry_early_optical_clear_probe,898100555,18,637.4,True
geometry_early_optical_clear_probe,898100555,8,872.5999999999999,True
geometry_early_optical_clear_probe,898100555,14,1573.6107713543015,True
geometry_early_optical_clear_probe,898100555,13,1814.8107713543016,True
geometry_early_optical_clear_probe,898100555,15,2099.1509151401324,True
geometry_early_optical_clear_probe,898100555,4,2304.350915140132,True
geometry_early_optical_clear_probe,898100555,3,2593.550915140132,True
geometry_early_optical_clear_probe,898100555,17,2979.9509151401317,True
geometry_early_optical_clear_probe,898100555,16,2985.9509151401317,True
geometry_early_optical_clear_probe,898100555,10,3009.9509151401317,True
geometry_early_optical_clear_probe,3009392627,9,53.0,True
geometry_early_optical_clear_probe,3009392627,8,342.2,True
geometry_early_optical_clear_probe,3009392627,4,366.2,True
geometry_early_optical_clear_probe,3009392627,13,955.3136372614495,True
geometry_early_optical_clear_probe,3009392627,7,979.3136372614495,True
geometry_early_optical_clear_probe,3009392627,2,1172.5136372614495,True
geometry_early_optical_clear_probe,3009392627,19,1425.7136372614495,True
geometry_early_optical_clear_probe,3009392627,5,1485.7136372614495,True
geometry_early_optical_clear_probe,3009392627,14,1708.9136372614496,True
geometry_early_optical_clear_probe,3009392627,18,1732.9136372614496,True
geometry_early_optical_clear_probe,3009392627,20,2387.1748021640037,True
geometry_early_optical_clear_probe,3009392627,10,2429.1748021640037,True
geometry_early_optical_clear_probe,3009392627,17,5066.462049971035,True
geometry_early_optical_clear_probe,3009392627,11,6979.872052504748,True
geometry_early_optical_clear_probe,3744084205,1,5.0,True
geometry_early_optical_clear_probe,3744084205,5,29.0,True
geometry_early_optical_clear_probe,3744084205,6,35.0,True
geometry_early_optical_clear_probe,3744084205,10,59.0,True
geometry_early_optical_clear_probe,3744084205,17,288.2,True
geometry_early_optical_clear_probe,3744084205,14,953.120414560818,True
geometry_early_optical_clear_probe,3744084205,8,1599.5388001385954,True
geometry_early_optical_clear_probe,3744084205,16,2750.8097515882782,True
geometry_early_optical_clear_probe,3744084205,7,3468.4097515882777,True
geometry_early_optical_clear_probe,3744084205,11,3480.4097515882777,True
geometry_early_optical_clear_probe,3744084205,13,3492.4097515882777,True
geometry_early_optical_clear_probe,3744084205,20,3522.4097515882777,True
geometry_early_optical_clear_probe,3744084205,3,3920.8097515882773,True
geometry_early_optical_clear_probe,3744084205,4,3926.8097515882773,True
geometry_early_optical_clear_probe,3744084205,2,8209.136150674982,True
geometry_early_optical_clear_probe,3744084205,19,8969.48238186596,True
geometry_early_optical_clear_probe,2307443942,11,65.0,True
geometry_early_optical_clear_probe,2307443942,17,101.0,True
geometry_early_optical_clear_probe,2307443942,18,107.0,True
geometry_early_optical_clear_probe,2307443942,16,294.2,True
geometry_early_optical_clear_probe,2307443942,4,366.2,True
geometry_early_optical_clear_probe,2307443942,1,384.2,True
geometry_early_optical_clear_probe,2307443942,20,649.4,True
geometry_early_optical_clear_probe,2307443942,15,1232.2270700471183,True
geometry_early_optical_clear_probe,2307443942,19,1250.2270700471183,True
geometry_early_optical_clear_probe,2307443942,5,1861.9991092192597,True
geometry_early_optical_clear_probe,2307443942,2,2007.6384402859057,True
geometry_early_optical_clear_probe,2307443942,7,3180.61797650465,True
geometry_early_optical_clear_probe,2307443942,12,5777.222874135108,True
geometry_early_optical_clear_probe,2307443942,3,6532.0228741351075,True
geometry_early_optical_clear_probe,348774509,3,17.0,True
geometry_early_optical_clear_probe,348774509,5,29.0,True
geometry_early_optical_clear_probe,348774509,11,65.0,True
geometry_early_optical_clear_probe,348774509,18,107.0,True
geometry_early_optical_clear_probe,348774509,15,300.2,True
geometry_early_optical_clear_probe,348774509,12,318.2,True
geometry_early_optical_clear_probe,348774509,2,378.2,True
geometry_early_optical_clear_probe,348774509,14,830.5999999999999,True
geometry_early_optical_clear_probe,348774509,8,866.5999999999999,True
geometry_early_optical_clear_probe,348774509,6,2894.817919831359,True
geometry_early_optical_clear_probe,348774509,9,2906.817919831359,True
geometry_early_optical_clear_probe,348774509,10,3123.020580910438,True
geometry_early_optical_clear_probe,348774509,7,3351.5650588400676,True
geometry_early_optical_clear_probe,348774509,17,3381.5650588400676,True
geometry_early_optical_clear_probe,348774509,20,6089.644430610332,True
geometry_early_optical_clear_probe,348774509,19,7929.528787959564,True
geometry_early_optical_clear_probe,1863178786,10,59.0,True
geometry_early_optical_clear_probe,1863178786,12,71.0,True
geometry_early_optical_clear_probe,1863178786,14,83.0,True
geometry_early_optical_clear_probe,1863178786,17,101.0,True
geometry_early_optical_clear_probe,1863178786,11,324.2,True
geometry_early_optical_clear_probe,1863178786,5,360.2,True
geometry_early_optical_clear_probe,1863178786,7,1385.0,True
geometry_early_optical_clear_probe,1863178786,20,1736.2602406863518,True
geometry_early_optical_clear_probe,1863178786,13,1766.2602406863518,True
geometry_early_optical_clear_probe,1863178786,2,1983.4602406863519,True
geometry_early_optical_clear_probe,1863178786,19,2061.460240686352,True
geometry_early_optical_clear_probe,1863178786,3,2778.482794658501,True
geometry_early_optical_clear_probe,1863178786,1,2784.482794658501,True
geometry_early_optical_clear_probe,1863178786,15,3103.45696473227,True
geometry_early_optical_clear_probe,1863178786,9,3488.0063359555047,True
geometry_early_optical_clear_probe,176669034,5,29.0,True
geometry_early_optical_clear_probe,176669034,7,41.0,True
geometry_early_optical_clear_probe,176669034,15,89.0,True
geometry_early_optical_clear_probe,176669034,18,107.0,True
geometry_early_optical_clear_probe,176669034,19,113.0,True
geometry_early_optical_clear_probe,176669034,20,270.2,True
geometry_early_optical_clear_probe,176669034,9,336.2,True
geometry_early_optical_clear_probe,176669034,3,547.4,True
geometry_early_optical_clear_probe,176669034,2,1427.087810506814,True
geometry_early_optical_clear_probe,176669034,4,2427.018982131043,True
geometry_early_optical_clear_probe,176669034,17,3224.271227683266,True
geometry_early_optical_clear_probe,176669034,12,3371.76118661992,True
geometry_early_optical_clear_probe,176669034,16,5826.357149907713,True
geometry_early_optical_clear_probe,176669034,6,7577.406913306163,True
geometry_early_optical_clear_probe,2790285540,8,47.0,True
geometry_early_optical_clear_probe,2790285540,13,77.0,True
geometry_early_optical_clear_probe,2790285540,19,1173.8,True
geometry_early_optical_clear_probe,2790285540,18,1896.4785368560729,True
geometry_early_optical_clear_probe,2790285540,5,2137.6785368560727,True
geometry_early_optical_clear_probe,2790285540,1,3641.5390596896195,True
geometry_early_optical_clear_probe,2790285540,6,3948.7390596896194,True
geometry_early_optical_clear_probe,2790285540,14,4464.179590657609,True
geometry_early_optical_clear_probe,2790285540,3,4700.80490479644,True
geometry_early_optical_clear_probe,2790285540,4,4706.80490479644,True
geometry_early_optical_clear_probe,2790285540,17,4760.80490479644,True
geometry_early_optical_clear_probe,2790285540,20,5258.984022783834,True
geometry_early_optical_clear_probe,2790285540,15,5994.041502301837,True
geometry_early_optical_clear_probe,2790285540,2,6030.041502301837,True
geometry_early_optical_clear_probe,3937344914,6,35.0,True
geometry_early_optical_clear_probe,3937344914,8,47.0,True
geometry_early_optical_clear_probe,3937344914,17,101.0,True
geometry_early_optical_clear_probe,3937344914,19,113.0,True
geometry_early_optical_clear_probe,3937344914,13,522.5207103488781,True
geometry_early_optical_clear_probe,3937344914,14,737.0313055019519,True
geometry_early_optical_clear_probe,3937344914,7,1274.7335282104941,True
geometry_early_optical_clear_probe,3937344914,4,1286.7335282104941,True
geometry_early_optical_clear_probe,3937344914,11,3995.6926471887928,True
geometry_early_optical_clear_probe,3937344914,18,6285.052384268589,True
geometry_early_optical_clear_probe,3236079641,1,5.0,True
geometry_early_optical_clear_probe,3236079641,3,17.0,True
geometry_early_optical_clear_probe,3236079641,8,47.0,True
geometry_early_optical_clear_probe,3236079641,14,83.0,True
geometry_early_optical_clear_probe,3236079641,12,1081.5819076418384,True
geometry_early_optical_clear_probe,3236079641,6,1346.7819076418384,True
geometry_early_optical_clear_probe,3236079641,2,1370.7819076418384,True
geometry_early_optical_clear_probe,3236079641,13,1607.5412021754246,True
geometry_early_optical_clear_probe,3236079641,20,1643.5412021754246,True
geometry_early_optical_clear_probe,3236079641,18,1890.9313953803594,True
geometry_early_optical_clear_probe,3236079641,19,2674.8463518176677,True
geometry_early_optical_clear_probe,377725084,2,11.0,True
geometry_early_optical_clear_probe,377725084,4,23.0,True
geometry_early_optical_clear_probe,377725084,20,119.0,True
geometry_early_optical_clear_probe,377725084,14,306.2,True
geometry_early_optical_clear_probe,377725084,10,330.2,True
geometry_early_optical_clear_probe,377725084,8,342.2,True
geometry_early_optical_clear_probe,377725084,15,619.4,True
geometry_early_optical_clear_probe,377725084,11,945.0162000094665,True
geometry_early_optical_clear_probe,377725084,1,1179.7323714532497,True
geometry_early_optical_clear_probe,377725084,19,1893.1686768144132,True
geometry_early_optical_clear_probe,377725084,5,1971.1686768144132,True
geometry_early_optical_clear_probe,377725084,12,3037.0806548834375,True
geometry_early_optical_clear_probe,377725084,13,3907.326414703439,True
geometry_early_optical_clear_probe,377725084,9,5212.253574216725,True
geometry_early_optical_clear_probe,377725084,17,5610.437625044499,True
geometry_early_optical_clear_probe,781073650,18,282.2,True
geometry_early_optical_clear_probe,781073650,1,384.2,True
geometry_early_optical_clear_probe,781073650,11,595.4,True
geometry_early_optical_clear_probe,781073650,19,806.5999999999999,True
geometry_early_optical_clear_probe,781073650,6,1103.6419038599668,True
geometry_early_optical_clear_probe,781073650,14,1877.5662993107994,True
geometry_early_optical_clear_probe,781073650,13,2354.879497331681,True
geometry_early_optical_clear_probe,781073650,5,3267.2206491473185,True
geometry_early_optical_clear_probe,781073650,7,3924.820649147318,True
geometry_early_optical_clear_probe,781073650,8,4676.662068061022,True
geometry_early_optical_clear_probe,1034256746,6,35.0,True
geometry_early_optical_clear_probe,1034256746,17,101.0,True
geometry_early_optical_clear_probe,1034256746,16,294.2,True
geometry_early_optical_clear_probe,1034256746,5,3036.6387556716645,True
geometry_early_optical_clear_probe,1034256746,11,3066.6387556716645,True
geometry_early_optical_clear_probe,1034256746,13,3078.6387556716645,True
geometry_early_optical_clear_probe,1034256746,14,3283.8387556716643,True
geometry_early_optical_clear_probe,1034256746,12,4891.947414821145,True
geometry_early_optical_clear_probe,1034256746,4,5549.547414821144,True
geometry_early_optical_clear_probe,1034256746,15,5766.747414821144,True
geometry_early_optical_clear_probe,1034256746,19,6441.349901244136,True
geometry_early_optical_clear_probe,391581220,1,5.0,True
geometry_early_optical_clear_probe,391581220,2,11.0,True
geometry_early_optical_clear_probe,391581220,6,35.0,True
geometry_early_optical_clear_probe,391581220,7,41.0,True
geometry_early_optical_clear_probe,391581220,9,53.0,True
geometry_early_optical_clear_probe,391581220,20,614.0401183852146,True
geometry_early_optical_clear_probe,391581220,19,764.6104382440938,True
geometry_early_optical_clear_probe,391581220,10,1041.8104382440938,True
geometry_early_optical_clear_probe,391581220,17,1083.8104382440938,True
geometry_early_optical_clear_probe,391581220,18,1089.8104382440938,True
geometry_early_optical_clear_probe,391581220,11,4924.532121704021,True
geometry_early_optical_clear_probe,391581220,12,5907.201769668976,True
geometry_early_optical_clear_probe,391581220,3,6963.879300517686,True
geometry_early_optical_clear_probe,3917352961,1,5.0,True
geometry_early_optical_clear_probe,3917352961,5,29.0,True
geometry_early_optical_clear_probe,3917352961,7,41.0,True
geometry_early_optical_clear_probe,3917352961,9,53.0,True
geometry_early_optical_clear_probe,3917352961,11,65.0,True
geometry_early_optical_clear_probe,3917352961,20,119.0,True
geometry_early_optical_clear_probe,3917352961,8,342.2,True
geometry_early_optical_clear_probe,3917352961,4,366.2,True
geometry_early_optical_clear_probe,3917352961,17,631.4,True
geometry_early_optical_clear_probe,3917352961,14,3351.142413416319,True
geometry_early_optical_clear_probe,3917352961,10,6708.999988415403,True
geometry_early_optical_clear_probe,107937495,6,35.0,True
geometry_early_optical_clear_probe,107937495,7,41.0,True
geometry_early_optical_clear_probe,107937495,17,101.0,True
geometry_early_optical_clear_probe,107937495,5,360.2,True
geometry_early_optical_clear_probe,107937495,4,553.4,True
geometry_early_optical_clear_probe,107937495,16,1623.4099181916645,True
geometry_early_optical_clear_probe,107937495,14,2802.0909140268595,True
geometry_early_optical_clear_probe,107937495,20,3239.7539649869786,True
geometry_early_optical_clear_probe,107937495,8,3556.4694122106243,True
geometry_early_optical_clear_probe,107937495,13,3955.318690145057,True
geometry_early_optical_clear_probe,107937495,18,4142.518690145057,True
geometry_early_optical_clear_probe,107937495,3,4190.518690145057,True
geometry_early_optical_clear_probe,107937495,10,4383.718690145057,True
geometry_early_optical_clear_probe,107937495,12,4395.718690145057,True
geometry_early_optical_clear_probe,107937495,9,6502.599619847657,True
geometry_early_optical_clear_probe,107937495,19,7768.5024789760555,True
geometry_early_optical_clear_probe,2891815759,12,71.0,True
geometry_early_optical_clear_probe,2891815759,13,77.0,True
geometry_early_optical_clear_probe,2891815759,14,83.0,True
geometry_early_optical_clear_probe,2891815759,15,89.0,True
geometry_early_optical_clear_probe,2891815759,20,119.0,True
geometry_early_optical_clear_probe,2891815759,16,294.2,True
geometry_early_optical_clear_probe,2891815759,10,330.2,True
geometry_early_optical_clear_probe,2891815759,4,984.7153442613953,True
geometry_early_optical_clear_probe,2891815759,1,1496.0326526503368,True
geometry_early_optical_clear_probe,2891815759,17,2020.4326526503369,True
geometry_early_optical_clear_probe,2891815759,2,4124.15544738206,True
geometry_early_optical_clear_probe,2891815759,5,6690.73983319284,True
geometry_early_optical_clear_probe,2891815759,18,6726.73983319284,True
geometry_early_optical_clear_probe,2891815759,19,6732.73983319284,True
geometry_early_optical_clear_probe,2891815759,6,7300.339833192839,True
geometry_early_optical_clear_probe,3198327770,20,119.0,True
geometry_early_optical_clear_probe,3198327770,1,535.4,True
geometry_early_optical_clear_probe,3198327770,9,583.4,True
geometry_early_optical_clear_probe,3198327770,12,601.4,True
geometry_early_optical_clear_probe,3198327770,3,1044.0853190065795,True
geometry_early_optical_clear_probe,3198327770,7,1068.0853190065795,True
geometry_early_optical_clear_probe,3198327770,16,1309.2853190065796,True
geometry_early_optical_clear_probe,3198327770,2,1556.4853190065796,True
geometry_early_optical_clear_probe,3198327770,4,1568.4853190065796,True
geometry_early_optical_clear_probe,3198327770,14,1628.4853190065796,True
geometry_early_optical_clear_probe,3198327770,15,1634.4853190065796,True
geometry_early_optical_clear_probe,3198327770,17,1646.4853190065796,True
geometry_early_optical_clear_probe,3198327770,19,2659.925449668223,True
geometry_early_optical_clear_probe,3198327770,11,3890.282476108331,True
geometry_early_optical_clear_probe,3198327770,13,6666.109698226002,True
geometry_early_optical_clear_probe,387232086,16,95.0,True
geometry_early_optical_clear_probe,387232086,19,276.2,True
geometry_early_optical_clear_probe,387232086,5,360.2,True
geometry_early_optical_clear_probe,387232086,17,818.5999999999999,True
geometry_early_optical_clear_probe,387232086,4,896.5999999999999,True
geometry_early_optical_clear_probe,387232086,20,1179.8,True
geometry_early_optical_clear_probe,387232086,13,2308.869830279202,True
geometry_early_optical_clear_probe,387232086,12,2314.869830279202,True
geometry_early_optical_clear_probe,387232086,8,2981.6580935244797,True
geometry_early_optical_clear_probe,387232086,11,3502.984420812587,True
geometry_early_optical_clear_probe,387232086,10,6133.050577970519,True
geometry_early_optical_clear_probe,387232086,14,7736.295638343629,True
geometry_early_optical_clear_probe,2698945322,3,17.0,True
geometry_early_optical_clear_probe,2698945322,5,29.0,True
geometry_early_optical_clear_probe,2698945322,13,77.0,True
geometry_early_optical_clear_probe,2698945322,15,89.0,True
geometry_early_optical_clear_probe,2698945322,16,95.0,True
geometry_early_optical_clear_probe,2698945322,18,107.0,True
geometry_early_optical_clear_probe,2698945322,14,306.2,True
geometry_early_optical_clear_probe,2698945322,9,336.2,True
geometry_early_optical_clear_probe,2698945322,12,564.5645574214095,True
geometry_early_optical_clear_probe,2698945322,20,852.0451326764617,True
geometry_early_optical_clear_probe,2698945322,4,936.0451326764617,True
geometry_early_optical_clear_probe,2698945322,1,1279.5358477968618,True
geometry_early_optical_clear_probe,2698945322,7,1518.1738235962287,True
geometry_early_optical_clear_probe,2698945322,2,2000.0212357082394,True
geometry_early_optical_clear_probe,2698945322,10,3289.127975816902,True
geometry_early_optical_clear_probe,2698945322,8,7098.655697791218,True
geometry_early_optical_clear_probe,2977424064,1,5.0,True
geometry_early_optical_clear_probe,2977424064,6,35.0,True
geometry_early_optical_clear_probe,2977424064,17,101.0,True
geometry_early_optical_clear_probe,2977424064,19,113.0,True
geometry_early_optical_clear_probe,2977424064,20,270.2,True
geometry_early_optical_clear_probe,2977424064,8,342.2,True
geometry_early_optical_clear_probe,2977424064,14,1111.1523062987642,True
geometry_early_optical_clear_probe,2977424064,16,1951.4063431887967,True
geometry_early_optical_clear_probe,2977424064,11,1975.4063431887967,True
geometry_early_optical_clear_probe,2977424064,2,2334.5572384562524,True
geometry_early_optical_clear_probe,2977424064,12,2388.5572384562524,True
geometry_early_optical_clear_probe,2977424064,15,2680.864548280397,True
geometry_early_optical_clear_probe,2977424064,10,5734.95286485531,True
geometry_early_optical_clear_probe,2977424064,9,6814.300842943682,True
geometry_early_optical_clear_probe,2977424064,7,6820.300842943682,True
geometry_early_optical_clear_probe,963757044,4,23.0,True
geometry_early_optical_clear_probe,963757044,8,47.0,True
geometry_early_optical_clear_probe,963757044,15,89.0,True
geometry_early_optical_clear_probe,963757044,17,101.0,True
geometry_early_optical_clear_probe,963757044,16,575.4776721791186,True
geometry_early_optical_clear_probe,963757044,11,1061.699310231483,True
geometry_early_optical_clear_probe,963757044,14,1266.899310231483,True
geometry_early_optical_clear_probe,963757044,6,3248.796452658997,True
geometry_early_optical_clear_probe,963757044,12,3923.0766263226456,True
geometry_early_optical_clear_probe,963757044,13,3929.0766263226456,True
geometry_early_optical_clear_probe,963757044,2,4148.784703911589,True
geometry_early_optical_clear_probe,963757044,18,6162.934645216235,True
geometry_early_optical_clear_probe,2418890969,11,65.0,True
geometry_early_optical_clear_probe,2418890969,13,312.2,True
geometry_early_optical_clear_probe,2418890969,3,547.4,True
geometry_early_optical_clear_probe,2418890969,5,559.4,True
geometry_early_optical_clear_probe,2418890969,15,830.5999999999999,True
geometry_early_optical_clear_probe,2418890969,10,1119.8,True
geometry_early_optical_clear_probe,2418890969,17,1161.8,True
geometry_early_optical_clear_probe,2418890969,18,1167.8,True
geometry_early_optical_clear_probe,2418890969,8,1664.1040691807748,True
geometry_early_optical_clear_probe,2418890969,14,1700.1040691807748,True
geometry_early_optical_clear_probe,2418890969,19,1718.1040691807748,True
geometry_early_optical_clear_probe,2418890969,2,2136.695373261929,True
geometry_early_optical_clear_probe,2418890969,6,4128.208196838567,True
geometry_early_optical_clear_probe,2418890969,16,6882.373613907949,True
geometry_early_optical_clear_probe,206676315,5,29.0,True
geometry_early_optical_clear_probe,206676315,11,65.0,True
geometry_early_optical_clear_probe,206676315,13,77.0,True
geometry_early_optical_clear_probe,206676315,17,101.0,True
geometry_early_optical_clear_probe,206676315,20,270.2,True
geometry_early_optical_clear_probe,206676315,16,294.2,True
geometry_early_optical_clear_probe,206676315,6,354.2,True
geometry_early_optical_clear_probe,206676315,10,809.7774102494116,True
geometry_early_optical_clear_probe,206676315,9,1079.0736470842398,True
geometry_early_optical_clear_probe,206676315,2,1500.4194246368647,True
geometry_early_optical_clear_probe,206676315,3,2422.6003486810127,True
geometry_early_optical_clear_probe,206676315,1,4275.619226895857,True
geometry_early_optical_clear_probe,206676315,7,4287.619226895857,True
geometry_early_optical_clear_probe,206676315,15,4317.619226895857,True
geometry_early_optical_clear_probe,206676315,8,4534.819226895856,True
geometry_early_optical_clear_probe,3687094216,11,65.0,True
geometry_early_optical_clear_probe,3687094216,13,77.0,True
geometry_early_optical_clear_probe,3687094216,6,753.1071391073482,True
geometry_early_optical_clear_probe,3687094216,19,1193.5071391073482,True
geometry_early_optical_clear_probe,3687094216,17,2200.307139107348,True
geometry_early_optical_clear_probe,3687094216,8,3370.0991329139474,True
geometry_early_optical_clear_probe,3687094216,7,3858.499132913947,True
geometry_early_optical_clear_probe,3687094216,4,4591.136160229805,True
geometry_early_optical_clear_probe,3687094216,15,4627.136160229805,True
geometry_early_optical_clear_probe,3687094216,16,4820.336160229805,True
geometry_early_optical_clear_probe,3687094216,3,4972.846258347447,True
geometry_early_optical_clear_probe,3687094216,10,5205.661238174556,True
geometry_early_optical_clear_probe,3687094216,18,7596.257467195225,True
geometry_early_optical_clear_probe,4083875016,13,77.0,True
geometry_early_optical_clear_probe,4083875016,14,83.0,True
geometry_early_optical_clear_probe,4083875016,2,541.4,True
geometry_early_optical_clear_probe,4083875016,19,643.4,True
geometry_early_optical_clear_probe,4083875016,5,1256.255561410438,True
geometry_early_optical_clear_probe,4083875016,7,1762.6555614104382,True
geometry_early_optical_clear_probe,4083875016,18,1991.8555614104382,True
geometry_early_optical_clear_probe,4083875016,17,1997.8555614104382,True
geometry_early_optical_clear_probe,4083875016,4,2746.5190974203338,True
geometry_early_optical_clear_probe,4083875016,12,2990.5782284916695,True
geometry_early_optical_clear_probe,4083875016,11,5301.76729280712,True
geometry_early_optical_clear_probe,4083875016,3,6001.367292807119,True
geometry_early_optical_clear_probe,4083875016,1,8253.27750524771,True
geometry_early_optical_clear_probe,1166985744,2,11.0,True
geometry_early_optical_clear_probe,1166985744,4,23.0,True
geometry_early_optical_clear_probe,1166985744,7,41.0,True
geometry_early_optical_clear_probe,1166985744,12,71.0,True
geometry_early_optical_clear_probe,1166985744,13,77.0,True
geometry_early_optical_clear_probe,1166985744,15,89.0,True
geometry_early_optical_clear_probe,1166985744,17,101.0,True
geometry_early_optical_clear_probe,1166985744,8,342.2,True
geometry_early_optical_clear_probe,1166985744,5,360.2,True
geometry_early_optical_clear_probe,1166985744,3,1058.894981363212,True
geometry_early_optical_clear_probe,1166985744,10,1854.8268531265044,True
geometry_early_optical_clear_probe,1166985744,19,1884.8268531265044,True
geometry_early_optical_clear_probe,1166985744,16,2482.69174869746,True
geometry_early_optical_clear_probe,1166985744,9,3128.7122420207324,True
geometry_early_optical_clear_probe,1166985744,1,6540.0831368725385,True
geometry_early_optical_clear_probe,1166985744,20,6727.283136872538,True
geometry_early_optical_clear_probe,2655261172,1,5.0,True
geometry_early_optical_clear_probe,2655261172,4,23.0,True
geometry_early_optical_clear_probe,2655261172,12,71.0,True
geometry_early_optical_clear_probe,2655261172,16,294.2,True
geometry_early_optical_clear_probe,2655261172,8,342.2,True
geometry_early_optical_clear_probe,2655261172,6,354.2,True
geometry_early_optical_clear_probe,2655261172,5,360.2,True
geometry_early_optical_clear_probe,2655261172,2,378.2,True
geometry_early_optical_clear_probe,2655261172,11,595.4,True
geometry_early_optical_clear_probe,2655261172,3,2173.3370344493983,True
geometry_early_optical_clear_probe,2655261172,7,2650.737034449398,True
geometry_early_optical_clear_probe,2655261172,13,6016.251411773703,True
geometry_early_optical_clear_probe,1816951748,4,23.0,True
geometry_early_optical_clear_probe,1816951748,9,53.0,True
geometry_early_optical_clear_probe,1816951748,10,59.0,True
geometry_early_optical_clear_probe,1816951748,18,107.0,True
geometry_early_optical_clear_probe,1816951748,7,348.2,True
geometry_early_optical_clear_probe,1816951748,3,372.2,True
geometry_early_optical_clear_probe,1816951748,11,595.4,True
geometry_early_optical_clear_probe,1816951748,14,613.4,True
geometry_early_optical_clear_probe,1816951748,15,1358.687053492688,True
geometry_early_optical_clear_probe,1816951748,16,1521.580338168714,True
geometry_early_optical_clear_probe,1816951748,6,1563.580338168714,True
geometry_early_optical_clear_probe,1816951748,12,5018.378861797361,True
geometry_early_optical_clear_probe,1816951748,13,5247.578861797361,True
geometry_early_optical_clear_probe,1816951748,5,5985.466098133029,True
geometry_early_optical_clear_probe,1816951748,19,6694.2613881793695,True
geometry_early_optical_clear_probe,3985116253,1,5.0,True
geometry_early_optical_clear_probe,3985116253,4,23.0,True
geometry_early_optical_clear_probe,3985116253,5,29.0,True
geometry_early_optical_clear_probe,3985116253,13,77.0,True
geometry_early_optical_clear_probe,3985116253,7,348.2,True
geometry_early_optical_clear_probe,3985116253,12,783.5074461033432,True
geometry_early_optical_clear_probe,3985116253,2,1601.2372392908017,True
geometry_early_optical_clear_probe,3985116253,11,1637.2372392908017,True
geometry_early_optical_clear_probe,3985116253,19,2301.8372392908013,True
geometry_early_optical_clear_probe,3985116253,8,3074.6360777424375,True
geometry_early_optical_clear_probe,3985116253,15,4234.555844911456,True
geometry_early_optical_clear_probe,3985116253,3,5466.953301535296,True
geometry_early_optical_clear_probe,1402266342,9,53.0,True
geometry_early_optical_clear_probe,1402266342,15,89.0,True
geometry_early_optical_clear_probe,1402266342,6,354.2,True
geometry_early_optical_clear_probe,1402266342,18,737.1926421809796,True
geometry_early_optical_clear_probe,1402266342,2,917.7933362824185,True
geometry_early_optical_clear_probe,1402266342,11,959.7933362824185,True
geometry_early_optical_clear_probe,1402266342,14,2151.4366944696894,True
geometry_early_optical_clear_probe,1402266342,8,2634.8007310334874,True
geometry_early_optical_clear_probe,1402266342,20,3020.6391113662885,True
geometry_early_optical_clear_probe,1402266342,16,3480.3471812164507,True
geometry_early_optical_clear_probe,1402266342,10,4138.497397426543,True
geometry_early_optical_clear_probe,1402266342,1,4168.497397426543,True
geometry_early_optical_clear_probe,1402266342,17,4373.697397426543,True
geometry_early_optical_clear_probe,1402266342,3,5737.818156329754,True
geometry_early_optical_clear_probe,3546331268,7,41.0,True
geometry_early_optical_clear_probe,3546331268,8,47.0,True
geometry_early_optical_clear_probe,3546331268,14,83.0,True
geometry_early_optical_clear_probe,3546331268,17,101.0,True
geometry_early_optical_clear_probe,3546331268,20,270.2,True
geometry_early_optical_clear_probe,3546331268,12,318.2,True
geometry_early_optical_clear_probe,3546331268,2,378.2,True
geometry_early_optical_clear_probe,3546331268,5,557.3561737425017,True
geometry_early_optical_clear_probe,3546331268,19,777.6367512107589,True
geometry_early_optical_clear_probe,3546331268,3,1528.4338525355156,True
geometry_early_optical_clear_probe,3546331268,16,1710.33095401813,True
geometry_early_optical_clear_probe,3546331268,15,3139.6990993153845,True
geometry_early_optical_clear_probe,3546331268,1,5595.1961293669465,True
geometry_early_optical_clear_probe,3546331268,9,5828.61607022599,True
geometry_early_optical_clear_probe,3546331268,18,6523.283368174395,True
geometry_early_optical_clear_probe,3546331268,6,6925.110944494223,True
geometry_early_optical_clear_probe,1091433677,4,23.0,True
geometry_early_optical_clear_probe,1091433677,18,107.0,True
geometry_early_optical_clear_probe,1091433677,1,384.2,True
geometry_early_optical_clear_probe,1091433677,13,595.3154233706051,True
geometry_early_optical_clear_probe,1091433677,20,901.3021525669346,True
geometry_early_optical_clear_probe,1091433677,5,2040.2734210888032,True
geometry_early_optical_clear_probe,1091433677,12,3375.345336331803,True
geometry_early_optical_clear_probe,1091433677,14,4571.863558309591,True
geometry_early_optical_clear_probe,1091433677,2,5390.042649130262,True
geometry_early_optical_clear_probe,1091433677,3,6719.090511338263,True
geometry_early_optical_clear_probe,1091433677,19,6936.290511338263,True
geometry_early_optical_clear_probe,1091433677,7,6990.290511338263,True
geometry_early_optical_clear_probe,2168959016,1,5.0,True
geometry_early_optical_clear_probe,2168959016,19,113.0,True
geometry_early_optical_clear_probe,2168959016,20,119.0,True
geometry_early_optical_clear_probe,2168959016,15,300.2,True
geometry_early_optical_clear_probe,2168959016,10,330.2,True
geometry_early_optical_clear_probe,2168959016,2,615.0372992808971,True
geometry_early_optical_clear_probe,2168959016,4,627.0372992808971,True
geometry_early_optical_clear_probe,2168959016,6,946.2372992808971,True
geometry_early_optical_clear_probe,2168959016,12,2288.3147412085746,True
geometry_early_optical_clear_probe,2168959016,18,3304.0482121382333,True
geometry_early_optical_clear_probe,2168959016,14,4774.0418626055825,True
geometry_early_optical_clear_probe,2168959016,9,6059.223106987167,True
geometry_early_optical_clear_probe,2168959016,8,7169.447443602987,True
geometry_early_optical_clear_probe,1561149410,4,23.0,True
geometry_early_optical_clear_probe,1561149410,7,41.0,True
geometry_early_optical_clear_probe,1561149410,13,77.0,True
geometry_early_optical_clear_probe,1561149410,14,83.0,True
geometry_early_optical_clear_probe,1561149410,16,294.2,True
geometry_early_optical_clear_probe,1561149410,3,372.2,True
geometry_early_optical_clear_probe,1561149410,18,715.4139182851209,True
geometry_early_optical_clear_probe,1561149410,8,1361.2255396469034,True
geometry_early_optical_clear_probe,1561149410,1,2040.1487786201058,True
geometry_early_optical_clear_probe,1561149410,9,2232.7147427998407,True
geometry_early_optical_clear_probe,1561149410,11,2244.7147427998407,True
geometry_early_optical_clear_probe,1561149410,17,2268.7147427998407,True
geometry_early_optical_clear_probe,1561149410,20,2437.9147427998405,True
geometry_early_optical_clear_probe,1561149410,6,3413.2562757114574,True
geometry_early_optical_clear_probe,1561149410,19,5208.9357946042455,True
geometry_early_optical_clear_probe,1561149410,12,5393.643216897461,True
geometry_early_optical_clear_probe,3720910211,5,29.0,True
geometry_early_optical_clear_probe,3720910211,6,35.0,True
geometry_early_optical_clear_probe,3720910211,18,107.0,True
geometry_early_optical_clear_probe,3720910211,16,294.2,True
geometry_early_optical_clear_probe,3720910211,12,1361.0055290530386,True
geometry_early_optical_clear_probe,3720910211,11,1367.0055290530386,True
geometry_early_optical_clear_probe,3720910211,3,1578.2055290530386,True
geometry_early_optical_clear_probe,3720910211,9,1602.2055290530386,True
geometry_early_optical_clear_probe,3720910211,8,1891.4055290530387,True
geometry_early_optical_clear_probe,3720910211,2,1915.4055290530387,True
geometry_early_optical_clear_probe,3720910211,1,5141.317879657108,True
geometry_early_optical_clear_probe,3720910211,10,7489.472674639105,True
geometry_early_optical_clear_probe,4273073730,5,29.0,True
geometry_early_optical_clear_probe,4273073730,19,113.0,True
geometry_early_optical_clear_probe,4273073730,9,336.2,True
geometry_early_optical_clear_probe,4273073730,6,354.2,True
geometry_early_optical_clear_probe,4273073730,17,625.4,True
geometry_early_optical_clear_probe,4273073730,11,2035.1055846239444,True
geometry_early_optical_clear_probe,4273073730,15,2748.052384491941,True
geometry_early_optical_clear_probe,4273073730,4,3305.9212261484354,True
geometry_early_optical_clear_probe,4273073730,7,4216.721226148435,True
geometry_early_optical_clear_probe,4273073730,20,4469.9212261484345,True
geometry_early_optical_clear_probe,2692177373,17,101.0,True
geometry_early_optical_clear_probe,2692177373,10,330.2,True
geometry_early_optical_clear_probe,2692177373,5,360.2,True
geometry_early_optical_clear_probe,2692177373,1,384.2,True
geometry_early_optical_clear_probe,2692177373,12,601.4,True
geometry_early_optical_clear_probe,2692177373,18,637.4,True
geometry_early_optical_clear_probe,2692177373,14,1134.3646795460588,True
geometry_early_optical_clear_probe,2692177373,7,2621.4152112697298,True
geometry_early_optical_clear_probe,2692177373,2,4473.015211269729,True
geometry_early_optical_clear_probe,2692177373,3,6485.844035905591,True
geometry_early_optical_clear_probe,4179452970,2,11.0,True
geometry_early_optical_clear_probe,4179452970,7,41.0,True
geometry_early_optical_clear_probe,4179452970,11,65.0,True
geometry_early_optical_clear_probe,4179452970,15,1219.4148877843566,True
geometry_early_optical_clear_probe,4179452970,16,2202.734009846632,True
geometry_early_optical_clear_probe,4179452970,1,3957.5845684940887,True
geometry_early_optical_clear_probe,4179452970,14,4216.7845684940885,True
geometry_early_optical_clear_probe,4179452970,19,5798.907356578088,True
geometry_early_optical_clear_probe,4179452970,5,6034.107356578088,True
geometry_early_optical_clear_probe,4179452970,12,6482.668201763246,True
geometry_early_optical_clear_probe,4179452970,9,8420.346135713757,True
geometry_early_optical_clear_probe,775769197,6,35.0,True
geometry_early_optical_clear_probe,775769197,8,47.0,True
geometry_early_optical_clear_probe,775769197,12,71.0,True
geometry_early_optical_clear_probe,775769197,20,119.0,True
geometry_early_optical_clear_probe,775769197,5,559.4,True
geometry_early_optical_clear_probe,775769197,18,1811.4287925959811,True
geometry_early_optical_clear_probe,775769197,9,1859.4287925959811,True
geometry_early_optical_clear_probe,775769197,3,1889.4287925959811,True
geometry_early_optical_clear_probe,775769197,17,2949.9949765064935,True
geometry_early_optical_clear_probe,775769197,7,2997.9949765064935,True
geometry_early_optical_clear_probe,775769197,14,3892.6211621335633,True
geometry_early_optical_clear_probe,2189333477,1,5.0,True
geometry_early_optical_clear_probe,2189333477,8,47.0,True
geometry_early_optical_clear_probe,2189333477,12,71.0,True
geometry_early_optical_clear_probe,2189333477,15,89.0,True
geometry_early_optical_clear_probe,2189333477,18,107.0,True
geometry_early_optical_clear_probe,2189333477,19,113.0,True
geometry_early_optical_clear_probe,2189333477,7,562.0755169098388,True
geometry_early_optical_clear_probe,2189333477,16,874.9358980471598,True
geometry_early_optical_clear_probe,2189333477,14,1671.101967645687,True
geometry_early_optical_clear_probe,2189333477,9,2370.7019676456866,True
geometry_early_optical_clear_probe,2189333477,2,2720.4175836628215,True
geometry_early_optical_clear_probe,2189333477,6,3015.6175836628213,True
geometry_early_optical_clear_probe,2189333477,10,5513.417857367512,True
geometry_early_optical_clear_probe,780143234,3,17.0,True
geometry_early_optical_clear_probe,780143234,9,53.0,True
geometry_early_optical_clear_probe,780143234,1,535.4,True
geometry_early_optical_clear_probe,780143234,8,1095.8,True
geometry_early_optical_clear_probe,780143234,19,1321.3395438069047,True
geometry_early_optical_clear_probe,780143234,14,1633.0101290188488,True
geometry_early_optical_clear_probe,780143234,4,2099.677964933862,True
geometry_early_optical_clear_probe,780143234,5,2105.677964933862,True
geometry_early_optical_clear_probe,780143234,7,2117.677964933862,True
geometry_early_optical_clear_probe,780143234,16,2346.8779649338617,True
geometry_early_optical_clear_probe,780143234,18,5172.168186630362,True
geometry_early_optical_clear_probe,780143234,15,6887.666493364618,True
geometry_early_optical_clear_probe,780143234,6,7603.624893451589,True
geometry_early_optical_clear_probe,3814699237,12,71.0,True
geometry_early_optical_clear_probe,3814699237,1,384.2,True
geometry_early_optical_clear_probe,3814699237,7,571.4,True
geometry_early_optical_clear_probe,3814699237,16,1349.4497001979971,True
geometry_early_optical_clear_probe,3814699237,8,2694.2113010120383,True
geometry_early_optical_clear_probe,3814699237,4,3170.611301012038,True
geometry_early_optical_clear_probe,3814699237,20,3598.40040482562,True
geometry_early_optical_clear_probe,3814699237,18,3610.40040482562,True
geometry_early_optical_clear_probe,3814699237,9,4334.00040482562,True
geometry_early_optical_clear_probe,3814699237,11,7414.188043038982,True
geometry_early_optical_clear_probe,3814699237,14,7920.989417748162,True
geometry_early_optical_clear_probe,1898478053,18,107.0,True
geometry_early_optical_clear_probe,1898478053,19,113.0,True
geometry_early_optical_clear_probe,1898478053,14,1098.6691104078059,True
geometry_early_optical_clear_probe,1898478053,5,2081.469110407806,True
geometry_early_optical_clear_probe,1898478053,1,3663.9836837608605,True
geometry_early_optical_clear_probe,1898478053,7,3693.9836837608605,True
geometry_early_optical_clear_probe,1898478053,6,4947.98368376086,True
geometry_early_optical_clear_probe,1898478053,4,6228.137199384451,True
geometry_early_optical_clear_probe,1898478053,11,6258.137199384451,True
geometry_early_optical_clear_probe,1898478053,13,6270.137199384451,True
geometry_early_optical_clear_probe,1898478053,8,6499.337199384451,True
geometry_early_optical_clear_probe,1898478053,9,7172.638436080323,True
geometry_early_optical_clear_probe,1898478053,16,7607.038436080323,True
geometry_early_optical_clear_probe,1764954208,6,35.0,True
geometry_early_optical_clear_probe,1764954208,8,47.0,True
geometry_early_optical_clear_probe,1764954208,10,59.0,True
geometry_early_optical_clear_probe,1764954208,12,71.0,True
geometry_early_optical_clear_probe,1764954208,14,83.0,True
geometry_early_optical_clear_probe,1764954208,15,89.0,True
geometry_early_optical_clear_probe,1764954208,16,95.0,True
geometry_early_optical_clear_probe,1764954208,20,119.0,True
geometry_early_optical_clear_probe,1764954208,13,2474.869206392438,True
geometry_early_optical_clear_probe,1764954208,4,2975.269206392438,True
geometry_early_optical_clear_probe,1764954208,18,7344.752709330957,True
geometry_early_optical_clear_probe,2670246137,1,5.0,True
geometry_early_optical_clear_probe,2670246137,2,11.0,True
geometry_early_optical_clear_probe,2670246137,3,17.0,True
geometry_early_optical_clear_probe,2670246137,19,643.4,True
geometry_early_optical_clear_probe,2670246137,11,854.5999999999999,True
geometry_early_optical_clear_probe,2670246137,7,1589.1505630403744,True
geometry_early_optical_clear_probe,2670246137,5,1601.1505630403744,True
geometry_early_optical_clear_probe,2670246137,15,2052.5879830303215,True
geometry_early_optical_clear_probe,2670246137,10,3674.9879830303203,True
geometry_early_optical_clear_probe,2670246137,14,4355.832931213317,True
geometry_early_optical_clear_probe,2670246137,8,8070.90055500585,True
geometry_early_optical_clear_probe,56852111,18,282.2,True
geometry_early_optical_clear_probe,56852111,7,348.2,True
geometry_early_optical_clear_probe,56852111,1,384.2,True
geometry_early_optical_clear_probe,56852111,4,1296.485357506092,True
geometry_early_optical_clear_probe,56852111,13,1742.885357506092,True
geometry_early_optical_clear_probe,56852111,9,2410.5015511973484,True
geometry_early_optical_clear_probe,56852111,20,4891.44667607985,True
geometry_early_optical_clear_probe,56852111,12,4927.44667607985,True
geometry_early_optical_clear_probe,56852111,15,5174.646676079849,True
geometry_early_optical_clear_probe,56852111,19,5355.846676079849,True
geometry_early_optical_clear_probe,56852111,11,5965.469326731736,True
geometry_early_optical_clear_probe,56852111,17,6381.869326731736,True
geometry_early_optical_clear_probe,56852111,16,7103.626383584197,True
geometry_early_optical_clear_probe,1537311869,14,83.0,True
geometry_early_optical_clear_probe,1537311869,6,354.2,True
geometry_early_optical_clear_probe,1537311869,11,603.9481674771614,True
geometry_early_optical_clear_probe,1537311869,16,627.9481674771614,True
geometry_early_optical_clear_probe,1537311869,9,1110.3481674771615,True
geometry_early_optical_clear_probe,1537311869,10,1116.3481674771615,True
geometry_early_optical_clear_probe,1537311869,13,1128.3481674771615,True
geometry_early_optical_clear_probe,1537311869,18,2485.837677088728,True
geometry_early_optical_clear_probe,1537311869,2,3912.7684321920365,True
geometry_early_optical_clear_probe,1537311869,5,3930.7684321920365,True
geometry_early_optical_clear_probe,1537311869,20,4129.968432192037,True
geometry_early_optical_clear_probe,1537311869,1,4201.968432192037,True
geometry_early_optical_clear_probe,1537311869,4,4365.168432192037,True
geometry_early_optical_clear_probe,1537311869,17,4582.368432192036,True
geometry_early_optical_clear_probe,1537311869,15,8135.7046587162395,True
geometry_early_optical_clear_probe,4026212586,10,59.0,True
geometry_early_optical_clear_probe,4026212586,18,282.2,True
geometry_early_optical_clear_probe,4026212586,8,1062.5120368108292,True
geometry_early_optical_clear_probe,4026212586,4,1357.7120368108292,True
geometry_early_optical_clear_probe,4026212586,14,2484.221814277219,True
geometry_early_optical_clear_probe,4026212586,15,4608.970190971209,True
geometry_early_optical_clear_probe,4026212586,11,5067.370190971209,True
geometry_early_optical_clear_probe,4026212586,3,7065.404768621453,True
geometry_early_optical_clear_probe,4026212586,5,7071.404768621453,True
geometry_early_optical_clear_probe,4026212586,1,7360.604768621452,True
geometry_early_optical_clear_probe,2968628121,6,35.0,True
geometry_early_optical_clear_probe,2968628121,7,41.0,True
geometry_early_optical_clear_probe,2968628121,15,89.0,True
geometry_early_optical_clear_probe,2968628121,19,113.0,True
geometry_early_optical_clear_probe,2968628121,11,324.2,True
geometry_early_optical_clear_probe,2968628121,2,1042.2115180588767,True
geometry_early_optical_clear_probe,2968628121,18,1120.2115180588767,True
geometry_early_optical_clear_probe,2968628121,9,1337.4115180588767,True
geometry_early_optical_clear_probe,2968628121,12,2234.7173270092208,True
geometry_early_optical_clear_probe,2968628121,14,2457.9173270092206,True
geometry_early_optical_clear_probe,2968628121,3,2511.9173270092206,True
geometry_early_optical_clear_probe,2968628121,16,5819.993850564697,True
geometry_early_optical_clear_probe,2968628121,17,7834.628077358482,True
geometry_early_optical_clear_probe,2260321576,2,11.0,True
geometry_early_optical_clear_probe,2260321576,3,17.0,True
geometry_early_optical_clear_probe,2260321576,7,41.0,True
geometry_early_optical_clear_probe,2260321576,8,47.0,True
geometry_early_optical_clear_probe,2260321576,15,300.2,True
geometry_early_optical_clear_probe,2260321576,10,330.2,True
geometry_early_optical_clear_probe,2260321576,1,832.8063208483504,True
geometry_early_optical_clear_probe,2260321576,4,1011.8864480478044,True
geometry_early_optical_clear_probe,2260321576,12,1562.927831370547,True
geometry_early_optical_clear_probe,2260321576,16,1580.927831370547,True
geometry_early_optical_clear_probe,2260321576,20,1604.927831370547,True
geometry_early_optical_clear_probe,2260321576,13,3343.0025619613543,True
geometry_early_optical_clear_probe,2260321576,9,8064.84716191784,True
geometry_early_optical_clear_probe,445631340,12,71.0,True
geometry_early_optical_clear_probe,445631340,18,107.0,True
geometry_early_optical_clear_probe,445631340,14,306.2,True
geometry_early_optical_clear_probe,445631340,4,366.2,True
geometry_early_optical_clear_probe,445631340,1,535.4,True
geometry_early_optical_clear_probe,445631340,2,541.4,True
geometry_early_optical_clear_probe,445631340,11,1301.117656671017,True
geometry_early_optical_clear_probe,445631340,17,2489.1176566710164,True
geometry_early_optical_clear_probe,445631340,13,2507.1176566710164,True
geometry_early_optical_clear_probe,445631340,8,2754.3176566710163,True
geometry_early_optical_clear_probe,445631340,19,3870.3176566710154,True
geometry_early_optical_clear_probe,445631340,7,7335.838936776617,True
geometry_early_optical_clear_probe,1038382447,4,23.0,True
geometry_early_optical_clear_probe,1038382447,10,59.0,True
geometry_early_optical_clear_probe,1038382447,11,65.0,True
geometry_early_optical_clear_probe,1038382447,3,547.4,True
geometry_early_optical_clear_probe,1038382447,15,619.4,True
geometry_early_optical_clear_probe,1038382447,2,870.6217719753238,True
geometry_early_optical_clear_probe,1038382447,17,2097.915706242143,True
geometry_early_optical_clear_probe,1038382447,12,2369.115706242143,True
geometry_early_optical_clear_probe,1038382447,18,2574.315706242143,True
geometry_early_optical_clear_probe,1038382447,6,2634.315706242143,True
geometry_early_optical_clear_probe,1038382447,7,3303.681384618585,True
geometry_early_optical_clear_probe,1038382447,1,3997.8578124949836,True
geometry_early_optical_clear_probe,3068547287,2,11.0,True
geometry_early_optical_clear_probe,3068547287,11,65.0,True
geometry_early_optical_clear_probe,3068547287,19,113.0,True
geometry_early_optical_clear_probe,3068547287,15,300.2,True
geometry_early_optical_clear_probe,3068547287,13,312.2,True
geometry_early_optical_clear_probe,3068547287,9,336.2,True
geometry_early_optical_clear_probe,3068547287,20,582.8610430179509,True
geometry_early_optical_clear_probe,3068547287,12,735.6264603418349,True
geometry_early_optical_clear_probe,3068547287,10,741.6264603418349,True
geometry_early_optical_clear_probe,3068547287,8,1507.25940672792,True
geometry_early_optical_clear_probe,3068547287,16,1730.45940672792,True
geometry_early_optical_clear_probe,3068547287,7,3172.535929996636,True
geometry_early_optical_clear_probe,3068547287,18,4602.159425544738,True
geometry_early_optical_clear_probe,3068547287,5,6054.236405341006,True
geometry_early_optical_clear_probe,3996951549,6,35.0,True
geometry_early_optical_clear_probe,3996951549,11,65.0,True
geometry_early_optical_clear_probe,3996951549,15,89.0,True
geometry_early_optical_clear_probe,3996951549,18,107.0,True
geometry_early_optical_clear_probe,3996951549,16,294.2,True
geometry_early_optical_clear_probe,3996951549,14,306.2,True
geometry_early_optical_clear_probe,3996951549,1,384.2,True
geometry_early_optical_clear_probe,3996951549,4,1186.8185390595104,True
geometry_early_optical_clear_probe,3996951549,5,1192.8185390595104,True
geometry_early_optical_clear_probe,3996951549,10,1222.8185390595104,True
geometry_early_optical_clear_probe,3996951549,20,1270.8185390595104,True
geometry_early_optical_clear_probe,3996951549,19,2423.3658754141516,True
geometry_early_optical_clear_probe,3996951549,13,2930.201177576311,True
geometry_early_optical_clear_probe,3996951549,7,3129.4011775763106,True
geometry_early_optical_clear_probe,3996951549,12,6864.828875448607,True
geometry_early_optical_clear_probe,3761830765,2,11.0,True
geometry_early_optical_clear_probe,3761830765,11,65.0,True
geometry_early_optical_clear_probe,3761830765,12,71.0,True
geometry_early_optical_clear_probe,3761830765,17,101.0,True
geometry_early_optical_clear_probe,3761830765,19,113.0,True
geometry_early_optical_clear_probe,3761830765,5,360.2,True
geometry_early_optical_clear_probe,3761830765,1,535.4,True
geometry_early_optical_clear_probe,3761830765,13,607.4,True
geometry_early_optical_clear_probe,3761830765,14,613.4,True
geometry_early_optical_clear_probe,3761830765,18,631.4,True
geometry_early_optical_clear_probe,3761830765,9,854.5999999999999,True
geometry_early_optical_clear_probe,3761830765,15,2339.117713418951,True
geometry_early_optical_clear_probe,3761830765,8,4214.477642232409,True
geometry_early_optical_clear_probe,3761830765,16,4612.877642232409,True
geometry_early_optical_clear_probe,3761830765,7,4842.077642232409,True
geometry_early_optical_clear_probe,3761830765,10,7385.319959529597,True
geometry_early_optical_clear_probe,1345076105,11,65.0,True
geometry_early_optical_clear_probe,1345076105,20,119.0,True
geometry_early_optical_clear_probe,1345076105,1,384.2,True
geometry_early_optical_clear_probe,1345076105,2,541.4,True
geometry_early_optical_clear_probe,1345076105,8,577.4,True
geometry_early_optical_clear_probe,1345076105,9,583.4,True
geometry_early_optical_clear_probe,1345076105,7,1122.8612074530638,True
geometry_early_optical_clear_probe,1345076105,10,1140.8612074530638,True
geometry_early_optical_clear_probe,1345076105,19,1340.0612074530638,True
geometry_early_optical_clear_probe,1345076105,17,1892.7331209029198,True
geometry_early_optical_clear_probe,1345076105,16,2730.112506148332,True
geometry_early_optical_clear_probe,1345076105,3,3266.512506148332,True
geometry_early_optical_clear_probe,1345076105,12,6512.215575520935,True
geometry_early_optical_clear_probe,1345076105,13,7486.192159003592,True
geometry_early_optical_clear_probe,1345076105,15,7720.36589818395,True
geometry_early_optical_clear_probe,424018628,7,41.0,True
geometry_early_optical_clear_probe,424018628,10,59.0,True
geometry_early_optical_clear_probe,424018628,11,65.0,True
geometry_early_optical_clear_probe,424018628,13,77.0,True
geometry_early_optical_clear_probe,424018628,18,1343.0,True
geometry_early_optical_clear_probe,424018628,15,1361.0,True
geometry_early_optical_clear_probe,424018628,20,1829.8945854486983,True
geometry_early_optical_clear_probe,424018628,8,3025.3857549459785,True
geometry_early_optical_clear_probe,424018628,19,3224.5857549459784,True
geometry_early_optical_clear_probe,424018628,12,3507.785754945978,True
geometry_early_optical_clear_probe,424018628,9,5713.196518946613,True
geometry_early_optical_clear_probe,2127482104,6,35.0,True
geometry_early_optical_clear_probe,2127482104,11,65.0,True
geometry_early_optical_clear_probe,2127482104,14,83.0,True
geometry_early_optical_clear_probe,2127482104,2,541.4,True
geometry_early_optical_clear_probe,2127482104,18,631.4,True
geometry_early_optical_clear_probe,2127482104,19,1410.5074967365056,True
geometry_early_optical_clear_probe,2127482104,3,1488.5074967365056,True
geometry_early_optical_clear_probe,2127482104,8,3191.91890340092,True
geometry_early_optical_clear_probe,2127482104,16,5429.266680798951,True
geometry_early_optical_clear_probe,2127482104,9,7504.903127717295,True
geometry_early_optical_clear_probe,480261016,2,11.0,True
geometry_early_optical_clear_probe,480261016,1,384.2,True
geometry_early_optical_clear_probe,480261016,16,1720.9987003896802,True
geometry_early_optical_clear_probe,480261016,17,4169.332163856752,True
geometry_early_optical_clear_probe,480261016,7,4434.532163856752,True
geometry_early_optical_clear_probe,480261016,5,4741.732163856752,True
geometry_early_optical_clear_probe,480261016,14,6878.077036219103,True
geometry_early_optical_clear_probe,480261016,13,8040.509455884198,True
geometry_early_optical_clear_probe,480261016,4,8257.709455884198,True
geometry_early_optical_clear_probe,480261016,15,8311.709455884198,True
geometry_early_optical_clear_probe,4166020345,4,23.0,True
geometry_early_optical_clear_probe,4166020345,8,47.0,True
geometry_early_optical_clear_probe,4166020345,11,65.0,True
geometry_early_optical_clear_probe,4166020345,13,77.0,True
geometry_early_optical_clear_probe,4166020345,17,101.0,True
geometry_early_optical_clear_probe,4166020345,20,119.0,True
geometry_early_optical_clear_probe,4166020345,2,378.2,True
geometry_early_optical_clear_probe,4166020345,12,601.4,True
geometry_early_optical_clear_probe,4166020345,16,1298.1018868683489,True
geometry_early_optical_clear_probe,4166020345,15,2116.771968591217,True
geometry_early_optical_clear_probe,4166020345,10,3176.466176044666,True
geometry_early_optical_clear_probe,4166020345,1,6475.672558057734,True
geometry_early_optical_clear_probe,4089342275,10,59.0,True
geometry_early_optical_clear_probe,4089342275,15,89.0,True
geometry_early_optical_clear_probe,4089342275,13,312.2,True
geometry_early_optical_clear_probe,4089342275,9,336.2,True
geometry_early_optical_clear_probe,4089342275,6,354.2,True
geometry_early_optical_clear_probe,4089342275,11,595.4,True
geometry_early_optical_clear_probe,4089342275,19,637.4,True
geometry_early_optical_clear_probe,4089342275,2,1859.480233259588,True
geometry_early_optical_clear_probe,4089342275,14,2877.4393792491555,True
geometry_early_optical_clear_probe,4089342275,20,3345.156296959602,True
geometry_early_optical_clear_probe,4089342275,18,4955.701962270874,True
geometry_early_optical_clear_probe,4089342275,16,5781.588100108277,True
geometry_early_optical_clear_probe,4089342275,3,7860.775072250126,True
geometry_early_optical_clear_probe,749152221,2,11.0,True
geometry_early_optical_clear_probe,749152221,7,41.0,True
geometry_early_optical_clear_probe,749152221,11,65.0,True
geometry_early_optical_clear_probe,749152221,14,306.2,True
geometry_early_optical_clear_probe,749152221,17,817.747026054438,True
geometry_early_optical_clear_probe,749152221,6,1088.947026054438,True
geometry_early_optical_clear_probe,749152221,12,1366.1470260544381,True
geometry_early_optical_clear_probe,749152221,16,3164.835509237135,True
geometry_early_optical_clear_probe,749152221,15,3852.4355092371343,True
geometry_early_optical_clear_probe,749152221,13,6029.235509237133,True
geometry_early_optical_clear_probe,1337228375,2,11.0,True
geometry_early_optical_clear_probe,1337228375,4,23.0,True
geometry_early_optical_clear_probe,1337228375,13,77.0,True
geometry_early_optical_clear_probe,1337228375,15,89.0,True
geometry_early_optical_clear_probe,1337228375,18,107.0,True
geometry_early_optical_clear_probe,1337228375,12,318.2,True
geometry_early_optical_clear_probe,1337228375,7,348.2,True
geometry_early_optical_clear_probe,1337228375,5,360.2,True
geometry_early_optical_clear_probe,1337228375,14,1227.9983061246392,True
geometry_early_optical_clear_probe,1337228375,20,1263.9983061246392,True
geometry_early_optical_clear_probe,1337228375,16,1396.201766840597,True
geometry_early_optical_clear_probe,1337228375,10,1640.4341481492459,True
geometry_early_optical_clear_probe,1337228375,6,3154.284176838696,True
geometry_early_optical_clear_probe,1337228375,11,5838.649081170262,True
geometry_early_optical_clear_probe,1279456724,5,29.0,True
geometry_early_optical_clear_probe,1279456724,19,806.5999999999999,True
geometry_early_optical_clear_probe,1279456724,4,1083.8,True
geometry_early_optical_clear_probe,1279456724,9,1626.2,True
geometry_early_optical_clear_probe,1279456724,7,3834.6309050655673,True
geometry_early_optical_clear_probe,1279456724,16,4075.830905065567,True
geometry_early_optical_clear_probe,1279456724,18,4552.230905065567,True
geometry_early_optical_clear_probe,1279456724,3,4624.230905065567,True
geometry_early_optical_clear_probe,1279456724,8,5210.382433714625,True
geometry_early_optical_clear_probe,1279456724,11,7029.582310921562,True
geometry_early_optical_clear_probe,231142170,10,59.0,True
geometry_early_optical_clear_probe,231142170,13,77.0,True
geometry_early_optical_clear_probe,231142170,18,107.0,True
geometry_early_optical_clear_probe,231142170,17,288.2,True
geometry_early_optical_clear_probe,231142170,7,348.2,True
geometry_early_optical_clear_probe,231142170,3,372.2,True
geometry_early_optical_clear_probe,231142170,1,384.2,True
geometry_early_optical_clear_probe,231142170,2,2506.2284787945155,True
geometry_early_optical_clear_probe,231142170,15,2771.4284787945153,True
geometry_early_optical_clear_probe,231142170,9,2801.4284787945153,True
geometry_early_optical_clear_probe,231142170,8,3030.628478794515,True
geometry_early_optical_clear_probe,231142170,11,4104.58480833346,True
geometry_early_optical_clear_probe,231142170,6,4496.633386696345,True
geometry_early_optical_clear_probe,231142170,16,4538.633386696345,True
geometry_early_optical_clear_probe,231142170,19,6415.0347296521195,True
geometry_early_optical_clear_probe,23956552,4,23.0,True
geometry_early_optical_clear_probe,23956552,12,71.0,True
geometry_early_optical_clear_probe,23956552,18,107.0,True
geometry_early_optical_clear_probe,23956552,19,276.2,True
geometry_early_optical_clear_probe,23956552,11,1367.0,True
geometry_early_optical_clear_probe,23956552,10,2138.6,True
geometry_early_optical_clear_probe,23956552,6,3461.6654054435844,True
geometry_early_optical_clear_probe,23956552,7,4161.265405443584,True
geometry_early_optical_clear_probe,23956552,15,4896.865405443584,True
geometry_early_optical_clear_probe,23956552,8,5126.065405443584,True
geometry_early_optical_clear_probe,23956552,13,5144.065405443584,True
geometry_early_optical_clear_probe,23956552,20,5337.265405443583,True
geometry_early_optical_clear_probe,23956552,17,5355.265405443583,True
geometry_early_optical_clear_probe,231965462,3,17.0,True
geometry_early_optical_clear_probe,231965462,19,113.0,True
geometry_early_optical_clear_probe,231965462,11,324.2,True
geometry_early_optical_clear_probe,231965462,8,342.2,True
geometry_early_optical_clear_probe,231965462,14,1342.0840751451792,True
geometry_early_optical_clear_probe,231965462,7,2903.5536712591947,True
geometry_early_optical_clear_probe,231965462,16,4700.597881388362,True
geometry_early_optical_clear_probe,231965462,9,4730.597881388362,True
geometry_early_optical_clear_probe,231965462,18,5146.997881388362,True
geometry_early_optical_clear_probe,231965462,2,7238.82370945493,True
geometry_early_optical_clear_probe,231965462,4,7244.82370945493,True
geometry_early_optical_clear_probe,6493912,9,53.0,True
geometry_early_optical_clear_probe,6493912,14,83.0,True
geometry_early_optical_clear_probe,6493912,3,372.2,True
geometry_early_optical_clear_probe,6493912,15,619.4,True
geometry_early_optical_clear_probe,6493912,17,816.555924881359,True
geometry_early_optical_clear_probe,6493912,6,2136.166562767625,True
geometry_early_optical_clear_probe,6493912,8,2148.166562767625,True
geometry_early_optical_clear_probe,6493912,18,2196.166562767625,True
geometry_early_optical_clear_probe,6493912,5,2437.3665627676246,True
geometry_early_optical_clear_probe,6493912,10,4119.3836194887035,True
geometry_early_optical_clear_probe,6493912,11,4674.070038016809,True
geometry_early_optical_clear_probe,6493912,2,5138.470038016809,True
geometry_early_optical_clear_probe,6493912,1,5295.670038016809,True
geometry_early_optical_clear_probe,3592848376,5,29.0,True
geometry_early_optical_clear_probe,3592848376,9,53.0,True
geometry_early_optical_clear_probe,3592848376,14,83.0,True
geometry_early_optical_clear_probe,3592848376,15,89.0,True
geometry_early_optical_clear_probe,3592848376,19,113.0,True
geometry_early_optical_clear_probe,3592848376,10,330.2,True
geometry_early_optical_clear_probe,3592848376,3,372.2,True
geometry_early_optical_clear_probe,3592848376,2,378.2,True
geometry_early_optical_clear_probe,3592848376,11,554.9060081738339,True
geometry_early_optical_clear_probe,3592848376,8,1036.2698625677658,True
geometry_early_optical_clear_probe,3592848376,17,2564.948286908659,True
geometry_early_optical_clear_probe,3592848376,7,2594.948286908659,True
geometry_early_optical_clear_probe,3592848376,20,4921.997461412097,True
geometry_early_optical_clear_probe,3592848376,18,5078.163857012378,True
geometry_early_optical_clear_probe,3592848376,13,5090.163857012378,True
geometry_early_optical_clear_probe,3592848376,6,5434.705182477386,True
geometry_early_optical_clear_probe,2841572551,3,17.0,True
geometry_early_optical_clear_probe,2841572551,16,95.0,True
geometry_early_optical_clear_probe,2841572551,19,276.2,True
geometry_early_optical_clear_probe,2841572551,18,282.2,True
geometry_early_optical_clear_probe,2841572551,14,306.2,True
geometry_early_optical_clear_probe,2841572551,10,330.2,True
geometry_early_optical_clear_probe,2841572551,9,336.2,True
geometry_early_optical_clear_probe,2841572551,20,1249.3868850315484,True
geometry_early_optical_clear_probe,2841572551,7,1532.5868850315485,True
geometry_early_optical_clear_probe,2841572551,5,2289.7789928677075,True
geometry_early_optical_clear_probe,2841572551,13,7678.451227284214,True
geometry_early_optical_clear_probe,3453478278,12,71.0,True
geometry_early_optical_clear_probe,3453478278,1,535.4,True
geometry_early_optical_clear_probe,3453478278,5,559.4,True
geometry_early_optical_clear_probe,3453478278,10,589.4,True
geometry_early_optical_clear_probe,3453478278,18,637.4,True
geometry_early_optical_clear_probe,3453478278,7,878.5999999999999,True
geometry_early_optical_clear_probe,3453478278,6,1095.8,True
geometry_early_optical_clear_probe,3453478278,16,1155.8,True
geometry_early_optical_clear_probe,3453478278,15,1753.5717875901105,True
geometry_early_optical_clear_probe,3453478278,4,3236.7385485893737,True
geometry_early_optical_clear_probe,3453478278,13,4055.3098379836374,True
geometry_early_optical_clear_probe,1952677518,19,113.0,True
geometry_early_optical_clear_probe,1952677518,18,282.2,True
geometry_early_optical_clear_probe,1952677518,15,300.2,True
geometry_early_optical_clear_probe,1952677518,12,318.2,True
geometry_early_optical_clear_probe,1952677518,11,324.2,True
geometry_early_optical_clear_probe,1952677518,6,354.2,True
geometry_early_optical_clear_probe,1952677518,17,812.5999999999999,True
geometry_early_optical_clear_probe,1952677518,16,1631.6857628728878,True
geometry_early_optical_clear_probe,1952677518,20,1643.6857628728878,True
geometry_early_optical_clear_probe,1952677518,4,4471.539375150454,True
geometry_early_optical_clear_probe,1952677518,1,6492.339375150453,True
geometry_early_optical_clear_probe,2279016970,3,17.0,True
geometry_early_optical_clear_probe,2279016970,5,29.0,True
geometry_early_optical_clear_probe,2279016970,6,35.0,True
geometry_early_optical_clear_probe,2279016970,11,65.0,True
geometry_early_optical_clear_probe,2279016970,15,300.2,True
geometry_early_optical_clear_probe,2279016970,20,1165.500469507908,True
geometry_early_optical_clear_probe,2279016970,14,1704.4352432992,True
geometry_early_optical_clear_probe,2279016970,12,1927.6352432992,True
geometry_early_optical_clear_probe,2279016970,18,2216.8352432992,True
geometry_early_optical_clear_probe,2279016970,19,2222.8352432992,True
geometry_early_optical_clear_probe,2279016970,13,2822.3087154889686,True
geometry_early_optical_clear_probe,2279016970,2,3250.9255961277267,True
geometry_early_optical_clear_probe,2279016970,10,3577.981084762961,True
geometry_early_optical_clear_probe,2279016970,1,3819.181084762961,True
geometry_early_optical_clear_probe,2279016970,8,4000.3810847629607,True
geometry_early_optical_clear_probe,2279016970,9,4006.3810847629607,True
geometry_early_optical_clear_probe,2210361645,13,77.0,True
geometry_early_optical_clear_probe,2210361645,16,95.0,True
geometry_early_optical_clear_probe,2210361645,17,101.0,True
geometry_early_optical_clear_probe,2210361645,20,270.2,True
geometry_early_optical_clear_probe,2210361645,2,378.2,True
geometry_early_optical_clear_probe,2210361645,10,899.1135088123433,True
geometry_early_optical_clear_probe,2210361645,3,1441.5135088123434,True
geometry_early_optical_clear_probe,2210361645,1,1453.5135088123434,True
geometry_early_optical_clear_probe,2210361645,5,2188.8808098967047,True
geometry_early_optical_clear_probe,2210361645,8,3872.1283625000833,True
geometry_early_optical_clear_probe,2210361645,18,5223.328362500082,True
geometry_early_optical_clear_probe,2210361645,11,5991.706988653684,True
geometry_early_optical_clear_probe,1823578564,2,11.0,True
geometry_early_optical_clear_probe,1823578564,3,17.0,True
geometry_early_optical_clear_probe,1823578564,15,89.0,True
geometry_early_optical_clear_probe,1823578564,18,107.0,True
geometry_early_optical_clear_probe,1823578564,14,601.4,True
geometry_early_optical_clear_probe,1823578564,17,1311.6201100024825,True
geometry_early_optical_clear_probe,1823578564,8,1353.6201100024825,True
geometry_early_optical_clear_probe,1823578564,7,2320.354890564561,True
geometry_early_optical_clear_probe,1823578564,4,2338.354890564561,True
geometry_early_optical_clear_probe,1823578564,1,3394.3548905645603,True
geometry_early_optical_clear_probe,1823578564,10,5251.330348633573,True
geometry_early_optical_clear_probe,1823578564,6,6727.1073830211935,True
geometry_early_optical_clear_probe,3063457657,12,71.0,True
geometry_early_optical_clear_probe,3063457657,18,282.2,True
geometry_early_optical_clear_probe,3063457657,15,300.2,True
geometry_early_optical_clear_probe,3063457657,11,324.2,True
geometry_early_optical_clear_probe,3063457657,7,867.6897379950501,True
geometry_early_optical_clear_probe,3063457657,6,2499.8414866287567,True
geometry_early_optical_clear_probe,3063457657,17,2940.2414866287563,True
geometry_early_optical_clear_probe,3063457657,19,3207.582671771297,True
geometry_early_optical_clear_probe,3063457657,13,3853.0534372442708,True
geometry_early_optical_clear_probe,3063457657,9,4088.2534372442706,True
geometry_early_optical_clear_probe,3063457657,14,4106.253437244271,True
geometry_early_optical_clear_probe,3063457657,2,7237.428570263703,True
geometry_early_optical_clear_probe,3063457657,10,7677.828570263702,True
geometry_early_optical_clear_probe,1553581297,5,29.0,True
geometry_early_optical_clear_probe,1553581297,13,77.0,True
geometry_early_optical_clear_probe,1553581297,18,107.0,True
geometry_early_optical_clear_probe,1553581297,19,113.0,True
geometry_early_optical_clear_probe,1553581297,17,2674.9999999999995,True
geometry_early_optical_clear_probe,1553581297,12,2880.1999999999994,True
geometry_early_optical_clear_probe,1553581297,11,3327.800737196345,True
geometry_early_optical_clear_probe,1553581297,7,4568.383102090626,True
geometry_early_optical_clear_probe,1553581297,2,5014.783102090626,True
geometry_early_optical_clear_probe,1553581297,20,5546.587102144461,True
geometry_early_optical_clear_probe,1553581297,1,7627.305490985034,True
geometry_early_optical_clear_probe,519220308,3,17.0,True
geometry_early_optical_clear_probe,519220308,12,71.0,True
geometry_early_optical_clear_probe,519220308,14,83.0,True
geometry_early_optical_clear_probe,519220308,15,89.0,True
geometry_early_optical_clear_probe,519220308,8,342.2,True
geometry_early_optical_clear_probe,519220308,5,360.2,True
geometry_early_optical_clear_probe,519220308,2,378.2,True
geometry_early_optical_clear_probe,519220308,7,571.4,True
geometry_early_optical_clear_probe,519220308,17,818.5999999999999,True
geometry_early_optical_clear_probe,519220308,1,1059.8,True
geometry_early_optical_clear_probe,519220308,18,1149.8,True
geometry_early_optical_clear_probe,519220308,9,1984.4537686758222,True
geometry_early_optical_clear_probe,519220308,4,2189.653768675822,True
geometry_early_optical_clear_probe,519220308,11,3816.550688741745,True
geometry_early_optical_clear_probe,519220308,19,6782.895598281893,True
geometry_early_optical_clear_probe,2574219811,9,53.0,True
geometry_early_optical_clear_probe,2574219811,20,270.2,True
geometry_early_optical_clear_probe,2574219811,5,559.4,True
geometry_early_optical_clear_probe,2574219811,19,643.4,True
geometry_early_optical_clear_probe,2574219811,14,1231.317818879281,True
geometry_early_optical_clear_probe,2574219811,17,2422.891102458531,True
geometry_early_optical_clear_probe,2574219811,13,2616.0911024585307,True
geometry_early_optical_clear_probe,2574219811,16,3488.051207589605,True
geometry_early_optical_clear_probe,2574219811,10,3922.4512075896046,True
geometry_early_optical_clear_probe,2574219811,8,7130.271732216465,True
geometry_early_optical_clear_probe,2061306358,18,107.0,True
geometry_early_optical_clear_probe,2061306358,13,312.2,True
geometry_early_optical_clear_probe,2061306358,2,378.2,True
geometry_early_optical_clear_probe,2061306358,14,613.4,True
geometry_early_optical_clear_probe,2061306358,7,878.5999999999999,True
geometry_early_optical_clear_probe,2061306358,20,1500.4421520777246,True
geometry_early_optical_clear_probe,2061306358,5,1572.4421520777246,True
geometry_early_optical_clear_probe,2061306358,3,2145.6165873667856,True
geometry_early_optical_clear_probe,2061306358,1,3873.2757469850135,True
geometry_early_optical_clear_probe,2061306358,16,4235.9566099355125,True
geometry_early_optical_clear_probe,2061306358,19,4540.2248618724125,True
geometry_early_optical_clear_probe,2061306358,8,4739.424861872412,True
geometry_early_optical_clear_probe,2061306358,11,4939.624861872412,True
geometry_early_optical_clear_probe,2061306358,12,5690.32885757862,True
geometry_early_optical_clear_probe,2061306358,17,7570.192291669467,True
geometry_early_optical_clear_probe,949187841,3,17.0,True
geometry_early_optical_clear_probe,949187841,5,29.0,True
geometry_early_optical_clear_probe,949187841,6,35.0,True
geometry_early_optical_clear_probe,949187841,14,83.0,True
geometry_early_optical_clear_probe,949187841,17,101.0,True
geometry_early_optical_clear_probe,949187841,12,318.2,True
geometry_early_optical_clear_probe,949187841,1,384.2,True
geometry_early_optical_clear_probe,949187841,19,637.4,True
geometry_early_optical_clear_probe,949187841,2,1079.8312346891885,True
geometry_early_optical_clear_probe,949187841,4,2037.3358945081764,True
geometry_early_optical_clear_probe,949187841,13,2841.9053089203135,True
geometry_early_optical_clear_probe,949187841,18,3023.1053089203133,True
geometry_early_optical_clear_probe,949187841,8,5766.632536742434,True
geometry_early_optical_clear_probe,1986786348,2,11.0,True
geometry_early_optical_clear_probe,1986786348,6,35.0,True
geometry_early_optical_clear_probe,1986786348,15,89.0,True
geometry_early_optical_clear_probe,1986786348,19,113.0,True
geometry_early_optical_clear_probe,1986786348,11,324.2,True
geometry_early_optical_clear_probe,1986786348,10,330.2,True
geometry_early_optical_clear_probe,1986786348,3,372.2,True
geometry_early_optical_clear_probe,1986786348,1,535.4,True
geometry_early_optical_clear_probe,1986786348,17,1438.3956963031271,True
geometry_early_optical_clear_probe,1986786348,13,1462.3956963031271,True
geometry_early_optical_clear_probe,1986786348,14,3102.4759927686096,True
geometry_early_optical_clear_probe,1986786348,7,3592.489136538198,True
geometry_early_optical_clear_probe,1986786348,4,4672.427165157602,True
geometry_early_optical_clear_probe,1986786348,20,6083.482062457879,True
geometry_early_optical_clear_probe,1986786348,9,6258.682062457879,True
geometry_early_optical_clear_probe,1986786348,8,6963.66586378585,True
geometry_early_optical_clear_probe,681904768,2,11.0,True
geometry_early_optical_clear_probe,681904768,17,101.0,True
geometry_early_optical_clear_probe,681904768,18,282.2,True
geometry_early_optical_clear_probe,681904768,1,384.2,True
geometry_early_optical_clear_probe,681904768,11,1892.6790342087193,True
geometry_early_optical_clear_probe,681904768,5,2578.0900207510385,True
geometry_early_optical_clear_probe,681904768,14,2831.2900207510384,True
geometry_early_optical_clear_probe,681904768,19,3012.490020751038,True
geometry_early_optical_clear_probe,681904768,15,4245.839996144427,True
geometry_early_optical_clear_probe,681904768,3,7748.106009604891,True
geometry_early_optical_clear_probe,2300705289,3,17.0,True
geometry_early_optical_clear_probe,2300705289,6,35.0,True
geometry_early_optical_clear_probe,2300705289,9,53.0,True
geometry_early_optical_clear_probe,2300705289,10,59.0,True
geometry_early_optical_clear_probe,2300705289,16,95.0,True
geometry_early_optical_clear_probe,2300705289,15,613.4,True
geometry_early_optical_clear_probe,2300705289,19,800.5999999999999,True
geometry_early_optical_clear_probe,2300705289,13,1333.3758909135684,True
geometry_early_optical_clear_probe,2300705289,11,1845.7758909135684,True
geometry_early_optical_clear_probe,2300705289,4,1875.7758909135684,True
geometry_early_optical_clear_probe,2300705289,1,1887.7758909135684,True
geometry_early_optical_clear_probe,2300705289,2,3715.4386317166636,True
geometry_early_optical_clear_probe,2300705289,20,4988.396971189431,True
geometry_early_optical_clear_probe,2300705289,18,5997.3192752698515,True
geometry_early_optical_clear_probe,2300705289,5,6772.272914844315,True
geometry_early_optical_clear_probe,1070704829,14,83.0,True
geometry_early_optical_clear_probe,1070704829,17,101.0,True
geometry_early_optical_clear_probe,1070704829,18,107.0,True
geometry_early_optical_clear_probe,1070704829,19,276.2,True
geometry_early_optical_clear_probe,1070704829,7,348.2,True
geometry_early_optical_clear_probe,1070704829,1,890.5999999999999,True
geometry_early_optical_clear_probe,1070704829,9,2020.6251359565908,True
geometry_early_optical_clear_probe,1070704829,16,2056.625135956591,True
geometry_early_optical_clear_probe,1070704829,15,2955.42513595659,True
geometry_early_optical_clear_probe,1070704829,20,2961.42513595659,True
geometry_early_optical_clear_probe,1070704829,10,3142.62513595659,True
geometry_early_optical_clear_probe,1070704829,6,5045.047081056242,True
geometry_early_optical_clear_probe,1070704829,11,5261.087686408034,True
geometry_early_optical_clear_probe,1070704829,2,6794.644532840241,True
geometry_early_optical_clear_probe,138713668,4,23.0,True
geometry_early_optical_clear_probe,138713668,6,35.0,True
geometry_early_optical_clear_probe,138713668,12,71.0,True
geometry_early_optical_clear_probe,138713668,19,276.2,True
geometry_early_optical_clear_probe,138713668,15,300.2,True
geometry_early_optical_clear_probe,138713668,9,336.2,True
geometry_early_optical_clear_probe,138713668,8,577.4,True
geometry_early_optical_clear_probe,138713668,2,1858.034085667426,True
geometry_early_optical_clear_probe,138713668,10,2316.434085667426,True
geometry_early_optical_clear_probe,138713668,1,2791.8671845884664,True
geometry_early_optical_clear_probe,138713668,7,2995.2380831076084,True
geometry_early_optical_clear_probe,138713668,16,4196.075131311896,True
geometry_early_optical_clear_probe,4217036170,3,17.0,True
geometry_early_optical_clear_probe,4217036170,19,113.0,True
geometry_early_optical_clear_probe,4217036170,7,348.2,True
geometry_early_optical_clear_probe,4217036170,6,565.4,True
geometry_early_optical_clear_probe,4217036170,2,2253.3314715123656,True
geometry_early_optical_clear_probe,4217036170,20,5249.731471512364,True
geometry_early_optical_clear_probe,4217036170,17,6580.11737164606,True
geometry_early_optical_clear_probe,4217036170,5,6815.31737164606,True
geometry_early_optical_clear_probe,4217036170,11,6839.31737164606,True
geometry_early_optical_clear_probe,4217036170,14,6857.31737164606,True
geometry_early_optical_clear_probe,4217036170,8,7253.315545188147,True
geometry_early_optical_clear_probe,4217036170,12,7570.453079585918,True
geometry_early_optical_clear_probe,2138578773,1,5.0,True
geometry_early_optical_clear_probe,2138578773,5,360.2,True
geometry_early_optical_clear_probe,2138578773,16,625.4,True
geometry_early_optical_clear_probe,2138578773,17,631.4,True
geometry_early_optical_clear_probe,2138578773,10,871.4783630630246,True
geometry_early_optical_clear_probe,2138578773,12,2143.4783630630245,True
geometry_early_optical_clear_probe,2138578773,8,2402.6783630630243,True
geometry_early_optical_clear_probe,2138578773,4,5386.4004708164475,True
geometry_early_optical_clear_probe,2138578773,14,5919.347205965394,True
geometry_early_optical_clear_probe,2138578773,6,5949.347205965394,True
geometry_early_optical_clear_probe,2138578773,7,7246.547205965393,True
geometry_early_optical_clear_probe,1079616216,3,17.0,True
geometry_early_optical_clear_probe,1079616216,7,41.0,True
geometry_early_optical_clear_probe,1079616216,9,53.0,True
geometry_early_optical_clear_probe,1079616216,11,65.0,True
geometry_early_optical_clear_probe,1079616216,14,83.0,True
geometry_early_optical_clear_probe,1079616216,20,119.0,True
geometry_early_optical_clear_probe,1079616216,5,360.2,True
geometry_early_optical_clear_probe,1079616216,12,836.5999999999999,True
geometry_early_optical_clear_probe,1079616216,2,1053.8,True
geometry_early_optical_clear_probe,1079616216,6,1361.0,True
geometry_early_optical_clear_probe,1079616216,10,1578.2,True
geometry_early_optical_clear_probe,1079616216,18,1789.4,True
geometry_early_optical_clear_probe,1079616216,8,2383.6865726617157,True
geometry_early_optical_clear_probe,1079616216,1,2413.6865726617157,True
geometry_early_optical_clear_probe,1079616216,13,3030.7172543535285,True
geometry_early_optical_clear_probe,1079616216,4,6451.4542465322575,True
geometry_early_optical_clear_probe,200278082,7,41.0,True
geometry_early_optical_clear_probe,200278082,10,330.2,True
geometry_early_optical_clear_probe,200278082,9,336.2,True
geometry_early_optical_clear_probe,200278082,8,342.2,True
geometry_early_optical_clear_probe,200278082,16,569.0759083687915,True
geometry_early_optical_clear_probe,200278082,6,3636.573179832098,True
geometry_early_optical_clear_probe,200278082,15,4443.199007898667,True
geometry_early_optical_clear_probe,200278082,18,5956.319037518125,True
geometry_early_optical_clear_probe,200278082,19,6233.519037518125,True
geometry_early_optical_clear_probe,200278082,2,6456.719037518124,True
geometry_early_optical_clear_probe,148074804,7,41.0,True
geometry_early_optical_clear_probe,148074804,12,71.0,True
geometry_early_optical_clear_probe,148074804,17,101.0,True
geometry_early_optical_clear_probe,148074804,19,113.0,True
geometry_early_optical_clear_probe,148074804,11,1450.0776555023629,True
geometry_early_optical_clear_probe,148074804,10,1456.0776555023629,True
geometry_early_optical_clear_probe,148074804,13,2036.1320155397284,True
geometry_early_optical_clear_probe,148074804,18,3369.5733068086174,True
geometry_early_optical_clear_probe,148074804,15,7703.318001526538,True
geometry_early_optical_clear_probe,148074804,6,8545.107827218468,True
geometry_early_optical_clear_probe,1558068565,8,47.0,True
geometry_early_optical_clear_probe,1558068565,13,77.0,True
geometry_early_optical_clear_probe,1558068565,16,95.0,True
geometry_early_optical_clear_probe,1558068565,19,113.0,True
geometry_early_optical_clear_probe,1558068565,20,270.2,True
geometry_early_optical_clear_probe,1558068565,5,360.2,True
geometry_early_optical_clear_probe,1558068565,2,378.2,True
geometry_early_optical_clear_probe,1558068565,11,1174.5315696579385,True
geometry_early_optical_clear_probe,1558068565,18,1210.5315696579385,True
geometry_early_optical_clear_probe,1558068565,7,1439.7315696579385,True
geometry_early_optical_clear_probe,1558068565,9,3129.93995061268,True
geometry_early_optical_clear_probe,1558068565,6,4319.284496879736,True
geometry_early_optical_clear_probe,1558068565,17,4895.94544804898,True
geometry_early_optical_clear_probe,1558068565,15,7304.2873075226835,True
geometry_early_optical_clear_probe,2686044119,12,71.0,True
geometry_early_optical_clear_probe,2686044119,17,101.0,True
geometry_early_optical_clear_probe,2686044119,19,113.0,True
geometry_early_optical_clear_probe,2686044119,20,119.0,True
geometry_early_optical_clear_probe,2686044119,14,306.2,True
geometry_early_optical_clear_probe,2686044119,10,537.1730209317839,True
geometry_early_optical_clear_probe,2686044119,11,759.1717148558104,True
geometry_early_optical_clear_probe,2686044119,15,1452.842255155497,True
geometry_early_optical_clear_probe,2686044119,18,1723.19983155841,True
geometry_early_optical_clear_probe,2686044119,1,1985.8794960957307,True
geometry_early_optical_clear_probe,2686044119,16,2209.0794960957305,True
geometry_early_optical_clear_probe,2686044119,9,2351.4963107724666,True
geometry_early_optical_clear_probe,2686044119,7,2363.4963107724666,True
geometry_early_optical_clear_probe,2686044119,6,3352.5777730748273,True
geometry_early_optical_clear_probe,2686044119,4,4341.444687795747,True
geometry_early_optical_clear_probe,2686044119,8,6832.502051286834,True
geometry_early_optical_clear_probe,3555359961,5,29.0,True
geometry_early_optical_clear_probe,3555359961,9,53.0,True
geometry_early_optical_clear_probe,3555359961,20,119.0,True
geometry_early_optical_clear_probe,3555359961,19,276.2,True
geometry_early_optical_clear_probe,3555359961,1,384.2,True
geometry_early_optical_clear_probe,3555359961,18,1026.7192164032856,True
geometry_early_optical_clear_probe,3555359961,8,1184.8678085775487,True
geometry_early_optical_clear_probe,3555359961,12,1490.5734224309642,True
geometry_early_optical_clear_probe,3555359961,13,2178.1734224309644,True
geometry_early_optical_clear_probe,3555359961,4,5604.4701931013615,True
geometry_early_optical_clear_probe,3555359961,14,6585.824355654402,True
geometry_early_optical_clear_probe,3555359961,2,6621.824355654402,True
geometry_early_optical_clear_probe,3294853973,14,83.0,True
geometry_early_optical_clear_probe,3294853973,10,589.4,True
geometry_early_optical_clear_probe,3294853973,17,818.5999999999999,True
geometry_early_optical_clear_probe,3294853973,13,1125.8,True
geometry_early_optical_clear_probe,3294853973,11,1361.0,True
geometry_early_optical_clear_probe,3294853973,20,2235.7254059593542,True
geometry_early_optical_clear_probe,3294853973,3,2640.125405959354,True
geometry_early_optical_clear_probe,3294853973,15,2894.3254059593537,True
geometry_early_optical_clear_probe,3294853973,8,2912.3254059593537,True
geometry_early_optical_clear_probe,3294853973,16,3817.125405959353,True
geometry_early_optical_clear_probe,150445686,8,47.0,True
geometry_early_optical_clear_probe,150445686,13,77.0,True
geometry_early_optical_clear_probe,150445686,18,107.0,True
geometry_early_optical_clear_probe,150445686,20,119.0,True
geometry_early_optical_clear_probe,150445686,17,288.2,True
geometry_early_optical_clear_probe,150445686,9,583.4,True
geometry_early_optical_clear_probe,150445686,19,643.4,True
geometry_early_optical_clear_probe,150445686,16,811.8396184024914,True
geometry_early_optical_clear_probe,150445686,3,1364.1213760602925,True
geometry_early_optical_clear_probe,150445686,1,2058.6750746581124,True
geometry_early_optical_clear_probe,150445686,12,2118.6750746581124,True
geometry_early_optical_clear_probe,150445686,15,2305.875074658112,True
geometry_early_optical_clear_probe,150445686,14,2311.875074658112,True
geometry_early_optical_clear_probe,150445686,7,2817.627171548184,True
geometry_early_optical_clear_probe,150445686,5,3444.8822945449933,True
geometry_early_optical_clear_probe,150445686,11,6693.618629891595,True
geometry_early_optical_clear_probe,3521149144,8,47.0,True
geometry_early_optical_clear_probe,3521149144,11,65.0,True
geometry_early_optical_clear_probe,3521149144,15,300.2,True
geometry_early_optical_clear_probe,3521149144,20,1284.8557579294356,True
geometry_early_optical_clear_probe,3521149144,9,1592.0557579294357,True
geometry_early_optical_clear_probe,3521149144,10,1598.0557579294357,True
geometry_early_optical_clear_probe,3521149144,16,1827.2557579294357,True
geometry_early_optical_clear_probe,3521149144,12,2805.045305650974,True
geometry_early_optical_clear_probe,3521149144,14,4027.974751774418,True
geometry_early_optical_clear_probe,3521149144,2,4081.974751774418,True
geometry_early_optical_clear_probe,3521149144,6,4607.916295682102,True
geometry_early_optical_clear_probe,2754517529,11,65.0,True
geometry_early_optical_clear_probe,2754517529,19,113.0,True
geometry_early_optical_clear_probe,2754517529,20,270.2,True
geometry_early_optical_clear_probe,2754517529,13,782.499547020264,True
geometry_early_optical_clear_probe,2754517529,15,1298.0790842180943,True
geometry_early_optical_clear_probe,2754517529,14,1304.0790842180943,True
geometry_early_optical_clear_probe,2754517529,12,1587.2790842180943,True
geometry_early_optical_clear_probe,2754517529,2,3611.9525371537666,True
geometry_early_optical_clear_probe,2754517529,18,4751.783013358004,True
geometry_early_optical_clear_probe,2754517529,7,5235.361793062386,True
geometry_early_optical_clear_probe,2754517529,1,5452.786308621936,True
geometry_early_optical_clear_probe,2754517529,3,6586.9363950645975,True
geometry_early_optical_clear_probe,2031810943,4,23.0,True
geometry_early_optical_clear_probe,2031810943,7,41.0,True
geometry_early_optical_clear_probe,2031810943,16,95.0,True
geometry_early_optical_clear_probe,2031810943,15,300.2,True
geometry_early_optical_clear_probe,2031810943,5,360.2,True
geometry_early_optical_clear_probe,2031810943,18,631.4,True
geometry_early_optical_clear_probe,2031810943,19,1149.8,True
geometry_early_optical_clear_probe,2031810943,10,2064.5047034969757,True
geometry_early_optical_clear_probe,2031810943,2,3942.6122406283625,True
geometry_early_optical_clear_probe,2031810943,1,4407.012240628362,True
geometry_early_optical_clear_probe,2031810943,6,5282.401371588698,True
geometry_early_optical_clear_probe,2031810943,17,5746.801371588697,True
geometry_early_optical_clear_probe,2031810943,11,6145.201371588697,True
geometry_early_optical_clear_probe,2682843493,1,5.0,True
geometry_early_optical_clear_probe,2682843493,9,53.0,True
geometry_early_optical_clear_probe,2682843493,20,119.0,True
geometry_early_optical_clear_probe,2682843493,15,300.2,True
geometry_early_optical_clear_probe,2682843493,14,306.2,True
geometry_early_optical_clear_probe,2682843493,5,560.2777122818648,True
geometry_early_optical_clear_probe,2682843493,13,831.4777122818648,True
geometry_early_optical_clear_probe,2682843493,8,1078.6777122818648,True
geometry_early_optical_clear_probe,2682843493,4,1470.4291169258042,True
geometry_early_optical_clear_probe,2682843493,11,2597.5843196802693,True
geometry_early_optical_clear_probe,2682843493,6,2615.5843196802693,True
geometry_early_optical_clear_probe,2682843493,16,3190.3949144619837,True
geometry_early_optical_clear_probe,2682843493,2,3734.432371015351,True
geometry_early_optical_clear_probe,2682843493,19,5773.839774509581,True
geometry_early_optical_clear_probe,2682843493,10,5985.039774509581,True
geometry_early_optical_clear_probe,1592270823,6,35.0,True
geometry_early_optical_clear_probe,1592270823,11,65.0,True
geometry_early_optical_clear_probe,1592270823,2,541.4,True
geometry_early_optical_clear_probe,1592270823,14,613.4,True
geometry_early_optical_clear_probe,1592270823,7,878.5999999999999,True
geometry_early_optical_clear_probe,1592270823,19,1474.0662519192842,True
geometry_early_optical_clear_probe,1592270823,18,1480.0662519192842,True
geometry_early_optical_clear_probe,1592270823,3,2093.767312055462,True
geometry_early_optical_clear_probe,1592270823,13,2890.3768299956114,True
geometry_early_optical_clear_probe,1592270823,20,3396.776829995611,True
geometry_early_optical_clear_probe,1592270823,17,3947.4507196736913,True
geometry_early_optical_clear_probe,1115607800,10,59.0,True
geometry_early_optical_clear_probe,1115607800,18,107.0,True
geometry_early_optical_clear_probe,1115607800,14,306.2,True
geometry_early_optical_clear_probe,1115607800,7,348.2,True
geometry_early_optical_clear_probe,1115607800,6,354.2,True
geometry_early_optical_clear_probe,1115607800,4,553.4,True
geometry_early_optical_clear_probe,1115607800,13,842.5999999999999,True
geometry_early_optical_clear_probe,1115607800,11,1942.2108844213162,True
geometry_early_optical_clear_probe,1115607800,9,2331.7382275416053,True
geometry_early_optical_clear_probe,1115607800,19,3626.732197875398,True
geometry_early_optical_clear_probe,1115607800,1,4692.170466753948,True
geometry_early_optical_clear_probe,1115607800,12,6601.899582528822,True
geometry_early_optical_clear_probe,1115607800,3,7241.4995825288215,True
geometry_early_optical_clear_probe,1115607800,2,7504.624472753695,True
geometry_early_optical_clear_probe,496504054,14,83.0,True
geometry_early_optical_clear_probe,496504054,16,294.2,True
geometry_early_optical_clear_probe,496504054,8,342.2,True
geometry_early_optical_clear_probe,496504054,17,631.4,True
geometry_early_optical_clear_probe,496504054,6,1131.3567811530422,True
geometry_early_optical_clear_probe,496504054,5,1643.7567811530423,True
geometry_early_optical_clear_probe,496504054,7,1655.7567811530423,True
geometry_early_optical_clear_probe,496504054,18,3262.660675593008,True
geometry_early_optical_clear_probe,496504054,4,5683.196390741477,True
geometry_early_optical_clear_probe,496504054,1,5852.396390741477,True
geometry_early_optical_clear_probe,1941400678,8,47.0,True
geometry_early_optical_clear_probe,1941400678,10,59.0,True
geometry_early_optical_clear_probe,1941400678,11,65.0,True
geometry_early_optical_clear_probe,1941400678,4,538.3586913047574,True
geometry_early_optical_clear_probe,1941400678,14,592.3586913047574,True
geometry_early_optical_clear_probe,1941400678,18,616.3586913047574,True
geometry_early_optical_clear_probe,1941400678,13,809.0516450659295,True
geometry_early_optical_clear_probe,1941400678,2,2810.5664792233056,True
geometry_early_optical_clear_probe,1941400678,7,4914.436635331565,True
geometry_early_optical_clear_probe,1941400678,20,5914.756532815232,True
geometry_early_optical_clear_probe,1941400678,1,5980.756532815232,True
geometry_early_optical_clear_probe,1941400678,17,8232.692875162771,True
geometry_early_optical_clear_probe,2297634885,2,11.0,True
geometry_early_optical_clear_probe,2297634885,3,17.0,True
geometry_early_optical_clear_probe,2297634885,12,71.0,True
geometry_early_optical_clear_probe,2297634885,20,119.0,True
geometry_early_optical_clear_probe,2297634885,11,324.2,True
geometry_early_optical_clear_probe,2297634885,6,354.2,True
geometry_early_optical_clear_probe,2297634885,16,1354.9747462317362,True
geometry_early_optical_clear_probe,2297634885,5,1414.9747462317362,True
geometry_early_optical_clear_probe,2297634885,14,1816.6055363272476,True
geometry_early_optical_clear_probe,2297634885,13,3506.350448901976,True
geometry_early_optical_clear_probe,2297634885,15,4652.614167719368,True
geometry_early_optical_clear_probe,2297634885,7,7337.39182694275,True
geometry_early_optical_clear_probe,266477703,6,35.0,True
geometry_early_optical_clear_probe,266477703,12,71.0,True
geometry_early_optical_clear_probe,266477703,19,113.0,True
geometry_early_optical_clear_probe,266477703,13,312.2,True
geometry_early_optical_clear_probe,266477703,7,348.2,True
geometry_early_optical_clear_probe,266477703,4,366.2,True
geometry_early_optical_clear_probe,266477703,3,372.2,True
geometry_early_optical_clear_probe,266477703,20,896.8544526307961,True
geometry_early_optical_clear_probe,266477703,8,1430.636623577921,True
geometry_early_optical_clear_probe,266477703,15,1901.036623577921,True
geometry_early_optical_clear_probe,2587732200,6,35.0,True
geometry_early_optical_clear_probe,2587732200,10,59.0,True
geometry_early_optical_clear_probe,2587732200,16,95.0,True
geometry_early_optical_clear_probe,2587732200,18,107.0,True
geometry_early_optical_clear_probe,2587732200,12,318.2,True
geometry_early_optical_clear_probe,2587732200,13,650.5584818931684,True
geometry_early_optical_clear_probe,2587732200,14,656.5584818931684,True
geometry_early_optical_clear_probe,2587732200,15,662.5584818931684,True
geometry_early_optical_clear_probe,2587732200,19,3776.7757599105635,True
geometry_early_optical_clear_probe,2587732200,17,4173.001587977134,True
geometry_early_optical_clear_probe,2587732200,20,7642.796868506334,True
geometry_early_optical_clear_probe,3508982698,2,11.0,True
geometry_early_optical_clear_probe,3508982698,10,59.0,True
geometry_early_optical_clear_probe,3508982698,11,324.2,True
geometry_early_optical_clear_probe,3508982698,3,372.2,True
geometry_early_optical_clear_probe,3508982698,17,781.4533145376793,True
geometry_early_optical_clear_probe,3508982698,13,805.4533145376793,True
geometry_early_optical_clear_probe,3508982698,5,1547.0533145376794,True
geometry_early_optical_clear_probe,3508982698,16,1812.2533145376794,True
geometry_early_optical_clear_probe,3508982698,14,1824.2533145376794,True
geometry_early_optical_clear_probe,3508982698,4,2047.4533145376795,True
geometry_early_optical_clear_probe,3508982698,15,2324.6533145376793,True
geometry_early_optical_clear_probe,3508982698,9,4057.0140928238056,True
geometry_early_optical_clear_probe,3508982698,18,5058.703188634114,True
geometry_early_optical_clear_probe,3508982698,7,5820.739659858876,True
geometry_early_optical_clear_probe,3508982698,8,7225.672428070141,True
geometry_early_optical_clear_probe,2449346588,8,47.0,True
geometry_early_optical_clear_probe,2449346588,12,71.0,True
geometry_early_optical_clear_probe,2449346588,19,113.0,True
geometry_early_optical_clear_probe,2449346588,11,324.2,True
geometry_early_optical_clear_probe,2449346588,1,384.2,True
geometry_early_optical_clear_probe,2449346588,15,1036.9302349803818,True
geometry_early_optical_clear_probe,2449346588,13,2327.6840634580512,True
geometry_early_optical_clear_probe,2449346588,6,2568.884063458051,True
geometry_early_optical_clear_probe,2449346588,10,3008.0030648384973,True
geometry_early_optical_clear_probe,2449346588,2,3962.908659331968,True
geometry_early_optical_clear_probe,2449346588,5,4144.108659331968,True
geometry_early_optical_clear_probe,4161204011,10,59.0,True
geometry_early_optical_clear_probe,4161204011,17,288.2,True
geometry_early_optical_clear_probe,4161204011,13,312.2,True
geometry_early_optical_clear_probe,4161204011,12,613.6568154141087,True
geometry_early_optical_clear_probe,4161204011,20,661.6568154141087,True
geometry_early_optical_clear_probe,4161204011,11,866.8568154141087,True
geometry_early_optical_clear_probe,4161204011,9,1202.6806163114147,True
geometry_early_optical_clear_probe,4161204011,18,1244.6806163114147,True
geometry_early_optical_clear_probe,4161204011,4,1491.8806163114148,True
geometry_early_optical_clear_probe,4161204011,1,2859.382030974137,True
geometry_early_optical_clear_probe,4161204011,19,4837.055773699531,True
geometry_early_optical_clear_probe,4161204011,5,8526.894919375804,True
geometry_early_optical_clear_probe,1501159380,4,23.0,True
geometry_early_optical_clear_probe,1501159380,7,41.0,True
geometry_early_optical_clear_probe,1501159380,9,53.0,True
geometry_early_optical_clear_probe,1501159380,15,89.0,True
geometry_early_optical_clear_probe,1501159380,13,312.2,True
geometry_early_optical_clear_probe,1501159380,1,867.4227844123828,True
geometry_early_optical_clear_probe,1501159380,19,1077.3672677204627,True
geometry_early_optical_clear_probe,1501159380,10,1288.5672677204627,True
geometry_early_optical_clear_probe,1501159380,8,1584.3325050379149,True
geometry_early_optical_clear_probe,1501159380,6,3073.153784695815,True
geometry_early_optical_clear_probe,1501159380,5,6451.638968893112,True
geometry_early_optical_clear_probe,1501159380,2,7676.640628591064,True
geometry_early_optical_clear_probe,3725329685,4,23.0,True
geometry_early_optical_clear_probe,3725329685,13,77.0,True
geometry_early_optical_clear_probe,3725329685,20,270.2,True
geometry_early_optical_clear_probe,3725329685,7,348.2,True
geometry_early_optical_clear_probe,3725329685,11,856.9108953107727,True
geometry_early_optical_clear_probe,3725329685,2,904.9108953107727,True
geometry_early_optical_clear_probe,3725329685,6,1086.1108953107728,True
geometry_early_optical_clear_probe,3725329685,15,1140.1108953107728,True
geometry_early_optical_clear_probe,3725329685,18,1333.3108953107728,True
geometry_early_optical_clear_probe,3725329685,8,1604.5108953107729,True
geometry_early_optical_clear_probe,3725329685,10,1616.5108953107729,True
geometry_early_optical_clear_probe,3725329685,9,2297.8733272915624,True
geometry_early_optical_clear_probe,3725329685,12,2508.9869622438623,True
geometry_early_optical_clear_probe,3725329685,5,5385.77359240052,True
geometry_early_optical_clear_probe,3725329685,19,5421.77359240052,True
geometry_early_optical_clear_probe,3725329685,14,7698.189996878578,True
geometry_early_optical_clear_probe,3392447055,2,11.0,True
geometry_early_optical_clear_probe,3392447055,4,23.0,True
geometry_early_optical_clear_probe,3392447055,6,35.0,True
geometry_early_optical_clear_probe,3392447055,9,53.0,True
geometry_early_optical_clear_probe,3392447055,13,77.0,True
geometry_early_optical_clear_probe,3392447055,20,119.0,True
geometry_early_optical_clear_probe,3392447055,19,276.2,True
geometry_early_optical_clear_probe,3392447055,14,1347.008550459907,True
geometry_early_optical_clear_probe,3392447055,5,2319.978892840125,True
geometry_early_optical_clear_probe,3392447055,16,2367.978892840125,True
geometry_early_optical_clear_probe,3392447055,12,2762.0793516520275,True
geometry_early_optical_clear_probe,3392447055,17,3746.5786353363733,True
geometry_early_optical_clear_probe,3392447055,8,5155.995548897063,True
geometry_early_optical_clear_probe,3392447055,7,6036.695111818481,True
geometry_early_optical_clear_probe,497730453,18,107.0,True
geometry_early_optical_clear_probe,497730453,16,294.2,True
geometry_early_optical_clear_probe,497730453,5,360.2,True
geometry_early_optical_clear_probe,497730453,7,571.4,True
geometry_early_optical_clear_probe,497730453,12,601.4,True
geometry_early_optical_clear_probe,497730453,4,978.6362356393083,True
geometry_early_optical_clear_probe,497730453,1,1321.8362356393084,True
geometry_early_optical_clear_probe,497730453,8,2709.2159171471408,True
geometry_early_optical_clear_probe,497730453,10,3389.00972453686,True
geometry_early_optical_clear_probe,497730453,9,3707.5020172427808,True
geometry_early_optical_clear_probe,497730453,15,3737.5020172427808,True
geometry_early_optical_clear_probe,497730453,17,3743.5020172427808,True
geometry_early_optical_clear_probe,497730453,14,4189.902017242781,True
geometry_early_optical_clear_probe,497730453,19,4207.902017242781,True
geometry_early_optical_clear_probe,497730453,13,7812.100540560011,True
geometry_early_optical_clear_probe,463228149,8,47.0,True
geometry_early_optical_clear_probe,463228149,10,59.0,True
geometry_early_optical_clear_probe,463228149,15,89.0,True
geometry_early_optical_clear_probe,463228149,18,282.2,True
geometry_early_optical_clear_probe,463228149,1,535.4,True
geometry_early_optical_clear_probe,463228149,12,595.4,True
geometry_early_optical_clear_probe,463228149,20,1287.549740165628,True
geometry_early_optical_clear_probe,463228149,19,1661.2805500246795,True
geometry_early_optical_clear_probe,463228149,11,1697.2805500246795,True
geometry_early_optical_clear_probe,463228149,2,1890.4805500246796,True
geometry_early_optical_clear_probe,463228149,7,5355.104677681732,True
geometry_early_optical_clear_probe,463228149,9,6616.304677681731,True
geometry_early_optical_clear_probe,2506060275,6,35.0,True
geometry_early_optical_clear_probe,2506060275,12,71.0,True
geometry_early_optical_clear_probe,2506060275,13,77.0,True
geometry_early_optical_clear_probe,2506060275,14,83.0,True
geometry_early_optical_clear_probe,2506060275,15,89.0,True
geometry_early_optical_clear_probe,2506060275,2,896.5999999999999,True
geometry_early_optical_clear_probe,2506060275,7,1618.451532515612,True
geometry_early_optical_clear_probe,2506060275,1,2275.048355885096,True
geometry_early_optical_clear_probe,2506060275,19,2491.930069120239,True
geometry_early_optical_clear_probe,2506060275,10,5057.999374460313,True
geometry_early_optical_clear_probe,2506060275,17,5931.889276938226,True
geometry_early_optical_clear_probe,2506060275,3,6755.004270785714,True
geometry_early_optical_clear_probe,2582522920,11,65.0,True
geometry_early_optical_clear_probe,2582522920,13,77.0,True
geometry_early_optical_clear_probe,2582522920,16,95.0,True
geometry_early_optical_clear_probe,2582522920,18,107.0,True
geometry_early_optical_clear_probe,2582522920,20,270.2,True
geometry_early_optical_clear_probe,2582522920,7,348.2,True
geometry_early_optical_clear_probe,2582522920,3,547.4,True
geometry_early_optical_clear_probe,2582522920,19,774.1301490635766,True
geometry_early_optical_clear_probe,2582522920,2,1006.9109299912005,True
geometry_early_optical_clear_probe,2582522920,6,1030.9109299912006,True
geometry_early_optical_clear_probe,2582522920,15,1796.013175391228,True
geometry_early_optical_clear_probe,2582522920,12,1814.013175391228,True
geometry_early_optical_clear_probe,2582522920,9,2369.970208951509,True
geometry_early_optical_clear_probe,2582522920,17,3695.9331961087214,True
geometry_early_optical_clear_probe,2582522920,10,3719.9331961087214,True
geometry_early_optical_clear_probe,2256908668,3,17.0,True
geometry_early_optical_clear_probe,2256908668,4,23.0,True
geometry_early_optical_clear_probe,2256908668,10,59.0,True
geometry_early_optical_clear_probe,2256908668,16,95.0,True
geometry_early_optical_clear_probe,2256908668,19,113.0,True
geometry_early_optical_clear_probe,2256908668,15,300.2,True
geometry_early_optical_clear_probe,2256908668,6,592.6452038923487,True
geometry_early_optical_clear_probe,2256908668,7,2037.996997374188,True
geometry_early_optical_clear_probe,2256908668,20,3060.22489936429,True
geometry_early_optical_clear_probe,2256908668,1,3747.913544692288,True
geometry_early_optical_clear_probe,1501471107,14,83.0,True
geometry_early_optical_clear_probe,1501471107,15,89.0,True
geometry_early_optical_clear_probe,1501471107,6,354.2,True
geometry_early_optical_clear_probe,1501471107,5,360.2,True
geometry_early_optical_clear_probe,1501471107,16,824.5999999999999,True
geometry_early_optical_clear_probe,1501471107,8,1066.1557717003807,True
geometry_early_optical_clear_probe,1501471107,18,1260.4332595604417,True
geometry_early_optical_clear_probe,1501471107,10,1549.6332595604417,True
geometry_early_optical_clear_probe,1501471107,12,1894.3180713278969,True
geometry_early_optical_clear_probe,1501471107,11,2147.518071327897,True
geometry_early_optical_clear_probe,1501471107,19,2177.518071327897,True
geometry_early_optical_clear_probe,1501471107,20,2334.7180713278967,True
geometry_early_optical_clear_probe,1501471107,9,3057.2682720653625,True
geometry_early_optical_clear_probe,1501471107,17,3081.2682720653625,True
geometry_early_optical_clear_probe,1501471107,1,7071.2071474196655,True
geometry_early_optical_clear_probe,3903537548,1,5.0,True
geometry_early_optical_clear_probe,3903537548,5,29.0,True
geometry_early_optical_clear_probe,3903537548,13,77.0,True
geometry_early_optical_clear_probe,3903537548,14,83.0,True
geometry_early_optical_clear_probe,3903537548,16,95.0,True
geometry_early_optical_clear_probe,3903537548,3,372.2,True
geometry_early_optical_clear_probe,3903537548,17,626.4,True
geometry_early_optical_clear_probe,3903537548,20,2189.4509138618378,True
geometry_early_optical_clear_probe,3903537548,18,2357.6535165406076,True
geometry_early_optical_clear_probe,3903537548,6,2423.6535165406076,True
geometry_early_optical_clear_probe,3903537548,12,2646.8535165406074,True
geometry_early_optical_clear_probe,3903537548,2,2930.0535165406072,True
geometry_early_optical_clear_probe,3903537548,15,6195.663766833206,True
geometry_early_optical_clear_probe,3903537548,9,6394.863766833206,True
geometry_early_optical_clear_probe,3903537548,4,6823.263766833205,True
geometry_early_optical_clear_probe,3903537548,10,7185.663766833205,True
geometry_early_optical_clear_probe,3918003364,3,17.0,True
geometry_early_optical_clear_probe,3918003364,5,29.0,True
geometry_early_optical_clear_probe,3918003364,7,41.0,True
geometry_early_optical_clear_probe,3918003364,8,47.0,True
geometry_early_optical_clear_probe,3918003364,10,59.0,True
geometry_early_optical_clear_probe,3918003364,17,288.2,True
geometry_early_optical_clear_probe,3918003364,14,306.2,True
geometry_early_optical_clear_probe,3918003364,11,324.2,True
geometry_early_optical_clear_probe,3918003364,18,637.4,True
geometry_early_optical_clear_probe,3918003364,2,889.67477531953,True
geometry_early_optical_clear_probe,3918003364,16,1490.2995494203255,True
geometry_early_optical_clear_probe,3918003364,15,2129.8995494203255,True
geometry_early_optical_clear_probe,3918003364,6,3429.570745748696,True
geometry_early_optical_clear_probe,1547569107,2,11.0,True
geometry_early_optical_clear_probe,1547569107,7,41.0,True
geometry_early_optical_clear_probe,1547569107,13,77.0,True
geometry_early_optical_clear_probe,1547569107,17,101.0,True
geometry_early_optical_clear_probe,1547569107,18,107.0,True
geometry_early_optical_clear_probe,1547569107,16,836.9398839857273,True
geometry_early_optical_clear_probe,1547569107,15,1298.2134652961442,True
geometry_early_optical_clear_probe,1547569107,4,1974.6500117955845,True
geometry_early_optical_clear_probe,1547569107,1,4823.175356874649,True
geometry_early_optical_clear_probe,1547569107,6,6783.562654405407,True
geometry_early_optical_clear_probe,2497217570,6,35.0,True
geometry_early_optical_clear_probe,2497217570,18,282.2,True
geometry_early_optical_clear_probe,2497217570,17,288.2,True
geometry_early_optical_clear_probe,2497217570,2,378.2,True
geometry_early_optical_clear_probe,2497217570,12,601.4,True
geometry_early_optical_clear_probe,2497217570,8,2085.1902121873313,True
geometry_early_optical_clear_probe,2497217570,9,2795.27393357543,True
geometry_early_optical_clear_probe,2497217570,3,2825.27393357543,True
geometry_early_optical_clear_probe,2497217570,13,3259.6739335754296,True
geometry_early_optical_clear_probe,2497217570,11,3537.14076648971,True
geometry_early_optical_clear_probe,2497217570,15,7079.243908610413,True
geometry_early_optical_clear_probe,262784469,3,17.0,True
geometry_early_optical_clear_probe,262784469,9,53.0,True
geometry_early_optical_clear_probe,262784469,1,1385.306652287879,True
geometry_early_optical_clear_probe,262784469,13,3752.7521820008033,True
geometry_early_optical_clear_probe,262784469,19,3788.7521820008033,True
geometry_early_optical_clear_probe,262784469,15,4952.752182000802,True
geometry_early_optical_clear_probe,262784469,17,5235.952182000802,True
geometry_early_optical_clear_probe,262784469,6,5477.152182000802,True
geometry_early_optical_clear_probe,262784469,2,5495.152182000802,True
geometry_early_optical_clear_probe,262784469,18,7148.264512452879,True
geometry_early_optical_clear_probe,262784469,4,7371.464512452879,True
geometry_early_optical_clear_probe,2449009531,3,17.0,True
geometry_early_optical_clear_probe,2449009531,6,35.0,True
geometry_early_optical_clear_probe,2449009531,7,41.0,True
geometry_early_optical_clear_probe,2449009531,19,113.0,True
geometry_early_optical_clear_probe,2449009531,20,270.2,True
geometry_early_optical_clear_probe,2449009531,9,866.5999999999999,True
geometry_early_optical_clear_probe,2449009531,14,1349.7944459789014,True
geometry_early_optical_clear_probe,2449009531,4,1584.9944459789015,True
geometry_early_optical_clear_probe,2449009531,18,1668.9944459789015,True
geometry_early_optical_clear_probe,2449009531,1,4741.077533487551,True
geometry_early_optical_clear_probe,2449009531,2,6761.73248567718,True
geometry_early_optical_clear_probe,2368090423,1,5.0,True
geometry_early_optical_clear_probe,2368090423,5,29.0,True
geometry_early_optical_clear_probe,2368090423,14,83.0,True
geometry_early_optical_clear_probe,2368090423,16,95.0,True
geometry_early_optical_clear_probe,2368090423,19,113.0,True
geometry_early_optical_clear_probe,2368090423,6,2487.0566700847276,True
geometry_early_optical_clear_probe,2368090423,4,3113.2794965532407,True
geometry_early_optical_clear_probe,2368090423,20,4926.862461575676,True
geometry_early_optical_clear_probe,2368090423,13,6181.81757863781,True
geometry_early_optical_clear_probe,2368090423,2,7817.133732937619,True
geometry_early_optical_clear_probe,1960004155,4,23.0,True
geometry_early_optical_clear_probe,1960004155,7,41.0,True
geometry_early_optical_clear_probe,1960004155,9,53.0,True
geometry_early_optical_clear_probe,1960004155,11,65.0,True
geometry_early_optical_clear_probe,1960004155,13,77.0,True
geometry_early_optical_clear_probe,1960004155,14,306.2,True
geometry_early_optical_clear_probe,1960004155,6,1261.0235442407522,True
geometry_early_optical_clear_probe,1960004155,5,1267.0235442407522,True
geometry_early_optical_clear_probe,1960004155,16,2383.598646480911,True
geometry_early_optical_clear_probe,1960004155,3,2600.798646480911,True
geometry_early_optical_clear_probe,1960004155,10,4952.041564971486,True
geometry_early_optical_clear_probe,1960004155,2,5392.441564971486,True
geometry_early_optical_clear_probe,1844682581,2,11.0,True
geometry_early_optical_clear_probe,1844682581,5,29.0,True
geometry_early_optical_clear_probe,1844682581,11,65.0,True
geometry_early_optical_clear_probe,1844682581,18,282.2,True
geometry_early_optical_clear_probe,1844682581,9,786.0143543877945,True
geometry_early_optical_clear_probe,1844682581,15,1594.7397868333805,True
geometry_early_optical_clear_probe,1844682581,20,2752.334898097404,True
geometry_early_optical_clear_probe,1844682581,14,4018.3348980974033,True
geometry_early_optical_clear_probe,1844682581,12,4483.734898097403,True
geometry_early_optical_clear_probe,1844682581,17,4513.734898097403,True
geometry_early_optical_clear_probe,1844682581,19,5120.512049690349,True
geometry_early_optical_clear_probe,2102778466,3,17.0,True
geometry_early_optical_clear_probe,2102778466,6,35.0,True
geometry_early_optical_clear_probe,2102778466,8,47.0,True
geometry_early_optical_clear_probe,2102778466,12,71.0,True
geometry_early_optical_clear_probe,2102778466,14,83.0,True
geometry_early_optical_clear_probe,2102778466,20,119.0,True
geometry_early_optical_clear_probe,2102778466,13,607.4,True
geometry_early_optical_clear_probe,2102778466,17,631.4,True
geometry_early_optical_clear_probe,2102778466,11,2365.6404053928236,True
geometry_early_optical_clear_probe,2102778466,5,3902.09963964703,True
geometry_early_optical_clear_probe,2102778466,15,3932.09963964703,True
geometry_early_optical_clear_probe,2102778466,16,3938.09963964703,True
geometry_early_optical_clear_probe,2102778466,18,4402.49963964703,True
geometry_early_optical_clear_probe,2102778466,9,5084.447939463952,True
geometry_early_optical_clear_probe,2102778466,2,5670.410964080713,True
geometry_early_optical_clear_probe,2102778466,10,6444.210964080712,True
geometry_early_optical_clear_probe,792399663,9,53.0,True
geometry_early_optical_clear_probe,792399663,10,59.0,True
geometry_early_optical_clear_probe,792399663,14,83.0,True
geometry_early_optical_clear_probe,792399663,8,342.2,True
geometry_early_optical_clear_probe,792399663,6,354.2,True
geometry_early_optical_clear_probe,792399663,2,378.2,True
geometry_early_optical_clear_probe,792399663,11,746.7818997341701,True
geometry_early_optical_clear_probe,792399663,5,1112.8241602232865,True
geometry_early_optical_clear_probe,792399663,19,2879.9997733077957,True
geometry_early_optical_clear_probe,792399663,3,2939.9997733077957,True
geometry_early_optical_clear_probe,792399663,13,5509.395875766641,True
geometry_early_optical_clear_probe,792399663,18,6511.3958757666405,True
geometry_early_optical_clear_probe,792399663,16,6921.79587576664,True
geometry_early_optical_clear_probe,2752777444,13,77.0,True
geometry_early_optical_clear_probe,2752777444,16,95.0,True
geometry_early_optical_clear_probe,2752777444,9,594.4371108666783,True
geometry_early_optical_clear_probe,2752777444,11,606.4371108666783,True
geometry_early_optical_clear_probe,2752777444,18,753.3331895051491,True
geometry_early_optical_clear_probe,2752777444,6,813.3331895051491,True
geometry_early_optical_clear_probe,2752777444,17,1198.894814759826,True
geometry_early_optical_clear_probe,2752777444,14,1210.894814759826,True
geometry_early_optical_clear_probe,2752777444,2,1444.3249121050048,True
geometry_early_optical_clear_probe,2752777444,20,1534.3249121050048,True
geometry_early_optical_clear_probe,2752777444,8,4054.9047594433173,True
geometry_early_optical_clear_probe,2752777444,4,4792.861323067604,True
geometry_early_optical_clear_probe,2752777444,15,4998.061323067604,True
geometry_early_optical_clear_probe,2752777444,10,6148.112533872993,True
geometry_early_optical_clear_probe,2752777444,5,7147.985384380567,True
geometry_early_optical_clear_probe,2252505522,6,35.0,True
geometry_early_optical_clear_probe,2252505522,10,59.0,True
geometry_early_optical_clear_probe,2252505522,3,547.4,True
geometry_early_optical_clear_probe,2252505522,14,607.4,True
geometry_early_optical_clear_probe,2252505522,19,637.4,True
geometry_early_optical_clear_probe,2252505522,17,812.5999999999999,True
geometry_early_optical_clear_probe,2252505522,18,1386.622792506194,True
geometry_early_optical_clear_probe,2252505522,8,1434.622792506194,True
geometry_early_optical_clear_probe,2252505522,5,1639.822792506194,True
geometry_early_optical_clear_probe,2252505522,11,1669.822792506194,True
geometry_early_optical_clear_probe,2252505522,15,1693.822792506194,True
geometry_early_optical_clear_probe,2252505522,16,1887.022792506194,True
geometry_early_optical_clear_probe,2252505522,1,3923.756690280832,True
geometry_early_optical_clear_probe,2252505522,4,5400.426059379479,True
geometry_early_optical_clear_probe,2252505522,12,6214.54358936864,True
geometry_early_optical_clear_probe,2252505522,20,6711.934854224482,True
geometry_early_optical_clear_probe,618415981,7,41.0,True
geometry_early_optical_clear_probe,618415981,9,336.2,True
geometry_early_optical_clear_probe,618415981,5,360.2,True
geometry_early_optical_clear_probe,618415981,20,649.4,True
geometry_early_optical_clear_probe,618415981,12,2071.6115544088316,True
geometry_early_optical_clear_probe,618415981,16,2282.8115544088314,True
geometry_early_optical_clear_probe,618415981,10,2968.183775477243,True
geometry_early_optical_clear_probe,618415981,8,5024.624407045674,True
geometry_early_optical_clear_probe,618415981,11,5477.024407045674,True
geometry_early_optical_clear_probe,618415981,13,5712.224407045674,True
geometry_early_optical_clear_probe,618415981,15,7177.4898387868825,True
geometry_early_optical_clear_probe,2565543411,1,5.0,True
geometry_early_optical_clear_probe,2565543411,16,294.2,True
geometry_early_optical_clear_probe,2565543411,15,300.2,True
geometry_early_optical_clear_probe,2565543411,11,324.2,True
geometry_early_optical_clear_probe,2565543411,4,366.2,True
geometry_early_optical_clear_probe,2565543411,8,857.7392900627644,True
geometry_early_optical_clear_probe,2565543411,7,1062.9392900627645,True
geometry_early_optical_clear_probe,2565543411,19,3038.9779449252565,True
geometry_early_optical_clear_probe,2565543411,9,3455.377944925256,True
geometry_early_optical_clear_probe,2565543411,13,3473.377944925256,True
geometry_early_optical_clear_probe,2565543411,14,3666.577944925256,True
geometry_early_optical_clear_probe,2565543411,10,4118.9779449252555,True
geometry_early_optical_clear_probe,2565543411,3,6770.091047509609,True
geometry_early_optical_clear_probe,3500996849,3,17.0,True
geometry_early_optical_clear_probe,3500996849,6,35.0,True
geometry_early_optical_clear_probe,3500996849,7,41.0,True
geometry_early_optical_clear_probe,3500996849,16,95.0,True
geometry_early_optical_clear_probe,3500996849,20,119.0,True
geometry_early_optical_clear_probe,3500996849,10,330.2,True
geometry_early_optical_clear_probe,3500996849,2,378.2,True
geometry_early_optical_clear_probe,3500996849,4,873.625256095302,True
geometry_early_optical_clear_probe,3500996849,17,1591.225256095302,True
geometry_early_optical_clear_probe,3500996849,9,2061.184614642555,True
geometry_early_optical_clear_probe,3500996849,8,3240.401780128649,True
geometry_early_optical_clear_probe,3500996849,1,3258.401780128649,True
geometry_early_optical_clear_probe,3500996849,11,3439.601780128649,True
geometry_early_optical_clear_probe,3500996849,15,3463.601780128649,True
geometry_early_optical_clear_probe,3500996849,13,5232.027855378767,True
geometry_early_optical_clear_probe,3500996849,18,6815.595023177536,True
geometry_early_optical_clear_probe,1055507890,12,71.0,True
geometry_early_optical_clear_probe,1055507890,19,113.0,True
geometry_early_optical_clear_probe,1055507890,20,119.0,True
geometry_early_optical_clear_probe,1055507890,7,348.2,True
geometry_early_optical_clear_probe,1055507890,9,504.60575507839536,True
geometry_early_optical_clear_probe,1055507890,18,677.4652178137205,True
geometry_early_optical_clear_probe,1055507890,11,719.4652178137205,True
geometry_early_optical_clear_probe,1055507890,14,1008.6652178137206,True
geometry_early_optical_clear_probe,1055507890,10,2790.278506694768,True
geometry_early_optical_clear_probe,1055507890,1,3110.5785944788354,True
geometry_early_optical_clear_probe,1055507890,2,3116.5785944788354,True
geometry_early_optical_clear_probe,1055507890,4,3128.5785944788354,True
geometry_early_optical_clear_probe,1055507890,8,3495.502834973462,True
geometry_early_optical_clear_probe,1055507890,6,4108.944937157857,True
geometry_early_optical_clear_probe,1055507890,17,5458.10970061598,True
geometry_early_optical_clear_probe,1055507890,5,7178.101318680335,True
geometry_early_optical_clear_probe,3559278262,6,35.0,True
geometry_early_optical_clear_probe,3559278262,18,282.2,True
geometry_early_optical_clear_probe,3559278262,17,728.6283360679188,True
geometry_early_optical_clear_probe,3559278262,10,2102.569800513671,True
geometry_early_optical_clear_probe,3559278262,11,2614.9698005136706,True
geometry_early_optical_clear_probe,3559278262,7,4306.690765194439,True
geometry_early_optical_clear_probe,3559278262,1,5239.143663374412,True
geometry_early_optical_clear_probe,3559278262,14,6336.286782599056,True
geometry_early_optical_clear_probe,3559278262,19,7065.886782599056,True
geometry_early_optical_clear_probe,3559278262,5,7368.322037850512,True
geometry_early_optical_clear_probe,3720085563,1,5.0,True
geometry_early_optical_clear_probe,3720085563,4,23.0,True
geometry_early_optical_clear_probe,3720085563,17,101.0,True
geometry_early_optical_clear_probe,3720085563,19,113.0,True
geometry_early_optical_clear_probe,3720085563,11,595.4,True
geometry_early_optical_clear_probe,3720085563,12,601.4,True
geometry_early_optical_clear_probe,3720085563,14,613.4,True
geometry_early_optical_clear_probe,3720085563,13,1809.8486674593075,True
geometry_early_optical_clear_probe,3720085563,8,1833.8486674593075,True
geometry_early_optical_clear_probe,3720085563,16,2105.0486674593076,True
geometry_early_optical_clear_probe,3720085563,5,2735.4036039709,True
geometry_early_optical_clear_probe,3720085563,9,4570.699342846703,True
geometry_early_optical_clear_probe,3720085563,7,6291.987536788281,True
geometry_early_optical_clear_probe,3720085563,15,6497.187536788281,True
geometry_early_optical_clear_probe,3720085563,10,6919.587536788281,True
geometry_early_optical_clear_probe,764355524,8,47.0,True
geometry_early_optical_clear_probe,764355524,9,53.0,True
geometry_early_optical_clear_probe,764355524,15,89.0,True
geometry_early_optical_clear_probe,764355524,18,107.0,True
geometry_early_optical_clear_probe,764355524,17,288.2,True
geometry_early_optical_clear_probe,764355524,4,549.3151991289545,True
geometry_early_optical_clear_probe,764355524,5,555.3151991289545,True
geometry_early_optical_clear_probe,764355524,2,852.7101621327054,True
geometry_early_optical_clear_probe,764355524,19,3973.5116704766697,True
geometry_early_optical_clear_probe,764355524,14,3991.5116704766697,True
geometry_early_optical_clear_probe,3964427696,1,5.0,True
geometry_early_optical_clear_probe,3964427696,6,35.0,True
geometry_early_optical_clear_probe,3964427696,7,41.0,True
geometry_early_optical_clear_probe,3964427696,8,47.0,True
geometry_early_optical_clear_probe,3964427696,11,595.4,True
geometry_early_optical_clear_probe,3964427696,20,649.4,True
geometry_early_optical_clear_probe,3964427696,3,2534.061755661167,True
geometry_early_optical_clear_probe,3964427696,13,4550.077471747142,True
geometry_early_optical_clear_probe,3964427696,2,4972.477471747142,True
geometry_early_optical_clear_probe,3964427696,4,4978.477471747142,True
geometry_early_optical_clear_probe,3964427696,5,6821.685826562646,True
geometry_early_optical_clear_probe,3964427696,19,7672.947668024693,True
geometry_early_optical_clear_probe,2764638982,4,23.0,True
geometry_early_optical_clear_probe,2764638982,8,47.0,True
geometry_early_optical_clear_probe,2764638982,19,113.0,True
geometry_early_optical_clear_probe,2764638982,16,294.2,True
geometry_early_optical_clear_probe,2764638982,6,354.2,True
geometry_early_optical_clear_probe,2764638982,1,535.4,True
geometry_early_optical_clear_probe,2764638982,7,565.4,True
geometry_early_optical_clear_probe,2764638982,12,1338.0,True
geometry_early_optical_clear_probe,2764638982,11,1579.2,True
geometry_early_optical_clear_probe,2764638982,18,1621.2,True
geometry_early_optical_clear_probe,2764638982,2,2464.923804267528,True
geometry_early_optical_clear_probe,2764638982,5,2648.168940843093,True
geometry_early_optical_clear_probe,2764638982,10,3021.9710197891895,True
geometry_early_optical_clear_probe,2764638982,3,3705.4046126629846,True
geometry_early_optical_clear_probe,2764638982,14,3735.4046126629846,True
geometry_early_optical_clear_probe,833172278,8,47.0,True
geometry_early_optical_clear_probe,833172278,12,71.0,True
geometry_early_optical_clear_probe,833172278,16,95.0,True
geometry_early_optical_clear_probe,833172278,17,101.0,True
geometry_early_optical_clear_probe,833172278,18,107.0,True
geometry_early_optical_clear_probe,833172278,20,119.0,True
geometry_early_optical_clear_probe,833172278,5,360.2,True
geometry_early_optical_clear_probe,833172278,1,384.2,True
geometry_early_optical_clear_probe,833172278,2,1509.5910305993498,True
geometry_early_optical_clear_probe,833172278,7,2065.066413103692,True
geometry_early_optical_clear_probe,833172278,6,2335.1837678316456,True
geometry_early_optical_clear_probe,833172278,9,2600.3837678316454,True
geometry_early_optical_clear_probe,833172278,15,4793.869997910188,True
geometry_early_optical_clear_probe,833172278,4,5991.221160574445,True
geometry_early_optical_clear_probe,833172278,14,6378.499249244018,True
geometry_early_optical_clear_probe,833172278,10,6589.699249244018,True
geometry_early_optical_clear_probe,3383091246,3,17.0,True
geometry_early_optical_clear_probe,3383091246,5,29.0,True
geometry_early_optical_clear_probe,3383091246,19,113.0,True
geometry_early_optical_clear_probe,3383091246,20,119.0,True
geometry_early_optical_clear_probe,3383091246,15,848.9911894118966,True
geometry_early_optical_clear_probe,3383091246,2,920.9911894118966,True
geometry_early_optical_clear_probe,3383091246,16,2695.474686666145,True
geometry_early_optical_clear_probe,3383091246,7,2942.6746866661447,True
geometry_early_optical_clear_probe,3383091246,10,3877.888904833556,True
geometry_early_optical_clear_probe,3383091246,4,3901.888904833556,True
geometry_early_optical_clear_probe,3383091246,8,4870.819050804249,True
geometry_early_optical_clear_probe,3383091246,11,5463.177706593577,True
geometry_early_optical_clear_probe,996660338,9,53.0,True
geometry_early_optical_clear_probe,996660338,4,366.2,True
geometry_early_optical_clear_probe,996660338,3,2076.3147687191217,True
geometry_early_optical_clear_probe,996660338,6,4421.11476871912,True
geometry_early_optical_clear_probe,996660338,18,4686.3147687191195,True
geometry_early_optical_clear_probe,996660338,20,4698.3147687191195,True
geometry_early_optical_clear_probe,996660338,15,4909.395143918178,True
geometry_early_optical_clear_probe,996660338,11,5168.595143918178,True
geometry_early_optical_clear_probe,996660338,5,5451.795143918178,True
geometry_early_optical_clear_probe,996660338,1,7061.144400067344,True
geometry_early_optical_clear_probe,932447601,2,11.0,True
geometry_early_optical_clear_probe,932447601,11,65.0,True
geometry_early_optical_clear_probe,932447601,18,107.0,True
geometry_early_optical_clear_probe,932447601,15,300.2,True
geometry_early_optical_clear_probe,932447601,13,312.2,True
geometry_early_optical_clear_probe,932447601,9,336.2,True
geometry_early_optical_clear_probe,932447601,5,559.4,True
geometry_early_optical_clear_probe,932447601,8,1461.9827028319278,True
geometry_early_optical_clear_probe,932447601,4,1485.9827028319278,True
geometry_early_optical_clear_probe,932447601,16,1721.1827028319278,True
geometry_early_optical_clear_probe,932447601,17,4826.685079671617,True
geometry_early_optical_clear_probe,932447601,20,5691.222918236667,True
geometry_early_optical_clear_probe,932447601,3,6047.622918236667,True
geometry_early_optical_clear_probe,932447601,12,6258.822918236667,True
geometry_early_optical_clear_probe,932447601,7,6664.222918236666,True
geometry_early_optical_clear_probe,932447601,10,6845.422918236666,True
geometry_early_optical_clear_probe,977975280,11,65.0,True
geometry_early_optical_clear_probe,977975280,19,113.0,True
geometry_early_optical_clear_probe,977975280,15,824.5999999999999,True
geometry_early_optical_clear_probe,977975280,6,2339.673389584253,True
geometry_early_optical_clear_probe,977975280,9,2864.0733895842527,True
geometry_early_optical_clear_probe,977975280,16,2900.0733895842527,True
geometry_early_optical_clear_probe,977975280,18,5100.120443032326,True
geometry_early_optical_clear_probe,977975280,1,5172.120443032326,True
geometry_early_optical_clear_probe,977975280,14,7067.942992567762,True
geometry_early_optical_clear_probe,977975280,17,7811.2153842878,True
geometry_early_optical_clear_probe,2037885590,2,11.0,True
geometry_early_optical_clear_probe,2037885590,7,41.0,True
geometry_early_optical_clear_probe,2037885590,13,77.0,True
geometry_early_optical_clear_probe,2037885590,17,101.0,True
geometry_early_optical_clear_probe,2037885590,9,336.2,True
geometry_early_optical_clear_probe,2037885590,1,384.2,True
geometry_early_optical_clear_probe,2037885590,20,648.5118103360132,True
geometry_early_optical_clear_probe,2037885590,18,955.7973265288824,True
geometry_early_optical_clear_probe,2037885590,8,1003.7973265288824,True
geometry_early_optical_clear_probe,2037885590,12,1238.9973265288825,True
geometry_early_optical_clear_probe,2037885590,5,4245.653745953196,True
geometry_early_optical_clear_probe,2037885590,19,7429.56714745044,True
geometry_early_optical_clear_probe,1988203750,7,41.0,True
geometry_early_optical_clear_probe,1988203750,18,282.2,True
geometry_early_optical_clear_probe,1988203750,13,312.2,True
geometry_early_optical_clear_probe,1988203750,9,336.2,True
geometry_early_optical_clear_probe,1988203750,4,558.0765332965209,True
geometry_early_optical_clear_probe,1988203750,20,1285.2011656895895,True
geometry_early_optical_clear_probe,1988203750,10,1333.2011656895895,True
geometry_early_optical_clear_probe,1988203750,3,2877.5410647710924,True
geometry_early_optical_clear_probe,1988203750,14,3100.741064771092,True
geometry_early_optical_clear_probe,1988203750,6,3788.3410647710916,True
geometry_early_optical_clear_probe,1988203750,12,5096.248802138961,True
geometry_early_optical_clear_probe,1988203750,19,7409.637772906021,True
geometry_early_optical_clear_probe,1988203750,17,7977.237772906021,True
geometry_early_optical_clear_probe,3448645475,12,71.0,True
geometry_early_optical_clear_probe,3448645475,15,89.0,True
geometry_early_optical_clear_probe,3448645475,19,113.0,True
geometry_early_optical_clear_probe,3448645475,9,591.6705238409171,True
geometry_early_optical_clear_probe,3448645475,14,621.6705238409171,True
geometry_early_optical_clear_probe,3448645475,13,794.8638231483626,True
geometry_early_optical_clear_probe,3448645475,4,842.8638231483626,True
geometry_early_optical_clear_probe,3448645475,17,1096.0638231483626,True
geometry_early_optical_clear_probe,3448645475,8,5649.088361584447,True
geometry_early_optical_clear_probe,3448645475,18,6097.810831938538,True
geometry_early_optical_clear_probe,1402660807,4,23.0,True
geometry_early_optical_clear_probe,1402660807,12,71.0,True
geometry_early_optical_clear_probe,1402660807,13,77.0,True
geometry_early_optical_clear_probe,1402660807,15,89.0,True
geometry_early_optical_clear_probe,1402660807,16,95.0,True
geometry_early_optical_clear_probe,1402660807,18,107.0,True
geometry_early_optical_clear_probe,1402660807,19,276.2,True
geometry_early_optical_clear_probe,1402660807,14,634.3542933188058,True
geometry_early_optical_clear_probe,1402660807,2,917.5542933188058,True
geometry_early_optical_clear_probe,1402660807,9,1239.0058727765545,True
geometry_early_optical_clear_probe,1402660807,17,1462.2058727765545,True
geometry_early_optical_clear_probe,1402660807,6,1516.2058727765545,True
geometry_early_optical_clear_probe,1402660807,1,2669.0894972177653,True
geometry_early_optical_clear_probe,1402660807,8,4440.157067813488,True
geometry_early_optical_clear_probe,1402660807,3,5153.699853089754,True
geometry_early_optical_clear_probe,1402660807,7,7277.13463737608,True
geometry_early_optical_clear_probe,2484361110,6,35.0,True
geometry_early_optical_clear_probe,2484361110,13,77.0,True
geometry_early_optical_clear_probe,2484361110,19,113.0,True
geometry_early_optical_clear_probe,2484361110,4,366.2,True
geometry_early_optical_clear_probe,2484361110,1,384.2,True
geometry_early_optical_clear_probe,2484361110,10,1095.9895872607299,True
geometry_early_optical_clear_probe,2484361110,3,1397.18958726073,True
geometry_early_optical_clear_probe,2484361110,17,2260.3077683029223,True
geometry_early_optical_clear_probe,2484361110,2,4850.655701106313,True
geometry_early_optical_clear_probe,2484361110,12,6745.149834242888,True
geometry_early_optical_clear_probe,1024675868,9,53.0,True
geometry_early_optical_clear_probe,1024675868,11,595.199189122874,True
geometry_early_optical_clear_probe,1024675868,19,2931.708301914271,True
geometry_early_optical_clear_probe,1024675868,13,2967.708301914271,True
geometry_early_optical_clear_probe,1024675868,4,3196.908301914271,True
geometry_early_optical_clear_probe,1024675868,10,3226.908301914271,True
geometry_early_optical_clear_probe,1024675868,3,4176.07272249438,True
geometry_early_optical_clear_probe,1024675868,18,4405.27272249438,True
geometry_early_optical_clear_probe,1024675868,5,4658.47272249438,True
geometry_early_optical_clear_probe,1024675868,17,5822.472722494379,True
geometry_early_optical_clear_probe,1771832355,3,17.0,True
geometry_early_optical_clear_probe,1771832355,5,29.0,True
geometry_early_optical_clear_probe,1771832355,13,77.0,True
geometry_early_optical_clear_probe,1771832355,20,119.0,True
geometry_early_optical_clear_probe,1771832355,12,318.2,True
geometry_early_optical_clear_probe,1771832355,8,342.2,True
geometry_early_optical_clear_probe,1771832355,10,644.6677449899668,True
geometry_early_optical_clear_probe,1771832355,7,1410.2677449899668,True
geometry_early_optical_clear_probe,1771832355,19,1828.8368374788006,True
geometry_early_optical_clear_probe,1771832355,6,2359.2368374788,True
geometry_early_optical_clear_probe,1771832355,11,3022.8368374787997,True
geometry_early_optical_clear_probe,1771832355,16,5576.274563813357,True
geometry_early_optical_clear_probe,1771832355,17,7346.825250794695,True
geometry_early_optical_clear_probe,2226980785,7,41.0,True
geometry_early_optical_clear_probe,2226980785,18,282.2,True
geometry_early_optical_clear_probe,2226980785,14,836.5999999999999,True
geometry_early_optical_clear_probe,2226980785,10,1644.2,True
geometry_early_optical_clear_probe,2226980785,8,2743.8855634838055,True
geometry_early_optical_clear_probe,2226980785,19,2955.0855634838053,True
geometry_early_optical_clear_probe,2226980785,12,2985.0855634838053,True
geometry_early_optical_clear_probe,2226980785,3,3208.285563483805,True
geometry_early_optical_clear_probe,2226980785,13,3484.2419030901347,True
geometry_early_optical_clear_probe,2226980785,4,3532.2419030901347,True
geometry_early_optical_clear_probe,2226980785,2,3819.6783719363434,True
geometry_early_optical_clear_probe,2226980785,9,6951.815051061707,True
geometry_early_optical_clear_probe,2226980785,16,7175.015051061707,True
geometry_early_optical_clear_probe,2226980785,20,7187.015051061707,True
geometry_early_optical_clear_probe,3588963671,6,35.0,True
geometry_early_optical_clear_probe,3588963671,14,83.0,True
geometry_early_optical_clear_probe,3588963671,19,113.0,True
geometry_early_optical_clear_probe,3588963671,8,342.2,True
geometry_early_optical_clear_probe,3588963671,5,559.4,True
geometry_early_optical_clear_probe,3588963671,18,2320.9703589752903,True
geometry_early_optical_clear_probe,3588963671,13,2827.37035897529,True
geometry_early_optical_clear_probe,3588963671,11,3604.352455421623,True
geometry_early_optical_clear_probe,3588963671,16,3622.352455421623,True
geometry_early_optical_clear_probe,3588963671,1,3863.5524554216227,True
geometry_early_optical_clear_probe,3588963671,17,4249.952455421622,True
geometry_early_optical_clear_probe,3588963671,3,4473.152455421622,True
geometry_early_optical_clear_probe,3588963671,12,4509.152455421622,True
geometry_early_optical_clear_probe,3588963671,15,4690.352455421622,True
geometry_early_optical_clear_probe,3588963671,4,7056.172265946356,True
geometry_early_optical_clear_probe,1450754101,13,77.0,True
geometry_early_optical_clear_probe,1450754101,18,282.2,True
geometry_early_optical_clear_probe,1450754101,4,2868.0944075702514,True
geometry_early_optical_clear_probe,1450754101,20,3796.8944075702507,True
geometry_early_optical_clear_probe,1450754101,1,3898.8944075702507,True
geometry_early_optical_clear_probe,1450754101,7,4086.0944075702505,True
geometry_early_optical_clear_probe,1450754101,8,4092.0944075702505,True
geometry_early_optical_clear_probe,1450754101,15,4622.49440757025,True
geometry_early_optical_clear_probe,1450754101,17,6065.408685779627,True
geometry_early_optical_clear_probe,1450754101,16,6071.408685779627,True
geometry_early_optical_clear_probe,202436435,4,23.0,True
geometry_early_optical_clear_probe,202436435,19,113.0,True
geometry_early_optical_clear_probe,202436435,20,119.0,True
geometry_early_optical_clear_probe,202436435,15,300.2,True
geometry_early_optical_clear_probe,202436435,9,551.8481460530629,True
geometry_early_optical_clear_probe,202436435,8,1962.1937286720695,True
geometry_early_optical_clear_probe,202436435,13,2203.3937286720693,True
geometry_early_optical_clear_probe,202436435,10,2697.793728672069,True
geometry_early_optical_clear_probe,202436435,14,4721.683808094441,True
geometry_early_optical_clear_probe,202436435,12,5641.03265708321,True
geometry_early_optical_clear_probe,202436435,3,6733.032657083209,True
geometry_early_optical_clear_probe,2762543858,2,11.0,True
geometry_early_optical_clear_probe,2762543858,5,29.0,True
geometry_early_optical_clear_probe,2762543858,7,41.0,True
geometry_early_optical_clear_probe,2762543858,12,318.2,True
geometry_early_optical_clear_probe,2762543858,18,2830.051596313731,True
geometry_early_optical_clear_probe,2762543858,1,3071.2515963137307,True
geometry_early_optical_clear_probe,2762543858,19,4889.876984123087,True
geometry_early_optical_clear_probe,2762543858,4,5125.076984123087,True
geometry_early_optical_clear_probe,2762543858,17,5389.848578355026,True
geometry_early_optical_clear_probe,2762543858,3,6402.422054444621,True
geometry_early_optical_clear_probe,2762543858,11,6438.422054444621,True
geometry_early_optical_clear_probe,2762543858,14,7614.037554439502,True
geometry_early_optical_clear_probe,546765247,1,5.0,True
geometry_early_optical_clear_probe,546765247,12,71.0,True
geometry_early_optical_clear_probe,546765247,13,77.0,True
geometry_early_optical_clear_probe,546765247,14,83.0,True
geometry_early_optical_clear_probe,546765247,20,270.2,True
geometry_early_optical_clear_probe,546765247,18,282.2,True
geometry_early_optical_clear_probe,546765247,16,294.2,True
geometry_early_optical_clear_probe,546765247,10,330.2,True
geometry_early_optical_clear_probe,546765247,8,342.2,True
geometry_early_optical_clear_probe,546765247,7,348.2,True
geometry_early_optical_clear_probe,546765247,3,542.4,True
geometry_early_optical_clear_probe,546765247,19,1683.54689356067,True
geometry_early_optical_clear_probe,546765247,17,2459.4961939896343,True
geometry_early_optical_clear_probe,546765247,5,3611.8314176610374,True
geometry_early_optical_clear_probe,546765247,2,3961.619932832969,True
geometry_early_optical_clear_probe,546765247,9,3985.619932832969,True
geometry_early_optical_clear_probe,2349896011,4,23.0,True
geometry_early_optical_clear_probe,2349896011,10,59.0,True
geometry_early_optical_clear_probe,2349896011,15,89.0,True
geometry_early_optical_clear_probe,2349896011,18,107.0,True
geometry_early_optical_clear_probe,2349896011,7,348.2,True
geometry_early_optical_clear_probe,2349896011,5,360.2,True
geometry_early_optical_clear_probe,2349896011,2,378.2,True
geometry_early_optical_clear_probe,2349896011,1,553.8635770176562,True
geometry_early_optical_clear_probe,2349896011,12,3237.260588548751,True
geometry_early_optical_clear_probe,2349896011,14,4546.834661161944,True
geometry_early_optical_clear_probe,2349896011,6,5361.634661161943,True
geometry_early_optical_clear_probe,2321754178,6,35.0,True
geometry_early_optical_clear_probe,2321754178,19,113.0,True
geometry_early_optical_clear_probe,2321754178,5,360.2,True
geometry_early_optical_clear_probe,2321754178,3,372.2,True
geometry_early_optical_clear_probe,2321754178,20,800.5999999999999,True
geometry_early_optical_clear_probe,2321754178,7,1268.0627782991096,True
geometry_early_optical_clear_probe,2321754178,15,1316.0627782991096,True
geometry_early_optical_clear_probe,2321754178,14,2281.8895977858674,True
geometry_early_optical_clear_probe,2321754178,18,3311.1496030635985,True
geometry_early_optical_clear_probe,2321754178,4,6530.989429309495,True
geometry_early_optical_clear_probe,4180459818,2,11.0,True
geometry_early_optical_clear_probe,4180459818,7,41.0,True
geometry_early_optical_clear_probe,4180459818,9,53.0,True
geometry_early_optical_clear_probe,4180459818,19,113.0,True
geometry_early_optical_clear_probe,4180459818,8,342.2,True
geometry_early_optical_clear_probe,4180459818,14,862.929273437908,True
geometry_early_optical_clear_probe,4180459818,15,1155.0797377339354,True
geometry_early_optical_clear_probe,4180459818,10,1384.2797377339355,True
geometry_early_optical_clear_probe,4180459818,1,1432.2797377339355,True
geometry_early_optical_clear_probe,4180459818,12,2216.4499361428125,True
geometry_early_optical_clear_probe,4180459818,11,2458.8097793080074,True
geometry_early_optical_clear_probe,4180459818,13,2470.8097793080074,True
geometry_early_optical_clear_probe,4180459818,17,2488.8097793080074,True
geometry_early_optical_clear_probe,4180459818,3,2717.827660601145,True
geometry_early_optical_clear_probe,4180459818,6,4290.980142768532,True
geometry_early_optical_clear_probe,4180459818,4,8215.590103002185,True
geometry_early_optical_clear_probe,274976642,12,71.0,True
geometry_early_optical_clear_probe,274976642,13,77.0,True
geometry_early_optical_clear_probe,274976642,6,354.2,True
geometry_early_optical_clear_probe,274976642,10,592.5020466160784,True
geometry_early_optical_clear_probe,274976642,14,951.2356986669439,True
geometry_early_optical_clear_probe,274976642,7,1861.685922383896,True
geometry_early_optical_clear_probe,274976642,16,1897.685922383896,True
geometry_early_optical_clear_probe,274976642,2,2326.0859223838956,True
geometry_early_optical_clear_probe,274976642,17,3996.4859223838944,True
geometry_early_optical_clear_probe,274976642,3,6093.019316309522,True
geometry_early_optical_clear_probe,3315568595,3,17.0,True
geometry_early_optical_clear_probe,3315568595,14,306.2,True
geometry_early_optical_clear_probe,3315568595,17,631.4,True
geometry_early_optical_clear_probe,3315568595,20,649.4,True
geometry_early_optical_clear_probe,3315568595,8,872.5999999999999,True
geometry_early_optical_clear_probe,3315568595,16,1288.2235163644234,True
geometry_early_optical_clear_probe,3315568595,5,1553.4235163644234,True
geometry_early_optical_clear_probe,3315568595,19,1637.4235163644234,True
geometry_early_optical_clear_probe,3315568595,4,4921.8847300732905,True
geometry_early_optical_clear_probe,3315568595,10,4951.8847300732905,True
geometry_early_optical_clear_probe,3315568595,11,4957.8847300732905,True
geometry_early_optical_clear_probe,3315568595,2,5358.577452445416,True
geometry_early_optical_clear_probe,3315568595,1,7940.907540789886,True
geometry_early_optical_clear_probe,3492169866,3,17.0,True
geometry_early_optical_clear_probe,3492169866,10,59.0,True
geometry_early_optical_clear_probe,3492169866,16,95.0,True
geometry_early_optical_clear_probe,3492169866,17,627.305926913011,True
geometry_early_optical_clear_probe,3492169866,9,1361.571986545104,True
geometry_early_optical_clear_probe,3492169866,8,2411.1296131436975,True
geometry_early_optical_clear_probe,3492169866,1,2604.3296131436973,True
geometry_early_optical_clear_probe,3492169866,12,2658.3296131436973,True
geometry_early_optical_clear_probe,3492169866,2,3028.8903292021137,True
geometry_early_optical_clear_probe,3492169866,14,4982.586531657731,True
geometry_early_optical_clear_probe,3492169866,13,5199.786531657731,True
geometry_early_optical_clear_probe,3492169866,11,5577.290498617513,True
geometry_early_optical_clear_probe,3492169866,18,5601.290498617513,True
geometry_early_optical_clear_probe,3492169866,6,8011.364130447509,True
geometry_early_optical_clear_probe,1666168363,1,5.0,True
geometry_early_optical_clear_probe,1666168363,3,17.0,True
geometry_early_optical_clear_probe,1666168363,8,47.0,True
geometry_early_optical_clear_probe,1666168363,12,71.0,True
geometry_early_optical_clear_probe,1666168363,2,541.4,True
geometry_early_optical_clear_probe,1666168363,20,800.5999999999999,True
geometry_early_optical_clear_probe,1666168363,14,836.5999999999999,True
geometry_early_optical_clear_probe,1666168363,18,1285.7178651913496,True
geometry_early_optical_clear_probe,1666168363,17,2577.0749674345493,True
geometry_early_optical_clear_probe,1666168363,5,2637.0749674345493,True
geometry_early_optical_clear_probe,1666168363,11,3084.474967434549,True
geometry_early_optical_clear_probe,1666168363,6,3247.973492919623,True
geometry_early_optical_clear_probe,1666168363,10,6316.488612680319,True
geometry_early_optical_clear_probe,976014784,9,53.0,True
geometry_early_optical_clear_probe,976014784,16,95.0,True
geometry_early_optical_clear_probe,976014784,17,101.0,True
geometry_early_optical_clear_probe,976014784,20,119.0,True
geometry_early_optical_clear_probe,976014784,4,366.2,True
geometry_early_optical_clear_probe,976014784,19,642.6908626676718,True
geometry_early_optical_clear_probe,976014784,14,1355.9515655591008,True
geometry_early_optical_clear_probe,976014784,13,1361.9515655591008,True
geometry_early_optical_clear_probe,976014784,3,1572.2448514809128,True
geometry_early_optical_clear_probe,976014784,1,2447.04415783647,True
geometry_early_optical_clear_probe,976014784,7,5661.325085681192,True
geometry_early_optical_clear_probe,976014784,15,6053.725085681192,True
geometry_early_optical_clear_probe,976014784,5,6644.442854792572,True
geometry_early_optical_clear_probe,2885810248,7,41.0,True
geometry_early_optical_clear_probe,2885810248,12,318.2,True
geometry_early_optical_clear_probe,2885810248,5,360.2,True
geometry_early_optical_clear_probe,2885810248,8,1100.0997993292153,True
geometry_early_optical_clear_probe,2885810248,11,1118.0997993292153,True
geometry_early_optical_clear_probe,2885810248,13,1130.0997993292153,True
geometry_early_optical_clear_probe,2885810248,1,3438.8824596514487,True
geometry_early_optical_clear_probe,2885810248,4,3854.706737793394,True
geometry_early_optical_clear_probe,2885810248,20,4528.542537248413,True
geometry_early_optical_clear_probe,2885810248,10,4727.742537248413,True
geometry_early_optical_clear_probe,2068346732,3,17.0,True
geometry_early_optical_clear_probe,2068346732,12,71.0,True
geometry_early_optical_clear_probe,2068346732,19,276.2,True
geometry_early_optical_clear_probe,2068346732,16,294.2,True
geometry_early_optical_clear_probe,2068346732,7,525.4989479620593,True
geometry_early_optical_clear_probe,2068346732,9,537.4989479620593,True
geometry_early_optical_clear_probe,2068346732,5,810.8371449521891,True
geometry_early_optical_clear_probe,2068346732,1,1295.5984870878442,True
geometry_early_optical_clear_probe,2068346732,2,2029.298993445613,True
geometry_early_optical_clear_probe,2068346732,11,2077.2989934456127,True
geometry_early_optical_clear_probe,2068346732,13,2838.4056080901787,True
geometry_early_optical_clear_probe,2068346732,8,5965.20964367533,True
geometry_early_optical_clear_probe,2068346732,17,6164.40964367533,True
geometry_early_optical_clear_probe,694563158,1,5.0,True
geometry_early_optical_clear_probe,694563158,3,17.0,True
geometry_early_optical_clear_probe,694563158,7,41.0,True
geometry_early_optical_clear_probe,694563158,19,113.0,True
geometry_early_optical_clear_probe,694563158,18,282.2,True
geometry_early_optical_clear_probe,694563158,9,336.2,True
geometry_early_optical_clear_probe,694563158,11,853.6305148978959,True
geometry_early_optical_clear_probe,694563158,2,895.6305148978959,True
geometry_early_optical_clear_probe,694563158,14,1113.830514897896,True
geometry_early_optical_clear_probe,694563158,13,2248.686264463344,True
geometry_early_optical_clear_probe,694563158,16,3683.222303952647,True
geometry_early_optical_clear_probe,694563158,4,4147.622303952647,True
geometry_early_optical_clear_probe,694563158,17,6636.09407515867,True
geometry_early_optical_clear_probe,694563158,20,6642.09407515867,True
geometry_early_optical_clear_probe,694563158,10,7235.480760748998,True
geometry_early_optical_clear_probe,4063952095,11,65.0,True
geometry_early_optical_clear_probe,4063952095,15,89.0,True
geometry_early_optical_clear_probe,4063952095,17,288.2,True
geometry_early_optical_clear_probe,4063952095,10,330.2,True
geometry_early_optical_clear_probe,4063952095,6,354.2,True
geometry_early_optical_clear_probe,4063952095,4,366.2,True
geometry_early_optical_clear_probe,4063952095,12,665.8250887153436,True
geometry_early_optical_clear_probe,4063952095,9,3101.0193001247885,True
geometry_early_optical_clear_probe,4063952095,20,3666.9472607852554,True
geometry_early_optical_clear_probe,4063952095,8,5401.157831084362,True
geometry_early_optical_clear_probe,4063952095,13,5407.157831084362,True
geometry_early_optical_clear_probe,4063952095,18,5588.357831084362,True
geometry_early_optical_clear_probe,4063952095,1,6257.402334911481,True
geometry_early_optical_clear_probe,247420290,5,29.0,True
geometry_early_optical_clear_probe,247420290,10,59.0,True
geometry_early_optical_clear_probe,247420290,11,65.0,True
geometry_early_optical_clear_probe,247420290,16,95.0,True
geometry_early_optical_clear_probe,247420290,17,101.0,True
geometry_early_optical_clear_probe,247420290,8,342.2,True
geometry_early_optical_clear_probe,247420290,12,1137.8562458362726,True
geometry_early_optical_clear_probe,247420290,19,1622.8821923137946,True
geometry_early_optical_clear_probe,247420290,4,2017.3004432791201,True
geometry_early_optical_clear_probe,247420290,7,6087.0608853071535,True
geometry_early_optical_clear_probe,247420290,20,6129.0608853071535,True
geometry_early_optical_clear_probe,1382703494,2,11.0,True
geometry_early_optical_clear_probe,1382703494,7,41.0,True
geometry_early_optical_clear_probe,1382703494,13,312.2,True
geometry_early_optical_clear_probe,1382703494,10,824.3037598436091,True
geometry_early_optical_clear_probe,1382703494,8,1059.503759843609,True
geometry_early_optical_clear_probe,1382703494,19,2190.72292309077,True
geometry_early_optical_clear_probe,1382703494,6,2256.72292309077,True
geometry_early_optical_clear_probe,1382703494,17,2806.626859634091,True
geometry_early_optical_clear_probe,1382703494,9,2848.626859634091,True
geometry_early_optical_clear_probe,1382703494,15,4404.746386789422,True
geometry_early_optical_clear_probe,1382703494,16,4681.946386789422,True
geometry_early_optical_clear_probe,1382703494,4,5069.36397775769,True
geometry_early_optical_clear_probe,1382703494,14,5473.76397775769,True
geometry_early_optical_clear_probe,3040304598,6,35.0,True
geometry_early_optical_clear_probe,3040304598,13,77.0,True
geometry_early_optical_clear_probe,3040304598,17,101.0,True
geometry_early_optical_clear_probe,3040304598,19,276.2,True
geometry_early_optical_clear_probe,3040304598,3,372.2,True
geometry_early_optical_clear_probe,3040304598,14,613.4,True
geometry_early_optical_clear_probe,3040304598,1,2078.6,True
geometry_early_optical_clear_probe,3040304598,9,2632.9999999999995,True
geometry_early_optical_clear_probe,3040304598,11,2644.9999999999995,True
geometry_early_optical_clear_probe,3040304598,5,3412.9124475450885,True
geometry_early_optical_clear_probe,3040304598,8,3624.1124475450883,True
geometry_early_optical_clear_probe,1203733050,6,35.0,True
geometry_early_optical_clear_probe,1203733050,8,47.0,True
geometry_early_optical_clear_probe,1203733050,12,71.0,True
geometry_early_optical_clear_probe,1203733050,4,553.4,True
geometry_early_optical_clear_probe,1203733050,7,866.5999999999999,True
geometry_early_optical_clear_probe,1203733050,10,1101.8,True
geometry_early_optical_clear_probe,1203733050,11,1107.8,True
geometry_early_optical_clear_probe,1203733050,3,3041.518943004603,True
geometry_early_optical_clear_probe,1203733050,17,4918.668397387392,True
geometry_early_optical_clear_probe,1203733050,5,7300.990424358414,True
geometry_early_optical_clear_probe,2037827688,11,595.4,True
geometry_early_optical_clear_probe,2037827688,7,878.5999999999999,True
geometry_early_optical_clear_probe,2037827688,4,4796.599999999998,True
geometry_early_optical_clear_probe,2037827688,9,4826.599999999998,True
geometry_early_optical_clear_probe,2037827688,20,4892.599999999998,True
geometry_early_optical_clear_probe,2037827688,2,5828.051042107635,True
geometry_early_optical_clear_probe,2037827688,12,5876.051042107635,True
geometry_early_optical_clear_probe,2037827688,19,5918.051042107635,True
geometry_early_optical_clear_probe,2037827688,10,6135.251042107635,True
geometry_early_optical_clear_probe,2037827688,1,6177.251042107635,True
geometry_early_optical_clear_probe,2037827688,16,6400.451042107635,True
geometry_early_optical_clear_probe,3533049679,3,17.0,True
geometry_early_optical_clear_probe,3533049679,4,23.0,True
geometry_early_optical_clear_probe,3533049679,11,65.0,True
geometry_early_optical_clear_probe,3533049679,13,77.0,True
geometry_early_optical_clear_probe,3533049679,14,83.0,True
geometry_early_optical_clear_probe,3533049679,16,95.0,True
geometry_early_optical_clear_probe,3533049679,18,282.2,True
geometry_early_optical_clear_probe,3533049679,17,288.2,True
geometry_early_optical_clear_probe,3533049679,10,330.2,True
geometry_early_optical_clear_probe,3533049679,2,378.2,True
geometry_early_optical_clear_probe,3533049679,9,2995.2401720997286,True
geometry_early_optical_clear_probe,3533049679,6,4426.662726719222,True
geometry_early_optical_clear_probe,3533049679,12,4819.324270309863,True
geometry_early_optical_clear_probe,3533049679,1,5153.210646069447,True
geometry_early_optical_clear_probe,3533049679,8,5171.210646069447,True
geometry_early_optical_clear_probe,812290514,6,35.0,True
geometry_early_optical_clear_probe,812290514,8,47.0,True
geometry_early_optical_clear_probe,812290514,17,101.0,True
geometry_early_optical_clear_probe,812290514,16,294.2,True
geometry_early_optical_clear_probe,812290514,15,300.2,True
geometry_early_optical_clear_probe,812290514,7,565.4,True
geometry_early_optical_clear_probe,812290514,12,1900.150582391086,True
geometry_early_optical_clear_probe,812290514,13,2165.350582391086,True
geometry_early_optical_clear_probe,812290514,9,2542.553554587465,True
geometry_early_optical_clear_probe,812290514,3,5326.777021286049,True
geometry_early_optical_clear_probe,812290514,5,6412.777021286048,True
geometry_early_optical_clear_probe,812290514,19,6454.777021286048,True
geometry_early_optical_clear_probe,411716616,2,11.0,True
geometry_early_optical_clear_probe,411716616,4,23.0,True
geometry_early_optical_clear_probe,411716616,6,35.0,True
geometry_early_optical_clear_probe,411716616,12,71.0,True
geometry_early_optical_clear_probe,411716616,11,324.2,True
geometry_early_optical_clear_probe,411716616,3,547.4,True
geometry_early_optical_clear_probe,411716616,8,1107.8,True
geometry_early_optical_clear_probe,411716616,10,2897.544761843813,True
geometry_early_optical_clear_probe,411716616,17,4662.444737005833,True
geometry_early_optical_clear_probe,411716616,7,4897.644737005833,True
geometry_early_optical_clear_probe,411716616,15,5767.348024849277,True
geometry_early_optical_clear_probe,411716616,14,6326.810234908732,True
geometry_early_optical_clear_probe,910185040,7,41.0,True
geometry_early_optical_clear_probe,910185040,9,53.0,True
geometry_early_optical_clear_probe,910185040,14,83.0,True
geometry_early_optical_clear_probe,910185040,17,101.0,True
geometry_early_optical_clear_probe,910185040,4,553.4,True
geometry_early_optical_clear_probe,910185040,11,595.4,True
geometry_early_optical_clear_probe,910185040,15,1113.8,True
geometry_early_optical_clear_probe,910185040,5,1819.4,True
geometry_early_optical_clear_probe,910185040,3,4042.241691142796,True
geometry_early_optical_clear_probe,910185040,19,4705.57061532041,True
geometry_early_optical_clear_probe,910185040,8,4741.57061532041,True
geometry_early_optical_clear_probe,910185040,1,4910.77061532041,True
geometry_early_optical_clear_probe,910185040,2,4916.77061532041,True
geometry_early_optical_clear_probe,910185040,10,5611.7274020001905,True
geometry_early_optical_clear_probe,910185040,12,5617.7274020001905,True
geometry_early_optical_clear_probe,910185040,16,6283.527575817527,True
geometry_early_optical_clear_probe,2104530800,14,83.0,True
geometry_early_optical_clear_probe,2104530800,15,830.5999999999999,True
geometry_early_optical_clear_probe,2104530800,10,1373.0,True
geometry_early_optical_clear_probe,2104530800,4,1409.0,True
geometry_early_optical_clear_probe,2104530800,1,1578.2,True
geometry_early_optical_clear_probe,2104530800,18,2814.1999999999994,True
geometry_early_optical_clear_probe,2104530800,5,3061.399999999999,True
geometry_early_optical_clear_probe,2104530800,17,3302.599999999999,True
geometry_early_optical_clear_probe,2104530800,13,3750.7600749267476,True
geometry_early_optical_clear_probe,2104530800,8,4233.160074926747,True
geometry_early_optical_clear_probe,2104530800,16,7471.0277172247825,True
geometry_early_optical_clear_probe,1575332535,3,17.0,True
geometry_early_optical_clear_probe,1575332535,6,35.0,True
geometry_early_optical_clear_probe,1575332535,7,41.0,True
geometry_early_optical_clear_probe,1575332535,16,95.0,True
geometry_early_optical_clear_probe,1575332535,12,318.2,True
geometry_early_optical_clear_probe,1575332535,5,360.2,True
geometry_early_optical_clear_probe,1575332535,17,822.7005965589562,True
geometry_early_optical_clear_probe,1575332535,15,1353.1005965589563,True
geometry_early_optical_clear_probe,1575332535,11,1377.1005965589563,True
geometry_early_optical_clear_probe,1575332535,18,4677.116718154287,True
geometry_early_optical_clear_probe,1575332535,8,5392.603146647685,True
geometry_early_optical_clear_probe,554412032,5,29.0,True
geometry_early_optical_clear_probe,554412032,20,119.0,True
geometry_early_optical_clear_probe,554412032,4,553.4,True
geometry_early_optical_clear_probe,554412032,1,1053.8,True
geometry_early_optical_clear_probe,554412032,16,1137.8,True
geometry_early_optical_clear_probe,554412032,17,1143.8,True
geometry_early_optical_clear_probe,554412032,11,1923.6805429166461,True
geometry_early_optical_clear_probe,554412032,15,2206.880542916646,True
geometry_early_optical_clear_probe,554412032,12,3096.1295403692993,True
geometry_early_optical_clear_probe,554412032,10,3795.729540369299,True
geometry_early_optical_clear_probe,554412032,19,6196.457946580643,True
geometry_early_optical_clear_probe,554412032,6,7137.54135198727,True
geometry_early_optical_clear_probe,678045877,3,17.0,True
geometry_early_optical_clear_probe,678045877,6,35.0,True
geometry_early_optical_clear_probe,678045877,18,282.2,True
geometry_early_optical_clear_probe,678045877,5,360.2,True
geometry_early_optical_clear_probe,678045877,7,571.4,True
geometry_early_optical_clear_probe,678045877,11,595.4,True
geometry_early_optical_clear_probe,678045877,17,631.4,True
geometry_early_optical_clear_probe,678045877,15,850.6136734480665,True
geometry_early_optical_clear_probe,678045877,1,1085.8136734480665,True
geometry_early_optical_clear_probe,678045877,8,1608.8091556385011,True
geometry_early_optical_clear_probe,678045877,12,3399.94999599796,True
geometry_early_optical_clear_probe,678045877,2,3447.94999599796,True
geometry_early_optical_clear_probe,678045877,19,3822.251572560503,True
geometry_early_optical_clear_probe,1324719047,1,5.0,True
geometry_early_optical_clear_probe,1324719047,2,11.0,True
geometry_early_optical_clear_probe,1324719047,14,83.0,True
geometry_early_optical_clear_probe,1324719047,17,101.0,True
geometry_early_optical_clear_probe,1324719047,19,113.0,True
geometry_early_optical_clear_probe,1324719047,4,366.2,True
geometry_early_optical_clear_probe,1324719047,20,755.3754178787993,True
geometry_early_optical_clear_probe,1324719047,18,767.3754178787993,True
geometry_early_optical_clear_probe,1324719047,12,1068.5754178787993,True
geometry_early_optical_clear_probe,1324719047,5,1345.7754178787993,True
geometry_early_optical_clear_probe,1324719047,16,1592.9754178787994,True
geometry_early_optical_clear_probe,1324719047,13,1804.1754178787994,True
geometry_early_optical_clear_probe,1324719047,6,4632.222164536262,True
geometry_early_optical_clear_probe,1324719047,15,5345.876363477588,True
geometry_early_optical_clear_probe,1324719047,11,5521.076363477588,True
geometry_early_optical_clear_probe,1324719047,9,7236.40145251619,True
geometry_early_optical_clear_probe,1157277434,1,5.0,True
geometry_early_optical_clear_probe,1157277434,3,17.0,True
geometry_early_optical_clear_probe,1157277434,10,59.0,True
geometry_early_optical_clear_probe,1157277434,11,65.0,True
geometry_early_optical_clear_probe,1157277434,15,89.0,True
geometry_early_optical_clear_probe,1157277434,20,270.2,True
geometry_early_optical_clear_probe,1157277434,12,318.2,True
geometry_early_optical_clear_probe,1157277434,17,640.9776804960246,True
geometry_early_optical_clear_probe,1157277434,8,1364.5776804960246,True
geometry_early_optical_clear_probe,1157277434,9,1593.7776804960247,True
geometry_early_optical_clear_probe,1157277434,14,2018.4982140956608,True
geometry_early_optical_clear_probe,1157277434,4,2766.7715031366984,True
geometry_early_optical_clear_probe,1157277434,2,3246.9830109565123,True
geometry_early_optical_clear_probe,1157277434,6,4198.878661394131,True
geometry_early_optical_clear_probe,4269658076,6,35.0,True
geometry_early_optical_clear_probe,4269658076,7,41.0,True
geometry_early_optical_clear_probe,4269658076,9,53.0,True
geometry_early_optical_clear_probe,4269658076,12,71.0,True
geometry_early_optical_clear_probe,4269658076,19,113.0,True
geometry_early_optical_clear_probe,4269658076,15,1200.7561509526768,True
geometry_early_optical_clear_probe,4269658076,20,1230.7561509526768,True
geometry_early_optical_clear_probe,4269658076,17,1399.9561509526768,True
geometry_early_optical_clear_probe,4269658076,1,4525.202211768557,True
geometry_early_optical_clear_probe,4269658076,18,6232.587479824502,True
geometry_early_optical_clear_probe,2297346204,1,5.0,True
geometry_early_optical_clear_probe,2297346204,14,83.0,True
geometry_early_optical_clear_probe,2297346204,15,300.2,True
geometry_early_optical_clear_probe,2297346204,7,348.2,True
geometry_early_optical_clear_probe,2297346204,6,354.2,True
geometry_early_optical_clear_probe,2297346204,12,1215.406605904116,True
geometry_early_optical_clear_probe,2297346204,8,1465.1701032228705,True
geometry_early_optical_clear_probe,2297346204,5,2633.1979293940217,True
geometry_early_optical_clear_probe,2297346204,3,3366.329713099796,True
geometry_early_optical_clear_probe,2297346204,19,4403.633879217171,True
geometry_early_optical_clear_probe,2297346204,16,5646.900638631381,True
geometry_early_optical_clear_probe,2297346204,17,5652.900638631381,True
geometry_early_optical_clear_probe,2297346204,18,5658.900638631381,True
geometry_early_optical_clear_probe,2297346204,9,6515.869417402841,True
geometry_early_optical_clear_probe,1792014305,7,41.0,True
geometry_early_optical_clear_probe,1792014305,9,53.0,True
geometry_early_optical_clear_probe,1792014305,14,83.0,True
geometry_early_optical_clear_probe,1792014305,15,89.0,True
geometry_early_optical_clear_probe,1792014305,16,95.0,True
geometry_early_optical_clear_probe,1792014305,20,270.2,True
geometry_early_optical_clear_probe,1792014305,11,324.2,True
geometry_early_optical_clear_probe,1792014305,4,366.2,True
geometry_early_optical_clear_probe,1792014305,19,626.910062858022,True
geometry_early_optical_clear_probe,1792014305,17,1636.60617998911,True
geometry_early_optical_clear_probe,1792014305,8,1847.80617998911,True
geometry_early_optical_clear_probe,1792014305,10,3179.873466852525,True
geometry_early_optical_clear_probe,1792014305,5,3784.7921274378928,True
geometry_early_optical_clear_probe,1792014305,1,4991.992127437892,True
geometry_early_optical_clear_probe,1792014305,18,6475.6956678418,True
geometry_early_optical_clear_probe,2774336452,6,35.0,True
geometry_early_optical_clear_probe,2774336452,8,47.0,True
geometry_early_optical_clear_probe,2774336452,16,95.0,True
geometry_early_optical_clear_probe,2774336452,20,119.0,True
geometry_early_optical_clear_probe,2774336452,1,384.2,True
geometry_early_optical_clear_probe,2774336452,7,571.4,True
geometry_early_optical_clear_probe,2774336452,12,848.5999999999999,True
geometry_early_optical_clear_probe,2774336452,19,3959.144695767201,True
geometry_early_optical_clear_probe,2774336452,10,5578.973428041692,True
geometry_early_optical_clear_probe,2774336452,4,6358.365012391373,True
geometry_early_optical_clear_probe,2774336452,14,7543.069913256576,True
geometry_early_optical_clear_probe,1960243178,3,17.0,True
geometry_early_optical_clear_probe,1960243178,16,772.4907751710186,True
geometry_early_optical_clear_probe,1960243178,11,1415.4856086925051,True
geometry_early_optical_clear_probe,1960243178,2,1626.6856086925052,True
geometry_early_optical_clear_probe,1960243178,4,1632.6856086925052,True
geometry_early_optical_clear_probe,1960243178,8,1656.6856086925052,True
geometry_early_optical_clear_probe,1960243178,13,1686.6856086925052,True
geometry_early_optical_clear_probe,1960243178,12,2085.537785230534,True
geometry_early_optical_clear_probe,1960243178,1,2533.57508223701,True
geometry_early_optical_clear_probe,1960243178,9,4337.091605748338,True
geometry_early_optical_clear_probe,1960243178,10,4542.291605748338,True
geometry_early_optical_clear_probe,1960243178,18,4572.291605748338,True
geometry_early_optical_clear_probe,1960243178,20,5401.521337513869,True
geometry_early_optical_clear_probe,1960243178,19,7133.02114875852,True
geometry_early_optical_clear_probe,4178633939,2,11.0,True
geometry_early_optical_clear_probe,4178633939,5,29.0,True
geometry_early_optical_clear_probe,4178633939,7,41.0,True
geometry_early_optical_clear_probe,4178633939,9,53.0,True
geometry_early_optical_clear_probe,4178633939,15,89.0,True
geometry_early_optical_clear_probe,4178633939,20,270.2,True
geometry_early_optical_clear_probe,4178633939,17,288.2,True
geometry_early_optical_clear_probe,4178633939,18,580.4832168082701,True
geometry_early_optical_clear_probe,4178633939,3,1513.2912823673596,True
geometry_early_optical_clear_probe,4178633939,11,1555.2912823673596,True
geometry_early_optical_clear_probe,4178633939,1,1995.6912823673597,True
geometry_early_optical_clear_probe,4178633939,10,2043.6912823673597,True
geometry_early_optical_clear_probe,4178633939,16,4047.275199743466,True
geometry_early_optical_clear_probe,4178633939,4,5314.02869194417,True
geometry_early_optical_clear_probe,4178633939,12,5332.02869194417,True
geometry_early_optical_clear_probe,4178633939,8,5718.347009718983,True
geometry_early_optical_clear_probe,1582821897,4,23.0,True
geometry_early_optical_clear_probe,1582821897,6,35.0,True
geometry_early_optical_clear_probe,1582821897,9,53.0,True
geometry_early_optical_clear_probe,1582821897,13,77.0,True
geometry_early_optical_clear_probe,1582821897,3,952.6928353815258,True
geometry_early_optical_clear_probe,1582821897,2,1736.4501239939646,True
geometry_early_optical_clear_probe,1582821897,5,1742.4501239939646,True
geometry_early_optical_clear_probe,1582821897,14,1790.4501239939646,True
geometry_early_optical_clear_probe,1582821897,20,1977.6501239939646,True
geometry_early_optical_clear_probe,1582821897,15,2007.6501239939646,True
geometry_early_optical_clear_probe,1582821897,7,2242.850123993964,True
geometry_early_optical_clear_probe,1582821897,11,3165.6501239939635,True
geometry_early_optical_clear_probe,1582821897,17,4280.26355204742,True
geometry_early_optical_clear_probe,1582821897,19,4778.3366918148995,True
geometry_early_optical_clear_probe,1582821897,12,5759.567983717511,True
geometry_early_optical_clear_probe,665028112,2,11.0,True
geometry_early_optical_clear_probe,665028112,7,41.0,True
geometry_early_optical_clear_probe,665028112,9,53.0,True
geometry_early_optical_clear_probe,665028112,12,71.0,True
geometry_early_optical_clear_probe,665028112,18,107.0,True
geometry_early_optical_clear_probe,665028112,15,300.2,True
geometry_early_optical_clear_probe,665028112,19,583.4385576487596,True
geometry_early_optical_clear_probe,665028112,16,1259.8601040295166,True
geometry_early_optical_clear_probe,665028112,8,1899.8889431243094,True
geometry_early_optical_clear_probe,665028112,10,2395.564692247912,True
geometry_early_optical_clear_probe,665028112,14,2648.7646922479116,True
geometry_early_optical_clear_probe,665028112,6,4816.880136913039,True
geometry_early_optical_clear_probe,3446424350,13,312.2,True
geometry_early_optical_clear_probe,3446424350,6,565.4,True
geometry_early_optical_clear_probe,3446424350,17,825.1393613137764,True
geometry_early_optical_clear_probe,3446424350,8,873.1393613137764,True
geometry_early_optical_clear_probe,3446424350,7,879.1393613137764,True
geometry_early_optical_clear_probe,3446424350,1,915.1393613137764,True
geometry_early_optical_clear_probe,3446424350,16,1144.3393613137764,True
geometry_early_optical_clear_probe,3446424350,20,1168.3393613137764,True
geometry_early_optical_clear_probe,3446424350,15,1612.715416533284,True
geometry_early_optical_clear_probe,3446424350,19,4351.999320538105,True
geometry_early_optical_clear_probe,3446424350,4,5836.244793359309,True
geometry_early_optical_clear_probe,3700033598,2,11.0,True
geometry_early_optical_clear_probe,3700033598,3,17.0,True
geometry_early_optical_clear_probe,3700033598,6,35.0,True
geometry_early_optical_clear_probe,3700033598,4,366.2,True
geometry_early_optical_clear_probe,3700033598,13,607.4,True
geometry_early_optical_clear_probe,3700033598,14,3745.3587893181393,True
geometry_early_optical_clear_probe,3700033598,19,3940.8810212642056,True
geometry_early_optical_clear_probe,3700033598,12,4880.813784433673,True
geometry_early_optical_clear_probe,3700033598,16,5188.003172254971,True
geometry_early_optical_clear_probe,3700033598,18,6678.40317225497,True
geometry_early_optical_clear_probe,1611812401,2,11.0,True
geometry_early_optical_clear_probe,1611812401,12,318.2,True
geometry_early_optical_clear_probe,1611812401,5,360.2,True
geometry_early_optical_clear_probe,1611812401,16,995.1531020280283,True
geometry_early_optical_clear_probe,1611812401,15,1001.1531020280283,True
geometry_early_optical_clear_probe,1611812401,10,1266.3531020280284,True
geometry_early_optical_clear_probe,1611812401,9,2271.5949305332715,True
geometry_early_optical_clear_probe,1611812401,19,2716.3279773544164,True
geometry_early_optical_clear_probe,1611812401,6,2770.3279773544164,True
geometry_early_optical_clear_probe,1611812401,4,2776.3279773544164,True
geometry_early_optical_clear_probe,1611812401,13,3428.966459819966,True
geometry_early_optical_clear_probe,1611812401,17,4239.715354870744,True
geometry_early_optical_clear_probe,1611812401,11,7462.343799817816,True
geometry_early_optical_clear_probe,1512914312,6,35.0,True
geometry_early_optical_clear_probe,1512914312,8,47.0,True
geometry_early_optical_clear_probe,1512914312,18,107.0,True
geometry_early_optical_clear_probe,1512914312,7,571.4,True
geometry_early_optical_clear_probe,1512914312,12,601.4,True
geometry_early_optical_clear_probe,1512914312,19,643.4,True
geometry_early_optical_clear_probe,1512914312,1,1024.296581100957,True
geometry_early_optical_clear_probe,1512914312,4,1524.696581100957,True
geometry_early_optical_clear_probe,1512914312,16,3954.871314299587,True
geometry_early_optical_clear_probe,1512914312,5,5597.875960779453,True
geometry_early_optical_clear_probe,1512914312,15,5833.0759607794525,True
geometry_early_optical_clear_probe,1512914312,13,5845.0759607794525,True
geometry_early_optical_clear_probe,1512914312,3,5899.0759607794525,True
geometry_early_optical_clear_probe,1213349093,3,17.0,True
geometry_early_optical_clear_probe,1213349093,7,41.0,True
geometry_early_optical_clear_probe,1213349093,12,71.0,True
geometry_early_optical_clear_probe,1213349093,20,119.0,True
geometry_early_optical_clear_probe,1213349093,4,366.2,True
geometry_early_optical_clear_probe,1213349093,5,553.4,True
geometry_early_optical_clear_probe,1213349093,14,607.4,True
geometry_early_optical_clear_probe,1213349093,10,4064.322261554649,True
geometry_early_optical_clear_probe,1213349093,18,4100.322261554649,True
geometry_early_optical_clear_probe,1213349093,9,4362.926476187123,True
geometry_early_optical_clear_probe,1213349093,11,4821.326476187122,True
geometry_early_optical_clear_probe,1213349093,15,5261.726476187122,True
geometry_early_optical_clear_probe,1213349093,16,5696.126476187122,True
geometry_early_optical_clear_probe,1213349093,1,6311.726476187121,True
geometry_early_optical_clear_probe,208075218,3,17.0,True
geometry_early_optical_clear_probe,208075218,6,35.0,True
geometry_early_optical_clear_probe,208075218,13,77.0,True
geometry_early_optical_clear_probe,208075218,14,306.2,True
geometry_early_optical_clear_probe,208075218,8,342.2,True
geometry_early_optical_clear_probe,208075218,5,360.2,True
geometry_early_optical_clear_probe,208075218,15,1029.6084627103137,True
geometry_early_optical_clear_probe,208075218,9,2532.602539432953,True
geometry_early_optical_clear_probe,208075218,16,3883.665332396129,True
geometry_early_optical_clear_probe,208075218,11,4318.065332396129,True
geometry_early_optical_clear_probe,208075218,10,4758.465332396128,True
geometry_early_optical_clear_probe,208075218,20,6387.2041129065265,True
geometry_early_optical_clear_probe,3789435867,1,5.0,True
geometry_early_optical_clear_probe,3789435867,14,83.0,True
geometry_early_optical_clear_probe,3789435867,6,354.2,True
geometry_early_optical_clear_probe,3789435867,13,1835.7659792421207,True
geometry_early_optical_clear_probe,3789435867,5,3360.96597924212,True
geometry_early_optical_clear_probe,3789435867,3,3372.96597924212,True
geometry_early_optical_clear_probe,3789435867,11,3578.1659792421196,True
geometry_early_optical_clear_probe,3789435867,16,3727.6715897984895,True
geometry_early_optical_clear_probe,3789435867,4,4608.883249362306,True
geometry_early_optical_clear_probe,3789435867,12,5983.721019602585,True
geometry_early_optical_clear_probe,81531058,13,607.4,True
geometry_early_optical_clear_probe,81531058,15,619.4,True
geometry_early_optical_clear_probe,81531058,6,1210.6134557710518,True
geometry_early_optical_clear_probe,81531058,2,3350.1692717399164,True
geometry_early_optical_clear_probe,81531058,3,3675.3692717399163,True
geometry_early_optical_clear_probe,81531058,4,4357.386649478282,True
geometry_early_optical_clear_probe,81531058,14,4887.786649478282,True
geometry_early_optical_clear_probe,81531058,5,5789.315801541621,True
geometry_early_optical_clear_probe,81531058,17,5837.315801541621,True
geometry_early_optical_clear_probe,81531058,18,5843.315801541621,True
geometry_early_optical_clear_probe,81531058,7,6253.715801541621,True
geometry_early_optical_clear_probe,81531058,10,6500.915801541621,True
geometry_early_optical_clear_probe,81531058,11,8230.581779772048,True
geometry_early_optical_clear_probe,1444544691,1,5.0,True
geometry_early_optical_clear_probe,1444544691,6,35.0,True
geometry_early_optical_clear_probe,1444544691,9,53.0,True
geometry_early_optical_clear_probe,1444544691,10,59.0,True
geometry_early_optical_clear_probe,1444544691,18,107.0,True
geometry_early_optical_clear_probe,1444544691,20,119.0,True
geometry_early_optical_clear_probe,1444544691,19,276.2,True
geometry_early_optical_clear_probe,1444544691,3,845.6326690940198,True
geometry_early_optical_clear_probe,1444544691,15,2207.8985721473464,True
geometry_early_optical_clear_probe,1444544691,7,2943.498572147346,True
geometry_early_optical_clear_probe,3783867260,3,17.0,True
geometry_early_optical_clear_probe,3783867260,5,29.0,True
geometry_early_optical_clear_probe,3783867260,6,35.0,True
geometry_early_optical_clear_probe,3783867260,19,276.2,True
geometry_early_optical_clear_probe,3783867260,13,312.2,True
geometry_early_optical_clear_probe,3783867260,4,366.2,True
geometry_early_optical_clear_probe,3783867260,10,763.9801958432965,True
geometry_early_optical_clear_probe,3783867260,18,1199.612904085604,True
geometry_early_optical_clear_probe,3783867260,15,1380.812904085604,True
geometry_early_optical_clear_probe,3783867260,8,1613.3747700965619,True
geometry_early_optical_clear_probe,3783867260,14,1862.0600130277414,True
geometry_early_optical_clear_probe,3783867260,9,4585.682253089221,True
geometry_early_optical_clear_probe,3783867260,7,5561.936959658856,True
geometry_early_optical_clear_probe,3783867260,17,5755.136959658856,True
geometry_early_optical_clear_probe,3783867260,11,5978.336959658855,True
geometry_early_optical_clear_probe,2976193322,1,5.0,True
geometry_early_optical_clear_probe,2976193322,19,276.2,True
geometry_early_optical_clear_probe,2976193322,7,348.2,True
geometry_early_optical_clear_probe,2976193322,16,625.4,True
geometry_early_optical_clear_probe,2976193322,17,818.5999999999999,True
geometry_early_optical_clear_probe,2976193322,10,860.5999999999999,True
geometry_early_optical_clear_probe,2976193322,12,1484.5644246224385,True
geometry_early_optical_clear_probe,2976193322,4,1526.5644246224385,True
geometry_early_optical_clear_probe,2976193322,5,2218.529052645856,True
geometry_early_optical_clear_probe,2976193322,3,2224.529052645856,True
geometry_early_optical_clear_probe,2976193322,13,2447.729052645856,True
geometry_early_optical_clear_probe,2976193322,2,4884.894922432582,True
geometry_early_optical_clear_probe,2976193322,14,6058.236845378254,True
geometry_early_optical_clear_probe,2976193322,6,6498.2818421209195,True
geometry_early_optical_clear_probe,2976193322,8,7960.350513418486,True
geometry_early_optical_clear_probe,2976193322,15,7978.350513418486,True
geometry_early_optical_clear_probe,4021547072,3,17.0,True
geometry_early_optical_clear_probe,4021547072,18,107.0,True
geometry_early_optical_clear_probe,4021547072,5,360.2,True
geometry_early_optical_clear_probe,4021547072,1,535.4,True
geometry_early_optical_clear_probe,4021547072,4,1059.8,True
geometry_early_optical_clear_probe,4021547072,17,1864.8295126293679,True
geometry_early_optical_clear_probe,4021547072,15,1876.8295126293679,True
geometry_early_optical_clear_probe,4021547072,13,2210.787785938305,True
geometry_early_optical_clear_probe,4021547072,9,2495.6934958917077,True
geometry_early_optical_clear_probe,4021547072,7,3292.4362243109235,True
geometry_early_optical_clear_probe,4021547072,14,3527.6362243109234,True
geometry_early_optical_clear_probe,4021547072,16,4190.731113773671,True
geometry_early_optical_clear_probe,4021547072,12,4202.731113773671,True
geometry_early_optical_clear_probe,4021547072,10,5813.121338235355,True
geometry_early_optical_clear_probe,4021547072,6,6775.200074006396,True
geometry_early_optical_clear_probe,1148523820,3,17.0,True
geometry_early_optical_clear_probe,1148523820,7,41.0,True
geometry_early_optical_clear_probe,1148523820,10,59.0,True
geometry_early_optical_clear_probe,1148523820,15,89.0,True
geometry_early_optical_clear_probe,1148523820,19,113.0,True
geometry_early_optical_clear_probe,1148523820,8,342.2,True
geometry_early_optical_clear_probe,1148523820,18,637.4,True
geometry_early_optical_clear_probe,1148523820,6,1005.1485251928319,True
geometry_early_optical_clear_probe,1148523820,14,1633.007828243887,True
geometry_early_optical_clear_probe,1148523820,1,2175.407828243887,True
geometry_early_optical_clear_probe,1148523820,17,3847.924353037527,True
geometry_early_optical_clear_probe,1148523820,16,4747.361153572461,True
geometry_early_optical_clear_probe,1148523820,11,7084.794090902915,True
geometry_early_optical_clear_probe,3931596332,7,41.0,True
geometry_early_optical_clear_probe,3931596332,12,71.0,True
geometry_early_optical_clear_probe,3931596332,20,119.0,True
geometry_early_optical_clear_probe,3931596332,18,282.2,True
geometry_early_optical_clear_probe,3931596332,17,288.2,True
geometry_early_optical_clear_probe,3931596332,16,294.2,True
geometry_early_optical_clear_probe,3931596332,10,330.2,True
geometry_early_optical_clear_probe,3931596332,5,360.2,True
geometry_early_optical_clear_probe,3931596332,6,1016.0289817606682,True
geometry_early_optical_clear_probe,3931596332,11,1229.2217275306987,True
geometry_early_optical_clear_probe,3931596332,15,2203.865717698062,True
geometry_early_optical_clear_probe,3931596332,1,3689.8646857513118,True
geometry_early_optical_clear_probe,3931596332,3,6900.401522392236,True
geometry_early_optical_clear_probe,1632890613,2,11.0,True
geometry_early_optical_clear_probe,1632890613,7,41.0,True
geometry_early_optical_clear_probe,1632890613,10,59.0,True
geometry_early_optical_clear_probe,1632890613,18,282.2,True
geometry_early_optical_clear_probe,1632890613,4,366.2,True
geometry_early_optical_clear_probe,1632890613,15,1102.9872293986145,True
geometry_early_optical_clear_probe,1632890613,5,1362.1872293986146,True
geometry_early_optical_clear_probe,1632890613,6,1566.6711502057947,True
geometry_early_optical_clear_probe,1632890613,8,1843.8711502057947,True
geometry_early_optical_clear_probe,1632890613,17,2278.2711502057946,True
geometry_early_optical_clear_probe,1632890613,14,2296.2711502057946,True
geometry_early_optical_clear_probe,1632890613,19,2933.572844647052,True
geometry_early_optical_clear_probe,1632890613,1,6183.940591660226,True
geometry_early_optical_clear_probe,1150612911,5,29.0,True
geometry_early_optical_clear_probe,1150612911,7,41.0,True
geometry_early_optical_clear_probe,1150612911,8,47.0,True
geometry_early_optical_clear_probe,1150612911,11,65.0,True
geometry_early_optical_clear_probe,1150612911,14,306.2,True
geometry_early_optical_clear_probe,1150612911,2,378.2,True
geometry_early_optical_clear_probe,1150612911,16,629.0610886959001,True
geometry_early_optical_clear_probe,1150612911,9,1173.4577025894462,True
geometry_early_optical_clear_probe,1150612911,20,1364.873412083542,True
geometry_early_optical_clear_probe,1150612911,1,1594.073412083542,True
geometry_early_optical_clear_probe,1150612911,4,1606.073412083542,True
geometry_early_optical_clear_probe,1150612911,19,3998.723952156774,True
geometry_early_optical_clear_probe,1150612911,18,4460.790498035334,True
geometry_early_optical_clear_probe,1150612911,3,4666.990498035334,True
geometry_early_optical_clear_probe,1150612911,6,4824.190498035334,True
geometry_early_optical_clear_probe,1150612911,13,5554.187050677454,True
geometry_early_optical_clear_probe,900456746,19,113.0,True
geometry_early_optical_clear_probe,900456746,16,625.4,True
geometry_early_optical_clear_probe,900456746,5,1089.8,True
geometry_early_optical_clear_probe,900456746,10,1650.2,True
geometry_early_optical_clear_probe,900456746,15,1680.2,True
geometry_early_optical_clear_probe,900456746,20,1710.2,True
geometry_early_optical_clear_probe,900456746,6,2031.3880094090239,True
geometry_early_optical_clear_probe,900456746,1,2344.9914216053494,True
geometry_early_optical_clear_probe,900456746,2,4988.3558723796305,True
geometry_early_optical_clear_probe,900456746,4,5151.55587237963,True
geometry_early_optical_clear_probe,2533913656,6,35.0,True
geometry_early_optical_clear_probe,2533913656,7,41.0,True
geometry_early_optical_clear_probe,2533913656,9,53.0,True
geometry_early_optical_clear_probe,2533913656,15,89.0,True
geometry_early_optical_clear_probe,2533913656,17,288.2,True
geometry_early_optical_clear_probe,2533913656,8,577.4,True
geometry_early_optical_clear_probe,2533913656,10,583.4,True
geometry_early_optical_clear_probe,2533913656,20,1294.0429728164,True
geometry_early_optical_clear_probe,2533913656,19,1300.0429728164,True
geometry_early_optical_clear_probe,2533913656,16,1312.0429728164,True
geometry_early_optical_clear_probe,2533913656,3,2133.367366357443,True
geometry_early_optical_clear_probe,2533913656,4,2139.367366357443,True
geometry_early_optical_clear_probe,2533913656,5,2881.8640979273628,True
geometry_early_optical_clear_probe,2533913656,11,3733.5882687685585,True
geometry_early_optical_clear_probe,2533913656,14,6168.364022675064,True
geometry_early_optical_clear_probe,2533913656,13,7590.109310466347,True
geometry_early_optical_clear_probe,2123248727,3,17.0,True
geometry_early_optical_clear_probe,2123248727,5,29.0,True
geometry_early_optical_clear_probe,2123248727,6,35.0,True
geometry_early_optical_clear_probe,2123248727,7,41.0,True
geometry_early_optical_clear_probe,2123248727,10,59.0,True
geometry_early_optical_clear_probe,2123248727,13,77.0,True
geometry_early_optical_clear_probe,2123248727,14,83.0,True
geometry_early_optical_clear_probe,2123248727,18,107.0,True
geometry_early_optical_clear_probe,2123248727,8,342.2,True
geometry_early_optical_clear_probe,2123248727,9,937.9235875766426,True
geometry_early_optical_clear_probe,2123248727,11,1323.9593761046615,True
geometry_early_optical_clear_probe,2123248727,4,1529.1593761046615,True
geometry_early_optical_clear_probe,2123248727,20,3533.902822865759,True
geometry_early_optical_clear_probe,2123248727,17,5673.265537124782,True
geometry_early_optical_clear_probe,2123248727,2,7383.06553712478,True
geometry_early_optical_clear_probe,485956302,1,5.0,True
geometry_early_optical_clear_probe,485956302,5,29.0,True
geometry_early_optical_clear_probe,485956302,7,41.0,True
geometry_early_optical_clear_probe,485956302,15,89.0,True
geometry_early_optical_clear_probe,485956302,17,288.2,True
geometry_early_optical_clear_probe,485956302,16,294.2,True
geometry_early_optical_clear_probe,485956302,14,306.2,True
geometry_early_optical_clear_probe,485956302,9,336.2,True
geometry_early_optical_clear_probe,485956302,8,342.2,True
geometry_early_optical_clear_probe,485956302,6,354.2,True
geometry_early_optical_clear_probe,485956302,10,1659.144355546596,True
geometry_early_optical_clear_probe,485956302,20,1858.344355546596,True
geometry_early_optical_clear_probe,485956302,4,1924.344355546596,True
geometry_early_optical_clear_probe,485956302,2,2086.3016355864797,True
geometry_early_optical_clear_probe,485956302,13,7047.221285562571,True
geometry_early_optical_clear_probe,779592747,16,95.0,True
geometry_early_optical_clear_probe,779592747,3,372.2,True
geometry_early_optical_clear_probe,779592747,14,1390.3086052886417,True
geometry_early_optical_clear_probe,779592747,8,1426.3086052886417,True
geometry_early_optical_clear_probe,779592747,5,1444.3086052886417,True
geometry_early_optical_clear_probe,779592747,20,3815.1777314327414,True
geometry_early_optical_clear_probe,779592747,15,4110.377731432742,True
geometry_early_optical_clear_probe,779592747,1,5285.311627189355,True
geometry_early_optical_clear_probe,779592747,19,6175.756161212603,True
geometry_early_optical_clear_probe,779592747,7,7092.556161212602,True
geometry_early_optical_clear_probe,2365268955,2,11.0,True
geometry_early_optical_clear_probe,2365268955,12,71.0,True
geometry_early_optical_clear_probe,2365268955,17,101.0,True
geometry_early_optical_clear_probe,2365268955,14,306.2,True
geometry_early_optical_clear_probe,2365268955,10,330.2,True
geometry_early_optical_clear_probe,2365268955,3,885.1882810126506,True
geometry_early_optical_clear_probe,2365268955,13,1114.3882810126506,True
geometry_early_optical_clear_probe,2365268955,20,1150.3882810126506,True
geometry_early_optical_clear_probe,2365268955,15,1261.327906782844,True
geometry_early_optical_clear_probe,2365268955,11,1273.327906782844,True
geometry_early_optical_clear_probe,2365268955,8,1739.9557366320853,True
geometry_early_optical_clear_probe,2365268955,7,1745.9557366320853,True
geometry_early_optical_clear_probe,2365268955,1,1775.9557366320853,True
geometry_early_optical_clear_probe,2365268955,16,4354.451311765881,True
geometry_early_optical_clear_probe,2365268955,4,4565.651311765881,True
geometry_early_optical_clear_probe,2365268955,6,4746.85131176588,True
geometry_early_optical_clear_probe,4216862231,4,23.0,True
geometry_early_optical_clear_probe,4216862231,8,47.0,True
geometry_early_optical_clear_probe,4216862231,14,83.0,True
geometry_early_optical_clear_probe,4216862231,16,95.0,True
geometry_early_optical_clear_probe,4216862231,13,312.2,True
geometry_early_optical_clear_probe,4216862231,6,565.4,True
geometry_early_optical_clear_probe,4216862231,9,2669.615635740215,True
geometry_early_optical_clear_probe,4216862231,18,3310.6299459129277,True
geometry_early_optical_clear_probe,4216862231,11,3980.229945912927,True
geometry_early_optical_clear_probe,4216862231,3,4010.229945912927,True
geometry_early_optical_clear_probe,4216862231,2,4016.229945912927,True
geometry_early_optical_clear_probe,4216862231,10,4943.691637471146,True
geometry_early_optical_clear_probe,4216862231,20,5921.625040928934,True
geometry_early_optical_clear_probe,4216862231,12,6558.840075494147,True
geometry_early_optical_clear_probe,119251206,3,17.0,True
geometry_early_optical_clear_probe,119251206,4,23.0,True
geometry_early_optical_clear_probe,119251206,10,59.0,True
geometry_early_optical_clear_probe,119251206,17,101.0,True
geometry_early_optical_clear_probe,119251206,18,282.2,True
geometry_early_optical_clear_probe,119251206,16,818.5999999999999,True
geometry_early_optical_clear_probe,119251206,9,860.5999999999999,True
geometry_early_optical_clear_probe,119251206,6,878.5999999999999,True
geometry_early_optical_clear_probe,119251206,5,1553.7499794891148,True
geometry_early_optical_clear_probe,119251206,2,2060.149979489115,True
geometry_early_optical_clear_probe,119251206,15,2283.349979489115,True
geometry_early_optical_clear_probe,119251206,19,5885.700407035713,True
geometry_early_optical_clear_probe,119251206,14,6054.900407035713,True
geometry_early_optical_clear_probe,119251206,12,7363.0587205501815,True
geometry_early_optical_clear_probe,119251206,1,7387.0587205501815,True
geometry_early_optical_clear_probe,2380927635,2,11.0,True
geometry_early_optical_clear_probe,2380927635,4,23.0,True
geometry_early_optical_clear_probe,2380927635,5,29.0,True
geometry_early_optical_clear_probe,2380927635,8,47.0,True
geometry_early_optical_clear_probe,2380927635,9,53.0,True
geometry_early_optical_clear_probe,2380927635,15,300.2,True
geometry_early_optical_clear_probe,2380927635,12,318.2,True
geometry_early_optical_clear_probe,2380927635,10,834.8933005149604,True
geometry_early_optical_clear_probe,2380927635,13,1291.5812089984263,True
geometry_early_optical_clear_probe,2380927635,3,2627.371384943131,True
geometry_early_optical_clear_probe,2380927635,18,2681.371384943131,True
geometry_early_optical_clear_probe,2380927635,17,2871.098283568095,True
geometry_early_optical_clear_probe,2380927635,20,3659.5859807406546,True
geometry_early_optical_clear_probe,2380927635,16,3785.727443725436,True
geometry_early_optical_clear_probe,2380927635,11,4620.680930743095,True
geometry_early_optical_clear_probe,2380927635,19,5715.243802071183,True
geometry_early_optical_clear_probe,1018293772,5,29.0,True
geometry_early_optical_clear_probe,1018293772,10,59.0,True
geometry_early_optical_clear_probe,1018293772,13,77.0,True
geometry_early_optical_clear_probe,1018293772,16,1297.9634427437518,True
geometry_early_optical_clear_probe,1018293772,4,2877.163442743751,True
geometry_early_optical_clear_probe,1018293772,14,3112.363442743751,True
geometry_early_optical_clear_probe,1018293772,1,4045.3453526238527,True
geometry_early_optical_clear_probe,1018293772,18,4806.472698324902,True
geometry_early_optical_clear_probe,1018293772,15,5861.037443910018,True
geometry_early_optical_clear_probe,1018293772,17,8301.554187282589,True
geometry_early_optical_clear_probe,3080693851,2,11.0,True
geometry_early_optical_clear_probe,3080693851,3,17.0,True
geometry_early_optical_clear_probe,3080693851,5,29.0,True
geometry_early_optical_clear_probe,3080693851,9,53.0,True
geometry_early_optical_clear_probe,3080693851,13,77.0,True
geometry_early_optical_clear_probe,3080693851,7,570.4172564716168,True
geometry_early_optical_clear_probe,3080693851,12,2038.8705518853153,True
geometry_early_optical_clear_probe,3080693851,10,4216.07691316003,True
geometry_early_optical_clear_probe,3080693851,17,5472.152901861353,True
geometry_early_optical_clear_probe,3080693851,1,7635.878954058999,True
geometry_early_optical_clear_probe,3080693851,18,7841.0789540589985,True
geometry_early_optical_clear_probe,507828889,2,11.0,True
geometry_early_optical_clear_probe,507828889,5,29.0,True
geometry_early_optical_clear_probe,507828889,15,89.0,True
geometry_early_optical_clear_probe,507828889,11,324.2,True
geometry_early_optical_clear_probe,507828889,13,1361.0,True
geometry_early_optical_clear_probe,507828889,10,1373.0,True
geometry_early_optical_clear_probe,507828889,8,1385.0,True
geometry_early_optical_clear_probe,507828889,18,1814.4600751403902,True
geometry_early_optical_clear_probe,507828889,1,2073.6600751403903,True
geometry_early_optical_clear_probe,507828889,7,2248.86007514039,True
geometry_early_optical_clear_probe,507828889,17,3377.8089204363405,True
geometry_early_optical_clear_probe,2347977971,6,35.0,True
geometry_early_optical_clear_probe,2347977971,7,41.0,True
geometry_early_optical_clear_probe,2347977971,9,53.0,True
geometry_early_optical_clear_probe,2347977971,10,59.0,True
geometry_early_optical_clear_probe,2347977971,14,83.0,True
geometry_early_optical_clear_probe,2347977971,18,282.2,True
geometry_early_optical_clear_probe,2347977971,13,312.2,True
geometry_early_optical_clear_probe,2347977971,2,1101.7804218815302,True
geometry_early_optical_clear_probe,2347977971,12,1143.7804218815302,True
geometry_early_optical_clear_probe,2347977971,19,1400.74611926818,True
geometry_early_optical_clear_probe,2347977971,8,1454.74611926818,True
geometry_early_optical_clear_probe,2347977971,20,1864.3682735126035,True
geometry_early_optical_clear_probe,2347977971,15,3826.726279026263,True
geometry_early_optical_clear_probe,779436522,11,65.0,True
geometry_early_optical_clear_probe,779436522,12,71.0,True
geometry_early_optical_clear_probe,779436522,13,77.0,True
geometry_early_optical_clear_probe,779436522,20,270.2,True
geometry_early_optical_clear_probe,779436522,19,276.2,True
geometry_early_optical_clear_probe,779436522,14,306.2,True
geometry_early_optical_clear_probe,779436522,10,330.2,True
geometry_early_optical_clear_probe,779436522,2,378.2,True
geometry_early_optical_clear_probe,779436522,15,861.6412085242803,True
geometry_early_optical_clear_probe,779436522,5,909.6412085242803,True
geometry_early_optical_clear_probe,779436522,3,1252.1049378302891,True
geometry_early_optical_clear_probe,779436522,6,2682.0084822758695,True
geometry_early_optical_clear_probe,779436522,16,7001.69889604258,True
geometry_early_optical_clear_probe,779436522,1,7779.998482551972,True
