strategy,seed,channel,first_seen_time_s,directional
clear_probe,0,5,29.0,False
clear_probe,0,6,35.0,False
clear_probe,0,13,77.0,False
clear_probe,0,20,119.0,False
clear_probe,0,10,326.0,False
clear_probe,0,12,338.0,True
clear_probe,0,1,496.4637186641315,False
clear_probe,0,4,514.4637186641314,False
clear_probe,0,2,757.2524310942483,True
clear_probe,0,7,1303.2524310942483,True
clear_probe,0,18,1873.2524310942483,False
clear_probe,0,14,3010.7582191599295,True
clear_probe,0,8,3466.7582191599295,True
clear_probe,0,9,3958.7582191599295,True
clear_probe,0,3,6018.141073446015,True
clear_probe,0,16,6279.141073446015,True
clear_probe,1,7,41.0,False
clear_probe,1,13,77.0,True
clear_probe,1,14,83.0,False
clear_probe,1,19,113.0,False
clear_probe,1,17,368.0,True
clear_probe,1,8,581.0,True
clear_probe,1,11,1658.618159864412,False
clear_probe,1,4,1883.4682278655664,True
clear_probe,1,16,1937.4682278655664,True
clear_probe,1,3,4438.489434022895,True
clear_probe,1,9,5733.168628028636,True
clear_probe,2,6,35.0,False
clear_probe,2,13,77.0,False
clear_probe,2,15,89.0,True
clear_probe,2,2,278.0,False
clear_probe,2,4,290.0,True
clear_probe,2,16,362.0,False
clear_probe,2,17,368.0,False
clear_probe,2,10,1414.5683753619787,False
clear_probe,2,14,1432.5683753619787,True
clear_probe,2,20,1468.5683753619787,True
clear_probe,2,3,1989.5989223649433,False
clear_probe,2,5,1995.5989223649433,False
clear_probe,2,11,2031.5989223649433,False
clear_probe,2,12,5524.971181944081,True
clear_probe,2,1,5890.971181944081,False
clear_probe,2,19,5932.971181944081,True
clear_probe,3,1,5.0,False
clear_probe,3,2,11.0,True
clear_probe,3,8,47.0,False
clear_probe,3,16,95.0,False
clear_probe,3,19,113.0,False
clear_probe,3,18,1430.0,False
clear_probe,3,14,3052.0263164854555,False
clear_probe,3,12,4589.322472704085,False
clear_probe,3,5,5721.59193027275,False
clear_probe,3,11,5757.59193027275,False
clear_probe,3,10,7403.32321788314,True
clear_probe,4,2,11.0,False
clear_probe,4,4,23.0,True
clear_probe,4,9,53.0,False
clear_probe,4,17,101.0,True
clear_probe,4,5,296.0,False
clear_probe,4,10,326.0,True
clear_probe,4,7,1904.0,True
clear_probe,4,15,2735.0,False
clear_probe,4,1,6111.408483213551,False
clear_probe,4,16,6414.408483213551,False
clear_probe,4,13,7083.832844813026,True
clear_probe,5,3,17.0,False
clear_probe,5,8,47.0,False
clear_probe,5,9,53.0,False
clear_probe,5,12,71.0,False
clear_probe,5,17,101.0,True
clear_probe,5,13,2509.2991303946515,False
clear_probe,5,15,2521.2991303946515,False
clear_probe,5,18,2788.2991303946515,True
clear_probe,5,1,4711.256085365619,True
clear_probe,5,6,4735.256085365619,True
clear_probe,5,2,5011.16043938356,False
clear_probe,5,7,5035.16043938356,False
clear_probe,5,11,5047.16043938356,True
clear_probe,5,4,5732.604203267361,True
clear_probe,6,2,11.0,False
clear_probe,6,3,17.0,False
clear_probe,6,4,23.0,True
clear_probe,6,6,35.0,True
clear_probe,6,9,53.0,False
clear_probe,6,10,59.0,True
clear_probe,6,14,83.0,True
clear_probe,6,15,89.0,False
clear_probe,6,16,362.0,False
clear_probe,6,11,562.7389155774529,False
clear_probe,6,18,604.7389155774529,False
clear_probe,6,12,834.805283798371,False
clear_probe,6,20,882.805283798371,False
clear_probe,6,19,3031.5976814706273,False
clear_probe,6,1,3184.5976814706273,True
clear_probe,6,8,5450.94406551498,True
clear_probe,7,1,5.0,False
clear_probe,7,9,53.0,False
clear_probe,7,13,77.0,False
clear_probe,7,19,113.0,True
clear_probe,7,10,1637.0,True
clear_probe,7,2,1850.0,False
clear_probe,7,6,1874.0,True
clear_probe,7,3,3905.509634915205,True
clear_probe,7,4,4142.5096349152045,False
clear_probe,7,5,5437.887515239128,True
clear_probe,7,16,6355.887515239128,True
clear_probe,7,18,6805.887515239128,True
clear_probe,8,4,290.0,False
clear_probe,8,19,380.0,False
clear_probe,8,2,2892.2216677010733,False
clear_probe,8,12,2946.2216677010733,True
clear_probe,8,17,3741.2216677010733,True
clear_probe,8,7,4993.298292048893,False
clear_probe,8,13,5023.298292048893,True
clear_probe,8,3,6418.8673396884515,True
clear_probe,8,9,7120.89113655983,True
clear_probe,8,16,7150.89113655983,False
clear_probe,8,5,8430.179843357811,True
clear_probe,9,2,11.0,False
clear_probe,9,9,53.0,False
clear_probe,9,19,113.0,False
clear_probe,9,12,338.0,True
clear_probe,9,8,612.6808157930739,False
clear_probe,9,11,630.6808157930739,True
clear_probe,9,20,1200.6808157930739,True
clear_probe,9,5,1638.6808157930739,True
clear_probe,9,6,3052.6602032976753,True
clear_probe,9,16,4492.2134188904865,True
clear_probe,9,1,4657.2134188904865,False
clear_probe,9,14,4954.2134188904865,True
clear_probe,9,18,4978.2134188904865,True
clear_probe,10,2,11.0,False
clear_probe,10,7,41.0,False
clear_probe,10,10,59.0,False
clear_probe,10,13,77.0,False
clear_probe,10,14,83.0,True
clear_probe,10,16,95.0,True
clear_probe,10,19,647.0,True
clear_probe,10,17,902.0,True
clear_probe,10,1,3209.0,True
clear_probe,10,8,3251.0,False
clear_probe,10,15,3293.0,True
clear_probe,10,11,3803.0,False
clear_probe,10,5,4793.59627203744,True
clear_probe,10,3,5584.693400617291,True
clear_probe,11,3,17.0,False
clear_probe,11,7,41.0,True
clear_probe,11,8,47.0,True
clear_probe,11,17,101.0,False
clear_probe,11,18,107.0,False
clear_probe,11,11,332.0,True
clear_probe,11,19,380.0,False
clear_probe,11,15,623.0,True
clear_probe,11,10,1479.3225618387505,True
clear_probe,11,13,3725.206526091829,True
clear_probe,11,2,4382.206526091829,True
clear_probe,11,9,4418.206526091829,False
clear_probe,11,20,5422.039270519436,True
clear_probe,12,5,29.0,False
clear_probe,12,6,35.0,False
clear_probe,12,8,47.0,False
clear_probe,12,15,89.0,True
clear_probe,12,17,101.0,True
clear_probe,12,13,344.0,True
clear_probe,12,19,1357.1963924846996,True
clear_probe,12,1,1516.1963924846996,True
clear_probe,12,12,2526.0238102348876,True
clear_probe,12,11,4269.007052482913,True
clear_probe,12,4,4730.9506232546,True
clear_probe,12,9,4754.9506232546,True
clear_probe,12,16,6403.4837764440235,True
clear_probe,13,5,29.0,False
clear_probe,13,8,47.0,True
clear_probe,13,12,71.0,False
clear_probe,13,2,278.0,False
clear_probe,13,3,284.0,False
clear_probe,13,18,374.0,False
clear_probe,13,6,1581.1714206973938,True
clear_probe,13,9,2465.4373836113828,True
clear_probe,13,11,4200.462400559994,False
clear_probe,13,13,4441.685824085838,True
clear_probe,13,4,6143.864086148722,True
clear_probe,13,10,8545.461766502907,True
clear_probe,14,9,53.0,True
clear_probe,14,18,107.0,False
clear_probe,14,19,113.0,True
clear_probe,14,20,119.0,True
clear_probe,14,12,338.0,True
clear_probe,14,5,1982.3617090199195,False
clear_probe,14,17,2042.3617090199195,True
clear_probe,14,8,6301.375581584693,False
clear_probe,14,2,6745.375581584693,True
clear_probe,14,11,6787.375581584693,False
clear_probe,15,1,5.0,False
clear_probe,15,8,47.0,False
clear_probe,15,11,65.0,True
clear_probe,15,17,101.0,False
clear_probe,15,20,119.0,False
clear_probe,15,6,1631.0,True
clear_probe,15,3,1879.07198737307,False
clear_probe,15,19,2740.07198737307,True
clear_probe,15,2,3478.686970986047,False
clear_probe,15,13,6187.588543796885,True
clear_probe,15,15,7555.37758343602,True
clear_probe,16,7,41.0,False
clear_probe,16,11,65.0,True
clear_probe,16,16,95.0,True
clear_probe,16,20,119.0,False
clear_probe,16,8,314.0,True
clear_probe,16,14,350.0,True
clear_probe,16,10,692.4352402080627,False
clear_probe,16,18,2838.36373912484,True
clear_probe,16,5,3507.36373912484,False
clear_probe,16,4,4186.27277247614,True
clear_probe,16,19,4579.324770181164,True
clear_probe,16,1,4732.324770181164,True
clear_probe,17,9,53.0,False
clear_probe,17,11,65.0,False
clear_probe,17,14,83.0,True
clear_probe,17,15,89.0,False
clear_probe,17,5,296.0,False
clear_probe,17,6,2365.1372133937334,True
clear_probe,17,19,2692.1372133937334,False
clear_probe,17,1,3603.062656120228,True
clear_probe,17,13,4385.854074678556,False
clear_probe,17,18,4895.089421678059,True
clear_probe,17,12,5102.089421678059,True
clear_probe,17,20,6045.689792018524,True
clear_probe,17,2,6429.689792018524,True
clear_probe,17,10,6928.472133131696,True
clear_probe,18,3,17.0,False
clear_probe,18,5,29.0,False
clear_probe,18,8,47.0,False
clear_probe,18,11,65.0,False
clear_probe,18,15,356.0,False
clear_probe,18,17,368.0,False
clear_probe,18,18,1175.0,True
clear_probe,18,13,1406.0,True
clear_probe,18,7,3296.175870926835,True
clear_probe,18,4,3521.175870926835,True
clear_probe,18,19,4292.919838501123,False
clear_probe,19,4,23.0,False
clear_probe,19,5,29.0,True
clear_probe,19,11,65.0,False
clear_probe,19,19,113.0,False
clear_probe,19,20,119.0,False
clear_probe,19,16,630.7283410126455,True
clear_probe,19,7,2534.7521306300314,False
clear_probe,19,17,2582.7521306300314,True
clear_probe,19,6,2765.7521306300314,True
clear_probe,19,12,2795.7521306300314,True
clear_probe,19,2,5479.497874403201,True
clear_probe,19,3,6074.351221551014,True
clear_probe,19,18,6353.351221551014,True
clear_probe,19,10,7280.342236504445,True
clear_probe,19,9,7859.342236504445,True
clear_probe,20,1,5.0,False
clear_probe,20,3,17.0,True
clear_probe,20,5,29.0,False
clear_probe,20,8,47.0,False
clear_probe,20,9,53.0,False
clear_probe,20,16,95.0,False
clear_probe,20,11,332.0,True
clear_probe,20,18,374.0,True
clear_probe,20,2,850.659815239936,True
clear_probe,20,4,2943.993976112536,True
clear_probe,20,20,3021.993976112536,False
clear_probe,20,7,3207.0595267501476,False
clear_probe,20,12,3225.0595267501476,False
clear_probe,20,6,3449.2157361923078,True
clear_probe,20,14,7076.732110754399,False
clear_probe,21,8,47.0,True
clear_probe,21,10,59.0,False
clear_probe,21,14,83.0,True
clear_probe,21,15,89.0,False
clear_probe,21,16,95.0,False
clear_probe,21,20,119.0,False
clear_probe,21,3,284.0,True
clear_probe,21,9,854.1644314368247,False
clear_probe,21,13,1763.602365294638,True
clear_probe,21,7,1921.3813542790372,True
clear_probe,21,12,6106.599516097182,False
clear_probe,22,5,29.0,False
clear_probe,22,6,35.0,False
clear_probe,22,17,101.0,False
clear_probe,22,4,290.0,False
clear_probe,22,15,356.0,True
clear_probe,22,2,1853.5881184406821,False
clear_probe,22,8,3162.553711238193,False
clear_probe,22,12,3429.553711238193,False
clear_probe,22,11,4406.1779086694305,False
clear_probe,22,1,5969.1779086694305,False
clear_probe,22,16,6230.1779086694305,True
clear_probe,23,1,5.0,True
clear_probe,23,2,11.0,True
clear_probe,23,3,17.0,True
clear_probe,23,5,29.0,True
clear_probe,23,11,65.0,False
clear_probe,23,17,101.0,False
clear_probe,23,7,308.0,False
clear_probe,23,9,320.0,False
clear_probe,23,14,617.0,False
clear_probe,23,19,647.0,True
clear_probe,23,4,1682.2305924936006,True
clear_probe,23,18,2263.3754558368078,True
clear_probe,23,10,5227.316564019595,False
clear_probe,23,8,5434.316564019595,True
clear_probe,23,6,5635.316564019595,True
clear_probe,23,20,6330.577498426765,False
clear_probe,24,3,17.0,False
clear_probe,24,7,41.0,False
clear_probe,24,15,89.0,True
clear_probe,24,4,290.0,False
clear_probe,24,5,296.0,True
clear_probe,24,17,368.0,False
clear_probe,24,6,1366.3357216374159,True
clear_probe,24,18,1432.3357216374159,True
clear_probe,24,1,2606.6574520829095,True
clear_probe,24,13,2660.6574520829095,True
clear_probe,24,20,3677.211669484715,False
clear_probe,24,11,3860.211669484715,True
clear_probe,24,19,4346.2116694847155,True
clear_probe,24,2,4505.2116694847155,True
clear_probe,24,14,4553.2116694847155,True
clear_probe,25,1,5.0,False
clear_probe,25,2,11.0,True
clear_probe,25,5,29.0,False
clear_probe,25,7,41.0,False
clear_probe,25,10,59.0,True
clear_probe,25,13,77.0,True
clear_probe,25,17,101.0,True
clear_probe,25,20,119.0,True
clear_probe,25,15,356.0,True
clear_probe,25,19,686.9308258274974,False
clear_probe,25,16,891.5542155302546,False
clear_probe,25,14,1766.358640992694,False
clear_probe,25,18,2246.358640992694,True
clear_probe,26,1,5.0,False
clear_probe,26,2,11.0,True
clear_probe,26,3,17.0,False
clear_probe,26,10,59.0,True
clear_probe,26,11,65.0,False
clear_probe,26,14,83.0,False
clear_probe,26,6,302.0,False
clear_probe,26,9,320.0,True
clear_probe,26,13,344.0,False
clear_probe,26,7,3345.2268184468426,True
clear_probe,26,20,3867.2268184468426,False
clear_probe,26,5,4263.226818446843,True
clear_probe,26,4,4678.567935933457,True
clear_probe,26,8,4696.567935933457,True
clear_probe,26,15,7092.069538890071,False
clear_probe,27,9,53.0,False
clear_probe,27,10,59.0,True
clear_probe,27,12,71.0,False
clear_probe,27,14,83.0,False
clear_probe,27,15,89.0,False
clear_probe,27,16,95.0,False
clear_probe,27,20,119.0,True
clear_probe,27,3,782.5071989033064,True
clear_probe,27,19,872.5071989033064,False
clear_probe,27,5,1572.7305986991023,False
clear_probe,27,13,1614.7305986991023,False
clear_probe,27,2,3816.3730617883743,False
clear_probe,27,7,4526.6765007444155,True
clear_probe,27,17,5876.6765007444155,True
clear_probe,27,6,6115.522942239641,True
clear_probe,28,4,23.0,True
clear_probe,28,5,29.0,False
clear_probe,28,6,35.0,True
clear_probe,28,11,65.0,False
clear_probe,28,17,101.0,True
clear_probe,28,20,119.0,False
clear_probe,28,7,580.8641892496852,False
clear_probe,28,13,616.8641892496852,True
clear_probe,28,8,1108.864189249685,True
clear_probe,28,18,5896.145723724024,True
clear_probe,29,4,23.0,False
clear_probe,29,16,95.0,False
clear_probe,29,20,119.0,True
clear_probe,29,6,302.0,False
clear_probe,29,7,308.0,False
clear_probe,29,19,380.0,False
clear_probe,29,2,545.0,False
clear_probe,29,1,768.1706040277918,True
clear_probe,29,10,1083.5750804162453,True
clear_probe,29,3,1308.5750804162453,False
clear_probe,29,13,2740.3609157997635,True
clear_probe,29,8,2935.3609157997635,True
clear_probe,29,15,6593.546108616633,True
clear_probe,29,12,7202.684340383646,True
clear_probe,30,4,23.0,True
clear_probe,30,7,41.0,False
clear_probe,30,8,47.0,False
clear_probe,30,10,59.0,False
clear_probe,30,9,320.0,False
clear_probe,30,15,1951.0281825332727,False
clear_probe,30,17,1963.0281825332727,True
clear_probe,30,18,3662.3837443511816,True
clear_probe,30,11,3881.3837443511816,False
clear_probe,30,19,5418.492160039892,False
clear_probe,30,1,6653.63316261977,False
clear_probe,30,3,6665.63316261977,False
clear_probe,30,16,6701.63316261977,True
clear_probe,30,2,7343.5238506819505,True
clear_probe,31,3,17.0,False
clear_probe,31,4,23.0,True
clear_probe,31,5,29.0,True
clear_probe,31,13,77.0,True
clear_probe,31,16,95.0,False
clear_probe,31,19,113.0,True
clear_probe,31,9,320.0,True
clear_probe,31,2,551.5622025993147,False
clear_probe,31,15,629.5622025993147,False
clear_probe,31,20,653.5622025993147,False
clear_probe,32,7,41.0,False
clear_probe,32,10,59.0,False
clear_probe,32,12,338.0,False
clear_probe,32,15,356.0,True
clear_probe,32,6,1946.2646423090312,False
clear_probe,32,2,3290.378906022465,True
clear_probe,32,16,5748.832329148534,True
clear_probe,32,5,6213.955068662294,True
clear_probe,32,1,7323.679676509322,True
clear_probe,32,8,8022.679676509322,True
clear_probe,33,3,17.0,False
clear_probe,33,8,47.0,False
clear_probe,33,10,59.0,True
clear_probe,33,13,77.0,False
clear_probe,33,14,83.0,True
clear_probe,33,15,89.0,False
clear_probe,33,16,95.0,False
clear_probe,33,19,113.0,True
clear_probe,33,20,119.0,False
clear_probe,33,6,1122.5002371961777,True
clear_probe,33,18,1710.5002371961777,False
clear_probe,33,9,2711.8169174082877,False
clear_probe,33,17,4197.924009764927,True
clear_probe,33,11,4398.924009764927,True
clear_probe,34,5,29.0,True
clear_probe,34,6,35.0,True
clear_probe,34,7,41.0,True
clear_probe,34,12,71.0,True
clear_probe,34,13,77.0,False
clear_probe,34,1,272.0,False
clear_probe,34,15,356.0,False
clear_probe,34,18,609.2487284548484,True
clear_probe,34,20,885.1787883590426,False
clear_probe,34,8,1192.238022045496,True
clear_probe,34,10,1204.238022045496,True
clear_probe,34,19,1762.238022045496,True
clear_probe,34,14,4956.743184139961,True
clear_probe,34,2,6733.689396907735,True
clear_probe,35,2,11.0,False
clear_probe,35,5,29.0,True
clear_probe,35,20,119.0,True
clear_probe,35,3,284.0,True
clear_probe,35,6,302.0,False
clear_probe,35,11,332.0,True
clear_probe,35,19,647.0,True
clear_probe,35,14,1406.0,False
clear_probe,35,10,2760.0163735091783,False
clear_probe,35,7,4012.3559072007793,True
clear_probe,35,9,6120.750538552826,True
clear_probe,35,17,6369.750538552826,True
clear_probe,35,16,6576.750538552826,True
clear_probe,35,1,6741.750538552826,False
clear_probe,36,2,11.0,False
clear_probe,36,3,17.0,True
clear_probe,36,5,29.0,True
clear_probe,36,6,35.0,True
clear_probe,36,10,59.0,True
clear_probe,36,17,101.0,False
clear_probe,36,19,2459.6379070361327,False
clear_probe,36,7,2621.5052245897446,True
clear_probe,36,11,3996.261346632501,False
clear_probe,36,1,6116.307197354273,False
clear_probe,36,9,7446.335995329246,True
clear_probe,36,4,9038.850770995958,True
clear_probe,37,2,11.0,True
clear_probe,37,3,17.0,True
clear_probe,37,8,47.0,False
clear_probe,37,11,65.0,True
clear_probe,37,15,89.0,True
clear_probe,37,20,119.0,False
clear_probe,37,6,302.0,False
clear_probe,37,17,368.0,False
clear_probe,37,7,575.0,True
clear_probe,37,4,1358.0,True
clear_probe,37,5,1636.0064450051777,True
clear_probe,37,18,1708.0064450051777,True
clear_probe,37,9,2527.9909382907276,False
clear_probe,37,12,4318.7996823806725,True
clear_probe,37,13,4324.7996823806725,False
clear_probe,38,8,47.0,True
clear_probe,38,11,65.0,False
clear_probe,38,20,119.0,False
clear_probe,38,3,284.0,True
clear_probe,38,9,320.0,False
clear_probe,38,17,368.0,True
clear_probe,38,14,617.0,True
clear_probe,38,1,909.1875928919144,False
clear_probe,38,16,1746.498194385359,True
clear_probe,38,19,1758.498194385359,True
clear_probe,38,12,3403.6941795006587,True
clear_probe,38,4,3639.9513311813703,True
clear_probe,38,10,3888.9513311813703,False
clear_probe,38,6,4095.9513311813703,False
clear_probe,38,13,4704.95133118137,True
clear_probe,39,5,29.0,False
clear_probe,39,7,41.0,False
clear_probe,39,12,71.0,True
clear_probe,39,9,320.0,False
clear_probe,39,18,374.0,False
clear_probe,39,8,865.7547876791248,False
clear_probe,39,11,877.7547876791248,False
clear_probe,39,13,883.7547876791248,True
clear_probe,39,17,1915.9669254598773,False
clear_probe,39,1,4533.786031310413,True
clear_probe,39,10,4575.786031310413,True
clear_probe,40,3,17.0,False
clear_probe,40,5,29.0,False
clear_probe,40,6,35.0,False
clear_probe,40,10,59.0,False
clear_probe,40,15,89.0,True
clear_probe,40,17,101.0,False
clear_probe,40,20,119.0,True
clear_probe,40,8,314.0,False
clear_probe,40,14,1181.4082315982341,True
clear_probe,40,19,4264.063785163373,False
clear_probe,40,2,5520.369056165386,True
clear_probe,40,4,5526.369056165386,True
clear_probe,40,11,5544.369056165386,False
clear_probe,41,7,41.0,True
clear_probe,41,9,53.0,False
clear_probe,41,12,71.0,False
clear_probe,41,5,296.0,True
clear_probe,41,8,314.0,True
clear_probe,41,13,344.0,True
clear_probe,41,20,386.0,True
clear_probe,41,1,2198.186945859287,False
clear_probe,41,4,2467.5238021267473,False
clear_probe,41,10,2485.5238021267473,True
clear_probe,41,6,3160.5238021267473,True
clear_probe,41,16,4824.959249040483,True
clear_probe,41,11,7512.118857442343,True
clear_probe,42,1,5.0,False
clear_probe,42,7,41.0,False
clear_probe,42,9,53.0,False
clear_probe,42,11,65.0,False
clear_probe,42,16,95.0,True
clear_probe,42,18,107.0,True
clear_probe,42,4,290.0,True
clear_probe,42,17,368.0,False
clear_probe,42,12,704.4107900815345,False
clear_probe,42,19,746.4107900815345,False
clear_probe,42,14,3526.9167366413662,False
clear_probe,42,2,4927.944084015055,True
clear_probe,42,13,4975.944084015055,False
clear_probe,42,8,5433.928830041048,True
clear_probe,42,3,6971.013538470757,True
clear_probe,43,8,47.0,False
clear_probe,43,10,59.0,False
clear_probe,43,18,374.0,True
clear_probe,43,20,664.8232860378814,True
clear_probe,43,1,2359.3276322468746,True
clear_probe,43,5,5364.5262923704295,True
clear_probe,43,12,5394.5262923704295,True
clear_probe,43,15,5412.5262923704295,True
clear_probe,43,14,6171.213774946449,True
clear_probe,43,4,6585.213774946449,True
clear_probe,44,4,23.0,False
clear_probe,44,6,35.0,False
clear_probe,44,10,59.0,True
clear_probe,44,11,65.0,True
clear_probe,44,17,101.0,False
clear_probe,44,18,107.0,False
clear_probe,44,15,356.0,True
clear_probe,44,16,362.0,False
clear_probe,44,13,595.896436872775,True
clear_probe,44,19,1108.761693275611,True
clear_probe,44,5,2313.0199452299958,True
clear_probe,44,1,3447.3080591572625,True
clear_probe,44,2,4713.66260019744,False
clear_probe,45,3,17.0,True
clear_probe,45,10,59.0,True
clear_probe,45,13,77.0,False
clear_probe,45,1,272.0,False
clear_probe,45,5,296.0,False
clear_probe,45,9,320.0,True
clear_probe,45,20,386.0,True
clear_probe,45,6,2481.4757431797557,False
clear_probe,45,14,2523.4757431797557,False
clear_probe,45,8,4603.168879582946,False
clear_probe,45,2,5041.168879582946,True
clear_probe,45,16,8069.726365317514,True
clear_probe,46,2,11.0,False
clear_probe,46,5,29.0,False
clear_probe,46,12,71.0,False
clear_probe,46,13,77.0,False
clear_probe,46,20,119.0,False
clear_probe,46,17,1703.0,True
clear_probe,46,9,3494.0,True
clear_probe,46,10,3761.0,True
clear_probe,46,1,4229.0,True
clear_probe,46,8,4271.0,False
clear_probe,47,12,71.0,False
clear_probe,47,13,77.0,False
clear_probe,47,15,89.0,False
clear_probe,47,18,107.0,False
clear_probe,47,11,332.0,True
clear_probe,47,1,1852.944246504591,False
clear_probe,47,7,2902.9442465045913,True
clear_probe,47,5,4221.518782596131,True
clear_probe,47,9,4739.443234497634,False
clear_probe,47,14,5003.052972061025,False
clear_probe,47,10,5222.052972061025,True
clear_probe,47,3,5661.123677336052,True
clear_probe,48,5,29.0,True
clear_probe,48,8,47.0,False
clear_probe,48,10,59.0,True
clear_probe,48,13,77.0,False
clear_probe,48,15,89.0,False
clear_probe,48,18,107.0,False
clear_probe,48,4,290.0,True
clear_probe,48,7,308.0,True
clear_probe,48,11,332.0,False
clear_probe,48,17,368.0,False
clear_probe,48,2,685.8444011480801,False
clear_probe,48,16,3208.2455493207303,False
clear_probe,48,3,5556.591967908531,True
clear_probe,48,12,5574.591967908531,False
clear_probe,49,4,23.0,True
clear_probe,49,11,65.0,False
clear_probe,49,12,71.0,False
clear_probe,49,2,278.0,False
clear_probe,49,13,344.0,True
clear_probe,49,14,350.0,False
clear_probe,49,20,386.0,True
clear_probe,49,5,570.399805263292,True
clear_probe,49,1,3807.93251754456,True
clear_probe,49,17,5117.765912997557,True
clear_probe,50,4,23.0,False
clear_probe,50,6,35.0,False
clear_probe,50,8,47.0,True
clear_probe,50,14,83.0,False
clear_probe,50,15,89.0,False
clear_probe,50,20,119.0,False
clear_probe,50,17,635.0,True
clear_probe,50,3,3416.4549922342676,False
clear_probe,50,2,3665.4549922342676,False
clear_probe,50,9,4199.454992234268,True
clear_probe,50,11,4940.389533951511,True
clear_probe,50,12,4946.389533951511,False
clear_probe,50,16,6235.9671539763785,True
clear_probe,51,5,29.0,True
clear_probe,51,8,47.0,False
clear_probe,51,16,95.0,False
clear_probe,51,17,368.0,False
clear_probe,51,9,592.1661100899736,False
clear_probe,51,18,640.1661100899736,True
clear_probe,51,14,2188.1661100899737,False
clear_probe,51,15,2194.1661100899737,True
clear_probe,51,6,4093.2358095800487,True
clear_probe,51,7,4099.235809580048,False
clear_probe,51,20,5215.306285610214,False
clear_probe,52,1,5.0,False
clear_probe,52,14,83.0,False
clear_probe,52,12,338.0,False
clear_probe,52,13,344.0,False
clear_probe,52,7,1637.0,True
clear_probe,52,3,1871.4224637348368,True
clear_probe,52,17,1943.4224637348368,True
clear_probe,52,6,2370.285765012203,False
clear_probe,52,16,2412.285765012203,False
clear_probe,52,8,2873.4389518258763,True
clear_probe,52,2,4116.2634612780475,True
clear_probe,52,18,6147.2634612780475,True
clear_probe,53,3,17.0,True
clear_probe,53,10,59.0,False
clear_probe,53,14,83.0,False
clear_probe,53,15,89.0,False
clear_probe,53,16,95.0,False
clear_probe,53,18,107.0,False
clear_probe,53,19,380.0,False
clear_probe,53,6,2280.124641239849,True
clear_probe,53,8,2292.124641239849,False
clear_probe,53,1,2724.124641239849,True
clear_probe,53,7,2997.124641239849,True
clear_probe,53,17,4357.243030103887,False
clear_probe,53,12,5080.790360291566,True
clear_probe,53,13,7663.8676713466375,True
clear_probe,54,6,35.0,False
clear_probe,54,10,59.0,True
clear_probe,54,20,119.0,False
clear_probe,54,4,290.0,True
clear_probe,54,8,314.0,False
clear_probe,54,17,368.0,True
clear_probe,54,16,1430.0,True
clear_probe,54,18,2509.846544113473,True
clear_probe,54,7,5266.846544113473,True
clear_probe,54,15,5308.846544113473,True
clear_probe,54,19,5326.846544113473,True
clear_probe,55,10,59.0,False
clear_probe,55,16,95.0,False
clear_probe,55,12,338.0,False
clear_probe,55,19,380.0,True
clear_probe,55,5,3256.2842261850974,False
clear_probe,55,2,5157.051774771864,True
clear_probe,55,3,5400.051774771864,True
clear_probe,55,11,5436.051774771864,True
clear_probe,55,7,5655.051774771864,False
clear_probe,55,6,7791.277035845561,True
clear_probe,56,12,71.0,True
clear_probe,56,14,83.0,False
clear_probe,56,15,89.0,False
clear_probe,56,17,101.0,True
clear_probe,56,20,119.0,True
clear_probe,56,6,302.0,True
clear_probe,56,9,320.0,True
clear_probe,56,7,580.0199789534992,False
clear_probe,56,10,598.0199789534992,True
clear_probe,56,1,805.0199789534992,True
clear_probe,56,4,823.0199789534992,True
clear_probe,56,2,2226.6640570618074,True
clear_probe,56,13,2529.6640570618074,False
clear_probe,56,16,4592.648982852934,False
clear_probe,56,3,4763.648982852934,True
clear_probe,56,18,4817.648982852934,False
clear_probe,57,12,71.0,False
clear_probe,57,13,77.0,True
clear_probe,57,17,101.0,True
clear_probe,57,19,113.0,False
clear_probe,57,1,272.0,False
clear_probe,57,16,1430.0,True
clear_probe,57,11,1682.1615641008452,False
clear_probe,57,8,4805.738041478187,False
clear_probe,57,7,5511.209579705709,True
clear_probe,57,5,6421.523490530219,True
clear_probe,58,2,11.0,True
clear_probe,58,5,29.0,True
clear_probe,58,7,41.0,True
clear_probe,58,8,47.0,False
clear_probe,58,9,53.0,False
clear_probe,58,12,71.0,True
clear_probe,58,19,113.0,True
clear_probe,58,6,302.0,True
clear_probe,58,11,332.0,False
clear_probe,58,18,374.0,True
clear_probe,58,20,2952.8591864852483,True
clear_probe,58,16,4640.9787976686,False
clear_probe,58,15,4871.9787976686,True
clear_probe,58,14,5612.152886876706,True
clear_probe,59,3,17.0,False
clear_probe,59,5,29.0,False
clear_probe,59,14,83.0,False
clear_probe,59,18,1703.0,False
clear_probe,59,15,1946.0,False
clear_probe,59,8,4231.730361651317,True
clear_probe,59,10,4243.730361651317,True
clear_probe,59,12,4873.667835770264,True
clear_probe,59,16,4885.667835770264,False
clear_probe,59,11,6058.667835770264,True
clear_probe,59,1,6241.667835770264,True
clear_probe,60,3,17.0,False
clear_probe,60,5,29.0,False
clear_probe,60,10,59.0,False
clear_probe,60,13,77.0,False
clear_probe,60,16,95.0,False
clear_probe,60,2,278.0,True
clear_probe,60,6,302.0,True
clear_probe,60,1,545.5246952085562,False
clear_probe,60,8,836.5246952085562,True
clear_probe,60,19,1412.5246952085563,True
clear_probe,60,14,3863.115261401037,False
clear_probe,60,9,4259.572484005343,True
clear_probe,61,6,35.0,True
clear_probe,61,8,47.0,False
clear_probe,61,10,59.0,True
clear_probe,61,12,71.0,False
clear_probe,61,20,119.0,True
clear_probe,61,11,332.0,False
clear_probe,61,18,374.0,True
clear_probe,61,2,829.1832581309723,True
clear_probe,61,15,1304.8625952119942,True
clear_probe,61,1,3201.9105167941475,True
clear_probe,61,7,3468.9105167941475,True
clear_probe,61,13,3486.9105167941475,True
clear_probe,61,16,4209.910516794147,False
clear_probe,62,8,47.0,False
clear_probe,62,12,71.0,False
clear_probe,62,17,101.0,False
clear_probe,62,9,1388.0,True
clear_probe,62,3,2687.0,False
clear_probe,62,10,2723.0,True
clear_probe,62,16,3258.6830484848706,False
clear_probe,62,6,4246.99568159557,True
clear_probe,62,11,4507.331398471655,True
clear_probe,62,14,4519.331398471655,False
clear_probe,62,15,4525.331398471655,True
clear_probe,62,20,4555.331398471655,False
clear_probe,62,1,4973.347331048334,True
clear_probe,62,19,7613.3847661524205,True
clear_probe,63,9,53.0,False
clear_probe,63,11,65.0,True
clear_probe,63,16,95.0,False
clear_probe,63,7,308.0,False
clear_probe,63,3,559.4937164570939,True
clear_probe,63,4,565.4937164570939,False
clear_probe,63,10,601.4937164570939,True
clear_probe,63,2,3271.3256675089588,True
clear_probe,63,12,3313.3256675089588,True
clear_probe,63,15,3817.3256675089588,False
clear_probe,63,5,4334.846144088693,True
clear_probe,63,13,5473.236820811899,False
clear_probe,63,14,9129.70784902044,True
clear_probe,64,1,5.0,False
clear_probe,64,2,11.0,False
clear_probe,64,3,17.0,False
clear_probe,64,4,23.0,True
clear_probe,64,7,41.0,True
clear_probe,64,11,65.0,False
clear_probe,64,16,95.0,False
clear_probe,64,18,107.0,False
clear_probe,64,20,119.0,False
clear_probe,64,5,3173.0,True
clear_probe,64,13,3731.0,True
clear_probe,64,12,5187.987325707839,False
clear_probe,64,19,5223.987325707839,True
clear_probe,65,4,23.0,False
clear_probe,65,14,83.0,False
clear_probe,65,15,89.0,True
clear_probe,65,16,95.0,False
clear_probe,65,20,119.0,False
clear_probe,65,8,314.0,False
clear_probe,65,10,1396.2040357771705,True
clear_probe,65,6,4170.092829057512,True
clear_probe,65,2,4614.092829057512,True
clear_probe,65,17,4668.092829057512,False
clear_probe,65,9,4875.35065143051,False
clear_probe,65,18,4905.35065143051,True
clear_probe,65,7,6260.087974894713,False
clear_probe,66,2,11.0,True
clear_probe,66,5,29.0,True
clear_probe,66,8,47.0,False
clear_probe,66,13,77.0,True
clear_probe,66,15,1919.4153239217712,False
clear_probe,66,9,4801.372220368611,False
clear_probe,66,14,6313.372220368611,True
clear_probe,66,20,6343.372220368611,True
clear_probe,66,10,7064.860388354455,True
clear_probe,66,19,7349.860388354455,True
clear_probe,67,8,47.0,False
clear_probe,67,9,320.0,False
clear_probe,67,18,1976.0,True
clear_probe,67,10,2462.0,True
clear_probe,67,15,5193.151488577814,False
clear_probe,67,7,5406.151488577814,False
clear_probe,67,5,5880.151488577814,True
clear_probe,67,19,6658.508445431833,True
clear_probe,67,14,7096.508445431833,True
clear_probe,67,4,8641.508445431833,True
clear_probe,68,2,11.0,False
clear_probe,68,6,35.0,False
clear_probe,68,8,47.0,False
clear_probe,68,9,53.0,False
clear_probe,68,15,356.0,True
clear_probe,68,11,2468.0,True
clear_probe,68,5,2699.0,True
clear_probe,68,13,2747.0,True
clear_probe,68,14,3833.267681303057,True
clear_probe,68,20,4486.879150015682,False
clear_probe,68,16,6027.981961127434,True
clear_probe,68,4,6246.810372670332,False
clear_probe,68,19,6312.810372670332,False
clear_probe,68,17,6952.811627536463,False
clear_probe,68,12,7839.363439224803,True
clear_probe,69,3,17.0,False
clear_probe,69,7,41.0,True
clear_probe,69,8,47.0,True
clear_probe,69,10,59.0,False
clear_probe,69,11,65.0,False
clear_probe,69,6,302.0,False
clear_probe,69,14,350.0,False
clear_probe,69,16,362.0,True
clear_probe,69,18,374.0,True
clear_probe,69,9,618.3684057526472,True
clear_probe,69,12,891.3684057526472,True
clear_probe,69,2,2115.97803764146,True
clear_probe,69,5,2631.97803764146,False
clear_probe,69,13,5367.3439313898925,True
clear_probe,69,4,7981.427858337442,True
clear_probe,70,3,17.0,True
clear_probe,70,5,29.0,False
clear_probe,70,10,59.0,False
clear_probe,70,13,77.0,False
clear_probe,70,16,95.0,False
clear_probe,70,2,278.0,False
clear_probe,70,15,1424.0,False
clear_probe,70,20,1986.8626222074931,True
clear_probe,70,11,4733.268085762134,False
clear_probe,70,19,4763.268085762134,True
clear_probe,71,2,11.0,True
clear_probe,71,7,41.0,True
clear_probe,71,9,53.0,False
clear_probe,71,13,77.0,False
clear_probe,71,17,101.0,False
clear_probe,71,20,119.0,True
clear_probe,71,19,380.0,False
clear_probe,71,4,1877.396485198486,False
clear_probe,71,1,4139.972316723053,False
clear_probe,71,10,4430.972316723053,False
clear_probe,71,18,5032.825978478921,True
clear_probe,71,5,7268.188887740282,True
clear_probe,72,10,59.0,True
clear_probe,72,15,89.0,True
clear_probe,72,18,107.0,True
clear_probe,72,20,920.0,True
clear_probe,72,11,1667.0,True
clear_probe,72,6,3239.0,False
clear_probe,72,17,3839.0,False
clear_probe,72,12,4344.594615234586,True
clear_probe,72,3,4812.594615234586,True
clear_probe,72,16,5862.594615234586,True
clear_probe,73,5,29.0,False
clear_probe,73,8,47.0,True
clear_probe,73,9,53.0,True
clear_probe,73,10,59.0,True
clear_probe,73,17,101.0,False
clear_probe,73,14,1926.6903169638272,False
clear_probe,73,7,2151.690316963827,True
clear_probe,73,16,2814.0089755780546,False
clear_probe,73,6,3274.801280647108,True
clear_probe,73,4,4009.757030706253,True
clear_probe,73,2,4854.401367351303,True
clear_probe,73,15,6835.449348309134,True
clear_probe,74,4,23.0,False
clear_probe,74,6,35.0,False
clear_probe,74,12,71.0,True
clear_probe,74,13,77.0,False
clear_probe,74,17,101.0,True
clear_probe,74,18,107.0,False
clear_probe,74,20,119.0,False
clear_probe,74,5,296.0,True
clear_probe,74,15,1007.9747968382535,False
clear_probe,74,11,1792.0996434406575,False
clear_probe,74,14,1804.0996434406575,False
clear_probe,74,2,2218.0996434406575,True
clear_probe,74,9,2254.0996434406575,False
clear_probe,74,16,5625.371814312348,True
clear_probe,74,3,5991.834254904317,True
clear_probe,74,8,6978.834254904317,True
clear_probe,75,18,107.0,False
clear_probe,75,2,278.0,False
clear_probe,75,10,326.0,True
clear_probe,75,12,338.0,True
clear_probe,75,16,362.0,True
clear_probe,75,17,635.0,True
clear_probe,75,11,866.0,True
clear_probe,75,13,1403.0217021789945,True
clear_probe,75,19,1969.7177294573778,False
clear_probe,75,20,1975.7177294573778,False
clear_probe,75,14,2981.7808284162065,True
clear_probe,75,6,4574.926434366359,False
clear_probe,75,15,4610.926434366359,True
clear_probe,76,5,29.0,False
clear_probe,76,8,47.0,False
clear_probe,76,12,71.0,False
clear_probe,76,13,77.0,False
clear_probe,76,14,83.0,False
clear_probe,76,17,101.0,True
clear_probe,76,18,107.0,True
clear_probe,76,2,1031.0,True
clear_probe,76,15,2616.8437557781435,True
clear_probe,76,4,4252.92010941445,True
clear_probe,76,7,4264.92010941445,False
clear_probe,76,10,6513.955095529014,True
clear_probe,77,2,11.0,False
clear_probe,77,7,41.0,False
clear_probe,77,8,47.0,True
clear_probe,77,9,53.0,False
clear_probe,77,13,77.0,False
clear_probe,77,4,290.0,True
clear_probe,77,10,326.0,True
clear_probe,77,14,350.0,True
clear_probe,77,18,641.0,False
clear_probe,77,6,1126.411545696606,True
clear_probe,77,20,1192.411545696606,False
clear_probe,77,5,1369.411545696606,False
clear_probe,77,16,1417.411545696606,True
clear_probe,77,17,1423.411545696606,False
clear_probe,77,11,1998.5548963250071,False
clear_probe,77,3,5042.519427747959,True
clear_probe,78,9,53.0,True
clear_probe,78,14,83.0,False
clear_probe,78,19,113.0,False
clear_probe,78,20,119.0,False
clear_probe,78,11,332.0,True
clear_probe,78,16,658.7519930550601,True
clear_probe,78,4,1355.8542373221887,True
clear_probe,78,1,3281.854237322189,True
clear_probe,78,3,3293.854237322189,False
clear_probe,78,10,3821.854237322189,True
clear_probe,78,8,4533.92323903193,True
clear_probe,78,7,5288.63614569833,True
clear_probe,78,5,5507.63614569833,True
clear_probe,78,15,5555.63614569833,False
clear_probe,78,17,5567.63614569833,False
clear_probe,78,13,7559.757446023661,True
clear_probe,79,6,35.0,False
clear_probe,79,12,71.0,False
clear_probe,79,15,89.0,False
clear_probe,79,16,95.0,True
clear_probe,79,19,113.0,False
clear_probe,79,20,119.0,False
clear_probe,79,3,284.0,True
clear_probe,79,8,314.0,False
clear_probe,79,2,812.0,False
clear_probe,79,18,1667.0,False
clear_probe,79,17,2242.6265891917624,True
clear_probe,80,1,5.0,True
clear_probe,80,4,23.0,True
clear_probe,80,7,41.0,False
clear_probe,80,14,83.0,False
clear_probe,80,15,89.0,False
clear_probe,80,18,107.0,False
clear_probe,80,6,302.0,False
clear_probe,80,17,3015.960609399869,True
clear_probe,80,9,3465.960609399869,True
clear_probe,80,13,4790.499838375698,True
clear_probe,80,12,6024.607524768173,True
clear_probe,80,19,6434.776720442044,False
clear_probe,81,11,65.0,False
clear_probe,81,17,101.0,False
clear_probe,81,18,107.0,False
clear_probe,81,12,338.0,False
clear_probe,81,13,344.0,False
clear_probe,81,1,539.0,True
clear_probe,81,3,2261.216524061036,True
clear_probe,81,6,2811.3729895507804,False
clear_probe,81,16,2853.3729895507804,False
clear_probe,81,15,4963.3372824653625,False
clear_probe,81,8,5449.81524320469,True
clear_probe,81,10,7227.434459730541,True
clear_probe,81,14,7233.434459730541,True
clear_probe,81,20,7446.434459730541,True
clear_probe,82,1,5.0,False
clear_probe,82,3,17.0,False
clear_probe,82,5,29.0,False
clear_probe,82,7,41.0,True
clear_probe,82,8,47.0,True
clear_probe,82,10,59.0,True
clear_probe,82,17,368.0,True
clear_probe,82,19,380.0,True
clear_probe,82,6,563.0,True
clear_probe,82,11,3464.0,True
clear_probe,82,16,8065.4181550059875,True
clear_probe,83,1,5.0,False
clear_probe,83,2,11.0,False
clear_probe,83,13,77.0,False
clear_probe,83,19,113.0,True
clear_probe,83,3,284.0,False
clear_probe,83,18,374.0,True
clear_probe,83,20,386.0,False
clear_probe,83,16,1661.3778193660653,True
clear_probe,83,15,3215.2904549909113,False
clear_probe,83,11,4169.290454990911,False
clear_probe,83,4,4370.290454990911,True
clear_probe,83,5,4613.290454990911,True
clear_probe,83,17,5792.290454990911,True
clear_probe,84,6,35.0,False
clear_probe,84,8,47.0,False
clear_probe,84,4,290.0,False
clear_probe,84,11,332.0,True
clear_probe,84,15,356.0,True
clear_probe,84,5,563.0,False
clear_probe,84,2,1656.3660374455999,True
clear_probe,84,3,2160.3660374456,False
clear_probe,84,12,2699.033774633178,True
clear_probe,84,1,3425.095073726287,False
clear_probe,84,16,4197.4029370121925,True
clear_probe,84,14,4653.4029370121925,False
clear_probe,84,9,5926.11417563161,True
clear_probe,84,13,5950.11417563161,True
clear_probe,84,10,6145.11417563161,True
clear_probe,85,14,83.0,False
clear_probe,85,16,95.0,False
clear_probe,85,4,290.0,True
clear_probe,85,7,308.0,False
clear_probe,85,10,326.0,True
clear_probe,85,8,1671.9447127931935,True
clear_probe,85,6,1916.2735172555551,True
clear_probe,85,19,5167.692311127617,False
clear_probe,85,11,6041.968196946536,False
clear_probe,85,13,6053.968196946536,True
clear_probe,85,20,6769.323007882317,False
clear_probe,86,3,17.0,False
clear_probe,86,5,29.0,False
clear_probe,86,11,65.0,True
clear_probe,86,20,119.0,True
clear_probe,86,1,272.0,True
clear_probe,86,2,278.0,True
clear_probe,86,4,290.0,True
clear_probe,86,6,302.0,True
clear_probe,86,7,308.0,True
clear_probe,86,10,326.0,True
clear_probe,86,9,944.0342712699862,True
clear_probe,86,15,4241.469812117091,False
clear_probe,86,18,4259.469812117091,False
clear_probe,86,12,4928.1089679713505,True
clear_probe,86,14,5602.141602852392,False
clear_probe,86,19,8186.191973718189,True
clear_probe,87,6,35.0,False
clear_probe,87,7,308.0,True
clear_probe,87,12,338.0,True
clear_probe,87,16,362.0,False
clear_probe,87,18,641.0,True
clear_probe,87,9,1774.35147964107,True
clear_probe,87,11,4650.198931366523,False
clear_probe,87,17,4674.198931366523,True
clear_probe,87,4,4937.038711682945,False
clear_probe,87,13,4967.038711682945,False
clear_probe,87,2,6559.154609690738,True
clear_probe,88,3,17.0,True
clear_probe,88,14,83.0,False
clear_probe,88,19,113.0,True
clear_probe,88,8,314.0,False
clear_probe,88,1,1073.0,True
clear_probe,88,2,1876.585888276156,True
clear_probe,88,17,1960.585888276156,True
clear_probe,88,7,2416.585888276156,True
clear_probe,88,6,4059.075074203216,True
clear_probe,88,4,4965.075074203216,True
clear_probe,88,18,5694.075074203216,True
clear_probe,88,13,6546.075074203216,True
clear_probe,88,11,6753.075074203216,True
clear_probe,89,3,17.0,True
clear_probe,89,4,23.0,False
clear_probe,89,9,53.0,True
clear_probe,89,16,362.0,False
clear_probe,89,20,386.0,True
clear_probe,89,6,2428.169101490316,True
clear_probe,89,7,3161.274814399248,True
clear_probe,89,5,4201.217035386627,True
clear_probe,89,12,4231.217035386627,True
clear_probe,89,14,4954.217035386627,False
clear_probe,90,14,83.0,False
clear_probe,90,17,101.0,True
clear_probe,90,18,107.0,False
clear_probe,90,13,344.0,True
clear_probe,90,3,551.0,True
clear_probe,90,5,830.0,True
clear_probe,90,8,1115.0,True
clear_probe,90,16,3337.600509428593,True
clear_probe,90,15,4506.622540514844,True
clear_probe,90,10,4950.622540514844,True
clear_probe,90,12,4962.622540514844,False
clear_probe,91,13,77.0,False
clear_probe,91,14,83.0,False
clear_probe,91,17,101.0,False
clear_probe,91,19,113.0,True
clear_probe,91,15,356.0,False
clear_probe,91,20,386.0,False
clear_probe,91,6,1491.8786211093573,True
clear_probe,91,12,1527.8786211093573,False
clear_probe,91,8,2679.211323594851,False
clear_probe,91,16,5048.905662582031,False
clear_probe,92,3,17.0,False
clear_probe,92,4,23.0,False
clear_probe,92,8,47.0,False
clear_probe,92,15,89.0,False
clear_probe,92,17,101.0,False
clear_probe,92,18,618.1465902459222,True
clear_probe,92,2,837.803904735936,False
clear_probe,92,1,1341.8039047359362,True
clear_probe,92,9,5579.001608288199,True
clear_probe,92,20,5633.001608288199,False
clear_probe,92,6,6278.001608288199,False
clear_probe,92,19,6767.458769067257,False
clear_probe,92,10,7432.895937435411,False
clear_probe,93,2,11.0,True
clear_probe,93,5,29.0,False
clear_probe,93,6,35.0,False
clear_probe,93,10,59.0,False
clear_probe,93,13,77.0,False
clear_probe,93,14,83.0,False
clear_probe,93,15,89.0,False
clear_probe,93,20,119.0,True
clear_probe,93,1,272.0,False
clear_probe,93,3,284.0,True
clear_probe,93,4,290.0,False
clear_probe,93,19,985.899321505743,True
clear_probe,93,7,1401.8939135228059,True
clear_probe,93,11,2277.249577428207,True
clear_probe,93,12,2283.249577428207,True
clear_probe,93,16,4202.01960309644,True
clear_probe,94,6,35.0,True
clear_probe,94,9,53.0,False
clear_probe,94,14,83.0,False
clear_probe,94,5,296.0,True
clear_probe,94,4,824.0,True
clear_probe,94,20,920.0,True
clear_probe,94,10,3493.2602548724562,True
clear_probe,94,12,3505.2602548724562,True
clear_probe,94,7,3736.2602548724562,True
clear_probe,94,1,3961.2602548724562,False
clear_probe,94,8,4003.2602548724562,False
clear_probe,94,17,4051.2602548724562,False
clear_probe,94,16,5124.358551517489,True
clear_probe,94,11,5989.581449776823,True
clear_probe,95,5,29.0,False
clear_probe,95,10,59.0,True
clear_probe,95,16,95.0,False
clear_probe,95,19,113.0,True
clear_probe,95,6,574.6864800873417,True
clear_probe,95,15,622.6864800873417,False
clear_probe,95,18,1138.6864800873418,True
clear_probe,95,2,3143.4508920866765,True
clear_probe,95,13,3434.4508920866765,True
clear_probe,95,20,3689.4508920866765,False
clear_probe,95,1,3852.959220954339,False
clear_probe,95,17,3918.959220954339,True
clear_probe,95,4,4493.437560399279,True
clear_probe,95,12,4523.437560399279,True
clear_probe,95,3,5150.663515097525,True
clear_probe,95,9,6660.706619249877,True
clear_probe,96,1,5.0,False
clear_probe,96,6,35.0,True
clear_probe,96,7,41.0,False
clear_probe,96,14,350.0,False
clear_probe,96,13,1412.0,False
clear_probe,96,12,1940.0,False
clear_probe,96,20,3619.162995096919,True
clear_probe,96,3,3784.162995096919,False
clear_probe,96,11,4081.162995096919,True
clear_probe,96,18,4111.162995096919,False
clear_probe,96,19,4117.162995096919,False
clear_probe,96,4,6395.877156109505,True
clear_probe,97,2,11.0,True
clear_probe,97,6,35.0,False
clear_probe,97,12,71.0,False
clear_probe,97,18,107.0,False
clear_probe,97,1,272.0,True
clear_probe,97,16,1151.0,False
clear_probe,97,5,1352.0,False
clear_probe,97,14,1400.0,True
clear_probe,97,17,3784.9399321742485,False
clear_probe,97,15,4252.9399321742485,False
clear_probe,97,19,7563.505940148563,True
clear_probe,98,8,47.0,False
clear_probe,98,15,89.0,True
clear_probe,98,18,107.0,False
clear_probe,98,20,119.0,True
clear_probe,98,9,320.0,False
clear_probe,98,12,605.0,True
clear_probe,98,5,1207.526315926703,True
clear_probe,98,19,2062.5263159267033,False
clear_probe,98,2,3781.1258689985257,False
clear_probe,98,11,3823.1258689985257,True
clear_probe,98,14,3841.1258689985257,False
clear_probe,98,16,4806.154725307533,True
clear_probe,99,5,29.0,False
clear_probe,99,6,35.0,True
clear_probe,99,17,101.0,False
clear_probe,99,20,119.0,True
clear_probe,99,3,284.0,False
clear_probe,99,8,662.1841433939436,True
clear_probe,99,13,692.1841433939436,True
clear_probe,99,7,3340.0853820017237,True
clear_probe,99,10,3613.0853820017237,True
clear_probe,99,9,4487.405512914188,False
clear_probe,99,19,4778.405512914188,True
clear_probe,99,14,4985.405512914188,True
clear_probe,99,2,5551.813011657803,False
clear_probe,100,2,11.0,False
clear_probe,100,7,41.0,False
clear_probe,100,9,53.0,False
clear_probe,100,13,77.0,False
clear_probe,100,15,89.0,True
clear_probe,100,20,119.0,False
clear_probe,100,17,368.0,False
clear_probe,100,14,1142.452503967995,True
clear_probe,100,16,1919.452503967995,True
clear_probe,100,6,3139.4959345838843,True
clear_probe,100,12,4843.131970858968,False
clear_probe,101,2,11.0,True
clear_probe,101,4,23.0,False
clear_probe,101,9,53.0,True
clear_probe,101,12,71.0,True
clear_probe,101,13,77.0,False
clear_probe,101,10,326.0,True
clear_probe,101,11,332.0,True
clear_probe,101,15,356.0,False
clear_probe,101,8,1375.1187668657994,True
clear_probe,101,17,1423.1187668657994,True
clear_probe,101,5,2722.4886354722985,True
clear_probe,101,3,2957.0443259339168,True
clear_probe,101,7,3890.450462143175,True
clear_probe,101,18,5379.540024871039,True
clear_probe,102,1,5.0,True
clear_probe,102,5,29.0,True
clear_probe,102,6,35.0,False
clear_probe,102,7,41.0,False
clear_probe,102,10,59.0,True
clear_probe,102,12,71.0,True
clear_probe,102,13,77.0,True
clear_probe,102,18,374.0,False
clear_probe,102,20,386.0,False
clear_probe,102,14,2552.5761149029013,True
clear_probe,102,19,5263.064912856453,False
clear_probe,103,6,35.0,True
clear_probe,103,7,41.0,False
clear_probe,103,12,71.0,True
clear_probe,103,13,77.0,False
clear_probe,103,15,89.0,False
clear_probe,103,8,314.0,False
clear_probe,103,3,2429.339579180605,False
clear_probe,103,18,4492.95104789323,False
clear_probe,103,1,4899.113896416189,True
clear_probe,103,5,5159.8564489381615,True
clear_probe,103,4,5725.482055610587,True
clear_probe,103,17,5767.482055610587,True
clear_probe,103,11,6400.482055610587,True
clear_probe,103,2,6595.482055610587,True
clear_probe,103,20,6862.482055610587,True
clear_probe,104,1,5.0,False
clear_probe,104,8,47.0,True
clear_probe,104,12,71.0,False
clear_probe,104,3,284.0,True
clear_probe,104,7,2954.0,True
clear_probe,104,11,4131.164866451665,True
clear_probe,104,14,5777.29714587429,True
clear_probe,104,16,6518.29714587429,True
clear_probe,104,13,6986.29714587429,True
clear_probe,104,18,7016.29714587429,True
clear_probe,105,7,41.0,False
clear_probe,105,10,59.0,False
clear_probe,105,16,95.0,True
clear_probe,105,5,296.0,False
clear_probe,105,9,320.0,False
clear_probe,105,13,344.0,False
clear_probe,105,19,647.0,True
clear_probe,105,6,1066.0806647720947,False
clear_probe,105,1,2449.7723306607836,True
clear_probe,105,12,2740.7723306607836,True
clear_probe,105,4,2953.7723306607836,True
clear_probe,105,20,3265.023292172029,False
clear_probe,105,3,3430.023292172029,True
clear_probe,105,14,3472.023292172029,False
clear_probe,106,4,23.0,False
clear_probe,106,7,41.0,False
clear_probe,106,9,53.0,False
clear_probe,106,11,65.0,False
clear_probe,106,13,77.0,True
clear_probe,106,19,113.0,True
clear_probe,106,5,296.0,False
clear_probe,106,16,362.0,False
clear_probe,106,20,386.0,True
clear_probe,106,18,1574.9353058568463,True
clear_probe,106,6,2600.1356894847777,True
clear_probe,106,1,3050.1356894847777,True
clear_probe,106,8,3080.1356894847777,False
clear_probe,106,17,3359.1356894847777,True
clear_probe,106,2,4930.454808192317,False
clear_probe,107,3,17.0,False
clear_probe,107,9,53.0,False
clear_probe,107,19,113.0,False
clear_probe,107,2,278.0,False
clear_probe,107,20,386.0,False
clear_probe,107,11,2410.1143244282425,True
clear_probe,107,10,3934.1143244282425,False
clear_probe,107,16,4724.50822119837,True
clear_probe,107,14,5226.856626873832,True
clear_probe,107,7,5932.039651365619,False
clear_probe,107,5,6370.039651365619,True
clear_probe,108,3,17.0,False
clear_probe,108,4,23.0,True
clear_probe,108,5,29.0,False
clear_probe,108,13,77.0,False
clear_probe,108,6,302.0,False
clear_probe,108,9,320.0,False
clear_probe,108,20,386.0,True
clear_probe,108,19,1176.0599549613762,True
clear_probe,108,17,4893.864872554795,False
clear_probe,108,7,6632.629518374693,True
clear_probe,108,2,7900.187228180842,True
clear_probe,109,2,11.0,False
clear_probe,109,5,29.0,False
clear_probe,109,16,95.0,True
clear_probe,109,19,113.0,False
clear_probe,109,20,119.0,False
clear_probe,109,4,290.0,True
clear_probe,109,10,1906.72621095094,True
clear_probe,109,15,2440.7262109509397,False
clear_probe,109,9,2668.5474704568733,False
clear_probe,109,17,3196.5474704568733,True
clear_probe,109,8,6089.06617201703,True
clear_probe,109,14,6326.06617201703,True
clear_probe,110,2,11.0,False
clear_probe,110,6,35.0,False
clear_probe,110,8,47.0,False
clear_probe,110,12,71.0,False
clear_probe,110,17,101.0,False
clear_probe,110,16,362.0,False
clear_probe,110,9,850.0325874994923,True
clear_probe,110,18,3890.2919211413314,True
clear_probe,110,15,4364.291921141332,True
clear_probe,110,20,5401.779434306339,False
clear_probe,110,7,5548.446434491586,True
clear_probe,110,11,6793.057903204211,True
clear_probe,110,14,7531.485166436135,True
clear_probe,111,2,11.0,False
clear_probe,111,4,23.0,False
clear_probe,111,13,77.0,False
clear_probe,111,17,101.0,False
clear_probe,111,10,326.0,False
clear_probe,111,14,350.0,False
clear_probe,111,19,380.0,False
clear_probe,111,3,551.0,True
clear_probe,111,20,653.0,True
clear_probe,111,18,1012.7760148174075,True
clear_probe,111,7,2513.647238790394,True
clear_probe,111,15,2549.647238790394,False
clear_probe,111,11,3242.647238790394,False
clear_probe,111,16,3967.003362014409,False
clear_probe,111,8,4162.0033620144095,False
clear_probe,111,6,4595.211748810126,True
clear_probe,112,1,5.0,False
clear_probe,112,4,23.0,False
clear_probe,112,8,47.0,False
clear_probe,112,9,53.0,False
clear_probe,112,17,101.0,False
clear_probe,112,19,113.0,True
clear_probe,112,6,582.4684636144482,True
clear_probe,112,12,618.4684636144482,True
clear_probe,112,14,630.4684636144482,False
clear_probe,112,15,636.4684636144482,True
clear_probe,112,16,1875.6869561127803,False
clear_probe,112,10,2042.9409462764945,True
clear_probe,112,7,3248.3570052373975,True
clear_probe,113,2,11.0,False
clear_probe,113,5,29.0,False
clear_probe,113,16,95.0,False
clear_probe,113,12,338.0,True
clear_probe,113,8,581.0,True
clear_probe,113,9,2827.7895033115524,True
clear_probe,113,7,3688.0138006524717,False
clear_probe,113,3,5079.168006182063,False
clear_probe,113,19,5145.168006182063,True
clear_probe,113,1,5304.168006182063,False
clear_probe,114,11,65.0,False
clear_probe,114,18,107.0,False
clear_probe,114,3,284.0,False
clear_probe,114,4,290.0,True
clear_probe,114,19,380.0,False
clear_probe,114,2,1346.0,False
clear_probe,114,5,1885.390666561589,True
clear_probe,114,14,1939.390666561589,False
clear_probe,114,13,5357.619292303169,True
clear_probe,114,8,5558.619292303169,False
clear_probe,114,9,5564.619292303169,False
clear_probe,115,6,35.0,False
clear_probe,115,9,53.0,True
clear_probe,115,11,65.0,False
clear_probe,115,16,95.0,False
clear_probe,115,18,107.0,False
clear_probe,115,5,296.0,False
clear_probe,115,7,308.0,True
clear_probe,115,19,380.0,False
clear_probe,115,13,1565.1121457208549,False
clear_probe,115,14,1571.1121457208549,True
clear_probe,115,4,1797.9357838804717,False
clear_probe,115,12,3397.1964236232834,True
clear_probe,116,5,29.0,False
clear_probe,116,10,59.0,True
clear_probe,116,18,107.0,False
clear_probe,116,9,320.0,True
clear_probe,116,3,578.9185162936085,True
clear_probe,116,17,662.9185162936085,True
clear_probe,116,20,674.9185162936085,False
clear_probe,116,7,1487.3893306325576,True
clear_probe,116,13,2750.3893306325576,True
clear_probe,116,1,2939.3893306325576,True
clear_probe,116,15,3248.3893306325576,True
clear_probe,116,19,3995.3893306325576,True
clear_probe,116,4,4741.883843295437,True
clear_probe,116,16,5245.883843295437,True
clear_probe,116,12,6109.883843295437,True
clear_probe,116,8,6841.154846888645,True
clear_probe,117,2,11.0,False
clear_probe,117,6,35.0,False
clear_probe,117,7,41.0,True
clear_probe,117,12,71.0,True
clear_probe,117,13,77.0,True
clear_probe,117,15,89.0,True
clear_probe,117,19,113.0,True
clear_probe,117,20,119.0,True
clear_probe,117,10,326.0,False
clear_probe,117,9,3177.067728388571,False
clear_probe,117,18,3462.067728388571,True
clear_probe,118,6,35.0,False
clear_probe,118,14,83.0,False
clear_probe,118,19,113.0,True
clear_probe,118,7,308.0,True
clear_probe,118,10,326.0,False
clear_probe,118,13,344.0,False
clear_probe,118,17,368.0,False
clear_probe,118,12,605.7089597137664,False
clear_probe,118,16,2790.7074295779557,False
clear_probe,118,20,3491.2827748636555,True
clear_probe,118,1,3877.566630303738,True
clear_probe,118,8,3907.566630303738,True
clear_probe,118,15,3925.566630303738,True
clear_probe,118,5,5040.987501964873,False
clear_probe,118,4,5405.854211836063,False
clear_probe,119,7,41.0,True
clear_probe,119,10,59.0,True
clear_probe,119,18,374.0,True
clear_probe,119,3,551.0,False
clear_probe,119,6,843.132347929608,True
clear_probe,119,19,915.132347929608,True
clear_probe,119,11,1956.1811021890076,False
clear_probe,119,5,3400.049411178976,True
clear_probe,119,2,3625.049411178976,True
clear_probe,119,4,3868.049411178976,True
clear_probe,119,14,6718.529681577548,True
clear_probe,119,16,6949.529681577548,True
clear_probe,120,3,17.0,False
clear_probe,120,5,29.0,False
clear_probe,120,6,35.0,False
clear_probe,120,13,77.0,False
clear_probe,120,15,89.0,False
clear_probe,120,7,308.0,True
clear_probe,120,10,326.0,True
clear_probe,120,16,623.0,True
clear_probe,120,14,2426.0,True
clear_probe,120,8,2912.0,True
clear_probe,120,4,3143.0,True
clear_probe,120,2,3895.783884700085,False
clear_probe,120,11,4168.783884700085,False
clear_probe,120,17,7134.4886924297625,True
clear_probe,121,3,17.0,False
clear_probe,121,6,35.0,True
clear_probe,121,7,41.0,False
clear_probe,121,11,65.0,False
clear_probe,121,16,95.0,False
clear_probe,121,17,101.0,False
clear_probe,121,13,344.0,True
clear_probe,121,5,590.0157134524959,False
clear_probe,121,20,2186.8007058050416,True
clear_probe,121,19,5775.479624535484,True
clear_probe,122,2,11.0,False
clear_probe,122,11,65.0,True
clear_probe,122,17,101.0,False
clear_probe,122,18,107.0,False
clear_probe,122,19,113.0,False
clear_probe,122,4,557.0,True
clear_probe,122,10,3122.6283045126142,False
clear_probe,122,3,3810.6097354787858,False
clear_probe,122,7,3828.6097354787858,True
clear_probe,122,16,4101.609735478785,True
clear_probe,122,5,5572.609894550482,False
clear_probe,122,12,6235.609894550482,False
clear_probe,122,14,6938.152262272458,True
clear_probe,122,8,7335.323210753017,False
clear_probe,123,1,5.0,False
clear_probe,123,15,89.0,True
clear_probe,123,18,107.0,False
clear_probe,123,20,119.0,True
clear_probe,123,17,368.0,True
clear_probe,123,7,1109.0,True
clear_probe,123,4,2531.0959293731394,True
clear_probe,123,9,2804.0959293731394,True
clear_probe,123,14,3083.0959293731394,True
clear_probe,123,3,3936.0729822394874,False
clear_probe,124,5,29.0,False
clear_probe,124,20,119.0,False
clear_probe,124,2,278.0,False
clear_probe,124,3,284.0,True
clear_probe,124,14,350.0,True
clear_probe,124,13,1412.0,False
clear_probe,124,7,2335.046543814142,True
clear_probe,124,6,3732.0765826313036,True
clear_probe,124,16,3774.0765826313036,False
clear_probe,124,1,4498.937340714887,True
clear_probe,124,19,6025.699112059096,True
clear_probe,124,18,6646.40979965079,True
clear_probe,125,1,272.0,False
clear_probe,125,2,278.0,True
clear_probe,125,10,326.0,True
clear_probe,125,11,332.0,False
clear_probe,125,12,605.0,True
clear_probe,125,15,1933.1720930488743,False
clear_probe,125,8,2647.8003801227583,False
clear_probe,125,6,4672.791118935107,False
clear_probe,125,5,5164.791118935107,True
clear_probe,125,19,5236.791118935107,True
clear_probe,125,16,7115.429168781152,True
clear_probe,126,4,23.0,False
clear_probe,126,6,35.0,False
clear_probe,126,8,47.0,True
clear_probe,126,12,71.0,False
clear_probe,126,17,101.0,True
clear_probe,126,14,350.0,False
clear_probe,126,19,781.949315801988,True
clear_probe,126,20,787.949315801988,True
clear_probe,126,3,1383.0383355771744,False
clear_probe,126,11,1425.0383355771744,True
clear_probe,126,2,2731.469889668956,True
clear_probe,126,15,3912.1790927076336,True
clear_probe,126,18,6001.299117621923,True
clear_probe,126,16,6598.299117621923,True
clear_probe,127,5,29.0,True
clear_probe,127,19,113.0,False
clear_probe,127,4,1892.0,False
clear_probe,127,18,1976.0,False
clear_probe,127,1,2624.824811764648,True
clear_probe,127,7,4939.417929636261,False
clear_probe,127,15,5741.068690228323,False
clear_probe,127,20,5759.068690228323,False
clear_probe,127,14,6464.068690228323,False
clear_probe,127,17,6482.068690228323,False
clear_probe,128,1,5.0,True
clear_probe,128,7,41.0,False
clear_probe,128,8,47.0,False
clear_probe,128,12,71.0,True
clear_probe,128,13,77.0,True
clear_probe,128,14,83.0,False
clear_probe,128,17,101.0,True
clear_probe,128,18,107.0,False
clear_probe,128,3,284.0,False
clear_probe,128,10,326.0,True
clear_probe,128,20,1649.0765833047963,True
clear_probe,128,6,1832.0765833047963,False
clear_probe,128,11,4283.241298778416,True
clear_probe,128,9,5521.459412183147,False
clear_probe,128,5,5722.459412183147,False
clear_probe,128,16,5758.459412183147,True
clear_probe,129,4,23.0,False
clear_probe,129,13,77.0,True
clear_probe,129,16,95.0,True
clear_probe,129,17,101.0,True
clear_probe,129,5,296.0,True
clear_probe,129,10,326.0,True
clear_probe,129,6,569.0,False
clear_probe,129,8,1278.5394754854315,True
clear_probe,129,2,2255.898060392935,False
clear_probe,129,3,3347.1596240098033,False
clear_probe,129,9,3359.1596240098033,False
clear_probe,129,14,3952.7710927224284,True
clear_probe,129,19,5409.111981436214,True
clear_probe,129,18,6269.113004721946,False
clear_probe,130,4,23.0,True
clear_probe,130,5,29.0,True
clear_probe,130,10,59.0,False
clear_probe,130,12,71.0,True
clear_probe,130,15,89.0,False
clear_probe,130,17,101.0,False
clear_probe,130,20,119.0,True
clear_probe,130,18,374.0,False
clear_probe,130,14,1593.9979851755202,True
clear_probe,130,9,2328.651468821087,True
clear_probe,130,2,3003.651468821087,False
clear_probe,130,19,3549.651468821087,False
clear_probe,130,1,6640.669899256859,False
clear_probe,130,6,8306.73597857498,True
clear_probe,131,2,11.0,True
clear_probe,131,3,17.0,False
clear_probe,131,6,35.0,True
clear_probe,131,7,41.0,False
clear_probe,131,16,95.0,False
clear_probe,131,19,380.0,False
clear_probe,131,10,1567.0463063413727,True
clear_probe,131,12,3884.802689800143,False
clear_probe,131,1,4079.802689800143,False
clear_probe,131,13,4643.553364684501,True
clear_probe,131,17,5614.602765142677,False
clear_probe,131,20,5851.602765142677,False
clear_probe,132,1,5.0,False
clear_probe,132,5,29.0,False
clear_probe,132,9,53.0,False
clear_probe,132,14,83.0,False
clear_probe,132,15,89.0,True
clear_probe,132,18,641.0,True
clear_probe,132,6,836.0,True
clear_probe,132,20,1454.0,True
clear_probe,132,2,2005.2655634744515,False
clear_probe,132,8,2029.2655634744515,True
clear_probe,132,4,3635.4829002567863,True
clear_probe,132,13,4139.021927129716,True
clear_probe,132,16,5089.018191844989,False
clear_probe,133,1,5.0,True
clear_probe,133,11,65.0,False
clear_probe,133,12,71.0,True
clear_probe,133,13,77.0,False
clear_probe,133,16,1964.0,False
clear_probe,133,19,1982.0,False
clear_probe,133,17,2504.0,True
clear_probe,133,18,2796.822037392808,False
clear_probe,133,2,5067.089122869631,False
clear_probe,133,15,5589.089122869631,True
clear_probe,133,5,5985.089122869631,False
clear_probe,133,20,6690.089122869631,True
clear_probe,133,4,8374.158467713207,True
clear_probe,134,1,5.0,False
clear_probe,134,2,11.0,False
clear_probe,134,4,23.0,True
clear_probe,134,8,47.0,False
clear_probe,134,11,65.0,False
clear_probe,134,13,77.0,False
clear_probe,134,18,107.0,False
clear_probe,134,19,113.0,True
clear_probe,134,5,296.0,False
clear_probe,134,10,1711.7094305910507,False
clear_probe,134,14,3898.947540217312,False
clear_probe,134,7,5143.081851267815,False
clear_probe,134,17,5640.593013817468,False
clear_probe,135,3,17.0,False
clear_probe,135,6,35.0,False
clear_probe,135,8,47.0,True
clear_probe,135,9,53.0,True
clear_probe,135,10,59.0,False
clear_probe,135,14,83.0,False
clear_probe,135,16,95.0,False
clear_probe,135,20,386.0,True
clear_probe,135,1,1947.8916508358973,True
clear_probe,135,2,1953.8916508358973,False
clear_probe,135,5,3168.641022781514,True
clear_probe,135,19,4781.969005414313,True
clear_probe,135,18,6385.27180185226,False
clear_probe,135,12,6833.002915437154,True
clear_probe,135,15,8117.07714806819,True
clear_probe,136,2,11.0,True
clear_probe,136,7,41.0,False
clear_probe,136,8,47.0,False
clear_probe,136,12,71.0,False
clear_probe,136,16,95.0,True
clear_probe,136,18,374.0,False
clear_probe,136,4,557.0,True
clear_probe,136,17,635.0,True
clear_probe,136,1,1361.4130581987285,False
clear_probe,136,11,2504.762894435965,True
clear_probe,136,20,3087.020807992008,False
clear_probe,136,3,5986.365416671604,True
clear_probe,136,13,6922.365416671604,True
clear_probe,136,14,8043.913253187701,True
clear_probe,137,6,35.0,False
clear_probe,137,7,41.0,True
clear_probe,137,8,47.0,False
clear_probe,137,16,95.0,False
clear_probe,137,17,101.0,False
clear_probe,137,1,272.0,False
clear_probe,137,14,1665.1356720924964,True
clear_probe,137,9,2145.1356720924964,False
clear_probe,137,11,2943.393116982668,True
clear_probe,137,20,2991.393116982668,True
clear_probe,138,3,17.0,False
clear_probe,138,4,23.0,False
clear_probe,138,6,35.0,True
clear_probe,138,7,41.0,False
clear_probe,138,8,47.0,False
clear_probe,138,10,59.0,False
clear_probe,138,15,676.2861462041689,True
clear_probe,138,9,3357.3127081383523,False
clear_probe,138,14,5143.853539384042,False
clear_probe,138,20,6718.853539384042,True
clear_probe,138,13,6907.853539384042,True
clear_probe,139,3,17.0,False
clear_probe,139,5,29.0,False
clear_probe,139,11,65.0,False
clear_probe,139,20,119.0,False
clear_probe,139,13,344.0,True
clear_probe,139,19,380.0,False
clear_probe,139,18,641.0,True
clear_probe,139,1,6525.27689564254,True
clear_probe,139,10,6567.27689564254,True
clear_probe,139,6,7732.909843675708,True
clear_probe,140,3,17.0,True
clear_probe,140,4,23.0,False
clear_probe,140,17,101.0,False
clear_probe,140,18,107.0,False
clear_probe,140,9,320.0,False
clear_probe,140,19,380.0,False
clear_probe,140,15,988.7356410213727,True
clear_probe,140,20,1012.7356410213727,False
clear_probe,140,2,2595.834933269822,False
clear_probe,140,1,3806.0077969314048,False
clear_probe,140,11,3860.0077969314048,True
clear_probe,140,12,3866.0077969314048,False
clear_probe,140,14,5247.308200866406,True
clear_probe,140,7,5756.448876732159,False
clear_probe,140,16,5792.448876732159,True
clear_probe,140,13,7230.47017068825,True
clear_probe,141,3,17.0,False
clear_probe,141,4,23.0,False
clear_probe,141,7,41.0,True
clear_probe,141,11,65.0,True
clear_probe,141,17,101.0,False
clear_probe,141,18,107.0,False
clear_probe,141,19,113.0,False
clear_probe,141,20,119.0,False
clear_probe,141,1,272.0,True
clear_probe,141,9,320.0,True
clear_probe,141,15,1361.2803928850087,True
clear_probe,141,16,2066.280392885009,True
clear_probe,141,6,2215.009762402308,True
clear_probe,141,5,4820.787304785815,True
clear_probe,142,2,11.0,False
clear_probe,142,5,29.0,True
clear_probe,142,12,71.0,False
clear_probe,142,13,77.0,True
clear_probe,142,14,83.0,False
clear_probe,142,3,284.0,False
clear_probe,142,10,326.0,True
clear_probe,142,20,386.0,False
clear_probe,142,19,4397.406900680206,True
clear_probe,142,6,5607.592556177305,True
clear_probe,142,9,5850.592556177305,False
clear_probe,142,1,6045.592556177305,True
clear_probe,142,16,6099.592556177305,False
clear_probe,142,18,7878.744557785622,True
clear_probe,143,1,5.0,False
clear_probe,143,5,29.0,False
clear_probe,143,7,41.0,False
clear_probe,143,8,47.0,True
clear_probe,143,10,59.0,False
clear_probe,143,20,119.0,False
clear_probe,143,3,622.5736134392359,False
clear_probe,143,12,3229.128118054099,False
clear_probe,143,18,3472.848349999536,False
clear_probe,143,2,4134.612589753955,True
clear_probe,143,16,4437.612589753955,False
clear_probe,144,2,11.0,True
clear_probe,144,3,17.0,False
clear_probe,144,6,35.0,False
clear_probe,144,8,47.0,False
clear_probe,144,12,71.0,False
clear_probe,144,15,89.0,True
clear_probe,144,18,107.0,False
clear_probe,144,7,850.7679968924218,False
clear_probe,144,10,1135.6696188233254,True
clear_probe,144,4,1647.7207318928765,False
clear_probe,144,13,4789.3352714004,True
clear_probe,144,20,4825.3352714004,True
clear_probe,144,11,6940.998428882479,True
clear_probe,145,8,47.0,False
clear_probe,145,15,89.0,False
clear_probe,145,16,95.0,False
clear_probe,145,13,344.0,False
clear_probe,145,3,551.0,False
clear_probe,145,19,1173.9611670018644,True
clear_probe,145,1,1799.841469503961,False
clear_probe,145,6,2052.0844868873232,False
clear_probe,145,12,3850.9250110966404,True
clear_probe,145,14,4098.684089718268,True
clear_probe,145,18,4110.684089718268,False
clear_probe,145,9,5649.684089718268,False
clear_probe,145,11,6272.379435704092,True
clear_probe,145,17,6502.092765826184,True
clear_probe,145,2,6667.092765826184,True
clear_probe,145,5,7087.092765826184,True
clear_probe,146,1,5.0,False
clear_probe,146,2,11.0,True
clear_probe,146,4,23.0,False
clear_probe,146,5,29.0,False
clear_probe,146,6,35.0,False
clear_probe,146,11,65.0,False
clear_probe,146,7,308.0,True
clear_probe,146,15,623.0,True
clear_probe,146,10,3310.2461160312564,True
clear_probe,146,3,6078.2197378350675,True
clear_probe,146,17,7659.2197378350675,True
clear_probe,147,7,41.0,False
clear_probe,147,8,47.0,False
clear_probe,147,10,59.0,False
clear_probe,147,11,65.0,False
clear_probe,147,13,77.0,True
clear_probe,147,18,107.0,False
clear_probe,147,5,296.0,True
clear_probe,147,12,338.0,False
clear_probe,147,2,550.0786987644889,True
clear_probe,147,6,574.0786987644889,True
clear_probe,147,20,652.0786987644889,False
clear_probe,147,15,883.0786987644889,True
clear_probe,147,3,4655.946953750116,True
clear_probe,147,19,5241.283969555008,False
clear_probe,148,2,11.0,True
clear_probe,148,5,29.0,False
clear_probe,148,8,47.0,False
clear_probe,148,9,53.0,False
clear_probe,148,10,59.0,False
clear_probe,148,12,71.0,False
clear_probe,148,13,77.0,False
clear_probe,148,14,83.0,False
clear_probe,148,15,89.0,False
clear_probe,148,20,119.0,False
clear_probe,148,4,290.0,False
clear_probe,148,11,3307.9021910602673,True
clear_probe,148,16,5406.075942160518,True
clear_probe,149,4,23.0,True
clear_probe,149,9,53.0,True
clear_probe,149,15,356.0,False
clear_probe,149,18,374.0,True
clear_probe,149,5,840.4947991694221,True
clear_probe,149,10,1653.494799169422,False
clear_probe,149,17,3311.449344327486,True
clear_probe,149,13,3791.449344327486,True
clear_probe,149,1,3974.449344327486,True
clear_probe,149,3,4919.301265068525,False
clear_probe,150,4,23.0,True
clear_probe,150,5,29.0,False
clear_probe,150,12,71.0,False
clear_probe,150,8,314.0,False
clear_probe,150,17,368.0,False
clear_probe,150,18,374.0,True
clear_probe,150,11,604.0119304138162,False
clear_probe,150,14,616.0119304138162,True
clear_probe,150,19,1429.0119304138161,True
clear_probe,150,3,2495.018334287156,True
clear_probe,150,10,3218.018334287156,False
clear_probe,150,7,3437.018334287156,True
clear_probe,150,15,3996.1097242703863,False
clear_probe,150,6,5556.552536682572,False
clear_probe,150,2,7287.681606468725,True
clear_probe,150,13,8280.118972872355,True
clear_probe,151,2,11.0,False
clear_probe,151,10,59.0,False
clear_probe,151,11,65.0,False
clear_probe,151,16,95.0,False
clear_probe,151,17,101.0,False
clear_probe,151,18,107.0,False
clear_probe,151,14,350.0,False
clear_probe,151,13,1877.794394575728,True
clear_probe,151,8,2873.7664928250824,True
clear_probe,151,12,2885.7664928250824,True
clear_probe,151,15,2897.7664928250824,False
clear_probe,151,4,4253.921670278569,True
clear_probe,151,7,4271.921670278569,True
clear_probe,151,19,5037.54723080682,False
clear_probe,151,20,5750.7871335124355,False
clear_probe,152,2,11.0,True
clear_probe,152,3,17.0,True
clear_probe,152,5,29.0,True
clear_probe,152,6,35.0,False
clear_probe,152,10,59.0,True
clear_probe,152,13,77.0,False
clear_probe,152,18,107.0,False
clear_probe,152,20,119.0,False
clear_probe,152,7,308.0,False
clear_probe,152,19,380.0,True
clear_probe,152,1,1340.0,False
clear_probe,152,14,3168.4417700633953,False
clear_probe,152,12,3890.333997685527,False
clear_probe,152,4,4059.1653567685557,True
clear_probe,152,8,5866.195377619882,True
clear_probe,152,11,6079.195377619882,False
clear_probe,153,4,23.0,True
clear_probe,153,6,35.0,False
clear_probe,153,9,53.0,False
clear_probe,153,12,71.0,False
clear_probe,153,16,95.0,True
clear_probe,153,17,101.0,False
clear_probe,153,3,284.0,True
clear_probe,153,13,344.0,False
clear_probe,153,18,374.0,True
clear_probe,153,11,1132.1741413494685,False
clear_probe,153,2,1414.2600043726782,True
clear_probe,153,7,1687.2600043726782,False
clear_probe,153,14,2890.260004372678,True
clear_probe,154,1,5.0,True
clear_probe,154,7,41.0,True
clear_probe,154,8,47.0,True
clear_probe,154,10,59.0,False
clear_probe,154,18,107.0,False
clear_probe,154,13,344.0,False
clear_probe,154,15,356.0,True
clear_probe,154,16,362.0,False
clear_probe,154,12,3356.0,True
clear_probe,154,5,4590.813962787322,False
clear_probe,154,17,6102.1455472861835,True
clear_probe,155,2,11.0,False
clear_probe,155,11,65.0,False
clear_probe,155,13,77.0,False
clear_probe,155,14,83.0,False
clear_probe,155,5,296.0,True
clear_probe,155,16,2286.7628826335467,True
clear_probe,155,1,3432.52124274961,True
clear_probe,155,10,3942.52124274961,True
clear_probe,155,4,4911.240061340621,False
clear_probe,155,19,4971.240061340621,False
clear_probe,155,17,5184.240061340621,True
clear_probe,155,20,5202.240061340621,False
clear_probe,155,8,5379.240061340621,True
clear_probe,155,18,7556.047097708559,True
clear_probe,156,12,71.0,True
clear_probe,156,7,308.0,False
clear_probe,156,20,386.0,True
clear_probe,156,8,581.0,True
clear_probe,156,16,629.0,True
clear_probe,156,19,647.0,True
clear_probe,156,14,4750.784586653795,True
clear_probe,156,3,4945.784586653795,True
clear_probe,156,6,4963.784586653795,True
clear_probe,156,5,5461.784586653795,True
clear_probe,156,9,5479.784586653795,False
clear_probe,156,15,5509.784586653795,False
clear_probe,156,18,6961.996217185657,True
clear_probe,157,2,11.0,True
clear_probe,157,6,35.0,False
clear_probe,157,8,47.0,True
clear_probe,157,16,95.0,False
clear_probe,157,17,101.0,False
clear_probe,157,4,290.0,False
clear_probe,157,11,332.0,False
clear_probe,157,3,551.0,True
clear_probe,157,14,2048.0726488494392,False
clear_probe,157,1,2492.0726488494392,True
clear_probe,157,13,3591.0021957922927,True
clear_probe,157,12,3828.0021957922927,True
clear_probe,157,15,5085.71418066867,True
clear_probe,157,18,5760.957136283639,True
clear_probe,158,1,5.0,False
clear_probe,158,8,47.0,False
clear_probe,158,13,77.0,False
clear_probe,158,16,95.0,False
clear_probe,158,18,107.0,True
clear_probe,158,20,119.0,True
clear_probe,158,10,326.0,True
clear_probe,158,11,332.0,False
clear_probe,158,12,338.0,True
clear_probe,158,5,563.0,True
clear_probe,158,3,1862.6826561121343,False
clear_probe,158,17,3402.708717138648,True
clear_probe,158,4,4761.237214420353,False
clear_probe,158,2,6677.2600444147465,True
clear_probe,158,14,6890.2600444147465,False
clear_probe,159,5,29.0,False
clear_probe,159,8,47.0,True
clear_probe,159,15,89.0,False
clear_probe,159,17,368.0,True
clear_probe,159,7,1109.0,True
clear_probe,159,18,2124.051571896212,True
clear_probe,159,16,2321.40226951935,True
clear_probe,159,4,4425.976888260584,True
clear_probe,159,10,4674.976888260584,True
clear_probe,159,13,4692.976888260584,True
clear_probe,159,1,5185.169935966539,False
clear_probe,159,6,5422.169935966539,True
clear_probe,159,12,5884.169935966539,True
clear_probe,160,4,23.0,True
clear_probe,160,11,65.0,False
clear_probe,160,12,71.0,False
clear_probe,160,14,83.0,False
clear_probe,160,16,95.0,True
clear_probe,160,13,344.0,False
clear_probe,160,6,582.4761200899578,False
clear_probe,160,8,594.4761200899578,False
clear_probe,160,17,2325.4761200899575,True
clear_probe,160,9,2581.3779426740434,False
clear_probe,161,6,35.0,False
clear_probe,161,7,41.0,False
clear_probe,161,13,77.0,True
clear_probe,161,14,83.0,False
clear_probe,161,15,89.0,True
clear_probe,161,17,101.0,True
clear_probe,161,8,314.0,False
clear_probe,161,18,863.5608818059867,True
clear_probe,161,16,1616.5608818059868,True
clear_probe,161,12,2102.560881805987,False
clear_probe,161,19,2399.560881805987,True
clear_probe,161,10,2600.560881805987,False
clear_probe,161,11,4328.926173812415,True
clear_probe,161,1,5220.441033727296,True
clear_probe,162,7,41.0,False
clear_probe,162,8,47.0,False
clear_probe,162,13,77.0,False
clear_probe,162,14,83.0,False
clear_probe,162,17,101.0,True
clear_probe,162,20,119.0,False
clear_probe,162,10,1928.0,False
clear_probe,162,5,6203.787240807836,False
clear_probe,162,16,6239.787240807836,True
clear_probe,162,12,8234.787240807836,True
clear_probe,163,3,17.0,False
clear_probe,163,6,35.0,False
clear_probe,163,12,71.0,False
clear_probe,163,16,95.0,False
clear_probe,163,20,119.0,False
clear_probe,163,11,332.0,False
clear_probe,163,14,350.0,False
clear_probe,163,19,941.4739159920002,False
clear_probe,163,4,2574.8969818660457,False
clear_probe,163,17,3381.004794201638,True
clear_probe,163,1,4486.632596458776,True
clear_probe,163,15,5446.632596458776,False
clear_probe,163,18,5464.632596458776,True
clear_probe,163,10,6310.632596458776,True
clear_probe,164,2,11.0,False
clear_probe,164,13,77.0,True
clear_probe,164,18,107.0,False
clear_probe,164,15,356.0,False
clear_probe,164,16,629.0,True
clear_probe,164,9,1115.0,True
clear_probe,164,10,1121.0,True
clear_probe,164,17,5081.244066439213,True
clear_probe,164,7,5928.741965928994,True
clear_probe,164,1,6319.636090287112,False
clear_probe,165,6,35.0,False
clear_probe,165,8,47.0,False
clear_probe,165,14,83.0,False
clear_probe,165,18,107.0,False
clear_probe,165,3,284.0,False
clear_probe,165,7,4295.916545539745,True
clear_probe,165,10,4812.242281472708,False
clear_probe,165,11,5804.141212654247,True
clear_probe,165,16,6559.941352664918,False
clear_probe,165,2,7470.741131021609,True
clear_probe,166,11,65.0,False
clear_probe,166,17,101.0,False
clear_probe,166,18,107.0,True
clear_probe,166,19,113.0,False
clear_probe,166,20,119.0,False
clear_probe,166,10,326.0,False
clear_probe,166,8,1740.0265863639597,True
clear_probe,166,12,3315.728948646635,False
clear_probe,166,14,3789.728948646635,False
clear_probe,166,1,4335.961694128593,True
clear_probe,166,6,4365.961694128593,False
clear_probe,167,7,41.0,False
clear_probe,167,12,71.0,True
clear_probe,167,19,113.0,True
clear_probe,167,20,119.0,True
clear_probe,167,9,320.0,True
clear_probe,167,11,332.0,True
clear_probe,167,14,350.0,True
clear_probe,167,18,374.0,False
clear_probe,167,1,806.0,True
clear_probe,167,3,2281.55294518748,True
clear_probe,167,10,3806.577344107559,True
clear_probe,168,4,23.0,True
clear_probe,168,5,29.0,False
clear_probe,168,6,35.0,False
clear_probe,168,11,65.0,False
clear_probe,168,14,83.0,False
clear_probe,168,16,95.0,False
clear_probe,168,19,113.0,False
clear_probe,168,15,356.0,False
clear_probe,168,9,876.0841672891419,False
clear_probe,168,18,1667.8053142551378,True
clear_probe,168,20,1673.8053142551378,True
clear_probe,168,8,1862.8053142551378,True
clear_probe,168,13,3357.7332938907534,False
clear_probe,168,12,4447.708739787167,True
clear_probe,168,17,5710.804230598276,False
clear_probe,169,6,35.0,True
clear_probe,169,13,77.0,False
clear_probe,169,19,113.0,True
clear_probe,169,8,314.0,False
clear_probe,169,9,320.0,False
clear_probe,169,16,362.0,False
clear_probe,169,17,368.0,True
clear_probe,169,20,653.0,True
clear_probe,169,18,1163.0,True
clear_probe,169,15,1400.0,True
clear_probe,169,4,4737.766273396939,True
clear_probe,169,5,6979.25429489626,True
clear_probe,170,3,17.0,True
clear_probe,170,5,29.0,False
clear_probe,170,6,35.0,True
clear_probe,170,7,41.0,False
clear_probe,170,8,47.0,False
clear_probe,170,10,59.0,False
clear_probe,170,11,65.0,True
clear_probe,170,16,95.0,False
clear_probe,170,4,290.0,True
clear_probe,170,12,975.8024780673439,False
clear_probe,170,18,1260.802478067344,True
clear_probe,170,13,2886.5223541078017,True
clear_probe,170,2,4454.052192916418,False
clear_probe,170,1,5067.884626918702,True
clear_probe,170,15,5632.325169009266,True
clear_probe,170,19,7357.362753607969,True
clear_probe,171,10,59.0,False
clear_probe,171,12,71.0,True
clear_probe,171,14,83.0,False
clear_probe,171,2,278.0,True
clear_probe,171,9,320.0,True
clear_probe,171,19,647.0,True
clear_probe,171,4,791.0321483029518,False
clear_probe,171,6,803.0321483029518,False
clear_probe,171,3,1058.2072583445427,False
clear_probe,171,15,1124.2072583445427,False
clear_probe,171,5,1957.253040718706,True
clear_probe,171,18,3714.487262419788,False
clear_probe,171,11,4074.586772725921,False
clear_probe,171,13,4086.586772725921,True
clear_probe,171,16,4304.6246401249255,True
clear_probe,171,7,4481.6246401249255,True
clear_probe,172,2,11.0,False
clear_probe,172,7,41.0,False
clear_probe,172,10,59.0,True
clear_probe,172,12,71.0,False
clear_probe,172,13,77.0,False
clear_probe,172,20,119.0,False
clear_probe,172,15,356.0,False
clear_probe,172,8,589.9440179466662,True
clear_probe,172,1,1549.9440179466662,True
clear_probe,172,4,2812.9440179466665,True
clear_probe,172,19,5542.962554394888,True
clear_probe,172,9,6922.111190239409,True
clear_probe,173,6,35.0,False
clear_probe,173,14,83.0,False
clear_probe,173,17,101.0,False
clear_probe,173,19,113.0,False
clear_probe,173,1,556.2305383458609,True
clear_probe,173,16,640.2305383458609,False
clear_probe,173,18,646.2305383458609,False
clear_probe,173,13,2662.2305383458606,False
clear_probe,173,3,4194.876281537493,True
clear_probe,173,15,5106.963523041254,True
clear_probe,173,8,5560.416229195507,True
clear_probe,173,12,6938.656357860206,True
clear_probe,174,3,17.0,True
clear_probe,174,11,65.0,True
clear_probe,174,14,83.0,False
clear_probe,174,1,272.0,False
clear_probe,174,17,368.0,True
clear_probe,174,19,914.4813386423342,False
clear_probe,174,2,2348.481338642334,False
clear_probe,174,6,4821.452903661058,False
clear_probe,174,9,4839.452903661058,False
clear_probe,174,12,4851.452903661058,True
clear_probe,174,15,4869.452903661058,False
clear_probe,174,20,4893.452903661058,True
clear_probe,174,7,5205.108365867153,False
clear_probe,174,4,5424.108365867153,True
clear_probe,174,10,5460.108365867153,True
clear_probe,174,16,5484.108365867153,True
clear_probe,175,1,5.0,False
clear_probe,175,2,11.0,False
clear_probe,175,15,89.0,True
clear_probe,175,16,95.0,True
clear_probe,175,8,314.0,True
clear_probe,175,17,1157.0,True
clear_probe,175,20,2250.2088146803467,True
clear_probe,175,19,3489.2088146803467,False
clear_probe,175,9,5203.312433260286,True
clear_probe,175,14,5458.312433260286,True
clear_probe,175,10,5687.252881261595,True
clear_probe,175,12,7379.549599728774,True
clear_probe,175,7,8040.221253321154,False
clear_probe,176,2,11.0,False
clear_probe,176,16,95.0,True
clear_probe,176,19,113.0,False
clear_probe,176,15,2987.181438006127,False
clear_probe,176,8,3206.181438006127,True
clear_probe,176,11,3450.7170067074057,True
clear_probe,176,20,4922.527708161131,False
clear_probe,176,10,5221.654079995087,True
clear_probe,176,13,5233.654079995087,True
clear_probe,176,4,6127.654079995087,True
clear_probe,177,2,11.0,False
clear_probe,177,5,29.0,True
clear_probe,177,7,308.0,False
clear_probe,177,11,332.0,False
clear_probe,177,17,368.0,True
clear_probe,177,18,374.0,True
clear_probe,177,16,1207.296326970185,True
clear_probe,177,10,2476.242651612192,True
clear_probe,177,19,3799.242651612192,True
clear_probe,177,14,5294.135682164722,False
clear_probe,177,13,6967.328043070113,False
clear_probe,178,5,29.0,False
clear_probe,178,11,65.0,False
clear_probe,178,3,284.0,False
clear_probe,178,18,2470.8570293394796,True
clear_probe,178,15,2974.8570293394796,True
clear_probe,178,16,2980.8570293394796,False
clear_probe,178,20,3004.8570293394796,True
clear_probe,178,4,6758.026432847074,False
clear_probe,178,2,7415.3974591693295,True
clear_probe,178,8,7883.3974591693295,True
clear_probe,179,11,65.0,True
clear_probe,179,15,89.0,True
clear_probe,179,2,278.0,True
clear_probe,179,10,326.0,False
clear_probe,179,18,641.0,True
clear_probe,179,1,1073.0,False
clear_probe,179,16,1163.0,True
clear_probe,179,12,2189.0,False
clear_probe,179,9,3149.5936788367726,True
clear_probe,179,7,4439.625282766525,False
clear_probe,179,8,4445.625282766525,True
clear_probe,179,3,5096.625282766525,False
clear_probe,179,4,5346.686655289936,True
clear_probe,179,13,6441.148094231006,False
clear_probe,179,19,6672.148094231006,True
clear_probe,179,5,7044.148094231006,True
clear_probe,180,2,11.0,False
clear_probe,180,13,77.0,True
clear_probe,180,17,101.0,False
clear_probe,180,20,119.0,False
clear_probe,180,1,272.0,False
clear_probe,180,4,290.0,False
clear_probe,180,9,320.0,True
clear_probe,180,10,3454.4121797637517,False
clear_probe,180,3,4651.604654654083,True
clear_probe,180,15,4936.604654654083,True
clear_probe,180,19,6084.909634840643,True
clear_probe,181,1,5.0,False
clear_probe,181,2,11.0,False
clear_probe,181,4,23.0,False
clear_probe,181,6,35.0,False
clear_probe,181,7,41.0,False
clear_probe,181,8,47.0,True
clear_probe,181,10,59.0,False
clear_probe,181,13,77.0,False
clear_probe,181,20,119.0,False
clear_probe,181,11,332.0,True
clear_probe,181,18,374.0,False
clear_probe,181,17,2753.0,True
clear_probe,181,15,4281.799618675668,False
clear_probe,181,5,4464.799618675668,False
clear_probe,182,1,5.0,True
clear_probe,182,5,29.0,True
clear_probe,182,14,83.0,False
clear_probe,182,20,119.0,False
clear_probe,182,11,332.0,False
clear_probe,182,19,380.0,False
clear_probe,182,8,848.0,True
clear_probe,182,18,1703.0,True
clear_probe,182,2,1874.0,True
clear_probe,182,15,4211.61335791272,True
clear_probe,182,12,4437.93278428265,True
clear_probe,182,16,5199.385542098342,False
clear_probe,182,9,6251.937889265133,True
clear_probe,183,12,71.0,False
clear_probe,183,2,278.0,True
clear_probe,183,15,356.0,True
clear_probe,183,19,380.0,True
clear_probe,183,10,1916.0,False
clear_probe,183,9,2432.0,False
clear_probe,183,8,2687.0,False
clear_probe,183,3,3993.7035620586666,True
clear_probe,183,14,4035.7035620586666,True
clear_probe,183,1,5120.749935353289,False
clear_probe,184,4,23.0,False
clear_probe,184,8,47.0,False
clear_probe,184,19,380.0,False
clear_probe,184,13,610.0135647314156,True
clear_probe,184,10,1114.0135647314155,True
clear_probe,184,14,1138.0135647314155,True
clear_probe,184,18,3719.777065583547,False
clear_probe,184,9,4157.777065583547,False
clear_probe,184,12,4642.875267046407,False
clear_probe,184,11,5098.926238116763,False
clear_probe,184,1,5731.926238116763,False
clear_probe,184,17,5785.926238116763,True
clear_probe,185,3,17.0,False
clear_probe,185,5,29.0,False
clear_probe,185,16,95.0,False
clear_probe,185,18,107.0,False
clear_probe,185,19,113.0,True
clear_probe,185,20,119.0,True
clear_probe,185,15,356.0,False
clear_probe,185,9,587.0,True
clear_probe,185,17,635.0,True
clear_probe,185,7,1370.0,False
clear_probe,185,8,2755.6821809696526,False
clear_probe,185,12,2779.6821809696526,True
clear_probe,185,1,3785.012242036036,False
clear_probe,185,11,4046.242379424717,False
clear_probe,185,4,5131.1804365373055,False
clear_probe,185,10,7077.407852440749,True
clear_probe,186,4,23.0,False
clear_probe,186,6,35.0,True
clear_probe,186,11,65.0,True
clear_probe,186,15,89.0,True
clear_probe,186,16,95.0,True
clear_probe,186,2,555.8675091197761,False
clear_probe,186,9,2393.293653681277,False
clear_probe,186,18,2692.5772459458135,False
clear_probe,186,20,2704.5772459458135,False
clear_probe,186,1,3100.5772459458135,True
clear_probe,186,14,4333.577245945813,True
clear_probe,186,17,5263.577245945813,True
clear_probe,187,1,5.0,False
clear_probe,187,5,29.0,False
clear_probe,187,13,77.0,False
clear_probe,187,15,89.0,True
clear_probe,187,20,119.0,False
clear_probe,187,8,314.0,False
clear_probe,187,12,338.0,False
clear_probe,187,16,362.0,True
clear_probe,187,10,5481.532380721969,True
clear_probe,187,19,5517.532380721969,False
clear_probe,187,14,5718.532380721969,True
clear_probe,187,3,7209.532380721969,True
clear_probe,188,1,5.0,False
clear_probe,188,3,17.0,False
clear_probe,188,6,35.0,False
clear_probe,188,9,53.0,True
clear_probe,188,10,59.0,False
clear_probe,188,12,71.0,False
clear_probe,188,13,77.0,False
clear_probe,188,15,89.0,False
clear_probe,188,18,107.0,False
clear_probe,188,20,119.0,True
clear_probe,188,7,527.0875812218012,True
clear_probe,188,2,760.6253026447099,False
clear_probe,188,14,820.6253026447099,True
clear_probe,188,5,1654.442600740777,True
clear_probe,188,8,4076.573881328949,True
clear_probe,188,19,4112.573881328949,True
clear_probe,189,9,53.0,False
clear_probe,189,11,65.0,False
clear_probe,189,13,77.0,True
clear_probe,189,14,83.0,False
clear_probe,189,15,89.0,True
clear_probe,189,17,101.0,False
clear_probe,189,18,107.0,False
clear_probe,189,20,119.0,False
clear_probe,189,4,290.0,False
clear_probe,189,5,296.0,True
clear_probe,189,12,338.0,False
clear_probe,189,1,549.1950285402277,False
clear_probe,189,3,4494.918796147278,True
clear_probe,190,2,11.0,False
clear_probe,190,7,41.0,False
clear_probe,190,12,71.0,False
clear_probe,190,16,95.0,True
clear_probe,190,8,314.0,False
clear_probe,190,6,945.0227841141526,False
clear_probe,190,17,1005.0227841141526,False
clear_probe,190,3,3992.6694697141133,True
clear_probe,190,13,4040.6694697141133,False
clear_probe,190,11,4769.669469714113,False
clear_probe,191,2,11.0,True
clear_probe,191,7,41.0,True
clear_probe,191,10,59.0,False
clear_probe,191,11,332.0,True
clear_probe,191,19,380.0,True
clear_probe,191,15,2112.9797262066622,True
clear_probe,191,18,2130.9797262066622,True
clear_probe,191,3,2420.492088116982,False
clear_probe,191,14,2480.492088116982,True
clear_probe,191,20,2510.492088116982,True
clear_probe,191,5,2687.492088116982,True
clear_probe,191,4,5065.886387448935,True
clear_probe,191,1,5272.886387448935,True
clear_probe,191,8,5746.886387448935,False
clear_probe,191,13,6202.886387448935,False
clear_probe,191,17,6220.886387448935,True
clear_probe,192,4,23.0,False
clear_probe,192,5,29.0,False
clear_probe,192,6,35.0,False
clear_probe,192,14,83.0,False
clear_probe,192,19,113.0,True
clear_probe,192,11,332.0,True
clear_probe,192,7,557.0,False
clear_probe,192,15,2083.9835062540824,True
clear_probe,192,3,2278.9835062540824,True
clear_probe,192,10,3008.311270928447,True
clear_probe,192,18,5115.476789456512,True
clear_probe,192,20,5121.476789456512,True
clear_probe,193,7,41.0,False
clear_probe,193,10,59.0,True
clear_probe,193,11,65.0,True
clear_probe,193,17,101.0,False
clear_probe,193,5,296.0,True
clear_probe,193,16,1373.5435711066702,True
clear_probe,193,8,1833.6233121510047,False
clear_probe,193,1,2052.623312151005,False
clear_probe,193,6,2082.623312151005,False
clear_probe,193,18,4140.952867532949,True
clear_probe,193,4,4566.952867532949,True
clear_probe,193,9,4590.952867532949,False
clear_probe,193,3,5289.952867532949,False
clear_probe,193,15,6297.357015266815,True
clear_probe,194,3,17.0,True
clear_probe,194,5,29.0,False
clear_probe,194,8,47.0,True
clear_probe,194,10,59.0,True
clear_probe,194,13,77.0,False
clear_probe,194,16,95.0,True
clear_probe,194,19,113.0,True
clear_probe,194,12,338.0,True
clear_probe,194,17,368.0,True
clear_probe,194,18,374.0,True
clear_probe,194,20,386.0,True
clear_probe,194,7,1519.161119018923,True
clear_probe,194,9,2885.513876710715,True
clear_probe,194,15,3148.5589624329386,False
clear_probe,194,2,3325.3834985794642,False
clear_probe,194,1,3565.379022658643,True
clear_probe,195,5,29.0,False
clear_probe,195,10,59.0,False
clear_probe,195,11,65.0,False
clear_probe,195,12,71.0,False
clear_probe,195,13,77.0,False
clear_probe,195,17,101.0,False
clear_probe,195,19,113.0,False
clear_probe,195,2,278.0,True
clear_probe,195,4,564.8767045510629,False
clear_probe,195,14,612.8767045510629,False
clear_probe,195,20,3069.106128175178,True
clear_probe,195,18,5190.106128175178,False
clear_probe,195,6,6216.778370966212,True
clear_probe,195,7,6222.778370966212,False
clear_probe,196,1,5.0,False
clear_probe,196,13,77.0,False
clear_probe,196,14,83.0,True
clear_probe,196,17,101.0,False
clear_probe,196,2,278.0,False
clear_probe,196,9,320.0,False
clear_probe,196,11,332.0,True
clear_probe,196,15,356.0,True
clear_probe,196,5,831.556166318258,False
clear_probe,196,10,861.556166318258,False
clear_probe,196,8,1098.92385517307,False
clear_probe,196,12,1377.92385517307,True
clear_probe,196,7,2560.8561963556053,True
clear_probe,196,3,2773.8561963556053,False
clear_probe,196,20,2839.8561963556053,True
clear_probe,197,2,11.0,True
clear_probe,197,4,23.0,False
clear_probe,197,11,65.0,False
clear_probe,197,17,101.0,False
clear_probe,197,19,113.0,False
clear_probe,197,15,356.0,False
clear_probe,197,1,880.9290780187481,False
clear_probe,197,6,904.9290780187481,True
clear_probe,197,8,916.9290780187481,False
clear_probe,197,10,928.9290780187481,False
clear_probe,197,14,2657.7579879226605,False
clear_probe,197,5,3636.81858648564,True
clear_probe,197,7,5404.191386333842,False
clear_probe,197,20,5669.7105586996695,False
clear_probe,198,4,23.0,False
clear_probe,198,5,29.0,False
clear_probe,198,7,41.0,False
clear_probe,198,9,53.0,False
clear_probe,198,15,89.0,False
clear_probe,198,19,113.0,False
clear_probe,198,16,362.0,False
clear_probe,198,20,5306.447395667463,False
clear_probe,198,18,5531.447395667463,True
clear_probe,198,1,6939.72976466083,True
clear_probe,199,6,302.0,True
clear_probe,199,12,338.0,False
clear_probe,199,18,374.0,True
clear_probe,199,19,647.0,True
clear_probe,199,4,834.042403615576,True
clear_probe,199,9,1908.042403615576,True
clear_probe,199,20,2227.2240135183924,False
clear_probe,199,13,2451.5030066590207,False
clear_probe,199,10,3418.7325172235624,True
clear_probe,199,1,3637.1760538128415,True
clear_probe,199,5,5837.136193494846,False
clear_probe,199,16,5885.136193494846,False
clear_probe,200,7,41.0,True
clear_probe,200,12,71.0,False
clear_probe,200,15,89.0,False
clear_probe,200,5,296.0,True
clear_probe,200,19,380.0,False
clear_probe,200,9,1388.0,True
clear_probe,200,1,1876.869520634197,False
clear_probe,200,3,3497.5760031072564,True
clear_probe,200,8,4730.576003107256,False
clear_probe,200,16,4766.576003107256,False
clear_probe,201,8,47.0,False
clear_probe,201,10,326.0,False
clear_probe,201,12,338.0,True
clear_probe,201,20,386.0,False
clear_probe,201,11,2817.928993937202,True
clear_probe,201,13,3466.9636502155117,False
clear_probe,201,19,4006.9636502155117,True
clear_probe,201,1,5703.522944900304,True
clear_probe,201,14,5763.522944900304,True
clear_probe,201,16,7532.6252843614175,True
clear_probe,202,1,5.0,True
clear_probe,202,4,23.0,True
clear_probe,202,11,65.0,True
clear_probe,202,16,95.0,True
clear_probe,202,17,101.0,True
clear_probe,202,6,302.0,True
clear_probe,202,13,344.0,False
clear_probe,202,14,350.0,False
clear_probe,202,18,374.0,False
clear_probe,202,7,585.7499134150829,False
clear_probe,202,20,657.7499134150829,False
clear_probe,202,12,1427.9717410194446,True
clear_probe,202,2,2493.1462896959683,False
clear_probe,202,19,4507.9775601883675,True
clear_probe,202,8,5017.370910543483,True
clear_probe,202,15,6830.030553245887,True
clear_probe,203,2,11.0,False
clear_probe,203,14,83.0,True
clear_probe,203,7,308.0,True
clear_probe,203,9,1388.0,False
clear_probe,203,17,2855.354740595899,True
clear_probe,203,1,3026.354740595899,True
clear_probe,203,12,5009.130626219618,False
clear_probe,203,16,5367.8389686428,True
clear_probe,203,4,5524.132209471806,True
clear_probe,203,10,8554.365239507595,True
clear_probe,204,3,17.0,False
clear_probe,204,8,47.0,False
clear_probe,204,10,59.0,False
clear_probe,204,14,83.0,False
clear_probe,204,20,119.0,False
clear_probe,204,13,344.0,False
clear_probe,204,6,815.4444770634038,True
clear_probe,204,19,881.4444770634038,True
clear_probe,204,2,1349.8050747927102,True
clear_probe,204,16,1672.9667335653476,True
clear_probe,204,7,2233.748966666688,True
clear_probe,204,18,2275.748966666688,False
clear_probe,204,5,3589.748966666688,True
clear_probe,205,9,53.0,False
clear_probe,205,16,95.0,False
clear_probe,205,18,107.0,False
clear_probe,205,20,119.0,True
clear_probe,205,4,290.0,False
clear_probe,205,3,556.3913799767118,False
clear_probe,205,2,805.3913799767118,True
clear_probe,205,13,865.3913799767118,True
clear_probe,205,19,1150.391379976712,True
clear_probe,205,12,1873.391379976712,True
clear_probe,205,17,2154.1402755996833,False
clear_probe,205,14,3667.5068430931274,False
clear_probe,205,15,6471.6372024639595,True
clear_probe,206,3,17.0,True
clear_probe,206,9,53.0,False
clear_probe,206,17,101.0,False
clear_probe,206,20,119.0,True
clear_probe,206,6,302.0,True
clear_probe,206,10,593.0,True
clear_probe,206,18,1709.0,True
clear_probe,206,8,4271.0,False
clear_probe,206,5,4775.0,False
clear_probe,206,4,5546.0,False
clear_probe,207,6,35.0,False
clear_probe,207,12,71.0,False
clear_probe,207,14,83.0,False
clear_probe,207,15,89.0,False
clear_probe,207,20,119.0,True
clear_probe,207,10,326.0,False
clear_probe,207,19,380.0,True
clear_probe,207,18,663.4791592722564,False
clear_probe,207,1,1105.8186538631235,True
clear_probe,207,2,3865.5428855029227,False
clear_probe,207,8,4351.542885502922,True
clear_probe,207,16,4381.542885502922,False
clear_probe,207,3,4762.188327955536,False
clear_probe,207,17,7773.3544896741305,True
clear_probe,208,9,53.0,False
clear_probe,208,11,65.0,False
clear_probe,208,13,344.0,True
clear_probe,208,15,356.0,False
clear_probe,208,8,2276.850986067826,True
clear_probe,208,2,4163.225322642609,True
clear_probe,208,12,4927.913975414602,True
clear_probe,208,6,5377.90282929582,True
clear_probe,208,14,5401.90282929582,True
clear_probe,208,17,5413.90282929582,True
clear_probe,208,7,6503.111265786798,True
clear_probe,208,5,8997.912302651512,True
clear_probe,209,1,5.0,False
clear_probe,209,2,11.0,False
clear_probe,209,4,23.0,False
clear_probe,209,17,101.0,False
clear_probe,209,3,551.0,True
clear_probe,209,12,1933.09975118763,False
clear_probe,209,15,1951.09975118763,False
clear_probe,209,14,2728.0997511876303,False
clear_probe,209,7,3739.169266965096,True
clear_probe,209,10,3994.169266965096,False
clear_probe,209,13,4006.169266965096,True
clear_probe,209,16,4018.169266965096,True
clear_probe,209,6,7463.014640733086,True
clear_probe,209,19,7921.422299667282,True
clear_probe,210,1,5.0,False
clear_probe,210,4,23.0,False
clear_probe,210,6,35.0,False
clear_probe,210,10,59.0,False
clear_probe,210,17,101.0,False
clear_probe,210,20,119.0,False
clear_probe,210,13,344.0,True
clear_probe,210,19,380.0,False
clear_probe,210,8,634.8495652754941,True
clear_probe,210,9,1419.6986244131008,True
clear_probe,210,11,2037.4866669094938,False
clear_probe,210,2,2566.704269226495,False
clear_probe,210,3,7676.246629551213,True
clear_probe,211,1,5.0,True
clear_probe,211,5,29.0,False
clear_probe,211,7,41.0,False
clear_probe,211,9,53.0,False
clear_probe,211,10,59.0,True
clear_probe,211,13,77.0,False
clear_probe,211,3,284.0,False
clear_probe,211,8,314.0,True
clear_probe,211,17,368.0,True
clear_probe,211,20,386.0,False
clear_probe,211,12,1189.7083189849384,False
clear_probe,211,11,1653.597992918612,True
clear_probe,211,15,3069.2820056449095,True
clear_probe,211,16,4841.351088620888,True
clear_probe,212,10,59.0,False
clear_probe,212,15,89.0,False
clear_probe,212,18,107.0,False
clear_probe,212,19,113.0,False
clear_probe,212,5,296.0,False
clear_probe,212,9,320.0,True
clear_probe,212,2,642.3674871516874,True
clear_probe,212,3,1022.0164429417704,False
clear_probe,212,12,1070.0164429417705,True
clear_probe,212,20,3462.6101042770224,True
clear_probe,212,16,3687.6101042770224,True
clear_probe,212,6,4818.610104277022,True
clear_probe,212,1,7731.156246835303,True
clear_probe,213,6,35.0,False
clear_probe,213,14,83.0,False
clear_probe,213,16,95.0,False
clear_probe,213,1,272.0,True
clear_probe,213,3,558.765213971957,False
clear_probe,213,9,594.765213971957,True
clear_probe,213,20,915.765213971957,True
clear_probe,213,7,1104.7652139719569,True
clear_probe,213,8,1110.7652139719569,True
clear_probe,213,10,2903.655175284643,True
clear_probe,213,5,7591.63750854502,True
clear_probe,214,1,5.0,False
clear_probe,214,4,23.0,False
clear_probe,214,5,29.0,False
clear_probe,214,10,59.0,False
clear_probe,214,3,284.0,False
clear_probe,214,15,356.0,False
clear_probe,214,12,880.6919553527124,False
clear_probe,214,14,892.6919553527124,False
clear_probe,214,20,1960.6919553527123,False
clear_probe,214,13,5032.1702897626965,False
clear_probe,214,7,5239.1702897626965,True
clear_probe,214,2,6030.850225043382,True
clear_probe,214,6,6508.045766522303,True
clear_probe,214,8,7639.832110329868,True
clear_probe,215,3,17.0,False
clear_probe,215,4,23.0,False
clear_probe,215,8,47.0,False
clear_probe,215,10,59.0,True
clear_probe,215,7,308.0,False
clear_probe,215,11,332.0,False
clear_probe,215,9,2669.5399063025943,False
clear_probe,215,5,2906.5399063025943,False
clear_probe,215,20,4599.412906808072,True
clear_probe,215,1,4810.298290714634,False
clear_probe,216,1,5.0,False
clear_probe,216,5,29.0,False
clear_probe,216,6,35.0,True
clear_probe,216,19,113.0,False
clear_probe,216,4,290.0,False
clear_probe,216,10,326.0,False
clear_probe,216,9,587.0,True
clear_probe,216,20,998.5927171573371,False
clear_probe,216,15,1721.8849696388404,False
clear_probe,216,14,1958.8849696388404,True
clear_probe,216,17,2576.73830977625,True
clear_probe,216,8,3799.057992755729,False
clear_probe,216,7,4279.9623653768385,True
clear_probe,216,2,5861.984246337031,True
clear_probe,216,16,5903.984246337031,True
clear_probe,216,18,6451.28591005364,True
clear_probe,217,6,35.0,False
clear_probe,217,18,107.0,True
clear_probe,217,19,113.0,True
clear_probe,217,20,119.0,False
clear_probe,217,4,290.0,False
clear_probe,217,7,308.0,True
clear_probe,217,8,848.0,True
clear_probe,217,12,872.0,True
clear_probe,217,5,1365.6676828142852,True
clear_probe,217,9,5146.511763748695,True
clear_probe,217,15,5899.511763748695,False
clear_probe,217,3,6325.511763748695,True
clear_probe,218,4,23.0,False
clear_probe,218,8,47.0,True
clear_probe,218,9,53.0,False
clear_probe,218,12,71.0,False
clear_probe,218,14,83.0,True
clear_probe,218,19,113.0,True
clear_probe,218,20,119.0,True
clear_probe,218,6,569.0,True
clear_probe,218,1,816.4265899843809,True
clear_probe,218,18,912.4265899843809,True
clear_probe,218,11,3360.11145140119,True
clear_probe,218,7,6909.11145140119,True
clear_probe,219,5,29.0,False
clear_probe,219,9,53.0,True
clear_probe,219,13,77.0,True
clear_probe,219,17,101.0,False
clear_probe,219,2,278.0,True
clear_probe,219,4,290.0,False
clear_probe,219,14,350.0,False
clear_probe,219,3,1686.074935652031,True
clear_probe,219,20,2268.074935652031,True
clear_probe,219,7,2498.1714200757947,True
clear_probe,219,8,2504.1714200757947,False
clear_probe,219,11,2522.1714200757947,True
clear_probe,219,12,4664.850177435455,False
clear_probe,219,1,6920.255229768147,True
clear_probe,219,6,7127.255229768147,False
clear_probe,220,3,17.0,True
clear_probe,220,7,41.0,False
clear_probe,220,8,47.0,False
clear_probe,220,10,59.0,False
clear_probe,220,12,71.0,False
clear_probe,220,14,83.0,False
clear_probe,220,15,89.0,False
clear_probe,220,19,113.0,False
clear_probe,220,20,119.0,False
clear_probe,220,6,302.0,True
clear_probe,220,13,344.0,False
clear_probe,220,4,557.0,True
clear_probe,220,16,1280.2412167495365,True
clear_probe,220,17,1286.2412167495365,True
clear_probe,220,9,4925.867692744719,True
clear_probe,221,3,17.0,False
clear_probe,221,6,35.0,False
clear_probe,221,8,47.0,False
clear_probe,221,13,77.0,False
clear_probe,221,14,83.0,False
clear_probe,221,16,95.0,False
clear_probe,221,17,101.0,False
clear_probe,221,9,320.0,False
clear_probe,221,10,326.0,True
clear_probe,221,20,903.2739999043819,False
clear_probe,221,18,1407.6956619421962,False
clear_probe,222,7,41.0,True
clear_probe,222,11,65.0,False
clear_probe,222,12,71.0,False
clear_probe,222,13,77.0,False
clear_probe,222,14,83.0,False
clear_probe,222,15,89.0,False
clear_probe,222,17,101.0,False
clear_probe,222,16,362.0,False
clear_probe,222,19,380.0,False
clear_probe,222,20,386.0,True
clear_probe,222,2,556.7250806525269,True
clear_probe,222,1,1808.0578472566162,False
clear_probe,222,10,2349.514639795843,True
clear_probe,222,18,2373.514639795843,True
clear_probe,222,8,4401.669624402513,True
clear_probe,222,4,6254.595582649668,True
clear_probe,223,19,113.0,True
clear_probe,223,12,338.0,False
clear_probe,223,7,2273.624333312082,True
clear_probe,223,9,2546.624333312082,True
clear_probe,223,10,5265.245894179465,True
clear_probe,223,11,5271.245894179465,True
clear_probe,223,15,5538.245894179465,True
clear_probe,223,17,5550.245894179465,False
clear_probe,223,4,6237.245894179465,True
clear_probe,223,1,6468.245894179465,False
clear_probe,223,13,8459.586017857306,True
clear_probe,223,6,8669.072205376127,True
clear_probe,224,3,17.0,True
clear_probe,224,4,23.0,True
clear_probe,224,9,53.0,False
clear_probe,224,1,272.0,False
clear_probe,224,20,386.0,False
clear_probe,224,11,1903.756327636594,False
clear_probe,224,8,2140.756327636594,True
clear_probe,224,7,4504.407059063467,True
clear_probe,224,15,4765.407059063467,False
clear_probe,224,18,5708.938046638409,True
clear_probe,225,1,5.0,False
clear_probe,225,5,29.0,False
clear_probe,225,6,35.0,True
clear_probe,225,10,59.0,False
clear_probe,225,13,77.0,False
clear_probe,225,14,83.0,True
clear_probe,225,15,89.0,False
clear_probe,225,18,107.0,False
clear_probe,225,7,308.0,False
clear_probe,225,16,752.5765303584624,True
clear_probe,225,3,2328.4031028453064,True
clear_probe,225,20,4142.4349867635465,True
clear_probe,225,2,5420.764390549615,True
clear_probe,225,12,5456.764390549615,True
clear_probe,225,8,7131.77359286757,True
clear_probe,226,8,47.0,False
clear_probe,226,12,71.0,False
clear_probe,226,13,77.0,False
clear_probe,226,18,107.0,False
clear_probe,226,10,596.9136651506337,True
clear_probe,226,2,3635.3326266373224,False
clear_probe,226,20,3731.3326266373224,False
clear_probe,226,7,3937.705651154516,True
clear_probe,226,15,3967.705651154516,True
clear_probe,226,19,3991.705651154516,True
clear_probe,226,9,4752.4781186966775,False
clear_probe,226,6,6150.169905792982,True
clear_probe,226,17,8183.8252029792175,True
clear_probe,227,2,11.0,True
clear_probe,227,3,17.0,False
clear_probe,227,14,83.0,False
clear_probe,227,12,872.4699493227398,False
clear_probe,227,15,890.4699493227398,False
clear_probe,227,1,1856.46994932274,False
clear_probe,227,13,3216.0662706316434,True
clear_probe,227,8,4995.978148429807,False
clear_probe,227,20,5061.978148429807,True
clear_probe,227,4,5376.126313639063,True
clear_probe,227,19,5697.126313639063,False
clear_probe,227,5,7578.469699174169,True
clear_probe,227,7,7590.469699174169,True
clear_probe,228,2,11.0,False
clear_probe,228,4,23.0,False
clear_probe,228,5,29.0,False
clear_probe,228,7,41.0,False
clear_probe,228,10,59.0,False
clear_probe,228,17,101.0,False
clear_probe,228,19,113.0,False
clear_probe,228,3,284.0,True
clear_probe,228,6,302.0,False
clear_probe,228,20,386.0,True
clear_probe,228,8,1825.9274483233626,True
clear_probe,228,11,1843.9274483233626,False
clear_probe,228,16,3469.1918514378044,True
clear_probe,228,18,5153.174888787856,True
clear_probe,228,15,5336.174888787856,True
clear_probe,228,12,6403.351460172506,False
clear_probe,229,1,5.0,False
clear_probe,229,3,17.0,False
clear_probe,229,4,23.0,False
clear_probe,229,17,101.0,True
clear_probe,229,18,107.0,False
clear_probe,229,20,119.0,False
clear_probe,229,5,296.0,False
clear_probe,229,10,1121.0,True
clear_probe,229,8,2029.6406896729604,True
clear_probe,229,11,4467.90824209842,True
clear_probe,229,9,5565.273433921198,False
clear_probe,229,14,5589.273433921198,False
clear_probe,229,16,5601.273433921198,False
clear_probe,229,19,5607.273433921198,False
clear_probe,230,11,65.0,False
clear_probe,230,16,95.0,False
clear_probe,230,17,101.0,False
clear_probe,230,7,308.0,True
clear_probe,230,12,631.0457150346451,True
clear_probe,230,6,862.0457150346451,True
clear_probe,230,13,1194.7658886831098,True
clear_probe,230,8,2122.4604080373247,False
clear_probe,230,10,3098.7206687334397,False
clear_probe,230,5,3776.130879737831,True
clear_probe,230,1,4608.540032639811,False
clear_probe,230,14,4656.540032639811,True
clear_probe,230,18,4668.540032639811,True
clear_probe,230,15,7419.722897379036,True
clear_probe,230,9,7686.888826156169,True
clear_probe,231,3,17.0,False
clear_probe,231,4,23.0,False
clear_probe,231,8,47.0,False
clear_probe,231,11,65.0,False
clear_probe,231,14,83.0,False
clear_probe,231,19,113.0,True
clear_probe,231,9,320.0,True
clear_probe,231,17,368.0,False
clear_probe,231,13,611.0,True
clear_probe,231,1,2060.0066080387387,False
clear_probe,231,16,2381.0066080387387,True
clear_probe,231,18,2387.0066080387387,False
clear_probe,231,5,2732.3954475850974,True
clear_probe,231,7,4505.757431974604,True
clear_probe,231,6,5657.242147550585,False
clear_probe,231,10,8168.193092866493,True
clear_probe,232,2,11.0,True
clear_probe,232,4,23.0,False
clear_probe,232,8,47.0,False
clear_probe,232,14,83.0,False
clear_probe,232,16,95.0,False
clear_probe,232,17,101.0,True
clear_probe,232,9,587.0,True
clear_probe,232,18,2699.0,True
clear_probe,232,7,2900.0,False
clear_probe,232,13,2930.0,True
clear_probe,232,5,4917.000876757808,True
clear_probe,232,3,7402.754733863453,True
clear_probe,233,7,41.0,False
clear_probe,233,11,65.0,True
clear_probe,233,12,71.0,True
clear_probe,233,13,77.0,True
clear_probe,233,14,83.0,False
clear_probe,233,4,290.0,True
clear_probe,233,5,296.0,True
clear_probe,233,6,302.0,True
clear_probe,233,15,356.0,True
clear_probe,233,20,386.0,True
clear_probe,233,1,1070.7918639937652,True
clear_probe,233,2,1812.0247431284054,False
clear_probe,233,17,1890.0247431284054,False
clear_probe,233,16,2380.820165884169,True
clear_probe,233,8,3650.3847573320386,True
clear_probe,234,4,23.0,False
clear_probe,234,5,29.0,True
clear_probe,234,6,35.0,False
clear_probe,234,17,101.0,True
clear_probe,234,2,278.0,False
clear_probe,234,8,607.4549454196142,False
clear_probe,234,11,886.4549454196142,True
clear_probe,234,13,898.4549454196142,False
clear_probe,234,18,928.4549454196142,True
clear_probe,234,14,4248.813238638794,True
clear_probe,234,9,7424.5730368679015,True
clear_probe,234,16,7862.5730368679015,True
clear_probe,235,1,5.0,False
clear_probe,235,8,47.0,True
clear_probe,235,17,101.0,False
clear_probe,235,18,107.0,False
clear_probe,235,2,278.0,False
clear_probe,235,5,296.0,False
clear_probe,235,12,338.0,True
clear_probe,235,19,941.707786719414,True
clear_probe,235,15,1933.7730167747445,True
clear_probe,235,3,4049.3566134868215,True
clear_probe,235,16,4838.262373698225,True
clear_probe,235,20,7251.917310457113,True
clear_probe,236,5,29.0,True
clear_probe,236,7,41.0,False
clear_probe,236,13,77.0,False
clear_probe,236,18,107.0,False
clear_probe,236,12,338.0,True
clear_probe,236,14,350.0,False
clear_probe,236,11,604.6503776314371,False
clear_probe,236,15,622.6503776314371,False
clear_probe,236,17,1156.650377631437,True
clear_probe,236,19,1168.650377631437,True
clear_probe,236,10,2590.7480838223955,True
clear_probe,236,16,3333.8509002093506,True
clear_probe,236,3,4373.118888688314,True
clear_probe,236,9,5955.909712911939,True
clear_probe,236,20,6923.740246292662,False
clear_probe,237,1,5.0,False
clear_probe,237,4,23.0,False
clear_probe,237,11,65.0,True
clear_probe,237,12,71.0,True
clear_probe,237,14,83.0,False
clear_probe,237,2,278.0,True
clear_probe,237,3,284.0,False
clear_probe,237,13,556.2894884002685,False
clear_probe,237,7,2058.0175366398935,True
clear_probe,237,8,2319.0175366398935,False
clear_probe,237,15,4094.923763027512,True
clear_probe,237,16,4100.923763027512,False
clear_probe,237,6,4661.76484594587,True
clear_probe,237,9,5346.309775621426,True
clear_probe,238,2,11.0,True
clear_probe,238,8,47.0,False
clear_probe,238,14,83.0,False
clear_probe,238,15,89.0,True
clear_probe,238,17,101.0,True
clear_probe,238,1,1828.7091639277307,False
clear_probe,238,9,1876.7091639277307,False
clear_probe,238,20,1936.7091639277307,False
clear_probe,238,13,2167.4731518834897,True
clear_probe,238,16,2912.123754125239,True
clear_probe,238,6,3082.5145463952736,False
clear_probe,238,3,4368.783341527715,True
clear_probe,238,18,4653.783341527715,True
clear_probe,238,11,5067.783341527715,False
clear_probe,238,19,5316.783341527715,False
clear_probe,238,12,7092.113383654966,True
clear_probe,239,1,5.0,False
clear_probe,239,6,35.0,False
clear_probe,239,15,89.0,False
clear_probe,239,19,113.0,False
clear_probe,239,4,290.0,True
clear_probe,239,18,1442.0,True
clear_probe,239,20,1454.0,True
clear_probe,239,5,3906.5911203314363,True
clear_probe,239,14,5210.476202356067,False
clear_probe,239,7,5411.476202356067,True
clear_probe,240,1,5.0,False
clear_probe,240,2,11.0,True
clear_probe,240,3,17.0,False
clear_probe,240,9,53.0,True
clear_probe,240,10,59.0,True
clear_probe,240,15,89.0,True
clear_probe,240,20,119.0,False
clear_probe,240,8,314.0,False
clear_probe,240,12,338.0,True
clear_probe,240,11,599.0,True
clear_probe,240,5,1332.307972988303,True
clear_probe,240,6,1575.307972988303,True
clear_probe,240,13,3382.8114903706282,True
clear_probe,240,17,5046.989119794133,True
clear_probe,240,18,5472.989119794133,True
clear_probe,240,19,5478.989119794133,False
clear_probe,241,2,11.0,True
clear_probe,241,4,23.0,False
clear_probe,241,6,35.0,True
clear_probe,241,10,59.0,False
clear_probe,241,12,71.0,False
clear_probe,241,15,89.0,True
clear_probe,241,17,101.0,True
clear_probe,241,18,107.0,False
clear_probe,241,16,362.0,False
clear_probe,241,9,581.0,True
clear_probe,241,11,1518.9980146889632,False
clear_probe,241,8,3986.672475933584,True
clear_probe,241,5,4856.672475933584,False
clear_probe,241,3,5063.672475933584,True
clear_probe,241,14,7799.924479483526,True
clear_probe,242,4,23.0,True
clear_probe,242,16,95.0,False
clear_probe,242,19,113.0,False
clear_probe,242,20,119.0,True
clear_probe,242,9,320.0,False
clear_probe,242,7,584.9593326059984,False
clear_probe,242,6,1100.9593326059983,True
clear_probe,242,11,3450.052196690735,False
clear_probe,242,17,3486.052196690735,False
clear_probe,242,5,4420.106871494702,False
clear_probe,242,1,5514.672132847191,False
clear_probe,242,14,6042.672132847191,False
clear_probe,243,2,11.0,True
clear_probe,243,4,23.0,False
clear_probe,243,13,77.0,False
clear_probe,243,6,302.0,True
clear_probe,243,11,332.0,True
clear_probe,243,18,643.6800299664471,False
clear_probe,243,16,1147.6800299664471,True
clear_probe,243,5,2107.6800299664474,True
clear_probe,243,1,3525.7772048282895,False
clear_probe,243,10,3561.7772048282895,True
clear_probe,243,14,3822.7772048282895,False
clear_probe,243,15,3828.7772048282895,False
clear_probe,243,17,4077.7772048282895,True
clear_probe,243,3,8454.408262543746,True
clear_probe,244,3,17.0,False
clear_probe,244,5,29.0,False
clear_probe,244,7,41.0,True
clear_probe,244,12,71.0,False
clear_probe,244,15,89.0,False
clear_probe,244,17,101.0,True
clear_probe,244,4,290.0,True
clear_probe,244,6,302.0,False
clear_probe,244,13,344.0,True
clear_probe,244,8,843.5112756072255,False
clear_probe,244,2,1062.5112756072253,True
clear_probe,244,19,1146.5112756072253,True
clear_probe,244,18,2575.070844547985,False
clear_probe,244,14,2766.3724860254138,True
clear_probe,244,16,4301.1553221043405,True
clear_probe,244,11,8062.396192759226,True
clear_probe,245,12,71.0,False
clear_probe,245,19,113.0,False
clear_probe,245,1,272.0,True
clear_probe,245,3,284.0,False
clear_probe,245,10,326.0,False
clear_probe,245,11,332.0,False
clear_probe,245,16,629.0,True
clear_probe,245,8,862.037397632599,True
clear_probe,245,15,898.037397632599,True
clear_probe,245,20,2211.8200670455785,True
clear_probe,245,13,7723.584158079114,True
clear_probe,246,17,368.0,False
clear_probe,246,16,1163.0,False
clear_probe,246,15,1424.0,True
clear_probe,246,6,2818.7465790681654,True
clear_probe,246,9,4499.046170008263,True
clear_probe,246,12,5015.046170008263,True
clear_probe,246,3,5216.046170008263,True
clear_probe,246,13,5993.046170008263,False
clear_probe,246,20,6497.046170008263,True
clear_probe,246,10,7321.035185516508,True
clear_probe,247,4,23.0,True
clear_probe,247,5,29.0,False
clear_probe,247,7,41.0,False
clear_probe,247,3,284.0,False
clear_probe,247,10,326.0,True
clear_probe,247,11,332.0,False
clear_probe,247,13,611.0,True
clear_probe,247,12,1205.5508229690138,False
clear_probe,247,19,1508.5508229690138,False
clear_probe,247,1,1995.0414742420735,False
clear_probe,247,16,5296.014077264451,True
clear_probe,247,2,5692.014077264451,False
clear_probe,247,6,6281.755185460937,True
clear_probe,248,12,71.0,False
clear_probe,248,14,83.0,False
clear_probe,248,2,278.0,True
clear_probe,248,6,302.0,True
clear_probe,248,7,308.0,False
clear_probe,248,16,896.0,True
clear_probe,248,19,914.0,True
clear_probe,248,15,1157.0,True
clear_probe,248,11,1740.0053816005648,False
clear_probe,248,5,2670.0053816005648,True
clear_probe,248,18,2981.4989925588175,True
clear_probe,248,8,3296.316348315151,True
clear_probe,248,20,4111.276073002936,True
clear_probe,248,4,4316.731697073977,True
clear_probe,248,17,4673.343165786601,True
clear_probe,248,10,5501.343165786601,False
clear_probe,249,1,5.0,True
clear_probe,249,9,53.0,True
clear_probe,249,19,113.0,True
clear_probe,249,13,344.0,False
clear_probe,249,15,356.0,True
clear_probe,249,6,1057.580378555212,True
clear_probe,249,2,3046.966750826711,True
clear_probe,249,20,3142.966750826711,True
clear_probe,249,17,4013.5561013486904,True
clear_probe,249,7,5253.2599716758705,True
clear_probe,249,14,5289.2599716758705,True
clear_probe,249,16,6721.314918669136,False
clear_probe,250,11,65.0,False
clear_probe,250,17,101.0,False
clear_probe,250,18,107.0,False
clear_probe,250,19,113.0,False
clear_probe,250,3,284.0,True
clear_probe,250,5,296.0,False
clear_probe,250,13,344.0,False
clear_probe,250,8,586.0306221667543,True
clear_probe,250,2,2601.747174349115,True
clear_probe,250,4,4203.46409029647,True
clear_probe,250,7,4458.46409029647,False
clear_probe,250,9,5632.240344307112,True
clear_probe,250,6,5805.53591931126,True
clear_probe,251,5,29.0,False
clear_probe,251,11,65.0,False
clear_probe,251,16,95.0,False
clear_probe,251,17,101.0,True
clear_probe,251,12,338.0,False
clear_probe,251,13,344.0,False
clear_probe,251,15,356.0,False
clear_probe,251,7,575.0,True
clear_probe,251,8,2414.0061769939557,True
clear_probe,251,2,3976.3453635158794,True
clear_probe,251,4,4238.610806439938,True
clear_probe,251,19,4286.610806439938,True
clear_probe,251,14,6826.662512628667,True
clear_probe,252,5,29.0,True
clear_probe,252,6,35.0,False
clear_probe,252,7,41.0,False
clear_probe,252,10,59.0,True
clear_probe,252,13,77.0,True
clear_probe,252,15,89.0,False
clear_probe,252,2,278.0,False
clear_probe,252,17,3411.4578825007266,True
clear_probe,252,1,4553.842237306477,False
clear_probe,252,14,4601.842237306477,True
clear_probe,252,4,4778.587131306564,True
clear_probe,252,8,4790.587131306564,False
clear_probe,252,20,4844.587131306564,True
clear_probe,252,11,5670.635512204454,True
clear_probe,252,18,6108.635512204454,False
clear_probe,252,19,6321.635512204454,True
clear_probe,253,15,89.0,False
clear_probe,253,17,101.0,False
clear_probe,253,8,314.0,False
clear_probe,253,13,344.0,True
clear_probe,253,20,386.0,False
clear_probe,253,3,1928.480342782766,False
clear_probe,253,5,1940.480342782766,True
clear_probe,253,9,1958.480342782766,False
clear_probe,253,6,2219.9092502890903,True
clear_probe,253,14,2632.713808162454,True
clear_probe,253,19,4594.290238254556,False
clear_probe,253,18,5463.9352893347195,True
clear_probe,253,16,5884.869958061463,True
clear_probe,253,2,6724.869958061463,False
clear_probe,254,8,47.0,False
clear_probe,254,11,65.0,True
clear_probe,254,6,302.0,False
clear_probe,254,12,338.0,True
clear_probe,254,18,374.0,False
clear_probe,254,7,842.0,True
clear_probe,254,19,1436.0,False
clear_probe,254,17,2603.9112380780475,True
clear_probe,254,1,3266.9112380780475,True
clear_probe,254,14,3581.9112380780475,True
clear_probe,254,9,5845.988681533495,False
clear_probe,254,3,6052.091370142762,True
clear_probe,255,15,89.0,False
clear_probe,255,19,113.0,False
clear_probe,255,9,320.0,False
clear_probe,255,13,344.0,False
clear_probe,255,16,2113.648404414428,False
clear_probe,255,11,2868.087521168367,True
clear_probe,255,12,3360.087521168367,True
clear_probe,255,5,4770.087521168367,True
clear_probe,255,2,5226.087521168367,True
clear_probe,255,20,5747.215400331658,True
clear_probe,256,2,11.0,True
clear_probe,256,4,23.0,False
clear_probe,256,6,35.0,False
clear_probe,256,9,53.0,True
clear_probe,256,10,59.0,False
clear_probe,256,12,71.0,False
clear_probe,256,14,83.0,True
clear_probe,256,3,284.0,False
clear_probe,256,13,344.0,False
clear_probe,256,7,652.7973936125853,False
clear_probe,256,17,4742.163842858641,True
clear_probe,256,8,6059.364137650335,False
clear_probe,256,5,7063.432391856403,True
clear_probe,257,1,5.0,False
clear_probe,257,3,17.0,False
clear_probe,257,12,71.0,False
clear_probe,257,17,101.0,False
clear_probe,257,4,618.2875066883078,False
clear_probe,257,7,636.2875066883078,False
clear_probe,257,14,4568.368268392353,False
clear_probe,257,20,4835.368268392353,True
clear_probe,257,8,5012.368268392353,False
clear_probe,257,9,5018.368268392353,False
clear_probe,257,10,5024.368268392353,False
clear_probe,257,15,6020.543665130669,False
clear_probe,258,5,29.0,True
clear_probe,258,13,77.0,False
clear_probe,258,14,83.0,False
clear_probe,258,16,95.0,True
clear_probe,258,15,356.0,False
clear_probe,258,4,521.5789103922391,False
clear_probe,258,6,2666.9188096847533,False
clear_probe,258,18,2720.9188096847533,True
clear_probe,258,1,3134.9188096847533,True
clear_probe,258,19,3473.9188096847533,False
clear_probe,258,3,4388.9499796832015,False
clear_probe,258,10,4868.9499796832015,True
clear_probe,258,11,4874.9499796832015,True
clear_probe,258,20,5111.9499796832015,True
clear_probe,258,7,6339.6987412825065,True
clear_probe,259,1,5.0,True
clear_probe,259,3,17.0,False
clear_probe,259,8,47.0,True
clear_probe,259,14,83.0,False
clear_probe,259,15,89.0,False
clear_probe,259,9,2124.2515979561426,False
clear_probe,259,18,5027.658154082564,True
clear_probe,259,2,6347.658154082564,True
clear_probe,259,13,7295.658154082564,True
clear_probe,259,16,7526.658154082564,True
clear_probe,260,2,11.0,True
clear_probe,260,10,59.0,True
clear_probe,260,14,83.0,False
clear_probe,260,16,95.0,False
clear_probe,260,17,101.0,False
clear_probe,260,3,284.0,False
clear_probe,260,19,647.0,True
clear_probe,260,5,838.4933282848476,True
clear_probe,260,13,886.4933282848476,False
clear_probe,260,7,1701.4583577477558,False
clear_probe,260,18,7970.953739117153,True
clear_probe,261,7,41.0,True
clear_probe,261,9,53.0,False
clear_probe,261,17,101.0,False
clear_probe,261,19,113.0,False
clear_probe,261,8,314.0,True
clear_probe,261,13,344.0,False
clear_probe,261,2,812.0,True
clear_probe,261,6,1377.032115135535,False
clear_probe,261,12,1649.7136069070807,False
clear_probe,261,4,1869.9005484608047,False
clear_probe,261,5,3389.4096365174587,False
clear_probe,261,1,6480.735149755661,True
clear_probe,261,11,6712.043230192299,True
clear_probe,262,6,35.0,False
clear_probe,262,10,59.0,False
clear_probe,262,11,65.0,True
clear_probe,262,13,77.0,False
clear_probe,262,19,113.0,True
clear_probe,262,1,272.0,True
clear_probe,262,4,290.0,True
clear_probe,262,14,350.0,False
clear_probe,262,12,1139.0,False
clear_probe,262,15,1880.4196042966635,True
clear_probe,262,17,1892.4196042966635,True
clear_probe,262,18,3752.736897209806,True
clear_probe,263,2,11.0,False
clear_probe,263,8,47.0,False
clear_probe,263,10,59.0,True
clear_probe,263,11,65.0,True
clear_probe,263,13,77.0,False
clear_probe,263,14,83.0,False
clear_probe,263,15,89.0,False
clear_probe,263,17,101.0,True
clear_probe,263,18,374.0,True
clear_probe,263,5,938.4724728694674,False
clear_probe,263,6,944.4724728694674,True
clear_probe,263,12,2553.0830745665153,False
clear_probe,263,16,3241.26766013105,True
clear_probe,263,9,4090.2373446489605,True
clear_probe,263,1,5329.436195240194,False
clear_probe,264,5,29.0,True
clear_probe,264,6,35.0,False
clear_probe,264,7,41.0,False
clear_probe,264,12,71.0,False
clear_probe,264,17,101.0,False
clear_probe,264,18,107.0,False
clear_probe,264,20,119.0,True
clear_probe,264,2,278.0,False
clear_probe,264,4,598.080956606078,False
clear_probe,264,10,2403.9904848304736,False
clear_probe,264,11,2677.228785511772,False
clear_probe,264,16,2701.228785511772,False
clear_probe,264,15,2944.228785511772,True
clear_probe,264,1,6855.019977486994,False
clear_probe,265,2,11.0,False
clear_probe,265,12,71.0,False
clear_probe,265,14,83.0,False
clear_probe,265,18,107.0,False
clear_probe,265,19,380.0,False
clear_probe,265,1,539.0,True
clear_probe,265,15,623.0,True
clear_probe,265,4,1625.0,True
clear_probe,265,9,2438.0,True
clear_probe,265,20,2759.0,True
clear_probe,265,11,2972.0,True
clear_probe,265,10,3227.0,True
clear_probe,265,3,4088.4892894323084,True
clear_probe,265,5,4094.4892894323084,False
clear_probe,265,13,4800.244718591059,True
clear_probe,265,16,4806.244718591059,True
clear_probe,266,1,5.0,True
clear_probe,266,7,41.0,True
clear_probe,266,15,89.0,False
clear_probe,266,18,107.0,False
clear_probe,266,2,278.0,False
clear_probe,266,17,368.0,False
clear_probe,266,13,2998.9506775392615,False
clear_probe,266,10,3598.1707351280024,True
clear_probe,266,12,7660.212630156813,True
clear_probe,266,4,7849.212630156813,True
clear_probe,267,10,59.0,True
clear_probe,267,18,107.0,False
clear_probe,267,16,362.0,False
clear_probe,267,1,539.0,True
clear_probe,267,11,1937.637256259622,True
clear_probe,267,15,1961.637256259622,True
clear_probe,267,20,1979.637256259622,True
clear_probe,267,8,2939.637256259622,False
clear_probe,267,9,5222.127876753473,False
clear_probe,267,17,5762.127876753473,False
clear_probe,267,4,6205.939760034341,False
clear_probe,268,4,23.0,False
clear_probe,268,5,29.0,True
clear_probe,268,6,35.0,False
clear_probe,268,7,41.0,True
clear_probe,268,10,59.0,False
clear_probe,268,11,65.0,False
clear_probe,268,12,71.0,True
clear_probe,268,14,83.0,False
clear_probe,268,16,95.0,True
clear_probe,268,18,107.0,True
clear_probe,268,20,119.0,False
clear_probe,268,15,889.1316229011325,True
clear_probe,268,2,2465.203047209241,True
clear_probe,268,1,3887.7882638104597,False
clear_probe,268,3,4124.518612669527,True
clear_probe,268,17,4160.518612669527,True
clear_probe,269,3,17.0,False
clear_probe,269,5,29.0,False
clear_probe,269,7,41.0,True
clear_probe,269,9,53.0,False
clear_probe,269,16,95.0,False
clear_probe,269,19,113.0,False
clear_probe,269,11,3002.0,True
clear_probe,269,1,4306.2184115677765,True
clear_probe,269,2,5024.782785332627,True
clear_probe,269,10,5060.782785332627,True
clear_probe,270,3,17.0,False
clear_probe,270,5,29.0,False
clear_probe,270,7,41.0,True
clear_probe,270,8,47.0,False
clear_probe,270,9,53.0,True
clear_probe,270,11,65.0,False
clear_probe,270,1,272.0,True
clear_probe,270,12,338.0,True
clear_probe,270,15,356.0,False
clear_probe,270,16,362.0,False
clear_probe,270,18,374.0,False
clear_probe,270,14,895.6967444194671,True
clear_probe,270,10,2698.7760329366656,False
clear_probe,270,17,3382.7594310664085,False
clear_probe,270,20,5359.406968213299,True
clear_probe,270,6,6097.406968213299,False
clear_probe,271,2,11.0,False
clear_probe,271,11,65.0,False
clear_probe,271,13,77.0,False
clear_probe,271,14,83.0,False
clear_probe,271,19,113.0,False
clear_probe,271,20,119.0,False
clear_probe,271,10,326.0,True
clear_probe,271,17,368.0,False
clear_probe,271,15,735.1855101841918,False
clear_probe,271,16,741.1855101841918,False
clear_probe,271,12,2059.415101109007,False
clear_probe,271,6,6266.936297695068,True
clear_probe,271,7,6473.936297695068,True
clear_probe,272,3,17.0,False
clear_probe,272,14,83.0,True
clear_probe,272,15,89.0,False
clear_probe,272,19,113.0,False
clear_probe,272,20,119.0,False
clear_probe,272,16,362.0,False
clear_probe,272,9,603.5730953306951,True
clear_probe,272,10,609.5730953306951,True
clear_probe,272,18,1427.130636814316,False
clear_probe,272,5,1610.130636814316,False
clear_probe,272,12,1652.130636814316,False
clear_probe,272,11,1901.1512262480674,True
clear_probe,272,6,2622.4599497314657,True
clear_probe,273,15,89.0,False
clear_probe,273,5,296.0,False
clear_probe,273,19,380.0,True
clear_probe,273,18,1436.0,False
clear_probe,273,2,2649.4499248320026,False
clear_probe,273,12,2703.4499248320026,True
clear_probe,273,9,3965.4028118048795,True
clear_probe,273,10,3971.4028118048795,False
clear_probe,273,8,5331.218301853953,False
clear_probe,273,4,5775.218301853953,True
clear_probe,273,14,5811.218301853953,True
clear_probe,274,2,11.0,True
clear_probe,274,4,23.0,False
clear_probe,274,10,59.0,False
clear_probe,274,11,65.0,False
clear_probe,274,1,272.0,False
clear_probe,274,5,296.0,False
clear_probe,274,12,338.0,True
clear_probe,274,14,350.0,False
clear_probe,274,7,842.0,True
clear_probe,274,18,1223.6796839737287,True
clear_probe,274,15,2454.221061975525,False
clear_probe,275,3,17.0,False
clear_probe,275,4,23.0,False
clear_probe,275,10,59.0,False
clear_probe,275,12,71.0,False
clear_probe,275,19,113.0,False
clear_probe,275,6,302.0,True
clear_probe,275,9,320.0,False
clear_probe,275,11,332.0,True
clear_probe,275,17,368.0,False
clear_probe,275,20,386.0,False
clear_probe,275,13,2180.9252927402413,True
clear_probe,275,7,2393.9252927402413,False
clear_probe,275,16,2945.9252927402413,True
clear_probe,275,5,3377.9252927402413,True
clear_probe,275,14,4168.015314686569,False
clear_probe,275,15,5954.974407828043,True
clear_probe,276,3,17.0,True
clear_probe,276,9,53.0,False
clear_probe,276,13,77.0,False
clear_probe,276,17,101.0,False
clear_probe,276,19,113.0,False
clear_probe,276,20,119.0,True
clear_probe,276,1,811.5845760084467,True
clear_probe,276,7,3492.8361366672634,True
clear_probe,276,8,4323.563705226843,True
clear_probe,276,4,5339.797727397072,True
clear_probe,276,11,5369.797727397072,True
clear_probe,276,5,6425.308071818363,False
clear_probe,277,2,11.0,True
clear_probe,277,6,35.0,False
clear_probe,277,7,41.0,False
clear_probe,277,10,59.0,False
clear_probe,277,14,83.0,True
clear_probe,277,13,1396.3821048283912,True
clear_probe,277,20,3468.704760330445,True
clear_probe,277,8,3843.44290806778,False
clear_probe,277,16,3879.44290806778,False
clear_probe,277,3,6370.490677965347,True
clear_probe,278,8,47.0,False
clear_probe,278,14,83.0,False
clear_probe,278,17,101.0,False
clear_probe,278,19,113.0,True
clear_probe,278,20,386.0,False
clear_probe,278,9,587.0,True
clear_probe,278,15,623.0,True
clear_probe,278,2,1340.0,False
clear_probe,278,5,4204.5998858382245,True
clear_probe,278,6,4957.5998858382245,True
clear_probe,278,16,5011.5998858382245,False
clear_probe,278,4,5444.0685944273055,False
clear_probe,279,6,35.0,False
clear_probe,279,8,47.0,False
clear_probe,279,14,83.0,False
clear_probe,279,17,101.0,False
clear_probe,279,2,278.0,True
clear_probe,279,5,296.0,False
clear_probe,279,16,362.0,False
clear_probe,279,3,829.9131530982747,False
clear_probe,279,10,871.9131530982747,False
clear_probe,279,12,1462.5840596527105,True
clear_probe,279,18,3088.0548386496603,False
clear_probe,279,4,4145.970512219589,False
clear_probe,279,19,6462.017765127209,True
clear_probe,280,1,5.0,True
clear_probe,280,4,23.0,False
clear_probe,280,9,53.0,True
clear_probe,280,3,284.0,True
clear_probe,280,12,338.0,False
clear_probe,280,11,866.0,True
clear_probe,280,15,1424.0,False
clear_probe,280,20,2151.041242803556,True
clear_probe,280,13,2370.041242803556,False
clear_probe,280,14,3640.1591434529405,False
clear_probe,280,18,4161.159181273709,True
clear_probe,280,8,4394.571290099517,False
clear_probe,281,4,23.0,False
clear_probe,281,13,77.0,False
clear_probe,281,19,113.0,True
clear_probe,281,10,1127.0,False
clear_probe,281,1,1340.0,False
clear_probe,281,17,1703.0,True
clear_probe,281,16,2303.2560249671305,True
clear_probe,281,18,2564.2560249671305,True
clear_probe,281,9,4522.333917646098,False
clear_probe,281,15,4552.333917646098,True
clear_probe,282,4,23.0,False
clear_probe,282,5,29.0,True
clear_probe,282,8,47.0,False
clear_probe,282,12,71.0,True
clear_probe,282,13,77.0,True
clear_probe,282,2,278.0,False
clear_probe,282,11,332.0,True
clear_probe,282,17,368.0,True
clear_probe,282,20,726.4047229538901,True
clear_probe,282,6,915.756237882971,True
clear_probe,282,9,1398.2771386012591,False
clear_probe,282,16,2150.060026544469,False
clear_probe,282,19,2944.671495257094,False
clear_probe,282,10,4904.2348854192,True
clear_probe,282,1,5513.2348854192,True
clear_probe,283,3,17.0,False
clear_probe,283,14,83.0,True
clear_probe,283,20,119.0,False
clear_probe,283,10,326.0,False
clear_probe,283,4,557.0,True
clear_probe,283,5,2681.5623278110124,True
clear_probe,283,9,3197.799009559663,True
clear_probe,283,1,3683.985184285918,False
clear_probe,283,11,3731.985184285918,False
clear_probe,283,12,3737.985184285918,True
clear_probe,283,13,3743.985184285918,False
clear_probe,283,17,3767.985184285918,False
clear_probe,283,7,5114.210024778284,False
clear_probe,283,15,6579.0980549785045,True
clear_probe,283,16,6585.0980549785045,False
clear_probe,284,4,23.0,False
clear_probe,284,9,53.0,False
clear_probe,284,20,119.0,False
clear_probe,284,8,314.0,False
clear_probe,284,13,344.0,False
clear_probe,284,15,1195.5870202110207,True
clear_probe,284,3,2306.7645084503856,True
clear_probe,284,10,3892.137859579679,False
clear_probe,284,12,3904.137859579679,False
clear_probe,284,14,5730.591634584618,False
clear_probe,285,3,17.0,False
clear_probe,285,10,59.0,True
clear_probe,285,15,89.0,True
clear_probe,285,6,302.0,False
clear_probe,285,8,314.0,True
clear_probe,285,9,320.0,True
clear_probe,285,17,1169.0,False
clear_probe,285,19,1969.1500013894813,True
clear_probe,285,1,3148.150001389481,False
clear_probe,285,20,3760.150001389481,True
clear_probe,285,16,4253.929632794254,True
clear_probe,285,18,4259.929632794254,False
clear_probe,285,7,6167.929632794254,True
clear_probe,285,13,6203.929632794254,True
clear_probe,286,6,35.0,False
clear_probe,286,10,59.0,False
clear_probe,286,17,101.0,True
clear_probe,286,18,107.0,False
clear_probe,286,11,332.0,False
clear_probe,286,20,386.0,True
clear_probe,286,15,623.0,True
clear_probe,286,3,2356.0706555631314,True
clear_probe,286,9,2392.0706555631314,False
clear_probe,286,7,2622.775795162862,False
clear_probe,286,19,2670.775795162862,True
clear_probe,286,14,3374.44367452539,True
clear_probe,286,13,5800.237908121442,True
clear_probe,287,1,5.0,True
clear_probe,287,3,17.0,False
clear_probe,287,6,35.0,False
clear_probe,287,7,41.0,False
clear_probe,287,9,53.0,False
clear_probe,287,14,83.0,False
clear_probe,287,17,101.0,False
clear_probe,287,4,290.0,False
clear_probe,287,11,332.0,False
clear_probe,287,12,338.0,True
clear_probe,287,20,386.0,True
clear_probe,287,10,593.0,True
clear_probe,287,16,3267.571811911789,False
clear_probe,287,18,3279.571811911789,True
clear_probe,288,2,11.0,True
clear_probe,288,4,23.0,False
clear_probe,288,7,41.0,True
clear_probe,288,8,47.0,False
clear_probe,288,9,53.0,False
clear_probe,288,11,65.0,False
clear_probe,288,20,119.0,False
clear_probe,288,1,272.0,False
clear_probe,288,3,577.4912408828502,True
clear_probe,288,16,1221.1216511296043,True
clear_probe,288,19,1488.1216511296043,True
clear_probe,288,12,1695.1216511296043,True
clear_probe,288,18,2831.3115613722503,True
clear_probe,288,10,3026.3115613722503,False
clear_probe,288,14,4402.01563397674,True
clear_probe,288,17,4816.01563397674,True
clear_probe,289,7,41.0,True
clear_probe,289,9,53.0,False
clear_probe,289,15,89.0,True
clear_probe,289,16,95.0,True
clear_probe,289,20,119.0,True
clear_probe,289,4,290.0,False
clear_probe,289,8,314.0,True
clear_probe,289,10,326.0,False
clear_probe,289,14,1932.2311138536566,True
clear_probe,289,17,1944.2311138536566,False
clear_probe,289,6,3353.708153485069,True
clear_probe,289,3,4006.1501353713033,False
clear_probe,289,12,4254.178787533792,True
clear_probe,289,11,5095.6455434586005,False
clear_probe,289,1,5778.416025739062,True
clear_probe,289,13,8384.208519483534,True
clear_probe,290,1,5.0,True
clear_probe,290,2,11.0,False
clear_probe,290,3,17.0,False
clear_probe,290,9,53.0,True
clear_probe,290,11,65.0,True
clear_probe,290,18,107.0,False
clear_probe,290,19,113.0,False
clear_probe,290,5,296.0,True
clear_probe,290,16,362.0,False
clear_probe,290,10,593.0,True
clear_probe,290,15,623.0,True
clear_probe,290,8,4022.3834440035507,True
clear_probe,290,12,4894.921659038262,True
clear_probe,290,7,6531.298540926708,True
clear_probe,291,2,11.0,False
clear_probe,291,3,17.0,True
clear_probe,291,5,29.0,False
clear_probe,291,11,65.0,False
clear_probe,291,12,71.0,False
clear_probe,291,16,95.0,False
clear_probe,291,17,101.0,True
clear_probe,291,19,113.0,False
clear_probe,291,1,272.0,False
clear_probe,291,4,290.0,False
clear_probe,291,14,1400.3236911195545,True
clear_probe,291,6,2033.3236911195545,True
clear_probe,291,10,2057.3236911195545,False
clear_probe,291,20,2674.8977743098358,True
clear_probe,291,13,3064.8977743098358,True
clear_probe,292,6,35.0,False
clear_probe,292,7,41.0,False
clear_probe,292,15,89.0,False
clear_probe,292,17,101.0,False
clear_probe,292,18,107.0,False
clear_probe,292,19,113.0,True
clear_probe,292,1,272.0,False
clear_probe,292,10,593.0,False
clear_probe,292,4,1316.0,False
clear_probe,292,11,1601.0,False
clear_probe,292,14,1969.6114687126249,True
clear_probe,292,9,5918.290244809874,True
clear_probe,292,16,6764.290244809874,False
clear_probe,292,8,6908.206666681562,True
clear_probe,292,5,7085.774206297329,False
clear_probe,292,20,7127.774206297329,False
clear_probe,293,2,11.0,False
clear_probe,293,4,23.0,False
clear_probe,293,6,35.0,False
clear_probe,293,11,65.0,True
clear_probe,293,15,89.0,True
clear_probe,293,16,95.0,False
clear_probe,293,17,101.0,True
clear_probe,293,20,119.0,False
clear_probe,293,18,374.0,True
clear_probe,293,8,1382.0,True
clear_probe,293,10,5414.770446239974,False
clear_probe,293,14,6644.883854740656,True
clear_probe,293,19,7757.883854740656,True
clear_probe,294,2,11.0,False
clear_probe,294,8,47.0,False
clear_probe,294,16,95.0,False
clear_probe,294,19,113.0,False
clear_probe,294,7,838.2256765383615,True
clear_probe,294,18,898.2256765383615,False
clear_probe,294,10,1127.0745008511378,True
clear_probe,294,3,1346.0745008511378,True
clear_probe,294,14,2004.5373019205608,True
clear_probe,294,12,5652.382902596459,False
clear_probe,294,15,6723.382902596459,False
clear_probe,295,1,5.0,False
clear_probe,295,12,71.0,False
clear_probe,295,13,77.0,False
clear_probe,295,16,95.0,True
clear_probe,295,14,350.0,False
clear_probe,295,15,356.0,False
clear_probe,295,19,380.0,True
clear_probe,295,11,605.1418773054955,False
clear_probe,295,17,635.1418773054955,True
clear_probe,295,4,2240.3133231800593,True
clear_probe,295,3,2471.3133231800593,False
clear_probe,295,5,2483.3133231800593,True
clear_probe,295,9,2804.2069371978687,False
clear_probe,295,20,2840.2069371978687,True
clear_probe,295,10,4771.7195911704375,True
clear_probe,295,18,5706.31724007098,False
clear_probe,296,12,71.0,False
clear_probe,296,1,272.0,False
clear_probe,296,17,368.0,False
clear_probe,296,3,1873.0167539282168,True
clear_probe,296,15,2455.0167539282165,False
clear_probe,296,18,2467.0167539282165,True
clear_probe,296,5,3160.0167539282165,True
clear_probe,296,2,4607.930905161864,True
clear_probe,296,9,6026.607919928175,False
clear_probe,296,14,6050.607919928175,True
clear_probe,297,2,11.0,False
clear_probe,297,5,29.0,True
clear_probe,297,14,83.0,False
clear_probe,297,17,101.0,True
clear_probe,297,18,107.0,False
clear_probe,297,4,290.0,True
clear_probe,297,3,551.0,True
clear_probe,297,11,599.0,True
clear_probe,297,12,1604.960736105467,True
clear_probe,297,7,2529.8498302503554,True
clear_probe,297,8,2535.8498302503554,False
clear_probe,297,13,2565.8498302503554,True
clear_probe,297,1,2748.8498302503554,True
clear_probe,297,10,6714.274552445523,True
clear_probe,298,8,47.0,False
clear_probe,298,10,59.0,False
clear_probe,298,11,65.0,False
clear_probe,298,12,71.0,True
clear_probe,298,18,374.0,True
clear_probe,298,6,569.0,True
clear_probe,298,17,635.0,False
clear_probe,298,13,2668.9992711853356,False
clear_probe,298,14,6991.243263989664,False
clear_probe,298,20,7015.243263989664,False
clear_probe,298,15,7897.243263989664,True
clear_probe,299,7,41.0,True
clear_probe,299,9,53.0,True
clear_probe,299,10,59.0,False
clear_probe,299,11,65.0,False
clear_probe,299,12,71.0,False
clear_probe,299,14,83.0,True
clear_probe,299,19,113.0,True
clear_probe,299,16,362.0,True
clear_probe,299,1,550.195185870641,True
clear_probe,299,18,652.195185870641,True
clear_probe,299,15,1855.195185870641,True
clear_probe,299,6,4922.321011774058,True
clear_probe,300,2,11.0,False
clear_probe,300,4,23.0,False
clear_probe,300,10,59.0,True
clear_probe,300,12,71.0,False
clear_probe,300,14,83.0,False
clear_probe,300,16,95.0,True
clear_probe,300,7,308.0,True
clear_probe,300,20,386.0,False
clear_probe,300,17,635.0,True
clear_probe,300,19,647.0,True
clear_probe,300,9,1121.0,True
clear_probe,300,1,3947.2624033352567,True
clear_probe,300,11,4001.2624033352567,True
clear_probe,300,3,4658.262403335257,False
clear_probe,301,2,11.0,True
clear_probe,301,3,17.0,False
clear_probe,301,8,47.0,True
clear_probe,301,16,95.0,False
clear_probe,301,9,320.0,False
clear_probe,301,18,2442.0016383859966,True
clear_probe,301,5,4366.749502506016,False
clear_probe,301,15,4414.749502506016,False
clear_probe,301,4,4591.749502506016,False
clear_probe,301,13,4633.749502506016,True
clear_probe,301,20,5068.64468574908,True
clear_probe,301,19,5986.64468574908,True
clear_probe,301,17,7235.186889571434,False
clear_probe,302,10,59.0,False
clear_probe,302,17,101.0,True
clear_probe,302,20,119.0,False
clear_probe,302,7,308.0,False
clear_probe,302,9,587.0,True
clear_probe,302,14,2058.614722343119,False
clear_probe,302,4,2787.614722343119,False
clear_probe,302,12,3351.614722343119,True
clear_probe,302,13,5053.942402175291,True
clear_probe,302,18,5071.942402175291,False
clear_probe,302,6,5491.326885322115,True
clear_probe,302,16,5533.326885322115,False
clear_probe,302,1,5944.034177134492,False
clear_probe,302,19,7254.789407884174,True
clear_probe,303,7,41.0,True
clear_probe,303,8,47.0,False
clear_probe,303,9,53.0,False
clear_probe,303,18,107.0,False
clear_probe,303,13,344.0,False
clear_probe,303,20,386.0,True
clear_probe,303,3,3040.3231975544522,False
clear_probe,303,19,5553.261489726083,False
clear_probe,303,2,5949.261489726083,False
clear_probe,303,10,6451.030980416773,True
clear_probe,304,2,11.0,False
clear_probe,304,4,23.0,True
clear_probe,304,11,65.0,True
clear_probe,304,13,77.0,False
clear_probe,304,14,83.0,True
clear_probe,304,15,89.0,True
clear_probe,304,17,101.0,False
clear_probe,304,12,620.2076553369689,False
clear_probe,304,5,1273.7113094118124,True
clear_probe,304,18,4515.942698224177,True
clear_probe,304,7,5373.942698224177,False
clear_probe,305,6,35.0,False
clear_probe,305,18,107.0,False
clear_probe,305,15,623.0,True
clear_probe,305,12,872.0,True
clear_probe,305,20,1476.0833411643885,False
clear_probe,305,13,3016.4957209275094,True
clear_probe,305,11,3265.4957209275094,True
clear_probe,305,17,3550.4957209275094,True
clear_probe,305,19,3562.4957209275094,True
clear_probe,305,3,3727.4957209275094,True
clear_probe,305,10,7512.507951356989,True
clear_probe,306,11,65.0,False
clear_probe,306,12,71.0,True
clear_probe,306,14,83.0,True
clear_probe,306,9,320.0,False
clear_probe,306,7,1928.6354797209508,True
clear_probe,306,17,2504.6354797209506,False
clear_probe,306,1,3238.7749955808295,False
clear_probe,306,15,3316.7749955808295,True
clear_probe,306,18,4093.7749955808295,True
clear_probe,306,13,5014.211597918856,False
clear_probe,306,10,6002.531971623052,True
clear_probe,306,19,6026.531971623052,False
clear_probe,306,20,6032.531971623052,True
clear_probe,307,1,5.0,False
clear_probe,307,4,23.0,False
clear_probe,307,15,89.0,False
clear_probe,307,16,95.0,False
clear_probe,307,19,113.0,False
clear_probe,307,20,119.0,False
clear_probe,307,17,368.0,False
clear_probe,307,2,2935.109710252625,True
clear_probe,307,7,2965.109710252625,False
clear_probe,307,9,2977.109710252625,True
clear_probe,307,11,3313.211726674197,True
clear_probe,307,6,4144.436972345405,False
clear_probe,307,8,4150.436972345405,False
clear_probe,307,5,5117.9942066898275,False
clear_probe,307,10,5932.4299171382445,True
clear_probe,308,3,17.0,False
clear_probe,308,9,53.0,False
clear_probe,308,10,59.0,False
clear_probe,308,13,77.0,False
clear_probe,308,14,83.0,False
clear_probe,308,18,107.0,True
clear_probe,308,12,1139.0,True
clear_probe,308,17,1169.0,True
clear_probe,308,7,1970.647908011631,True
clear_probe,308,5,2642.8818854187643,False
clear_probe,308,20,2720.8818854187643,True
clear_probe,309,1,5.0,False
clear_probe,309,7,41.0,True
clear_probe,309,10,59.0,False
clear_probe,309,13,77.0,False
clear_probe,309,16,95.0,False
clear_probe,309,4,290.0,False
clear_probe,309,5,296.0,False
clear_probe,309,12,338.0,False
clear_probe,309,15,4521.358729409757,True
clear_probe,309,8,6525.9109179811385,True
clear_probe,310,7,41.0,False
clear_probe,310,9,53.0,False
clear_probe,310,10,59.0,False
clear_probe,310,17,101.0,False
clear_probe,310,19,113.0,False
clear_probe,310,6,302.0,False
clear_probe,310,8,314.0,True
clear_probe,310,14,350.0,True
clear_probe,310,18,374.0,True
clear_probe,310,4,557.0,False
clear_probe,310,16,1157.0,True
clear_probe,310,2,2387.4471315036326,True
clear_probe,310,12,5861.39911240316,False
clear_probe,310,3,7238.910631640327,True
clear_probe,311,9,53.0,True
clear_probe,311,12,71.0,False
clear_probe,311,15,89.0,False
clear_probe,311,16,95.0,False
clear_probe,311,17,101.0,False
clear_probe,311,19,113.0,False
clear_probe,311,1,272.0,True
clear_probe,311,6,302.0,True
clear_probe,311,14,350.0,False
clear_probe,311,3,608.2792357506542,False
clear_probe,311,4,614.2792357506542,False
clear_probe,311,5,620.2792357506542,False
clear_probe,311,18,2443.8284582683177,True
clear_probe,311,7,3291.6329375027517,False
clear_probe,311,20,3896.17701112297,True
clear_probe,311,10,4064.528491011037,False
clear_probe,312,1,5.0,True
clear_probe,312,2,11.0,False
clear_probe,312,4,23.0,False
clear_probe,312,5,29.0,False
clear_probe,312,10,59.0,True
clear_probe,312,13,77.0,True
clear_probe,312,17,101.0,False
clear_probe,312,18,107.0,False
clear_probe,312,8,660.4375697375486,True
clear_probe,312,11,678.4375697375486,False
clear_probe,312,16,2166.4375697375485,False
clear_probe,312,6,3324.554847289869,False
clear_probe,312,15,3846.554847289869,False
clear_probe,312,20,4357.05498472798,True
clear_probe,312,19,6150.404556587719,True
clear_probe,313,4,23.0,False
clear_probe,313,7,41.0,True
clear_probe,313,14,83.0,False
clear_probe,313,15,89.0,False
clear_probe,313,12,338.0,True
clear_probe,313,16,362.0,False
clear_probe,313,20,386.0,True
clear_probe,313,1,855.5610603003399,False
clear_probe,313,13,1176.56106030034,True
clear_probe,313,6,2391.178082131408,False
clear_probe,313,3,3351.178082131408,True
clear_probe,313,8,3606.178082131408,False
clear_probe,313,19,3654.178082131408,True
clear_probe,313,17,5574.619988138095,True
clear_probe,314,6,35.0,False
clear_probe,314,15,89.0,True
clear_probe,314,19,113.0,False
clear_probe,314,1,272.0,False
clear_probe,314,9,320.0,False
clear_probe,314,10,326.0,False
clear_probe,314,8,581.0,True
clear_probe,314,4,1358.0,True
clear_probe,314,7,1898.0,False
clear_probe,314,14,1940.0,True
clear_probe,314,20,4415.478871350575,True
clear_probe,315,12,71.0,True
clear_probe,315,15,89.0,False
clear_probe,315,17,101.0,False
clear_probe,315,13,344.0,True
clear_probe,315,14,350.0,True
clear_probe,315,3,563.073245864888,True
clear_probe,315,20,2235.961069233378,True
clear_probe,315,2,2880.961069233378,False
clear_probe,315,1,3130.203922373375,True
clear_probe,315,11,3190.203922373375,False
clear_probe,315,18,3451.203922373375,True
clear_probe,315,16,3795.815391086,True
clear_probe,315,5,6849.338087735941,True
clear_probe,316,1,5.0,False
clear_probe,316,8,47.0,False
clear_probe,316,9,53.0,True
clear_probe,316,11,65.0,False
clear_probe,316,13,77.0,False
clear_probe,316,20,119.0,False
clear_probe,316,17,368.0,True
clear_probe,316,18,374.0,False
clear_probe,316,15,4212.723742510996,False
clear_probe,316,16,4437.723742510996,False
clear_probe,317,1,5.0,False
clear_probe,317,6,35.0,False
clear_probe,317,8,47.0,True
clear_probe,317,19,113.0,False
clear_probe,317,7,308.0,False
clear_probe,317,12,2980.70770586894,False
clear_probe,317,9,3745.70770586894,True
clear_probe,317,10,4025.4774277768806,False
clear_probe,317,20,4079.4774277768806,True
clear_probe,317,13,4656.752799080069,False
clear_probe,317,16,4674.752799080069,False
clear_probe,317,5,5799.752799080069,True
clear_probe,317,14,5823.752799080069,False
clear_probe,318,4,23.0,False
clear_probe,318,6,35.0,False
clear_probe,318,7,41.0,False
clear_probe,318,11,65.0,True
clear_probe,318,13,77.0,False
clear_probe,318,16,362.0,True
clear_probe,318,19,380.0,True
clear_probe,318,5,563.0,True
clear_probe,318,18,1442.0,False
clear_probe,318,15,1685.0,False
clear_probe,318,17,2990.1975071363067,True
clear_probe,318,10,3511.686592015639,True
clear_probe,318,14,3535.686592015639,True
clear_probe,318,2,4942.545220993989,False
clear_probe,318,8,5611.545220993989,False
clear_probe,319,12,71.0,False
clear_probe,319,13,77.0,True
clear_probe,319,17,101.0,False
clear_probe,319,19,113.0,False
clear_probe,319,18,374.0,True
clear_probe,319,3,648.5960724505406,False
clear_probe,319,2,2454.6929138560545,False
clear_probe,319,5,2472.6929138560545,True
clear_probe,319,7,2484.6929138560545,True
clear_probe,319,6,5212.836964771278,False
clear_probe,319,20,6529.250258217876,True
clear_probe,320,2,11.0,False
clear_probe,320,8,47.0,False
clear_probe,320,11,65.0,False
clear_probe,320,7,308.0,True
clear_probe,320,16,362.0,False
clear_probe,320,9,1388.0,True
clear_probe,320,17,1436.0,True
clear_probe,320,5,1631.0,False
clear_probe,320,6,3812.7850381307453,False
clear_probe,320,3,4534.958042016418,True
clear_probe,320,4,5251.958042016418,False
clear_probe,320,12,5755.958042016418,True
clear_probe,320,15,5773.958042016418,False
clear_probe,321,4,23.0,True
clear_probe,321,12,71.0,True
clear_probe,321,13,77.0,False
clear_probe,321,16,95.0,False
clear_probe,321,10,1880.480836699569,True
clear_probe,321,17,2426.480836699569,True
clear_probe,321,8,2983.910054217791,True
clear_probe,321,7,6163.7612118305005,True
clear_probe,321,18,6205.7612118305005,False
clear_probe,321,11,6412.7612118305005,True
clear_probe,321,15,7957.251256016983,True
clear_probe,321,5,8791.560932760573,True
clear_probe,322,10,59.0,False
clear_probe,322,13,77.0,False
clear_probe,322,18,107.0,False
clear_probe,322,19,113.0,True
clear_probe,322,3,284.0,False
clear_probe,322,14,350.0,True
clear_probe,322,15,356.0,True
clear_probe,322,20,715.2907659618152,True
clear_probe,322,4,2516.356710533505,False
clear_probe,322,9,2546.356710533505,False
clear_probe,322,16,2825.356710533505,False
clear_probe,322,6,3575.2219260026754,False
clear_probe,322,5,3812.2219260026754,True
clear_probe,322,2,4062.714498648038,True
clear_probe,322,7,4805.539278849881,True
clear_probe,322,8,5337.412567825608,False
clear_probe,323,1,5.0,False
clear_probe,323,3,17.0,False
clear_probe,323,7,41.0,True
clear_probe,323,10,59.0,False
clear_probe,323,13,77.0,False
clear_probe,323,14,83.0,False
clear_probe,323,15,89.0,False
clear_probe,323,2,278.0,False
clear_probe,323,6,302.0,True
clear_probe,323,16,362.0,False
clear_probe,323,5,1601.0,True
clear_probe,323,4,1876.251259640385,False
clear_probe,323,12,1924.251259640385,True
clear_probe,323,20,3973.8843226847157,False
clear_probe,323,8,4150.884322684716,True
clear_probe,324,4,23.0,False
clear_probe,324,5,29.0,False
clear_probe,324,14,83.0,False
clear_probe,324,18,107.0,True
clear_probe,324,1,272.0,True
clear_probe,324,9,320.0,False
clear_probe,324,11,599.0,False
clear_probe,324,12,1375.8825543778062,False
clear_probe,324,6,2061.5770276542034,False
clear_probe,324,2,3133.1859444591705,True
clear_probe,324,20,3673.1859444591705,False
clear_probe,324,15,4348.222978035901,True
clear_probe,324,3,5614.222978035901,False
clear_probe,324,16,5656.222978035901,True
clear_probe,325,1,5.0,True
clear_probe,325,4,23.0,False
clear_probe,325,5,29.0,False
clear_probe,325,10,59.0,True
clear_probe,325,14,83.0,True
clear_probe,325,16,95.0,False
clear_probe,325,19,113.0,False
clear_probe,325,7,2679.2272847581344,False
clear_probe,325,6,3198.8942474023047,False
clear_probe,325,13,3240.8942474023047,True
clear_probe,325,2,3429.8942474023047,True
clear_probe,325,3,5230.960117403615,True
clear_probe,325,18,5284.960117403615,False
clear_probe,325,11,7134.477218273769,True
clear_probe,326,18,107.0,False
clear_probe,326,10,326.0,True
clear_probe,326,15,356.0,False
clear_probe,326,16,362.0,True
clear_probe,326,11,1929.803029067766,True
clear_probe,326,13,4217.690344876469,False
clear_probe,326,17,5467.852943536164,True
clear_probe,326,2,5638.852943536164,True
clear_probe,326,5,6142.852943536164,True
clear_probe,326,14,7167.735989260331,False
clear_probe,327,1,5.0,True
clear_probe,327,2,11.0,True
clear_probe,327,6,35.0,True
clear_probe,327,8,47.0,False
clear_probe,327,9,53.0,True
clear_probe,327,10,59.0,False
clear_probe,327,14,83.0,False
clear_probe,327,17,101.0,False
clear_probe,327,3,284.0,False
clear_probe,327,13,344.0,False
clear_probe,327,15,356.0,True
clear_probe,327,20,386.0,True
clear_probe,327,5,2317.3258688081078,True
clear_probe,327,11,2596.3258688081078,True
clear_probe,327,18,4208.152252525471,False
clear_probe,327,4,7324.479095711966,True
clear_probe,328,4,23.0,False
clear_probe,328,5,29.0,False
clear_probe,328,9,53.0,False
clear_probe,328,11,65.0,True
clear_probe,328,14,83.0,False
clear_probe,328,16,95.0,True
clear_probe,328,19,113.0,True
clear_probe,328,8,541.4457122610436,True
clear_probe,328,3,1407.3678788846269,True
clear_probe,328,17,2343.8961233730092,False
clear_probe,328,7,2525.9574367574946,True
clear_probe,328,15,3049.66042065721,False
clear_probe,328,6,3451.66042065721,True
clear_probe,328,13,3700.66042065721,True
clear_probe,328,12,5284.290076976307,True
clear_probe,329,1,5.0,False
clear_probe,329,9,53.0,True
clear_probe,329,10,59.0,True
clear_probe,329,16,95.0,False
clear_probe,329,18,107.0,False
clear_probe,329,20,119.0,True
clear_probe,329,2,278.0,True
clear_probe,329,11,332.0,False
clear_probe,329,5,830.0,True
clear_probe,329,15,2058.0399732912547,True
clear_probe,329,14,2307.152517876799,False
clear_probe,329,17,3672.31680583804,True
clear_probe,329,4,4114.883801551404,True
clear_probe,329,19,5337.8970601374485,False
clear_probe,329,7,7484.92106865669,True
clear_probe,329,8,7490.92106865669,True
clear_probe,330,2,11.0,True
clear_probe,330,6,35.0,False
clear_probe,330,11,65.0,False
clear_probe,330,9,320.0,False
clear_probe,330,8,591.8407138538981,True
clear_probe,330,19,651.8407138538981,False
clear_probe,330,13,2955.9540776518456,False
clear_probe,330,15,3714.9540776518456,True
clear_probe,330,12,4196.107091190772,True
clear_probe,330,4,5132.107091190772,True
clear_probe,330,1,5460.8629704897585,False
clear_probe,330,3,5472.8629704897585,True
clear_probe,330,16,6225.8629704897585,False
clear_probe,330,10,7693.985641777795,True
clear_probe,331,4,23.0,False
clear_probe,331,5,29.0,False
clear_probe,331,6,35.0,False
clear_probe,331,7,41.0,True
clear_probe,331,10,59.0,False
clear_probe,331,11,65.0,False
clear_probe,331,19,113.0,False
clear_probe,331,9,320.0,True
clear_probe,331,8,847.0161060700699,True
clear_probe,331,18,1951.0161060700698,False
clear_probe,331,20,2530.387514766968,False
clear_probe,331,13,3757.1245774038894,False
clear_probe,331,1,4152.152600255035,False
clear_probe,331,17,4992.0302980299575,True
clear_probe,331,16,5832.0302980299575,False
clear_probe,331,14,6059.768343306761,True
clear_probe,332,1,5.0,False
clear_probe,332,9,53.0,True
clear_probe,332,13,77.0,False
clear_probe,332,20,119.0,False
clear_probe,332,12,595.0116574477955,True
clear_probe,332,14,1141.7016217997943,True
clear_probe,332,4,2617.7016217997943,False
clear_probe,332,18,3205.7016217997943,True
clear_probe,332,17,4116.80679665291,True
clear_probe,332,6,5305.085479387028,False
clear_probe,332,15,5584.085479387028,True
clear_probe,333,4,23.0,True
clear_probe,333,5,29.0,True
clear_probe,333,7,41.0,True
clear_probe,333,13,77.0,False
clear_probe,333,19,113.0,False
clear_probe,333,20,119.0,False
clear_probe,333,15,623.0,True
clear_probe,333,9,1655.0,True
clear_probe,333,10,3165.778326915863,True
clear_probe,333,18,3207.778326915863,False
clear_probe,333,3,5248.300667887183,True
clear_probe,333,6,5260.300667887183,False
clear_probe,333,12,5284.300667887183,True
clear_probe,333,14,5510.503427612574,True
clear_probe,334,4,23.0,True
clear_probe,334,5,29.0,True
clear_probe,334,13,77.0,True
clear_probe,334,14,83.0,False
clear_probe,334,17,101.0,True
clear_probe,334,19,113.0,True
clear_probe,334,1,272.0,True
clear_probe,334,20,386.0,False
clear_probe,334,12,3686.961283306985,True
clear_probe,334,6,4768.540328769381,False
clear_probe,334,18,4828.540328769381,False
clear_probe,335,3,17.0,True
clear_probe,335,11,65.0,False
clear_probe,335,14,83.0,False
clear_probe,335,18,107.0,True
clear_probe,335,17,1169.0,False
clear_probe,335,13,1412.0,True
clear_probe,335,1,1874.0,True
clear_probe,335,20,2828.2296891062288,False
clear_probe,335,2,3759.239242378332,True
clear_probe,335,15,5295.239242378332,True
clear_probe,335,19,6834.753903885028,True
clear_probe,336,1,5.0,False
clear_probe,336,6,35.0,False
clear_probe,336,7,41.0,False
clear_probe,336,8,47.0,False
clear_probe,336,14,83.0,False
clear_probe,336,15,89.0,True
clear_probe,336,17,101.0,False
clear_probe,336,5,4148.011146290098,False
clear_probe,336,12,4652.011146290098,True
clear_probe,336,18,5151.076237053607,True
clear_probe,337,5,29.0,True
clear_probe,337,14,83.0,False
clear_probe,337,18,107.0,False
clear_probe,337,6,302.0,False
clear_probe,337,17,368.0,False
clear_probe,337,19,380.0,True
clear_probe,337,13,2705.0,False
clear_probe,337,12,3221.0,True
clear_probe,337,16,3507.818596295665,True
clear_probe,337,8,4811.535683119239,True
clear_probe,337,1,5504.535683119239,True
clear_probe,338,1,5.0,False
clear_probe,338,5,29.0,False
clear_probe,338,7,41.0,True
clear_probe,338,10,59.0,True
clear_probe,338,15,89.0,False
clear_probe,338,12,2489.740225133825,True
clear_probe,338,9,3236.740225133825,False
clear_probe,338,14,3960.8277148586717,True
clear_probe,338,16,4819.23831897229,False
clear_probe,338,20,5138.6401809755125,False
clear_probe,339,1,5.0,False
clear_probe,339,2,11.0,False
clear_probe,339,6,35.0,False
clear_probe,339,8,47.0,True
clear_probe,339,15,89.0,False
clear_probe,339,5,296.0,False
clear_probe,339,19,380.0,False
clear_probe,339,3,1529.88615560354,True
clear_probe,339,9,1553.88615560354,True
clear_probe,339,10,1796.88615560354,True
clear_probe,339,17,4391.132728935332,True
clear_probe,340,3,17.0,False
clear_probe,340,6,35.0,False
clear_probe,340,9,53.0,False
clear_probe,340,19,113.0,False
clear_probe,340,16,629.0,True
clear_probe,340,5,1874.0,True
clear_probe,340,17,1940.0,True
clear_probe,340,11,2426.0,True
clear_probe,340,10,3417.226200437468,True
clear_probe,340,20,4442.419572128481,False
clear_probe,340,4,4844.419572128481,True
clear_probe,340,18,5789.753063011697,True
clear_probe,340,12,6405.257525409836,False
clear_probe,341,2,11.0,False
clear_probe,341,6,35.0,True
clear_probe,341,8,47.0,False
clear_probe,341,14,83.0,True
clear_probe,341,17,101.0,False
clear_probe,341,16,362.0,False
clear_probe,341,19,380.0,False
clear_probe,341,10,593.0,True
clear_probe,341,18,2770.0963940532206,True
clear_probe,341,9,4935.841437398857,True
clear_probe,341,5,6008.390241250724,False
clear_probe,341,13,6688.205210418261,True
clear_probe,341,12,6900.438704021391,True
clear_probe,341,11,7815.184869450671,True
clear_probe,342,7,41.0,False
clear_probe,342,13,77.0,False
clear_probe,342,19,113.0,False
clear_probe,342,9,1910.227024113177,False
clear_probe,342,18,1958.227024113177,False
clear_probe,342,8,2666.41862041934,True
clear_probe,342,2,3381.8457465058045,False
clear_probe,342,17,4172.276215658056,False
clear_probe,342,3,4562.276215658056,False
clear_probe,342,11,5709.4773004078415,False
clear_probe,343,11,65.0,True
clear_probe,343,13,77.0,True
clear_probe,343,15,89.0,False
clear_probe,343,17,101.0,False
clear_probe,343,6,1370.0,True
clear_probe,343,5,4096.6179491959665,False
clear_probe,343,3,4594.6179491959665,True
clear_probe,343,16,4660.6179491959665,True
clear_probe,343,1,5388.762038438181,True
clear_probe,343,7,5886.762038438181,True
clear_probe,343,20,6683.143291446036,True
clear_probe,344,11,65.0,False
clear_probe,344,13,77.0,True
clear_probe,344,14,83.0,False
clear_probe,344,16,95.0,True
clear_probe,344,10,326.0,False
clear_probe,344,15,1649.0,True
clear_probe,344,6,2827.6358853585416,False
clear_probe,344,12,2857.6358853585416,False
clear_probe,344,17,3578.1480669769608,True
clear_probe,344,5,4478.148066976961,True
clear_probe,344,4,4703.148066976961,True
clear_probe,344,20,4763.148066976961,True
clear_probe,344,7,7414.287927068338,True
clear_probe,345,1,5.0,False
clear_probe,345,3,17.0,False
clear_probe,345,5,29.0,True
clear_probe,345,7,41.0,False
clear_probe,345,11,65.0,False
clear_probe,345,4,290.0,False
clear_probe,345,19,380.0,False
clear_probe,345,6,569.0,True
clear_probe,345,10,593.0,True
clear_probe,345,17,635.0,True
clear_probe,345,18,641.0,True
clear_probe,345,12,1834.1349809991893,False
clear_probe,345,16,1858.1349809991893,True
clear_probe,345,20,1870.1349809991893,False
clear_probe,345,13,2071.1349809991893,False
clear_probe,345,14,2077.1349809991893,False
clear_probe,346,7,41.0,False
clear_probe,346,17,101.0,False
clear_probe,346,19,113.0,False
clear_probe,346,3,284.0,False
clear_probe,346,8,314.0,False
clear_probe,346,13,344.0,False
clear_probe,346,4,874.0738583484821,False
clear_probe,346,12,922.0738583484821,True
clear_probe,346,15,1963.7091211406964,False
clear_probe,346,14,2930.739106066732,True
clear_probe,346,10,3361.3693400245265,False
clear_probe,346,2,3556.3693400245265,False
clear_probe,346,11,3598.3693400245265,False
clear_probe,346,20,6438.210528852672,True
clear_probe,347,6,35.0,False
clear_probe,347,16,95.0,True
clear_probe,347,20,119.0,False
clear_probe,347,3,284.0,False
clear_probe,347,4,290.0,True
clear_probe,347,5,296.0,True
clear_probe,347,19,380.0,True
clear_probe,347,9,1121.0,True
clear_probe,347,17,2698.3522173362776,True
clear_probe,347,7,4096.352217336278,True
clear_probe,347,12,4606.352217336278,False
clear_probe,347,1,5737.352217336278,True
clear_probe,348,7,41.0,False
clear_probe,348,8,47.0,False
clear_probe,348,14,83.0,False
clear_probe,348,18,107.0,False
clear_probe,348,19,113.0,False
clear_probe,348,1,272.0,True
clear_probe,348,3,284.0,False
clear_probe,348,9,320.0,True
clear_probe,348,2,788.4680802601192,True
clear_probe,348,13,1388.2324230451609,True
clear_probe,348,6,2543.232423045161,True
clear_probe,348,15,3057.7627157915485,True
clear_probe,348,16,3367.788373301901,False
clear_probe,348,17,3373.788373301901,True
clear_probe,348,11,4512.025643114602,False
clear_probe,348,4,5109.025643114602,False
clear_probe,349,1,5.0,False
clear_probe,349,5,29.0,True
clear_probe,349,8,47.0,True
clear_probe,349,12,71.0,False
clear_probe,349,13,77.0,True
clear_probe,349,20,119.0,False
clear_probe,349,9,320.0,False
clear_probe,349,16,896.659681354321,True
clear_probe,349,14,1394.659681354321,True
clear_probe,349,6,1862.659681354321,False
clear_probe,349,10,1880.659681354321,True
clear_probe,349,18,5747.546185256245,True
clear_probe,349,17,8106.037576967437,True
clear_probe,350,9,53.0,False
clear_probe,350,10,59.0,False
clear_probe,350,11,65.0,False
clear_probe,350,15,89.0,True
clear_probe,350,18,107.0,True
clear_probe,350,8,314.0,False
clear_probe,350,13,344.0,False
clear_probe,350,14,350.0,True
clear_probe,350,19,647.0,False
clear_probe,350,12,1150.1584335206055,True
clear_probe,350,6,5506.651543475284,True
clear_probe,350,3,6151.651543475284,True
clear_probe,351,2,11.0,False
clear_probe,351,3,17.0,False
clear_probe,351,8,47.0,False
clear_probe,351,12,71.0,True
clear_probe,351,16,95.0,True
clear_probe,351,4,290.0,False
clear_probe,351,19,380.0,True
clear_probe,351,20,386.0,False
clear_probe,351,7,3548.4777723374464,False
clear_probe,351,11,3566.4777723374464,True
clear_probe,351,14,3584.4777723374464,True
clear_probe,351,5,4046.4777723374464,True
clear_probe,351,10,4805.477772337446,True
clear_probe,351,6,5024.477772337446,False
clear_probe,351,18,5072.477772337446,True
clear_probe,351,9,6150.228704343253,True
clear_probe,352,5,29.0,False
clear_probe,352,14,83.0,False
clear_probe,352,17,101.0,False
clear_probe,352,7,308.0,True
clear_probe,352,9,854.0,True
clear_probe,352,8,2060.496426353849,True
clear_probe,352,20,3060.9642919961343,True
clear_probe,352,10,3492.6792618501213,False
clear_probe,352,3,3705.6792618501213,False
clear_probe,352,18,3759.6792618501213,True
clear_probe,352,2,5810.861510802866,False
clear_probe,352,4,7049.710668286428,True
clear_probe,353,3,17.0,False
clear_probe,353,8,47.0,False
clear_probe,353,13,77.0,True
clear_probe,353,16,95.0,False
clear_probe,353,20,119.0,False
clear_probe,353,9,320.0,True
clear_probe,353,10,326.0,False
clear_probe,353,12,1133.0,False
clear_probe,353,19,2596.5842280485203,False
clear_probe,353,2,5802.679499625229,True
clear_probe,354,1,5.0,False
clear_probe,354,2,11.0,False
clear_probe,354,5,29.0,False
clear_probe,354,11,65.0,False
clear_probe,354,17,101.0,False
clear_probe,354,4,290.0,False
clear_probe,354,18,2698.2800837206487,True
clear_probe,354,12,3166.2800837206487,False
clear_probe,354,7,3634.2800837206487,False
clear_probe,354,10,4863.452895610114,True
clear_probe,354,3,5295.452895610114,True
clear_probe,355,2,11.0,True
clear_probe,355,3,17.0,True
clear_probe,355,4,23.0,False
clear_probe,355,5,29.0,False
clear_probe,355,10,59.0,True
clear_probe,355,17,101.0,False
clear_probe,355,15,356.0,False
clear_probe,355,13,912.5529350060364,False
clear_probe,355,20,954.5529350060364,True
clear_probe,355,9,1137.5529350060365,True
clear_probe,355,11,4672.613426996124,False
clear_probe,356,4,23.0,True
clear_probe,356,7,41.0,False
clear_probe,356,12,71.0,False
clear_probe,356,14,83.0,False
clear_probe,356,15,89.0,False
clear_probe,356,16,95.0,False
clear_probe,356,17,101.0,False
clear_probe,356,11,332.0,False
clear_probe,356,10,3076.6733835044006,False
clear_probe,356,6,3574.6733835044006,True
clear_probe,356,13,4119.156363318032,False
clear_probe,356,8,4718.292361741609,False
clear_probe,356,18,4748.292361741609,True
clear_probe,356,9,4955.292361741609,False
clear_probe,356,2,6600.355168398182,True
clear_probe,357,8,47.0,False
clear_probe,357,15,89.0,True
clear_probe,357,16,95.0,True
clear_probe,357,19,113.0,True
clear_probe,357,3,284.0,False
clear_probe,357,20,647.0,True
clear_probe,357,7,1613.0,True
clear_probe,357,4,4317.923671529665,False
clear_probe,357,9,4341.923671529665,True
clear_probe,357,6,5252.290967465801,False
clear_probe,357,12,6637.718521130097,True
clear_probe,358,3,17.0,True
clear_probe,358,7,41.0,False
clear_probe,358,9,53.0,True
clear_probe,358,13,77.0,False
clear_probe,358,18,107.0,True
clear_probe,358,8,314.0,False
clear_probe,358,15,1374.108779084924,True
clear_probe,358,6,1587.108779084924,False
clear_probe,358,1,1812.108779084924,True
clear_probe,358,12,1866.108779084924,True
clear_probe,358,4,2085.108779084924,True
clear_probe,358,10,2109.108779084924,True
clear_probe,358,14,2133.108779084924,True
clear_probe,358,19,2163.108779084924,True
clear_probe,358,2,2328.108779084924,True
clear_probe,358,11,3389.9514345225216,True
clear_probe,359,1,5.0,False
clear_probe,359,13,344.0,True
clear_probe,359,2,673.7754531155173,False
clear_probe,359,16,757.7754531155173,True
clear_probe,359,10,1504.7754531155174,True
clear_probe,359,19,2080.7754531155174,True
clear_probe,359,17,2678.493096764638,True
clear_probe,359,11,3713.124913948756,True
clear_probe,359,14,3731.124913948756,False
clear_probe,359,9,4676.580682055205,False
clear_probe,360,2,11.0,False
clear_probe,360,3,17.0,True
clear_probe,360,4,23.0,False
clear_probe,360,11,65.0,False
clear_probe,360,9,1655.0,True
clear_probe,360,10,2693.0,True
clear_probe,360,8,3367.572047886094,False
clear_probe,360,18,4632.6963488668525,True
clear_probe,360,5,5289.6963488668525,False
clear_probe,360,7,5301.6963488668525,True
clear_probe,360,13,5555.73856370055,True
clear_probe,361,12,71.0,False
clear_probe,361,13,77.0,False
clear_probe,361,18,107.0,True
clear_probe,361,20,119.0,True
clear_probe,361,19,380.0,True
clear_probe,361,7,2045.114529291991,False
clear_probe,361,6,3314.114529291991,False
clear_probe,361,15,3356.114529291991,False
clear_probe,361,3,3842.232071768487,True
clear_probe,361,10,3878.232071768487,True
clear_probe,361,1,4141.263464078502,True
clear_probe,361,14,5665.887694392006,False
clear_probe,361,5,6927.443994371832,True
clear_probe,361,17,8411.449735380027,True
clear_probe,362,3,17.0,False
clear_probe,362,6,35.0,False
clear_probe,362,10,59.0,False
clear_probe,362,16,95.0,False
clear_probe,362,17,101.0,False
clear_probe,362,18,107.0,False
clear_probe,362,20,119.0,False
clear_probe,362,12,338.0,True
clear_probe,362,14,350.0,False
clear_probe,362,19,380.0,True
clear_probe,362,13,675.0460535651608,True
clear_probe,362,5,1024.8460475584616,True
clear_probe,362,9,1048.8460475584616,False
clear_probe,362,11,1054.8460475584616,True
clear_probe,362,15,3600.0482373351806,False
clear_probe,362,8,7571.194585698412,True
clear_probe,363,2,11.0,True
clear_probe,363,3,17.0,False
clear_probe,363,6,35.0,False
clear_probe,363,7,41.0,False
clear_probe,363,10,59.0,False
clear_probe,363,12,71.0,False
clear_probe,363,13,77.0,False
clear_probe,363,14,350.0,False
clear_probe,363,17,1170.2452645814133,True
clear_probe,363,19,1182.2452645814133,True
clear_probe,363,16,2640.2452645814133,False
clear_probe,363,18,2646.2452645814133,True
clear_probe,363,11,3345.618051991192,True
clear_probe,363,15,3357.618051991192,True
clear_probe,363,20,3375.618051991192,False
clear_probe,363,9,3641.9320033767094,True
clear_probe,364,1,5.0,False
clear_probe,364,2,11.0,False
clear_probe,364,9,53.0,True
clear_probe,364,11,65.0,False
clear_probe,364,12,71.0,False
clear_probe,364,13,77.0,True
clear_probe,364,14,83.0,True
clear_probe,364,16,95.0,False
clear_probe,364,6,302.0,True
clear_probe,364,17,1021.2451068829074,True
clear_probe,364,18,1525.2451068829073,True
clear_probe,364,19,2029.2451068829073,True
clear_probe,364,3,3185.260870609407,False
clear_probe,364,4,4465.573419764901,False
clear_probe,364,20,6060.96235089804,True
clear_probe,364,15,7104.092197083734,True
clear_probe,365,3,17.0,False
clear_probe,365,4,23.0,False
clear_probe,365,5,29.0,False
clear_probe,365,15,89.0,True
clear_probe,365,18,107.0,False
clear_probe,365,14,350.0,True
clear_probe,365,2,545.0,True
clear_probe,365,10,593.0,True
clear_probe,365,17,1388.0,False
clear_probe,365,1,3400.271309505183,True
clear_probe,365,7,4736.018246446276,False
clear_probe,365,11,4754.018246446276,True
clear_probe,365,9,4973.018246446276,True
clear_probe,365,20,6453.837498335336,True
clear_probe,365,13,7605.45531411089,False
clear_probe,366,3,17.0,False
clear_probe,366,5,29.0,False
clear_probe,366,6,35.0,False
clear_probe,366,7,41.0,True
clear_probe,366,11,65.0,True
clear_probe,366,4,290.0,True
clear_probe,366,15,3337.851642899047,False
clear_probe,366,17,3935.0685937677354,True
clear_probe,366,16,4968.457252818924,True
clear_probe,366,13,5706.445277733041,True
clear_probe,367,1,5.0,False
clear_probe,367,12,71.0,True
clear_probe,367,16,95.0,False
clear_probe,367,18,107.0,False
clear_probe,367,19,113.0,False
clear_probe,367,7,308.0,True
clear_probe,367,17,368.0,False
clear_probe,367,20,2110.47765856953,False
clear_probe,367,5,2287.47765856953,True
clear_probe,367,8,4703.437263912903,True
clear_probe,368,2,11.0,True
clear_probe,368,6,35.0,False
clear_probe,368,8,47.0,False
clear_probe,368,9,53.0,False
clear_probe,368,4,1892.0,False
clear_probe,368,5,1898.0,False
clear_probe,368,3,3201.969440779746,True
clear_probe,368,10,3231.969440779746,False
clear_probe,368,13,3996.969440779746,False
clear_probe,368,19,4032.969440779746,True
clear_probe,368,20,4038.969440779746,True
clear_probe,368,14,4481.970130474226,True
clear_probe,368,7,6711.313318637378,True
clear_probe,369,1,5.0,True
clear_probe,369,2,11.0,True
clear_probe,369,3,17.0,False
clear_probe,369,4,23.0,False
clear_probe,369,8,47.0,True
clear_probe,369,9,53.0,True
clear_probe,369,11,65.0,False
clear_probe,369,10,593.0,True
clear_probe,369,15,1915.6472606799514,True
clear_probe,369,13,2413.647260679951,True
clear_probe,369,17,3216.5374121780965,False
clear_probe,369,12,5205.482977886505,False
clear_probe,369,18,5223.482977886505,False
clear_probe,369,7,6051.482977886505,False
clear_probe,369,19,6287.52287085301,False
clear_probe,369,16,6689.391114532465,True
clear_probe,370,16,95.0,False
clear_probe,370,17,101.0,False
clear_probe,370,20,119.0,False
clear_probe,370,5,296.0,False
clear_probe,370,13,344.0,False
clear_probe,370,10,593.0,True
clear_probe,370,19,647.0,True
clear_probe,370,14,2363.166409928641,True
clear_probe,370,3,3767.623783536301,False
clear_probe,370,9,4243.5148591538255,True
clear_probe,371,1,5.0,True
clear_probe,371,6,35.0,False
clear_probe,371,11,65.0,True
clear_probe,371,14,83.0,True
clear_probe,371,19,113.0,False
clear_probe,371,4,290.0,False
clear_probe,371,17,368.0,False
clear_probe,371,20,386.0,True
clear_probe,371,8,1899.4838201757836,True
clear_probe,371,18,2208.483820175784,False
clear_probe,371,10,2421.483820175784,True
clear_probe,371,13,2439.483820175784,True
clear_probe,372,3,17.0,False
clear_probe,372,7,41.0,True
clear_probe,372,16,362.0,False
clear_probe,372,17,368.0,True
clear_probe,372,20,653.0,True
clear_probe,372,19,1448.0,True
clear_probe,372,9,1655.0,True
clear_probe,372,10,1941.4118433939482,True
clear_probe,372,12,1953.4118433939482,False
clear_probe,372,8,4575.261655663828,True
clear_probe,373,4,23.0,True
clear_probe,373,7,41.0,False
clear_probe,373,8,47.0,True
clear_probe,373,11,332.0,False
clear_probe,373,13,344.0,True
clear_probe,373,18,374.0,False
clear_probe,373,15,2592.175386209341,True
clear_probe,373,12,3054.175386209341,True
clear_probe,373,16,6330.105831517962,False
clear_probe,373,20,7917.858868604413,False
clear_probe,374,6,35.0,False
clear_probe,374,12,71.0,False
clear_probe,374,16,95.0,False
clear_probe,374,18,107.0,False
clear_probe,374,7,308.0,False
clear_probe,374,13,344.0,True
clear_probe,374,17,901.0394901962763,True
clear_probe,374,8,3378.070728865513,False
clear_probe,374,19,3432.070728865513,True
clear_probe,374,9,4507.599246642402,False
clear_probe,374,20,6424.131657088438,True
clear_probe,374,5,8748.596260770759,True
clear_probe,375,3,17.0,False
clear_probe,375,7,41.0,True
clear_probe,375,9,53.0,False
clear_probe,375,12,71.0,False
clear_probe,375,17,101.0,False
clear_probe,375,15,1157.0,True
clear_probe,375,16,1430.0,True
clear_probe,375,6,2844.049327116593,True
clear_probe,375,10,3111.049327116593,True
clear_probe,375,8,4525.452706132591,True
clear_probe,375,14,5058.284439247839,False
clear_probe,376,6,35.0,False
clear_probe,376,10,59.0,False
clear_probe,376,16,95.0,False
clear_probe,376,17,101.0,False
clear_probe,376,18,107.0,False
clear_probe,376,13,344.0,True
clear_probe,376,7,796.5044902922573,False
clear_probe,376,20,868.5044902922573,True
clear_probe,376,1,2599.1490986780254,False
clear_probe,376,9,3151.1490986780254,False
clear_probe,376,8,3424.23894059103,False
clear_probe,376,15,3466.23894059103,True
clear_probe,376,3,4141.23894059103,True
clear_probe,376,12,6227.228446833943,True
clear_probe,376,4,6623.228446833943,True
clear_probe,377,4,23.0,False
clear_probe,377,11,65.0,False
clear_probe,377,19,113.0,True
clear_probe,377,8,314.0,False
clear_probe,377,20,386.0,True
clear_probe,377,6,842.3154756775295,True
clear_probe,377,15,2673.4768506532737,False
clear_probe,377,17,3983.1885097465165,False
clear_probe,377,18,3989.1885097465165,False
clear_probe,377,3,4658.1885097465165,False
clear_probe,377,1,7550.618515284476,True
clear_probe,378,5,29.0,False
clear_probe,378,10,326.0,False
clear_probe,378,13,344.0,True
clear_probe,378,18,374.0,False
clear_probe,378,19,380.0,False
clear_probe,378,4,1525.9526365383601,True
clear_probe,378,3,5434.634672987728,True
clear_probe,378,7,5446.634672987728,True
clear_probe,378,1,5659.634672987728,True
clear_probe,378,15,5962.634672987728,False
clear_probe,379,8,47.0,False
clear_probe,379,10,59.0,False
clear_probe,379,13,77.0,True
clear_probe,379,17,101.0,False
clear_probe,379,7,308.0,False
clear_probe,379,11,332.0,True
clear_probe,379,14,350.0,True
clear_probe,379,18,374.0,False
clear_probe,379,6,2684.9603813253716,False
clear_probe,379,19,3416.587029342708,False
clear_probe,380,10,59.0,False
clear_probe,380,11,65.0,False
clear_probe,380,12,71.0,False
clear_probe,380,13,77.0,False
clear_probe,380,18,107.0,False
clear_probe,380,19,113.0,False
clear_probe,380,4,2086.530015808553,False
clear_probe,380,14,2378.1030032505582,False
clear_probe,380,8,2603.1030032505582,True
clear_probe,380,9,5128.539283304284,False
clear_probe,380,15,5580.268102959906,False
clear_probe,381,4,23.0,False
clear_probe,381,5,29.0,False
clear_probe,381,7,41.0,False
clear_probe,381,10,59.0,True
clear_probe,381,13,77.0,False
clear_probe,381,15,89.0,True
clear_probe,381,16,95.0,False
clear_probe,381,19,113.0,True
clear_probe,381,9,320.0,False
clear_probe,381,11,332.0,True
clear_probe,381,14,350.0,False
clear_probe,381,1,935.5131028762939,True
clear_probe,381,20,4328.805562886297,True
clear_probe,382,2,11.0,True
clear_probe,382,6,35.0,True
clear_probe,382,8,47.0,False
clear_probe,382,9,53.0,False
clear_probe,382,10,59.0,False
clear_probe,382,11,65.0,False
clear_probe,382,14,2692.258131125,True
clear_probe,382,5,3391.258131125,False
clear_probe,382,17,3439.258131125,True
clear_probe,382,13,5274.803884653375,True
clear_probe,383,3,17.0,True
clear_probe,383,8,47.0,True
clear_probe,383,10,59.0,False
clear_probe,383,11,65.0,True
clear_probe,383,16,95.0,False
clear_probe,383,17,101.0,False
clear_probe,383,5,296.0,True
clear_probe,383,19,380.0,True
clear_probe,383,4,1358.0,False
clear_probe,383,6,2730.9417522145313,True
clear_probe,383,13,4035.5207360752934,True
clear_probe,383,15,4047.5207360752934,True
clear_probe,383,2,4557.358297190856,False
clear_probe,383,18,4629.358297190856,False
clear_probe,384,4,23.0,False
clear_probe,384,8,47.0,True
clear_probe,384,9,53.0,True
clear_probe,384,13,77.0,True
clear_probe,384,16,95.0,False
clear_probe,384,20,119.0,False
clear_probe,384,12,338.0,True
clear_probe,384,18,1442.0,True
clear_probe,384,2,1613.0,True
clear_probe,384,5,1898.0,True
clear_probe,384,7,3635.9238350361074,True
clear_probe,384,19,3701.9238350361074,True
clear_probe,384,15,5742.968541294572,False
clear_probe,384,17,6000.906302316485,True
clear_probe,384,1,7431.906302316485,True
clear_probe,385,17,101.0,False
clear_probe,385,18,107.0,True
clear_probe,385,10,326.0,False
clear_probe,385,13,344.0,False
clear_probe,385,16,2239.0580157421423,False
clear_probe,385,7,2849.877910906003,False
clear_probe,385,14,2885.877910906003,True
clear_probe,385,15,2891.877910906003,True
clear_probe,385,4,4264.405129643184,True
clear_probe,385,1,6344.615219232607,False
clear_probe,386,5,29.0,False
clear_probe,386,12,71.0,True
clear_probe,386,14,83.0,True
clear_probe,386,16,95.0,True
clear_probe,386,18,107.0,True
clear_probe,386,1,272.0,False
clear_probe,386,4,290.0,True
clear_probe,386,17,635.0,True
clear_probe,386,15,2063.4085567152442,True
clear_probe,386,20,2289.6380314883845,True
clear_probe,386,9,3785.43416714408,True
clear_probe,386,13,4078.4813417919395,True
clear_probe,386,11,4528.4813417919395,True
clear_probe,386,10,6649.6709384918,False
clear_probe,387,6,35.0,False
clear_probe,387,7,41.0,True
clear_probe,387,12,71.0,False
clear_probe,387,13,77.0,False
clear_probe,387,17,101.0,False
clear_probe,387,19,113.0,False
clear_probe,387,20,119.0,False
clear_probe,387,2,278.0,True
clear_probe,387,18,374.0,False
clear_probe,387,4,3761.583188608142,False
clear_probe,387,10,4039.5847516455265,True
clear_probe,387,5,7823.318244126746,True
clear_probe,387,9,7835.318244126746,True
clear_probe,388,2,11.0,True
clear_probe,388,4,23.0,False
clear_probe,388,11,65.0,False
clear_probe,388,13,77.0,True
clear_probe,388,18,1946.0,True
clear_probe,388,1,2366.0,True
clear_probe,388,12,2675.0,False
clear_probe,388,6,2900.0,False
clear_probe,388,14,3897.7799662462266,True
clear_probe,388,19,3927.7799662462266,True
clear_probe,388,17,4389.779966246227,True
clear_probe,388,8,4815.779966246227,True
clear_probe,388,15,4839.779966246227,False
clear_probe,388,3,5028.779966246227,True
clear_probe,388,20,6632.6034660802825,True
clear_probe,388,7,7813.922813826648,True
clear_probe,389,1,5.0,True
clear_probe,389,12,71.0,False
clear_probe,389,17,101.0,True
clear_probe,389,19,113.0,False
clear_probe,389,4,290.0,True
clear_probe,389,13,344.0,False
clear_probe,389,15,356.0,True
clear_probe,389,9,587.0,True
clear_probe,389,7,847.3126100379262,False
clear_probe,389,14,877.3126100379262,True
clear_probe,389,16,889.3126100379262,False
clear_probe,389,20,1484.4470300675182,True
clear_probe,389,3,1649.4470300675182,True
clear_probe,389,18,2058.5975817571007,True
clear_probe,389,8,2604.1998256790357,False
clear_probe,390,3,17.0,True
clear_probe,390,6,35.0,True
clear_probe,390,14,83.0,False
clear_probe,390,17,101.0,False
clear_probe,390,19,113.0,True
clear_probe,390,20,119.0,False
clear_probe,390,1,539.0,True
clear_probe,390,11,1400.0,False
clear_probe,390,13,1946.0,False
clear_probe,390,18,1976.0,True
clear_probe,390,9,4043.918305679677,False
clear_probe,390,5,4273.988716696097,False
clear_probe,390,4,5386.988716696097,True
clear_probe,390,15,5842.988716696097,False
clear_probe,391,11,65.0,True
clear_probe,391,20,119.0,False
clear_probe,391,4,290.0,True
clear_probe,391,12,338.0,False
clear_probe,391,19,380.0,False
clear_probe,391,5,1364.0,True
clear_probe,391,15,1958.0,True
clear_probe,391,10,2449.618743693356,False
clear_probe,391,16,3825.0631763191764,True
clear_probe,391,6,4896.598522441545,False
clear_probe,391,7,4902.598522441545,True
clear_probe,391,8,5370.598522441545,True
clear_probe,391,1,5796.598522441545,True
clear_probe,392,2,11.0,True
clear_probe,392,3,17.0,False
clear_probe,392,5,29.0,True
clear_probe,392,6,35.0,False
clear_probe,392,7,41.0,False
clear_probe,392,9,53.0,True
clear_probe,392,14,83.0,False
clear_probe,392,4,589.2883583500962,True
clear_probe,392,16,661.2883583500962,True
clear_probe,392,20,685.2883583500962,True
clear_probe,392,1,1104.7068324376253,True
clear_probe,392,11,3192.706832437625,False
clear_probe,392,18,4497.692603555416,False
clear_probe,392,15,4977.692603555416,True
clear_probe,393,11,65.0,False
clear_probe,393,18,107.0,False
clear_probe,393,1,272.0,False
clear_probe,393,2,278.0,True
clear_probe,393,15,356.0,False
clear_probe,393,3,641.8349328005868,False
clear_probe,393,10,683.8349328005868,False
clear_probe,393,14,701.8349328005868,False
clear_probe,393,6,908.8349328005868,True
clear_probe,393,12,2314.7443346260025,False
clear_probe,393,4,5008.870032704026,False
clear_probe,393,13,5275.870032704026,True
clear_probe,394,3,17.0,False
clear_probe,394,4,23.0,False
clear_probe,394,6,35.0,True
clear_probe,394,12,71.0,False
clear_probe,394,17,101.0,True
clear_probe,394,18,107.0,False
clear_probe,394,11,332.0,True
clear_probe,394,15,356.0,True
clear_probe,394,7,1064.558179930363,True
clear_probe,394,16,3133.2991598142726,True
clear_probe,394,8,3316.2991598142726,True
clear_probe,395,6,35.0,True
clear_probe,395,11,65.0,False
clear_probe,395,12,71.0,True
clear_probe,395,13,77.0,False
clear_probe,395,15,89.0,False
clear_probe,395,1,272.0,True
clear_probe,395,2,3484.0233572976085,False
clear_probe,395,5,4092.255347597261,False
clear_probe,395,3,5108.793021056244,True
clear_probe,395,18,5417.793021056244,True
clear_probe,395,7,5618.914565591583,True
clear_probe,395,4,5843.914565591583,False
clear_probe,396,2,11.0,True
clear_probe,396,17,101.0,False
clear_probe,396,18,107.0,True
clear_probe,396,20,119.0,False
clear_probe,396,12,605.0,True
clear_probe,396,6,2508.5980782629695,False
clear_probe,396,9,3460.797370180394,True
clear_probe,396,7,5262.599565226349,True
clear_probe,396,5,5488.03923902908,True
clear_probe,396,19,7032.274226805782,True
clear_probe,397,1,5.0,False
clear_probe,397,3,17.0,False
clear_probe,397,4,23.0,True
clear_probe,397,9,53.0,False
clear_probe,397,20,119.0,False
clear_probe,397,7,308.0,False
clear_probe,397,10,326.0,True
clear_probe,397,15,356.0,False
clear_probe,397,14,5144.995812689685,False
clear_probe,397,13,5600.995812689685,True
clear_probe,398,8,47.0,True
clear_probe,398,11,65.0,False
clear_probe,398,14,83.0,False
clear_probe,398,1,272.0,False
clear_probe,398,2,278.0,True
clear_probe,398,15,890.0,True
clear_probe,398,18,1743.7344313909139,False
clear_probe,398,6,1947.1772893079435,False
clear_probe,398,3,4369.633604192327,True
clear_probe,398,9,4399.633604192327,True
clear_probe,398,17,4898.481213392146,False
clear_probe,398,19,4904.481213392146,True
clear_probe,398,12,5604.9440956958,True
clear_probe,399,2,11.0,False
clear_probe,399,4,23.0,True
clear_probe,399,6,35.0,False
clear_probe,399,8,314.0,False
clear_probe,399,20,386.0,True
clear_probe,399,12,620.5054033106571,False
clear_probe,399,9,1073.0443485304631,True
clear_probe,399,19,1133.0443485304631,True
clear_probe,399,1,4787.031234274773,False
clear_probe,399,11,6182.683039064931,False
clear_probe,400,3,17.0,False
clear_probe,400,7,41.0,True
clear_probe,400,8,47.0,False
clear_probe,400,16,95.0,False
clear_probe,400,18,107.0,False
clear_probe,400,19,113.0,False
clear_probe,400,11,332.0,False
clear_probe,400,13,344.0,False
clear_probe,400,15,356.0,False
clear_probe,400,17,2082.670732036184,False
clear_probe,400,5,2775.787211071928,False
clear_probe,400,9,4547.263875536081,True
clear_probe,401,9,53.0,False
clear_probe,401,11,65.0,True
clear_probe,401,19,113.0,False
clear_probe,401,8,314.0,False
clear_probe,401,14,350.0,True
clear_probe,401,18,374.0,False
clear_probe,401,5,563.0,False
clear_probe,401,6,2674.6388525181037,False
clear_probe,401,13,2710.6388525181037,False
clear_probe,401,4,3216.467535733032,True
clear_probe,401,3,4797.74716868308,True
clear_probe,401,2,6802.448411359165,True
clear_probe,401,16,7666.448411359165,True
clear_probe,402,2,11.0,True
clear_probe,402,8,47.0,True
clear_probe,402,9,53.0,False
clear_probe,402,10,59.0,False
clear_probe,402,14,83.0,False
clear_probe,402,19,113.0,True
clear_probe,402,1,272.0,False
clear_probe,402,16,362.0,False
clear_probe,402,18,374.0,False
clear_probe,402,4,569.9259814974143,True
clear_probe,402,5,575.9259814974143,False
clear_probe,402,17,647.9259814974143,False
clear_probe,402,7,3835.657298343914,True
clear_probe,402,13,4495.956837450736,True
clear_probe,402,20,7418.250346879369,True
clear_probe,402,3,7571.250346879369,True
clear_probe,403,8,47.0,False
clear_probe,403,9,53.0,False
clear_probe,403,11,65.0,False
clear_probe,403,6,302.0,False
clear_probe,403,20,941.963595606793,False
clear_probe,403,3,1886.9948261486593,False
clear_probe,403,12,3251.6270362791215,True
clear_probe,403,13,6136.857675949211,False
clear_probe,403,16,6391.857675949211,True
clear_probe,403,14,7783.166914970966,True
clear_probe,403,2,8191.166914970966,True
clear_probe,404,7,41.0,True
clear_probe,404,18,107.0,True
clear_probe,404,1,272.0,True
clear_probe,404,4,290.0,False
clear_probe,404,13,344.0,True
clear_probe,404,3,1619.0,True
clear_probe,404,17,1970.0,True
clear_probe,404,2,3302.663322889903,True
clear_probe,404,6,3842.663322889903,False
clear_probe,404,19,7782.690667731281,True
clear_probe,405,5,29.0,True
clear_probe,405,9,53.0,False
clear_probe,405,15,89.0,False
clear_probe,405,18,107.0,True
clear_probe,405,6,302.0,True
clear_probe,405,13,1412.0,False
clear_probe,405,17,1436.0,False
clear_probe,405,16,4540.569045983879,False
clear_probe,405,4,5227.569045983879,False
clear_probe,405,10,7408.569045983879,True
clear_probe,406,1,5.0,False
clear_probe,406,4,23.0,False
clear_probe,406,7,41.0,False
clear_probe,406,14,83.0,True
clear_probe,406,3,3386.0,True
clear_probe,406,13,3440.0,False
clear_probe,406,11,3683.0,False
clear_probe,406,17,4228.95084613417,False
clear_probe,406,10,4921.95084613417,False
clear_probe,406,2,6613.26984438032,True
clear_probe,406,16,6667.26984438032,True
clear_probe,406,5,6844.26984438032,True
clear_probe,406,20,7343.507815918976,True
clear_probe,407,4,23.0,False
clear_probe,407,7,41.0,False
clear_probe,407,18,107.0,False
clear_probe,407,19,113.0,True
clear_probe,407,5,296.0,True
clear_probe,407,11,332.0,True
clear_probe,407,12,338.0,False
clear_probe,407,16,362.0,False
clear_probe,407,8,596.0893751184769,True
clear_probe,407,13,626.0893751184769,True
clear_probe,407,20,1414.2281418569123,True
clear_probe,407,9,1859.0093002560534,True
clear_probe,407,2,3041.1212824712325,False
clear_probe,407,10,3071.1212824712325,True
clear_probe,407,14,5378.171220048009,True
clear_probe,408,5,29.0,False
clear_probe,408,6,35.0,True
clear_probe,408,9,53.0,True
clear_probe,408,11,65.0,True
clear_probe,408,15,89.0,False
clear_probe,408,17,101.0,False
clear_probe,408,8,314.0,True
clear_probe,408,18,374.0,False
clear_probe,408,20,386.0,True
clear_probe,408,14,617.0,True
clear_probe,408,12,872.0,True
clear_probe,408,19,3196.726530085287,True
clear_probe,408,2,4096.942725501565,True
clear_probe,408,7,4777.942725501565,True
clear_probe,408,3,5810.670375027258,True
clear_probe,408,4,6632.267306126803,True
clear_probe,409,3,17.0,True
clear_probe,409,18,107.0,False
clear_probe,409,19,113.0,False
clear_probe,409,4,290.0,False
clear_probe,409,5,296.0,True
clear_probe,409,7,308.0,True
clear_probe,409,13,344.0,False
clear_probe,409,14,350.0,True
clear_probe,409,2,558.2879818746919,True
clear_probe,409,9,600.2879818746919,True
clear_probe,409,17,648.2879818746919,True
clear_probe,409,10,1340.7979306195105,False
clear_probe,409,16,1376.7979306195105,False
clear_probe,409,12,1601.7979306195105,True
clear_probe,409,8,2324.79793061951,True
clear_probe,409,11,2342.79793061951,True
clear_probe,410,3,17.0,True
clear_probe,410,4,23.0,False
clear_probe,410,8,47.0,False
clear_probe,410,10,59.0,False
clear_probe,410,17,1412.0,False
clear_probe,410,18,1418.0,False
clear_probe,410,1,4581.658782045875,True
clear_probe,410,20,4677.658782045875,False
clear_probe,410,12,5127.658782045875,True
clear_probe,410,11,6601.559584980143,False
clear_probe,410,14,6613.559584980143,True
clear_probe,411,9,53.0,False
clear_probe,411,16,95.0,False
clear_probe,411,17,101.0,False
clear_probe,411,1,272.0,False
clear_probe,411,8,314.0,True
clear_probe,411,11,332.0,False
clear_probe,411,15,623.0,True
clear_probe,411,18,641.0,True
clear_probe,411,4,831.1278469521984,True
clear_probe,411,20,2219.2692881253843,True
clear_probe,411,7,4601.679399906507,True
clear_probe,412,1,5.0,False
clear_probe,412,2,11.0,False
clear_probe,412,8,47.0,False
clear_probe,412,10,59.0,False
clear_probe,412,16,95.0,True
clear_probe,412,19,113.0,False
clear_probe,412,12,338.0,True
clear_probe,412,15,356.0,True
clear_probe,412,20,386.0,True
clear_probe,412,7,1066.600419622406,False
clear_probe,412,4,1300.211601240782,True
clear_probe,412,17,2768.5568879255225,True
clear_probe,413,3,17.0,True
clear_probe,413,5,29.0,True
clear_probe,413,7,41.0,True
clear_probe,413,9,53.0,False
clear_probe,413,19,113.0,False
clear_probe,413,11,332.0,False
clear_probe,413,12,338.0,True
clear_probe,413,16,362.0,False
clear_probe,413,10,593.0,True
clear_probe,413,20,1562.573423110989,True
clear_probe,413,2,1721.573423110989,False
clear_probe,413,18,3148.766097989261,True
clear_probe,413,8,3965.9135585071976,True
clear_probe,413,15,3989.9135585071976,False
clear_probe,413,13,6190.303289710114,False
clear_probe,413,6,6586.303289710114,True
clear_probe,414,5,29.0,True
clear_probe,414,8,47.0,False
clear_probe,414,11,65.0,True
clear_probe,414,12,71.0,False
clear_probe,414,20,119.0,False
clear_probe,414,9,320.0,False
clear_probe,414,16,362.0,False
clear_probe,414,10,639.7989594343197,False
clear_probe,414,13,1921.3061498977954,False
clear_probe,414,3,3408.9176186104205,True
clear_probe,414,18,4284.190119801111,True
clear_probe,414,6,5202.085296117971,True
clear_probe,414,7,7654.908155483499,True
clear_probe,415,10,59.0,False
clear_probe,415,15,89.0,True
clear_probe,415,16,95.0,False
clear_probe,415,18,107.0,False
clear_probe,415,9,320.0,False
clear_probe,415,20,386.0,True
clear_probe,415,13,878.0,True
clear_probe,415,7,1376.0,True
clear_probe,415,8,1649.0,True
clear_probe,415,2,1880.0,False
clear_probe,415,14,1952.0,True
clear_probe,415,19,3222.575805444996,False
clear_probe,415,3,4355.431984587609,True
clear_probe,415,17,6124.4716842839125,True
clear_probe,415,1,6490.4716842839125,True
clear_probe,415,11,8480.925908132825,True
clear_probe,416,9,53.0,False
clear_probe,416,17,101.0,True
clear_probe,416,20,119.0,False
clear_probe,416,11,332.0,True
clear_probe,416,8,587.0403572632497,True
clear_probe,416,1,1322.0403572632497,False
clear_probe,416,12,1382.0403572632497,False
clear_probe,416,18,3119.797960567472,True
clear_probe,416,19,3125.797960567472,False
clear_probe,416,10,3322.6041206397604,True
clear_probe,416,16,3808.6041206397604,True
clear_probe,416,15,6907.22893284138,True
clear_probe,417,2,11.0,False
clear_probe,417,6,35.0,False
clear_probe,417,10,59.0,False
clear_probe,417,11,332.0,False
clear_probe,417,16,362.0,True
clear_probe,417,18,374.0,False
clear_probe,417,19,380.0,True
clear_probe,417,3,1076.9674886268083,True
clear_probe,417,13,3712.8101287257527,False
clear_probe,417,8,4183.850656808149,False
clear_probe,417,7,5414.547777353982,True
clear_probe,417,20,5462.547777353982,False
clear_probe,417,1,5615.547777353982,True
clear_probe,417,14,7102.569498439757,True
clear_probe,418,3,17.0,False
clear_probe,418,4,23.0,True
clear_probe,418,9,53.0,True
clear_probe,418,10,59.0,True
clear_probe,418,1,272.0,True
clear_probe,418,11,332.0,True
clear_probe,418,5,563.0,True
clear_probe,418,7,836.0,True
clear_probe,418,12,2519.065448606694,True
clear_probe,418,16,3720.5719736424207,False
clear_probe,418,19,3738.5719736424207,False
clear_probe,418,17,7243.396399992445,True
clear_probe,419,2,11.0,False
clear_probe,419,5,29.0,True
clear_probe,419,7,41.0,True
clear_probe,419,11,65.0,False
clear_probe,419,16,362.0,False
clear_probe,419,12,877.7796296316416,True
clear_probe,419,20,919.7796296316416,True
clear_probe,419,3,1867.7796296316415,True
clear_probe,419,8,1897.7796296316415,True
clear_probe,419,17,2206.7796296316415,True
clear_probe,419,9,3372.6093011194994,True
clear_probe,419,1,3782.8719228456343,True
clear_probe,419,19,4105.620096077071,True
clear_probe,419,10,4783.518821482323,True
clear_probe,420,4,23.0,False
clear_probe,420,6,35.0,True
clear_probe,420,11,65.0,False
clear_probe,420,12,71.0,True
clear_probe,420,13,77.0,False
clear_probe,420,17,101.0,False
clear_probe,420,8,314.0,False
clear_probe,420,19,380.0,False
clear_probe,420,9,719.2464996798602,True
clear_probe,420,1,4731.399839973449,False
clear_probe,421,2,11.0,True
clear_probe,421,7,41.0,True
clear_probe,421,9,53.0,True
clear_probe,421,10,59.0,False
clear_probe,421,15,89.0,True
clear_probe,421,17,101.0,True
clear_probe,421,19,113.0,False
clear_probe,421,20,119.0,False
clear_probe,421,3,627.0266219789265,True
clear_probe,421,8,2187.0266219789264,False
clear_probe,421,12,2460.0266219789264,True
clear_probe,421,18,5285.535579345233,True
clear_probe,421,6,5699.535579345233,True
clear_probe,421,4,6149.535579345233,False
clear_probe,421,16,6872.535579345233,True
clear_probe,422,5,29.0,False
clear_probe,422,8,47.0,True
clear_probe,422,10,59.0,False
clear_probe,422,11,65.0,False
clear_probe,422,19,113.0,True
clear_probe,422,1,272.0,True
clear_probe,422,3,284.0,True
clear_probe,422,4,290.0,False
clear_probe,422,12,338.0,False
clear_probe,422,20,652.4789015926502,True
clear_probe,422,17,2952.640808581843,True
clear_probe,422,16,4831.777057892224,False
clear_probe,422,13,7764.349450873738,True
clear_probe,423,4,23.0,True
clear_probe,423,5,29.0,False
clear_probe,423,7,41.0,False
clear_probe,423,10,59.0,False
clear_probe,423,14,83.0,False
clear_probe,423,18,107.0,False
clear_probe,423,6,569.0,True
clear_probe,423,9,587.0,True
clear_probe,423,2,3940.2458184791426,True
clear_probe,423,8,4456.245818479142,True
clear_probe,423,17,4504.245818479142,True
clear_probe,423,20,5963.075469260994,False
clear_probe,424,2,11.0,False
clear_probe,424,3,17.0,True
clear_probe,424,7,41.0,False
clear_probe,424,10,59.0,False
clear_probe,424,14,83.0,False
clear_probe,424,15,89.0,True
clear_probe,424,16,362.0,False
clear_probe,424,17,368.0,False
clear_probe,424,20,1721.0,False
clear_probe,424,4,3215.0,True
clear_probe,424,1,3719.0,False
clear_probe,424,5,5670.962448425756,False
clear_probe,424,9,5904.637718576231,False
clear_probe,424,18,7178.162632266955,True
clear_probe,425,2,11.0,False
clear_probe,425,6,35.0,False
clear_probe,425,10,59.0,False
clear_probe,425,12,71.0,True
clear_probe,425,14,83.0,False
clear_probe,425,15,89.0,False
clear_probe,425,18,107.0,True
clear_probe,425,8,314.0,False
clear_probe,425,1,1073.0,True
clear_probe,425,19,4793.48003816311,True
clear_probe,425,3,5423.622999113861,False
clear_probe,425,4,5429.622999113861,True
clear_probe,425,7,5892.478484192365,False
clear_probe,426,4,23.0,False
clear_probe,426,6,35.0,False
clear_probe,426,19,113.0,True
clear_probe,426,20,119.0,False
clear_probe,426,7,308.0,False
clear_probe,426,9,320.0,False
clear_probe,426,11,332.0,False
clear_probe,426,3,1035.0785249410087,True
clear_probe,426,5,1047.0785249410087,True
clear_probe,426,8,1308.0785249410087,True
clear_probe,426,12,4999.800504474557,True
clear_probe,427,12,71.0,True
clear_probe,427,17,101.0,False
clear_probe,427,18,107.0,False
clear_probe,427,1,272.0,False
clear_probe,427,16,362.0,True
clear_probe,427,2,545.0,True
clear_probe,427,20,2926.131182332028,True
clear_probe,427,6,3601.131182332028,True
clear_probe,427,5,4792.131182332028,True
clear_probe,427,9,4810.131182332028,False
clear_probe,427,11,6634.131182332028,True
clear_probe,428,8,47.0,False
clear_probe,428,9,53.0,False
clear_probe,428,15,89.0,False
clear_probe,428,18,107.0,False
clear_probe,428,20,119.0,False
clear_probe,428,5,596.4509708131965,False
clear_probe,428,17,668.4509708131965,False
clear_probe,428,12,1390.4049201233765,True
clear_probe,428,2,3652.8544607473254,True
clear_probe,428,14,4698.005697388073,True
clear_probe,428,16,4710.005697388073,False
clear_probe,428,4,6155.066631118057,False
clear_probe,429,3,17.0,False
clear_probe,429,4,23.0,False
clear_probe,429,8,47.0,False
clear_probe,429,11,65.0,False
clear_probe,429,15,89.0,False
clear_probe,429,17,101.0,True
clear_probe,429,19,113.0,True
clear_probe,429,13,344.0,True
clear_probe,429,14,350.0,True
clear_probe,429,16,362.0,False
clear_probe,429,18,374.0,True
clear_probe,429,1,1461.9662989837157,True
clear_probe,429,7,3953.323640046761,False
clear_probe,429,2,5764.734551762358,True
clear_probe,430,2,11.0,False
clear_probe,430,4,23.0,False
clear_probe,430,7,41.0,False
clear_probe,430,12,71.0,True
clear_probe,430,13,77.0,True
clear_probe,430,17,101.0,False
clear_probe,430,20,119.0,False
clear_probe,430,15,623.0,True
clear_probe,430,6,3050.710259145256,False
clear_probe,430,5,3815.871652722838,True
clear_probe,430,18,4124.871652722838,True
clear_probe,430,1,4355.2976948860805,True
clear_probe,431,1,5.0,True
clear_probe,431,7,41.0,True
clear_probe,431,9,53.0,False
clear_probe,431,14,83.0,False
clear_probe,431,15,89.0,True
clear_probe,431,4,290.0,False
clear_probe,431,6,302.0,True
clear_probe,431,17,1436.0,True
clear_probe,431,13,2601.2292603434553,True
clear_probe,431,16,2880.2292603434553,True
clear_probe,431,20,6449.324114797499,False
clear_probe,431,2,8082.096764308942,True
clear_probe,432,3,17.0,False
clear_probe,432,4,23.0,False
clear_probe,432,6,35.0,False
clear_probe,432,9,53.0,False
clear_probe,432,13,77.0,False
clear_probe,432,16,95.0,False
clear_probe,432,18,107.0,False
clear_probe,432,19,113.0,True
clear_probe,432,14,1499.844412606594,True
clear_probe,432,11,2471.768074164788,True
clear_probe,432,1,2660.768074164788,False
clear_probe,432,8,2684.768074164788,False
clear_probe,432,2,3116.768074164788,True
clear_probe,432,20,6758.01207502305,True
clear_probe,433,2,11.0,False
clear_probe,433,3,17.0,True
clear_probe,433,9,53.0,False
clear_probe,433,12,71.0,False
clear_probe,433,13,77.0,False
clear_probe,433,16,95.0,False
clear_probe,433,20,119.0,True
clear_probe,433,5,296.0,False
clear_probe,433,11,2346.3617642070426,True
clear_probe,433,15,4568.407109388727,False
clear_probe,433,18,5244.132383365283,True
clear_probe,434,3,17.0,False
clear_probe,434,12,71.0,False
clear_probe,434,13,77.0,False
clear_probe,434,1,272.0,False
clear_probe,434,18,1958.0,False
clear_probe,434,6,2669.0,True
clear_probe,434,14,4104.537597866432,False
clear_probe,434,17,5099.538035416924,True
clear_probe,434,8,5531.538035416924,True
clear_probe,434,7,6667.149430976362,False
clear_probe,434,10,6685.149430976362,False
clear_probe,434,20,7181.766136856923,False
clear_probe,435,1,5.0,False
clear_probe,435,2,11.0,True
clear_probe,435,7,41.0,False
clear_probe,435,9,53.0,False
clear_probe,435,11,65.0,False
clear_probe,435,12,71.0,True
clear_probe,435,17,101.0,False
clear_probe,435,3,284.0,False
clear_probe,435,15,356.0,False
clear_probe,435,10,1127.0,True
clear_probe,435,16,1951.6319208715333,True
clear_probe,435,19,4167.61886508584,False
clear_probe,435,5,5040.386876385365,False
clear_probe,435,8,5277.386876385365,False
clear_probe,435,6,6513.857600278718,False
clear_probe,435,13,6726.857600278718,False
clear_probe,436,11,65.0,False
clear_probe,436,12,71.0,False
clear_probe,436,2,278.0,False
clear_probe,436,17,368.0,True
clear_probe,436,4,828.2148614186694,True
clear_probe,436,16,900.2148614186694,True
clear_probe,436,1,1595.8839833706083,False
clear_probe,436,8,2633.8839833706083,False
clear_probe,436,6,2933.04702838759,False
clear_probe,436,13,3652.3048931499247,True
clear_probe,436,9,5296.20036039856,False
clear_probe,436,10,5527.20036039856,False
clear_probe,436,20,6020.200061469203,True
clear_probe,437,1,5.0,False
clear_probe,437,3,17.0,False
clear_probe,437,4,23.0,True
clear_probe,437,8,47.0,False
clear_probe,437,10,59.0,False
clear_probe,437,14,83.0,False
clear_probe,437,15,89.0,False
clear_probe,437,18,107.0,False
clear_probe,437,6,1880.0,True
clear_probe,437,17,3245.0,False
clear_probe,437,5,3440.0,True
clear_probe,437,13,4737.4933751780145,True
clear_probe,437,20,4767.4933751780145,True
clear_probe,437,11,6135.4933751780145,True
clear_probe,438,1,5.0,False
clear_probe,438,3,17.0,False
clear_probe,438,17,101.0,True
clear_probe,438,19,113.0,True
clear_probe,438,20,386.0,False
clear_probe,438,9,2169.136268908744,False
clear_probe,438,16,2958.136268908744,False
clear_probe,438,7,4149.566316507062,False
clear_probe,438,10,4161.566316507062,False
clear_probe,438,12,4641.16276641423,True
clear_probe,438,18,6268.581238560734,True
clear_probe,439,9,53.0,False
clear_probe,439,13,77.0,False
clear_probe,439,16,95.0,True
clear_probe,439,18,107.0,False
clear_probe,439,19,113.0,False
clear_probe,439,20,119.0,True
clear_probe,439,8,314.0,True
clear_probe,439,14,2184.608515842035,False
clear_probe,439,11,3542.3260060600796,True
clear_probe,439,10,3821.9566270424843,True
clear_probe,439,4,5549.387822734777,True
clear_probe,439,5,6718.710642788998,True
clear_probe,439,7,8831.489034030988,True
clear_probe,440,1,5.0,False
clear_probe,440,4,23.0,False
clear_probe,440,8,47.0,True
clear_probe,440,11,65.0,False
clear_probe,440,19,113.0,False
clear_probe,440,3,284.0,False
clear_probe,440,7,308.0,True
clear_probe,440,10,2121.084639899226,True
clear_probe,440,6,3069.084639899226,True
clear_probe,440,9,4521.084639899226,False
clear_probe,441,7,41.0,False
clear_probe,441,13,77.0,False
clear_probe,441,15,89.0,False
clear_probe,441,16,95.0,False
clear_probe,441,1,272.0,False
clear_probe,441,10,326.0,False
clear_probe,441,12,338.0,False
clear_probe,441,14,350.0,False
clear_probe,441,19,1944.7118352286059,True
clear_probe,441,5,4889.182488364623,True
clear_probe,441,17,7628.838331218055,True
clear_probe,442,7,41.0,True
clear_probe,442,18,107.0,False
clear_probe,442,19,113.0,False
clear_probe,442,20,386.0,False
clear_probe,442,15,623.0,True
clear_probe,442,4,1346.0,True
clear_probe,442,16,1418.0,True
clear_probe,442,6,1902.3215919634613,True
clear_probe,442,14,1944.3215919634613,True
clear_probe,442,13,3323.8584333552185,True
clear_probe,442,3,4952.120319753779,True
clear_probe,442,10,5609.120319753779,False
clear_probe,443,9,53.0,True
clear_probe,443,13,77.0,False
clear_probe,443,15,89.0,False
clear_probe,443,16,95.0,False
clear_probe,443,18,107.0,False
clear_probe,443,19,113.0,False
clear_probe,443,3,284.0,False
clear_probe,443,10,593.0,False
clear_probe,443,20,2241.355581148482,False
clear_probe,443,1,3834.8700318951146,True
clear_probe,443,6,3858.8700318951146,False
clear_probe,443,5,4294.725469081142,True
clear_probe,443,11,4531.725469081142,True
clear_probe,443,7,4732.725469081142,True
clear_probe,443,2,5520.580093793166,False
clear_probe,443,4,5721.580093793166,False
clear_probe,444,10,59.0,False
clear_probe,444,13,77.0,False
clear_probe,444,16,95.0,True
clear_probe,444,1,272.0,False
clear_probe,444,5,296.0,False
clear_probe,444,20,386.0,True
clear_probe,444,9,587.0,True
clear_probe,444,14,2517.511578506083,False
clear_probe,444,11,2742.511578506083,True
clear_probe,444,17,3246.511578506083,True
clear_probe,444,8,3688.0771909336268,True
clear_probe,444,12,4915.324139033689,True
clear_probe,445,5,29.0,False
clear_probe,445,9,53.0,False
clear_probe,445,13,77.0,True
clear_probe,445,17,101.0,False
clear_probe,445,18,107.0,False
clear_probe,445,19,113.0,True
clear_probe,445,3,284.0,True
clear_probe,445,14,350.0,False
clear_probe,445,11,2507.6089274139986,True
clear_probe,445,12,2768.6089274139986,False
clear_probe,445,10,3638.1381410918298,False
clear_probe,445,7,6536.961659528449,True
clear_probe,445,15,6554.961659528449,False
clear_probe,445,8,6986.961659528449,True
clear_probe,446,1,5.0,False
clear_probe,446,6,35.0,True
clear_probe,446,7,41.0,True
clear_probe,446,10,59.0,False
clear_probe,446,14,83.0,False
clear_probe,446,17,101.0,True
clear_probe,446,19,113.0,False
clear_probe,446,5,296.0,False
clear_probe,446,13,344.0,False
clear_probe,446,18,374.0,False
clear_probe,446,4,854.7492775713961,False
clear_probe,446,15,914.7492775713961,False
clear_probe,446,12,1160.7185626254281,True
clear_probe,446,2,3844.5572770693984,False
clear_probe,446,20,5350.557277069398,True
clear_probe,446,16,6193.847097396389,True
clear_probe,447,2,11.0,True
clear_probe,447,4,23.0,True
clear_probe,447,7,41.0,False
clear_probe,447,8,47.0,False
clear_probe,447,10,59.0,True
clear_probe,447,18,107.0,False
clear_probe,447,13,3482.0,False
clear_probe,447,1,3677.0,True
clear_probe,447,5,3701.0,True
clear_probe,447,15,3755.0,True
clear_probe,447,14,5580.29138693211,False
clear_probe,447,16,5592.29138693211,False
clear_probe,447,17,5598.29138693211,False
clear_probe,448,1,5.0,True
clear_probe,448,6,35.0,False
clear_probe,448,7,41.0,False
clear_probe,448,9,53.0,False
clear_probe,448,10,59.0,False
clear_probe,448,13,77.0,False
clear_probe,448,17,101.0,False
clear_probe,448,19,113.0,False
clear_probe,448,18,1051.5613783731114,False
clear_probe,448,8,1314.9824735420414,True
clear_probe,448,2,3405.6024566594256,True
clear_probe,448,4,4733.228097270398,True
clear_probe,449,2,11.0,False
clear_probe,449,4,23.0,False
clear_probe,449,6,35.0,True
clear_probe,449,8,47.0,True
clear_probe,449,13,77.0,False
clear_probe,449,18,107.0,True
clear_probe,449,20,119.0,False
clear_probe,449,19,677.5546752083975,False
clear_probe,449,7,2383.6192020431176,False
clear_probe,449,15,4191.351874339433,False
clear_probe,449,11,4869.6478987908,True
clear_probe,450,2,11.0,True
clear_probe,450,4,23.0,False
clear_probe,450,5,29.0,True
clear_probe,450,13,77.0,True
clear_probe,450,16,95.0,False
clear_probe,450,10,1986.489007141979,False
clear_probe,450,12,1998.489007141979,False
clear_probe,450,8,3341.0044933059544,True
clear_probe,450,1,6671.442544466188,True
clear_probe,450,18,6743.442544466188,True
clear_probe,451,2,11.0,False
clear_probe,451,5,29.0,False
clear_probe,451,13,77.0,True
clear_probe,451,15,89.0,True
clear_probe,451,16,95.0,True
clear_probe,451,18,107.0,True
clear_probe,451,19,113.0,False
clear_probe,451,12,338.0,False
clear_probe,451,6,2894.0,False
clear_probe,451,17,8389.75342668505,True
clear_probe,452,2,11.0,False
clear_probe,452,9,53.0,False
clear_probe,452,13,77.0,True
clear_probe,452,19,113.0,False
clear_probe,452,20,119.0,False
clear_probe,452,4,290.0,True
clear_probe,452,11,332.0,True
clear_probe,452,12,338.0,True
clear_probe,452,8,596.783473428574,False
clear_probe,452,16,644.783473428574,True
clear_probe,452,3,3011.5630456227586,False
clear_probe,452,10,4313.466826561369,True
clear_probe,453,4,23.0,False
clear_probe,453,6,35.0,False
clear_probe,453,8,47.0,False
clear_probe,453,9,53.0,True
clear_probe,453,10,59.0,False
clear_probe,453,16,95.0,False
clear_probe,453,17,101.0,True
clear_probe,453,20,119.0,False
clear_probe,453,13,344.0,False
clear_probe,453,18,3752.4117568980114,True
clear_probe,453,1,4208.543044053542,False
clear_probe,454,4,23.0,False
clear_probe,454,17,101.0,True
clear_probe,454,9,320.0,False
clear_probe,454,19,380.0,False
clear_probe,454,20,386.0,True
clear_probe,454,11,886.5395043209703,False
clear_probe,454,14,1159.5395043209703,True
clear_probe,454,6,2414.654895349606,True
clear_probe,454,12,4098.53073610064,True
clear_probe,454,18,4371.53073610064,True
clear_probe,454,3,5172.989246557495,False
clear_probe,454,5,7926.5410381709,True
clear_probe,455,2,11.0,False
clear_probe,455,3,17.0,False
clear_probe,455,7,41.0,False
clear_probe,455,13,77.0,False
clear_probe,455,14,83.0,False
clear_probe,455,16,95.0,False
clear_probe,455,18,107.0,False
clear_probe,455,19,113.0,True
clear_probe,455,4,290.0,False
clear_probe,455,1,638.2041048727426,False
clear_probe,455,5,1975.3312138797926,True
clear_probe,455,11,2981.6913646518265,False
clear_probe,455,15,2999.6913646518265,True
clear_probe,455,20,3485.6913646518265,False
clear_probe,455,8,3664.9137201927424,True
clear_probe,455,6,4528.913720192742,True
clear_probe,456,10,59.0,False
clear_probe,456,16,95.0,False
clear_probe,456,17,101.0,True
clear_probe,456,4,290.0,False
clear_probe,456,8,314.0,False
clear_probe,456,9,320.0,True
clear_probe,456,12,338.0,True
clear_probe,456,14,350.0,False
clear_probe,456,20,386.0,False
clear_probe,456,13,611.0,True
clear_probe,456,2,4207.583984812007,True
clear_probe,456,6,4225.583984812007,False
clear_probe,456,15,5324.872356185542,True
clear_probe,456,11,6789.200839574166,False
clear_probe,456,1,7745.578725562661,True
clear_probe,457,1,5.0,False
clear_probe,457,2,11.0,True
clear_probe,457,4,23.0,False
clear_probe,457,12,71.0,True
clear_probe,457,13,77.0,False
clear_probe,457,16,95.0,True
clear_probe,457,19,113.0,False
clear_probe,457,11,332.0,False
clear_probe,457,9,1884.3141601217033,False
clear_probe,457,18,2449.798355949555,True
clear_probe,457,3,3903.0476598237365,True
clear_probe,457,10,4176.0476598237365,True
clear_probe,457,20,5160.0476598237365,True
clear_probe,457,5,5793.0476598237365,True
clear_probe,457,6,6030.0476598237365,False
clear_probe,457,15,6066.0476598237365,False
clear_probe,458,3,17.0,False
clear_probe,458,11,65.0,False
clear_probe,458,17,101.0,False
clear_probe,458,19,113.0,False
clear_probe,458,15,356.0,True
clear_probe,458,20,386.0,False
clear_probe,458,5,1225.3444166038414,False
clear_probe,458,8,1243.3444166038414,False
clear_probe,458,13,1489.2302272829097,True
clear_probe,458,9,5791.230227282909,False
clear_probe,459,2,11.0,True
clear_probe,459,5,29.0,False
clear_probe,459,6,35.0,False
clear_probe,459,11,65.0,False
clear_probe,459,14,83.0,False
clear_probe,459,20,119.0,False
clear_probe,459,17,368.0,True
clear_probe,459,7,673.9149089082233,True
clear_probe,459,19,745.9149089082233,True
clear_probe,459,18,2221.449781258523,True
clear_probe,459,4,2628.4595332604385,True
clear_probe,459,1,3309.4595332604385,False
clear_probe,459,13,4224.897858312954,True
clear_probe,459,15,4230.897858312954,True
clear_probe,459,8,7800.356122674721,True
clear_probe,460,1,5.0,False
clear_probe,460,10,326.0,False
clear_probe,460,8,1916.0,False
clear_probe,460,15,1958.0,True
clear_probe,460,12,4669.3575216340505,False
clear_probe,460,7,4900.3575216340505,True
clear_probe,460,17,5203.3575216340505,True
clear_probe,460,11,6444.247312462492,False
clear_probe,460,13,6450.247312462492,True
clear_probe,460,9,6916.525827298168,True
clear_probe,460,19,7668.134637665705,True
clear_probe,460,16,7875.134637665705,True
clear_probe,461,12,71.0,False
clear_probe,461,18,107.0,False
clear_probe,461,2,278.0,True
clear_probe,461,3,284.0,True
clear_probe,461,19,1982.0,False
clear_probe,461,7,2177.0,True
clear_probe,461,5,2432.0,True
clear_probe,461,4,2693.0,False
clear_probe,461,10,2729.0,True
clear_probe,461,9,3239.9009651301017,False
clear_probe,461,11,4428.187426697688,True
clear_probe,461,6,5109.187426697688,True
clear_probe,461,17,5382.187426697688,False
clear_probe,461,8,5796.187426697688,True
clear_probe,461,14,5814.187426697688,True
clear_probe,462,3,17.0,False
clear_probe,462,5,29.0,False
clear_probe,462,6,35.0,False
clear_probe,462,12,71.0,False
clear_probe,462,17,101.0,False
clear_probe,462,20,119.0,False
clear_probe,462,1,1308.4219270716148,False
clear_probe,462,15,2127.812599655297,True
clear_probe,462,2,3762.812599655297,False
clear_probe,462,11,4290.812599655297,False
clear_probe,462,18,4801.789645331019,True
clear_probe,462,13,6450.460382913458,True
clear_probe,462,4,6627.460382913458,True
clear_probe,462,10,7187.310391734003,True
clear_probe,463,7,41.0,False
clear_probe,463,12,71.0,False
clear_probe,463,4,290.0,True
clear_probe,463,8,314.0,False
clear_probe,463,11,332.0,False
clear_probe,463,3,551.0,True
clear_probe,463,10,1364.0,True
clear_probe,463,19,2663.8237150159666,True
clear_probe,463,20,3143.8237150159666,False
clear_probe,463,18,3856.7834472333916,False
clear_probe,463,16,5810.615784652077,True
clear_probe,464,3,17.0,False
clear_probe,464,5,29.0,True
clear_probe,464,7,41.0,True
clear_probe,464,16,95.0,False
clear_probe,464,2,278.0,False
clear_probe,464,20,386.0,False
clear_probe,464,6,512.3774649743616,False
clear_probe,464,9,2416.664079123513,False
clear_probe,464,18,2470.664079123513,True
clear_probe,464,8,3589.915936652093,True
clear_probe,464,15,4121.541382869899,False
clear_probe,464,19,4978.580238272869,True
clear_probe,465,1,5.0,True
clear_probe,465,2,11.0,True
clear_probe,465,8,47.0,False
clear_probe,465,11,65.0,False
clear_probe,465,12,71.0,False
clear_probe,465,13,77.0,False
clear_probe,465,6,302.0,True
clear_probe,465,9,574.817620746177,True
clear_probe,465,15,1097.5491758753406,False
clear_probe,465,20,1477.2902521226047,True
clear_probe,465,3,4533.76230732094,True
clear_probe,466,4,23.0,False
clear_probe,466,6,35.0,False
clear_probe,466,20,386.0,False
clear_probe,466,9,3455.0056454761198,False
clear_probe,466,12,3473.0056454761198,False
clear_probe,466,8,3698.0056454761198,True
clear_probe,466,17,3752.0056454761198,True
clear_probe,466,7,5398.090476806154,True
clear_probe,466,5,5617.090476806154,False
clear_probe,466,10,5854.090476806154,True
clear_probe,467,1,5.0,True
clear_probe,467,2,11.0,True
clear_probe,467,3,17.0,False
clear_probe,467,5,29.0,False
clear_probe,467,7,41.0,False
clear_probe,467,12,71.0,False
clear_probe,467,13,77.0,True
clear_probe,467,14,83.0,False
clear_probe,467,20,2918.9005177384297,True
clear_probe,467,15,3386.9005177384297,False
clear_probe,467,16,4616.546732738815,True
clear_probe,467,9,5235.787034625321,True
clear_probe,468,2,11.0,True
clear_probe,468,3,17.0,False
clear_probe,468,12,71.0,True
clear_probe,468,20,119.0,True
clear_probe,468,7,308.0,False
clear_probe,468,18,1864.8618361105703,True
clear_probe,468,11,2332.86183611057,False
clear_probe,468,6,4354.205289416837,True
clear_probe,468,9,4366.205289416837,True
clear_probe,468,13,4621.205289416837,True
clear_probe,468,8,5735.62786454794,True
clear_probe,469,1,5.0,False
clear_probe,469,4,23.0,False
clear_probe,469,5,29.0,False
clear_probe,469,10,59.0,False
clear_probe,469,11,65.0,True
clear_probe,469,12,71.0,False
clear_probe,469,14,83.0,True
clear_probe,469,2,278.0,True
clear_probe,469,19,380.0,False
clear_probe,469,9,2420.2032478806277,True
clear_probe,469,13,2444.2032478806277,False
clear_probe,469,16,6275.950419066446,True
clear_probe,470,2,11.0,False
clear_probe,470,6,35.0,False
clear_probe,470,7,41.0,False
clear_probe,470,13,77.0,True
clear_probe,470,15,89.0,False
clear_probe,470,20,653.0,False
clear_probe,470,12,3924.388316355183,True
clear_probe,470,5,4641.388316355183,True
clear_probe,470,17,5655.388316355183,True
clear_probe,470,16,5880.388316355183,True
clear_probe,471,1,5.0,False
clear_probe,471,4,23.0,False
clear_probe,471,6,35.0,False
clear_probe,471,8,47.0,False
clear_probe,471,9,53.0,False
clear_probe,471,12,71.0,False
clear_probe,471,14,83.0,True
clear_probe,471,15,89.0,True
clear_probe,471,2,278.0,False
clear_probe,471,13,344.0,False
clear_probe,471,16,3514.2497065660373,False
clear_probe,471,3,4257.880050983096,False
clear_probe,471,7,4632.076300884144,True
clear_probe,471,10,5897.921465012855,True
clear_probe,471,11,8155.4254273105125,True
clear_probe,472,6,35.0,False
clear_probe,472,13,77.0,False
clear_probe,472,14,350.0,True
clear_probe,472,4,3761.0,True
clear_probe,472,7,3779.0,True
clear_probe,472,2,4283.0,False
clear_probe,472,3,4289.0,True
clear_probe,472,5,4301.0,True
clear_probe,472,15,5132.0,True
clear_probe,472,20,5405.0,True
clear_probe,472,12,6335.0,True
clear_probe,473,4,23.0,True
clear_probe,473,12,71.0,False
clear_probe,473,14,83.0,False
clear_probe,473,17,101.0,False
clear_probe,473,1,272.0,False
clear_probe,473,2,278.0,True
clear_probe,473,10,326.0,True
clear_probe,473,8,581.0,True
clear_probe,473,5,1905.2886920722026,True
clear_probe,473,13,3465.2886920722026,False
clear_probe,473,11,6198.227913359585,True
clear_probe,473,3,6873.227913359585,True
clear_probe,474,2,11.0,False
clear_probe,474,6,35.0,False
clear_probe,474,5,296.0,False
clear_probe,474,12,338.0,True
clear_probe,474,15,356.0,False
clear_probe,474,4,1358.0,True
clear_probe,474,14,1952.0,True
clear_probe,474,10,3579.521421708909,False
clear_probe,474,3,4675.281623902178,True
clear_probe,474,20,4753.281623902178,True
clear_probe,475,3,17.0,True
clear_probe,475,4,23.0,True
clear_probe,475,8,47.0,False
clear_probe,475,11,65.0,False
clear_probe,475,18,107.0,False
clear_probe,475,19,113.0,False
clear_probe,475,15,356.0,True
clear_probe,475,2,644.1315256528796,False
clear_probe,475,6,668.1315256528796,False
clear_probe,475,1,4747.953357027635,True
clear_probe,476,1,5.0,True
clear_probe,476,8,47.0,True
clear_probe,476,9,53.0,False
clear_probe,476,12,71.0,False
clear_probe,476,14,83.0,False
clear_probe,476,17,101.0,False
clear_probe,476,19,113.0,False
clear_probe,476,4,290.0,False
clear_probe,476,10,598.0000101183521,False
clear_probe,476,18,646.0000101183521,True
clear_probe,476,3,2247.45320527024,True
clear_probe,476,15,3258.34666898756,True
clear_probe,476,7,3469.261564621832,True
clear_probe,477,1,5.0,True
clear_probe,477,2,11.0,False
clear_probe,477,8,47.0,False
clear_probe,477,10,59.0,False
clear_probe,477,15,89.0,True
clear_probe,477,18,107.0,True
clear_probe,477,3,284.0,False
clear_probe,477,6,302.0,True
clear_probe,477,16,964.766091553938,True
clear_probe,477,13,1998.0760462370235,False
clear_probe,477,11,2496.0760462370235,True
clear_probe,477,20,6105.764705790477,True
clear_probe,477,14,7000.372515245515,True
clear_probe,477,7,7195.372515245515,True
clear_probe,478,1,5.0,True
clear_probe,478,4,23.0,False
clear_probe,478,17,101.0,False
clear_probe,478,6,302.0,False
clear_probe,478,5,1097.0,False
clear_probe,478,9,4165.180767322594,False
clear_probe,478,16,4207.180767322594,True
clear_probe,478,20,4225.180767322594,True
clear_probe,478,14,4924.180767322594,True
clear_probe,478,7,5787.5796624206505,True
clear_probe,478,2,6405.274316912803,True
clear_probe,478,10,7378.356598127827,True
clear_probe,479,2,11.0,True
clear_probe,479,3,17.0,False
clear_probe,479,5,29.0,True
clear_probe,479,6,35.0,False
clear_probe,479,7,41.0,True
clear_probe,479,11,65.0,True
clear_probe,479,13,77.0,True
clear_probe,479,1,272.0,True
clear_probe,479,14,350.0,False
clear_probe,479,15,356.0,True
clear_probe,479,19,380.0,False
clear_probe,479,20,386.0,False
clear_probe,479,9,1180.1709416055346,True
clear_probe,479,18,1607.5083452662398,False
clear_probe,479,17,2873.4001399242006,False
clear_probe,479,12,4966.92587684397,False
clear_probe,480,10,59.0,False
clear_probe,480,11,65.0,False
clear_probe,480,17,101.0,False
clear_probe,480,19,113.0,True
clear_probe,480,20,386.0,True
clear_probe,480,13,611.0,False
clear_probe,480,15,890.0,True
clear_probe,480,14,1151.0,True
clear_probe,480,5,1369.8223456476642,False
clear_probe,480,7,2686.6319797127453,True
clear_probe,480,2,4492.853661024583,False
clear_probe,480,4,4504.853661024583,False
clear_probe,480,12,5105.323521451834,False
clear_probe,481,4,23.0,False
clear_probe,481,11,65.0,True
clear_probe,481,16,95.0,False
clear_probe,481,18,107.0,False
clear_probe,481,20,119.0,False
clear_probe,481,2,278.0,False
clear_probe,481,9,320.0,True
clear_probe,481,10,326.0,True
clear_probe,481,8,581.0,True
clear_probe,481,14,3812.532041457411,True
clear_probe,481,5,4007.532041457411,True
clear_probe,481,1,4499.15508053756,False
clear_probe,481,15,4784.15508053756,True
clear_probe,481,6,4979.15508053756,True
clear_probe,481,3,6051.9631370070465,True
clear_probe,482,6,35.0,False
clear_probe,482,9,53.0,False
clear_probe,482,17,101.0,False
clear_probe,482,3,284.0,False
clear_probe,482,8,314.0,False
clear_probe,482,13,344.0,False
clear_probe,482,20,386.0,False
clear_probe,482,1,2597.054296672207,False
clear_probe,482,18,2924.054296672207,True
clear_probe,482,19,3422.210242124711,False
clear_probe,482,7,3599.210242124711,True
clear_probe,482,4,3920.9864656142095,True
clear_probe,482,14,4323.889127962204,False
clear_probe,482,10,4938.889127962204,True
clear_probe,483,1,5.0,False
clear_probe,483,2,11.0,True
clear_probe,483,12,71.0,False
clear_probe,483,13,77.0,True
clear_probe,483,18,107.0,False
clear_probe,483,19,113.0,False
clear_probe,483,4,562.0002775329318,False
clear_probe,483,9,1061.5625471955993,True
clear_probe,483,11,3267.995681071127,True
clear_probe,483,15,3285.995681071127,True
clear_probe,483,3,4423.941276369587,False
clear_probe,483,6,4435.941276369587,True
clear_probe,483,16,4750.8829534437455,False
clear_probe,483,10,6559.94539218926,True
clear_probe,484,2,11.0,False
clear_probe,484,5,29.0,True
clear_probe,484,6,35.0,False
clear_probe,484,17,101.0,False
clear_probe,484,19,113.0,False
clear_probe,484,8,314.0,False
clear_probe,484,12,338.0,False
clear_probe,484,16,362.0,False
clear_probe,484,14,933.09533259907,True
clear_probe,484,13,1424.6738606553715,True
clear_probe,484,4,2369.8674094860803,False
clear_probe,484,18,2423.8674094860803,True
clear_probe,484,15,2642.8674094860803,True
clear_probe,484,11,5374.053574733602,True
clear_probe,485,5,29.0,False
clear_probe,485,6,35.0,False
clear_probe,485,11,65.0,True
clear_probe,485,14,83.0,False
clear_probe,485,18,107.0,False
clear_probe,485,8,314.0,False
clear_probe,485,13,344.0,True
clear_probe,485,10,1179.2106220814271,False
clear_probe,485,12,1584.382427263531,True
clear_probe,485,16,4965.063814864452,True
clear_probe,485,7,6270.20283270102,True
clear_probe,486,8,47.0,False
clear_probe,486,16,95.0,True
clear_probe,486,19,113.0,True
clear_probe,486,7,308.0,False
clear_probe,486,5,1816.0303240522749,True
clear_probe,486,6,1822.0303240522749,True
clear_probe,486,9,1834.0303240522749,False
clear_probe,486,12,2374.030324052275,False
clear_probe,486,20,2422.030324052275,True
clear_probe,486,14,4737.262514931195,True
clear_probe,486,15,5868.262514931195,False
clear_probe,487,2,11.0,False
clear_probe,487,3,17.0,False
clear_probe,487,8,47.0,False
clear_probe,487,10,59.0,True
clear_probe,487,12,71.0,False
clear_probe,487,16,95.0,False
clear_probe,487,18,107.0,False
clear_probe,487,20,119.0,False
clear_probe,487,6,302.0,False
clear_probe,487,7,731.5098299344329,True
clear_probe,487,13,767.5098299344329,True
clear_probe,487,14,773.5098299344329,False
clear_probe,487,9,1502.509829934433,True
clear_probe,487,5,3070.5771676497757,True
clear_probe,487,11,4291.188636362401,True
clear_probe,487,4,4698.31581667532,True
clear_probe,488,7,41.0,False
clear_probe,488,9,53.0,True
clear_probe,488,11,65.0,False
clear_probe,488,20,119.0,True
clear_probe,488,10,326.0,False
clear_probe,488,17,368.0,False
clear_probe,488,18,374.0,True
clear_probe,488,13,1742.4745213370031,True
clear_probe,488,3,4730.7785136333905,True
clear_probe,488,6,6745.552410802801,True
clear_probe,489,14,83.0,False
clear_probe,489,15,89.0,True
clear_probe,489,16,95.0,True
clear_probe,489,3,284.0,True
clear_probe,489,17,635.0,False
clear_probe,489,6,1898.0,False
clear_probe,489,9,3469.0973941837883,True
clear_probe,489,13,3493.0973941837883,False
clear_probe,489,1,4035.407599411241,False
clear_probe,489,19,4356.407599411241,True
clear_probe,489,20,4599.407599411241,False
clear_probe,490,2,11.0,True
clear_probe,490,6,35.0,False
clear_probe,490,7,41.0,False
clear_probe,490,12,71.0,True
clear_probe,490,20,119.0,False
clear_probe,490,14,350.0,False
clear_probe,490,10,593.0,True
clear_probe,490,13,1105.021165554359,True
clear_probe,490,9,1336.021165554359,True
clear_probe,490,16,1378.021165554359,True
clear_probe,490,15,1882.021165554359,True
clear_probe,490,4,2587.021165554359,False
clear_probe,490,3,3474.4880735167335,False
clear_probe,490,8,3498.4880735167335,False
clear_probe,490,18,3996.4880735167335,True
clear_probe,491,4,23.0,False
clear_probe,491,9,53.0,False
clear_probe,491,11,65.0,False
clear_probe,491,14,83.0,False
clear_probe,491,16,95.0,False
clear_probe,491,17,101.0,False
clear_probe,491,6,302.0,True
clear_probe,491,7,308.0,False
clear_probe,491,13,870.5539187643806,True
clear_probe,491,8,1089.5539187643806,False
clear_probe,491,12,1107.5539187643806,False
clear_probe,491,19,1131.5539187643806,True
clear_probe,491,18,7517.568002620377,True
clear_probe,492,4,23.0,False
clear_probe,492,5,29.0,True
clear_probe,492,10,59.0,True
clear_probe,492,13,77.0,False
clear_probe,492,20,119.0,False
clear_probe,492,3,284.0,True
clear_probe,492,6,302.0,True
clear_probe,492,14,350.0,True
clear_probe,492,15,356.0,True
clear_probe,492,18,1175.0,True
clear_probe,492,2,1346.0,True
clear_probe,492,12,3761.6074756397807,False
clear_probe,492,11,4761.701526357912,True
clear_probe,492,16,5484.701526357912,True
clear_probe,492,19,5502.701526357912,True
clear_probe,492,1,5655.701526357912,False
clear_probe,493,1,5.0,False
clear_probe,493,5,29.0,False
clear_probe,493,8,47.0,False
clear_probe,493,9,53.0,False
clear_probe,493,10,59.0,False
clear_probe,493,16,95.0,True
clear_probe,493,4,290.0,False
clear_probe,493,12,338.0,False
clear_probe,493,14,350.0,False
clear_probe,493,11,667.0036315879821,True
clear_probe,493,17,2234.6902720129765,True
clear_probe,493,19,7873.474304117666,True
clear_probe,494,4,23.0,True
clear_probe,494,6,35.0,False
clear_probe,494,12,71.0,True
clear_probe,494,14,83.0,True
clear_probe,494,19,113.0,False
clear_probe,494,9,320.0,True
clear_probe,494,16,362.0,False
clear_probe,494,18,374.0,False
clear_probe,494,11,928.8549613270367,False
clear_probe,494,15,952.8549613270367,True
clear_probe,494,1,1915.2113867819155,True
clear_probe,494,20,4405.09834821989,False
clear_probe,494,5,4789.09834821989,True
clear_probe,494,10,5239.09834821989,True
clear_probe,494,7,6406.8440550989335,True
clear_probe,495,19,113.0,False
clear_probe,495,2,278.0,True
clear_probe,495,4,290.0,False
clear_probe,495,5,296.0,True
clear_probe,495,6,302.0,False
clear_probe,495,11,332.0,True
clear_probe,495,13,344.0,False
clear_probe,495,20,386.0,False
clear_probe,495,10,1468.0219476229584,True
clear_probe,495,14,1492.0219476229584,False
clear_probe,495,15,2228.918045673527,False
clear_probe,495,18,2944.222479232269,False
clear_probe,495,3,4534.4897423649945,False
clear_probe,495,7,6431.539023499949,False
clear_probe,495,17,6461.539023499949,False
clear_probe,496,4,23.0,False
clear_probe,496,5,29.0,False
clear_probe,496,13,77.0,False
clear_probe,496,17,101.0,False
clear_probe,496,18,107.0,False
clear_probe,496,19,113.0,False
clear_probe,496,8,314.0,True
clear_probe,496,10,326.0,True
clear_probe,496,12,605.0,True
clear_probe,496,7,1459.9648550811585,True
clear_probe,496,9,3254.18170071752,True
clear_probe,496,11,3266.18170071752,False
clear_probe,496,3,5297.746522589987,True
clear_probe,496,20,6149.639563907017,True
clear_probe,496,15,6734.639563907017,True
clear_probe,497,2,11.0,True
clear_probe,497,5,29.0,True
clear_probe,497,9,53.0,False
clear_probe,497,12,71.0,False
clear_probe,497,18,107.0,True
clear_probe,497,20,119.0,False
clear_probe,497,6,589.4918013377858,False
clear_probe,497,10,607.4918013377858,False
clear_probe,497,11,613.4918013377858,True
clear_probe,497,13,1430.4796356746056,False
clear_probe,497,4,4757.1434458090425,True
clear_probe,497,7,4763.1434458090425,False
clear_probe,498,1,5.0,False
clear_probe,498,3,17.0,False
clear_probe,498,5,29.0,False
clear_probe,498,8,47.0,False
clear_probe,498,9,53.0,False
clear_probe,498,12,71.0,True
clear_probe,498,13,77.0,True
clear_probe,498,14,83.0,False
clear_probe,498,16,95.0,False
clear_probe,498,18,107.0,True
clear_probe,498,19,113.0,False
clear_probe,498,10,1088.3217960611669,True
clear_probe,498,20,2132.321796061167,False
clear_probe,499,2,11.0,True
clear_probe,499,5,29.0,False
clear_probe,499,6,35.0,True
clear_probe,499,9,53.0,True
clear_probe,499,10,59.0,False
clear_probe,499,11,65.0,True
clear_probe,499,12,71.0,False
clear_probe,499,19,380.0,True
clear_probe,499,17,1964.0,True
clear_probe,499,16,4362.9878865888495,True
clear_probe,500,3,17.0,False
clear_probe,500,6,35.0,True
clear_probe,500,13,77.0,False
clear_probe,500,16,95.0,False
clear_probe,500,18,107.0,False
clear_probe,500,2,278.0,False
clear_probe,500,8,314.0,False
clear_probe,500,14,350.0,False
clear_probe,500,4,832.3186159421296,True
clear_probe,500,17,4049.519302002509,True
clear_probe,500,20,4834.575304528233,True
clear_probe,500,9,4991.306266915863,False
clear_probe,500,10,5448.118517355166,True
clear_probe,500,11,5679.118517355166,True
clear_probe,500,15,5691.118517355166,False
clear_probe,500,1,6426.766827450521,True
clear_probe,501,6,35.0,False
clear_probe,501,9,53.0,False
clear_probe,501,11,65.0,False
clear_probe,501,13,77.0,True
clear_probe,501,14,83.0,True
clear_probe,501,15,89.0,False
clear_probe,501,17,101.0,True
clear_probe,501,18,107.0,False
clear_probe,501,8,314.0,True
clear_probe,501,1,539.6400563108414,True
clear_probe,501,16,623.6400563108414,False
clear_probe,501,19,641.6400563108414,True
clear_probe,501,10,3241.417110794138,True
clear_probe,501,12,3478.417110794138,True
clear_probe,501,3,6532.417110794138,True
clear_probe,502,3,17.0,True
clear_probe,502,11,65.0,True
clear_probe,502,12,71.0,False
clear_probe,502,14,83.0,False
clear_probe,502,19,113.0,True
clear_probe,502,1,272.0,False
clear_probe,502,4,290.0,True
clear_probe,502,6,1620.2758637740449,True
clear_probe,502,16,1929.2758637740449,False
clear_probe,502,18,2606.9084381946464,False
clear_probe,502,20,4378.169418710036,False
clear_probe,502,9,4574.777932728339,True
clear_probe,502,2,5235.208019333476,True
clear_probe,502,7,5247.208019333476,False
clear_probe,503,1,5.0,False
clear_probe,503,3,17.0,False
clear_probe,503,5,29.0,False
clear_probe,503,12,71.0,False
clear_probe,503,13,849.0171531927087,True
clear_probe,503,18,879.0171531927087,False
clear_probe,503,10,1439.1153398635995,False
clear_probe,503,11,1445.1153398635995,True
clear_probe,503,2,4234.591722575927,True
clear_probe,503,17,4294.591722575927,True
clear_probe,503,7,4714.591722575927,False
clear_probe,504,7,41.0,True
clear_probe,504,9,53.0,False
clear_probe,504,11,65.0,False
clear_probe,504,12,71.0,True
clear_probe,504,19,113.0,False
clear_probe,504,20,119.0,True
clear_probe,504,10,326.0,True
clear_probe,504,1,1340.0,True
clear_probe,504,2,1346.0,True
clear_probe,504,3,2266.585755639586,True
clear_probe,504,15,3284.186510230798,False
clear_probe,504,5,3953.186510230798,True
clear_probe,504,6,5623.677784960889,True
clear_probe,505,5,29.0,False
clear_probe,505,9,53.0,False
clear_probe,505,10,59.0,False
clear_probe,505,11,65.0,False
clear_probe,505,14,83.0,True
clear_probe,505,6,302.0,False
clear_probe,505,13,344.0,False
clear_probe,505,16,362.0,False
clear_probe,505,18,4301.729668015898,True
clear_probe,505,17,4769.729668015898,False
clear_probe,505,20,5498.729668015898,True
clear_probe,506,12,71.0,False
clear_probe,506,14,83.0,False
clear_probe,506,2,278.0,True
clear_probe,506,3,284.0,True
clear_probe,506,4,290.0,True
clear_probe,506,8,314.0,False
clear_probe,506,9,320.0,True
clear_probe,506,18,374.0,False
clear_probe,506,19,380.0,True
clear_probe,506,20,386.0,False
clear_probe,506,15,889.5053842060962,True
clear_probe,506,16,2000.5683170313105,True
clear_probe,506,13,2647.582405997892,True
clear_probe,506,6,2848.582405997892,True
clear_probe,506,1,4975.915398200931,False
clear_probe,506,7,6248.774270163322,True
clear_probe,507,4,23.0,False
clear_probe,507,5,29.0,True
clear_probe,507,17,101.0,True
clear_probe,507,19,113.0,True
clear_probe,507,14,350.0,True
clear_probe,507,15,623.0,True
clear_probe,507,8,1382.0,True
clear_probe,507,6,1904.0,False
clear_probe,507,11,4385.294659723333,True
clear_probe,507,2,4592.294659723333,True
clear_probe,507,12,4889.294659723333,True
clear_probe,507,16,4907.294659723333,True
clear_probe,507,20,6122.294659723333,False
clear_probe,508,2,11.0,False
clear_probe,508,11,65.0,True
clear_probe,508,8,314.0,True
clear_probe,508,20,1435.4948037315978,True
clear_probe,508,4,2172.872820290234,False
clear_probe,508,5,2178.872820290234,True
clear_probe,508,12,2214.872820290234,True
clear_probe,508,14,2226.872820290234,True
clear_probe,508,15,2232.872820290234,True
clear_probe,508,9,3434.0193319300683,False
clear_probe,508,3,5851.6988042037565,True
clear_probe,508,19,6112.6988042037565,True
clear_probe,508,16,6301.6988042037565,True
clear_probe,508,6,6484.6988042037565,True
clear_probe,509,1,5.0,False
clear_probe,509,4,23.0,True
clear_probe,509,5,29.0,False
clear_probe,509,6,35.0,False
clear_probe,509,7,41.0,False
clear_probe,509,11,65.0,False
clear_probe,509,14,83.0,True
clear_probe,509,9,320.0,False
clear_probe,509,17,635.0,True
clear_probe,509,10,1401.7173126117732,False
clear_probe,509,19,1449.7173126117732,False
clear_probe,509,12,3691.240738207842,False
clear_probe,509,15,4359.344954211056,True
clear_probe,509,20,4383.344954211056,True
clear_probe,509,8,6732.301152434624,True
clear_probe,510,6,35.0,False
clear_probe,510,9,53.0,True
clear_probe,510,15,89.0,False
clear_probe,510,20,119.0,False
clear_probe,510,3,551.0,True
clear_probe,510,8,581.0,True
clear_probe,510,12,872.0,True
clear_probe,510,13,1412.0,True
clear_probe,510,18,2747.0,False
clear_probe,510,4,3389.5326405414153,False
clear_probe,510,2,3632.5326405414153,True
clear_probe,510,19,5566.05638990635,False
clear_probe,510,11,5757.8061611637395,True
clear_probe,510,10,6408.290275194022,True
clear_probe,510,14,7914.648041643401,True
clear_probe,511,12,71.0,True
clear_probe,511,15,89.0,False
clear_probe,511,18,107.0,True
clear_probe,511,19,113.0,False
clear_probe,511,4,290.0,True
clear_probe,511,8,314.0,True
clear_probe,511,16,362.0,False
clear_probe,511,20,1481.4641320024891,True
clear_probe,511,5,5070.929673484927,False
clear_probe,511,14,6000.271282181294,True
clear_probe,512,3,17.0,False
clear_probe,512,5,29.0,False
clear_probe,512,7,41.0,True
clear_probe,512,14,83.0,True
clear_probe,512,15,89.0,False
clear_probe,512,11,332.0,True
clear_probe,512,12,338.0,True
clear_probe,512,10,2804.767657889431,True
clear_probe,512,4,3311.2578195032556,False
clear_probe,512,20,4425.817406715021,False
clear_probe,513,5,29.0,True
clear_probe,513,10,59.0,True
clear_probe,513,14,83.0,False
clear_probe,513,19,113.0,False
clear_probe,513,3,284.0,False
clear_probe,513,7,308.0,False
clear_probe,513,6,2677.6438321753803,True
clear_probe,513,20,3235.6438321753803,False
clear_probe,513,1,4105.4014605331995,True
clear_probe,513,18,5391.0208869323,False
clear_probe,514,6,35.0,False
clear_probe,514,10,59.0,False
clear_probe,514,14,83.0,False
clear_probe,514,17,101.0,False
clear_probe,514,5,296.0,False
clear_probe,514,4,956.7987333824324,True
clear_probe,514,19,1264.461480357573,True
clear_probe,514,7,1447.1125927320402,True
clear_probe,514,11,1465.1125927320402,False
clear_probe,514,15,1483.1125927320402,True
clear_probe,514,16,1732.1125927320402,False
clear_probe,514,18,2257.2173489474494,True
clear_probe,515,3,17.0,False
clear_probe,515,4,23.0,True
clear_probe,515,5,29.0,False
clear_probe,515,9,53.0,False
clear_probe,515,10,59.0,True
clear_probe,515,12,338.0,True
clear_probe,515,8,848.0,True
clear_probe,515,16,1964.0,False
clear_probe,515,18,4075.1115679658215,False
clear_probe,515,20,4342.111567965821,True
clear_probe,515,1,4993.111567965821,True
clear_probe,516,1,5.0,False
clear_probe,516,7,41.0,False
clear_probe,516,11,65.0,False
clear_probe,516,15,89.0,False
clear_probe,516,16,95.0,False
clear_probe,516,17,101.0,False
clear_probe,516,3,284.0,False
clear_probe,516,19,380.0,False
clear_probe,516,9,1321.0238354096089,True
clear_probe,516,10,2506.954766171764,True
clear_probe,516,6,3025.533090835159,True
clear_probe,516,5,3244.533090835159,False
clear_probe,516,8,3256.533090835159,False
clear_probe,516,14,3280.533090835159,True
clear_probe,516,18,6782.650957820334,True
clear_probe,516,20,6788.650957820334,True
clear_probe,517,5,29.0,False
clear_probe,517,7,41.0,False
clear_probe,517,17,101.0,False
clear_probe,517,6,302.0,True
clear_probe,517,9,320.0,False
clear_probe,517,12,338.0,False
clear_probe,517,13,344.0,False
clear_probe,517,10,1187.689768896599,False
clear_probe,517,1,1394.689768896599,False
clear_probe,517,4,1673.70332531226,True
clear_probe,517,20,1968.8831646326194,True
clear_probe,517,14,2654.07817257604,False
clear_probe,517,3,3960.465070508902,False
clear_probe,517,8,5055.465070508902,False
clear_probe,517,15,5073.465070508902,False
clear_probe,517,19,5097.465070508902,True
clear_probe,518,1,5.0,False
clear_probe,518,4,23.0,True
clear_probe,518,5,29.0,False
clear_probe,518,13,77.0,False
clear_probe,518,14,83.0,True
clear_probe,518,17,101.0,False
clear_probe,518,18,107.0,False
clear_probe,518,20,119.0,True
clear_probe,518,19,380.0,True
clear_probe,518,8,867.9568107764695,False
clear_probe,518,12,1981.4695304995078,True
clear_probe,518,10,3817.4695304995075,False
clear_probe,518,16,4535.809138674693,False
clear_probe,518,7,5194.683134757766,True
clear_probe,518,9,5200.683134757766,False
clear_probe,518,11,6833.979767940639,True
clear_probe,519,7,41.0,False
clear_probe,519,8,47.0,False
clear_probe,519,9,53.0,False
clear_probe,519,16,362.0,False
clear_probe,519,13,633.185924645156,True
clear_probe,519,15,645.185924645156,True
clear_probe,519,1,828.185924645156,True
clear_probe,519,10,3266.93141668077,True
clear_probe,519,11,3515.93141668077,True
clear_probe,519,19,4229.329994603904,True
clear_probe,519,2,6150.473022447277,True
clear_probe,519,4,6162.473022447277,True
clear_probe,519,5,6387.473022447277,True
clear_probe,519,12,6405.473022447277,True
clear_probe,520,2,11.0,True
clear_probe,520,12,71.0,False
clear_probe,520,19,113.0,False
clear_probe,520,7,308.0,False
clear_probe,520,15,356.0,False
clear_probe,520,18,374.0,False
clear_probe,520,13,1358.5618747685876,True
clear_probe,520,16,1370.5618747685876,True
clear_probe,520,4,3035.1658585027612,False
clear_probe,520,5,3041.1658585027612,False
clear_probe,521,6,35.0,False
clear_probe,521,9,53.0,True
clear_probe,521,13,77.0,False
clear_probe,521,14,83.0,False
clear_probe,521,17,101.0,False
clear_probe,521,2,278.0,False
clear_probe,521,10,3349.2030157797694,True
clear_probe,521,16,4084.2030157797694,True
clear_probe,521,1,5685.653052060574,True
clear_probe,521,11,5727.653052060574,False
clear_probe,522,8,47.0,False
clear_probe,522,9,53.0,False
clear_probe,522,15,89.0,False
clear_probe,522,3,284.0,False
clear_probe,522,4,2690.9617332239304,False
clear_probe,522,14,3521.072348437958,False
clear_probe,522,1,3953.072348437958,True
clear_probe,522,5,3965.072348437958,True
clear_probe,522,13,4001.072348437958,False
clear_probe,522,11,4489.488539257639,True
clear_probe,523,1,5.0,False
clear_probe,523,9,53.0,False
clear_probe,523,11,65.0,False
clear_probe,523,13,77.0,True
clear_probe,523,14,83.0,True
clear_probe,523,17,101.0,True
clear_probe,523,20,119.0,True
clear_probe,523,6,302.0,False
clear_probe,523,8,581.0,True
clear_probe,523,10,1385.871844764732,True
clear_probe,523,3,3035.0389605102646,False
clear_probe,523,7,3527.0389605102646,False
clear_probe,523,16,3563.0389605102646,True
clear_probe,523,18,3569.0389605102646,True
clear_probe,523,4,4623.927978152508,False
clear_probe,524,1,5.0,True
clear_probe,524,11,65.0,False
clear_probe,524,15,89.0,False
clear_probe,524,16,95.0,False
clear_probe,524,19,380.0,False
clear_probe,524,9,938.7329685401759,True
clear_probe,524,5,2682.1948194372476,False
clear_probe,524,12,2718.1948194372476,True
clear_probe,524,2,4171.76840749309,True
clear_probe,524,4,4669.76840749309,True
clear_probe,524,3,5629.76840749309,False
clear_probe,525,1,5.0,True
clear_probe,525,2,11.0,False
clear_probe,525,4,23.0,True
clear_probe,525,5,29.0,False
clear_probe,525,7,41.0,True
clear_probe,525,8,47.0,False
clear_probe,525,14,83.0,False
clear_probe,525,15,89.0,True
clear_probe,525,17,101.0,True
clear_probe,525,9,320.0,False
clear_probe,525,10,1365.7723562202257,True
clear_probe,525,16,1395.7723562202257,True
clear_probe,525,18,1644.7723562202257,True
clear_probe,525,20,1893.7723562202257,True
clear_probe,525,6,3457.370128969198,True
clear_probe,525,3,4587.299330675372,False
clear_probe,526,1,5.0,True
clear_probe,526,3,17.0,True
clear_probe,526,10,59.0,False
clear_probe,526,16,95.0,False
clear_probe,526,6,1103.0,True
clear_probe,526,7,3191.0,True
clear_probe,526,13,3221.0,False
clear_probe,526,20,5609.102747805629,True
clear_probe,526,2,5762.102747805629,True
clear_probe,526,9,6724.245721885286,True
clear_probe,526,8,6943.245721885286,False
clear_probe,527,1,5.0,False
clear_probe,527,5,29.0,False
clear_probe,527,6,35.0,False
clear_probe,527,13,77.0,True
clear_probe,527,14,83.0,True
clear_probe,527,17,101.0,False
clear_probe,527,9,1628.3463602762836,True
clear_probe,527,11,2501.398609968046,True
clear_probe,527,10,3224.398609968046,True
clear_probe,527,8,3940.4648806917776,False
clear_probe,527,19,3982.4648806917776,False
clear_probe,527,3,4249.756832390546,True
clear_probe,527,20,7453.70376075397,True
clear_probe,528,2,11.0,False
clear_probe,528,10,59.0,True
clear_probe,528,16,95.0,True
clear_probe,528,4,290.0,True
clear_probe,528,13,344.0,True
clear_probe,528,14,558.1202873770926,False
clear_probe,528,18,939.9290389636029,False
clear_probe,528,15,3785.259485885146,False
clear_probe,528,7,3986.259485885146,True
clear_probe,528,6,4957.9559910879225,False
clear_probe,528,8,4963.9559910879225,True
clear_probe,528,17,4993.9559910879225,True
clear_probe,528,19,5005.9559910879225,False
clear_probe,528,20,5011.9559910879225,False
clear_probe,528,12,7382.308009494657,True
clear_probe,528,3,8215.810971259485,True
clear_probe,529,2,11.0,False
clear_probe,529,3,17.0,True
clear_probe,529,4,23.0,True
clear_probe,529,5,29.0,False
clear_probe,529,14,83.0,True
clear_probe,529,16,95.0,False
clear_probe,529,19,113.0,False
clear_probe,529,17,626.2217003324048,False
clear_probe,529,13,2132.639955754124,False
clear_probe,529,7,3093.384709077644,True
clear_probe,529,12,4901.385498100642,False
clear_probe,529,15,5175.852058372022,False
clear_probe,529,18,5187.852058372022,False
clear_probe,529,8,7735.080834715518,True
clear_probe,529,10,7747.080834715518,True
clear_probe,530,1,5.0,False
clear_probe,530,7,41.0,False
clear_probe,530,9,53.0,True
clear_probe,530,11,65.0,False
clear_probe,530,14,350.0,False
clear_probe,530,16,1094.319659347975,True
clear_probe,530,17,2240.7558716619665,True
clear_probe,530,15,2477.7558716619665,True
clear_probe,530,4,3589.878310096983,True
clear_probe,530,8,5378.773793087874,True
clear_probe,530,3,5810.773793087874,True
clear_probe,530,18,6758.773793087874,False
clear_probe,531,3,17.0,False
clear_probe,531,14,83.0,True
clear_probe,531,15,89.0,False
clear_probe,531,16,95.0,True
clear_probe,531,2,278.0,True
clear_probe,531,8,314.0,False
clear_probe,531,12,338.0,False
clear_probe,531,20,386.0,False
clear_probe,531,7,865.9842867916027,True
clear_probe,531,4,1096.9842867916027,True
clear_probe,531,11,1138.9842867916027,False
clear_probe,531,6,2839.048620709251,False
clear_probe,531,1,3040.048620709251,True
clear_probe,531,13,3070.048620709251,False
clear_probe,531,5,6844.023377124302,False
clear_probe,532,5,29.0,False
clear_probe,532,13,77.0,False
clear_probe,532,1,272.0,True
clear_probe,532,17,368.0,False
clear_probe,532,3,1368.1350745961915,False
clear_probe,532,11,1416.1350745961915,True
clear_probe,532,12,2785.512293498781,False
clear_probe,532,20,4017.4377362252762,True
clear_probe,532,2,5381.432099135635,True
clear_probe,532,18,5958.447338108827,True
clear_probe,532,16,6165.447338108827,True
clear_probe,533,7,41.0,True
clear_probe,533,12,71.0,False
clear_probe,533,17,101.0,True
clear_probe,533,20,119.0,False
clear_probe,533,5,1879.0801748515312,True
clear_probe,533,6,2923.0801748515314,False
clear_probe,533,19,3442.177832666644,False
clear_probe,533,8,4084.606153253093,True
clear_probe,533,9,4595.356882488669,True
clear_probe,533,2,5062.224577675394,False
clear_probe,533,3,5068.224577675394,True
clear_probe,533,14,6603.359414993468,False
clear_probe,533,16,6834.359414993468,True
clear_probe,534,6,35.0,False
clear_probe,534,7,41.0,True
clear_probe,534,13,77.0,False
clear_probe,534,15,89.0,False
clear_probe,534,17,101.0,False
clear_probe,534,19,113.0,False
clear_probe,534,5,296.0,True
clear_probe,534,10,326.0,False
clear_probe,534,11,332.0,False
clear_probe,534,1,3858.4320963978685,True
clear_probe,534,3,4356.432096397868,True
clear_probe,534,18,5589.432096397868,True
clear_probe,534,16,6039.432096397868,True
clear_probe,535,2,11.0,False
clear_probe,535,3,17.0,False
clear_probe,535,9,53.0,False
clear_probe,535,14,83.0,True
clear_probe,535,5,296.0,False
clear_probe,535,8,314.0,False
clear_probe,535,16,362.0,False
clear_probe,535,13,1557.6934626309692,False
clear_probe,535,20,2568.210303127361,True
clear_probe,535,19,4707.5554038752325,False
clear_probe,535,4,6920.002084780095,True
clear_probe,536,3,17.0,False
clear_probe,536,6,35.0,False
clear_probe,536,7,41.0,True
clear_probe,536,8,47.0,False
clear_probe,536,11,65.0,True
clear_probe,536,12,71.0,True
clear_probe,536,13,77.0,False
clear_probe,536,17,101.0,True
clear_probe,536,19,113.0,True
clear_probe,536,20,119.0,False
clear_probe,536,4,290.0,False
clear_probe,536,1,4119.869080333256,True
clear_probe,536,15,5103.869080333256,True
clear_probe,536,18,5790.869080333256,True
clear_probe,536,14,6444.313253635103,False
clear_probe,537,1,5.0,False
clear_probe,537,3,17.0,False
clear_probe,537,6,35.0,True
clear_probe,537,7,41.0,False
clear_probe,537,8,47.0,False
clear_probe,537,10,59.0,True
clear_probe,537,12,71.0,False
clear_probe,537,13,77.0,False
clear_probe,537,20,119.0,False
clear_probe,537,2,278.0,False
clear_probe,537,5,296.0,False
clear_probe,537,15,356.0,False
clear_probe,537,16,362.0,True
clear_probe,537,9,3301.1820802116586,True
clear_probe,537,19,4810.957397671278,False
clear_probe,538,3,17.0,True
clear_probe,538,9,53.0,False
clear_probe,538,13,77.0,False
clear_probe,538,16,95.0,True
clear_probe,538,5,296.0,True
clear_probe,538,17,368.0,True
clear_probe,538,2,646.2622099609998,True
clear_probe,538,7,676.2622099609998,False
clear_probe,538,10,1406.1789525195234,True
clear_probe,538,11,2884.450931472737,True
clear_probe,538,6,4104.459854071805,False
clear_probe,538,19,5616.459854071805,True
clear_probe,539,12,71.0,False
clear_probe,539,18,107.0,False
clear_probe,539,19,113.0,True
clear_probe,539,4,290.0,False
clear_probe,539,5,296.0,False
clear_probe,539,15,623.0,False
clear_probe,539,7,1103.0,True
clear_probe,539,17,1432.1134913063433,False
clear_probe,539,13,3271.8229564299277,False
clear_probe,539,14,3277.8229564299277,True
clear_probe,539,2,5744.438324675841,False
clear_probe,539,9,6550.52062581383,True
clear_probe,540,2,11.0,False
clear_probe,540,7,41.0,False
clear_probe,540,10,59.0,True
clear_probe,540,17,101.0,False
clear_probe,540,8,314.0,False
clear_probe,540,11,599.0,True
clear_probe,540,12,605.0,True
clear_probe,540,4,2430.1462211870457,False
clear_probe,540,5,2436.1462211870457,False
clear_probe,540,20,2502.1462211870457,True
clear_probe,540,18,3201.0539950383245,False
clear_probe,540,15,3426.0539950383245,True
clear_probe,540,19,3444.0539950383245,True
clear_probe,540,1,6680.7528290212485,True
clear_probe,541,2,11.0,False
clear_probe,541,8,47.0,False
clear_probe,541,9,53.0,True
clear_probe,541,13,77.0,False
clear_probe,541,15,89.0,False
clear_probe,541,16,95.0,False
clear_probe,541,6,656.7057316329209,False
clear_probe,541,3,1858.014163576398,True
clear_probe,541,5,1870.014163576398,False
clear_probe,541,14,1906.014163576398,True
clear_probe,541,1,2190.625632289023,False
clear_probe,541,20,2262.625632289023,False
clear_probe,542,3,17.0,True
clear_probe,542,4,23.0,False
clear_probe,542,10,59.0,True
clear_probe,542,20,119.0,False
clear_probe,542,5,2084.7442501701344,True
clear_probe,542,14,2399.7442501701344,False
clear_probe,542,12,3435.0514911165606,True
clear_probe,542,6,3648.0514911165606,True
clear_probe,542,19,4284.740433139448,True
clear_probe,542,7,6032.233833052595,True
clear_probe,542,8,6038.233833052595,True
clear_probe,542,1,6251.233833052595,True
clear_probe,542,16,6305.233833052595,True
clear_probe,543,2,11.0,False
clear_probe,543,6,35.0,False
clear_probe,543,7,41.0,False
clear_probe,543,8,47.0,True
clear_probe,543,9,53.0,False
clear_probe,543,12,71.0,False
clear_probe,543,16,95.0,False
clear_probe,543,5,296.0,True
clear_probe,543,15,356.0,False
clear_probe,543,10,558.9199711870874,True
clear_probe,543,11,801.3327527440324,False
clear_probe,543,3,1602.9691257400123,True
clear_probe,543,14,4439.545293311628,False
clear_probe,543,17,4445.545293311628,False
clear_probe,543,18,4451.545293311628,True
clear_probe,543,19,5965.00730344231,True
clear_probe,544,7,41.0,False
clear_probe,544,8,47.0,False
clear_probe,544,10,59.0,False
clear_probe,544,14,83.0,False
clear_probe,544,11,332.0,False
clear_probe,544,20,386.0,False
clear_probe,544,4,2281.639735661707,True
clear_probe,544,1,2767.1118048399767,False
clear_probe,544,3,2779.1118048399767,False
clear_probe,544,2,3599.150391266869,False
clear_probe,544,12,4433.103494612167,False
clear_probe,544,9,4848.607803031181,False
clear_probe,544,16,5547.607803031181,False
clear_probe,544,13,6662.909224123726,True
clear_probe,544,15,6668.909224123726,True
clear_probe,545,3,17.0,False
clear_probe,545,6,35.0,False
clear_probe,545,9,53.0,False
clear_probe,545,12,71.0,False
clear_probe,545,13,77.0,False
clear_probe,545,15,89.0,False
clear_probe,545,20,119.0,False
clear_probe,545,2,278.0,True
clear_probe,545,16,962.2237628926121,False
clear_probe,545,10,6693.248445733247,True
clear_probe,545,8,7131.248445733247,True
clear_probe,546,3,17.0,False
clear_probe,546,7,41.0,False
clear_probe,546,9,53.0,False
clear_probe,546,18,107.0,False
clear_probe,546,16,1186.5196868381418,True
clear_probe,546,2,1726.1311555507666,True
clear_probe,546,19,2642.826093029626,False
clear_probe,546,12,3323.826093029626,False
clear_probe,546,6,4043.1339502323026,True
clear_probe,546,13,5616.724424650035,True
clear_probe,547,6,35.0,False
clear_probe,547,8,47.0,True
clear_probe,547,9,53.0,True
clear_probe,547,4,290.0,False
clear_probe,547,17,368.0,True
clear_probe,547,7,1370.0,False
clear_probe,547,11,1916.0,True
clear_probe,547,19,4766.787350040766,True
clear_probe,547,3,5186.787350040766,True
clear_probe,547,16,6206.787350040766,True
clear_probe,548,5,29.0,False
clear_probe,548,10,59.0,False
clear_probe,548,19,113.0,False
clear_probe,548,8,314.0,True
clear_probe,548,17,368.0,False
clear_probe,548,11,567.3130050697694,True
clear_probe,548,13,579.3130050697694,True
clear_probe,548,3,1033.6252674415257,True
clear_probe,548,9,3907.290560079578,True
clear_probe,548,2,5731.2905600795775,False
clear_probe,549,9,53.0,True
clear_probe,549,20,119.0,True
clear_probe,549,6,302.0,True
clear_probe,549,11,332.0,True
clear_probe,549,17,368.0,False
clear_probe,549,18,374.0,True
clear_probe,549,7,1109.0,False
clear_probe,549,2,1346.0,True
clear_probe,549,12,1683.4455325567044,True
clear_probe,549,13,3246.3852960296817,True
clear_probe,549,19,3963.3852960296817,False
clear_probe,549,8,4246.487619967764,True
clear_probe,549,14,4270.487619967764,False
clear_probe,549,16,4983.840519588115,True
clear_probe,549,5,5269.061175084394,True
clear_probe,550,7,41.0,False
clear_probe,550,9,53.0,False
clear_probe,550,18,107.0,False
clear_probe,550,19,113.0,False
clear_probe,550,2,278.0,False
clear_probe,550,6,302.0,True
clear_probe,550,16,362.0,True
clear_probe,550,1,639.0956361385635,True
clear_probe,550,4,918.0956361385635,True
clear_probe,550,14,1630.5844348218484,True
clear_probe,550,12,4076.656101396372,False
clear_probe,550,13,5223.062280718054,False
clear_probe,550,10,5408.193225227373,True
clear_probe,550,20,5444.193225227373,True
clear_probe,550,5,5648.882591183946,False
clear_probe,550,11,7602.070353653597,True
clear_probe,551,1,5.0,False
clear_probe,551,3,17.0,True
clear_probe,551,7,41.0,False
clear_probe,551,19,113.0,False
clear_probe,551,20,119.0,True
clear_probe,551,18,374.0,False
clear_probe,551,8,601.009170968241,False
clear_probe,551,11,1402.009170968241,True
clear_probe,551,13,3530.3421564278187,False
clear_probe,551,5,4133.319836977389,True
clear_probe,551,9,4151.319836977389,False
clear_probe,551,12,4163.319836977389,False
clear_probe,551,15,5586.163854626311,True
clear_probe,551,6,5781.163854626311,True
clear_probe,552,3,17.0,True
clear_probe,552,13,77.0,False
clear_probe,552,10,326.0,True
clear_probe,552,2,1079.0,True
clear_probe,552,17,1970.0,False
clear_probe,552,18,2777.0,False
clear_probe,552,8,3299.83590757822,False
clear_probe,552,7,4573.979818831052,False
clear_probe,552,9,5314.979818831052,True
clear_probe,552,12,5818.979818831052,True
clear_probe,553,1,5.0,False
clear_probe,553,5,29.0,False
clear_probe,553,7,41.0,False
clear_probe,553,9,53.0,False
clear_probe,553,11,65.0,True
clear_probe,553,15,89.0,False
clear_probe,553,8,314.0,False
clear_probe,553,17,368.0,False
clear_probe,553,19,380.0,True
clear_probe,553,20,653.0,True
clear_probe,553,3,1138.2880237685274,True
clear_probe,553,10,2855.8012384891294,True
clear_probe,553,13,4612.872349725984,False
clear_probe,554,3,17.0,True
clear_probe,554,5,29.0,False
clear_probe,554,7,41.0,False
clear_probe,554,13,77.0,False
clear_probe,554,17,101.0,False
clear_probe,554,14,350.0,False
clear_probe,554,15,356.0,False
clear_probe,554,20,653.0,True
clear_probe,554,1,3068.477106820629,True
clear_probe,554,12,5067.35960422479,False
clear_probe,554,6,5944.221813933754,True
clear_probe,554,11,5968.221813933754,False
clear_probe,554,2,6417.382595418727,False
clear_probe,554,19,6873.382595418727,True
clear_probe,555,9,53.0,False
clear_probe,555,18,107.0,False
clear_probe,555,20,119.0,False
clear_probe,555,5,296.0,False
clear_probe,555,17,368.0,True
clear_probe,555,16,629.0,True
clear_probe,555,7,1619.337264144915,False
clear_probe,555,6,3751.4409731839482,False
clear_probe,555,4,4207.440973183948,False
clear_probe,555,10,4225.440973183948,True
clear_probe,555,15,4255.440973183948,True
clear_probe,556,1,5.0,False
clear_probe,556,9,53.0,True
clear_probe,556,14,83.0,True
clear_probe,556,15,89.0,False
clear_probe,556,18,107.0,False
clear_probe,556,20,119.0,True
clear_probe,556,12,338.0,True
clear_probe,556,19,380.0,True
clear_probe,556,3,1085.0,False
clear_probe,556,17,4214.940770293224,False
clear_probe,556,6,4409.940770293224,False
clear_probe,556,4,5393.987964975102,True
clear_probe,556,7,5866.373158347636,False
clear_probe,556,16,7377.956576401179,True
clear_probe,556,10,7683.280722153107,True
clear_probe,557,18,107.0,False
clear_probe,557,13,344.0,False
clear_probe,557,19,380.0,True
clear_probe,557,4,622.3702599104963,True
clear_probe,557,11,925.3702599104963,False
clear_probe,557,20,1999.3702599104963,True
clear_probe,557,9,2200.3702599104963,True
clear_probe,557,10,2461.3702599104963,True
clear_probe,557,17,3506.522801006548,True
clear_probe,557,14,7443.620338714943,True
clear_probe,558,2,11.0,True
clear_probe,558,14,83.0,False
clear_probe,558,16,95.0,False
clear_probe,558,10,326.0,False
clear_probe,558,8,1499.294315793703,True
clear_probe,558,9,2349.1206166097318,False
clear_probe,558,18,2397.1206166097318,False
clear_probe,558,1,3072.1206166097318,True
clear_probe,558,15,3705.8056365589664,False
clear_probe,558,19,4778.383438095632,False
clear_probe,558,17,5614.169716396836,True
clear_probe,558,3,8025.565463129064,True
clear_probe,558,4,8031.565463129064,True
clear_probe,559,5,29.0,False
clear_probe,559,12,71.0,True
clear_probe,559,16,95.0,True
clear_probe,559,20,119.0,True
clear_probe,559,14,350.0,True
clear_probe,559,3,616.9941737217515,False
clear_probe,559,8,640.9941737217515,True
clear_probe,559,6,889.9941737217515,True
clear_probe,559,11,5443.317924961277,True
clear_probe,559,9,5668.317924961277,True
clear_probe,560,7,41.0,True
clear_probe,560,9,53.0,False
clear_probe,560,10,59.0,False
clear_probe,560,11,65.0,False
clear_probe,560,16,95.0,False
clear_probe,560,6,302.0,False
clear_probe,560,8,314.0,True
clear_probe,560,20,386.0,True
clear_probe,560,13,629.3831796256667,False
clear_probe,560,4,1091.3831796256668,True
clear_probe,560,12,1139.3831796256668,True
clear_probe,560,15,1157.3831796256668,False
clear_probe,560,2,1513.7669336317713,False
clear_probe,560,18,1827.2199727286702,False
clear_probe,560,19,1833.2199727286702,True
clear_probe,560,1,2217.21997272867,False
clear_probe,561,6,35.0,False
clear_probe,561,7,41.0,False
clear_probe,561,8,47.0,False
clear_probe,561,9,53.0,False
clear_probe,561,17,101.0,False
clear_probe,561,15,1406.0,True
clear_probe,561,4,3664.0245174601487,False
clear_probe,561,12,3706.0245174601487,True
clear_probe,561,13,3712.0245174601487,False
clear_probe,561,19,3742.0245174601487,True
clear_probe,561,10,4366.572343955095,False
clear_probe,561,14,4878.316460786742,False
clear_probe,561,18,6180.316460786742,True
clear_probe,561,20,7167.213407015816,True
clear_probe,562,1,5.0,False
clear_probe,562,7,41.0,True
clear_probe,562,19,113.0,False
clear_probe,562,4,290.0,False
clear_probe,562,6,302.0,True
clear_probe,562,2,519.3098655287638,True
clear_probe,562,8,549.3098655287638,True
clear_probe,562,15,591.3098655287638,True
clear_probe,562,3,2545.038169346769,True
clear_probe,562,16,3358.038169346769,False
clear_probe,562,14,5079.30583061446,True
clear_probe,562,20,5571.30583061446,True
clear_probe,562,17,5790.30583061446,False
clear_probe,562,11,6453.30583061446,True
clear_probe,562,12,6459.30583061446,True
clear_probe,563,3,17.0,False
clear_probe,563,20,119.0,False
clear_probe,563,1,272.0,False
clear_probe,563,15,356.0,False
clear_probe,563,5,563.0,True
clear_probe,563,12,1139.0,True
clear_probe,563,18,1441.068344757799,True
clear_probe,563,4,1626.9217619574529,True
clear_probe,563,11,1668.9217619574529,True
clear_probe,563,8,3607.884129361607,True
clear_probe,563,19,4366.884129361607,False
clear_probe,563,10,4792.884129361607,False
clear_probe,563,6,5449.884129361607,False
clear_probe,563,17,7227.124083555258,True
clear_probe,564,3,17.0,False
clear_probe,564,15,89.0,True
clear_probe,564,10,326.0,True
clear_probe,564,11,332.0,False
clear_probe,564,14,350.0,True
clear_probe,564,19,380.0,False
clear_probe,564,12,882.2009128994707,True
clear_probe,564,7,2461.6464624988207,True
clear_probe,564,6,4995.954045737361,False
clear_probe,564,2,5220.954045737361,True
clear_probe,564,18,5547.954045737361,True
clear_probe,564,5,5961.954045737361,True
clear_probe,565,2,11.0,True
clear_probe,565,12,71.0,True
clear_probe,565,13,77.0,True
clear_probe,565,16,95.0,True
clear_probe,565,17,101.0,False
clear_probe,565,19,113.0,False
clear_probe,565,6,302.0,False
clear_probe,565,9,320.0,False
clear_probe,565,4,1067.7692946093214,True
clear_probe,565,14,1357.764426113349,False
clear_probe,565,10,4514.1086053038725,True
clear_probe,565,7,4727.1086053038725,True
clear_probe,565,11,5413.154663829821,False
clear_probe,565,3,6912.819945053441,True
clear_probe,565,15,7344.819945053441,True
clear_probe,566,1,5.0,False
clear_probe,566,3,17.0,False
clear_probe,566,13,77.0,False
clear_probe,566,14,83.0,False
clear_probe,566,16,95.0,False
clear_probe,566,9,320.0,False
clear_probe,566,10,593.0,True
clear_probe,566,15,623.0,False
clear_probe,566,2,2385.844436442016,False
clear_probe,566,18,2457.844436442016,False
clear_probe,566,5,5102.604973874881,True
clear_probe,566,6,5108.604973874881,False
clear_probe,566,8,5348.498757863155,True
clear_probe,566,11,5360.498757863155,False
clear_probe,566,12,5366.498757863155,True
clear_probe,566,7,5962.590665115536,False
clear_probe,567,1,5.0,True
clear_probe,567,3,17.0,False
clear_probe,567,6,35.0,False
clear_probe,567,7,41.0,True
clear_probe,567,11,65.0,False
clear_probe,567,12,71.0,False
clear_probe,567,18,107.0,True
clear_probe,567,13,880.4384854822251,True
clear_probe,567,10,3029.459267037724,False
clear_probe,567,15,3953.1129370082176,True
clear_probe,567,16,5301.5951120850905,True
clear_probe,568,2,11.0,False
clear_probe,568,4,23.0,False
clear_probe,568,20,119.0,True
clear_probe,568,8,314.0,False
clear_probe,568,9,320.0,False
clear_probe,568,13,889.4819321596924,False
clear_probe,568,14,895.4819321596924,False
clear_probe,568,12,1144.4819321596924,True
clear_probe,568,18,6228.434996845472,True
clear_probe,568,16,7956.702984685574,True
clear_probe,569,2,11.0,False
clear_probe,569,5,29.0,False
clear_probe,569,15,89.0,True
clear_probe,569,18,107.0,False
clear_probe,569,19,113.0,True
clear_probe,569,17,368.0,False
clear_probe,569,8,580.0212623587237,False
clear_probe,569,10,592.0212623587237,True
clear_probe,569,16,628.0212623587237,True
clear_probe,569,13,2468.087048688931,True
clear_probe,569,12,3331.90456907144,True
clear_probe,569,11,5126.825716901272,True
clear_probe,569,14,5948.1556167384315,False
clear_probe,569,20,5966.1556167384315,True
clear_probe,570,1,5.0,False
clear_probe,570,6,35.0,True
clear_probe,570,7,41.0,False
clear_probe,570,9,53.0,False
clear_probe,570,13,77.0,False
clear_probe,570,2,598.9632026211211,False
clear_probe,570,5,616.9632026211211,False
clear_probe,570,11,646.9632026211211,False
clear_probe,570,10,5590.947482581829,True
clear_probe,570,19,6873.5271283967395,True
clear_probe,571,1,5.0,False
clear_probe,571,9,53.0,False
clear_probe,571,10,59.0,False
clear_probe,571,11,332.0,True
clear_probe,571,4,519.7161042301957,True
clear_probe,571,13,1079.567077444389,True
clear_probe,571,20,2836.079593485658,False
clear_probe,571,3,2995.079593485658,True
clear_probe,571,5,4396.183823827705,True
clear_probe,571,14,4897.414124754695,True
clear_probe,571,2,5939.053733118557,True
clear_probe,572,2,11.0,True
clear_probe,572,3,17.0,False
clear_probe,572,9,53.0,True
clear_probe,572,11,65.0,True
clear_probe,572,13,77.0,False
clear_probe,572,16,95.0,False
clear_probe,572,18,107.0,True
clear_probe,572,19,113.0,False
clear_probe,572,20,119.0,False
clear_probe,572,4,290.0,False
clear_probe,572,12,338.0,True
clear_probe,573,2,11.0,False
clear_probe,573,3,17.0,False
clear_probe,573,5,29.0,True
clear_probe,573,6,35.0,False
clear_probe,573,9,53.0,False
clear_probe,573,10,59.0,False
clear_probe,573,12,71.0,False
clear_probe,573,13,77.0,False
clear_probe,573,14,83.0,False
clear_probe,573,19,113.0,False
clear_probe,573,4,1677.352182611403,True
clear_probe,573,18,3745.2078765999336,True
clear_probe,573,8,6271.37984322472,True
clear_probe,573,15,6289.37984322472,False
clear_probe,573,16,7297.158522357858,True
clear_probe,574,8,47.0,False
clear_probe,574,12,71.0,True
clear_probe,574,13,77.0,True
clear_probe,574,15,89.0,False
clear_probe,574,19,113.0,False
clear_probe,574,20,119.0,True
clear_probe,574,10,326.0,False
clear_probe,574,16,632.3695573749937,False
clear_probe,574,18,905.3695573749937,True
clear_probe,574,7,3538.3886486556826,True
clear_probe,574,4,5861.253903492814,True
clear_probe,574,1,6507.166992273013,True
clear_probe,575,2,11.0,False
clear_probe,575,4,23.0,False
clear_probe,575,11,65.0,False
clear_probe,575,14,83.0,False
clear_probe,575,17,101.0,True
clear_probe,575,20,119.0,False
clear_probe,575,10,326.0,False
clear_probe,575,6,1103.0,True
clear_probe,575,13,4441.875743177832,False
clear_probe,575,16,4453.875743177832,True
clear_probe,575,5,4654.8982214982325,False
clear_probe,575,7,7117.137673798111,True
clear_probe,576,4,23.0,False
clear_probe,576,5,29.0,False
clear_probe,576,8,47.0,True
clear_probe,576,10,59.0,False
clear_probe,576,16,95.0,False
clear_probe,576,17,101.0,False
clear_probe,576,18,107.0,False
clear_probe,576,20,119.0,False
clear_probe,576,3,284.0,False
clear_probe,576,9,320.0,True
clear_probe,576,11,1400.0,False
clear_probe,576,2,1879.0019912928508,False
clear_probe,576,1,3029.7885082401604,True
clear_probe,576,19,3089.7885082401604,True
clear_probe,576,15,3943.5679815594494,True
clear_probe,576,7,6542.6420492119505,True
clear_probe,577,2,11.0,False
clear_probe,577,3,17.0,False
clear_probe,577,5,29.0,True
clear_probe,577,8,47.0,False
clear_probe,577,15,89.0,False
clear_probe,577,17,101.0,False
clear_probe,577,13,344.0,False
clear_probe,577,7,575.0,True
clear_probe,577,9,587.0,True
clear_probe,577,14,3691.2363633283962,False
clear_probe,577,4,3901.1707435489075,False
clear_probe,577,11,3931.1707435489075,True
clear_probe,577,12,5295.969555764683,False
clear_probe,578,4,23.0,True
clear_probe,578,12,71.0,False
clear_probe,578,14,83.0,True
clear_probe,578,1,272.0,True
clear_probe,578,2,278.0,True
clear_probe,578,3,284.0,False
clear_probe,578,5,296.0,False
clear_probe,578,17,368.0,False
clear_probe,578,13,611.0,False
clear_probe,578,20,2739.114187693728,True
clear_probe,578,10,2925.7578474588577,False
clear_probe,578,18,3865.5784302764737,True
clear_probe,578,19,4812.556528210951,True
clear_probe,578,6,4965.556528210951,True
clear_probe,578,7,5731.268463443691,True
clear_probe,578,11,6277.085706211621,True
clear_probe,579,6,35.0,False
clear_probe,579,11,65.0,True
clear_probe,579,18,107.0,False
clear_probe,579,19,113.0,False
clear_probe,579,20,119.0,False
clear_probe,579,2,278.0,False
clear_probe,579,13,1412.0,False
clear_probe,579,5,2416.121866376355,False
clear_probe,579,16,4048.4871003315457,True
clear_probe,579,1,4487.577823336748,False
clear_probe,579,7,4705.087220650141,True
clear_probe,579,9,6522.764524676002,True
clear_probe,580,3,17.0,False
clear_probe,580,7,41.0,True
clear_probe,580,8,47.0,True
clear_probe,580,11,65.0,True
clear_probe,580,17,101.0,False
clear_probe,580,14,350.0,False
clear_probe,580,12,1162.8146823192094,True
clear_probe,580,4,2139.678435744113,True
clear_probe,580,5,2850.3506909470557,True
clear_probe,580,19,3402.3506909470557,False
clear_probe,580,13,3864.3506909470557,True
clear_probe,580,9,4365.360680849909,True
clear_probe,580,10,5259.360680849909,True
clear_probe,580,16,5721.360680849909,True
clear_probe,581,1,5.0,False
clear_probe,581,3,17.0,False
clear_probe,581,5,29.0,False
clear_probe,581,6,35.0,True
clear_probe,581,7,41.0,False
clear_probe,581,10,59.0,False
clear_probe,581,14,83.0,False
clear_probe,581,15,89.0,False
clear_probe,581,17,101.0,False
clear_probe,581,18,107.0,False
clear_probe,581,20,119.0,True
clear_probe,581,12,338.0,False
clear_probe,581,8,4318.125691847206,False
clear_probe,581,13,5687.662095280281,True
clear_probe,581,9,7510.64269744228,True
clear_probe,582,4,23.0,False
clear_probe,582,8,47.0,True
clear_probe,582,13,77.0,True
clear_probe,582,15,89.0,False
clear_probe,582,6,579.7720306364805,False
clear_probe,582,11,981.8471427946563,False
clear_probe,582,16,1005.8471427946563,True
clear_probe,582,9,2398.477641917101,True
clear_probe,582,18,3424.477641917101,True
clear_probe,582,12,4116.352830051177,True
clear_probe,582,1,5280.661799345616,True
clear_probe,583,4,23.0,False
clear_probe,583,8,47.0,True
clear_probe,583,14,83.0,False
clear_probe,583,18,107.0,False
clear_probe,583,7,308.0,True
clear_probe,583,10,593.0,True
clear_probe,583,5,1373.671019439762,True
clear_probe,583,19,1451.671019439762,True
clear_probe,583,15,2200.8837592180616,True
clear_probe,583,13,3172.694070071709,True
clear_probe,583,11,4067.6602913388965,True
clear_probe,583,17,4091.6602913388965,True
clear_probe,583,12,4517.660291338896,True
clear_probe,583,9,6014.660291338896,False
clear_probe,584,5,29.0,False
clear_probe,584,8,47.0,True
clear_probe,584,9,53.0,False
clear_probe,584,14,83.0,False
clear_probe,584,4,290.0,True
clear_probe,584,2,545.0,True
clear_probe,584,13,611.0,True
clear_probe,584,3,1404.009665519077,True
clear_probe,584,6,1416.009665519077,True
clear_probe,584,17,2192.4339735299645,True
clear_probe,584,16,2903.9397424533913,True
clear_probe,584,15,4637.766123109035,False
clear_probe,584,10,5696.696181648779,False
clear_probe,584,11,5702.696181648779,False
clear_probe,585,4,23.0,True
clear_probe,585,17,101.0,True
clear_probe,585,7,1109.0,False
clear_probe,585,19,2509.0057207527375,True
clear_probe,585,13,2995.0057207527375,True
clear_probe,585,8,3226.0057207527375,True
clear_probe,585,3,3985.0057207527375,True
clear_probe,585,12,4377.462184010775,True
clear_probe,585,9,5634.462184010775,False
clear_probe,585,15,6417.462184010775,False
clear_probe,586,1,5.0,False
clear_probe,586,7,41.0,False
clear_probe,586,8,47.0,False
clear_probe,586,9,53.0,False
clear_probe,586,10,59.0,True
clear_probe,586,19,113.0,False
clear_probe,586,12,338.0,False
clear_probe,586,15,356.0,False
clear_probe,586,4,557.0,True
clear_probe,586,5,563.0,True
clear_probe,586,20,920.0,True
clear_probe,586,2,4717.340852372873,False
clear_probe,586,3,7597.820325499866,True
clear_probe,586,16,7627.820325499866,False
clear_probe,586,18,8029.820325499866,True
clear_probe,587,18,107.0,False
clear_probe,587,19,113.0,True
clear_probe,587,4,290.0,False
clear_probe,587,7,308.0,True
clear_probe,587,14,350.0,True
clear_probe,587,20,386.0,False
clear_probe,587,3,2343.1995614001567,False
clear_probe,587,8,2859.1995614001567,True
clear_probe,587,16,3150.1995614001567,False
clear_probe,587,6,3594.2588584801624,False
clear_probe,587,10,4181.183763875078,True
clear_probe,587,2,4388.183763875078,True
clear_probe,587,12,4424.183763875078,False
clear_probe,587,17,4448.183763875078,True
clear_probe,587,11,5111.183763875078,True
clear_probe,588,8,47.0,True
clear_probe,588,14,83.0,True
clear_probe,588,1,272.0,True
clear_probe,588,2,278.0,True
clear_probe,588,6,302.0,True
clear_probe,588,7,308.0,False
clear_probe,588,17,368.0,False
clear_probe,588,19,647.0,True
clear_probe,588,9,3340.230616617773,False
clear_probe,588,15,5508.580820093693,False
clear_probe,588,11,6165.580820093693,False
clear_probe,588,13,6177.580820093693,False
clear_probe,588,12,6396.580820093693,True
clear_probe,588,16,6414.580820093693,False
clear_probe,588,10,8060.533976883636,True
clear_probe,589,4,23.0,False
clear_probe,589,8,47.0,True
clear_probe,589,10,59.0,False
clear_probe,589,16,95.0,True
clear_probe,589,17,101.0,False
clear_probe,589,19,113.0,True
clear_probe,589,20,119.0,True
clear_probe,589,13,1145.0,True
clear_probe,589,2,4110.736584892464,True
clear_probe,589,11,4401.736584892464,False
clear_probe,590,13,77.0,False
clear_probe,590,15,89.0,True
clear_probe,590,17,101.0,False
clear_probe,590,18,107.0,True
clear_probe,590,16,362.0,False
clear_probe,590,3,818.0,True
clear_probe,590,6,3442.7836522184916,True
clear_probe,590,14,3484.7836522184916,False
clear_probe,590,12,5640.981657592543,True
clear_probe,590,2,5823.981657592543,True
clear_probe,591,4,23.0,True
clear_probe,591,5,29.0,False
clear_probe,591,12,71.0,True
clear_probe,591,13,77.0,False
clear_probe,591,14,83.0,False
clear_probe,591,16,95.0,False
clear_probe,591,1,1874.0,True
clear_probe,591,9,1922.0,True
clear_probe,591,17,2747.0,True
clear_probe,591,15,3683.6661758371647,False
clear_probe,591,18,3695.6661758371647,False
clear_probe,591,2,4266.481560149674,True
clear_probe,591,3,7207.908080555181,True
clear_probe,591,20,7850.063446021633,True
clear_probe,592,3,17.0,False
clear_probe,592,4,23.0,True
clear_probe,592,5,29.0,False
clear_probe,592,11,65.0,True
clear_probe,592,12,71.0,True
clear_probe,592,17,2753.0,True
clear_probe,592,18,3281.0,False
clear_probe,592,20,3293.0,True
clear_probe,592,6,4255.17908188716,True
clear_probe,592,15,4309.17908188716,True
clear_probe,593,11,65.0,False
clear_probe,593,18,107.0,False
clear_probe,593,15,356.0,True
clear_probe,593,1,1340.0,True
clear_probe,593,3,1619.0,True
clear_probe,593,13,2252.225787587676,True
clear_probe,593,19,2549.225787587676,True
clear_probe,593,16,6931.098103950999,False
clear_probe,593,12,7142.972881777455,True
clear_probe,593,20,7628.972881777455,True
clear_probe,593,7,7984.079668148907,True
clear_probe,593,10,9124.649875032748,True
clear_probe,594,1,5.0,False
clear_probe,594,2,11.0,False
clear_probe,594,7,41.0,False
clear_probe,594,8,47.0,False
clear_probe,594,11,65.0,False
clear_probe,594,18,107.0,True
clear_probe,594,12,338.0,True
clear_probe,594,16,362.0,True
clear_probe,594,17,635.0,True
clear_probe,594,10,873.5414082690797,False
clear_probe,594,4,1359.5414082690797,True
clear_probe,595,1,5.0,False
clear_probe,595,6,35.0,False
clear_probe,595,7,41.0,False
clear_probe,595,8,47.0,True
clear_probe,595,20,119.0,True
clear_probe,595,3,284.0,False
clear_probe,595,9,320.0,True
clear_probe,595,12,338.0,False
clear_probe,595,16,362.0,False
clear_probe,595,17,700.1739240323852,True
clear_probe,595,14,6101.019943501048,False
clear_probe,595,13,6509.019943501048,True
clear_probe,596,6,35.0,False
clear_probe,596,11,65.0,True
clear_probe,596,12,71.0,False
clear_probe,596,14,83.0,False
clear_probe,596,20,119.0,False
clear_probe,596,1,272.0,False
clear_probe,596,5,520.1644221994327,False
clear_probe,596,7,1989.735897799254,False
clear_probe,596,9,2832.488295925119,False
clear_probe,596,19,2874.488295925119,True
clear_probe,596,4,3039.488295925119,True
clear_probe,596,18,4186.976685692902,True
clear_probe,596,16,4897.990844948592,True
clear_probe,597,4,23.0,False
clear_probe,597,14,350.0,True
clear_probe,597,8,581.0,True
clear_probe,597,15,2134.4765490435325,True
clear_probe,597,7,2353.4765490435325,False
clear_probe,597,10,3362.7919731137176,True
clear_probe,597,13,3380.7919731137176,True
clear_probe,597,9,3599.7919731137176,False
clear_probe,597,20,3653.7919731137176,False
clear_probe,597,5,5188.42185922921,False
clear_probe,598,1,5.0,False
clear_probe,598,6,35.0,False
clear_probe,598,10,59.0,False
clear_probe,598,13,77.0,True
clear_probe,598,16,95.0,False
clear_probe,598,20,119.0,False
clear_probe,598,4,290.0,False
clear_probe,598,8,314.0,False
clear_probe,598,9,320.0,True
clear_probe,598,15,1412.0,True
clear_probe,598,19,3771.361950541676,True
clear_probe,598,5,4416.3619505416755,True
clear_probe,598,12,4452.3619505416755,False
clear_probe,598,14,5731.823296155631,True
clear_probe,598,7,5926.823296155631,True
clear_probe,598,17,6963.917325035028,True
clear_probe,599,1,5.0,True
clear_probe,599,2,11.0,False
clear_probe,599,6,35.0,False
clear_probe,599,13,77.0,False
clear_probe,599,16,95.0,True
clear_probe,599,17,101.0,False
clear_probe,599,19,113.0,False
clear_probe,599,11,332.0,True
clear_probe,599,15,623.0,True
clear_probe,599,9,942.5508855635455,False
clear_probe,599,3,1197.0978969619246,False
clear_probe,599,20,1287.0978969619246,True
clear_probe,599,5,4666.294501621534,True
clear_probe,599,4,4891.294501621534,False
clear_probe,599,14,6378.07514831934,False
clear_probe,600,1,5.0,False
clear_probe,600,9,53.0,True
clear_probe,600,13,77.0,False
clear_probe,600,20,119.0,False
clear_probe,600,2,278.0,False
clear_probe,600,7,640.6809382160301,False
clear_probe,600,15,682.6809382160301,True
clear_probe,600,4,1567.4514237044698,True
clear_probe,600,19,3212.9029112726107,True
clear_probe,600,8,4304.725841059677,False
clear_probe,600,5,6908.777712189832,True
clear_probe,600,12,6932.777712189832,True
clear_probe,601,12,71.0,True
clear_probe,601,15,89.0,False
clear_probe,601,2,278.0,False
clear_probe,601,19,380.0,False
clear_probe,601,6,1478.5472853601868,True
clear_probe,601,16,1793.5472853601868,True
clear_probe,601,7,3424.830502283899,False
clear_probe,601,18,3929.9373529498857,True
clear_probe,601,1,5515.666693374684,True
clear_probe,601,4,5527.666693374684,True
clear_probe,601,8,6466.013148830883,True
clear_probe,602,1,5.0,False
clear_probe,602,8,47.0,False
clear_probe,602,12,71.0,False
clear_probe,602,18,107.0,True
clear_probe,602,6,302.0,True
clear_probe,602,10,326.0,True
clear_probe,602,15,356.0,False
clear_probe,602,17,909.6461076660078,False
clear_probe,602,20,927.6461076660078,True
clear_probe,602,2,1869.89434870544,True
clear_probe,602,11,1917.89434870544,False
clear_probe,602,9,2154.005669928307,False
clear_probe,602,7,2385.005669928307,True
clear_probe,603,8,47.0,False
clear_probe,603,9,53.0,False
clear_probe,603,15,89.0,False
clear_probe,603,16,95.0,False
clear_probe,603,18,107.0,True
clear_probe,603,20,119.0,True
clear_probe,603,2,278.0,False
clear_probe,603,19,1774.623082617276,True
clear_probe,603,1,2953.623082617276,True
clear_probe,603,11,3001.623082617276,True
clear_probe,603,10,4385.850697864524,True
clear_probe,604,5,29.0,False
clear_probe,604,8,47.0,False
clear_probe,604,9,53.0,False
clear_probe,604,11,65.0,False
clear_probe,604,13,77.0,False
clear_probe,604,15,89.0,False
clear_probe,604,7,892.1485351968848,False
clear_probe,604,12,2565.1266265124605,True
clear_probe,604,19,3363.118092721203,False
clear_probe,604,18,4170.583257101155,True
clear_probe,605,4,23.0,True
clear_probe,605,10,59.0,True
clear_probe,605,14,83.0,False
clear_probe,605,17,101.0,False
clear_probe,605,18,107.0,False
clear_probe,605,1,272.0,False
clear_probe,605,8,314.0,False
clear_probe,605,16,362.0,False
clear_probe,605,3,2472.7894483514465,True
clear_probe,605,19,4287.7894483514465,True
clear_probe,605,6,5181.7894483514465,True
clear_probe,606,1,5.0,False
clear_probe,606,5,29.0,False
clear_probe,606,8,47.0,True
clear_probe,606,12,71.0,False
clear_probe,606,14,83.0,False
clear_probe,606,17,101.0,False
clear_probe,606,18,107.0,False
clear_probe,606,11,332.0,False
clear_probe,606,19,1063.1113087996218,False
clear_probe,606,16,1629.7634938642339,True
clear_probe,606,3,3034.5472854315553,True
clear_probe,606,7,3717.7245287348464,True
clear_probe,606,10,3729.7245287348464,True
clear_probe,606,15,4179.735931999216,False
clear_probe,606,2,5999.124978426267,True
clear_probe,607,1,5.0,False
clear_probe,607,3,17.0,False
clear_probe,607,5,29.0,False
clear_probe,607,19,113.0,False
clear_probe,607,20,119.0,False
clear_probe,607,12,338.0,True
clear_probe,607,14,872.0,True
clear_probe,607,10,1625.0,True
clear_probe,607,17,1661.0,True
clear_probe,607,13,1924.6160917462632,False
clear_probe,607,15,1936.6160917462632,False
clear_probe,607,2,2149.199885815286,True
clear_probe,607,9,4869.137117010858,True
clear_probe,607,11,4875.137117010858,False
clear_probe,607,4,5987.923010015527,False
clear_probe,608,6,35.0,False
clear_probe,608,7,41.0,False
clear_probe,608,11,65.0,False
clear_probe,608,15,89.0,True
clear_probe,608,8,314.0,False
clear_probe,608,16,362.0,False
clear_probe,608,20,386.0,True
clear_probe,608,19,916.8499870318071,True
clear_probe,608,1,1924.0845649617895,True
clear_probe,608,14,4368.271043572903,False
clear_probe,608,12,4575.271043572903,False
clear_probe,609,3,17.0,False
clear_probe,609,7,41.0,True
clear_probe,609,11,65.0,True
clear_probe,609,14,83.0,False
clear_probe,609,15,89.0,False
clear_probe,609,17,101.0,False
clear_probe,609,12,338.0,False
clear_probe,609,4,1955.4596088247101,True
clear_probe,609,1,2901.84720752323,True
clear_probe,609,5,2919.84720752323,False
clear_probe,609,10,2949.84720752323,False
clear_probe,609,6,4186.073876370817,False
clear_probe,609,9,4654.073876370817,True
clear_probe,609,19,4696.073876370817,True
clear_probe,609,2,5713.073876370817,True
clear_probe,610,4,23.0,True
clear_probe,610,10,59.0,True
clear_probe,610,11,65.0,True
clear_probe,610,13,77.0,True
clear_probe,610,15,89.0,True
clear_probe,610,19,113.0,False
clear_probe,610,1,272.0,True
clear_probe,610,6,2247.629154491814,False
clear_probe,610,14,3072.629154491814,False
clear_probe,610,3,3797.9887398699966,False
clear_probe,610,12,3833.9887398699966,False
clear_probe,610,18,3869.9887398699966,True
clear_probe,610,16,4814.887514545119,False
clear_probe,611,4,23.0,False
clear_probe,611,5,29.0,False
clear_probe,611,12,71.0,False
clear_probe,611,18,107.0,True
clear_probe,611,9,320.0,True
clear_probe,611,11,332.0,True
clear_probe,611,13,637.7026586176255,False
clear_probe,611,3,961.4007225464627,True
clear_probe,611,10,991.4007225464627,True
clear_probe,611,2,2954.480569917829,True
clear_probe,611,7,4021.863188437492,True
clear_probe,611,8,4027.863188437492,False
clear_probe,611,15,5355.210632722299,True
clear_probe,611,16,6183.210632722299,False
clear_probe,612,2,11.0,False
clear_probe,612,5,29.0,True
clear_probe,612,7,41.0,False
clear_probe,612,20,119.0,False
clear_probe,612,3,284.0,True
clear_probe,612,6,302.0,True
clear_probe,612,16,362.0,True
clear_probe,612,18,374.0,False
clear_probe,612,10,871.9940765607599,False
clear_probe,612,8,1331.8603706963595,True
clear_probe,612,17,2767.897946382536,False
clear_probe,612,19,3216.4210313485582,False
clear_probe,612,4,3827.029114852737,True
clear_probe,612,1,6932.173862374869,True
clear_probe,612,12,6950.173862374869,True
clear_probe,612,13,6956.173862374869,True
clear_probe,613,1,5.0,True
clear_probe,613,2,11.0,True
clear_probe,613,5,29.0,False
clear_probe,613,17,101.0,False
clear_probe,613,10,326.0,False
clear_probe,613,16,362.0,False
clear_probe,613,4,1091.0,True
clear_probe,613,8,1762.38509454827,False
clear_probe,613,7,2011.38509454827,True
clear_probe,613,18,3013.913308014115,False
clear_probe,613,15,3806.3425214349604,True
clear_probe,613,9,4007.3425214349604,True
clear_probe,614,11,65.0,False
clear_probe,614,13,77.0,True
clear_probe,614,18,107.0,False
clear_probe,614,1,272.0,True
clear_probe,614,17,368.0,True
clear_probe,614,19,380.0,False
clear_probe,614,10,1127.0,False
clear_probe,614,3,1645.4978286977732,False
clear_probe,614,7,1669.4978286977732,True
clear_probe,614,4,5014.261535415645,True
clear_probe,614,16,7116.935939492219,True
clear_probe,614,8,7293.935939492219,False
clear_probe,615,2,11.0,False
clear_probe,615,5,29.0,False
clear_probe,615,9,53.0,False
clear_probe,615,18,107.0,False
clear_probe,615,6,1110.3659763768792,False
clear_probe,615,1,1335.3659763768792,False
clear_probe,615,3,1584.3659763768792,False
clear_probe,615,7,1602.3659763768792,True
clear_probe,615,13,2019.4110272777211,False
clear_probe,615,20,2055.411027277721,False
clear_probe,615,10,4797.081179117542,True
clear_probe,616,3,17.0,False
clear_probe,616,4,23.0,False
clear_probe,616,9,53.0,True
clear_probe,616,11,65.0,True
clear_probe,616,17,635.0,True
clear_probe,616,18,901.2973463281035,False
clear_probe,616,5,1321.6380851250428,True
clear_probe,616,6,1588.6380851250428,True
clear_probe,616,15,1642.6380851250428,True
clear_probe,616,13,4431.065311492619,True
clear_probe,617,1,5.0,False
clear_probe,617,6,35.0,True
clear_probe,617,10,59.0,False
clear_probe,617,14,83.0,False
clear_probe,617,19,113.0,False
clear_probe,617,3,284.0,True
clear_probe,617,17,368.0,False
clear_probe,617,15,2212.5152373199435,False
clear_probe,617,8,2431.5152373199435,False
clear_probe,617,4,4053.8930885811615,True
clear_probe,617,7,4308.8930885811615,False
clear_probe,617,9,4788.8930885811615,True
clear_probe,617,11,5499.8930885811615,True
clear_probe,617,16,6365.241845138423,False
clear_probe,617,12,6566.241845138423,False
clear_probe,618,1,5.0,True
clear_probe,618,4,23.0,False
clear_probe,618,6,35.0,False
clear_probe,618,15,89.0,True
clear_probe,618,20,119.0,False
clear_probe,618,3,284.0,False
clear_probe,618,9,1121.0,False
clear_probe,618,16,1163.0,True
clear_probe,618,11,3770.700126161552,False
clear_probe,618,2,5004.480916968523,True
clear_probe,618,5,5247.480916968523,True
clear_probe,618,19,5544.480916968523,False
clear_probe,618,12,6180.219134415179,True
clear_probe,619,5,29.0,False
clear_probe,619,7,41.0,False
clear_probe,619,12,71.0,True
clear_probe,619,13,77.0,False
clear_probe,619,20,119.0,False
clear_probe,619,6,575.722656210569,False
clear_probe,619,8,581.722656210569,False
clear_probe,619,4,1316.7226562105689,True
clear_probe,619,3,1559.7226562105689,True
clear_probe,619,1,2538.869606662687,False
clear_probe,619,2,2544.869606662687,True
clear_probe,619,16,3078.869606662687,True
clear_probe,619,10,4916.320426919506,True
clear_probe,619,18,5603.320426919506,True
clear_probe,620,1,5.0,False
clear_probe,620,14,83.0,True
clear_probe,620,15,89.0,False
clear_probe,620,4,290.0,False
clear_probe,620,19,380.0,False
clear_probe,620,5,563.83417723796,False
clear_probe,620,17,635.83417723796,True
clear_probe,620,3,2858.4547244935347,True
clear_probe,620,13,4382.454724493535,True
clear_probe,620,18,6308.454724493535,True
clear_probe,620,16,6527.454724493535,True
clear_probe,621,8,47.0,False
clear_probe,621,9,53.0,True
clear_probe,621,10,59.0,False
clear_probe,621,14,83.0,True
clear_probe,621,20,119.0,True
clear_probe,621,13,344.0,False
clear_probe,621,16,362.0,True
clear_probe,621,17,368.0,False
clear_probe,621,12,2101.7567462080146,True
clear_probe,621,5,3770.6902727311513,True
clear_probe,621,3,5417.690272731152,True
clear_probe,621,18,5465.690272731152,False
clear_probe,622,1,5.0,False
clear_probe,622,6,35.0,False
clear_probe,622,9,53.0,False
clear_probe,622,14,83.0,True
clear_probe,622,16,95.0,False
clear_probe,622,17,101.0,False
clear_probe,622,3,284.0,True
clear_probe,622,7,308.0,False
clear_probe,622,19,2442.78217027526,True
clear_probe,622,12,4095.447857087637,True
clear_probe,622,10,5023.898384600327,False
clear_probe,622,2,5907.501953453008,False
clear_probe,623,1,5.0,False
clear_probe,623,2,11.0,True
clear_probe,623,5,29.0,True
clear_probe,623,20,119.0,False
clear_probe,623,3,284.0,False
clear_probe,623,6,302.0,False
clear_probe,623,12,338.0,False
clear_probe,623,16,1655.9401272654482,False
clear_probe,623,11,3127.5844131572826,False
clear_probe,623,13,5388.798520329797,True
clear_probe,624,6,35.0,False
clear_probe,624,7,41.0,False
clear_probe,624,9,53.0,False
clear_probe,624,8,314.0,False
clear_probe,624,11,643.5258856186354,False
clear_probe,624,1,2617.560377352457,False
clear_probe,624,5,3151.560377352457,False
clear_probe,624,10,5032.387911257491,False
clear_probe,624,16,5068.387911257491,True
clear_probe,624,17,5074.387911257491,True
clear_probe,624,2,5245.387911257491,False
clear_probe,625,3,17.0,True
clear_probe,625,8,314.0,False
clear_probe,625,11,332.0,False
clear_probe,625,14,350.0,True
clear_probe,625,19,380.0,True
clear_probe,625,13,1145.0,True
clear_probe,625,2,1346.0,True
clear_probe,625,12,2748.024668967257,True
clear_probe,625,17,2766.024668967257,False
clear_probe,625,10,6603.177211988001,False
clear_probe,625,20,6639.177211988001,True
clear_probe,625,9,7545.265644447126,False
clear_probe,625,6,8138.873093138437,True
clear_probe,626,1,5.0,False
clear_probe,626,5,29.0,False
clear_probe,626,20,119.0,False
clear_probe,626,4,290.0,False
clear_probe,626,9,320.0,False
clear_probe,626,7,1064.8699136512525,True
clear_probe,626,13,1100.8699136512525,False
clear_probe,626,11,1350.710702050266,False
clear_probe,626,19,1398.710702050266,True
clear_probe,626,8,2823.1724448056484,True
clear_probe,626,18,3114.1724448056484,True
clear_probe,626,17,6046.852820386103,False
clear_probe,627,2,11.0,True
clear_probe,627,5,29.0,False
clear_probe,627,9,53.0,True
clear_probe,627,20,119.0,False
clear_probe,627,7,308.0,True
clear_probe,627,19,380.0,False
clear_probe,627,8,852.9436645489449,False
clear_probe,627,10,864.9436645489449,True
clear_probe,627,15,894.9436645489449,True
clear_probe,627,4,4243.0314147654035,False
clear_probe,627,3,5437.999043463269,False
clear_probe,627,1,5893.999043463269,True
clear_probe,628,8,47.0,False
clear_probe,628,9,53.0,True
clear_probe,628,15,89.0,True
clear_probe,628,18,107.0,True
clear_probe,628,20,119.0,True
clear_probe,628,11,332.0,True
clear_probe,628,19,380.0,True
clear_probe,628,7,1376.0,True
clear_probe,628,3,2453.7806720339613,True
clear_probe,628,10,3017.7806720339613,True
clear_probe,628,4,4342.032353567023,True
clear_probe,628,16,5645.006833952269,True
clear_probe,628,14,6362.006833952269,False
clear_probe,629,11,65.0,False
clear_probe,629,10,326.0,True
clear_probe,629,18,1709.0,False
clear_probe,629,6,1904.0,False
clear_probe,629,15,1952.0,True
clear_probe,629,16,4728.646412261326,True
clear_probe,629,17,5949.646412261326,True
clear_probe,629,1,6843.115298341646,True
clear_probe,629,9,6885.115298341646,False
clear_probe,629,8,7673.726767054271,False
clear_probe,630,4,23.0,False
clear_probe,630,5,29.0,False
clear_probe,630,12,71.0,False
clear_probe,630,14,83.0,True
clear_probe,630,19,113.0,False
clear_probe,630,2,278.0,False
clear_probe,630,20,386.0,False
clear_probe,630,10,593.0,True
clear_probe,630,3,818.2151917989472,True
clear_probe,630,16,2007.914529803058,False
clear_probe,630,17,2013.914529803058,True
clear_probe,630,7,5392.861268591381,False
clear_probe,630,18,7407.780502248988,True
clear_probe,631,2,11.0,False
clear_probe,631,5,29.0,False
clear_probe,631,6,35.0,True
clear_probe,631,7,41.0,True
clear_probe,631,20,119.0,False
clear_probe,631,8,314.0,False
clear_probe,631,10,326.0,False
clear_probe,631,14,350.0,False
clear_probe,631,15,356.0,False
clear_probe,631,4,562.5603801595945,True
clear_probe,631,9,592.5603801595945,False
clear_probe,631,11,604.5603801595945,True
clear_probe,631,17,1109.4835835031495,True
clear_probe,631,3,1600.2764121901146,True
clear_probe,631,16,2121.4521668366347,False
clear_probe,631,19,6437.044851618056,False
clear_probe,632,4,23.0,False
clear_probe,632,16,362.0,False
clear_probe,632,7,575.0,True
clear_probe,632,6,836.0,True
clear_probe,632,18,1777.4582080893622,False
clear_probe,632,5,3284.2044813051384,False
clear_probe,632,20,3356.2044813051384,True
clear_probe,632,10,3595.8227321120075,False
clear_probe,632,2,3802.8227321120075,True
clear_probe,632,19,4366.8227321120075,True
clear_probe,632,8,7353.979118248831,True
clear_probe,632,1,7800.759400560106,True
clear_probe,633,1,5.0,False
clear_probe,633,2,11.0,False
clear_probe,633,4,23.0,False
clear_probe,633,12,71.0,False
clear_probe,633,16,95.0,False
clear_probe,633,17,101.0,False
clear_probe,633,20,920.9527666794287,False
clear_probe,633,6,4988.76803160839,False
clear_probe,633,3,5412.59171709031,False
clear_probe,633,9,6730.0269174393,True
clear_probe,634,7,41.0,True
clear_probe,634,8,47.0,True
clear_probe,634,15,89.0,True
clear_probe,634,20,386.0,True
clear_probe,634,3,1886.0,True
clear_probe,634,9,1922.0,True
clear_probe,634,12,2207.0,True
clear_probe,634,1,3058.639551105682,True
clear_probe,634,13,4252.1002678833665,False
clear_probe,634,14,4785.169980010865,False
clear_probe,634,17,6317.279673723637,False
clear_probe,635,15,89.0,False
clear_probe,635,18,107.0,False
clear_probe,635,20,119.0,False
clear_probe,635,3,284.0,False
clear_probe,635,10,326.0,True
clear_probe,635,12,2421.942419953204,False
clear_probe,635,2,3543.6193090511792,False
clear_probe,635,19,4623.619309051179,False
clear_probe,635,16,6332.428412373796,True
clear_probe,635,4,6953.699243197807,True
clear_probe,635,11,6989.699243197807,False
clear_probe,635,9,7208.699243197807,False
clear_probe,636,1,5.0,True
clear_probe,636,6,35.0,False
clear_probe,636,13,77.0,True
clear_probe,636,15,89.0,False
clear_probe,636,17,101.0,False
clear_probe,636,19,113.0,False
clear_probe,636,7,308.0,False
clear_probe,636,5,550.3258913305913,True
clear_probe,636,16,616.3258913305913,False
clear_probe,636,18,628.3258913305913,False
clear_probe,636,9,2824.712779718641,True
clear_probe,637,2,11.0,False
clear_probe,637,3,17.0,False
clear_probe,637,9,53.0,True
clear_probe,637,11,65.0,False
clear_probe,637,12,71.0,False
clear_probe,637,15,89.0,False
clear_probe,637,17,101.0,True
clear_probe,637,20,2222.5250539970784,True
clear_probe,637,14,2696.5250539970784,True
clear_probe,637,7,3332.224070127779,True
clear_probe,637,18,3380.224070127779,False
clear_probe,637,5,5794.479784685085,True
clear_probe,637,1,7024.479784685085,True
clear_probe,638,3,17.0,False
clear_probe,638,4,23.0,False
clear_probe,638,12,71.0,True
clear_probe,638,8,314.0,True
clear_probe,638,18,374.0,True
clear_probe,638,17,635.0,True
clear_probe,638,9,1137.3431164856513,True
clear_probe,638,13,2406.343116485651,True
clear_probe,638,6,3334.572495857621,True
clear_probe,638,19,3400.572495857621,False
clear_probe,638,20,3406.572495857621,True
clear_probe,638,1,3559.572495857621,False
clear_probe,638,15,6064.071622803982,True
clear_probe,638,5,6241.071622803982,True
clear_probe,638,16,7280.522945755967,True
clear_probe,639,1,5.0,False
clear_probe,639,3,17.0,True
clear_probe,639,6,35.0,False
clear_probe,639,13,77.0,False
clear_probe,639,16,95.0,False
clear_probe,639,15,356.0,True
clear_probe,639,19,380.0,True
clear_probe,639,17,1686.4875504980635,True
clear_probe,639,5,2488.5079872180595,False
clear_probe,639,7,2494.5079872180595,True
clear_probe,639,12,2524.5079872180595,True
clear_probe,639,20,2566.5079872180595,True
clear_probe,639,11,5046.924911813708,False
clear_probe,639,9,5496.924911813708,True
clear_probe,639,4,6903.469467376996,True
clear_probe,640,2,11.0,True
clear_probe,640,6,35.0,False
clear_probe,640,8,47.0,False
clear_probe,640,11,65.0,False
clear_probe,640,14,83.0,True
clear_probe,640,15,89.0,True
clear_probe,640,4,290.0,False
clear_probe,640,5,296.0,True
clear_probe,640,12,605.0,True
clear_probe,640,7,842.0,True
clear_probe,641,3,17.0,False
clear_probe,641,7,41.0,False
clear_probe,641,9,53.0,True
clear_probe,641,16,95.0,True
clear_probe,641,17,101.0,False
clear_probe,641,20,119.0,False
clear_probe,641,13,344.0,False
clear_probe,641,19,380.0,False
clear_probe,641,14,863.6144007984938,True
clear_probe,641,1,1046.6144007984938,True
clear_probe,641,15,3809.1968611548805,False
clear_probe,641,10,4256.857533367854,False
clear_probe,641,12,7431.602631203463,True
clear_probe,642,6,35.0,True
clear_probe,642,9,53.0,True
clear_probe,642,10,59.0,False
clear_probe,642,15,89.0,True
clear_probe,642,16,95.0,False
clear_probe,642,17,101.0,False
clear_probe,642,20,119.0,False
clear_probe,642,3,284.0,True
clear_probe,642,7,308.0,False
clear_probe,642,18,374.0,True
clear_probe,642,19,380.0,True
clear_probe,642,14,1276.7978833046873,True
clear_probe,642,13,3350.4621607546014,True
clear_probe,642,4,3539.4621607546014,True
clear_probe,642,5,5370.753218112177,False
clear_probe,643,2,11.0,False
clear_probe,643,5,29.0,False
clear_probe,643,13,77.0,True
clear_probe,643,19,113.0,True
clear_probe,643,7,308.0,False
clear_probe,643,11,332.0,False
clear_probe,643,12,625.7156988509308,True
clear_probe,643,20,1309.0112372254116,True
clear_probe,643,1,2766.0179512685345,True
clear_probe,643,17,3093.0179512685345,True
clear_probe,643,4,3264.0179512685345,True
clear_probe,643,15,4296.0179512685345,True
clear_probe,643,16,5748.0179512685345,False
clear_probe,643,6,8282.326956888053,True
clear_probe,644,1,5.0,True
clear_probe,644,4,23.0,False
clear_probe,644,6,35.0,True
clear_probe,644,16,95.0,False
clear_probe,644,9,2465.208644743143,True
clear_probe,644,14,3011.208644743143,False
clear_probe,644,15,3324.6241842994773,True
clear_probe,644,18,3336.6241842994773,True
clear_probe,644,7,3787.0245372823847,False
clear_probe,644,11,3805.0245372823847,False
clear_probe,644,8,4036.0245372823847,True
clear_probe,644,2,5546.139866745904,True
clear_probe,644,13,8180.694562436976,True
clear_probe,645,1,5.0,False
clear_probe,645,5,29.0,True
clear_probe,645,14,83.0,False
clear_probe,645,19,113.0,True
clear_probe,645,20,386.0,True
clear_probe,645,13,611.0,True
clear_probe,645,10,1928.0,False
clear_probe,645,17,1970.0,False
clear_probe,645,4,5278.5371352824795,True
clear_probe,645,11,5314.5371352824795,False
clear_probe,645,8,7249.384132959911,True
clear_probe,646,6,35.0,True
clear_probe,646,15,89.0,True
clear_probe,646,16,95.0,False
clear_probe,646,18,107.0,False
clear_probe,646,20,386.0,True
clear_probe,646,11,2094.7300678749725,True
clear_probe,646,12,2610.7300678749725,True
clear_probe,646,7,4607.6555106014675,True
clear_probe,646,13,4643.6555106014675,True
clear_probe,646,9,5129.6555106014675,True
clear_probe,646,10,6363.412036492413,True
clear_probe,646,17,6393.412036492413,True
clear_probe,646,3,6564.412036492413,True
clear_probe,646,19,7566.412036492413,True
clear_probe,647,2,11.0,True
clear_probe,647,8,47.0,False
clear_probe,647,10,59.0,False
clear_probe,647,18,107.0,False
clear_probe,647,19,113.0,True
clear_probe,647,7,308.0,True
clear_probe,647,13,344.0,False
clear_probe,647,14,350.0,True
clear_probe,647,6,569.0,True
clear_probe,647,17,1163.0,True
clear_probe,647,4,2044.3280837699278,False
clear_probe,647,3,3724.91939505726,True
clear_probe,647,12,3754.91939505726,True
clear_probe,647,5,4174.91939505726,False
clear_probe,647,15,4953.705473600417,True
clear_probe,648,1,5.0,True
clear_probe,648,8,47.0,True
clear_probe,648,9,53.0,False
clear_probe,648,11,65.0,False
clear_probe,648,12,71.0,False
clear_probe,648,19,113.0,False
clear_probe,648,20,119.0,False
clear_probe,648,4,290.0,False
clear_probe,648,14,804.9441755912958,False
clear_probe,648,2,2273.763624917138,False
clear_probe,648,10,2309.763624917138,False
clear_probe,648,3,4082.8610697298654,True
clear_probe,648,6,4094.8610697298654,False
clear_probe,648,7,4376.715875317112,True
clear_probe,648,17,4400.715875317112,True
clear_probe,649,1,5.0,True
clear_probe,649,7,41.0,False
clear_probe,649,12,71.0,False
clear_probe,649,19,113.0,False
clear_probe,649,4,290.0,False
clear_probe,649,5,901.1213942086465,True
clear_probe,649,15,2479.9757113865235,True
clear_probe,649,13,3915.52513421818,True
clear_probe,649,6,4600.386944898005,True
clear_probe,649,3,6641.36030475602,False
clear_probe,649,8,6647.36030475602,True
clear_probe,649,10,6659.36030475602,False
clear_probe,650,3,17.0,False
clear_probe,650,6,35.0,False
clear_probe,650,9,53.0,True
clear_probe,650,13,77.0,False
clear_probe,650,15,89.0,True
clear_probe,650,14,350.0,True
clear_probe,650,4,557.0,True
clear_probe,650,8,2984.0,False
clear_probe,650,18,3311.0,False
clear_probe,650,20,3851.0,False
clear_probe,650,5,4794.700974687923,True
clear_probe,650,16,5346.700974687923,False
clear_probe,651,1,5.0,True
clear_probe,651,14,83.0,False
clear_probe,651,17,101.0,False
clear_probe,651,19,113.0,False
clear_probe,651,4,290.0,True
clear_probe,651,7,308.0,True
clear_probe,651,20,386.0,True
clear_probe,651,6,569.0,False
clear_probe,651,5,1580.260919268083,False
clear_probe,651,2,4471.950350000242,True
clear_probe,652,4,23.0,False
clear_probe,652,15,89.0,True
clear_probe,652,16,95.0,True
clear_probe,652,19,113.0,True
clear_probe,652,1,272.0,False
clear_probe,652,20,653.0,True
clear_probe,652,17,2348.569096569638,False
clear_probe,652,18,2354.569096569638,True
clear_probe,652,12,4221.891092393324,False
clear_probe,652,6,4449.588223197534,True
clear_probe,652,2,7826.439664660725,True
clear_probe,653,2,11.0,False
clear_probe,653,9,53.0,False
clear_probe,653,11,65.0,False
clear_probe,653,12,71.0,False
clear_probe,653,16,95.0,True
clear_probe,653,5,296.0,True
clear_probe,653,6,302.0,True
clear_probe,653,8,314.0,False
clear_probe,653,17,1436.0,False
clear_probe,653,20,1454.0,False
clear_probe,653,7,1823.9284734064536,True
clear_probe,653,13,2719.374109320808,True
clear_probe,653,15,3236.983918471264,True
clear_probe,653,19,3941.983918471264,False
clear_probe,653,14,4379.983918471264,True
clear_probe,654,3,17.0,False
clear_probe,654,4,23.0,False
clear_probe,654,6,35.0,False
clear_probe,654,8,47.0,True
clear_probe,654,14,83.0,False
clear_probe,654,15,89.0,True
clear_probe,654,10,326.0,False
clear_probe,654,16,362.0,False
clear_probe,654,18,374.0,True
clear_probe,654,20,1454.0,True
clear_probe,654,13,1679.0,True
clear_probe,654,2,2584.067166413982,True
clear_probe,654,19,4140.047768550374,False
clear_probe,654,5,5722.8196053148995,True
clear_probe,654,11,6529.380957991394,True
clear_probe,655,2,11.0,False
clear_probe,655,3,17.0,False
clear_probe,655,4,23.0,False
clear_probe,655,10,59.0,False
clear_probe,655,16,95.0,True
clear_probe,655,17,101.0,True
clear_probe,655,7,308.0,False
clear_probe,655,9,320.0,True
clear_probe,655,11,332.0,True
clear_probe,655,15,3002.5563710063343,True
clear_probe,655,12,4604.339890642503,True
clear_probe,655,14,4616.339890642503,True
clear_probe,655,20,4652.339890642503,True
clear_probe,655,8,5504.339890642503,True
clear_probe,655,1,5705.339890642503,True
clear_probe,655,6,6531.228005052708,True
clear_probe,656,6,35.0,False
clear_probe,656,9,53.0,False
clear_probe,656,13,77.0,False
clear_probe,656,15,89.0,True
clear_probe,656,12,338.0,False
clear_probe,656,17,368.0,True
clear_probe,656,18,374.0,True
clear_probe,656,10,3209.1570776873928,False
clear_probe,656,16,3482.1570776873928,False
clear_probe,656,20,3737.1570776873928,True
clear_probe,656,4,4392.861269343249,True
clear_probe,656,14,4434.861269343249,False
clear_probe,656,19,4671.861269343249,True
clear_probe,656,2,7808.74807813561,True
clear_probe,656,7,8021.74807813561,True
clear_probe,657,1,5.0,False
clear_probe,657,7,41.0,False
clear_probe,657,8,47.0,False
clear_probe,657,9,53.0,False
clear_probe,657,12,71.0,True
clear_probe,657,16,95.0,True
clear_probe,657,19,113.0,True
clear_probe,657,13,344.0,False
clear_probe,657,17,368.0,True
clear_probe,657,14,4507.910331461225,False
clear_probe,657,10,4732.910331461225,True
clear_probe,657,11,5057.658206649655,True
clear_probe,657,18,5081.658206649655,True
clear_probe,657,20,6037.031157028345,True
clear_probe,658,3,17.0,False
clear_probe,658,8,47.0,True
clear_probe,658,16,95.0,True
clear_probe,658,7,308.0,True
clear_probe,658,19,647.0,True
clear_probe,658,4,1340.0,False
clear_probe,658,10,1376.0,True
clear_probe,658,1,1985.3038475012454,True
clear_probe,658,14,2561.7758714378056,True
clear_probe,658,13,4843.328702578765,True
clear_probe,658,17,5968.328702578765,False
clear_probe,659,1,5.0,True
clear_probe,659,4,23.0,False
clear_probe,659,6,35.0,True
clear_probe,659,7,41.0,True
clear_probe,659,9,53.0,True
clear_probe,659,12,71.0,False
clear_probe,659,13,77.0,False
clear_probe,659,16,95.0,False
clear_probe,659,18,374.0,False
clear_probe,659,19,4253.365507683117,True
clear_probe,659,5,4905.747451176796,True
clear_probe,659,20,4959.747451176796,False
clear_probe,659,3,5433.8755623391835,True
clear_probe,659,10,5664.8755623391835,True
clear_probe,659,2,7729.553820563714,True
clear_probe,660,2,11.0,False
clear_probe,660,3,17.0,False
clear_probe,660,5,29.0,False
clear_probe,660,11,65.0,False
clear_probe,660,13,77.0,False
clear_probe,660,19,113.0,True
clear_probe,660,6,656.255642248738,False
clear_probe,660,9,1979.7323832394397,False
clear_probe,660,16,3034.9061199074845,False
clear_probe,660,7,5012.5485896562,True
clear_probe,661,4,23.0,False
clear_probe,661,13,77.0,False
clear_probe,661,11,332.0,True
clear_probe,661,10,593.0,True
clear_probe,661,14,1952.0,False
clear_probe,661,15,1958.0,False
clear_probe,661,19,1982.0,True
clear_probe,661,1,2683.026964594521,False
clear_probe,661,8,4005.3514601171587,False
clear_probe,661,3,4263.002879610105,False
clear_probe,661,6,4500.002879610105,True
clear_probe,662,10,59.0,True
clear_probe,662,11,65.0,True
clear_probe,662,14,83.0,False
clear_probe,662,15,89.0,True
clear_probe,662,19,113.0,False
clear_probe,662,1,272.0,False
clear_probe,662,12,338.0,False
clear_probe,662,16,2173.246695294534,False
clear_probe,662,13,4477.3875704516295,False
clear_probe,662,5,4928.9602675763035,True
clear_probe,662,8,4946.9602675763035,True
clear_probe,662,9,5224.712031512651,True
clear_probe,662,4,5994.13192068159,True
clear_probe,662,18,6867.566940028264,True
clear_probe,662,20,6873.566940028264,False
clear_probe,663,6,35.0,False
clear_probe,663,8,47.0,False
clear_probe,663,13,77.0,True
clear_probe,663,17,101.0,False
clear_probe,663,20,119.0,False
clear_probe,663,2,278.0,False
clear_probe,663,12,338.0,False
clear_probe,663,15,356.0,True
clear_probe,663,19,914.5391420266735,False
clear_probe,663,9,2820.491675547473,True
clear_probe,663,10,3037.556321969334,True
clear_probe,663,11,3043.556321969334,False
clear_probe,663,4,3730.556321969334,True
clear_probe,663,16,3796.556321969334,False
clear_probe,663,7,5781.417268662482,True
clear_probe,664,1,5.0,False
clear_probe,664,2,11.0,False
clear_probe,664,6,35.0,True
clear_probe,664,9,53.0,False
clear_probe,664,13,77.0,False
clear_probe,664,18,107.0,False
clear_probe,664,3,284.0,True
clear_probe,664,11,332.0,False
clear_probe,664,19,1941.4826968766977,True
clear_probe,664,5,2148.7278900175634,True
clear_probe,664,17,2208.7278900175634,True
clear_probe,664,7,2634.7278900175634,False
clear_probe,664,14,3138.7278900175634,False
clear_probe,664,20,4461.008940328913,False
clear_probe,664,16,5283.008940328913,True
clear_probe,664,15,5484.008940328913,True
clear_probe,665,2,11.0,False
clear_probe,665,12,71.0,True
clear_probe,665,13,77.0,False
clear_probe,665,17,101.0,False
clear_probe,665,19,113.0,False
clear_probe,665,15,356.0,True
clear_probe,665,18,374.0,False
clear_probe,665,4,1365.8213023248,True
clear_probe,665,8,3695.3017190617193,True
clear_probe,665,7,4418.301719061719,False
clear_probe,665,20,4478.301719061719,False
clear_probe,665,5,5457.803901292768,True
clear_probe,665,3,6102.803901292768,True
clear_probe,665,1,6303.803901292768,True
clear_probe,666,2,11.0,True
clear_probe,666,6,35.0,False
clear_probe,666,13,77.0,False
clear_probe,666,20,119.0,False
clear_probe,666,1,272.0,True
clear_probe,666,12,338.0,True
clear_probe,666,19,380.0,False
clear_probe,666,10,1147.957837286438,True
clear_probe,666,17,3189.831212203193,True
clear_probe,666,14,3765.29608707997,True
clear_probe,666,3,4053.5077317308496,True
clear_probe,666,9,4486.363215444363,True
clear_probe,666,16,4516.363215444363,False
clear_probe,667,3,17.0,False
clear_probe,667,11,65.0,True
clear_probe,667,12,71.0,False
clear_probe,667,10,326.0,False
clear_probe,667,2,1852.9756695015897,False
clear_probe,667,8,2392.9756695015894,True
clear_probe,667,6,4066.5360492994605,False
clear_probe,667,18,4369.5360492994605,False
clear_probe,667,14,5441.373626562472,False
clear_probe,667,19,6158.373626562472,True
clear_probe,668,3,17.0,True
clear_probe,668,4,23.0,False
clear_probe,668,6,35.0,False
clear_probe,668,7,41.0,False
clear_probe,668,14,83.0,False
clear_probe,668,15,89.0,False
clear_probe,668,19,113.0,False
clear_probe,668,1,272.0,False
clear_probe,668,11,332.0,True
clear_probe,668,9,1364.0,True
clear_probe,668,2,3476.2963091510164,False
clear_probe,668,10,4008.2573604402623,False
clear_probe,668,17,4038.2573604402623,False
clear_probe,669,10,59.0,False
clear_probe,669,12,71.0,False
clear_probe,669,15,89.0,True
clear_probe,669,18,107.0,True
clear_probe,669,5,296.0,False
clear_probe,669,7,308.0,False
clear_probe,669,17,368.0,False
clear_probe,669,19,380.0,True
clear_probe,669,9,891.3856198636954,True
clear_probe,669,3,4683.929527174143,True
clear_probe,669,20,5344.480551178894,True
clear_probe,669,16,7071.962151447414,True
clear_probe,670,1,5.0,True
clear_probe,670,13,77.0,True
clear_probe,670,15,89.0,False
clear_probe,670,17,101.0,False
clear_probe,670,19,113.0,True
clear_probe,670,20,119.0,False
clear_probe,670,12,630.0344955696727,False
clear_probe,670,14,642.0344955696727,True
clear_probe,670,2,1272.76100224124,False
clear_probe,670,7,1302.76100224124,False
clear_probe,670,10,1523.332914555572,True
clear_probe,670,8,1999.0490891201912,True
clear_probe,670,5,5179.605610957605,True
clear_probe,670,18,6062.737636301953,False
clear_probe,671,1,5.0,True
clear_probe,671,12,71.0,True
clear_probe,671,13,77.0,False
clear_probe,671,14,83.0,False
clear_probe,671,15,89.0,True
clear_probe,671,17,101.0,True
clear_probe,671,18,107.0,True
clear_probe,671,19,113.0,False
clear_probe,671,20,119.0,True
clear_probe,671,5,563.0,False
clear_probe,671,4,1868.0,False
clear_probe,671,2,4298.201200805404,True
clear_probe,671,6,5045.201200805404,False
clear_probe,671,7,5525.201200805404,True
clear_probe,671,16,5573.201200805404,False
clear_probe,671,8,6443.201200805404,True
clear_probe,672,6,35.0,True
clear_probe,672,12,71.0,False
clear_probe,672,20,119.0,True
clear_probe,672,5,296.0,False
clear_probe,672,7,1910.0,True
clear_probe,672,14,4889.0,True
clear_probe,672,3,5090.0,True
clear_probe,672,1,5598.030168827347,False
clear_probe,672,9,6150.515437727417,True
clear_probe,672,4,6628.880731739925,True
clear_probe,673,1,5.0,True
clear_probe,673,4,23.0,True
clear_probe,673,13,77.0,False
clear_probe,673,17,101.0,False
clear_probe,673,19,380.0,True
clear_probe,673,15,945.908400931572,False
clear_probe,673,18,957.908400931572,False
clear_probe,673,14,3804.814336464589,False
clear_probe,673,3,3993.4345243400335,False
clear_probe,673,6,4333.0816509626775,True
clear_probe,673,7,5432.859347302136,False
clear_probe,673,10,5675.859347302136,False
clear_probe,673,12,5687.859347302136,True
clear_probe,673,9,5888.859347302136,False
clear_probe,674,3,17.0,False
clear_probe,674,4,23.0,False
clear_probe,674,6,35.0,False
clear_probe,674,10,59.0,False
clear_probe,674,11,65.0,False
clear_probe,674,14,83.0,True
clear_probe,674,16,95.0,False
clear_probe,674,20,119.0,False
clear_probe,674,12,338.0,False
clear_probe,674,2,545.0,True
clear_probe,674,7,1065.4756689409176,True
clear_probe,674,5,1673.6644520290479,True
clear_probe,674,17,2250.6058534805743,True
clear_probe,675,12,71.0,True
clear_probe,675,17,101.0,False
clear_probe,675,8,314.0,False
clear_probe,675,13,344.0,True
clear_probe,675,16,629.0,True
clear_probe,675,14,1521.1940240301478,True
clear_probe,675,7,1962.8112156442364,True
clear_probe,675,18,2758.6892588707206,True
clear_probe,675,2,4869.646338320264,True
clear_probe,675,1,5082.646338320264,False
clear_probe,675,10,7274.584551853481,True
clear_probe,676,11,65.0,True
clear_probe,676,16,95.0,True
clear_probe,676,5,296.0,False
clear_probe,676,6,302.0,True
clear_probe,676,12,338.0,False
clear_probe,676,13,344.0,False
clear_probe,676,14,350.0,False
clear_probe,676,18,641.0,True
clear_probe,676,7,1378.3855229593712,False
clear_probe,676,20,2711.0414057282055,True
clear_probe,677,6,35.0,True
clear_probe,677,8,47.0,False
clear_probe,677,9,53.0,True
clear_probe,677,12,71.0,False
clear_probe,677,15,89.0,True
clear_probe,677,17,101.0,False
clear_probe,677,18,107.0,False
clear_probe,677,20,119.0,False
clear_probe,677,2,638.1504430940887,True
clear_probe,677,5,656.1504430940887,False
clear_probe,677,7,668.1504430940887,True
clear_probe,677,3,1517.2867035527547,False
clear_probe,677,16,3913.046303367282,False
clear_probe,677,10,5459.287070828449,False
clear_probe,677,4,6745.84444572182,True
clear_probe,678,1,5.0,True
clear_probe,678,8,47.0,True
clear_probe,678,13,77.0,False
clear_probe,678,6,1370.0,True
clear_probe,678,14,3536.651706021079,True
clear_probe,678,11,4956.230744130775,False
clear_probe,678,12,5460.230744130775,True
clear_probe,678,19,5739.230744130775,True
clear_probe,678,20,6831.988742163785,True
clear_probe,678,17,8992.881797043014,True
clear_probe,679,6,35.0,False
clear_probe,679,7,41.0,False
clear_probe,679,10,59.0,False
clear_probe,679,15,89.0,False
clear_probe,679,17,101.0,True
clear_probe,679,18,107.0,True
clear_probe,679,2,278.0,True
clear_probe,679,20,2102.155374050054,False
clear_probe,679,12,2309.155374050054,False
clear_probe,679,3,3677.233857938594,True
clear_probe,679,19,3755.233857938594,False
clear_probe,679,8,4418.658321488949,True
clear_probe,679,4,5125.310229041008,False
clear_probe,679,9,5143.310229041008,True
clear_probe,679,13,5155.310229041008,True
clear_probe,680,11,65.0,False
clear_probe,680,16,95.0,False
clear_probe,680,17,101.0,False
clear_probe,680,19,113.0,False
clear_probe,680,7,308.0,True
clear_probe,680,15,356.0,True
clear_probe,680,9,543.1869339366708,True
clear_probe,680,6,3894.8390391009543,False
clear_probe,680,8,4155.839039100954,True
clear_probe,680,13,4888.500295348858,True
clear_probe,680,20,4912.500295348858,True
clear_probe,680,12,5137.061468342799,False
clear_probe,680,3,6643.711631606889,False
clear_probe,680,5,8107.016302717974,True
clear_probe,681,2,11.0,True
clear_probe,681,6,35.0,True
clear_probe,681,9,53.0,True
clear_probe,681,13,77.0,True
clear_probe,681,10,326.0,True
clear_probe,681,20,386.0,True
clear_probe,681,8,581.0,False
clear_probe,681,11,599.0,True
clear_probe,681,16,629.0,True
clear_probe,681,15,2236.707739722305,True
clear_probe,681,1,3876.466715213892,True
clear_probe,681,3,5310.466715213892,True
clear_probe,681,4,5646.833906964377,False
clear_probe,682,11,65.0,False
clear_probe,682,13,77.0,False
clear_probe,682,14,83.0,False
clear_probe,682,15,89.0,False
clear_probe,682,2,278.0,False
clear_probe,682,19,380.0,False
clear_probe,682,5,627.0361922308155,True
clear_probe,682,7,639.0361922308155,True
clear_probe,682,10,657.0361922308155,True
clear_probe,682,16,681.0361922308155,False
clear_probe,682,3,1326.2443363491432,True
clear_probe,682,17,3541.8122390269614,False
clear_probe,682,8,5921.916713321371,False
clear_probe,682,4,6542.916713321371,True
clear_probe,683,3,17.0,False
clear_probe,683,5,29.0,False
clear_probe,683,6,35.0,True
clear_probe,683,9,53.0,True
clear_probe,683,15,89.0,True
clear_probe,683,19,113.0,False
clear_probe,683,18,374.0,True
clear_probe,683,8,588.7244189358711,False
clear_probe,683,2,2094.1538307115934,True
clear_probe,683,4,2100.1538307115934,True
clear_probe,683,1,3003.381620618744,True
clear_probe,683,13,3033.381620618744,False
clear_probe,683,7,3991.5761989848443,False
clear_probe,684,14,83.0,True
clear_probe,684,16,95.0,True
clear_probe,684,17,101.0,False
clear_probe,684,18,107.0,False
clear_probe,684,4,290.0,False
clear_probe,684,13,344.0,True
clear_probe,684,9,854.0,True
clear_probe,684,19,3803.604870972824,False
clear_probe,684,20,4570.831724247063,True
clear_probe,684,15,5863.637535645133,False
clear_probe,684,8,6076.637535645133,True
clear_probe,684,12,6094.637535645133,True
clear_probe,684,11,8985.468620921529,True
clear_probe,685,3,17.0,True
clear_probe,685,5,29.0,True
clear_probe,685,8,47.0,True
clear_probe,685,14,83.0,False
clear_probe,685,15,89.0,True
clear_probe,685,18,107.0,True
clear_probe,685,9,320.0,False
clear_probe,685,13,344.0,True
clear_probe,685,17,368.0,False
clear_probe,685,20,386.0,False
clear_probe,685,1,4889.05524952138,False
clear_probe,685,10,6190.454143888257,True
clear_probe,686,2,11.0,False
clear_probe,686,3,17.0,True
clear_probe,686,5,29.0,True
clear_probe,686,13,77.0,True
clear_probe,686,16,95.0,True
clear_probe,686,18,107.0,False
clear_probe,686,20,119.0,False
clear_probe,686,9,320.0,True
clear_probe,686,19,380.0,True
clear_probe,686,7,933.7585583937537,False
clear_probe,686,12,2036.6840554590005,True
clear_probe,686,8,4979.331119140663,False
clear_probe,686,10,5673.500034112026,True
clear_probe,686,11,7279.849216782185,True
clear_probe,687,1,5.0,False
clear_probe,687,4,23.0,False
clear_probe,687,16,95.0,False
clear_probe,687,19,113.0,False
clear_probe,687,13,344.0,True
clear_probe,687,10,1375.1619223823272,True
clear_probe,687,14,2503.68892911441,False
clear_probe,687,18,2776.68892911441,False
clear_probe,687,2,3309.606046603008,True
clear_probe,687,8,5000.363439401081,True
clear_probe,687,5,6512.399510870654,False
clear_probe,687,7,6524.399510870654,True
clear_probe,687,12,8784.023657899344,True
clear_probe,688,16,95.0,False
clear_probe,688,18,107.0,True
clear_probe,688,19,113.0,False
clear_probe,688,17,368.0,False
clear_probe,688,2,818.0743167734383,False
clear_probe,688,3,824.0743167734383,True
clear_probe,688,13,884.0743167734383,False
clear_probe,688,11,1688.4757281056247,False
clear_probe,688,5,2193.3500498566705,False
clear_probe,688,4,2898.3500498566705,True
clear_probe,688,20,3201.3500498566705,True
clear_probe,688,8,4061.5950519832854,False
clear_probe,688,14,4085.5950519832854,True
clear_probe,688,1,4469.595051983286,True
clear_probe,688,9,5930.595051983286,True
clear_probe,688,15,5954.595051983286,True
clear_probe,689,1,5.0,False
clear_probe,689,4,23.0,True
clear_probe,689,6,35.0,False
clear_probe,689,11,65.0,False
clear_probe,689,12,71.0,False
clear_probe,689,14,83.0,False
clear_probe,689,19,113.0,False
clear_probe,689,5,296.0,False
clear_probe,689,7,308.0,False
clear_probe,689,15,622.0407387491316,False
clear_probe,689,2,2017.8999869028023,True
clear_probe,689,8,2041.8999869028023,False
clear_probe,689,3,3509.6876764020753,True
clear_probe,689,16,3816.771199714561,True
clear_probe,690,1,5.0,False
clear_probe,690,6,35.0,False
clear_probe,690,11,65.0,False
clear_probe,690,15,89.0,False
clear_probe,690,8,314.0,True
clear_probe,690,18,374.0,True
clear_probe,690,3,2079.4735500083643,False
clear_probe,690,5,2595.4735500083643,True
clear_probe,690,10,3602.950122723565,False
clear_probe,690,20,3650.950122723565,False
clear_probe,690,16,5262.868259367313,True
clear_probe,690,13,6800.467410296576,True
clear_probe,691,3,17.0,False
clear_probe,691,11,65.0,False
clear_probe,691,18,107.0,False
clear_probe,691,10,326.0,True
clear_probe,691,14,350.0,True
clear_probe,691,20,386.0,False
clear_probe,691,4,615.2105293632661,True
clear_probe,691,13,918.2105293632661,True
clear_probe,691,5,3303.7642591424074,True
clear_probe,691,15,4056.7642591424074,True
clear_probe,691,17,4542.764259142407,False
clear_probe,691,2,4707.764259142407,True
clear_probe,691,19,5355.644812042062,True
clear_probe,691,9,5550.717310344647,True
clear_probe,691,6,6189.717310344647,False
clear_probe,692,1,5.0,False
clear_probe,692,2,11.0,False
clear_probe,692,6,35.0,False
clear_probe,692,10,59.0,False
clear_probe,692,14,83.0,True
clear_probe,692,19,113.0,False
clear_probe,692,20,119.0,False
clear_probe,692,5,296.0,True
clear_probe,692,9,320.0,True
clear_probe,692,18,641.0,True
clear_probe,692,12,3732.0790606938776,False
clear_probe,692,3,3933.0790606938776,True
clear_probe,692,13,5241.928070385135,False
clear_probe,692,15,5739.928070385135,False
clear_probe,692,4,6331.301672151711,False
clear_probe,692,8,6349.301672151711,True
clear_probe,693,1,5.0,False
clear_probe,693,4,23.0,True
clear_probe,693,8,47.0,False
clear_probe,693,12,71.0,True
clear_probe,693,18,107.0,False
clear_probe,693,2,278.0,False
clear_probe,693,15,356.0,False
clear_probe,693,17,368.0,False
clear_probe,693,20,386.0,True
clear_probe,693,16,2607.906240956826,False
clear_probe,693,19,2613.906240956826,False
clear_probe,693,13,3051.951769147362,False
clear_probe,693,5,4778.465363263756,True
clear_probe,694,5,29.0,False
clear_probe,694,16,95.0,True
clear_probe,694,3,284.0,False
clear_probe,694,15,356.0,True
clear_probe,694,18,374.0,True
clear_probe,694,6,1103.0,True
clear_probe,694,9,1121.0,True
clear_probe,694,20,2070.768774539685,False
clear_probe,694,12,2532.768774539685,True
clear_probe,694,8,3024.768774539685,False
clear_probe,694,13,4420.760383893495,True
clear_probe,694,14,5332.760383893495,True
clear_probe,694,17,5557.760383893495,True
clear_probe,694,4,6358.844043129545,True
clear_probe,694,1,6819.8015585351395,False
clear_probe,695,1,5.0,True
clear_probe,695,3,17.0,True
clear_probe,695,9,53.0,False
clear_probe,695,15,89.0,False
clear_probe,695,17,101.0,False
clear_probe,695,6,302.0,False
clear_probe,695,18,1169.0,True
clear_probe,695,8,2218.849245700151,True
clear_probe,695,5,5047.143407446132,True
clear_probe,695,12,5071.143407446132,True
clear_probe,695,20,5113.143407446132,False
clear_probe,695,14,5557.143407446132,False
clear_probe,696,7,41.0,False
clear_probe,696,8,47.0,True
clear_probe,696,10,59.0,False
clear_probe,696,12,71.0,True
clear_probe,696,16,95.0,False
clear_probe,696,17,101.0,True
clear_probe,696,20,119.0,False
clear_probe,696,6,1880.0,True
clear_probe,696,11,1910.0,True
clear_probe,696,15,4645.040342066227,True
clear_probe,696,3,5314.040342066227,False
clear_probe,697,8,47.0,True
clear_probe,697,9,53.0,False
clear_probe,697,11,65.0,True
clear_probe,697,19,113.0,True
clear_probe,697,17,876.8818911250806,False
clear_probe,697,5,2096.4652629014868,False
clear_probe,697,18,3145.8953757616696,True
clear_probe,697,16,3382.8953757616696,True
clear_probe,697,2,3559.8953757616696,True
clear_probe,697,6,5521.895375761669,True
clear_probe,697,3,6772.485824339328,True
clear_probe,698,4,23.0,False
clear_probe,698,5,29.0,False
clear_probe,698,8,47.0,True
clear_probe,698,9,53.0,False
clear_probe,698,13,77.0,False
clear_probe,698,14,83.0,True
clear_probe,698,17,101.0,True
clear_probe,698,20,119.0,True
clear_probe,698,3,551.0,True
clear_probe,698,10,1127.0,False
clear_probe,698,18,1972.3573118876604,True
clear_probe,698,12,3296.522331183172,False
clear_probe,698,1,4560.974113805854,True
clear_probe,698,15,4906.785084086874,True
clear_probe,698,16,6227.953969637313,False
clear_probe,698,19,6245.953969637313,False
clear_probe,699,15,89.0,False
clear_probe,699,17,101.0,False
clear_probe,699,18,107.0,False
clear_probe,699,1,272.0,True
clear_probe,699,8,314.0,True
clear_probe,699,3,623.8447592873421,False
clear_probe,699,13,683.8447592873421,False
clear_probe,699,20,719.8447592873421,False
clear_probe,699,7,924.9894314478004,True
clear_probe,699,5,4406.862158955649,True
clear_probe,699,2,5306.862158955649,True
clear_probe,699,14,5810.862158955649,True
clear_probe,700,1,5.0,False
clear_probe,700,9,53.0,False
clear_probe,700,13,77.0,False
clear_probe,700,20,119.0,True
clear_probe,700,15,597.0554728531306,True
clear_probe,700,10,839.1508719953349,True
clear_probe,700,17,1136.150871995335,True
clear_probe,700,14,1373.150871995335,True
clear_probe,700,2,2906.1023831105717,True
clear_probe,700,11,4175.102383110572,False
clear_probe,700,7,5140.27215848985,True
clear_probe,701,8,47.0,True
clear_probe,701,11,65.0,False
clear_probe,701,17,101.0,False
clear_probe,701,5,296.0,True
clear_probe,701,15,356.0,False
clear_probe,701,18,1430.0,True
clear_probe,701,4,3621.8743345017638,False
clear_probe,701,14,3681.8743345017638,False
clear_probe,701,20,3960.8743345017638,False
clear_probe,701,9,4434.900952781293,True
clear_probe,701,2,4912.236587782544,True
clear_probe,701,19,4990.236587782544,False
clear_probe,701,1,5699.819203039786,False
clear_probe,701,16,5978.819203039786,False
clear_probe,701,12,7734.1213805821835,True
clear_probe,702,5,29.0,True
clear_probe,702,6,35.0,True
clear_probe,702,9,53.0,False
clear_probe,702,16,95.0,True
clear_probe,702,8,314.0,True
clear_probe,702,10,326.0,False
clear_probe,702,14,350.0,True
clear_probe,702,15,356.0,False
clear_probe,702,4,829.0042149780865,False
clear_probe,702,2,2488.624150960086,False
clear_probe,702,17,2542.624150960086,False
clear_probe,702,19,2554.624150960086,False
clear_probe,702,1,2719.458578844432,True
clear_probe,702,13,2986.458578844432,True
clear_probe,702,12,4505.469670697872,True
clear_probe,702,7,6245.023007180816,True
clear_probe,703,2,11.0,False
clear_probe,703,5,29.0,False
clear_probe,703,15,89.0,False
clear_probe,703,8,3640.7389323762122,True
clear_probe,703,11,3913.7389323762122,False
clear_probe,703,6,4381.738932376212,False
clear_probe,703,16,4435.738932376212,False
clear_probe,703,1,4881.76178910018,False
clear_probe,703,14,5184.76178910018,False
clear_probe,703,9,5889.76178910018,True
clear_probe,704,12,71.0,True
clear_probe,704,13,77.0,False
clear_probe,704,17,101.0,True
clear_probe,704,18,107.0,False
clear_probe,704,20,119.0,True
clear_probe,704,6,302.0,False
clear_probe,704,7,308.0,False
clear_probe,704,10,326.0,True
clear_probe,704,2,550.7445538068116,True
clear_probe,704,16,634.7445538068116,False
clear_probe,704,1,1362.0324358786368,True
clear_probe,704,8,1860.7752595125944,True
clear_probe,704,14,4188.187364205134,False
clear_probe,704,15,4632.187364205134,True
clear_probe,704,3,5427.930769352164,True
clear_probe,704,11,6509.8432416346595,True
clear_probe,705,2,11.0,False
clear_probe,705,3,17.0,False
clear_probe,705,4,23.0,False
clear_probe,705,5,29.0,True
clear_probe,705,6,35.0,True
clear_probe,705,7,41.0,False
clear_probe,705,9,53.0,False
clear_probe,705,10,59.0,False
clear_probe,705,12,71.0,False
clear_probe,705,18,107.0,True
clear_probe,705,19,113.0,False
clear_probe,705,14,350.0,False
clear_probe,705,20,386.0,True
clear_probe,705,13,1745.5698018429111,True
clear_probe,705,8,3388.4553687492426,True
clear_probe,705,1,4778.332233148023,True
clear_probe,706,1,5.0,False
clear_probe,706,2,11.0,False
clear_probe,706,6,35.0,True
clear_probe,706,7,41.0,False
clear_probe,706,9,53.0,True
clear_probe,706,14,83.0,False
clear_probe,706,16,95.0,True
clear_probe,706,17,101.0,True
clear_probe,706,4,1324.8645059396777,False
clear_probe,706,18,1390.8645059396777,True
clear_probe,706,15,1627.8645059396777,True
clear_probe,706,20,1904.4069679772947,True
clear_probe,706,10,4259.406967977295,False
clear_probe,706,5,6092.406967977295,True
clear_probe,707,20,119.0,False
clear_probe,707,1,272.0,True
clear_probe,707,5,296.0,True
clear_probe,707,9,1922.0,True
clear_probe,707,15,1958.0,False
clear_probe,707,17,3054.9196875253174,False
clear_probe,707,18,4420.415230824756,False
clear_probe,707,11,4627.415230824756,False
clear_probe,707,19,4663.415230824756,False
clear_probe,707,14,6896.000988367829,True
clear_probe,708,7,41.0,False
clear_probe,708,10,59.0,True
clear_probe,708,20,119.0,False
clear_probe,708,4,290.0,False
clear_probe,708,6,302.0,False
clear_probe,708,19,380.0,False
clear_probe,708,11,606.1866805269616,True
clear_probe,708,14,624.1866805269616,False
clear_probe,708,5,2614.5347101441844,True
clear_probe,708,12,2644.5347101441844,True
clear_probe,709,3,17.0,False
clear_probe,709,8,47.0,False
clear_probe,709,9,53.0,False
clear_probe,709,12,71.0,False
clear_probe,709,17,101.0,False
clear_probe,709,18,107.0,False
clear_probe,709,20,119.0,False
clear_probe,709,19,662.8214566029433,True
clear_probe,709,4,1053.1064664191163,True
clear_probe,709,6,1065.1064664191163,False
clear_probe,709,7,1071.1064664191163,True
clear_probe,709,2,3329.4074757193816,True
clear_probe,709,13,4179.664093858459,True
clear_probe,709,1,7257.432193058336,True
clear_probe,710,9,53.0,False
clear_probe,710,11,65.0,False
clear_probe,710,14,83.0,True
clear_probe,710,15,89.0,True
clear_probe,710,19,113.0,True
clear_probe,710,20,119.0,False
clear_probe,710,18,2243.0,True
clear_probe,710,7,2894.120879821534,False
clear_probe,710,1,4627.281998591468,True
clear_probe,710,16,5185.281998591468,True
clear_probe,710,6,5374.281998591468,False
clear_probe,710,5,5605.281998591468,True
clear_probe,710,10,5629.281998591468,True
clear_probe,711,3,17.0,False
clear_probe,711,8,47.0,False
clear_probe,711,16,95.0,True
clear_probe,711,18,107.0,False
clear_probe,711,19,380.0,False
clear_probe,711,6,1404.857674883708,False
clear_probe,711,7,1659.857674883708,True
clear_probe,711,1,3025.5652125138386,False
clear_probe,711,4,3037.5652125138386,False
clear_probe,711,5,3286.5652125138386,True
clear_probe,711,12,3310.5652125138386,True
clear_probe,711,13,3316.5652125138386,True
clear_probe,711,14,3322.5652125138386,True
clear_probe,711,20,3352.5652125138386,True
clear_probe,712,5,29.0,True
clear_probe,712,12,71.0,True
clear_probe,712,11,332.0,True
clear_probe,712,14,350.0,False
clear_probe,712,16,362.0,True
clear_probe,712,4,1358.0,False
clear_probe,712,1,2408.0,True
clear_probe,712,8,2736.466112782848,False
clear_probe,712,9,5871.145332667511,True
clear_probe,712,3,6453.685610729854,True
clear_probe,712,19,6525.685610729854,True
clear_probe,712,20,6778.99065001269,True
clear_probe,713,3,17.0,True
clear_probe,713,4,23.0,True
clear_probe,713,8,47.0,False
clear_probe,713,10,59.0,False
clear_probe,713,12,71.0,False
clear_probe,713,13,77.0,True
clear_probe,713,20,119.0,False
clear_probe,713,11,332.0,True
clear_probe,713,6,2456.418971404646,True
clear_probe,713,9,4331.130842907793,True
clear_probe,713,16,4349.130842907793,True
clear_probe,713,2,4858.742311620417,True
clear_probe,713,5,5992.258656033648,True
clear_probe,714,6,35.0,False
clear_probe,714,7,41.0,False
clear_probe,714,11,65.0,False
clear_probe,714,12,71.0,True
clear_probe,714,14,83.0,True
clear_probe,714,20,119.0,False
clear_probe,714,3,284.0,True
clear_probe,714,17,368.0,False
clear_probe,714,4,1058.4811804866606,False
clear_probe,714,9,1325.4811804866606,True
clear_probe,714,1,3371.6387813606716,True
clear_probe,714,13,5030.128328278707,False
clear_probe,714,19,5054.128328278707,True
clear_probe,714,10,6072.100186576772,True
clear_probe,714,2,6935.148034522009,True
clear_probe,714,5,7136.148034522009,True
clear_probe,715,2,11.0,False
clear_probe,715,4,23.0,False
clear_probe,715,6,35.0,False
clear_probe,715,19,113.0,True
clear_probe,715,10,326.0,True
clear_probe,715,17,368.0,False
clear_probe,715,5,1358.0,True
clear_probe,715,11,2031.5958351150782,True
clear_probe,715,15,2055.5958351150784,True
clear_probe,715,20,3063.5958351150784,True
clear_probe,715,8,3246.5958351150784,True
clear_probe,715,12,3513.5958351150784,True
clear_probe,715,7,4332.692528010592,False
clear_probe,715,3,4977.692528010592,True
clear_probe,716,3,17.0,False
clear_probe,716,5,29.0,False
clear_probe,716,11,65.0,False
clear_probe,716,14,83.0,False
clear_probe,716,16,95.0,False
clear_probe,716,19,113.0,False
clear_probe,716,10,683.8758044296143,True
clear_probe,716,15,1298.0254220652691,True
clear_probe,716,9,2271.127961603981,True
clear_probe,716,4,6921.680844553177,False
clear_probe,716,8,8058.680844553177,True
clear_probe,717,10,59.0,True
clear_probe,717,13,77.0,True
clear_probe,717,1,272.0,False
clear_probe,717,3,284.0,False
clear_probe,717,16,1255.7929077964745,True
clear_probe,717,14,4269.356310433908,True
clear_probe,717,15,4524.356310433908,True
clear_probe,717,6,4719.356310433908,True
clear_probe,717,19,4791.356310433908,True
clear_probe,717,8,4980.356310433908,True
clear_probe,717,5,6123.356310433908,True
clear_probe,718,8,47.0,True
clear_probe,718,13,77.0,False
clear_probe,718,17,101.0,False
clear_probe,718,20,119.0,False
clear_probe,718,7,308.0,False
clear_probe,718,9,320.0,False
clear_probe,718,5,2205.779455158827,False
clear_probe,718,15,2496.779455158827,False
clear_probe,718,16,3736.9839414187177,True
clear_probe,718,14,4648.983941418717,True
clear_probe,718,11,4961.4410274205475,False
clear_probe,718,12,4967.4410274205475,True
clear_probe,719,6,35.0,False
clear_probe,719,9,53.0,False
clear_probe,719,10,59.0,False
clear_probe,719,17,101.0,True
clear_probe,719,18,107.0,True
clear_probe,719,4,290.0,False
clear_probe,719,11,332.0,False
clear_probe,719,13,2947.3779550461013,False
clear_probe,719,15,3719.8719855559834,True
clear_probe,719,14,5159.871985555983,True
clear_probe,719,7,5378.871985555983,False
clear_probe,719,19,6137.871985555983,False
clear_probe,720,8,47.0,True
clear_probe,720,14,83.0,True
clear_probe,720,15,89.0,False
clear_probe,720,17,101.0,True
clear_probe,720,2,278.0,False
clear_probe,720,20,653.0,True
clear_probe,720,7,1369.3452938292523,False
clear_probe,720,1,2104.345293829252,True
clear_probe,720,3,2463.7584577108773,True
clear_probe,720,5,3226.282451825609,True
clear_probe,720,12,3730.282451825609,True
clear_probe,720,9,4186.282451825608,False
clear_probe,720,10,4654.282451825608,True
clear_probe,720,19,4702.282451825608,True
clear_probe,720,18,4921.282451825608,True
clear_probe,721,3,17.0,False
clear_probe,721,8,47.0,False
clear_probe,721,12,71.0,False
clear_probe,721,14,83.0,False
clear_probe,721,16,95.0,False
clear_probe,721,20,119.0,True
clear_probe,721,5,296.0,False
clear_probe,721,4,563.1531430116706,True
clear_probe,721,6,1826.1531430116706,False
clear_probe,721,19,2394.6912936891295,False
clear_probe,721,10,4006.7300155420526,False
clear_probe,722,5,29.0,False
clear_probe,722,9,53.0,False
clear_probe,722,12,71.0,True
clear_probe,722,14,83.0,False
clear_probe,722,15,89.0,True
clear_probe,722,16,95.0,False
clear_probe,722,17,101.0,False
clear_probe,722,18,107.0,False
clear_probe,722,20,119.0,False
clear_probe,722,7,524.0815399597373,True
clear_probe,722,4,933.9402752863633,True
clear_probe,722,10,963.9402752863633,False
clear_probe,722,3,1176.9402752863634,True
clear_probe,722,6,6357.901005192115,True
clear_probe,723,1,5.0,False
clear_probe,723,3,17.0,False
clear_probe,723,7,41.0,False
clear_probe,723,9,53.0,True
clear_probe,723,10,59.0,True
clear_probe,723,11,65.0,False
clear_probe,723,18,107.0,False
clear_probe,723,5,296.0,False
clear_probe,723,6,302.0,True
clear_probe,723,8,314.0,False
clear_probe,723,17,368.0,True
clear_probe,723,19,684.4504852616487,True
clear_probe,723,13,5304.743352257702,False
clear_probe,723,15,5535.743352257702,False
clear_probe,724,2,11.0,False
clear_probe,724,3,17.0,True
clear_probe,724,4,23.0,True
clear_probe,724,7,41.0,False
clear_probe,724,9,53.0,False
clear_probe,724,13,77.0,False
clear_probe,724,15,89.0,False
clear_probe,724,16,95.0,True
clear_probe,724,20,119.0,True
clear_probe,724,5,296.0,False
clear_probe,724,10,2698.4731836913816,False
clear_probe,724,19,3250.4731836913816,False
clear_probe,724,17,3458.7463737480793,False
clear_probe,724,6,6007.15353380067,False
clear_probe,724,18,6037.15353380067,True
clear_probe,725,1,5.0,True
clear_probe,725,2,11.0,False
clear_probe,725,13,77.0,False
clear_probe,725,11,332.0,False
clear_probe,725,5,2684.286412008126,True
clear_probe,725,4,4110.055421595284,True
clear_probe,725,6,5136.055421595284,False
clear_probe,725,15,5433.055421595284,True
clear_probe,725,17,5682.055421595284,True
clear_probe,725,16,6549.193006973312,True
clear_probe,726,1,5.0,False
clear_probe,726,8,47.0,True
clear_probe,726,13,77.0,False
clear_probe,726,14,83.0,False
clear_probe,726,20,119.0,False
clear_probe,726,5,296.0,True
clear_probe,726,2,1866.5048542654092,False
clear_probe,726,12,1920.5048542654092,True
clear_probe,726,9,2157.5048542654094,True
clear_probe,726,17,2199.5048542654094,True
clear_probe,726,3,2869.092419749097,True
clear_probe,726,11,2911.092419749097,False
clear_probe,727,4,23.0,True
clear_probe,727,10,59.0,True
clear_probe,727,16,95.0,False
clear_probe,727,9,320.0,True
clear_probe,727,7,2978.0,False
clear_probe,727,2,3215.0,True
clear_probe,727,18,3311.0,False
clear_probe,727,19,3317.0,False
clear_probe,727,15,4169.343634396966,True
clear_probe,727,3,4459.622768400646,True
clear_probe,727,20,5029.622768400646,False
clear_probe,727,6,5425.622768400646,True
clear_probe,727,17,5795.189519608541,False
clear_probe,727,5,6611.2481685974435,True
clear_probe,728,3,17.0,False
clear_probe,728,6,35.0,False
clear_probe,728,15,89.0,True
clear_probe,728,18,107.0,False
clear_probe,728,20,119.0,True
clear_probe,728,16,362.0,True
clear_probe,728,1,4141.903960304468,True
clear_probe,728,12,4201.903960304468,True
clear_probe,728,4,5398.903960304468,True
clear_probe,728,10,7117.903960304468,True
clear_probe,729,2,11.0,False
clear_probe,729,12,71.0,True
clear_probe,729,14,83.0,False
clear_probe,729,18,107.0,True
clear_probe,729,4,290.0,False
clear_probe,729,11,332.0,False
clear_probe,729,17,368.0,True
clear_probe,729,8,2663.2946077292377,True
clear_probe,729,9,2669.2946077292377,True
clear_probe,729,3,4297.2938026603315,False
clear_probe,729,10,4321.2938026603315,False
clear_probe,729,7,4741.585851919342,False
clear_probe,729,19,4789.585851919342,True
clear_probe,729,1,4948.585851919342,True
clear_probe,729,13,7132.6166324843225,True
clear_probe,730,3,17.0,False
clear_probe,730,4,23.0,False
clear_probe,730,6,35.0,True
clear_probe,730,1,272.0,False
clear_probe,730,11,332.0,False
clear_probe,730,18,374.0,False
clear_probe,730,20,386.0,False
clear_probe,730,10,2513.5635572061406,False
clear_probe,730,5,3212.5635572061406,True
clear_probe,730,8,3756.233163435318,True
clear_probe,730,14,5178.334301977432,True
clear_probe,730,16,5634.334301977432,False
clear_probe,731,4,23.0,False
clear_probe,731,5,29.0,False
clear_probe,731,8,47.0,False
clear_probe,731,11,65.0,True
clear_probe,731,12,71.0,True
clear_probe,731,13,77.0,False
clear_probe,731,2,278.0,True
clear_probe,731,10,326.0,True
clear_probe,731,20,386.0,False
clear_probe,731,17,948.4193832776054,False
clear_probe,731,3,2523.2632457067075,False
clear_probe,731,9,5470.143212580158,False
clear_probe,731,7,5689.143212580158,False
clear_probe,731,18,5956.143212580158,True
clear_probe,731,1,6952.809721246449,True
clear_probe,732,4,23.0,True
clear_probe,732,8,47.0,True
clear_probe,732,10,59.0,False
clear_probe,732,11,65.0,False
clear_probe,732,17,101.0,True
clear_probe,732,7,308.0,True
clear_probe,732,19,380.0,True
clear_probe,732,6,1939.0590031120319,True
clear_probe,732,20,2011.0590031120319,True
clear_probe,732,2,3166.059003112032,True
clear_probe,732,5,3184.059003112032,True
clear_probe,732,9,3202.059003112032,False
clear_probe,732,3,6242.627661525704,True
clear_probe,732,13,6461.627661525704,False
clear_probe,732,18,6485.627661525704,True
clear_probe,733,2,11.0,False
clear_probe,733,5,29.0,False
clear_probe,733,18,107.0,False
clear_probe,733,19,113.0,False
clear_probe,733,20,119.0,False
clear_probe,733,4,290.0,True
clear_probe,733,13,344.0,False
clear_probe,733,15,356.0,False
clear_probe,733,7,3343.1087814939483,True
clear_probe,733,17,4188.550742133205,True
clear_probe,733,14,4870.593019126355,True
clear_probe,733,10,5290.593019126355,False
clear_probe,733,12,5515.593019126355,False
clear_probe,734,1,5.0,False
clear_probe,734,2,11.0,False
clear_probe,734,6,35.0,False
clear_probe,734,12,71.0,False
clear_probe,734,13,77.0,False
clear_probe,734,14,83.0,True
clear_probe,734,20,119.0,True
clear_probe,734,5,296.0,True
clear_probe,734,11,332.0,True
clear_probe,734,16,1430.0,False
clear_probe,734,17,1964.0,False
clear_probe,734,9,2717.3330166434075,True
clear_probe,734,18,3806.55474410877,False
clear_probe,734,19,4102.441731954434,False
clear_probe,734,3,5949.202767135926,True
clear_probe,735,1,5.0,False
clear_probe,735,2,11.0,False
clear_probe,735,4,23.0,False
clear_probe,735,5,29.0,False
clear_probe,735,9,53.0,False
clear_probe,735,11,65.0,True
clear_probe,735,19,113.0,False
clear_probe,735,3,284.0,True
clear_probe,735,14,2720.7184977532975,False
clear_probe,735,16,2732.7184977532975,True
clear_probe,735,7,2921.7184977532975,True
clear_probe,735,18,2981.7184977532975,True
clear_probe,735,6,6080.777938810948,False
clear_probe,736,4,23.0,False
clear_probe,736,5,29.0,True
clear_probe,736,7,41.0,False
clear_probe,736,12,71.0,False
clear_probe,736,14,83.0,False
clear_probe,736,16,95.0,False
clear_probe,736,3,284.0,False
clear_probe,736,2,557.760290962288,False
clear_probe,736,19,2893.9199238379847,True
clear_probe,736,20,3964.9935650557754,True
clear_probe,736,9,6089.94358778816,False
clear_probe,736,18,6539.94358778816,False
clear_probe,737,1,5.0,True
clear_probe,737,5,296.0,False
clear_probe,737,10,326.0,False
clear_probe,737,12,338.0,False
clear_probe,737,17,368.0,False
clear_probe,737,14,1252.829056187285,True
clear_probe,737,19,2023.829056187285,False
clear_probe,737,7,2212.829056187285,True
clear_probe,737,6,4797.958437772515,True
clear_probe,737,20,5791.71371440905,True
clear_probe,738,1,5.0,False
clear_probe,738,3,17.0,False
clear_probe,738,9,53.0,True
clear_probe,738,10,59.0,True
clear_probe,738,11,65.0,False
clear_probe,738,12,71.0,False
clear_probe,738,19,113.0,False
clear_probe,738,2,278.0,False
clear_probe,738,5,296.0,False
clear_probe,738,17,1994.6253836048227,True
clear_probe,738,20,2012.6253836048227,False
clear_probe,738,14,2212.6498740552256,True
clear_probe,738,6,3802.3984469629872,True
clear_probe,738,15,3832.3984469629872,False
clear_probe,738,7,4515.430459605244,False
clear_probe,738,16,4539.430459605244,False
clear_probe,739,2,11.0,False
clear_probe,739,4,23.0,True
clear_probe,739,13,77.0,False
clear_probe,739,16,95.0,False
clear_probe,739,5,296.0,True
clear_probe,739,6,302.0,False
clear_probe,739,14,350.0,True
clear_probe,739,3,579.4547323270526,True
clear_probe,739,7,858.4547323270526,True
clear_probe,739,19,924.4547323270526,True
clear_probe,739,12,6051.087315380548,False
clear_probe,740,2,11.0,True
clear_probe,740,3,17.0,True
clear_probe,740,8,47.0,False
clear_probe,740,12,71.0,False
clear_probe,740,15,89.0,True
clear_probe,740,17,101.0,True
clear_probe,740,10,326.0,False
clear_probe,740,16,666.0916519903716,False
clear_probe,740,5,3853.5815642471925,True
clear_probe,740,18,4162.581564247193,True
clear_probe,740,20,4989.886426345138,False
clear_probe,740,4,5854.257768361062,False
clear_probe,740,13,5890.257768361062,True
clear_probe,740,6,7023.0933546131255,True
clear_probe,741,1,5.0,True
clear_probe,741,15,89.0,False
clear_probe,741,20,119.0,False
clear_probe,741,4,290.0,False
clear_probe,741,6,302.0,False
clear_probe,741,12,610.000066123779,False
clear_probe,741,14,2095.134892404709,False
clear_probe,741,17,3073.116805678284,False
clear_probe,741,2,3244.116805678284,True
clear_probe,741,13,4103.930900469744,True
clear_probe,741,5,7427.8123761623665,True
clear_probe,742,2,11.0,True
clear_probe,742,3,17.0,False
clear_probe,742,6,35.0,True
clear_probe,742,7,41.0,False
clear_probe,742,12,71.0,True
clear_probe,742,10,326.0,True
clear_probe,742,18,1954.8431481977934,True
clear_probe,742,11,4185.567545118046,False
clear_probe,742,4,4653.567545118046,False
clear_probe,742,5,4925.829414429866,True
clear_probe,742,14,6065.107489836821,True
clear_probe,742,17,6083.107489836821,True
clear_probe,742,19,6089.107489836821,True
clear_probe,743,1,5.0,True
clear_probe,743,2,11.0,True
clear_probe,743,4,23.0,False
clear_probe,743,5,29.0,False
clear_probe,743,8,47.0,False
clear_probe,743,9,53.0,False
clear_probe,743,17,101.0,False
clear_probe,743,20,119.0,True
clear_probe,743,6,302.0,True
clear_probe,743,12,1371.3216383019312,False
clear_probe,743,10,1839.3216383019312,False
clear_probe,743,11,2485.0894332217513,True
clear_probe,743,19,2527.0894332217513,True
clear_probe,743,7,2704.066460996991,True
clear_probe,743,13,4178.2862061614715,True
clear_probe,744,5,29.0,True
clear_probe,744,14,83.0,False
clear_probe,744,15,89.0,True
clear_probe,744,17,101.0,True
clear_probe,744,19,113.0,True
clear_probe,744,1,272.0,False
clear_probe,744,12,338.0,True
clear_probe,744,11,1394.0,False
clear_probe,744,3,1607.0,True
clear_probe,744,6,1985.7517549039715,True
clear_probe,744,4,4834.383745961954,True
clear_probe,744,18,4882.383745961954,True
clear_probe,745,6,35.0,True
clear_probe,745,10,59.0,False
clear_probe,745,11,65.0,False
clear_probe,745,14,83.0,False
clear_probe,745,18,107.0,False
clear_probe,745,7,308.0,False
clear_probe,745,16,2187.2409033324957,True
clear_probe,745,1,3796.158154120243,True
clear_probe,745,12,4069.158154120243,False
clear_probe,745,13,4904.942452758372,False
clear_probe,745,9,5561.798088671888,True
clear_probe,746,17,101.0,False
clear_probe,746,19,113.0,True
clear_probe,746,12,338.0,False
clear_probe,746,13,344.0,False
clear_probe,746,6,569.0,True
clear_probe,746,11,1127.1307325102275,True
clear_probe,746,15,2089.711768554254,True
clear_probe,746,14,3805.7047590722136,False
clear_probe,746,3,4481.04391559373,False
clear_probe,746,7,4961.04391559373,False
clear_probe,746,20,5009.04391559373,False
clear_probe,746,4,7621.0725676634065,False
clear_probe,746,10,8266.072567663407,True
clear_probe,747,1,5.0,False
clear_probe,747,4,23.0,True
clear_probe,747,11,65.0,True
clear_probe,747,15,89.0,False
clear_probe,747,20,119.0,False
clear_probe,747,2,512.2463785929309,False
clear_probe,747,10,2909.0539043105678,True
clear_probe,747,12,4443.377872938005,False
clear_probe,747,13,4682.849669534456,True
clear_probe,747,14,4688.849669534456,True
clear_probe,747,6,4883.849669534456,True
clear_probe,747,9,4901.849669534456,True
clear_probe,748,8,47.0,True
clear_probe,748,10,59.0,False
clear_probe,748,11,65.0,False
clear_probe,748,19,113.0,False
clear_probe,748,6,302.0,False
clear_probe,748,7,308.0,True
clear_probe,748,13,344.0,True
clear_probe,748,15,356.0,False
clear_probe,748,20,3361.2583326894323,True
clear_probe,748,2,4256.713031429826,True
clear_probe,749,1,5.0,True
clear_probe,749,6,35.0,False
clear_probe,749,8,47.0,False
clear_probe,749,9,53.0,False
clear_probe,749,13,77.0,False
clear_probe,749,16,95.0,False
clear_probe,749,3,284.0,True
clear_probe,749,5,296.0,True
clear_probe,749,15,356.0,True
clear_probe,749,20,386.0,False
clear_probe,749,2,588.4250690611162,True
clear_probe,749,4,600.4250690611162,False
clear_probe,749,11,1204.8416431699118,False
clear_probe,749,19,1246.8416431699118,False
clear_probe,749,14,1673.2380581428783,True
clear_probe,749,12,2434.0822593400444,True
clear_probe,750,4,23.0,False
clear_probe,750,5,29.0,False
clear_probe,750,10,59.0,False
clear_probe,750,14,83.0,True
clear_probe,750,15,89.0,False
clear_probe,750,17,101.0,False
clear_probe,750,2,552.9217544824262,False
clear_probe,750,11,600.9217544824262,False
clear_probe,750,1,3373.4389497522648,True
clear_probe,750,6,3385.4389497522648,False
clear_probe,750,8,4890.760008936707,False
clear_probe,750,19,6799.32480465263,True
clear_probe,751,2,11.0,False
clear_probe,751,4,23.0,False
clear_probe,751,7,41.0,False
clear_probe,751,11,65.0,True
clear_probe,751,14,83.0,False
clear_probe,751,17,101.0,False
clear_probe,751,19,113.0,True
clear_probe,751,20,119.0,True
clear_probe,751,1,272.0,True
clear_probe,751,3,1244.9288640945858,True
clear_probe,751,9,3248.4977835137365,True
clear_probe,751,18,3296.4977835137365,True
clear_probe,751,12,5086.924571701337,False
clear_probe,751,16,5104.924571701337,False
clear_probe,751,6,5909.144101304301,True
clear_probe,751,5,7854.117682645408,True
clear_probe,752,2,11.0,False
clear_probe,752,5,29.0,False
clear_probe,752,8,47.0,False
clear_probe,752,9,53.0,False
clear_probe,752,13,611.0,False
clear_probe,752,20,1187.0,True
clear_probe,752,16,1430.0,True
clear_probe,752,7,3479.9006532351095,True
clear_probe,752,17,3515.9006532351095,False
clear_probe,752,19,5633.75727523859,True
clear_probe,752,15,5834.75727523859,True
clear_probe,752,3,5982.629292756532,True
clear_probe,752,6,6431.337797342401,True
clear_probe,752,11,6443.337797342401,True
clear_probe,753,5,29.0,False
clear_probe,753,8,47.0,False
clear_probe,753,10,59.0,False
clear_probe,753,13,77.0,False
clear_probe,753,7,308.0,True
clear_probe,753,20,386.0,True
clear_probe,753,14,611.0,True
clear_probe,753,9,1103.0,False
clear_probe,753,6,1346.0,False
clear_probe,753,2,1804.541594647313,False
clear_probe,753,1,3056.2679165179607,True
clear_probe,753,11,4419.009704542915,True
clear_probe,753,3,5068.148452024153,False
clear_probe,753,18,5756.440944772437,True
clear_probe,753,12,5939.506517313421,True
clear_probe,753,17,8027.75753528631,True
clear_probe,754,1,5.0,False
clear_probe,754,2,11.0,False
clear_probe,754,9,53.0,False
clear_probe,754,16,95.0,True
clear_probe,754,12,338.0,True
clear_probe,754,20,386.0,True
clear_probe,754,4,825.9259131847383,False
clear_probe,754,3,1584.9259131847384,False
clear_probe,754,6,2127.1303233366943,True
clear_probe,754,5,4332.06708028046,True
clear_probe,754,17,7768.365580111051,True
clear_probe,755,6,35.0,True
clear_probe,755,7,41.0,True
clear_probe,755,15,89.0,True
clear_probe,755,17,101.0,False
clear_probe,755,11,332.0,False
clear_probe,755,18,374.0,True
clear_probe,755,19,914.0,True
clear_probe,755,20,1938.8673560094685,True
clear_probe,755,10,3907.592657364712,False
clear_probe,755,4,4886.385480132124,False
clear_probe,755,3,6462.026454977103,True
clear_probe,755,1,6663.026454977103,True
clear_probe,755,5,7161.044511595095,True
clear_probe,755,13,7185.044511595095,False
clear_probe,755,16,7197.044511595095,True
clear_probe,755,12,8714.688544445551,True
clear_probe,756,7,41.0,True
clear_probe,756,9,53.0,True
clear_probe,756,17,101.0,False
clear_probe,756,10,593.0,True
clear_probe,756,20,653.0,True
clear_probe,756,19,914.0,True
clear_probe,756,4,2313.3156322712002,True
clear_probe,756,3,2817.3156322712002,True
clear_probe,756,13,3631.92617611757,True
clear_probe,756,12,3874.92617611757,True
clear_probe,756,18,3910.92617611757,False
clear_probe,756,6,4093.92617611757,True
clear_probe,756,8,4105.926176117569,True
clear_probe,757,3,17.0,False
clear_probe,757,14,83.0,False
clear_probe,757,17,101.0,True
clear_probe,757,5,296.0,True
clear_probe,757,15,356.0,True
clear_probe,757,18,374.0,False
clear_probe,757,1,537.7795289213352,True
clear_probe,757,16,615.7795289213352,True
clear_probe,757,6,986.3537318495034,True
clear_probe,757,19,1046.3537318495034,False
clear_probe,757,7,1931.2142331222701,True
clear_probe,757,11,5249.6490002965675,False
clear_probe,757,20,5492.6490002965675,True
clear_probe,758,1,5.0,True
clear_probe,758,7,41.0,False
clear_probe,758,8,47.0,False
clear_probe,758,12,71.0,True
clear_probe,758,17,101.0,False
clear_probe,758,18,107.0,False
clear_probe,758,3,284.0,False
clear_probe,758,11,332.0,True
clear_probe,758,13,344.0,True
clear_probe,758,19,380.0,True
clear_probe,758,16,2383.770245541895,False
clear_probe,758,9,3499.9510321375187,True
clear_probe,759,3,17.0,False
clear_probe,759,7,41.0,False
clear_probe,759,8,47.0,False
clear_probe,759,9,53.0,True
clear_probe,759,10,59.0,False
clear_probe,759,15,89.0,False
clear_probe,759,18,2854.8473166178824,False
clear_probe,759,2,3025.8473166178824,True
clear_probe,759,13,6711.181239009669,True
clear_probe,759,11,7641.629965242345,False
clear_probe,760,12,71.0,True
clear_probe,760,4,290.0,False
clear_probe,760,7,575.0,True
clear_probe,760,1,1978.0073878648727,True
clear_probe,760,6,2002.0073878648727,True
clear_probe,760,8,2008.0073878648727,True
clear_probe,760,20,3008.5586399412805,False
clear_probe,760,9,4416.957705036912,True
clear_probe,760,11,6264.957705036912,True
clear_probe,760,19,6525.957705036912,True
clear_probe,760,17,8548.106169609608,True
clear_probe,761,1,5.0,False
clear_probe,761,2,11.0,True
clear_probe,761,4,23.0,False
clear_probe,761,8,47.0,False
clear_probe,761,9,53.0,False
clear_probe,761,11,65.0,False
clear_probe,761,16,95.0,False
clear_probe,761,18,107.0,False
clear_probe,761,10,1089.8552978590474,False
clear_probe,761,20,1137.8552978590474,True
clear_probe,761,6,4059.8552978590474,True
clear_probe,762,1,5.0,False
clear_probe,762,6,35.0,False
clear_probe,762,8,47.0,False
clear_probe,762,11,65.0,False
clear_probe,762,13,77.0,False
clear_probe,762,14,83.0,False
clear_probe,762,19,113.0,False
clear_probe,762,20,119.0,False
clear_probe,762,4,290.0,False
clear_probe,762,9,3210.9134296456423,False
clear_probe,762,15,3909.9134296456423,False
clear_probe,762,12,4560.826658727223,False
clear_probe,762,17,5619.195420510044,False
clear_probe,762,3,5784.195420510044,True
clear_probe,762,2,6168.195420510044,True
clear_probe,763,4,23.0,False
clear_probe,763,12,71.0,True
clear_probe,763,15,89.0,False
clear_probe,763,18,107.0,False
clear_probe,763,6,302.0,False
clear_probe,763,11,332.0,False
clear_probe,763,13,344.0,False
clear_probe,763,14,1406.0,True
clear_probe,763,2,1862.0,True
clear_probe,763,16,1940.0,False
clear_probe,763,9,2632.7417150655665,True
clear_probe,763,1,4804.626489556992,True
clear_probe,763,10,4840.626489556992,True
clear_probe,763,3,7747.937565248025,True
clear_probe,764,3,17.0,False
clear_probe,764,4,23.0,False
clear_probe,764,5,29.0,False
clear_probe,764,11,65.0,False
clear_probe,764,16,95.0,False
clear_probe,764,19,113.0,False
clear_probe,764,17,368.0,True
clear_probe,764,18,374.0,False
clear_probe,764,1,546.8690012697581,False
clear_probe,764,8,1133.087526515733,True
clear_probe,764,14,1169.087526515733,True
clear_probe,764,9,2152.6484836050936,True
clear_probe,764,13,4255.88816085619,True
clear_probe,764,6,5519.035980233405,True
clear_probe,764,20,6394.847129308746,True
clear_probe,765,10,59.0,False
clear_probe,765,14,83.0,False
clear_probe,765,17,101.0,True
clear_probe,765,3,284.0,False
clear_probe,765,16,1974.1511949277308,False
clear_probe,765,2,3421.6807859803453,True
clear_probe,765,8,3451.6807859803453,True
clear_probe,765,9,4834.421933142472,True
clear_probe,765,6,5065.421933142472,True
clear_probe,765,15,7477.421933142472,True
clear_probe,766,5,29.0,False
clear_probe,766,8,47.0,False
clear_probe,766,12,71.0,True
clear_probe,766,13,77.0,True
clear_probe,766,14,83.0,False
clear_probe,766,18,107.0,True
clear_probe,766,2,551.3445597744317,False
clear_probe,766,9,593.3445597744317,True
clear_probe,766,11,605.3445597744317,False
clear_probe,766,20,2674.5374549517205,True
clear_probe,766,16,3652.5374549517205,True
clear_probe,766,6,8101.1410006634005,True
clear_probe,767,7,41.0,False
clear_probe,767,9,53.0,False
clear_probe,767,18,107.0,False
clear_probe,767,10,326.0,True
clear_probe,767,13,344.0,False
clear_probe,767,17,368.0,True
clear_probe,767,6,569.0,True
clear_probe,767,8,2113.103725151367,True
clear_probe,767,3,2355.352314691263,False
clear_probe,767,4,3089.357016715619,True
clear_probe,767,5,3095.357016715619,True
clear_probe,767,11,3734.357016715619,True
clear_probe,767,14,6092.837063376763,False
clear_probe,767,16,6104.837063376763,True
clear_probe,767,15,7512.18562630135,False
clear_probe,767,20,7530.18562630135,True
clear_probe,768,12,71.0,True
clear_probe,768,16,95.0,True
clear_probe,768,19,113.0,False
clear_probe,768,20,119.0,False
clear_probe,768,11,946.6679547204394,False
clear_probe,768,3,3683.925324087589,True
clear_probe,768,15,3992.925324087589,False
clear_probe,768,8,4460.92532408759,True
clear_probe,768,10,5255.3292006224065,True
clear_probe,768,9,5717.3292006224065,True
clear_probe,769,4,23.0,False
clear_probe,769,6,35.0,False
clear_probe,769,9,53.0,False
clear_probe,769,12,71.0,False
clear_probe,769,15,89.0,True
clear_probe,769,14,1986.4467422331213,True
clear_probe,769,2,3746.5440458828334,False
clear_probe,769,18,3824.5440458828334,False
clear_probe,769,3,4109.155514595459,True
clear_probe,769,1,5651.012651624728,True
clear_probe,770,4,23.0,False
clear_probe,770,6,35.0,False
clear_probe,770,7,41.0,False
clear_probe,770,9,53.0,False
clear_probe,770,11,65.0,False
clear_probe,770,14,83.0,False
clear_probe,770,15,89.0,False
clear_probe,770,16,95.0,True
clear_probe,770,2,551.1857554549576,True
clear_probe,770,5,937.1660344064413,True
clear_probe,770,1,4471.591920605661,False
clear_probe,770,20,4864.345053842615,False
clear_probe,770,10,5031.207577067321,False
clear_probe,771,13,77.0,True
clear_probe,771,16,95.0,True
clear_probe,771,18,107.0,True
clear_probe,771,20,119.0,True
clear_probe,771,15,356.0,True
clear_probe,771,1,539.0,True
clear_probe,771,6,2262.2928984927203,False
clear_probe,771,10,2286.2928984927203,True
clear_probe,771,7,4467.031107149643,False
clear_probe,771,5,5141.1906099515745,False
clear_probe,771,9,5372.1906099515745,True
clear_probe,771,19,6517.452205370001,True
clear_probe,771,3,8672.427397472582,True
clear_probe,772,2,11.0,True
clear_probe,772,7,41.0,False
clear_probe,772,8,47.0,False
clear_probe,772,12,71.0,True
clear_probe,772,16,95.0,False
clear_probe,772,18,107.0,True
clear_probe,772,19,113.0,True
clear_probe,772,11,584.7227540881768,False
clear_probe,772,6,3109.988939372543,True
clear_probe,772,5,4569.258487375539,True
clear_probe,773,2,11.0,True
clear_probe,773,3,17.0,False
clear_probe,773,18,107.0,True
clear_probe,773,19,113.0,False
clear_probe,773,11,332.0,False
clear_probe,773,12,338.0,False
clear_probe,773,15,623.0,True
clear_probe,773,20,3203.7562209748357,True
clear_probe,773,10,3659.7562209748357,True
clear_probe,773,16,5236.06960439166,True
clear_probe,773,5,7446.668326296268,True
clear_probe,774,2,11.0,True
clear_probe,774,5,29.0,True
clear_probe,774,4,290.0,False
clear_probe,774,6,302.0,False
clear_probe,774,14,350.0,True
clear_probe,774,16,362.0,True
clear_probe,774,12,1892.25703700108,False
clear_probe,774,15,1910.25703700108,True
clear_probe,774,11,3167.4697803718836,True
clear_probe,774,1,3595.572202052435,False
clear_probe,774,8,3619.572202052435,False
clear_probe,774,19,5280.632723301431,False
clear_probe,775,14,83.0,False
clear_probe,775,12,338.0,True
clear_probe,775,3,551.0,True
clear_probe,775,10,593.0,True
clear_probe,775,2,1883.9724259719871,False
clear_probe,775,20,1985.9724259719871,True
clear_probe,775,19,3730.861616230457,True
clear_probe,775,6,4168.861616230457,True
clear_probe,775,18,4234.861616230457,True
clear_probe,775,11,4953.204518136221,False
clear_probe,775,9,5184.204518136221,False
clear_probe,775,1,5628.204518136221,True
clear_probe,775,16,6253.733882747372,True
clear_probe,776,4,23.0,True
clear_probe,776,14,83.0,False
clear_probe,776,17,101.0,True
clear_probe,776,19,113.0,False
clear_probe,776,1,272.0,True
clear_probe,776,10,326.0,False
clear_probe,776,15,356.0,False
clear_probe,776,20,386.0,True
clear_probe,776,7,580.2758059668347,True
clear_probe,776,8,586.2758059668347,False
clear_probe,776,9,2442.9677486332944,True
clear_probe,776,16,2952.9677486332944,True
clear_probe,776,12,4734.967748633294,True
clear_probe,777,8,47.0,True
clear_probe,777,9,53.0,False
clear_probe,777,10,59.0,False
clear_probe,777,11,65.0,True
clear_probe,777,16,95.0,True
clear_probe,777,17,101.0,False
clear_probe,777,13,344.0,True
clear_probe,777,15,356.0,False
clear_probe,777,1,518.5755361255331,True
clear_probe,777,12,572.5755361255331,False
clear_probe,777,20,4656.387418444838,True
clear_probe,778,1,5.0,False
clear_probe,778,7,41.0,False
clear_probe,778,10,59.0,False
clear_probe,778,11,65.0,False
clear_probe,778,12,71.0,False
clear_probe,778,14,83.0,False
clear_probe,778,8,314.0,False
clear_probe,778,20,2460.281067186401,True
clear_probe,778,5,3883.001327256253,True
clear_probe,778,19,3955.001327256253,True
clear_probe,779,3,17.0,False
clear_probe,779,4,23.0,False
clear_probe,779,7,41.0,True
clear_probe,779,8,47.0,False
clear_probe,779,10,59.0,True
clear_probe,779,5,296.0,False
clear_probe,779,6,302.0,False
clear_probe,779,11,332.0,False
clear_probe,779,13,344.0,True
clear_probe,779,17,368.0,True
clear_probe,779,20,386.0,False
clear_probe,779,14,617.0,True
clear_probe,779,15,1932.2683582319094,True
clear_probe,779,18,4816.029514291487,True
clear_probe,780,9,53.0,True
clear_probe,780,10,59.0,False
clear_probe,780,11,65.0,False
clear_probe,780,15,89.0,True
clear_probe,780,16,95.0,False
clear_probe,780,17,101.0,True
clear_probe,780,2,1079.0,False
clear_probe,780,7,1910.1110800394886,True
clear_probe,780,14,3779.1110800394886,True
clear_probe,780,12,4544.111080039489,True
clear_probe,780,6,6498.107268550406,True
clear_probe,781,12,71.0,False
clear_probe,781,2,278.0,True
clear_probe,781,15,356.0,False
clear_probe,781,10,593.0,True
clear_probe,781,8,1382.0,False
clear_probe,781,18,2163.2013710113697,False
clear_probe,781,7,2833.8998036589014,True
clear_probe,781,5,4305.1769226547885,False
clear_probe,781,16,4827.1769226547885,True
clear_probe,781,11,6562.312584304898,False
clear_probe,781,13,6787.312584304898,True
clear_probe,782,2,11.0,True
clear_probe,782,3,17.0,False
clear_probe,782,4,23.0,True
clear_probe,782,11,65.0,False
clear_probe,782,12,71.0,True
clear_probe,782,16,95.0,False
clear_probe,782,17,101.0,False
clear_probe,782,5,296.0,False
clear_probe,782,9,320.0,False
clear_probe,782,14,350.0,True
clear_probe,782,6,569.0,True
clear_probe,782,13,878.0,True
clear_probe,782,8,3776.177051438449,True
clear_probe,782,15,4019.177051438449,False
clear_probe,782,10,7370.61538650862,True
clear_probe,783,3,17.0,False
clear_probe,783,4,23.0,True
clear_probe,783,14,83.0,False
clear_probe,783,1,272.0,True
clear_probe,783,13,344.0,False
clear_probe,783,5,563.0,True
clear_probe,783,2,1079.0,False
clear_probe,783,15,1157.0,True
clear_probe,783,19,3361.8034502311234,True
clear_probe,783,10,3799.8034502311234,True
clear_probe,783,11,3805.8034502311234,True
clear_probe,783,7,4024.8034502311234,True
clear_probe,783,12,5014.803450231124,True
clear_probe,783,20,6886.803450231124,True
clear_probe,784,5,29.0,False
clear_probe,784,8,47.0,False
clear_probe,784,11,65.0,True
clear_probe,784,12,71.0,False
clear_probe,784,13,77.0,False
clear_probe,784,10,326.0,False
clear_probe,784,16,362.0,False
clear_probe,784,20,386.0,True
clear_probe,784,2,1710.9251305917226,False
clear_probe,784,17,2805.1988011658277,True
clear_probe,784,6,3924.0813000424923,False
clear_probe,784,7,4149.081300042492,False
clear_probe,784,18,4623.081300042492,False
clear_probe,785,3,17.0,True
clear_probe,785,5,29.0,True
clear_probe,785,6,35.0,False
clear_probe,785,11,65.0,False
clear_probe,785,14,83.0,False
clear_probe,785,18,107.0,True
clear_probe,785,1,272.0,True
clear_probe,785,16,362.0,True
clear_probe,785,7,575.0,True
clear_probe,785,10,2681.0,True
clear_probe,785,15,2966.0,False
clear_probe,785,12,3209.0,True
clear_probe,785,13,5260.258429364636,False
clear_probe,785,4,5449.258429364636,False
clear_probe,786,2,11.0,True
clear_probe,786,5,29.0,True
clear_probe,786,7,41.0,False
clear_probe,786,12,71.0,False
clear_probe,786,17,101.0,True
clear_probe,786,18,107.0,False
clear_probe,786,20,119.0,False
clear_probe,786,10,326.0,True
clear_probe,786,13,344.0,True
clear_probe,786,16,362.0,False
clear_probe,786,3,1925.501470565776,False
clear_probe,786,6,2954.662623762575,False
clear_probe,786,14,3722.9963072222126,False
clear_probe,786,19,4420.999194465508,True
clear_probe,786,11,5463.770813655823,True
clear_probe,786,9,5664.770813655823,True
clear_probe,787,12,71.0,False
clear_probe,787,13,77.0,True
clear_probe,787,16,95.0,True
clear_probe,787,18,107.0,False
clear_probe,787,4,290.0,False
clear_probe,787,19,380.0,True
clear_probe,787,5,2284.447080419804,True
clear_probe,787,3,4191.0849877137725,False
clear_probe,787,20,4269.0849877137725,False
clear_probe,787,8,6832.512472370868,True
clear_probe,787,11,7940.329560417968,True
clear_probe,787,17,8786.32956041797,True
clear_probe,788,3,17.0,True
clear_probe,788,4,23.0,True
clear_probe,788,10,59.0,True
clear_probe,788,11,65.0,False
clear_probe,788,12,71.0,False
clear_probe,788,1,272.0,True
clear_probe,788,8,314.0,True
clear_probe,788,16,362.0,False
clear_probe,788,17,368.0,True
clear_probe,788,6,1477.3946899878588,True
clear_probe,788,7,2941.394689987859,True
clear_probe,788,14,2971.394689987859,True
clear_probe,788,9,3196.394689987859,False
clear_probe,788,5,4155.981136448252,True
clear_probe,789,4,23.0,False
clear_probe,789,10,59.0,False
clear_probe,789,15,89.0,False
clear_probe,789,16,95.0,True
clear_probe,789,18,107.0,True
clear_probe,789,9,320.0,False
clear_probe,789,6,569.0,True
clear_probe,789,14,1151.0,True
clear_probe,789,13,1412.0,True
clear_probe,789,17,1941.981750666322,False
clear_probe,789,2,2889.1181724328503,True
clear_probe,789,19,5004.283524680229,False
clear_probe,789,5,5406.283524680229,True
clear_probe,790,5,29.0,False
clear_probe,790,10,59.0,False
clear_probe,790,13,77.0,True
clear_probe,790,17,101.0,True
clear_probe,790,20,119.0,False
clear_probe,790,9,863.3326556779552,True
clear_probe,790,15,1937.3326556779552,False
clear_probe,790,19,3005.3326556779552,True
clear_probe,790,6,4320.063028230507,True
clear_probe,790,16,5013.599707072388,False
clear_probe,790,3,5427.599707072388,True
clear_probe,790,1,5657.959292594715,True
clear_probe,790,11,5924.959292594715,True
clear_probe,790,12,6518.811947078407,True
clear_probe,790,14,8193.493652262328,True
clear_probe,791,1,5.0,True
clear_probe,791,4,290.0,False
clear_probe,791,5,296.0,True
clear_probe,791,13,344.0,False
clear_probe,791,18,374.0,True
clear_probe,791,19,380.0,False
clear_probe,791,7,575.0,True
clear_probe,791,16,1159.905490613533,True
clear_probe,791,20,1998.550451133738,False
clear_probe,791,10,3174.773843534635,False
clear_probe,791,9,3630.773843534635,False
clear_probe,791,2,5806.075221259422,True
clear_probe,791,3,5812.075221259422,False
clear_probe,791,6,5824.075221259422,False
clear_probe,791,17,6079.075221259422,True
clear_probe,792,15,89.0,False
clear_probe,792,19,113.0,True
clear_probe,792,3,284.0,True
clear_probe,792,14,1406.0,False
clear_probe,792,20,2468.0,True
clear_probe,792,18,2717.0,False
clear_probe,792,9,3440.331061453164,False
clear_probe,792,2,5351.056087322505,False
clear_probe,792,5,5369.056087322505,True
clear_probe,792,12,5405.056087322505,True
clear_probe,792,10,5630.056087322505,True
clear_probe,792,6,5849.056087322505,True
clear_probe,792,17,5903.056087322505,True
clear_probe,792,4,6829.214222801296,True
clear_probe,793,1,5.0,True
clear_probe,793,6,35.0,False
clear_probe,793,7,41.0,False
clear_probe,793,8,47.0,False
clear_probe,793,13,77.0,True
clear_probe,793,15,89.0,False
clear_probe,793,17,101.0,False
clear_probe,793,19,113.0,True
clear_probe,793,9,320.0,False
clear_probe,793,20,386.0,False
clear_probe,793,11,866.9200662861216,True
clear_probe,793,4,2587.4588748434776,True
clear_probe,793,14,3832.4588748434776,True
clear_probe,793,10,5058.048589151769,False
clear_probe,793,5,5898.048589151769,True
clear_probe,793,18,6141.048589151769,True
clear_probe,794,3,17.0,True
clear_probe,794,14,83.0,False
clear_probe,794,4,290.0,False
clear_probe,794,6,302.0,False
clear_probe,794,10,326.0,True
clear_probe,794,17,368.0,False
clear_probe,794,19,918.4008163402269,False
clear_probe,794,7,3716.043490263404,True
clear_probe,794,1,3929.043490263404,False
clear_probe,794,13,5017.768531783678,True
clear_probe,794,2,5200.768531783678,False
clear_probe,794,20,5272.768531783678,False
clear_probe,795,10,59.0,False
clear_probe,795,14,83.0,True
clear_probe,795,17,101.0,False
clear_probe,795,18,107.0,False
clear_probe,795,6,302.0,True
clear_probe,795,12,338.0,False
clear_probe,795,16,719.5035864469074,False
clear_probe,795,15,3845.335555917319,True
clear_probe,795,1,4755.868056435445,False
clear_probe,795,19,4821.868056435445,True
clear_probe,795,13,5034.868056435445,True
clear_probe,795,4,7975.874508890228,True
clear_probe,795,7,8590.874508890229,True
clear_probe,796,7,41.0,False
clear_probe,796,8,47.0,False
clear_probe,796,9,53.0,False
clear_probe,796,11,65.0,False
clear_probe,796,14,83.0,False
clear_probe,796,16,95.0,False
clear_probe,796,18,107.0,True
clear_probe,796,6,302.0,False
clear_probe,796,13,627.7656786980559,False
clear_probe,796,15,639.7656786980559,False
clear_probe,796,20,663.7656786980559,True
clear_probe,796,1,2843.6672990325314,False
clear_probe,796,12,3403.614430967151,True
clear_probe,796,19,3901.02347086085,True
clear_probe,797,1,5.0,False
clear_probe,797,2,11.0,False
clear_probe,797,3,17.0,False
clear_probe,797,5,29.0,True
clear_probe,797,6,35.0,False
clear_probe,797,7,41.0,False
clear_probe,797,8,314.0,True
clear_probe,797,13,344.0,True
clear_probe,797,19,647.0,True
clear_probe,797,11,1400.0,True
clear_probe,797,16,1430.0,True
clear_probe,797,17,2498.696351644959,False
clear_probe,797,9,2711.696351644959,True
clear_probe,797,20,5032.5587708282355,True
clear_probe,798,5,29.0,False
clear_probe,798,14,83.0,True
clear_probe,798,15,89.0,False
clear_probe,798,16,95.0,False
clear_probe,798,19,113.0,False
clear_probe,798,20,119.0,True
clear_probe,798,8,314.0,False
clear_probe,798,9,320.0,False
clear_probe,798,11,332.0,True
clear_probe,798,3,887.1025077984025,False
clear_probe,798,18,2726.722127560325,False
clear_probe,798,13,5395.424840369534,True
clear_probe,798,2,7255.036309082158,True
clear_probe,799,2,11.0,True
clear_probe,799,7,41.0,False
clear_probe,799,10,59.0,True
clear_probe,799,13,77.0,False
clear_probe,799,16,95.0,False
clear_probe,799,17,101.0,True
clear_probe,799,14,350.0,False
clear_probe,799,3,592.5929319635892,True
clear_probe,799,20,1163.3976932135072,True
clear_probe,799,4,3488.3580013333913,True
clear_probe,799,18,3548.3580013333913,True
clear_probe,799,12,4476.427591633396,True
clear_probe,799,1,5304.427591633396,True
clear_probe,799,6,5654.579697898848,True
clear_probe,799,8,6341.914238348332,True
clear_probe,799,5,7020.805712781045,True
clear_probe,800,4,23.0,True
clear_probe,800,9,53.0,False
clear_probe,800,13,77.0,False
clear_probe,800,14,83.0,False
clear_probe,800,15,89.0,False
clear_probe,800,19,113.0,True
clear_probe,800,20,119.0,False
clear_probe,800,1,272.0,True
clear_probe,800,2,278.0,True
clear_probe,800,11,332.0,True
clear_probe,800,12,1440.3933921876142,True
clear_probe,800,16,2231.8302548759707,True
clear_probe,800,5,2785.840962244007,False
clear_probe,800,8,4574.390936462388,True
clear_probe,800,6,5201.390936462388,True
clear_probe,801,2,11.0,False
clear_probe,801,10,59.0,True
clear_probe,801,12,71.0,False
clear_probe,801,7,308.0,False
clear_probe,801,16,362.0,False
clear_probe,801,18,2675.5415949103535,False
clear_probe,801,3,4339.008249338557,False
clear_probe,801,4,4588.008249338557,False
clear_probe,801,13,5367.686079880724,False
clear_probe,801,8,6867.521453056066,False
clear_probe,802,3,17.0,False
clear_probe,802,7,41.0,False
clear_probe,802,11,65.0,False
clear_probe,802,13,77.0,True
clear_probe,802,14,83.0,True
clear_probe,802,10,326.0,False
clear_probe,802,17,368.0,True
clear_probe,802,5,575.5177874524408,False
clear_probe,802,20,920.5177874524408,True
clear_probe,802,18,2231.768766178316,False
clear_probe,802,6,2420.768766178316,True
clear_probe,802,2,2656.3642431554886,False
clear_probe,802,8,4685.064364825522,True
clear_probe,802,12,5725.0688820378045,True
clear_probe,803,3,17.0,False
clear_probe,803,12,71.0,False
clear_probe,803,16,95.0,False
clear_probe,803,17,101.0,False
clear_probe,803,19,113.0,True
clear_probe,803,15,356.0,True
clear_probe,803,14,1673.0,True
clear_probe,803,18,6537.673630109128,True
clear_probe,803,6,7310.085011619353,True
clear_probe,803,4,8283.95000279498,True
clear_probe,804,4,23.0,True
clear_probe,804,9,53.0,False
clear_probe,804,13,77.0,True
clear_probe,804,15,89.0,False
clear_probe,804,18,107.0,False
clear_probe,804,6,302.0,True
clear_probe,804,19,380.0,False
clear_probe,804,1,571.2029839174534,False
clear_probe,804,17,1435.0706480815145,True
clear_probe,804,3,2116.0706480815143,False
clear_probe,804,11,4657.013095198957,False
clear_probe,804,16,4681.013095198957,True
clear_probe,804,14,5106.131812009914,True
clear_probe,805,2,11.0,False
clear_probe,805,10,59.0,True
clear_probe,805,12,71.0,True
clear_probe,805,14,83.0,True
clear_probe,805,5,296.0,True
clear_probe,805,8,314.0,True
clear_probe,805,13,344.0,True
clear_probe,805,20,653.0,True
clear_probe,805,16,893.7643385832723,True
clear_probe,805,9,1406.3951925736076,True
clear_probe,805,6,6461.505883254557,True
clear_probe,805,3,6692.362485268732,True
clear_probe,805,15,6722.362485268732,True
clear_probe,806,2,11.0,False
clear_probe,806,4,23.0,False
clear_probe,806,6,35.0,False
clear_probe,806,7,41.0,True
clear_probe,806,8,47.0,False
clear_probe,806,15,356.0,False
clear_probe,806,17,368.0,True
clear_probe,806,13,2318.1793457312724,True
clear_probe,806,19,4104.777106903474,False
clear_probe,806,18,4388.066346057876,False
clear_probe,806,1,4553.066346057876,True
clear_probe,806,10,5366.4652568372885,True
clear_probe,806,11,5860.4285975951825,False
clear_probe,807,1,5.0,True
clear_probe,807,2,11.0,False
clear_probe,807,3,17.0,False
clear_probe,807,4,23.0,False
clear_probe,807,10,59.0,True
clear_probe,807,12,71.0,False
clear_probe,807,14,83.0,True
clear_probe,807,19,113.0,True
clear_probe,807,6,1095.8838791691305,False
clear_probe,807,8,3172.7148034173706,False
clear_probe,807,7,3448.7793871231097,True
clear_probe,807,9,3460.7793871231097,False
clear_probe,808,4,23.0,False
clear_probe,808,5,29.0,False
clear_probe,808,8,47.0,False
clear_probe,808,9,53.0,False
clear_probe,808,10,59.0,True
clear_probe,808,15,89.0,False
clear_probe,808,3,1936.9839500177702,True
clear_probe,808,20,2020.9839500177702,False
clear_probe,808,6,2474.6994566173985,False
clear_probe,808,17,2534.6994566173985,True
clear_probe,808,7,3133.326555528458,False
clear_probe,808,16,3163.326555528458,False
clear_probe,809,6,35.0,False
clear_probe,809,8,47.0,False
clear_probe,809,10,59.0,True
clear_probe,809,13,77.0,False
clear_probe,809,1,272.0,False
clear_probe,809,3,284.0,False
clear_probe,809,15,356.0,False
clear_probe,809,16,629.4225002568485,True
clear_probe,809,5,4608.3973549604025,True
clear_probe,809,11,4851.3973549604025,True
clear_probe,810,2,11.0,False
clear_probe,810,4,23.0,True
clear_probe,810,5,29.0,False
clear_probe,810,8,47.0,False
clear_probe,810,9,53.0,False
clear_probe,810,11,65.0,False
clear_probe,810,14,83.0,True
clear_probe,810,17,101.0,False
clear_probe,810,20,119.0,False
clear_probe,810,7,882.9480959797446,True
clear_probe,810,10,1163.9873882460397,True
clear_probe,810,18,1205.9873882460397,False
clear_probe,810,6,1510.4218548678105,True
clear_probe,810,19,1832.0149307512424,False
clear_probe,810,15,5391.725637575309,True
clear_probe,811,1,5.0,False
clear_probe,811,4,23.0,True
clear_probe,811,6,35.0,False
clear_probe,811,16,95.0,False
clear_probe,811,17,101.0,True
clear_probe,811,18,107.0,False
clear_probe,811,19,113.0,True
clear_probe,811,14,1418.0,True
clear_probe,811,2,3780.3755239428706,True
clear_probe,811,9,5907.37552394287,False
clear_probe,812,7,41.0,True
clear_probe,812,12,71.0,False
clear_probe,812,13,77.0,False
clear_probe,812,14,83.0,False
clear_probe,812,4,290.0,True
clear_probe,812,10,326.0,True
clear_probe,812,18,374.0,False
clear_probe,812,19,872.4673223974467,False
clear_probe,812,20,2261.0787911100715,True
clear_probe,812,16,3843.4868589390167,True
clear_probe,813,7,41.0,False
clear_probe,813,13,77.0,False
clear_probe,813,15,89.0,True
clear_probe,813,17,101.0,True
clear_probe,813,18,107.0,True
clear_probe,813,20,119.0,True
clear_probe,813,9,320.0,False
clear_probe,813,1,539.0,True
clear_probe,813,6,1103.0,False
clear_probe,813,19,2856.3997672576234,True
clear_probe,813,16,4328.994814124634,False
clear_probe,814,1,5.0,False
clear_probe,814,2,11.0,False
clear_probe,814,7,41.0,False
clear_probe,814,9,53.0,False
clear_probe,814,18,107.0,False
clear_probe,814,5,296.0,False
clear_probe,814,11,667.2229714380246,False
clear_probe,814,14,685.2229714380246,True
clear_probe,814,15,691.2229714380246,True
clear_probe,814,8,2300.1358089712185,True
clear_probe,814,6,2611.366970110821,False
clear_probe,814,10,2623.366970110821,False
clear_probe,814,20,2671.366970110821,False
clear_probe,814,3,4912.941471759964,True
clear_probe,815,2,11.0,True
clear_probe,815,11,65.0,True
clear_probe,815,18,107.0,False
clear_probe,815,20,119.0,False
clear_probe,815,9,320.0,True
clear_probe,815,15,1922.0,False
clear_probe,815,16,3323.3158289017933,True
clear_probe,815,17,4504.155580551556,False
clear_probe,815,19,4516.155580551556,True
clear_probe,815,10,6309.5764435624305,True
clear_probe,816,20,119.0,False
clear_probe,816,18,374.0,True
clear_probe,816,1,1856.0,True
clear_probe,816,3,1868.0,False
clear_probe,816,6,2408.0,True
clear_probe,816,4,2657.0,False
clear_probe,816,5,2663.0,False
clear_probe,816,14,2717.0,False
clear_probe,816,19,2741.0,True
clear_probe,816,16,3239.0,True
clear_probe,816,13,4082.353804322221,False
clear_probe,817,7,41.0,False
clear_probe,817,10,59.0,False
clear_probe,817,18,107.0,False
clear_probe,817,20,119.0,True
clear_probe,817,9,320.0,True
clear_probe,817,5,563.0,True
clear_probe,817,19,3581.471593673751,True
clear_probe,817,8,3991.7054950860093,False
clear_probe,817,14,4027.7054950860093,True
clear_probe,817,12,4264.705495086009,True
clear_probe,817,11,4673.651792939214,True
clear_probe,818,1,5.0,False
clear_probe,818,10,59.0,False
clear_probe,818,11,65.0,False
clear_probe,818,13,77.0,True
clear_probe,818,18,107.0,False
clear_probe,818,20,119.0,False
clear_probe,818,9,320.0,False
clear_probe,818,17,368.0,True
clear_probe,818,19,647.0,True
clear_probe,818,7,1376.0,False
clear_probe,818,16,2076.6157088815926,True
clear_probe,818,8,3581.6844543442453,True
clear_probe,818,3,5717.914072501391,True
clear_probe,819,10,59.0,False
clear_probe,819,11,65.0,False
clear_probe,819,17,101.0,True
clear_probe,819,13,344.0,False
clear_probe,819,20,386.0,True
clear_probe,819,19,647.0,True
clear_probe,819,5,2662.494834454188,False
clear_probe,819,16,4045.696105404918,False
clear_probe,819,12,4525.696105404918,False
clear_probe,819,14,4531.696105404918,False
clear_probe,819,18,5266.696105404918,True
clear_probe,819,6,5551.307574117543,True
clear_probe,820,2,11.0,False
clear_probe,820,5,29.0,False
clear_probe,820,11,65.0,False
clear_probe,820,17,101.0,False
clear_probe,820,19,113.0,False
clear_probe,820,1,272.0,True
clear_probe,820,10,672.9376059544403,True
clear_probe,820,7,3362.148725164183,False
clear_probe,820,13,4394.148725164183,False
clear_probe,820,16,5748.383052485159,True
clear_probe,820,4,7690.593885471355,True
clear_probe,821,5,29.0,False
clear_probe,821,7,41.0,True
clear_probe,821,11,65.0,False
clear_probe,821,19,113.0,False
clear_probe,821,4,290.0,False
clear_probe,821,9,320.0,True
clear_probe,821,10,326.0,False
clear_probe,821,18,374.0,False
clear_probe,821,2,1361.1117726446964,False
clear_probe,821,16,1427.1117726446964,True
clear_probe,821,6,1619.6959195055815,False
clear_probe,821,13,1655.6959195055815,True
clear_probe,821,8,4972.556329441697,True
clear_probe,821,12,5883.645759543769,True
clear_probe,822,10,59.0,False
clear_probe,822,19,113.0,True
clear_probe,822,2,278.0,False
clear_probe,822,15,356.0,False
clear_probe,822,20,386.0,False
clear_probe,822,6,811.0621115084714,True
clear_probe,822,12,1366.1757087740586,True
clear_probe,822,7,2594.498681445767,False
clear_probe,822,11,2612.498681445767,True
clear_probe,822,13,3578.110150158392,False
clear_probe,823,4,23.0,False
clear_probe,823,5,29.0,False
clear_probe,823,6,35.0,False
clear_probe,823,10,326.0,False
clear_probe,823,20,386.0,True
clear_probe,823,12,604.0463326551815,True
clear_probe,823,15,622.0463326551815,False
clear_probe,823,17,1156.0463326551815,True
clear_probe,823,3,1854.7305244223298,False
clear_probe,823,16,2678.4972166667667,False
clear_probe,823,8,4671.211189376459,True
clear_probe,823,18,5595.211189376459,False
clear_probe,824,4,23.0,False
clear_probe,824,14,83.0,True
clear_probe,824,15,89.0,False
clear_probe,824,17,101.0,True
clear_probe,824,18,107.0,True
clear_probe,824,19,113.0,False
clear_probe,824,2,278.0,True
clear_probe,824,10,326.0,False
clear_probe,824,13,344.0,True
clear_probe,824,12,614.3407566611471,False
clear_probe,824,5,1355.340756661147,True
clear_probe,824,20,4831.872852986108,False
clear_probe,824,1,4984.872852986108,True
clear_probe,824,6,5002.872852986108,False
clear_probe,824,9,6031.156276308492,True
clear_probe,825,1,5.0,False
clear_probe,825,7,41.0,False
clear_probe,825,13,77.0,False
clear_probe,825,2,278.0,False
clear_probe,825,10,326.0,True
clear_probe,825,17,368.0,False
clear_probe,825,11,585.7517189699264,False
clear_probe,825,20,633.7517189699264,True
clear_probe,825,12,2136.942321380504,True
clear_probe,825,19,2172.942321380504,True
clear_probe,825,6,4565.400250800562,True
clear_probe,825,4,7264.856590930134,True
clear_probe,826,1,5.0,False
clear_probe,826,5,29.0,False
clear_probe,826,15,89.0,False
clear_probe,826,16,95.0,False
clear_probe,826,17,101.0,False
clear_probe,826,18,107.0,False
clear_probe,826,2,278.0,True
clear_probe,826,12,338.0,False
clear_probe,826,6,641.2312105838321,True
clear_probe,826,3,2955.978500119275,True
clear_probe,826,9,3447.978500119275,False
clear_probe,826,10,3453.978500119275,True
clear_probe,826,7,3891.978500119275,True
clear_probe,826,4,6270.93463103911,True
clear_probe,827,8,47.0,True
clear_probe,827,10,59.0,False
clear_probe,827,15,89.0,False
clear_probe,827,16,95.0,True
clear_probe,827,17,101.0,False
clear_probe,827,18,107.0,True
clear_probe,827,19,677.4278425952165,False
clear_probe,827,11,3488.427842595216,False
clear_probe,827,7,4714.405847743091,False
clear_probe,827,9,4979.114792031315,True
clear_probe,827,14,5185.692642916729,True
clear_probe,827,2,7042.323675297445,True
clear_probe,828,4,23.0,True
clear_probe,828,5,29.0,True
clear_probe,828,7,41.0,True
clear_probe,828,8,47.0,False
clear_probe,828,12,71.0,True
clear_probe,828,20,119.0,False
clear_probe,828,9,2456.0,False
clear_probe,828,3,3276.651898568528,False
clear_probe,828,6,3294.651898568528,False
clear_probe,828,18,3870.651898568528,True
clear_probe,828,16,6199.388497750863,False
clear_probe,829,9,53.0,False
clear_probe,829,1,272.0,False
clear_probe,829,14,350.0,True
clear_probe,829,17,368.0,True
clear_probe,829,7,859.04573716178,True
clear_probe,829,10,2182.04573716178,True
clear_probe,829,16,4300.0457371617795,False
clear_probe,829,20,4324.0457371617795,True
clear_probe,829,18,5095.0457371617795,False
clear_probe,829,13,5332.0457371617795,True
clear_probe,829,19,5356.0457371617795,False
clear_probe,830,1,5.0,False
clear_probe,830,4,23.0,True
clear_probe,830,7,41.0,True
clear_probe,830,8,314.0,True
clear_probe,830,9,320.0,False
clear_probe,830,17,368.0,False
clear_probe,830,19,908.8299231932158,True
clear_probe,830,11,3254.5160309709972,True
clear_probe,830,2,5466.866701654795,False
clear_probe,830,15,5526.866701654795,False
clear_probe,831,4,23.0,False
clear_probe,831,13,344.0,True
clear_probe,831,3,1352.0,False
clear_probe,831,1,1874.0,False
clear_probe,831,9,2564.36395565607,True
clear_probe,831,11,4800.658621558168,True
clear_probe,831,20,5322.658621558168,True
clear_probe,831,5,6703.81265748165,False
clear_probe,831,15,6745.81265748165,True
clear_probe,831,18,6988.81265748165,True
clear_probe,831,12,8564.362746540031,True
clear_probe,832,3,17.0,False
clear_probe,832,5,29.0,False
clear_probe,832,6,35.0,False
clear_probe,832,7,41.0,True
clear_probe,832,11,65.0,False
clear_probe,832,13,77.0,True
clear_probe,832,2,278.0,True
clear_probe,832,14,350.0,True
clear_probe,832,10,1923.4560754158745,True
clear_probe,832,17,2233.3972681242517,False
clear_probe,832,16,2689.3972681242517,False
clear_probe,832,8,3773.9892472097104,False
clear_probe,832,20,4217.396965162462,True
clear_probe,832,12,6516.612725637998,True
clear_probe,832,18,6918.612725637998,True
clear_probe,833,7,41.0,False
clear_probe,833,12,71.0,False
clear_probe,833,14,83.0,False
clear_probe,833,19,113.0,True
clear_probe,833,6,302.0,False
clear_probe,833,8,314.0,True
clear_probe,833,11,332.0,False
clear_probe,833,18,374.0,True
clear_probe,833,10,2947.3320693975306,False
clear_probe,833,20,3433.3320693975306,True
clear_probe,833,13,4452.344291612233,True
clear_probe,833,4,4647.344291612233,False
clear_probe,833,3,5061.2554961985325,False
clear_probe,833,5,5073.2554961985325,False
clear_probe,834,10,59.0,False
clear_probe,834,15,89.0,True
clear_probe,834,1,272.0,False
clear_probe,834,13,344.0,True
clear_probe,834,20,386.0,True
clear_probe,834,6,841.8646921333371,True
clear_probe,834,7,1842.020962426593,False
clear_probe,834,4,2310.5071027135505,True
clear_probe,834,8,2328.5071027135505,True
clear_probe,834,19,4856.5391610811575,True
clear_probe,834,14,5531.090790186488,True
clear_probe,834,12,7085.779694646855,True
clear_probe,835,5,29.0,True
clear_probe,835,11,65.0,False
clear_probe,835,14,83.0,False
clear_probe,835,15,89.0,False
clear_probe,835,19,113.0,True
clear_probe,835,7,308.0,True
clear_probe,835,10,326.0,False
clear_probe,835,20,386.0,False
clear_probe,835,16,3794.793405320596,False
clear_probe,835,8,4262.793405320595,True
clear_probe,835,4,4493.793405320595,True
clear_probe,835,17,4565.793405320595,False
clear_probe,835,12,6859.315199728306,True
clear_probe,835,2,7030.315199728306,False
clear_probe,836,2,11.0,False
clear_probe,836,3,17.0,False
clear_probe,836,7,41.0,False
clear_probe,836,14,83.0,False
clear_probe,836,17,101.0,False
clear_probe,836,4,290.0,False
clear_probe,836,6,302.0,False
clear_probe,836,15,356.0,True
clear_probe,836,19,651.8470087704837,True
clear_probe,836,20,657.8470087704837,False
clear_probe,836,1,816.5887518223442,True
clear_probe,836,9,1115.4719828141974,True
clear_probe,836,18,1926.2454756299476,True
clear_probe,837,4,23.0,False
clear_probe,837,7,41.0,True
clear_probe,837,8,47.0,True
clear_probe,837,9,53.0,False
clear_probe,837,14,83.0,True
clear_probe,837,17,101.0,False
clear_probe,837,2,278.0,False
clear_probe,837,13,344.0,True
clear_probe,837,1,1358.020715351678,True
clear_probe,837,15,2047.5927157282135,True
clear_probe,837,5,3027.738327930386,True
clear_probe,837,10,4206.718596900358,True
clear_probe,837,20,4242.718596900358,False
clear_probe,837,18,5131.894933479837,True
clear_probe,838,5,29.0,False
clear_probe,838,14,83.0,False
clear_probe,838,15,89.0,True
clear_probe,838,20,119.0,True
clear_probe,838,11,332.0,True
clear_probe,838,17,726.414621159591,False
clear_probe,838,12,969.0388310266858,True
clear_probe,838,3,1170.0388310266858,True
clear_probe,838,10,1470.4458628004058,True
clear_probe,838,18,2424.445862800406,True
clear_probe,838,7,3006.9956588879713,True
clear_probe,838,8,5910.886235495054,False
clear_probe,838,16,5934.886235495054,True
clear_probe,838,19,7140.896922959255,False
clear_probe,839,7,41.0,False
clear_probe,839,10,59.0,False
clear_probe,839,13,77.0,False
clear_probe,839,16,95.0,False
clear_probe,839,20,119.0,False
clear_probe,839,4,290.0,False
clear_probe,839,14,350.0,False
clear_probe,839,9,595.2436895124649,True
clear_probe,839,5,931.6965467792338,False
clear_probe,839,1,1172.68295619339,False
clear_probe,839,8,1214.68295619339,True
clear_probe,839,12,2847.249584101282,False
clear_probe,839,19,3463.024643657153,False
clear_probe,839,17,3872.7249217772164,True
clear_probe,840,7,41.0,True
clear_probe,840,12,71.0,False
clear_probe,840,17,101.0,False
clear_probe,840,9,320.0,False
clear_probe,840,15,356.0,False
clear_probe,840,19,380.0,True
clear_probe,840,6,1867.4752683586703,False
clear_probe,840,18,2699.4528727846227,True
clear_probe,840,14,3937.9180003141328,True
clear_probe,840,4,4585.416561298795,False
clear_probe,840,2,5224.409404850328,False
clear_probe,841,6,35.0,True
clear_probe,841,7,41.0,False
clear_probe,841,10,59.0,True
clear_probe,841,17,101.0,False
clear_probe,841,11,332.0,True
clear_probe,841,14,350.0,False
clear_probe,841,20,386.0,False
clear_probe,841,9,869.3245638953354,False
clear_probe,841,19,917.3245638953354,True
clear_probe,841,15,2001.249267946479,False
clear_probe,841,18,5295.806140827708,False
clear_probe,841,13,5508.806140827708,True
clear_probe,841,16,5976.806140827708,True
clear_probe,841,8,6396.806140827708,True
clear_probe,842,2,11.0,False
clear_probe,842,11,65.0,True
clear_probe,842,16,629.0,True
clear_probe,842,12,872.0,True
clear_probe,842,13,1511.549594305956,False
clear_probe,842,14,3301.4255442877397,True
clear_probe,842,18,3319.4255442877397,True
clear_probe,842,6,5051.150438791317,False
clear_probe,842,3,6281.75101352177,False
clear_probe,842,7,7188.132749517938,True
clear_probe,843,4,23.0,False
clear_probe,843,5,29.0,False
clear_probe,843,7,41.0,True
clear_probe,843,10,59.0,False
clear_probe,843,13,77.0,False
clear_probe,843,17,101.0,False
clear_probe,843,19,113.0,False
clear_probe,843,3,284.0,False
clear_probe,843,11,332.0,False
clear_probe,843,18,374.0,False
clear_probe,843,1,1381.4809374594572,False
clear_probe,843,8,1684.4809374594572,True
clear_probe,843,14,1975.4809374594572,True
clear_probe,843,15,2681.9353754395997,True
clear_probe,843,20,6681.252816001421,False
clear_probe,844,4,23.0,False
clear_probe,844,6,35.0,True
clear_probe,844,12,71.0,False
clear_probe,844,13,77.0,False
clear_probe,844,16,95.0,False
clear_probe,844,17,101.0,False
clear_probe,844,9,320.0,True
clear_probe,844,10,326.0,False
clear_probe,844,19,380.0,False
clear_probe,844,7,833.5527534581049,True
clear_probe,844,18,893.5527534581049,False
clear_probe,844,1,1449.2783770790963,True
clear_probe,844,11,1491.2783770790963,True
clear_probe,844,15,3657.007497459581,True
clear_probe,844,8,3852.007497459581,True
clear_probe,845,5,29.0,False
clear_probe,845,8,47.0,False
clear_probe,845,12,71.0,False
clear_probe,845,18,107.0,False
clear_probe,845,19,113.0,False
clear_probe,845,11,332.0,True
clear_probe,845,3,3285.777665223106,True
clear_probe,845,16,3357.777665223106,False
clear_probe,845,1,4615.952563630787,True
clear_probe,845,10,5188.098535838108,True
clear_probe,846,2,11.0,False
clear_probe,846,6,35.0,True
clear_probe,846,7,41.0,False
clear_probe,846,8,47.0,False
clear_probe,846,16,95.0,True
clear_probe,846,18,107.0,True
clear_probe,846,15,626.0888363770412,True
clear_probe,846,3,1331.383758027601,True
clear_probe,846,4,1681.995226740226,True
clear_probe,846,9,5329.425377993729,True
clear_probe,847,2,11.0,True
clear_probe,847,4,23.0,True
clear_probe,847,10,59.0,True
clear_probe,847,11,65.0,False
clear_probe,847,17,101.0,False
clear_probe,847,18,107.0,False
clear_probe,847,5,296.0,True
clear_probe,847,15,356.0,True
clear_probe,847,13,611.0,True
clear_probe,847,6,1103.0,True
clear_probe,847,20,1442.0,False
clear_probe,847,8,1637.0,True
clear_probe,847,9,3561.257053216358,False
clear_probe,848,2,11.0,True
clear_probe,848,3,17.0,False
clear_probe,848,5,29.0,False
clear_probe,848,8,47.0,True
clear_probe,848,9,53.0,True
clear_probe,848,11,65.0,True
clear_probe,848,13,77.0,False
clear_probe,848,4,290.0,False
clear_probe,848,16,362.0,True
clear_probe,848,17,368.0,False
clear_probe,848,1,2317.5875385891813,True
clear_probe,848,10,2359.5875385891813,True
clear_probe,848,15,3601.8381206159606,False
clear_probe,848,6,4027.8381206159606,False
clear_probe,848,14,4550.677023447491,False
clear_probe,848,20,4837.226794479027,True
clear_probe,849,6,35.0,True
clear_probe,849,9,53.0,True
clear_probe,849,10,59.0,True
clear_probe,849,2,278.0,False
clear_probe,849,11,599.0,True
clear_probe,849,15,1157.0,True
clear_probe,849,17,1964.0,True
clear_probe,849,1,5170.900393283957,True
clear_probe,849,18,6184.900393283957,True
clear_probe,849,5,6598.900393283957,True
clear_probe,850,1,5.0,True
clear_probe,850,3,17.0,True
clear_probe,850,7,41.0,False
clear_probe,850,17,101.0,True
clear_probe,850,19,113.0,False
clear_probe,850,5,296.0,False
clear_probe,850,15,356.0,False
clear_probe,850,16,362.0,True
clear_probe,850,14,884.0,True
clear_probe,850,6,1103.0,True
clear_probe,850,18,3185.5626582762507,False
clear_probe,850,2,4126.3661698498945,True
clear_probe,850,10,4156.3661698498945,True
clear_probe,850,20,5311.3661698498945,True
clear_probe,850,4,5476.3661698498945,True
clear_probe,850,11,5494.3661698498945,True
clear_probe,851,3,17.0,True
clear_probe,851,8,47.0,False
clear_probe,851,13,77.0,False
clear_probe,851,15,89.0,True
clear_probe,851,17,101.0,False
clear_probe,851,18,107.0,False
clear_probe,851,4,290.0,False
clear_probe,851,11,332.0,True
clear_probe,851,19,380.0,False
clear_probe,851,1,1989.6981134840255,False
clear_probe,851,10,2031.6981134840255,False
clear_probe,851,20,2541.6981134840253,False
clear_probe,851,16,3589.140536038929,True
clear_probe,851,14,5630.560734145987,True
clear_probe,852,15,89.0,False
clear_probe,852,16,95.0,False
clear_probe,852,19,113.0,False
clear_probe,852,10,326.0,False
clear_probe,852,13,1133.0,True
clear_probe,852,12,1388.0,False
clear_probe,852,2,2653.7713782645937,False
clear_probe,852,18,2980.7713782645937,False
clear_probe,852,5,3852.5182557117655,True
clear_probe,852,7,3864.5182557117655,False
clear_probe,852,3,4314.518255711766,True
clear_probe,852,4,4320.518255711766,True
clear_probe,852,6,4539.129576407486,True
clear_probe,852,14,4810.9668116895755,True
clear_probe,852,20,7936.5095201841405,True
clear_probe,852,9,8107.5095201841405,True
clear_probe,853,4,23.0,False
clear_probe,853,12,71.0,True
clear_probe,853,15,89.0,True
clear_probe,853,17,101.0,False
clear_probe,853,10,326.0,False
clear_probe,853,3,1289.423251943301,False
clear_probe,853,20,5188.0884997634985,True
clear_probe,853,8,5371.0884997634985,True
clear_probe,853,6,5608.0884997634985,False
clear_probe,853,18,5917.0884997634985,False
clear_probe,853,11,7134.329128321695,True
clear_probe,853,13,7560.329128321695,True
clear_probe,853,2,8267.97923911402,True
clear_probe,854,2,11.0,False
clear_probe,854,10,59.0,True
clear_probe,854,13,77.0,True
clear_probe,854,17,101.0,True
clear_probe,854,9,320.0,True
clear_probe,854,14,350.0,False
clear_probe,854,15,356.0,False
clear_probe,854,20,386.0,False
clear_probe,854,8,581.0,True
clear_probe,854,5,3645.7659873691305,True
clear_probe,854,11,4156.231041566548,True
clear_probe,854,4,5407.933801540751,False
clear_probe,854,12,6396.231539505872,True
clear_probe,854,16,6402.231539505872,True
clear_probe,854,1,6567.231539505872,False
clear_probe,854,7,6792.231539505872,True
clear_probe,855,8,47.0,True
clear_probe,855,16,95.0,True
clear_probe,855,17,101.0,False
clear_probe,855,20,386.0,False
clear_probe,855,10,3477.5367608770075,True
clear_probe,855,5,3702.5367608770075,False
clear_probe,855,6,3963.5367608770075,False
clear_probe,855,9,4236.5367608770075,False
clear_probe,855,11,4503.5367608770075,False
clear_probe,855,18,5762.718597088907,True
clear_probe,855,4,6170.718597088907,True
clear_probe,856,7,41.0,True
clear_probe,856,8,47.0,False
clear_probe,856,10,59.0,False
clear_probe,856,18,107.0,True
clear_probe,856,16,362.0,False
clear_probe,856,20,1187.0,False
clear_probe,856,2,3025.8573287257113,True
clear_probe,856,13,3079.8573287257113,False
clear_probe,856,9,3322.307050950919,False
clear_probe,856,5,5579.294982843478,True
clear_probe,856,19,7366.43103175949,True
clear_probe,857,7,41.0,True
clear_probe,857,10,59.0,True
clear_probe,857,12,71.0,True
clear_probe,857,14,83.0,False
clear_probe,857,16,95.0,True
clear_probe,857,15,356.0,True
clear_probe,857,18,374.0,True
clear_probe,857,20,386.0,True
clear_probe,857,9,962.4194026052211,False
clear_probe,857,5,1480.2320505202117,True
clear_probe,857,8,1498.2320505202117,False
clear_probe,857,6,4071.2369186886795,False
clear_probe,857,4,5937.923679013614,False
clear_probe,858,12,71.0,True
clear_probe,858,15,89.0,True
clear_probe,858,19,113.0,False
clear_probe,858,10,326.0,True
clear_probe,858,13,344.0,True
clear_probe,858,18,374.0,False
clear_probe,858,17,635.0,True
clear_probe,858,3,1774.1464344113274,False
clear_probe,858,4,1780.1464344113274,True
clear_probe,858,8,1804.1464344113274,True
clear_probe,858,6,4033.8054031747924,True
clear_probe,858,11,4531.805403174792,True
clear_probe,858,14,5113.774121007,False
clear_probe,858,16,5569.774121007,False
clear_probe,859,3,17.0,False
clear_probe,859,5,29.0,True
clear_probe,859,7,41.0,True
clear_probe,859,10,59.0,False
clear_probe,859,15,89.0,False
clear_probe,859,17,101.0,False
clear_probe,859,2,278.0,False
clear_probe,859,8,581.0,True
clear_probe,859,20,1187.0,False
clear_probe,859,13,1928.5074308730052,True
clear_probe,859,18,1952.5074308730052,False
clear_probe,859,16,2438.36452071012,True
clear_probe,859,1,4038.741125013908,True
clear_probe,859,4,4494.7411250139085,True
clear_probe,860,16,95.0,True
clear_probe,860,17,101.0,True
clear_probe,860,19,113.0,True
clear_probe,860,4,290.0,False
clear_probe,860,5,296.0,False
clear_probe,860,12,338.0,False
clear_probe,860,14,2132.95470347721,False
clear_probe,860,8,2345.95470347721,True
clear_probe,860,9,3843.499358688565,True
clear_probe,860,10,4854.16029015468,False
clear_probe,860,3,5061.16029015468,True
clear_probe,861,3,17.0,False
clear_probe,861,5,29.0,True
clear_probe,861,6,35.0,True
clear_probe,861,8,47.0,True
clear_probe,861,12,71.0,False
clear_probe,861,13,77.0,True
clear_probe,861,15,89.0,False
clear_probe,861,17,101.0,True
clear_probe,861,18,107.0,True
clear_probe,861,4,290.0,False
clear_probe,861,16,362.0,False
clear_probe,861,2,2099.4097919159276,True
clear_probe,861,11,2141.4097919159276,True
clear_probe,861,20,2177.4097919159276,False
clear_probe,861,14,4058.552801926218,True
clear_probe,861,1,4423.103092567784,True
clear_probe,862,2,11.0,False
clear_probe,862,4,23.0,True
clear_probe,862,7,41.0,False
clear_probe,862,8,47.0,False
clear_probe,862,16,95.0,False
clear_probe,862,17,368.0,False
clear_probe,862,19,380.0,True
clear_probe,862,6,2888.0797140180707,True
clear_probe,862,18,3719.0797140180707,False
clear_probe,862,3,3896.0797140180707,True
clear_probe,862,11,3932.0797140180707,True
clear_probe,862,9,5108.14610019432,True
clear_probe,862,5,5339.642260680167,True
clear_probe,862,15,7839.934120888637,True
clear_probe,863,10,59.0,True
clear_probe,863,11,65.0,True
clear_probe,863,13,77.0,True
clear_probe,863,18,107.0,False
clear_probe,863,20,119.0,False
clear_probe,863,4,1091.0,True
clear_probe,863,8,1382.0,False
clear_probe,863,14,1418.0,True
clear_probe,863,3,1886.0,True
clear_probe,863,1,2414.688585919421,True
clear_probe,863,19,2516.688585919421,True
clear_probe,863,9,4297.754604074643,True
clear_probe,863,16,4558.754604074643,False
clear_probe,863,15,5024.880802101838,False
clear_probe,864,3,17.0,True
clear_probe,864,11,65.0,True
clear_probe,864,13,77.0,False
clear_probe,864,16,95.0,True
clear_probe,864,2,278.0,True
clear_probe,864,5,296.0,True
clear_probe,864,7,308.0,False
clear_probe,864,19,647.0,True
clear_probe,864,1,1843.3533660197709,True
clear_probe,864,20,3498.0384241599154,True
clear_probe,864,6,4830.065539994866,False
clear_probe,864,12,6640.173694727386,False
clear_probe,865,10,59.0,False
clear_probe,865,12,71.0,False
clear_probe,865,18,107.0,True
clear_probe,865,3,284.0,True
clear_probe,865,4,290.0,False
clear_probe,865,5,563.0,True
clear_probe,865,17,1128.5009409223637,False
clear_probe,865,19,2433.500940922364,True
clear_probe,865,6,4192.4153431051855,True
clear_probe,865,15,4240.4153431051855,True
clear_probe,865,16,4477.4153431051855,True
clear_probe,865,1,7469.39310595001,True
clear_probe,865,8,7493.39310595001,True
clear_probe,866,5,29.0,False
clear_probe,866,7,41.0,False
clear_probe,866,6,1352.0,False
clear_probe,866,14,1661.0,True
clear_probe,866,1,2111.0,True
clear_probe,866,2,2952.2102903642917,True
clear_probe,866,12,3541.1990254993234,False
clear_probe,866,4,3744.3335933694084,True
clear_probe,866,20,4053.3335933694084,False
clear_probe,866,19,4543.331285652585,True
clear_probe,867,2,11.0,False
clear_probe,867,3,17.0,False
clear_probe,867,8,47.0,True
clear_probe,867,9,53.0,False
clear_probe,867,12,71.0,True
clear_probe,867,19,113.0,False
clear_probe,867,5,296.0,True
clear_probe,867,20,386.0,False
clear_probe,867,13,616.360894797293,True
clear_probe,867,14,3407.075994181656,True
clear_probe,867,15,3650.075994181656,False
clear_probe,867,4,4705.703613976093,True
clear_probe,867,16,4759.703613976093,True
clear_probe,867,18,4771.703613976093,False
clear_probe,867,7,4986.5639080246465,False
clear_probe,867,1,5399.652094986084,True
clear_probe,868,5,29.0,False
clear_probe,868,13,77.0,False
clear_probe,868,14,83.0,True
clear_probe,868,8,314.0,False
clear_probe,868,4,1892.0,True
clear_probe,868,11,1934.0,False
clear_probe,868,18,1976.0,True
clear_probe,868,1,4508.312499952122,False
clear_probe,868,16,4580.312499952122,False
clear_probe,868,3,4763.312499952122,False
clear_probe,868,17,5072.312499952122,False
clear_probe,868,2,6125.215721672993,True
clear_probe,868,15,6398.215721672993,True
clear_probe,869,14,83.0,True
clear_probe,869,16,95.0,False
clear_probe,869,13,344.0,True
clear_probe,869,15,356.0,True
clear_probe,869,17,368.0,True
clear_probe,869,18,374.0,True
clear_probe,869,2,1340.0,False
clear_probe,869,3,2193.779857619204,True
clear_probe,869,1,2916.779857619204,True
clear_probe,869,9,5353.7186352614435,False
clear_probe,869,7,5560.7186352614435,False
clear_probe,869,19,5596.7186352614435,False
clear_probe,869,8,5785.7186352614435,False
clear_probe,870,4,23.0,False
clear_probe,870,7,41.0,False
clear_probe,870,10,59.0,False
clear_probe,870,12,71.0,False
clear_probe,870,15,89.0,False
clear_probe,870,20,119.0,False
clear_probe,870,19,380.0,True
clear_probe,870,8,1649.0,True
clear_probe,870,2,2183.3520463745353,True
clear_probe,870,16,4372.565608266766,True
clear_probe,870,6,5212.565608266766,True
clear_probe,871,3,17.0,False
clear_probe,871,15,89.0,False
clear_probe,871,18,107.0,False
clear_probe,871,19,113.0,True
clear_probe,871,6,569.0,True
clear_probe,871,7,1969.1037594589377,True
clear_probe,871,12,2516.223096522125,True
clear_probe,871,14,2528.223096522125,True
clear_probe,871,5,2735.223096522125,False
clear_probe,871,20,3671.061641355832,True
clear_probe,871,11,3866.061641355832,False
clear_probe,871,4,7029.40100385913,False
clear_probe,872,11,65.0,True
clear_probe,872,13,77.0,True
clear_probe,872,14,83.0,False
clear_probe,872,20,119.0,False
clear_probe,872,8,314.0,True
clear_probe,872,16,362.0,True
clear_probe,872,1,576.2165910410862,True
clear_probe,872,10,630.2165910410862,False
clear_probe,872,2,1857.216591041086,False
clear_probe,872,19,3502.1735231599073,False
clear_probe,872,5,5364.703969782284,False
clear_probe,872,4,7043.258186540967,True
clear_probe,872,15,7310.258186540967,True
clear_probe,872,18,7541.258186540967,True
clear_probe,873,5,29.0,False
clear_probe,873,12,71.0,False
clear_probe,873,16,95.0,True
clear_probe,873,18,107.0,False
clear_probe,873,10,326.0,True
clear_probe,873,1,2112.8123567582884,False
clear_probe,873,7,3626.8036670025276,False
clear_probe,873,19,3923.8036670025276,True
clear_probe,873,9,4603.90448820071,True
clear_probe,873,6,5770.90448820071,True
clear_probe,873,14,5806.90448820071,True
clear_probe,874,3,17.0,False
clear_probe,874,16,95.0,False
clear_probe,874,19,113.0,True
clear_probe,874,8,581.0,True
clear_probe,874,13,611.0,True
clear_probe,874,6,1370.0,True
clear_probe,874,20,2033.944732684815,True
clear_probe,874,10,3485.944732684815,True
clear_probe,874,1,3935.944732684815,True
clear_probe,874,12,3995.944732684815,True
clear_probe,874,17,4715.281889881809,True
clear_probe,874,7,4925.8625311539645,True
clear_probe,874,2,5126.8625311539645,True
clear_probe,874,9,5162.8625311539645,True
clear_probe,875,14,83.0,True
clear_probe,875,20,119.0,True
clear_probe,875,4,290.0,False
clear_probe,875,12,338.0,False
clear_probe,875,13,344.0,True
clear_probe,875,8,3326.286123953686,True
clear_probe,875,2,4154.797593932788,False
clear_probe,875,18,4232.797593932788,True
clear_probe,875,6,4670.797593932788,True
clear_probe,875,9,4682.797593932788,False
clear_probe,875,11,4694.797593932788,False
clear_probe,875,15,4712.797593932788,False
clear_probe,875,17,4724.797593932788,False
clear_probe,875,16,7059.751154598893,True
clear_probe,876,7,41.0,False
clear_probe,876,9,53.0,False
clear_probe,876,10,59.0,False
clear_probe,876,14,83.0,False
clear_probe,876,5,296.0,True
clear_probe,876,15,356.0,True
clear_probe,876,16,907.8135452907285,True
clear_probe,876,20,931.8135452907285,False
clear_probe,876,2,1375.4659170372054,True
clear_probe,876,4,2540.37374831056,True
clear_probe,876,17,4730.907365103946,True
clear_probe,876,1,5612.907365103946,True
clear_probe,876,18,5915.907365103946,True
clear_probe,876,8,6335.907365103946,True
clear_probe,876,19,6383.907365103946,True
clear_probe,877,1,5.0,True
clear_probe,877,6,35.0,False
clear_probe,877,12,71.0,False
clear_probe,877,18,107.0,False
clear_probe,877,13,344.0,False
clear_probe,877,15,356.0,True
clear_probe,877,9,587.0,True
clear_probe,877,8,1670.8208453016211,False
clear_probe,877,19,2448.844980156773,True
clear_probe,877,16,3459.6188039938475,True
clear_probe,877,14,5032.316013256787,True
clear_probe,878,2,11.0,False
clear_probe,878,3,17.0,False
clear_probe,878,7,41.0,False
clear_probe,878,9,53.0,True
clear_probe,878,14,83.0,True
clear_probe,878,19,113.0,True
clear_probe,878,20,119.0,True
clear_probe,878,17,368.0,False
clear_probe,878,12,552.4314791892009,True
clear_probe,878,5,785.6181988825465,False
clear_probe,878,16,845.6181988825465,False
clear_probe,878,18,2779.747713735374,True
clear_probe,878,4,2950.747713735374,False
clear_probe,878,13,3328.1275684408583,False
clear_probe,878,11,3932.150381765368,True
clear_probe,878,10,6247.9752031060525,True
clear_probe,879,3,17.0,False
clear_probe,879,7,41.0,False
clear_probe,879,20,119.0,True
clear_probe,879,1,272.0,False
clear_probe,879,2,278.0,False
clear_probe,879,12,338.0,True
clear_probe,879,18,374.0,False
clear_probe,879,6,910.9946675044205,True
clear_probe,879,5,3269.581450624882,True
clear_probe,879,14,4776.0693852886425,False
clear_probe,880,1,5.0,True
clear_probe,880,3,17.0,False
clear_probe,880,5,29.0,False
clear_probe,880,13,77.0,True
clear_probe,880,17,101.0,False
clear_probe,880,10,326.0,True
clear_probe,880,11,332.0,True
clear_probe,880,2,3645.5715273529536,False
clear_probe,880,9,5393.4151113948055,False
clear_probe,880,7,6092.4151113948055,True
clear_probe,881,1,5.0,False
clear_probe,881,4,23.0,False
clear_probe,881,7,41.0,False
clear_probe,881,8,47.0,False
clear_probe,881,16,95.0,True
clear_probe,881,3,284.0,False
clear_probe,881,17,368.0,True
clear_probe,881,13,1133.0,True
clear_probe,881,2,2372.0945647402336,True
clear_probe,881,6,3913.466827538962,True
clear_probe,881,9,4399.466827538962,True
clear_probe,881,14,4423.466827538962,True
clear_probe,881,5,4909.14507988446,False
clear_probe,881,15,4945.14507988446,False
clear_probe,881,11,5471.476216940957,True
clear_probe,882,3,17.0,True
clear_probe,882,5,29.0,False
clear_probe,882,10,59.0,True
clear_probe,882,11,65.0,True
clear_probe,882,13,77.0,False
clear_probe,882,14,83.0,True
clear_probe,882,18,107.0,False
clear_probe,882,15,623.0,False
clear_probe,882,16,1651.3553334785481,True
clear_probe,882,7,6318.455621015583,True
clear_probe,883,4,23.0,False
clear_probe,883,11,65.0,False
clear_probe,883,14,83.0,True
clear_probe,883,2,278.0,False
clear_probe,883,3,604.6772811414883,True
clear_probe,883,6,616.6772811414883,True
clear_probe,883,18,688.6772811414883,True
clear_probe,883,5,1015.5498693317728,True
clear_probe,883,10,1294.5498693317727,True
clear_probe,883,17,1324.5498693317727,True
clear_probe,883,1,3698.621241649687,False
clear_probe,883,12,3996.357549982189,True
clear_probe,883,9,5178.131919317752,False
clear_probe,883,19,7752.596969120809,False
clear_probe,884,6,35.0,False
clear_probe,884,8,47.0,True
clear_probe,884,10,59.0,False
clear_probe,884,11,65.0,False
clear_probe,884,13,77.0,False
clear_probe,884,17,101.0,True
clear_probe,884,20,119.0,False
clear_probe,884,7,308.0,True
clear_probe,884,19,380.0,False
clear_probe,884,3,551.0,True
clear_probe,884,14,1151.0,False
clear_probe,884,4,2257.14423838495,False
clear_probe,884,2,3194.969647264784,False
clear_probe,884,5,3644.969647264784,True
clear_probe,884,1,4963.726001104845,False
clear_probe,884,16,7799.045469480617,True
clear_probe,885,6,35.0,False
clear_probe,885,10,59.0,False
clear_probe,885,17,101.0,False
clear_probe,885,18,107.0,True
clear_probe,885,20,119.0,True
clear_probe,885,2,278.0,False
clear_probe,885,3,530.5817004669971,False
clear_probe,885,16,957.0210806932863,False
clear_probe,885,14,1694.0763440314204,True
clear_probe,885,5,3545.9769081430936,True
clear_probe,885,11,7029.026597512073,True
clear_probe,885,19,8505.35800116076,True
clear_probe,886,2,11.0,True
clear_probe,886,5,29.0,False
clear_probe,886,16,95.0,False
clear_probe,886,4,290.0,False
clear_probe,886,14,350.0,True
clear_probe,886,18,3565.0171731760643,False
clear_probe,886,17,3808.0171731760643,True
clear_probe,886,8,4015.0171731760643,True
clear_probe,886,3,4240.017173176064,False
clear_probe,886,19,4318.017173176064,True
clear_probe,886,11,6151.197361119757,True
clear_probe,887,5,29.0,True
clear_probe,887,10,59.0,False
clear_probe,887,11,65.0,False
clear_probe,887,18,107.0,False
clear_probe,887,19,113.0,False
clear_probe,887,9,320.0,True
clear_probe,887,8,581.0,True
clear_probe,887,20,2441.198139956404,False
clear_probe,887,2,2600.198139956404,True
clear_probe,887,7,4393.753354912429,False
clear_probe,887,12,4630.753354912429,False
clear_probe,887,13,4636.753354912429,False
clear_probe,887,16,7932.244712272963,True
clear_probe,888,15,89.0,True
clear_probe,888,3,551.0,False
clear_probe,888,9,587.0,False
clear_probe,888,19,1976.0,True
clear_probe,888,13,3045.644642784469,False
clear_probe,888,7,4823.644902700362,True
clear_probe,888,11,5102.644902700362,False
clear_probe,888,14,5624.644902700362,True
clear_probe,888,6,6193.641282568587,True
clear_probe,888,16,6235.641282568587,True
clear_probe,889,4,23.0,True
clear_probe,889,11,65.0,False
clear_probe,889,13,77.0,False
clear_probe,889,17,101.0,False
clear_probe,889,18,107.0,False
clear_probe,889,8,314.0,False
clear_probe,889,10,326.0,False
clear_probe,889,16,629.0,True
clear_probe,889,14,1251.5334182715806,True
clear_probe,889,2,2220.7761811406053,True
clear_probe,889,20,3157.5428106335007,False
clear_probe,889,6,4479.053510206084,True
clear_probe,889,19,4521.053510206084,True
clear_probe,889,3,4686.719977628926,True
clear_probe,889,1,6456.032031970337,True
clear_probe,890,7,41.0,True
clear_probe,890,9,53.0,True
clear_probe,890,2,278.0,True
clear_probe,890,20,386.0,False
clear_probe,890,1,539.0,True
clear_probe,890,6,1874.0,True
clear_probe,890,13,3389.726520121574,True
clear_probe,890,19,4072.240274659276,True
clear_probe,890,10,4255.240274659276,True
clear_probe,890,17,5564.6243486540725,True
clear_probe,891,6,35.0,True
clear_probe,891,12,71.0,False
clear_probe,891,13,77.0,True
clear_probe,891,18,107.0,True
clear_probe,891,20,119.0,False
clear_probe,891,7,575.0,True
clear_probe,891,17,635.0,True
clear_probe,891,9,1892.0,True
clear_probe,891,10,3464.0,False
clear_probe,891,14,3749.0,True
clear_probe,891,4,4942.386231459742,True
clear_probe,891,16,4984.386231459742,False
clear_probe,891,8,5484.1956092529335,True
clear_probe,891,5,5697.1956092529335,False
clear_probe,891,1,6907.471675277641,True
clear_probe,892,3,17.0,True
clear_probe,892,6,35.0,False
clear_probe,892,7,41.0,True
clear_probe,892,8,47.0,False
clear_probe,892,10,326.0,False
clear_probe,892,17,368.0,True
clear_probe,892,4,557.0,True
clear_probe,892,11,2153.188774664765,True
clear_probe,892,15,2177.188774664765,False
clear_probe,892,13,4433.248993329588,False
clear_probe,892,14,5168.248993329588,True
clear_probe,893,2,11.0,False
clear_probe,893,3,17.0,True
clear_probe,893,7,41.0,False
clear_probe,893,16,95.0,True
clear_probe,893,9,320.0,False
clear_probe,893,8,1666.9197536361562,True
clear_probe,893,15,2485.919753636156,True
clear_probe,893,4,4379.831580880746,False
clear_probe,893,6,4391.831580880746,True
clear_probe,893,18,4445.831580880746,False
clear_probe,893,17,4925.831580880746,True
clear_probe,893,14,5869.184794312391,True
clear_probe,893,13,6088.184794312391,False
clear_probe,893,12,7362.580766586507,True
clear_probe,894,5,29.0,True
clear_probe,894,9,53.0,False
clear_probe,894,10,59.0,False
clear_probe,894,12,71.0,True
clear_probe,894,13,77.0,False
clear_probe,894,17,101.0,False
clear_probe,894,7,308.0,True
clear_probe,894,18,374.0,True
clear_probe,894,6,2402.0,False
clear_probe,894,19,2711.0,True
clear_probe,894,1,3669.257190792779,False
clear_probe,894,16,4197.2571907927795,False
clear_probe,894,2,7225.5696614211565,True
clear_probe,895,1,5.0,True
clear_probe,895,4,23.0,True
clear_probe,895,10,59.0,False
clear_probe,895,15,89.0,True
clear_probe,895,16,95.0,True
clear_probe,895,5,296.0,False
clear_probe,895,17,368.0,False
clear_probe,895,9,1157.8156672525831,True
clear_probe,895,14,2426.901207749979,True
clear_probe,895,13,2920.224021584369,False
clear_probe,895,18,3734.7717617632984,True
clear_probe,895,3,4020.3092104438324,True
clear_probe,895,19,7004.543724169864,True
clear_probe,895,8,7187.543724169864,True
clear_probe,895,12,8198.368806451439,True
clear_probe,896,6,35.0,False
clear_probe,896,13,77.0,False
clear_probe,896,14,83.0,False
clear_probe,896,4,557.0,True
clear_probe,896,5,2681.0,False
clear_probe,896,2,3938.744449293187,False
clear_probe,896,11,3980.744449293187,True
clear_probe,896,19,4022.744449293187,True
clear_probe,896,16,4852.967955038908,False
clear_probe,896,15,5089.967955038908,True
clear_probe,896,12,5335.378898901419,False
clear_probe,897,6,35.0,True
clear_probe,897,9,53.0,False
clear_probe,897,13,77.0,False
clear_probe,897,18,107.0,False
clear_probe,897,19,113.0,False
clear_probe,897,11,332.0,False
clear_probe,897,20,386.0,False
clear_probe,897,2,820.5290053717881,True
clear_probe,897,5,3637.7825384060397,False
clear_probe,897,3,3869.9215545370357,True
clear_probe,898,3,17.0,False
clear_probe,898,4,23.0,False
clear_probe,898,10,59.0,False
clear_probe,898,9,320.0,True
clear_probe,898,16,1852.332112515671,False
clear_probe,898,5,2314.332112515671,True
clear_probe,898,11,2605.332112515671,False
clear_probe,898,20,2653.332112515671,False
clear_probe,898,17,3394.2647783680763,False
clear_probe,898,2,3899.253412770801,False
clear_probe,898,8,3929.253412770801,True
clear_probe,898,19,4707.251609045741,True
clear_probe,898,1,5736.251609045741,True
clear_probe,899,6,35.0,False
clear_probe,899,7,41.0,False
clear_probe,899,8,47.0,True
clear_probe,899,13,77.0,False
clear_probe,899,20,119.0,False
clear_probe,899,2,278.0,False
clear_probe,899,10,326.0,False
clear_probe,899,11,332.0,False
clear_probe,899,15,356.0,False
clear_probe,899,5,563.0,True
clear_probe,899,19,1818.3668618088018,True
clear_probe,899,9,2595.00632418476,False
clear_probe,899,18,2637.00632418476,True
clear_probe,899,3,3398.402164851686,True
clear_probe,899,17,5614.8404634397275,False
clear_probe,899,1,5954.753182737835,True
clear_probe,900,1,5.0,False
clear_probe,900,3,17.0,False
clear_probe,900,5,29.0,False
clear_probe,900,6,35.0,True
clear_probe,900,17,368.0,True
clear_probe,900,19,380.0,True
clear_probe,900,18,1709.0,True
clear_probe,900,8,2044.3086265202207,True
clear_probe,900,7,2821.308626520221,True
clear_probe,900,4,3847.308626520221,True
clear_probe,900,9,4399.308626520221,True
clear_probe,900,12,4417.308626520221,False
clear_probe,900,16,5686.308626520221,True
clear_probe,900,20,5704.308626520221,True
clear_probe,901,6,35.0,False
clear_probe,901,11,65.0,True
clear_probe,901,17,101.0,False
clear_probe,901,18,107.0,True
clear_probe,901,10,326.0,False
clear_probe,901,12,338.0,False
clear_probe,901,5,563.0,True
clear_probe,901,13,1089.170660459984,True
clear_probe,901,4,4038.772629653239,False
clear_probe,901,9,4056.772629653239,True
clear_probe,901,16,6263.865440641827,True
clear_probe,901,7,7107.439439114695,True
clear_probe,901,8,7314.439439114695,True
clear_probe,902,3,17.0,True
clear_probe,902,7,41.0,False
clear_probe,902,8,47.0,False
clear_probe,902,10,59.0,True
clear_probe,902,13,77.0,True
clear_probe,902,18,107.0,False
clear_probe,902,17,635.0,True
clear_probe,902,16,2498.0,True
clear_probe,902,9,3766.6875143477696,True
clear_probe,902,15,6366.471542059787,False
clear_probe,902,6,6911.6788847343805,True
clear_probe,902,5,7528.931335656123,True
clear_probe,903,3,17.0,False
clear_probe,903,10,59.0,True
clear_probe,903,2,278.0,True
clear_probe,903,19,1448.0,False
clear_probe,903,16,2793.0201170528117,True
clear_probe,903,15,4353.020117052812,False
clear_probe,903,4,5556.020117052812,True
clear_probe,903,6,5568.020117052812,False
clear_probe,903,7,5823.020117052812,True
clear_probe,903,14,5865.020117052812,True
clear_probe,904,1,5.0,False
clear_probe,904,4,23.0,False
clear_probe,904,7,41.0,False
clear_probe,904,13,77.0,True
clear_probe,904,16,95.0,False
clear_probe,904,2,278.0,False
clear_probe,904,14,736.4409338113114,False
clear_probe,904,15,742.4409338113114,False
clear_probe,904,17,754.4409338113114,False
clear_probe,904,10,2676.140939521795,False
clear_probe,904,11,2901.140939521795,False
clear_probe,904,8,3321.140939521795,False
clear_probe,904,20,3363.140939521795,True
clear_probe,904,18,3783.140939521795,False
clear_probe,904,9,4841.207299092214,True
clear_probe,905,1,5.0,False
clear_probe,905,3,17.0,False
clear_probe,905,9,53.0,False
clear_probe,905,10,59.0,True
clear_probe,905,14,83.0,False
clear_probe,905,17,101.0,False
clear_probe,905,4,290.0,False
clear_probe,905,12,338.0,False
clear_probe,905,15,356.0,False
clear_probe,905,7,589.396796630407,True
clear_probe,905,11,607.396796630407,False
clear_probe,905,13,619.396796630407,True
clear_probe,905,16,637.396796630407,True
clear_probe,905,18,1635.4605802926844,True
clear_probe,905,20,2322.4605802926844,True
clear_probe,906,8,47.0,False
clear_probe,906,12,71.0,True
clear_probe,906,19,113.0,True
clear_probe,906,6,302.0,False
clear_probe,906,9,2415.0400632947103,True
clear_probe,906,3,4176.187415298428,True
clear_probe,906,7,4194.187415298428,False
clear_probe,906,20,4509.187415298428,False
clear_probe,906,13,5590.1577068850065,True
clear_probe,906,5,7828.0336682601355,True
clear_probe,907,3,17.0,False
clear_probe,907,6,35.0,False
clear_probe,907,10,59.0,False
clear_probe,907,12,71.0,False
clear_probe,907,20,119.0,False
clear_probe,907,2,278.0,True
clear_probe,907,14,1138.0,True
clear_probe,907,19,1429.0,False
clear_probe,907,17,1939.0,True
clear_probe,907,8,3502.5568308585107,False
clear_probe,907,15,3532.5568308585107,True
clear_probe,907,4,3715.5568308585107,True
clear_probe,907,5,5351.874014147368,False
clear_probe,907,7,5363.874014147368,True
clear_probe,907,13,5600.874014147368,False
clear_probe,908,3,17.0,False
clear_probe,908,5,29.0,True
clear_probe,908,9,53.0,True
clear_probe,908,11,65.0,False
clear_probe,908,14,83.0,True
clear_probe,908,18,107.0,False
clear_probe,908,19,113.0,False
clear_probe,908,20,119.0,True
clear_probe,908,8,314.0,False
clear_probe,908,10,605.9866567620959,True
clear_probe,908,13,623.9866567620959,True
clear_probe,908,12,2284.231570148738,False
clear_probe,908,2,3971.997290241812,False
clear_probe,908,6,3989.997290241812,False
clear_probe,908,16,4723.69569271353,True
clear_probe,909,4,23.0,False
clear_probe,909,9,53.0,False
clear_probe,909,10,59.0,True
clear_probe,909,13,77.0,False
clear_probe,909,18,107.0,False
clear_probe,909,7,308.0,False
clear_probe,909,8,314.0,True
clear_probe,909,15,3161.651257805631,True
clear_probe,909,19,3671.651257805631,False
clear_probe,909,1,4449.381617688245,False
clear_probe,909,11,8484.425431351016,True
clear_probe,910,4,23.0,True
clear_probe,910,5,29.0,False
clear_probe,910,11,65.0,False
clear_probe,910,15,89.0,False
clear_probe,910,8,314.0,True
clear_probe,910,14,913.2169025905162,False
clear_probe,910,3,2183.7341046546053,True
clear_probe,910,10,3227.7341046546053,False
clear_probe,910,9,3719.7341046546053,False
clear_probe,910,12,4481.887769105161,True
clear_probe,910,20,4529.887769105161,False
clear_probe,910,2,5413.499604507457,True
clear_probe,910,18,5704.499604507457,False
clear_probe,910,17,5923.499604507457,True
clear_probe,911,3,17.0,False
clear_probe,911,5,29.0,True
clear_probe,911,7,41.0,False
clear_probe,911,8,47.0,True
clear_probe,911,9,53.0,False
clear_probe,911,12,71.0,True
clear_probe,911,19,380.0,True
clear_probe,911,16,714.6788861086253,True
clear_probe,911,2,2971.409016095789,True
clear_probe,911,11,3007.409016095789,False
clear_probe,911,6,3782.3172091302768,False
clear_probe,911,20,3836.3172091302768,True
clear_probe,911,13,8432.088232700617,True
clear_probe,912,1,5.0,False
clear_probe,912,3,17.0,False
clear_probe,912,10,59.0,False
clear_probe,912,14,83.0,False
clear_probe,912,20,119.0,False
clear_probe,912,6,302.0,False
clear_probe,912,16,362.0,True
clear_probe,912,7,591.0693220273977,False
clear_probe,912,13,621.0693220273977,False
clear_probe,912,8,853.5470731044728,False
clear_probe,912,18,901.5470731044728,False
clear_probe,912,15,1132.547073104473,True
clear_probe,912,12,2778.7437689803446,False
clear_probe,912,9,4172.930294942832,True
clear_probe,913,1,5.0,False
clear_probe,913,11,65.0,True
clear_probe,913,13,77.0,False
clear_probe,913,18,107.0,False
clear_probe,913,12,338.0,True
clear_probe,913,16,362.0,True
clear_probe,913,5,589.9121977421886,False
clear_probe,913,17,3957.355472177516,False
clear_probe,913,4,4365.355472177516,True
clear_probe,913,7,7123.766747889054,True
clear_probe,914,3,17.0,True
clear_probe,914,11,65.0,False
clear_probe,914,17,101.0,False
clear_probe,914,5,296.0,True
clear_probe,914,6,302.0,False
clear_probe,914,8,589.4792727912534,True
clear_probe,914,14,625.4792727912534,False
clear_probe,914,10,3387.4886743439524,True
clear_probe,914,2,5428.272419450981,False
clear_probe,914,18,7301.62330745254,True
clear_probe,915,1,5.0,True
clear_probe,915,7,41.0,False
clear_probe,915,18,107.0,False
clear_probe,915,19,113.0,False
clear_probe,915,2,278.0,False
clear_probe,915,11,332.0,False
clear_probe,915,10,1396.0103307441855,True
clear_probe,915,16,1681.0103307441855,False
clear_probe,915,5,4268.656655377097,False
clear_probe,915,8,4286.656655377097,False
clear_probe,915,9,4292.656655377097,False
clear_probe,916,5,29.0,False
clear_probe,916,7,41.0,False
clear_probe,916,11,65.0,False
clear_probe,916,12,71.0,False
clear_probe,916,13,77.0,False
clear_probe,916,10,587.0,True
clear_probe,916,3,850.2408683564717,True
clear_probe,916,8,1774.100827977665,True
clear_probe,916,9,1780.100827977665,False
clear_probe,916,20,2673.608752883421,True
clear_probe,916,17,3117.608752883421,True
clear_probe,916,1,4156.632289805042,False
clear_probe,916,19,4222.632289805042,False
clear_probe,916,6,4843.632289805042,True
clear_probe,916,4,6172.283155924826,True
clear_probe,917,6,35.0,True
clear_probe,917,7,41.0,False
clear_probe,917,11,65.0,True
clear_probe,917,12,71.0,False
clear_probe,917,13,77.0,True
clear_probe,917,14,83.0,False
clear_probe,917,16,95.0,True
clear_probe,917,17,101.0,False
clear_probe,917,18,107.0,True
clear_probe,917,19,113.0,True
clear_probe,917,20,2448.210821230615,True
clear_probe,917,10,3459.7302216251896,True
clear_probe,917,2,5121.248789651028,True
clear_probe,917,4,5346.248789651028,True
clear_probe,917,3,7323.091533678021,True
clear_probe,917,5,7329.091533678021,True
clear_probe,918,5,29.0,True
clear_probe,918,7,41.0,True
clear_probe,918,8,47.0,False
clear_probe,918,9,53.0,False
clear_probe,918,11,65.0,False
clear_probe,918,15,89.0,False
clear_probe,918,16,95.0,False
clear_probe,918,18,107.0,False
clear_probe,918,12,338.0,False
clear_probe,918,10,592.0394854922092,True
clear_probe,918,20,895.0394854922092,True
clear_probe,918,1,1048.0394854922092,True
clear_probe,918,6,2183.1015062001857,True
clear_probe,918,3,3193.1054483194357,True
clear_probe,918,13,4369.7310468465785,True
clear_probe,918,4,6822.329305946912,True
clear_probe,919,1,5.0,False
clear_probe,919,2,11.0,False
clear_probe,919,3,17.0,True
clear_probe,919,4,23.0,False
clear_probe,919,8,47.0,True
clear_probe,919,10,59.0,False
clear_probe,919,15,89.0,True
clear_probe,919,20,119.0,False
clear_probe,919,6,1370.0,True
clear_probe,919,16,1697.0,True
clear_probe,919,9,3286.0474009427394,False
clear_probe,919,7,4202.87289477769,True
clear_probe,919,17,6078.0603928680885,True
clear_probe,919,18,6084.0603928680885,True
clear_probe,919,19,6090.0603928680885,True
clear_probe,920,1,5.0,False
clear_probe,920,5,29.0,False
clear_probe,920,6,35.0,False
clear_probe,920,10,59.0,True
clear_probe,920,12,71.0,False
clear_probe,920,14,83.0,False
clear_probe,920,20,119.0,False
clear_probe,920,17,368.0,True
clear_probe,920,11,1129.8865607270654,True
clear_probe,920,15,2375.527516681244,True
clear_probe,920,9,2600.0029078702432,True
clear_probe,920,4,4638.225377690179,False
clear_probe,920,7,4650.225377690179,True
clear_probe,920,8,6419.719200928793,True
clear_probe,921,1,5.0,False
clear_probe,921,14,83.0,False
clear_probe,921,19,113.0,False
clear_probe,921,4,290.0,False
clear_probe,921,13,344.0,False
clear_probe,921,6,1489.0316281585167,False
clear_probe,921,16,1810.0316281585167,False
clear_probe,921,3,3052.0452136471617,True
clear_probe,921,18,3118.0452136471617,False
clear_probe,921,7,3550.0452136471617,True
clear_probe,921,11,3574.0452136471617,True
clear_probe,921,12,4636.881750121452,False
clear_probe,922,3,17.0,False
clear_probe,922,4,23.0,False
clear_probe,922,5,29.0,True
clear_probe,922,7,41.0,True
clear_probe,922,18,107.0,False
clear_probe,922,2,278.0,False
clear_probe,922,6,302.0,False
clear_probe,922,16,362.0,True
clear_probe,922,12,5560.6475753862105,True
clear_probe,922,17,6295.6475753862105,True
clear_probe,923,6,35.0,True
clear_probe,923,11,65.0,False
clear_probe,923,14,83.0,False
clear_probe,923,16,95.0,True
clear_probe,923,18,107.0,False
clear_probe,923,19,113.0,True
clear_probe,923,15,356.0,True
clear_probe,923,5,1323.5151412046137,True
clear_probe,923,8,2578.634269726633,False
clear_probe,923,1,2841.0765647834296,False
clear_probe,923,4,2859.0765647834296,False
clear_probe,923,10,3120.0765647834296,True
clear_probe,923,13,3369.0765647834296,False
clear_probe,923,2,5297.89159899272,True
clear_probe,923,12,6894.472926530608,True
clear_probe,923,20,6906.472926530608,True
clear_probe,924,1,5.0,False
clear_probe,924,15,89.0,False
clear_probe,924,18,107.0,True
clear_probe,924,2,278.0,True
clear_probe,924,3,551.0,True
clear_probe,924,17,1436.0,False
clear_probe,924,6,2373.7223015974496,True
clear_probe,924,13,2415.7223015974496,False
clear_probe,924,4,2610.7223015974496,True
clear_probe,924,11,3258.3337703100747,True
clear_probe,924,9,4686.124341513814,True
clear_probe,924,20,5258.039805259547,True
clear_probe,924,12,5922.62495342532,True
clear_probe,924,14,6141.09289538579,False
clear_probe,925,10,59.0,False
clear_probe,925,13,344.0,True
clear_probe,925,19,380.0,False
clear_probe,925,20,1589.178780166288,True
clear_probe,925,3,2015.178780166288,True
clear_probe,925,18,2360.178780166288,True
clear_probe,925,9,2573.178780166288,True
clear_probe,925,2,3308.178780166288,False
clear_probe,925,16,4670.3587368604985,True
clear_probe,925,17,4925.3587368604985,False
clear_probe,926,7,41.0,False
clear_probe,926,12,71.0,False
clear_probe,926,2,278.0,False
clear_probe,926,13,344.0,False
clear_probe,926,5,517.9455679942884,False
clear_probe,926,3,1010.1574040675679,True
clear_probe,926,14,2303.1574040675678,True
clear_probe,926,20,2339.1574040675678,True
clear_probe,926,1,2771.2361898943,False
clear_probe,926,6,2789.2361898943,False
clear_probe,926,16,2837.2361898943,False
clear_probe,926,17,2843.2361898943,True
clear_probe,926,4,3026.2361898943,True
clear_probe,926,10,4791.854625789193,True
clear_probe,926,9,6159.854625789193,True
clear_probe,927,3,17.0,False
clear_probe,927,7,41.0,False
clear_probe,927,10,59.0,False
clear_probe,927,11,65.0,True
clear_probe,927,17,101.0,False
clear_probe,927,9,320.0,True
clear_probe,927,5,566.1630553749461,True
clear_probe,927,15,626.1630553749461,True
clear_probe,927,18,644.1630553749461,False
clear_probe,927,2,815.1630553749461,True
clear_probe,927,6,2930.5100331574404,False
clear_probe,927,1,4773.496426942367,True
clear_probe,927,13,5064.496426942367,False
clear_probe,927,20,5829.816249986715,True
clear_probe,927,4,7185.882273169592,True
clear_probe,928,2,11.0,True
clear_probe,928,5,29.0,True
clear_probe,928,10,59.0,True
clear_probe,928,16,95.0,False
clear_probe,928,17,101.0,True
clear_probe,928,9,1121.0,True
clear_probe,928,14,1151.0,True
clear_probe,928,11,4101.33315601236,False
clear_probe,928,4,5250.981476230552,True
clear_probe,928,19,5766.981476230552,False
clear_probe,928,18,5991.981476230552,True
clear_probe,928,15,7215.126984685329,True
clear_probe,929,1,5.0,True
clear_probe,929,5,29.0,False
clear_probe,929,10,59.0,False
clear_probe,929,11,65.0,False
clear_probe,929,12,71.0,False
clear_probe,929,17,101.0,False
clear_probe,929,18,107.0,True
clear_probe,929,19,113.0,True
clear_probe,929,3,284.0,True
clear_probe,929,6,1904.0,False
clear_probe,929,15,1958.0,True
clear_probe,930,9,53.0,False
clear_probe,930,12,71.0,False
clear_probe,930,14,83.0,True
clear_probe,930,15,89.0,True
clear_probe,930,18,107.0,True
clear_probe,930,19,113.0,True
clear_probe,930,8,314.0,False
clear_probe,930,3,551.0,True
clear_probe,930,16,629.0,True
clear_probe,930,7,1945.4563410428893,True
clear_probe,930,4,2931.12837406344,True
clear_probe,930,5,3180.12837406344,True
clear_probe,930,17,5381.284532901868,False
clear_probe,930,20,6455.836256067226,True
clear_probe,931,3,17.0,True
clear_probe,931,5,29.0,False
clear_probe,931,9,53.0,False
clear_probe,931,14,83.0,False
clear_probe,931,19,113.0,False
clear_probe,931,4,290.0,False
clear_probe,931,6,302.0,True
clear_probe,931,10,326.0,False
clear_probe,931,11,3072.4743293039087,False
clear_probe,931,7,4014.4146526731693,True
clear_probe,931,12,4026.4146526731693,False
clear_probe,931,13,4725.414652673169,True
clear_probe,931,8,5163.414652673169,True
clear_probe,931,15,5175.414652673169,False
clear_probe,931,17,5187.414652673169,False
clear_probe,931,18,5193.414652673169,False
clear_probe,932,3,17.0,False
clear_probe,932,4,23.0,True
clear_probe,932,9,53.0,True
clear_probe,932,11,65.0,False
clear_probe,932,13,77.0,True
clear_probe,932,19,113.0,False
clear_probe,932,15,356.0,True
clear_probe,932,18,2005.3384900467283,True
clear_probe,932,5,3497.0839801806237,False
clear_probe,932,7,3509.0839801806237,True
clear_probe,932,1,5244.357736009715,True
clear_probe,932,17,6913.302124700266,True
clear_probe,932,2,7072.302124700266,True
clear_probe,932,14,7315.302124700266,True
clear_probe,933,11,65.0,False
clear_probe,933,14,83.0,True
clear_probe,933,17,101.0,False
clear_probe,933,19,113.0,False
clear_probe,933,3,284.0,False
clear_probe,933,13,344.0,False
clear_probe,933,20,1187.0,True
clear_probe,933,2,1993.4767258457628,True
clear_probe,933,9,3031.4767258457628,True
clear_probe,933,10,3523.4767258457628,False
clear_probe,933,4,4025.0710309343017,True
clear_probe,933,6,4037.0710309343017,True
clear_probe,933,1,4262.071030934301,True
clear_probe,933,18,6462.772054017021,True
clear_probe,934,9,53.0,False
clear_probe,934,11,65.0,False
clear_probe,934,12,338.0,False
clear_probe,934,14,350.0,True
clear_probe,934,1,547.8060417687699,False
clear_probe,934,3,559.8060417687699,False
clear_probe,934,8,589.8060417687699,False
clear_probe,934,16,1153.8060417687698,True
clear_probe,934,6,2251.9466559551333,True
clear_probe,934,17,3046.9466559551333,True
clear_probe,934,19,3528.5488007499175,False
clear_probe,934,10,3960.5488007499175,True
clear_probe,934,15,4435.2273305528815,True
clear_probe,935,2,11.0,False
clear_probe,935,4,23.0,True
clear_probe,935,7,41.0,True
clear_probe,935,9,53.0,False
clear_probe,935,10,59.0,False
clear_probe,935,6,302.0,True
clear_probe,935,11,332.0,True
clear_probe,935,18,374.0,False
clear_probe,935,19,380.0,False
clear_probe,935,15,623.0,True
clear_probe,935,8,908.723637947445,False
clear_probe,935,12,2300.9489789251593,True
clear_probe,935,14,4878.511572243236,False
clear_probe,935,17,5502.736651651573,False
clear_probe,935,13,5750.811286908342,False
clear_probe,935,5,6146.811286908342,True
clear_probe,936,2,11.0,True
clear_probe,936,6,35.0,False
clear_probe,936,8,47.0,False
clear_probe,936,10,59.0,True
clear_probe,936,12,71.0,False
clear_probe,936,17,101.0,False
clear_probe,936,20,119.0,False
clear_probe,936,14,617.0,True
clear_probe,936,7,909.2399464118588,False
clear_probe,936,16,5023.681446607081,True
clear_probe,936,4,6076.681446607081,False
clear_probe,937,1,5.0,False
clear_probe,937,4,23.0,False
clear_probe,937,6,35.0,False
clear_probe,937,19,113.0,False
clear_probe,937,5,296.0,True
clear_probe,937,9,320.0,False
clear_probe,937,18,374.0,False
clear_probe,937,14,617.0,False
clear_probe,937,16,2429.9134595840214,True
clear_probe,937,8,2636.9134595840214,True
clear_probe,937,20,3536.967922211527,False
clear_probe,937,3,5845.642028272346,True
clear_probe,937,13,5887.642028272346,True
clear_probe,937,17,5899.642028272346,False
clear_probe,938,8,47.0,False
clear_probe,938,14,83.0,False
clear_probe,938,18,107.0,True
clear_probe,938,2,278.0,False
clear_probe,938,16,362.0,False
clear_probe,938,17,368.0,False
clear_probe,938,19,380.0,True
clear_probe,938,3,560.0226917691917,False
clear_probe,938,6,1616.0226917691916,True
clear_probe,938,12,4161.109968806399,False
clear_probe,938,15,4173.109968806399,True
clear_probe,938,11,4966.345180001778,True
clear_probe,938,9,6278.646256041702,True
clear_probe,939,4,23.0,True
clear_probe,939,17,101.0,False
clear_probe,939,6,302.0,False
clear_probe,939,8,314.0,False
clear_probe,939,12,2870.645622291088,True
clear_probe,939,14,3647.645622291088,True
clear_probe,939,11,4895.581008265162,True
clear_probe,939,5,5114.581008265162,False
clear_probe,939,19,5174.581008265162,False
clear_probe,939,1,5819.581008265162,True
clear_probe,940,2,11.0,False
clear_probe,940,4,23.0,False
clear_probe,940,12,71.0,False
clear_probe,940,8,1030.693523936272,True
clear_probe,940,16,1072.693523936272,True
clear_probe,940,19,2929.2936259488292,True
clear_probe,940,17,3628.2936259488292,True
clear_probe,940,9,3839.76294256455,False
clear_probe,940,14,4790.3726976636535,True
clear_probe,940,1,5737.984166376278,True
clear_probe,940,15,6894.779703937859,True
clear_probe,940,10,7915.471899841192,True
clear_probe,941,1,5.0,False
clear_probe,941,12,71.0,True
clear_probe,941,13,77.0,False
clear_probe,941,14,83.0,False
clear_probe,941,16,95.0,False
clear_probe,941,19,647.0,False
clear_probe,941,4,1358.0,True
clear_probe,941,6,1904.0,True
clear_probe,941,15,3155.0965484555086,False
clear_probe,941,11,4410.155752193739,True
clear_probe,941,18,5749.411839357005,False
clear_probe,941,17,6049.42256986125,False
clear_probe,942,9,53.0,True
clear_probe,942,18,107.0,False
clear_probe,942,19,113.0,True
clear_probe,942,14,350.0,False
clear_probe,942,16,362.0,True
clear_probe,942,20,386.0,False
clear_probe,942,6,795.0619609774998,True
clear_probe,942,5,1219.315468909499,False
clear_probe,942,13,3524.0035299391748,True
clear_probe,942,2,4418.003529939175,False
clear_probe,942,7,4709.126707575981,False
clear_probe,942,11,5384.656468182736,True
clear_probe,942,8,6017.016300087956,True
clear_probe,943,3,17.0,True
clear_probe,943,4,23.0,True
clear_probe,943,9,53.0,False
clear_probe,943,15,89.0,False
clear_probe,943,5,296.0,False
clear_probe,943,13,611.0,True
clear_probe,943,8,848.0,True
clear_probe,943,17,1958.0,False
clear_probe,943,20,2723.0,False
clear_probe,943,1,3853.202299887235,False
clear_probe,943,6,4351.202299887234,True
clear_probe,943,18,5140.590667101315,True
clear_probe,943,19,5146.590667101315,False
clear_probe,943,7,7049.868298376162,True
clear_probe,944,2,11.0,False
clear_probe,944,6,35.0,True
clear_probe,944,7,41.0,True
clear_probe,944,9,53.0,False
clear_probe,944,11,65.0,True
clear_probe,944,12,71.0,False
clear_probe,944,18,107.0,True
clear_probe,944,10,326.0,True
clear_probe,944,14,350.0,False
clear_probe,944,17,368.0,False
clear_probe,945,5,29.0,False
clear_probe,945,7,41.0,False
clear_probe,945,9,53.0,False
clear_probe,945,10,59.0,True
clear_probe,945,16,95.0,False
clear_probe,945,17,101.0,False
clear_probe,945,18,374.0,False
clear_probe,945,19,1977.1774538945724,True
clear_probe,945,11,2598.811056417551,True
clear_probe,945,15,3132.811056417551,True
clear_probe,945,14,4914.896784298933,False
clear_probe,945,8,5431.259053313696,True
clear_probe,945,2,7790.649976919991,True
clear_probe,946,9,53.0,True
clear_probe,946,10,59.0,False
clear_probe,946,11,65.0,False
clear_probe,946,16,95.0,True
clear_probe,946,19,113.0,False
clear_probe,946,2,278.0,True
clear_probe,946,14,2074.377113899706,False
clear_probe,946,6,4138.071009733754,True
clear_probe,946,17,4417.071009733754,True
clear_probe,946,3,5542.071009733754,False
clear_probe,947,4,23.0,True
clear_probe,947,6,35.0,False
clear_probe,947,9,53.0,False
clear_probe,947,12,71.0,True
clear_probe,947,17,101.0,False
clear_probe,947,5,1346.0,False
clear_probe,947,8,1364.0,False
clear_probe,947,16,1928.0,False
clear_probe,947,11,2408.0,True
clear_probe,947,13,2786.2575255353977,False
clear_probe,947,1,8495.058369379583,True
clear_probe,948,3,17.0,True
clear_probe,948,6,35.0,False
clear_probe,948,11,65.0,True
clear_probe,948,14,83.0,True
clear_probe,948,5,296.0,True
clear_probe,948,16,362.0,True
clear_probe,948,1,570.8139599037137,True
clear_probe,948,4,588.8139599037137,False
clear_probe,948,8,606.8139599037137,False
clear_probe,948,2,3579.954310220495,True
clear_probe,948,12,3615.954310220495,False
clear_probe,948,17,6233.035784928245,False
clear_probe,948,18,6239.035784928245,True
clear_probe,948,13,7652.612848717628,True
clear_probe,949,16,95.0,True
clear_probe,949,11,332.0,True
clear_probe,949,6,569.0,True
clear_probe,949,1,1340.0,False
clear_probe,949,10,2095.220429713231,True
clear_probe,949,17,2392.220429713231,False
clear_probe,949,3,5014.049660118009,False
clear_probe,949,5,5026.049660118009,False
clear_probe,949,12,5050.049660118009,True
clear_probe,949,9,5287.049660118009,False
clear_probe,949,14,5305.049660118009,False
clear_probe,949,18,5960.556553622442,True
clear_probe,950,6,35.0,False
clear_probe,950,18,107.0,True
clear_probe,950,3,284.0,False
clear_probe,950,20,2950.8285359381116,True
clear_probe,950,7,3394.8285359381116,True
clear_probe,950,2,5063.757954297434,False
clear_probe,950,15,5123.757954297434,False
clear_probe,950,14,5360.757954297434,False
clear_probe,950,5,5603.368519577337,False
clear_probe,950,1,8065.238858457635,True
clear_probe,950,4,8071.238858457635,False
clear_probe,951,1,5.0,False
clear_probe,951,6,35.0,True
clear_probe,951,8,47.0,True
clear_probe,951,9,53.0,False
clear_probe,951,12,71.0,True
clear_probe,951,13,77.0,True
clear_probe,951,19,113.0,False
clear_probe,951,20,119.0,False
clear_probe,951,16,362.0,True
clear_probe,951,11,599.0,True
clear_probe,951,2,1838.0,True
clear_probe,951,3,2775.1855154883383,False
clear_probe,951,10,4603.272685463433,True
clear_probe,951,4,5610.179944770077,False
clear_probe,951,7,6207.179944770077,False
clear_probe,951,15,6408.179944770077,False
clear_probe,952,1,5.0,True
clear_probe,952,13,77.0,True
clear_probe,952,15,89.0,False
clear_probe,952,20,386.0,False
clear_probe,952,8,2426.0,True
clear_probe,952,19,2753.0,False
clear_probe,952,6,3470.9488618319037,True
clear_probe,952,2,4211.948861831904,True
clear_probe,952,7,4235.948861831904,True
clear_probe,952,12,7514.605153502338,True
clear_probe,953,2,11.0,False
clear_probe,953,8,47.0,True
clear_probe,953,14,83.0,True
clear_probe,953,10,326.0,True
clear_probe,953,12,338.0,False
clear_probe,953,20,653.0,False
clear_probe,953,1,1073.0,True
clear_probe,953,13,3539.764895291919,True
clear_probe,953,9,8293.034438508776,True
clear_probe,953,18,8323.034438508776,True
clear_probe,954,2,11.0,True
clear_probe,954,15,89.0,True
clear_probe,954,1,272.0,True
clear_probe,954,14,350.0,False
clear_probe,954,17,368.0,False
clear_probe,954,6,1108.6695212802415,True
clear_probe,954,10,2261.504773938569,True
clear_probe,954,16,3020.504773938569,False
clear_probe,954,12,4380.004963528601,True
clear_probe,954,19,4404.004963528601,True
clear_probe,954,18,5529.004963528601,True
clear_probe,955,5,29.0,False
clear_probe,955,6,35.0,False
clear_probe,955,9,53.0,False
clear_probe,955,19,113.0,True
clear_probe,955,2,278.0,True
clear_probe,955,8,314.0,False
clear_probe,955,14,350.0,False
clear_probe,955,20,386.0,True
clear_probe,955,13,906.1509763736409,False
clear_probe,955,18,1912.0557942331886,True
clear_probe,955,1,2555.2119611112475,True
clear_probe,955,10,3293.22214468299,True
clear_probe,955,11,3725.22214468299,False
clear_probe,955,17,4382.22214468299,True
clear_probe,955,15,5292.073768429611,True
clear_probe,956,6,35.0,True
clear_probe,956,13,77.0,False
clear_probe,956,19,113.0,True
clear_probe,956,20,119.0,False
clear_probe,956,10,326.0,True
clear_probe,956,3,579.2645529299658,False
clear_probe,956,9,615.2645529299658,True
clear_probe,956,18,1173.2645529299657,True
clear_probe,956,11,2139.2645529299657,True
clear_probe,956,15,3079.807087555248,False
clear_probe,956,16,3085.807087555248,False
clear_probe,956,8,6049.117908920384,True
clear_probe,956,14,6286.117908920384,True
clear_probe,956,5,6688.117908920384,True
clear_probe,956,17,6730.117908920384,True
clear_probe,957,1,5.0,True
clear_probe,957,6,35.0,True
clear_probe,957,11,65.0,True
clear_probe,957,12,71.0,False
clear_probe,957,14,83.0,False
clear_probe,957,18,107.0,False
clear_probe,957,17,368.0,False
clear_probe,957,4,1098.5360919361979,True
clear_probe,957,2,2175.3311103292085,True
clear_probe,957,8,2205.3311103292085,False
clear_probe,957,9,4743.569386856529,False
clear_probe,957,15,5613.569386856529,True
clear_probe,957,7,6215.571499863413,False
clear_probe,958,3,17.0,False
clear_probe,958,8,47.0,True
clear_probe,958,9,53.0,True
clear_probe,958,1,272.0,False
clear_probe,958,20,386.0,True
clear_probe,958,13,1644.1869349238552,True
clear_probe,958,15,3530.5636113197097,False
clear_probe,958,18,3797.5636113197097,False
clear_probe,958,19,3803.5636113197097,False
clear_probe,958,16,4768.7591872402545,True
clear_probe,958,10,5412.649316693629,True
clear_probe,958,14,6852.630704326239,True
clear_probe,959,7,41.0,True
clear_probe,959,13,77.0,False
clear_probe,959,14,83.0,False
clear_probe,959,15,89.0,True
clear_probe,959,2,278.0,True
clear_probe,959,4,290.0,False
clear_probe,959,1,553.0287561569145,False
clear_probe,959,9,601.0287561569145,True
clear_probe,959,10,607.0287561569145,True
clear_probe,959,12,874.0287561569145,True
clear_probe,959,16,2319.8377116981096,True
clear_probe,959,20,2586.8377116981096,True
clear_probe,959,8,6397.31757496253,False
clear_probe,960,8,47.0,False
clear_probe,960,14,83.0,False
clear_probe,960,15,89.0,True
clear_probe,960,16,362.0,True
clear_probe,960,2,545.0,True
clear_probe,960,13,1412.0,False
clear_probe,960,9,1922.0,False
clear_probe,960,5,3227.568150533388,False
clear_probe,960,18,4040.568150533388,False
clear_probe,960,20,4544.161930368557,True
clear_probe,960,6,5194.478312565402,False
clear_probe,960,10,5686.478312565402,True
clear_probe,960,19,5959.478312565402,True
clear_probe,961,5,29.0,False
clear_probe,961,7,41.0,False
clear_probe,961,10,59.0,False
clear_probe,961,14,83.0,True
clear_probe,961,16,95.0,False
clear_probe,961,12,338.0,False
clear_probe,961,15,709.0504952683472,False
clear_probe,961,17,721.0504952683472,False
clear_probe,961,3,1030.2513146366964,False
clear_probe,961,9,1315.2513146366964,False
clear_probe,961,2,3495.4039941082283,True
clear_probe,961,8,3519.4039941082283,False
clear_probe,961,4,3899.403192036511,False
clear_probe,961,20,3965.403192036511,False
clear_probe,961,6,8248.506878896318,True
clear_probe,962,6,35.0,True
clear_probe,962,10,59.0,True
clear_probe,962,13,77.0,False
clear_probe,962,15,89.0,False
clear_probe,962,19,113.0,False
clear_probe,962,20,119.0,False
clear_probe,962,5,897.8840166194183,True
clear_probe,962,11,921.8840166194183,False
clear_probe,962,17,957.8840166194183,False
clear_probe,962,1,1882.0398551845835,True
clear_probe,962,4,3517.0398551845838,True
clear_probe,962,18,5331.483733782883,True
clear_probe,963,1,5.0,False
clear_probe,963,2,11.0,False
clear_probe,963,6,35.0,False
clear_probe,963,7,41.0,False
clear_probe,963,11,65.0,True
clear_probe,963,13,77.0,True
clear_probe,963,5,296.0,True
clear_probe,963,12,338.0,True
clear_probe,963,14,350.0,True
clear_probe,963,20,386.0,False
clear_probe,963,4,1344.8764418619055,True
clear_probe,963,3,2421.2403354090466,True
clear_probe,963,10,2937.2403354090466,True
clear_probe,963,16,6174.70206912643,True
clear_probe,964,7,41.0,True
clear_probe,964,8,47.0,False
clear_probe,964,9,53.0,False
clear_probe,964,12,71.0,False
clear_probe,964,16,95.0,True
clear_probe,964,18,107.0,False
clear_probe,964,10,326.0,True
clear_probe,964,17,635.0,False
clear_probe,964,2,1705.2706051203243,True
clear_probe,964,3,1711.2706051203243,False
clear_probe,964,14,2032.2706051203243,False
clear_probe,964,11,2580.2882581374133,False
clear_probe,964,1,3585.400946193947,True
clear_probe,964,5,3597.400946193947,True
clear_probe,964,19,4891.303084477355,False
clear_probe,964,4,5050.303084477355,True
clear_probe,965,9,53.0,True
clear_probe,965,16,95.0,False
clear_probe,965,12,338.0,False
clear_probe,965,13,611.0,True
clear_probe,965,10,1199.7940422243037,False
clear_probe,965,15,1477.8141845731677,True
clear_probe,965,17,2947.814184573168,True
clear_probe,965,19,3632.7619238376287,False
clear_probe,965,7,3827.7619238376287,True
clear_probe,965,4,5449.814118096501,True
clear_probe,965,11,8053.337769955853,True
clear_probe,966,6,35.0,False
clear_probe,966,10,59.0,False
clear_probe,966,11,65.0,False
clear_probe,966,19,113.0,False
clear_probe,966,20,119.0,True
clear_probe,966,5,563.0,True
clear_probe,966,7,949.9710086612752,False
clear_probe,966,16,4690.716708885136,True
clear_probe,966,17,4696.716708885136,False
clear_probe,966,15,7003.609819771273,True
clear_probe,967,2,11.0,False
clear_probe,967,3,17.0,False
clear_probe,967,7,41.0,False
clear_probe,967,9,53.0,False
clear_probe,967,10,59.0,True
clear_probe,967,14,83.0,False
clear_probe,967,16,95.0,False
clear_probe,967,4,290.0,False
clear_probe,967,6,302.0,True
clear_probe,967,13,344.0,False
clear_probe,967,1,539.0,True
clear_probe,967,19,919.8914863767087,True
clear_probe,967,5,5935.9675058498615,True
clear_probe,967,17,7031.156328250972,True
clear_probe,968,3,17.0,False
clear_probe,968,4,23.0,True
clear_probe,968,18,107.0,False
clear_probe,968,14,350.0,False
clear_probe,968,12,605.0,True
clear_probe,968,19,647.0,True
clear_probe,968,6,1911.1421356632748,True
clear_probe,968,15,1959.1421356632748,False
clear_probe,968,10,2682.1421356632745,True
clear_probe,968,17,3787.732613613921,False
clear_probe,968,9,3985.57041111718,False
clear_probe,968,11,3997.57041111718,False
clear_probe,968,2,5808.203209962939,False
clear_probe,968,5,6015.203209962939,False
clear_probe,968,7,6222.203209962939,False
clear_probe,968,1,6424.219023081128,True
clear_probe,969,1,5.0,False
clear_probe,969,3,17.0,True
clear_probe,969,13,77.0,False
clear_probe,969,16,95.0,False
clear_probe,969,19,113.0,False
clear_probe,969,4,290.0,False
clear_probe,969,10,326.0,True
clear_probe,969,20,386.0,True
clear_probe,969,7,1084.3847498701234,False
clear_probe,969,9,3525.0633384098887,True
clear_probe,969,17,4130.674807122514,False
clear_probe,969,12,4343.674807122514,True
clear_probe,969,18,4367.674807122514,True
clear_probe,970,1,5.0,False
clear_probe,970,5,29.0,False
clear_probe,970,6,35.0,True
clear_probe,970,11,65.0,True
clear_probe,970,13,77.0,True
clear_probe,970,16,95.0,True
clear_probe,970,19,380.0,True
clear_probe,970,3,1268.0452044676565,True
clear_probe,970,18,2225.6551301046366,True
clear_probe,970,15,2456.6551301046366,False
clear_probe,970,9,3697.430209857279,False
clear_probe,970,7,4384.773025188918,True
clear_probe,970,17,4426.773025188918,True
clear_probe,970,10,5071.773025188918,False
clear_probe,970,12,5965.773025188918,False
clear_probe,970,4,6110.857433025591,True
clear_probe,971,13,77.0,False
clear_probe,971,16,95.0,False
clear_probe,971,18,107.0,False
clear_probe,971,6,302.0,True
clear_probe,971,11,332.0,True
clear_probe,971,12,660.416854423586,True
clear_probe,971,3,1887.4168544235858,True
clear_probe,971,9,2688.416854423586,False
clear_probe,971,14,4333.457916360211,True
clear_probe,971,17,4345.457916360211,True
clear_probe,971,8,5259.647810062004,True
clear_probe,971,4,6056.448459550416,False
clear_probe,972,6,35.0,False
clear_probe,972,7,41.0,False
clear_probe,972,8,47.0,True
clear_probe,972,17,101.0,False
clear_probe,972,5,296.0,True
clear_probe,972,19,380.0,True
clear_probe,972,15,622.1901194945538,False
clear_probe,972,18,640.1901194945538,True
clear_probe,972,14,877.1901194945538,True
clear_probe,972,1,1066.1901194945538,True
clear_probe,972,4,2122.1901194945535,False
clear_probe,972,16,2941.2617111712766,False
clear_probe,972,13,4459.075968123729,True
clear_probe,972,10,4672.075968123729,True
clear_probe,972,20,5935.346854028013,True
clear_probe,973,2,11.0,False
clear_probe,973,13,77.0,True
clear_probe,973,14,83.0,False
clear_probe,973,18,107.0,True
clear_probe,973,19,113.0,True
clear_probe,973,9,693.9822222641394,False
clear_probe,973,10,1221.9822222641394,True
clear_probe,973,20,1281.9822222641394,True
clear_probe,973,11,2271.9822222641396,False
clear_probe,973,8,5842.59848974179,True
clear_probe,973,17,8286.191037639494,True
clear_probe,974,1,5.0,True
clear_probe,974,2,11.0,False
clear_probe,974,5,29.0,True
clear_probe,974,13,77.0,True
clear_probe,974,20,119.0,False
clear_probe,974,17,368.0,True
clear_probe,974,19,380.0,True
clear_probe,974,4,557.0,True
clear_probe,974,12,605.0,True
clear_probe,974,6,1642.247963454076,True
clear_probe,974,7,2650.247963454076,True
clear_probe,974,16,3231.9010847107475,False
clear_probe,975,12,71.0,True
clear_probe,975,17,101.0,True
clear_probe,975,11,1400.0,False
clear_probe,975,5,1898.0,True
clear_probe,975,1,2457.620189384518,True
clear_probe,975,2,2724.620189384518,False
clear_probe,975,18,3336.620189384518,False
clear_probe,975,16,3585.382917462041,False
clear_probe,975,19,3603.382917462041,True
clear_probe,975,20,3609.382917462041,False
clear_probe,975,13,4326.704540557839,False
clear_probe,975,9,5777.732612111939,True
clear_probe,975,10,6008.732612111939,True
clear_probe,976,1,5.0,True
clear_probe,976,2,11.0,False
clear_probe,976,4,23.0,False
clear_probe,976,6,35.0,False
clear_probe,976,7,41.0,False
clear_probe,976,8,47.0,False
clear_probe,976,11,65.0,False
clear_probe,976,14,83.0,False
clear_probe,976,20,119.0,True
clear_probe,976,13,344.0,False
clear_probe,976,15,1734.467234081564,False
clear_probe,976,16,1740.467234081564,True
clear_probe,976,19,2397.7720252885815,True
clear_probe,976,5,3974.122234090663,True
clear_probe,976,10,5158.85929838003,True
clear_probe,976,17,5437.119943223239,True
clear_probe,977,2,11.0,False
clear_probe,977,5,29.0,False
clear_probe,977,6,35.0,True
clear_probe,977,7,41.0,False
clear_probe,977,10,59.0,False
clear_probe,977,11,65.0,True
clear_probe,977,12,71.0,True
clear_probe,977,19,113.0,False
clear_probe,977,16,362.0,True
clear_probe,977,17,723.8212876768017,True
clear_probe,977,8,2967.3525156440614,True
clear_probe,977,20,3009.3525156440614,True
clear_probe,977,4,4303.808500214873,True
clear_probe,977,14,4339.808500214873,True
clear_probe,977,18,5224.345625594583,True
clear_probe,978,3,17.0,False
clear_probe,978,14,83.0,True
clear_probe,978,16,95.0,True
clear_probe,978,17,101.0,False
clear_probe,978,18,2011.084418003565,True
clear_probe,978,13,2248.0844180035647,False
clear_probe,978,6,2461.0844180035647,True
clear_probe,978,10,3862.7783601443425,False
clear_probe,978,5,5420.970146332737,False
clear_probe,978,11,5444.970146332737,False
clear_probe,978,8,5882.970146332737,True
clear_probe,978,19,6137.970146332737,True
clear_probe,978,4,7159.3255899813585,True
clear_probe,978,2,7855.263691270907,True
clear_probe,979,2,11.0,False
clear_probe,979,4,23.0,True
clear_probe,979,7,41.0,True
clear_probe,979,11,65.0,True
clear_probe,979,16,95.0,True
clear_probe,979,20,119.0,False
clear_probe,979,12,338.0,False
clear_probe,979,14,665.0531697158727,True
clear_probe,979,3,2523.101524404572,False
clear_probe,979,18,2595.101524404572,False
clear_probe,979,9,3045.2356443441295,False
clear_probe,979,1,3822.9756556503808,False
clear_probe,979,6,3834.9756556503808,True
clear_probe,980,1,5.0,False
clear_probe,980,3,17.0,True
clear_probe,980,9,53.0,True
clear_probe,980,10,59.0,False
clear_probe,980,20,119.0,False
clear_probe,980,7,585.3857732245124,True
clear_probe,980,11,609.3857732245124,True
clear_probe,980,12,1386.3857732245124,True
clear_probe,980,5,2227.4248696816585,True
clear_probe,980,2,2910.7642659047865,True
clear_probe,980,18,2988.7642659047865,True
clear_probe,980,6,5645.600005222006,False
clear_probe,980,19,5699.600005222006,False
clear_probe,981,9,53.0,False
clear_probe,981,20,119.0,False
clear_probe,981,5,296.0,True
clear_probe,981,13,344.0,False
clear_probe,981,18,374.0,True
clear_probe,981,8,2394.921336438064,True
clear_probe,981,6,2643.921336438064,False
clear_probe,981,17,3546.693834298838,False
clear_probe,981,2,4221.693834298838,True
clear_probe,981,12,4719.963382893294,True
clear_probe,981,16,4737.963382893294,True
clear_probe,982,1,5.0,False
clear_probe,982,10,59.0,False
clear_probe,982,16,362.0,False
clear_probe,982,12,689.4461502979517,False
clear_probe,982,17,719.4461502979517,True
clear_probe,982,13,956.4461502979517,True
clear_probe,982,14,2222.9377467071718,False
clear_probe,982,3,2417.9377467071718,True
clear_probe,982,9,2957.9377467071718,False
clear_probe,982,4,4615.625384058798,True
clear_probe,982,11,4645.625384058798,False
clear_probe,982,2,5071.625384058798,True
clear_probe,982,5,5332.299871950732,False
clear_probe,982,15,5812.299871950732,True
clear_probe,983,2,11.0,False
clear_probe,983,9,53.0,False
clear_probe,983,10,59.0,False
clear_probe,983,15,89.0,True
clear_probe,983,18,107.0,True
clear_probe,983,1,272.0,True
clear_probe,983,3,284.0,False
clear_probe,983,8,314.0,True
clear_probe,983,16,362.0,False
clear_probe,983,19,1442.0,True
clear_probe,983,20,3067.655819965109,True
clear_probe,983,13,3388.267288677734,True
clear_probe,983,17,5225.04755898486,True
clear_probe,983,5,5396.04755898486,True
clear_probe,983,7,6077.04755898486,True
clear_probe,984,4,23.0,False
clear_probe,984,6,35.0,False
clear_probe,984,9,53.0,False
clear_probe,984,10,59.0,False
clear_probe,984,15,89.0,True
clear_probe,984,16,95.0,False
clear_probe,984,17,101.0,False
clear_probe,984,1,272.0,False
clear_probe,984,20,386.0,True
clear_probe,984,3,588.0726798270938,False
clear_probe,984,12,3007.450617355142,True
clear_probe,984,13,4269.8376254524155,True
clear_probe,984,19,4944.8376254524155,False
clear_probe,984,18,5364.8376254524155,True
clear_probe,984,2,5523.8376254524155,True
clear_probe,984,5,5535.8376254524155,True
clear_probe,985,2,11.0,False
clear_probe,985,5,29.0,True
clear_probe,985,15,89.0,False
clear_probe,985,16,95.0,False
clear_probe,985,17,101.0,True
clear_probe,985,13,344.0,True
clear_probe,985,12,1139.0,False
clear_probe,985,14,1946.0,False
clear_probe,985,3,4795.657196123268,True
clear_probe,985,7,4813.657196123268,False
clear_probe,985,10,4831.657196123268,True
clear_probe,985,1,6469.900836904591,True
clear_probe,986,3,17.0,False
clear_probe,986,6,35.0,False
clear_probe,986,11,65.0,False
clear_probe,986,13,77.0,True
clear_probe,986,16,95.0,True
clear_probe,986,20,119.0,True
clear_probe,986,8,314.0,False
clear_probe,986,19,380.0,False
clear_probe,986,15,1661.0,True
clear_probe,986,12,6843.625236647808,True
clear_probe,987,1,5.0,False
clear_probe,987,11,65.0,False
clear_probe,987,12,71.0,False
clear_probe,987,13,77.0,True
clear_probe,987,16,95.0,False
clear_probe,987,17,101.0,False
clear_probe,987,18,107.0,False
clear_probe,987,6,302.0,False
clear_probe,987,2,574.0049078945975,True
clear_probe,987,5,967.629273351071,True
clear_probe,987,19,2066.7681719383136,True
clear_probe,987,20,3257.7681719383136,True
clear_probe,987,4,4254.653086578108,True
clear_probe,987,7,8305.585234029313,True
clear_probe,988,7,41.0,False
clear_probe,988,8,47.0,True
clear_probe,988,12,71.0,True
clear_probe,988,19,113.0,False
clear_probe,988,5,296.0,True
clear_probe,988,10,326.0,True
clear_probe,988,4,1358.0,True
clear_probe,988,20,2263.9287857827553,False
clear_probe,988,15,2897.709683298742,True
clear_probe,988,11,5051.820648636692,True
clear_probe,988,3,5246.820648636692,True
clear_probe,988,1,6299.820648636692,True
clear_probe,989,1,5.0,False
clear_probe,989,2,11.0,False
clear_probe,989,11,65.0,False
clear_probe,989,16,95.0,False
clear_probe,989,17,101.0,False
clear_probe,989,20,119.0,False
clear_probe,989,3,284.0,False
clear_probe,989,9,1903.4671248824354,True
clear_probe,989,10,2929.97223016848,False
clear_probe,989,18,2965.97223016848,True
clear_probe,989,5,4304.700240645563,True
clear_probe,989,6,4570.1763464989335,False
clear_probe,989,14,4600.1763464989335,True
clear_probe,989,4,5218.528251394874,False
clear_probe,989,15,5460.422064696361,False
clear_probe,989,12,7233.736016015551,True
clear_probe,990,4,23.0,False
clear_probe,990,5,29.0,False
clear_probe,990,12,71.0,False
clear_probe,990,13,77.0,False
clear_probe,990,17,101.0,False
clear_probe,990,6,302.0,True
clear_probe,990,9,320.0,True
clear_probe,990,10,326.0,False
clear_probe,990,14,350.0,False
clear_probe,990,15,356.0,False
clear_probe,990,1,539.0,True
clear_probe,990,20,2568.045073628892,False
clear_probe,990,16,4639.991397866003,True
clear_probe,990,18,4876.991397866003,True
clear_probe,990,2,5035.991397866003,True
clear_probe,990,3,5485.991397866003,False
clear_probe,991,19,113.0,False
clear_probe,991,9,854.0,True
clear_probe,991,6,1370.0,True
clear_probe,991,13,1412.0,True
clear_probe,991,15,2076.033852290319,True
clear_probe,991,18,2094.033852290319,True
clear_probe,991,10,3916.59335684136,False
clear_probe,991,3,4354.59335684136,False
clear_probe,991,14,5570.425011343451,False
clear_probe,991,8,5771.425011343451,False
clear_probe,991,12,6647.149044098791,True
clear_probe,992,7,41.0,False
clear_probe,992,12,71.0,False
clear_probe,992,14,83.0,True
clear_probe,992,15,89.0,True
clear_probe,992,16,95.0,False
clear_probe,992,1,272.0,True
clear_probe,992,20,386.0,False
clear_probe,992,2,4177.55486015956,True
clear_probe,992,10,4219.55486015956,True
clear_probe,992,6,4692.601882435531,True
clear_probe,992,11,4716.601882435531,True
clear_probe,993,5,29.0,True
clear_probe,993,11,65.0,False
clear_probe,993,7,308.0,True
clear_probe,993,18,936.1753783017596,False
clear_probe,993,19,3206.590257025369,False
clear_probe,993,8,3899.590257025369,False
clear_probe,993,6,5121.598267069768,True
clear_probe,993,12,5145.598267069768,True
clear_probe,993,13,5388.598267069768,True
clear_probe,993,3,5583.598267069768,True
clear_probe,994,12,71.0,False
clear_probe,994,13,77.0,False
clear_probe,994,14,83.0,False
clear_probe,994,16,95.0,True
clear_probe,994,17,101.0,True
clear_probe,994,15,3721.434254556886,False
clear_probe,994,19,3739.434254556886,True
clear_probe,994,2,4159.434254556886,False
clear_probe,994,5,4681.434254556886,True
clear_probe,994,20,6344.8057722074545,False
clear_probe,994,18,6569.8057722074545,True
clear_probe,995,5,29.0,False
clear_probe,995,6,35.0,False
clear_probe,995,9,53.0,False
clear_probe,995,12,71.0,False
clear_probe,995,14,83.0,False
clear_probe,995,20,119.0,False
clear_probe,995,13,344.0,False
clear_probe,995,10,593.0,True
clear_probe,995,11,2176.4701612971426,True
clear_probe,995,4,4270.771948923464,False
clear_probe,995,8,6711.839293618648,False
clear_probe,996,4,23.0,False
clear_probe,996,10,59.0,False
clear_probe,996,11,65.0,False
clear_probe,996,12,71.0,True
clear_probe,996,16,95.0,False
clear_probe,996,17,101.0,True
clear_probe,996,19,113.0,False
clear_probe,996,9,320.0,False
clear_probe,996,8,891.2615371653842,False
clear_probe,996,18,1188.2615371653842,True
clear_probe,996,20,3497.816705190273,False
clear_probe,996,1,5169.19233577693,True
clear_probe,996,6,6273.034483249717,True
clear_probe,997,9,53.0,True
clear_probe,997,10,59.0,False
clear_probe,997,12,71.0,True
clear_probe,997,14,83.0,False
clear_probe,997,18,107.0,False
clear_probe,997,20,119.0,True
clear_probe,997,2,278.0,False
clear_probe,997,11,599.0,True
clear_probe,997,15,932.9489172561318,True
clear_probe,997,8,2494.6159275246014,False
clear_probe,997,4,6128.573624251254,False
clear_probe,997,6,6140.573624251254,False
clear_probe,997,17,7262.51205627303,True
clear_probe,998,3,17.0,False
clear_probe,998,11,65.0,False
clear_probe,998,20,119.0,False
clear_probe,998,1,272.0,False
clear_probe,998,18,374.0,False
clear_probe,998,9,587.0,True
clear_probe,998,6,2251.1011412122443,True
clear_probe,998,12,2281.1011412122443,False
clear_probe,998,8,2757.8000022714773,True
clear_probe,998,16,4298.911737499199,True
clear_probe,998,7,6464.911737499199,False
clear_probe,999,6,35.0,False
clear_probe,999,19,113.0,True
clear_probe,999,17,368.0,True
clear_probe,999,16,629.0,False
clear_probe,999,5,830.0,True
clear_probe,999,11,1400.0,True
clear_probe,999,1,1618.4160487544057,True
clear_probe,999,18,1975.4160487544057,True
clear_probe,999,3,2863.8340677408846,False
clear_probe,999,15,2929.8340677408846,False
clear_probe,999,13,3664.2014404535767,False
clear_probe,999,14,3670.2014404535767,True
clear_probe,999,20,4257.812909166201,True
clear_probe,999,4,6864.621553572555,False
clear_probe,999,2,7833.621553572555,True
clear_probe,999,8,7845.621553572555,True
