strategy,seed,channel,first_seen_time_s,directional
geometry_early_optical_clear_probe,1689430234,4,23.0,True
geometry_early_optical_clear_probe,1689430234,6,35.0,True
geometry_early_optical_clear_probe,1689430234,8,47.0,False
geometry_early_optical_clear_probe,1689430234,12,71.0,False
geometry_early_optical_clear_probe,1689430234,13,77.0,False
geometry_early_optical_clear_probe,1689430234,17,101.0,False
geometry_early_optical_clear_probe,1689430234,20,270.2,False
geometry_early_optical_clear_probe,1689430234,9,583.4,False
geometry_early_optical_clear_probe,1689430234,18,4904.010820939969,True
geometry_early_optical_clear_probe,1689430234,3,5926.980050255821,True
geometry_early_optical_clear_probe,1992620824,2,11.0,False
geometry_early_optical_clear_probe,1992620824,4,23.0,True
geometry_early_optical_clear_probe,1992620824,9,53.0,False
geometry_early_optical_clear_probe,1992620824,10,59.0,False
geometry_early_optical_clear_probe,1992620824,13,77.0,False
geometry_early_optical_clear_probe,1992620824,1,384.2,False
geometry_early_optical_clear_probe,1992620824,15,1982.1735943006254,True
geometry_early_optical_clear_probe,1992620824,6,2717.612781803921,True
geometry_early_optical_clear_probe,1992620824,19,3069.2855046086775,True
geometry_early_optical_clear_probe,1992620824,17,3810.0652923754064,True
geometry_early_optical_clear_probe,1992620824,18,5658.605715878501,True
geometry_early_optical_clear_probe,1992620824,7,5857.8057158785,True
geometry_early_optical_clear_probe,1265630011,8,47.0,False
geometry_early_optical_clear_probe,1265630011,20,270.2,False
geometry_early_optical_clear_probe,1265630011,13,312.2,False
geometry_early_optical_clear_probe,1265630011,3,372.2,False
geometry_early_optical_clear_probe,1265630011,16,1782.2965521839626,True
geometry_early_optical_clear_probe,1265630011,2,1848.2965521839626,False
geometry_early_optical_clear_probe,1265630011,18,2638.698255738466,True
geometry_early_optical_clear_probe,1265630011,15,2656.698255738466,False
geometry_early_optical_clear_probe,1265630011,4,2710.698255738466,True
geometry_early_optical_clear_probe,1265630011,10,3336.1192701033897,False
geometry_early_optical_clear_probe,1265630011,1,3595.0193805643667,True
geometry_early_optical_clear_probe,1265630011,6,4467.832920177562,True
geometry_early_optical_clear_probe,1265630011,17,4679.032920177562,True
geometry_early_optical_clear_probe,3779053582,9,53.0,False
geometry_early_optical_clear_probe,3779053582,10,59.0,False
geometry_early_optical_clear_probe,3779053582,12,71.0,False
geometry_early_optical_clear_probe,3779053582,16,95.0,False
geometry_early_optical_clear_probe,3779053582,14,306.2,True
geometry_early_optical_clear_probe,3779053582,4,366.2,True
geometry_early_optical_clear_probe,3779053582,11,604.7955502257101,False
geometry_early_optical_clear_probe,3779053582,15,622.7955502257101,False
geometry_early_optical_clear_probe,3779053582,17,634.7955502257101,False
geometry_early_optical_clear_probe,3779053582,5,1825.9106236169996,False
geometry_early_optical_clear_probe,3779053582,7,2073.110623617,True
geometry_early_optical_clear_probe,3779053582,2,3154.2131812896487,True
geometry_early_optical_clear_probe,3779053582,6,5853.540662009326,True
geometry_early_optical_clear_probe,3779053582,18,6052.740662009326,True
geometry_early_optical_clear_probe,3984178433,11,65.0,False
geometry_early_optical_clear_probe,3984178433,12,71.0,False
geometry_early_optical_clear_probe,3984178433,15,89.0,True
geometry_early_optical_clear_probe,3984178433,17,288.2,True
geometry_early_optical_clear_probe,3984178433,16,294.2,True
geometry_early_optical_clear_probe,3984178433,9,336.2,False
geometry_early_optical_clear_probe,3984178433,2,378.2,True
geometry_early_optical_clear_probe,3984178433,1,535.4,True
geometry_early_optical_clear_probe,3984178433,8,1532.7386609164848,True
geometry_early_optical_clear_probe,3984178433,4,6617.168638664751,True
geometry_early_optical_clear_probe,297493576,5,29.0,True
geometry_early_optical_clear_probe,297493576,7,41.0,False
geometry_early_optical_clear_probe,297493576,10,59.0,True
geometry_early_optical_clear_probe,297493576,11,65.0,False
geometry_early_optical_clear_probe,297493576,19,113.0,False
geometry_early_optical_clear_probe,297493576,20,119.0,True
geometry_early_optical_clear_probe,297493576,17,288.2,True
geometry_early_optical_clear_probe,297493576,2,378.2,False
geometry_early_optical_clear_probe,297493576,12,568.6384895309444,False
geometry_early_optical_clear_probe,297493576,16,2624.3596420926074,False
geometry_early_optical_clear_probe,297493576,4,2853.559642092607,False
geometry_early_optical_clear_probe,297493576,3,4661.764509877491,True
geometry_early_optical_clear_probe,650077643,1,5.0,True
geometry_early_optical_clear_probe,650077643,17,101.0,True
geometry_early_optical_clear_probe,650077643,10,330.2,False
geometry_early_optical_clear_probe,650077643,9,336.2,True
geometry_early_optical_clear_probe,650077643,6,354.2,True
geometry_early_optical_clear_probe,650077643,5,559.4,True
geometry_early_optical_clear_probe,650077643,4,1403.6141551364549,True
geometry_early_optical_clear_probe,650077643,18,3399.950187988655,True
geometry_early_optical_clear_probe,650077643,12,3665.150187988655,True
geometry_early_optical_clear_probe,650077643,8,5547.168564930515,False
geometry_early_optical_clear_probe,650077643,3,5975.568564930514,True
geometry_early_optical_clear_probe,650077643,14,6195.577042399184,False
geometry_early_optical_clear_probe,474503926,2,11.0,False
geometry_early_optical_clear_probe,474503926,4,23.0,False
geometry_early_optical_clear_probe,474503926,8,47.0,False
geometry_early_optical_clear_probe,474503926,9,53.0,False
geometry_early_optical_clear_probe,474503926,12,71.0,True
geometry_early_optical_clear_probe,474503926,13,77.0,True
geometry_early_optical_clear_probe,474503926,16,95.0,False
geometry_early_optical_clear_probe,474503926,19,113.0,False
geometry_early_optical_clear_probe,474503926,18,282.2,False
geometry_early_optical_clear_probe,474503926,14,1096.7846727682943,True
geometry_early_optical_clear_probe,474503926,5,2660.299033797127,True
geometry_early_optical_clear_probe,474503926,10,4452.709212830589,True
geometry_early_optical_clear_probe,474503926,3,6607.253020138511,True
geometry_early_optical_clear_probe,2093549415,3,17.0,False
geometry_early_optical_clear_probe,2093549415,14,83.0,False
geometry_early_optical_clear_probe,2093549415,16,95.0,True
geometry_early_optical_clear_probe,2093549415,18,107.0,True
geometry_early_optical_clear_probe,2093549415,20,119.0,False
geometry_early_optical_clear_probe,2093549415,13,312.2,False
geometry_early_optical_clear_probe,2093549415,12,318.2,False
geometry_early_optical_clear_probe,2093549415,4,366.2,False
geometry_early_optical_clear_probe,2093549415,1,2705.2072353535455,True
geometry_early_optical_clear_probe,2093549415,19,3006.4946532565655,False
geometry_early_optical_clear_probe,157728716,4,23.0,False
geometry_early_optical_clear_probe,157728716,5,29.0,False
geometry_early_optical_clear_probe,157728716,20,119.0,False
geometry_early_optical_clear_probe,157728716,9,500.1753785956312,True
geometry_early_optical_clear_probe,157728716,13,830.9818548752471,False
geometry_early_optical_clear_probe,157728716,6,872.9818548752471,False
geometry_early_optical_clear_probe,157728716,3,1373.3818548752472,True
geometry_early_optical_clear_probe,157728716,15,1608.5818548752472,False
geometry_early_optical_clear_probe,157728716,18,4524.765583075225,True
geometry_early_optical_clear_probe,157728716,12,5206.365583075224,False
geometry_early_optical_clear_probe,157728716,11,5634.765583075224,True
geometry_early_optical_clear_probe,617451851,1,5.0,False
geometry_early_optical_clear_probe,617451851,6,35.0,False
geometry_early_optical_clear_probe,617451851,16,95.0,True
geometry_early_optical_clear_probe,617451851,17,101.0,True
geometry_early_optical_clear_probe,617451851,19,113.0,False
geometry_early_optical_clear_probe,617451851,18,282.2,True
geometry_early_optical_clear_probe,617451851,5,541.4233416990562,True
geometry_early_optical_clear_probe,617451851,12,818.5105381144904,True
geometry_early_optical_clear_probe,617451851,2,984.7124899783568,False
geometry_early_optical_clear_probe,617451851,7,1494.5670155010607,True
geometry_early_optical_clear_probe,617451851,15,1704.8905623308972,False
geometry_early_optical_clear_probe,617451851,20,5263.47514812959,True
geometry_early_optical_clear_probe,2364796256,8,47.0,False
geometry_early_optical_clear_probe,2364796256,11,65.0,True
geometry_early_optical_clear_probe,2364796256,14,83.0,True
geometry_early_optical_clear_probe,2364796256,13,312.2,True
geometry_early_optical_clear_probe,2364796256,1,535.4,True
geometry_early_optical_clear_probe,2364796256,2,541.4,False
geometry_early_optical_clear_probe,2364796256,5,1439.2161585461797,False
geometry_early_optical_clear_probe,2364796256,19,1686.4161585461798,False
geometry_early_optical_clear_probe,2364796256,18,2319.728455343588,False
geometry_early_optical_clear_probe,2364796256,12,4340.528455343586,False
geometry_early_optical_clear_probe,869882558,5,29.0,True
geometry_early_optical_clear_probe,869882558,13,77.0,True
geometry_early_optical_clear_probe,869882558,15,89.0,False
geometry_early_optical_clear_probe,869882558,18,107.0,False
geometry_early_optical_clear_probe,869882558,19,113.0,True
geometry_early_optical_clear_probe,869882558,6,354.2,True
geometry_early_optical_clear_probe,869882558,3,547.4,True
geometry_early_optical_clear_probe,869882558,16,1255.620931805727,True
geometry_early_optical_clear_probe,869882558,17,1740.8566792021336,True
geometry_early_optical_clear_probe,869882558,8,2000.0566792021336,False
geometry_early_optical_clear_probe,869882558,12,2024.0566792021336,True
geometry_early_optical_clear_probe,869882558,4,5339.59562943331,True
geometry_early_optical_clear_probe,869882558,10,6238.023451343481,True
geometry_early_optical_clear_probe,2674241522,3,17.0,True
geometry_early_optical_clear_probe,2674241522,8,47.0,False
geometry_early_optical_clear_probe,2674241522,12,71.0,True
geometry_early_optical_clear_probe,2674241522,13,77.0,True
geometry_early_optical_clear_probe,2674241522,18,107.0,True
geometry_early_optical_clear_probe,2674241522,19,113.0,True
geometry_early_optical_clear_probe,2674241522,14,306.2,False
geometry_early_optical_clear_probe,2674241522,9,541.7489702520752,False
geometry_early_optical_clear_probe,2674241522,17,583.7489702520752,True
geometry_early_optical_clear_probe,2674241522,15,1509.4151793167434,True
geometry_early_optical_clear_probe,2674241522,20,2592.0518771135694,True
geometry_early_optical_clear_probe,2674241522,6,3287.1920300064135,False
geometry_early_optical_clear_probe,2674241522,16,4193.842661226491,True
geometry_early_optical_clear_probe,2564542563,11,65.0,False
geometry_early_optical_clear_probe,2564542563,19,113.0,False
geometry_early_optical_clear_probe,2564542563,7,348.2,False
geometry_early_optical_clear_probe,2564542563,3,372.2,True
geometry_early_optical_clear_probe,2564542563,9,854.5999999999999,True
geometry_early_optical_clear_probe,2564542563,17,1831.4,True
geometry_early_optical_clear_probe,2564542563,15,2128.848629284109,True
geometry_early_optical_clear_probe,2564542563,2,2421.763743621427,False
geometry_early_optical_clear_probe,2564542563,6,2716.0789115729035,True
geometry_early_optical_clear_probe,2564542563,12,3432.8487133859867,False
geometry_early_optical_clear_probe,1297547512,17,101.0,False
geometry_early_optical_clear_probe,1297547512,18,107.0,False
geometry_early_optical_clear_probe,1297547512,14,306.2,True
geometry_early_optical_clear_probe,1297547512,9,336.2,False
geometry_early_optical_clear_probe,1297547512,4,366.2,True
geometry_early_optical_clear_probe,1297547512,11,595.4,False
geometry_early_optical_clear_probe,1297547512,13,607.4,True
geometry_early_optical_clear_probe,1297547512,8,1734.0428242589505,True
geometry_early_optical_clear_probe,1297547512,16,1764.0428242589505,True
geometry_early_optical_clear_probe,1297547512,10,3123.6591250955908,False
geometry_early_optical_clear_probe,1297547512,6,4777.215828980558,True
geometry_early_optical_clear_probe,1297547512,5,4970.415828980558,True
geometry_early_optical_clear_probe,1297547512,20,6506.171653899717,True
geometry_early_optical_clear_probe,3802260649,3,17.0,True
geometry_early_optical_clear_probe,3802260649,6,35.0,False
geometry_early_optical_clear_probe,3802260649,7,41.0,False
geometry_early_optical_clear_probe,3802260649,10,59.0,True
geometry_early_optical_clear_probe,3802260649,11,65.0,True
geometry_early_optical_clear_probe,3802260649,13,77.0,False
geometry_early_optical_clear_probe,3802260649,15,89.0,False
geometry_early_optical_clear_probe,3802260649,19,276.2,False
geometry_early_optical_clear_probe,3802260649,8,342.2,False
geometry_early_optical_clear_probe,3802260649,2,378.2,False
geometry_early_optical_clear_probe,3802260649,1,504.2952265484239,True
geometry_early_optical_clear_probe,3802260649,9,1506.5346343312717,False
geometry_early_optical_clear_probe,3802260649,18,1938.4217422048607,False
geometry_early_optical_clear_probe,3802260649,20,1950.4217422048607,True
geometry_early_optical_clear_probe,936310924,1,5.0,True
geometry_early_optical_clear_probe,936310924,2,11.0,True
geometry_early_optical_clear_probe,936310924,6,35.0,True
geometry_early_optical_clear_probe,936310924,9,53.0,True
geometry_early_optical_clear_probe,936310924,11,65.0,False
geometry_early_optical_clear_probe,936310924,14,83.0,True
geometry_early_optical_clear_probe,936310924,19,113.0,True
geometry_early_optical_clear_probe,936310924,4,366.2,True
geometry_early_optical_clear_probe,936310924,5,559.4,True
geometry_early_optical_clear_probe,936310924,17,631.4,True
geometry_early_optical_clear_probe,936310924,13,1743.29647017153,False
geometry_early_optical_clear_probe,936310924,8,3277.0338844827415,True
geometry_early_optical_clear_probe,936310924,16,5066.167542162118,False
geometry_early_optical_clear_probe,936310924,15,5259.367542162117,True
geometry_early_optical_clear_probe,936310924,7,7443.920855300512,True
geometry_early_optical_clear_probe,731101563,1,5.0,True
geometry_early_optical_clear_probe,731101563,11,65.0,False
geometry_early_optical_clear_probe,731101563,15,89.0,False
geometry_early_optical_clear_probe,731101563,17,101.0,False
geometry_early_optical_clear_probe,731101563,20,119.0,False
geometry_early_optical_clear_probe,731101563,14,306.2,True
geometry_early_optical_clear_probe,731101563,4,983.2629675603611,True
geometry_early_optical_clear_probe,731101563,9,1495.6629675603613,True
geometry_early_optical_clear_probe,731101563,13,5942.214433371338,True
geometry_early_optical_clear_probe,731101563,10,5954.214433371338,True
geometry_early_optical_clear_probe,1384447377,3,17.0,True
geometry_early_optical_clear_probe,1384447377,10,59.0,True
geometry_early_optical_clear_probe,1384447377,15,89.0,False
geometry_early_optical_clear_probe,1384447377,20,119.0,False
geometry_early_optical_clear_probe,1384447377,19,276.2,False
geometry_early_optical_clear_probe,1384447377,1,384.2,False
geometry_early_optical_clear_probe,1384447377,7,1814.2135502955073,True
geometry_early_optical_clear_probe,1384447377,16,2531.813550295507,True
geometry_early_optical_clear_probe,1384447377,17,2537.813550295507,True
geometry_early_optical_clear_probe,1384447377,5,3368.407310881286,True
geometry_early_optical_clear_probe,1384447377,11,3575.227639822236,True
geometry_early_optical_clear_probe,1384447377,4,5065.263198049396,True
geometry_early_optical_clear_probe,3829650548,1,5.0,False
geometry_early_optical_clear_probe,3829650548,5,29.0,True
geometry_early_optical_clear_probe,3829650548,8,47.0,True
geometry_early_optical_clear_probe,3829650548,17,101.0,True
geometry_early_optical_clear_probe,3829650548,19,113.0,False
geometry_early_optical_clear_probe,3829650548,7,571.4,False
geometry_early_optical_clear_probe,3829650548,11,595.4,False
geometry_early_optical_clear_probe,3829650548,18,637.4,True
geometry_early_optical_clear_probe,3829650548,20,649.4,False
geometry_early_optical_clear_probe,3829650548,2,2522.0587495998334,False
geometry_early_optical_clear_probe,3829650548,15,3646.0093914605304,True
geometry_early_optical_clear_probe,3829650548,12,3664.0093914605304,False
geometry_early_optical_clear_probe,3829650548,6,3682.0093914605304,False
geometry_early_optical_clear_probe,3829650548,3,3806.698284982492,False
geometry_early_optical_clear_probe,3829650548,10,4382.926268649236,False
geometry_early_optical_clear_probe,3829650548,9,6547.56453695865,True
geometry_early_optical_clear_probe,751946847,4,23.0,False
geometry_early_optical_clear_probe,751946847,9,53.0,False
geometry_early_optical_clear_probe,751946847,16,95.0,False
geometry_early_optical_clear_probe,751946847,17,101.0,False
geometry_early_optical_clear_probe,751946847,20,119.0,False
geometry_early_optical_clear_probe,751946847,6,354.2,False
geometry_early_optical_clear_probe,751946847,2,378.2,False
geometry_early_optical_clear_probe,751946847,1,384.2,False
geometry_early_optical_clear_probe,751946847,19,688.160904489114,True
geometry_early_optical_clear_probe,751946847,15,706.160904489114,False
geometry_early_optical_clear_probe,751946847,7,1036.5244391798312,True
geometry_early_optical_clear_probe,751946847,12,4372.586086688642,True
geometry_early_optical_clear_probe,716833002,1,5.0,False
geometry_early_optical_clear_probe,716833002,8,47.0,False
geometry_early_optical_clear_probe,716833002,11,65.0,False
geometry_early_optical_clear_probe,716833002,13,77.0,False
geometry_early_optical_clear_probe,716833002,18,107.0,False
geometry_early_optical_clear_probe,716833002,20,119.0,True
geometry_early_optical_clear_probe,716833002,16,294.2,True
geometry_early_optical_clear_probe,716833002,14,1546.8012501910928,False
geometry_early_optical_clear_probe,716833002,3,3094.5871453701343,True
geometry_early_optical_clear_probe,716833002,12,4101.344004590814,True
geometry_early_optical_clear_probe,716833002,4,4300.5440045908135,True
geometry_early_optical_clear_probe,3903789332,4,23.0,True
geometry_early_optical_clear_probe,3903789332,6,35.0,False
geometry_early_optical_clear_probe,3903789332,9,53.0,False
geometry_early_optical_clear_probe,3903789332,12,71.0,False
geometry_early_optical_clear_probe,3903789332,17,288.2,False
geometry_early_optical_clear_probe,3903789332,13,312.2,False
geometry_early_optical_clear_probe,3903789332,8,342.2,True
geometry_early_optical_clear_probe,3903789332,19,1750.8396706929595,False
geometry_early_optical_clear_probe,3903789332,11,1780.8396706929595,True
geometry_early_optical_clear_probe,3903789332,7,2233.2396706929594,True
geometry_early_optical_clear_probe,3903789332,5,2832.2388909666984,True
geometry_early_optical_clear_probe,22893896,7,41.0,False
geometry_early_optical_clear_probe,22893896,18,282.2,False
geometry_early_optical_clear_probe,22893896,9,336.2,True
geometry_early_optical_clear_probe,22893896,3,569.8959094401908,True
geometry_early_optical_clear_probe,22893896,13,1075.8466312429373,True
geometry_early_optical_clear_probe,22893896,5,3565.632581130447,True
geometry_early_optical_clear_probe,22893896,15,3619.632581130447,True
geometry_early_optical_clear_probe,22893896,8,3872.8325811304467,True
geometry_early_optical_clear_probe,22893896,12,4065.534253228593,False
geometry_early_optical_clear_probe,22893896,16,4083.534253228593,False
geometry_early_optical_clear_probe,22893896,2,5744.945372292384,True
geometry_early_optical_clear_probe,22893896,19,5956.145372292383,True
geometry_early_optical_clear_probe,2737796140,4,23.0,False
geometry_early_optical_clear_probe,2737796140,6,35.0,False
geometry_early_optical_clear_probe,2737796140,7,41.0,True
geometry_early_optical_clear_probe,2737796140,8,47.0,False
geometry_early_optical_clear_probe,2737796140,9,53.0,True
geometry_early_optical_clear_probe,2737796140,10,59.0,True
geometry_early_optical_clear_probe,2737796140,11,65.0,False
geometry_early_optical_clear_probe,2737796140,20,119.0,True
geometry_early_optical_clear_probe,2737796140,16,613.4,True
geometry_early_optical_clear_probe,2737796140,12,2223.036306127334,True
geometry_early_optical_clear_probe,2737796140,14,2699.299565430991,True
geometry_early_optical_clear_probe,2737796140,2,4655.970925877253,True
geometry_early_optical_clear_probe,2737796140,1,5458.770925877252,True
geometry_early_optical_clear_probe,2737796140,18,7173.880868359471,True
geometry_early_optical_clear_probe,1320015299,2,11.0,False
geometry_early_optical_clear_probe,1320015299,3,17.0,False
geometry_early_optical_clear_probe,1320015299,5,29.0,False
geometry_early_optical_clear_probe,1320015299,10,59.0,False
geometry_early_optical_clear_probe,1320015299,13,77.0,False
geometry_early_optical_clear_probe,1320015299,18,282.2,True
geometry_early_optical_clear_probe,1320015299,19,664.5517318615678,False
geometry_early_optical_clear_probe,1320015299,20,1909.0263207249536,True
geometry_early_optical_clear_probe,1320015299,7,1975.0263207249536,False
geometry_early_optical_clear_probe,1320015299,17,2385.4263207249533,False
geometry_early_optical_clear_probe,1320015299,12,2415.4263207249533,True
geometry_early_optical_clear_probe,1320015299,8,3013.717113246656,True
geometry_early_optical_clear_probe,1320015299,4,3804.40558308204,True
geometry_early_optical_clear_probe,1320015299,15,5914.491087102694,True
geometry_early_optical_clear_probe,1320015299,9,6107.691087102694,True
geometry_early_optical_clear_probe,1320015299,14,6288.891087102694,True
geometry_early_optical_clear_probe,2055777037,2,11.0,True
geometry_early_optical_clear_probe,2055777037,5,29.0,False
geometry_early_optical_clear_probe,2055777037,7,41.0,False
geometry_early_optical_clear_probe,2055777037,9,53.0,True
geometry_early_optical_clear_probe,2055777037,12,71.0,True
geometry_early_optical_clear_probe,2055777037,15,89.0,False
geometry_early_optical_clear_probe,2055777037,18,107.0,False
geometry_early_optical_clear_probe,2055777037,13,1724.6372941630132,True
geometry_early_optical_clear_probe,2055777037,16,4215.837294163011,True
geometry_early_optical_clear_probe,2055777037,4,5452.617369122067,True
geometry_early_optical_clear_probe,2805518991,3,17.0,True
geometry_early_optical_clear_probe,2805518991,4,23.0,False
geometry_early_optical_clear_probe,2805518991,9,53.0,False
geometry_early_optical_clear_probe,2805518991,20,270.2,False
geometry_early_optical_clear_probe,2805518991,10,330.2,True
geometry_early_optical_clear_probe,2805518991,7,348.2,True
geometry_early_optical_clear_probe,2805518991,13,553.9501456154081,True
geometry_early_optical_clear_probe,2805518991,15,763.4266699117604,True
geometry_early_optical_clear_probe,2805518991,2,998.6266699117605,True
geometry_early_optical_clear_probe,2805518991,1,1623.5810042320488,True
geometry_early_optical_clear_probe,2805518991,12,2056.451131764541,False
geometry_early_optical_clear_probe,2805518991,5,2092.451131764541,False
geometry_early_optical_clear_probe,2805518991,11,2297.651131764541,True
geometry_early_optical_clear_probe,2805518991,8,5007.195561986085,True
geometry_early_optical_clear_probe,2805518991,16,5390.621553662573,True
geometry_early_optical_clear_probe,2671138337,2,11.0,False
geometry_early_optical_clear_probe,2671138337,3,17.0,True
geometry_early_optical_clear_probe,2671138337,5,29.0,False
geometry_early_optical_clear_probe,2671138337,10,59.0,True
geometry_early_optical_clear_probe,2671138337,15,300.2,False
geometry_early_optical_clear_probe,2671138337,1,2465.925135623449,True
geometry_early_optical_clear_probe,2671138337,14,3079.77782806004,True
geometry_early_optical_clear_probe,2671138337,17,3091.77782806004,False
geometry_early_optical_clear_probe,2671138337,7,3565.073467578744,True
geometry_early_optical_clear_probe,2671138337,4,6615.087833168388,False
geometry_early_optical_clear_probe,2155194957,8,47.0,False
geometry_early_optical_clear_probe,2155194957,19,113.0,True
geometry_early_optical_clear_probe,2155194957,20,270.2,True
geometry_early_optical_clear_probe,2155194957,13,312.2,False
geometry_early_optical_clear_probe,2155194957,12,318.2,True
geometry_early_optical_clear_probe,2155194957,3,372.2,False
geometry_early_optical_clear_probe,2155194957,10,589.4,False
geometry_early_optical_clear_probe,2155194957,7,852.4244747724243,False
geometry_early_optical_clear_probe,2155194957,6,1522.1924724645814,True
geometry_early_optical_clear_probe,2155194957,15,3209.8073548995317,True
geometry_early_optical_clear_probe,2155194957,17,5073.619408626419,True
geometry_early_optical_clear_probe,2155194957,5,6534.019408626417,True
geometry_early_optical_clear_probe,627094007,2,11.0,True
geometry_early_optical_clear_probe,627094007,3,17.0,False
geometry_early_optical_clear_probe,627094007,6,35.0,True
geometry_early_optical_clear_probe,627094007,8,47.0,True
geometry_early_optical_clear_probe,627094007,9,53.0,False
geometry_early_optical_clear_probe,627094007,11,65.0,True
geometry_early_optical_clear_probe,627094007,16,95.0,True
geometry_early_optical_clear_probe,627094007,17,288.2,True
geometry_early_optical_clear_probe,627094007,15,300.2,False
geometry_early_optical_clear_probe,627094007,7,348.2,False
geometry_early_optical_clear_probe,627094007,10,628.8095023041403,False
geometry_early_optical_clear_probe,627094007,20,756.7383857007635,True
geometry_early_optical_clear_probe,627094007,18,768.7383857007635,False
geometry_early_optical_clear_probe,627094007,13,2593.876370930398,True
geometry_early_optical_clear_probe,3181396930,2,11.0,False
geometry_early_optical_clear_probe,3181396930,6,35.0,False
geometry_early_optical_clear_probe,3181396930,17,101.0,False
geometry_early_optical_clear_probe,3181396930,20,119.0,True
geometry_early_optical_clear_probe,3181396930,10,330.2,False
geometry_early_optical_clear_probe,3181396930,3,372.2,False
geometry_early_optical_clear_probe,3181396930,19,2917.149780234228,True
geometry_early_optical_clear_probe,3181396930,15,4020.881080496598,False
geometry_early_optical_clear_probe,3181396930,11,4268.081080496598,True
geometry_early_optical_clear_probe,3181396930,1,5660.125924796132,False
geometry_early_optical_clear_probe,184880830,2,11.0,True
geometry_early_optical_clear_probe,184880830,14,83.0,False
geometry_early_optical_clear_probe,184880830,15,89.0,True
geometry_early_optical_clear_probe,184880830,20,119.0,True
geometry_early_optical_clear_probe,184880830,5,360.2,True
geometry_early_optical_clear_probe,184880830,4,366.2,False
geometry_early_optical_clear_probe,184880830,9,2195.272308776753,False
geometry_early_optical_clear_probe,184880830,18,3596.3700444847136,False
geometry_early_optical_clear_probe,184880830,17,3602.3700444847136,True
geometry_early_optical_clear_probe,184880830,11,3632.3700444847136,True
geometry_early_optical_clear_probe,184880830,7,3837.5700444847134,True
geometry_early_optical_clear_probe,184880830,8,3843.5700444847134,True
geometry_early_optical_clear_probe,184880830,1,4289.105705482649,True
geometry_early_optical_clear_probe,476909380,2,11.0,True
geometry_early_optical_clear_probe,476909380,5,29.0,True
geometry_early_optical_clear_probe,476909380,10,59.0,True
geometry_early_optical_clear_probe,476909380,11,65.0,False
geometry_early_optical_clear_probe,476909380,14,83.0,True
geometry_early_optical_clear_probe,476909380,16,95.0,False
geometry_early_optical_clear_probe,476909380,13,312.2,False
geometry_early_optical_clear_probe,476909380,3,1069.1179890558285,True
geometry_early_optical_clear_probe,476909380,1,2655.8943447720976,True
geometry_early_optical_clear_probe,476909380,18,2873.0943447720974,True
geometry_early_optical_clear_probe,476909380,6,4685.270425093119,True
geometry_early_optical_clear_probe,476909380,7,4691.270425093119,False
geometry_early_optical_clear_probe,476909380,17,7111.466974274932,True
geometry_early_optical_clear_probe,615242016,16,95.0,False
geometry_early_optical_clear_probe,615242016,15,300.2,False
geometry_early_optical_clear_probe,615242016,9,336.2,False
geometry_early_optical_clear_probe,615242016,4,366.2,False
geometry_early_optical_clear_probe,615242016,2,378.2,False
geometry_early_optical_clear_probe,615242016,8,866.5999999999999,False
geometry_early_optical_clear_probe,615242016,3,896.5999999999999,True
geometry_early_optical_clear_probe,615242016,5,1051.2234453957126,True
geometry_early_optical_clear_probe,615242016,13,3231.0743034810953,False
geometry_early_optical_clear_probe,615242016,18,4907.772053075555,False
geometry_early_optical_clear_probe,615242016,6,5124.972053075555,True
geometry_early_optical_clear_probe,615242016,17,5336.172053075555,True
geometry_early_optical_clear_probe,615242016,11,5963.7626545813255,True
geometry_early_optical_clear_probe,856586840,5,29.0,False
geometry_early_optical_clear_probe,856586840,7,41.0,False
geometry_early_optical_clear_probe,856586840,9,53.0,False
geometry_early_optical_clear_probe,856586840,18,107.0,False
geometry_early_optical_clear_probe,856586840,20,119.0,True
geometry_early_optical_clear_probe,856586840,19,276.2,False
geometry_early_optical_clear_probe,856586840,10,330.2,True
geometry_early_optical_clear_probe,856586840,2,378.2,False
geometry_early_optical_clear_probe,856586840,15,1356.6586660064097,False
geometry_early_optical_clear_probe,856586840,16,1669.8586660064097,True
geometry_early_optical_clear_probe,856586840,6,3335.7998106348655,True
geometry_early_optical_clear_probe,4043985816,5,29.0,True
geometry_early_optical_clear_probe,4043985816,8,47.0,False
geometry_early_optical_clear_probe,4043985816,9,53.0,True
geometry_early_optical_clear_probe,4043985816,17,101.0,True
geometry_early_optical_clear_probe,4043985816,20,270.2,False
geometry_early_optical_clear_probe,4043985816,15,300.2,True
geometry_early_optical_clear_probe,4043985816,10,330.2,False
geometry_early_optical_clear_probe,4043985816,4,366.2,False
geometry_early_optical_clear_probe,4043985816,2,2334.763817274384,True
geometry_early_optical_clear_probe,4043985816,1,4536.763817274383,True
geometry_early_optical_clear_probe,1724053984,11,65.0,False
geometry_early_optical_clear_probe,1724053984,3,882.3652766532547,True
geometry_early_optical_clear_probe,1724053984,18,1311.560327769648,False
geometry_early_optical_clear_probe,1724053984,17,1317.560327769648,True
geometry_early_optical_clear_probe,1724053984,7,1371.560327769648,False
geometry_early_optical_clear_probe,1724053984,6,1588.760327769648,True
geometry_early_optical_clear_probe,1724053984,19,1823.960327769648,True
geometry_early_optical_clear_probe,1724053984,15,1847.960327769648,True
geometry_early_optical_clear_probe,1724053984,5,1895.960327769648,True
geometry_early_optical_clear_probe,1724053984,10,2113.160327769648,True
geometry_early_optical_clear_probe,1724053984,4,6071.702598465557,False
geometry_early_optical_clear_probe,1724053984,1,6083.702598465557,False
geometry_early_optical_clear_probe,2092998507,3,17.0,True
geometry_early_optical_clear_probe,2092998507,8,47.0,False
geometry_early_optical_clear_probe,2092998507,18,107.0,True
geometry_early_optical_clear_probe,2092998507,12,318.2,False
geometry_early_optical_clear_probe,2092998507,19,596.8921176876947,True
geometry_early_optical_clear_probe,2092998507,1,1341.6888234340422,True
geometry_early_optical_clear_probe,2092998507,5,1516.8888234340423,True
geometry_early_optical_clear_probe,2092998507,13,3474.2755704060046,True
geometry_early_optical_clear_probe,2092998507,16,3679.4755704060044,True
geometry_early_optical_clear_probe,2092998507,14,4998.837823414134,True
geometry_early_optical_clear_probe,2092998507,7,6628.262717605723,True
geometry_early_optical_clear_probe,2766811886,4,23.0,True
geometry_early_optical_clear_probe,2766811886,20,119.0,True
geometry_early_optical_clear_probe,2766811886,11,595.6760490396715,False
geometry_early_optical_clear_probe,2766811886,3,1060.0760490396715,False
geometry_early_optical_clear_probe,2766811886,6,1373.2760490396715,True
geometry_early_optical_clear_probe,2766811886,13,2102.571894731398,True
geometry_early_optical_clear_probe,2766811886,14,4228.293473112003,False
geometry_early_optical_clear_probe,2766811886,2,4448.28128010322,True
geometry_early_optical_clear_probe,2766811886,8,4472.28128010322,True
geometry_early_optical_clear_probe,2766811886,1,4759.743398023461,True
geometry_early_optical_clear_probe,2766811886,17,5151.177391082961,True
geometry_early_optical_clear_probe,3300677088,3,17.0,False
geometry_early_optical_clear_probe,3300677088,9,53.0,True
geometry_early_optical_clear_probe,3300677088,13,77.0,False
geometry_early_optical_clear_probe,3300677088,16,95.0,False
geometry_early_optical_clear_probe,3300677088,19,113.0,True
geometry_early_optical_clear_probe,3300677088,12,318.2,True
geometry_early_optical_clear_probe,3300677088,15,619.4,False
geometry_early_optical_clear_probe,3300677088,20,2956.85489912801,True
geometry_early_optical_clear_probe,3300677088,1,5165.075013741449,False
geometry_early_optical_clear_probe,3300677088,14,5376.275013741449,False
geometry_early_optical_clear_probe,1580895285,9,53.0,False
geometry_early_optical_clear_probe,1580895285,20,119.0,False
geometry_early_optical_clear_probe,1580895285,16,294.2,False
geometry_early_optical_clear_probe,1580895285,15,300.2,False
geometry_early_optical_clear_probe,1580895285,8,342.2,False
geometry_early_optical_clear_probe,1580895285,6,354.2,False
geometry_early_optical_clear_probe,1580895285,1,384.2,False
geometry_early_optical_clear_probe,1580895285,14,556.2249477370308,True
geometry_early_optical_clear_probe,1580895285,10,1609.8473528124655,True
geometry_early_optical_clear_probe,1580895285,19,2249.4473528124654,True
geometry_early_optical_clear_probe,1580895285,17,2520.647352812465,False
geometry_early_optical_clear_probe,1580895285,12,4732.191901136709,True
geometry_early_optical_clear_probe,1580895285,18,6599.76950499805,True
geometry_early_optical_clear_probe,3371525514,2,11.0,True
geometry_early_optical_clear_probe,3371525514,6,35.0,True
geometry_early_optical_clear_probe,3371525514,7,41.0,False
geometry_early_optical_clear_probe,3371525514,12,71.0,False
geometry_early_optical_clear_probe,3371525514,17,101.0,False
geometry_early_optical_clear_probe,3371525514,20,270.2,True
geometry_early_optical_clear_probe,3371525514,15,806.8119774901331,False
geometry_early_optical_clear_probe,3371525514,13,818.8119774901331,True
geometry_early_optical_clear_probe,3371525514,11,1078.0119774901332,True
geometry_early_optical_clear_probe,3371525514,16,4247.237826542247,True
geometry_early_optical_clear_probe,247146647,16,95.0,False
geometry_early_optical_clear_probe,247146647,18,107.0,True
geometry_early_optical_clear_probe,247146647,17,288.2,True
geometry_early_optical_clear_probe,247146647,15,300.2,True
geometry_early_optical_clear_probe,247146647,11,324.2,True
geometry_early_optical_clear_probe,247146647,3,547.4,False
geometry_early_optical_clear_probe,247146647,6,565.4,False
geometry_early_optical_clear_probe,247146647,10,589.4,False
geometry_early_optical_clear_probe,247146647,2,936.0029131064451,False
geometry_early_optical_clear_probe,247146647,1,942.0029131064451,False
geometry_early_optical_clear_probe,247146647,5,1595.3229442575941,True
geometry_early_optical_clear_probe,247146647,9,5013.683252285274,True
geometry_early_optical_clear_probe,585451455,4,23.0,False
geometry_early_optical_clear_probe,585451455,5,29.0,False
geometry_early_optical_clear_probe,585451455,13,77.0,False
geometry_early_optical_clear_probe,585451455,16,95.0,True
geometry_early_optical_clear_probe,585451455,19,113.0,True
geometry_early_optical_clear_probe,585451455,10,330.2,False
geometry_early_optical_clear_probe,585451455,3,553.2424131910757,False
geometry_early_optical_clear_probe,585451455,20,741.2659453725041,False
geometry_early_optical_clear_probe,585451455,12,771.2659453725041,True
geometry_early_optical_clear_probe,585451455,7,801.2659453725041,False
geometry_early_optical_clear_probe,585451455,8,1969.35533091622,False
geometry_early_optical_clear_probe,585451455,9,1975.35533091622,True
geometry_early_optical_clear_probe,585451455,14,3245.153289205632,True
geometry_early_optical_clear_probe,585451455,18,4128.505766115772,True
geometry_early_optical_clear_probe,585451455,1,4923.555507712385,True
geometry_early_optical_clear_probe,3243246007,10,59.0,False
geometry_early_optical_clear_probe,3243246007,19,113.0,False
geometry_early_optical_clear_probe,3243246007,2,378.2,False
geometry_early_optical_clear_probe,3243246007,9,572.6254906650518,False
geometry_early_optical_clear_probe,3243246007,17,614.6254906650518,True
geometry_early_optical_clear_probe,3243246007,16,856.3178704588379,False
geometry_early_optical_clear_probe,3243246007,3,1440.717870458838,True
geometry_early_optical_clear_probe,3243246007,11,4235.310246100354,True
geometry_early_optical_clear_probe,3243246007,18,4500.5102461003535,True
geometry_early_optical_clear_probe,3243246007,13,5405.239375492676,False
geometry_early_optical_clear_probe,3243246007,14,7411.768426419595,True
geometry_early_optical_clear_probe,632037855,3,17.0,False
geometry_early_optical_clear_probe,632037855,5,29.0,False
geometry_early_optical_clear_probe,632037855,7,41.0,False
geometry_early_optical_clear_probe,632037855,10,59.0,False
geometry_early_optical_clear_probe,632037855,11,65.0,True
geometry_early_optical_clear_probe,632037855,15,89.0,False
geometry_early_optical_clear_probe,632037855,9,336.2,False
geometry_early_optical_clear_probe,632037855,2,378.2,True
geometry_early_optical_clear_probe,632037855,17,631.4,False
geometry_early_optical_clear_probe,632037855,8,866.5999999999999,False
geometry_early_optical_clear_probe,632037855,4,1838.751291571071,True
geometry_early_optical_clear_probe,632037855,12,2043.9512915710711,True
geometry_early_optical_clear_probe,632037855,14,2055.951291571071,False
geometry_early_optical_clear_probe,632037855,19,3036.776582363659,True
geometry_early_optical_clear_probe,632037855,6,3662.0875615789887,True
geometry_early_optical_clear_probe,3086280959,1,5.0,False
geometry_early_optical_clear_probe,3086280959,4,23.0,False
geometry_early_optical_clear_probe,3086280959,7,41.0,True
geometry_early_optical_clear_probe,3086280959,8,47.0,False
geometry_early_optical_clear_probe,3086280959,14,83.0,True
geometry_early_optical_clear_probe,3086280959,17,101.0,False
geometry_early_optical_clear_probe,3086280959,20,270.2,False
geometry_early_optical_clear_probe,3086280959,9,336.2,True
geometry_early_optical_clear_probe,3086280959,10,607.4543873571965,True
geometry_early_optical_clear_probe,3086280959,19,661.4543873571965,False
geometry_early_optical_clear_probe,3086280959,18,990.5714379374199,True
geometry_early_optical_clear_probe,3086280959,11,1026.57143793742,True
geometry_early_optical_clear_probe,3086280959,2,1068.57143793742,True
geometry_early_optical_clear_probe,3086280959,16,1285.77143793742,False
geometry_early_optical_clear_probe,3086280959,15,1865.2323861745122,True
geometry_early_optical_clear_probe,3086280959,5,4433.229495759224,True
geometry_early_optical_clear_probe,2768543146,4,23.0,False
geometry_early_optical_clear_probe,2768543146,5,29.0,False
geometry_early_optical_clear_probe,2768543146,9,53.0,False
geometry_early_optical_clear_probe,2768543146,13,77.0,False
geometry_early_optical_clear_probe,2768543146,20,119.0,True
geometry_early_optical_clear_probe,2768543146,15,300.2,True
geometry_early_optical_clear_probe,2768543146,10,330.2,True
geometry_early_optical_clear_probe,2768543146,16,784.4576426366519,True
geometry_early_optical_clear_probe,2768543146,14,796.4576426366519,False
geometry_early_optical_clear_probe,2768543146,12,808.4576426366519,True
geometry_early_optical_clear_probe,2768543146,3,850.4576426366519,False
geometry_early_optical_clear_probe,2768543146,7,1586.9507222967204,False
geometry_early_optical_clear_probe,2768543146,18,1640.9507222967204,True
geometry_early_optical_clear_probe,2768543146,1,4569.292580336105,True
geometry_early_optical_clear_probe,2768543146,19,6175.4767819873305,False
geometry_early_optical_clear_probe,2768543146,17,6733.596953598747,True
geometry_early_optical_clear_probe,1722323291,4,23.0,True
geometry_early_optical_clear_probe,1722323291,10,59.0,False
geometry_early_optical_clear_probe,1722323291,17,101.0,False
geometry_early_optical_clear_probe,1722323291,20,270.2,False
geometry_early_optical_clear_probe,1722323291,2,378.2,False
geometry_early_optical_clear_probe,1722323291,13,607.4,False
geometry_early_optical_clear_probe,1722323291,14,613.4,False
geometry_early_optical_clear_probe,1722323291,16,625.4,False
geometry_early_optical_clear_probe,1722323291,18,631.4,True
geometry_early_optical_clear_probe,1722323291,12,956.5586476068576,False
geometry_early_optical_clear_probe,1722323291,11,1221.45956099391,True
geometry_early_optical_clear_probe,1722323291,3,2583.10098216931,True
geometry_early_optical_clear_probe,1722323291,5,5383.257256173383,False
geometry_early_optical_clear_probe,1722323291,9,5999.534198590839,True
geometry_early_optical_clear_probe,1722323291,1,7722.362477908104,True
geometry_early_optical_clear_probe,3590906287,1,5.0,True
geometry_early_optical_clear_probe,3590906287,2,11.0,False
geometry_early_optical_clear_probe,3590906287,4,23.0,False
geometry_early_optical_clear_probe,3590906287,9,53.0,False
geometry_early_optical_clear_probe,3590906287,17,288.2,False
geometry_early_optical_clear_probe,3590906287,7,1045.9447422674725,True
geometry_early_optical_clear_probe,3590906287,12,1328.3770606856547,False
geometry_early_optical_clear_probe,3590906287,14,1599.5770606856547,False
geometry_early_optical_clear_probe,3590906287,15,1605.5770606856547,True
geometry_early_optical_clear_probe,3590906287,5,1830.136168224219,True
geometry_early_optical_clear_probe,3590906287,3,2416.8405933459844,True
geometry_early_optical_clear_probe,3590906287,19,2809.240593345984,True
geometry_early_optical_clear_probe,3590906287,8,4635.616329419247,True
geometry_early_optical_clear_probe,3590906287,6,5019.745485725167,False
geometry_early_optical_clear_probe,3590906287,11,5212.945485725167,True
geometry_early_optical_clear_probe,3590906287,18,5496.013923134854,True
geometry_early_optical_clear_probe,239894837,1,5.0,False
geometry_early_optical_clear_probe,239894837,5,29.0,False
geometry_early_optical_clear_probe,239894837,10,59.0,True
geometry_early_optical_clear_probe,239894837,13,77.0,False
geometry_early_optical_clear_probe,239894837,17,101.0,False
geometry_early_optical_clear_probe,239894837,2,541.4,True
geometry_early_optical_clear_probe,239894837,6,565.4,True
geometry_early_optical_clear_probe,239894837,12,1203.214230353105,True
geometry_early_optical_clear_probe,239894837,11,3162.407609379712,True
geometry_early_optical_clear_probe,239894837,19,3578.8076093797117,True
geometry_early_optical_clear_probe,239894837,9,4222.899387313698,True
geometry_early_optical_clear_probe,239894837,20,4264.899387313698,False
geometry_early_optical_clear_probe,688958741,4,23.0,False
geometry_early_optical_clear_probe,688958741,7,41.0,False
geometry_early_optical_clear_probe,688958741,9,53.0,True
geometry_early_optical_clear_probe,688958741,14,83.0,False
geometry_early_optical_clear_probe,688958741,15,89.0,False
geometry_early_optical_clear_probe,688958741,18,107.0,False
geometry_early_optical_clear_probe,688958741,19,113.0,True
geometry_early_optical_clear_probe,688958741,20,119.0,False
geometry_early_optical_clear_probe,688958741,10,330.2,True
geometry_early_optical_clear_probe,688958741,8,342.2,True
geometry_early_optical_clear_probe,688958741,3,372.2,False
geometry_early_optical_clear_probe,688958741,13,526.7770477639644,False
geometry_early_optical_clear_probe,688958741,16,3127.747015843634,True
geometry_early_optical_clear_probe,688958741,6,5812.266634899163,True
geometry_early_optical_clear_probe,1541305269,5,29.0,False
geometry_early_optical_clear_probe,1541305269,8,47.0,True
geometry_early_optical_clear_probe,1541305269,10,59.0,True
geometry_early_optical_clear_probe,1541305269,13,77.0,False
geometry_early_optical_clear_probe,1541305269,7,565.4,True
geometry_early_optical_clear_probe,1541305269,18,619.4,True
geometry_early_optical_clear_probe,1541305269,1,1579.5734832633732,False
geometry_early_optical_clear_probe,1541305269,17,1826.7734832633732,True
geometry_early_optical_clear_probe,1541305269,2,4097.16265670807,True
geometry_early_optical_clear_probe,1541305269,3,4701.743246389117,True
geometry_early_optical_clear_probe,1541305269,4,4707.743246389117,True
geometry_early_optical_clear_probe,1541305269,15,4743.743246389117,True
geometry_early_optical_clear_probe,1541305269,20,5755.415745934719,False
geometry_early_optical_clear_probe,1541305269,19,5912.615745934719,False
geometry_early_optical_clear_probe,1541305269,12,6123.8157459347185,False
geometry_early_optical_clear_probe,1541305269,6,6397.093589906837,False
geometry_early_optical_clear_probe,1823872185,4,23.0,False
geometry_early_optical_clear_probe,1823872185,10,59.0,True
geometry_early_optical_clear_probe,1823872185,12,71.0,True
geometry_early_optical_clear_probe,1823872185,13,77.0,False
geometry_early_optical_clear_probe,1823872185,20,119.0,False
geometry_early_optical_clear_probe,1823872185,16,294.2,False
geometry_early_optical_clear_probe,1823872185,8,342.2,False
geometry_early_optical_clear_probe,1823872185,7,576.8034971306497,True
geometry_early_optical_clear_probe,1823872185,18,636.8034971306497,True
geometry_early_optical_clear_probe,1823872185,5,1763.2491644988015,True
geometry_early_optical_clear_probe,1823872185,17,2268.608451800253,True
geometry_early_optical_clear_probe,1823872185,1,3303.2502023571365,True
geometry_early_optical_clear_probe,1823872185,2,3309.2502023571365,False
geometry_early_optical_clear_probe,1823872185,11,4838.825142297203,True
geometry_early_optical_clear_probe,1823872185,19,5037.759456376243,True
geometry_early_optical_clear_probe,1823872185,9,5218.959456376243,False
geometry_early_optical_clear_probe,1424495496,4,23.0,True
geometry_early_optical_clear_probe,1424495496,6,35.0,True
geometry_early_optical_clear_probe,1424495496,7,41.0,False
geometry_early_optical_clear_probe,1424495496,12,71.0,False
geometry_early_optical_clear_probe,1424495496,14,83.0,True
geometry_early_optical_clear_probe,1424495496,15,89.0,False
geometry_early_optical_clear_probe,1424495496,19,113.0,False
geometry_early_optical_clear_probe,1424495496,20,119.0,False
geometry_early_optical_clear_probe,1424495496,9,336.2,False
geometry_early_optical_clear_probe,1424495496,2,378.2,False
geometry_early_optical_clear_probe,1424495496,17,625.4,True
geometry_early_optical_clear_probe,1424495496,3,985.6062224797521,False
geometry_early_optical_clear_probe,1424495496,1,1292.806222479752,False
geometry_early_optical_clear_probe,1424495496,10,1468.006222479752,True
geometry_early_optical_clear_probe,1424495496,16,2029.2002157502718,False
geometry_early_optical_clear_probe,1424495496,8,4419.6300470336155,True
geometry_early_optical_clear_probe,3811598993,2,11.0,True
geometry_early_optical_clear_probe,3811598993,5,29.0,True
geometry_early_optical_clear_probe,3811598993,18,282.2,False
geometry_early_optical_clear_probe,3811598993,11,324.2,True
geometry_early_optical_clear_probe,3811598993,15,1339.5161041574393,True
geometry_early_optical_clear_probe,3811598993,6,1574.7161041574393,True
geometry_early_optical_clear_probe,3811598993,9,1592.7161041574393,True
geometry_early_optical_clear_probe,3811598993,17,1809.9161041574393,True
geometry_early_optical_clear_probe,3811598993,8,2004.8493008305632,True
geometry_early_optical_clear_probe,3811598993,1,4683.132091505765,True
geometry_early_optical_clear_probe,1561686528,4,23.0,False
geometry_early_optical_clear_probe,1561686528,5,29.0,True
geometry_early_optical_clear_probe,1561686528,11,65.0,False
geometry_early_optical_clear_probe,1561686528,13,77.0,False
geometry_early_optical_clear_probe,1561686528,19,113.0,False
geometry_early_optical_clear_probe,1561686528,16,294.2,False
geometry_early_optical_clear_probe,1561686528,6,354.2,False
geometry_early_optical_clear_probe,1561686528,3,372.2,False
geometry_early_optical_clear_probe,1561686528,1,384.2,True
geometry_early_optical_clear_probe,1561686528,8,597.5885165428908,False
geometry_early_optical_clear_probe,1561686528,15,633.5885165428908,False
geometry_early_optical_clear_probe,1561686528,17,645.5885165428908,False
geometry_early_optical_clear_probe,1561686528,20,771.2008864438732,True
geometry_early_optical_clear_probe,1561686528,12,807.2008864438732,True
geometry_early_optical_clear_probe,1561686528,14,4267.82996250082,True
geometry_early_optical_clear_probe,3069758755,2,11.0,False
geometry_early_optical_clear_probe,3069758755,7,41.0,False
geometry_early_optical_clear_probe,3069758755,8,47.0,False
geometry_early_optical_clear_probe,3069758755,15,89.0,True
geometry_early_optical_clear_probe,3069758755,11,324.2,True
geometry_early_optical_clear_probe,3069758755,6,354.2,False
geometry_early_optical_clear_probe,3069758755,4,366.2,False
geometry_early_optical_clear_probe,3069758755,18,637.4,True
geometry_early_optical_clear_probe,3069758755,19,643.4,False
geometry_early_optical_clear_probe,3069758755,20,649.4,False
geometry_early_optical_clear_probe,3069758755,9,6665.234738491722,True
geometry_early_optical_clear_probe,1412053984,12,71.0,False
geometry_early_optical_clear_probe,1412053984,15,89.0,False
geometry_early_optical_clear_probe,1412053984,17,101.0,False
geometry_early_optical_clear_probe,1412053984,20,119.0,True
geometry_early_optical_clear_probe,1412053984,19,276.2,False
geometry_early_optical_clear_probe,1412053984,14,306.2,False
geometry_early_optical_clear_probe,1412053984,10,330.2,True
geometry_early_optical_clear_probe,1412053984,9,336.2,True
geometry_early_optical_clear_probe,1412053984,8,342.2,True
geometry_early_optical_clear_probe,1412053984,6,354.2,False
geometry_early_optical_clear_probe,1412053984,3,547.4,False
geometry_early_optical_clear_probe,1412053984,16,869.4541992699712,True
geometry_early_optical_clear_probe,1412053984,2,1182.0465543427786,False
geometry_early_optical_clear_probe,1412053984,13,1948.326112101184,True
geometry_early_optical_clear_probe,865085182,3,17.0,False
geometry_early_optical_clear_probe,865085182,4,23.0,False
geometry_early_optical_clear_probe,865085182,8,47.0,True
geometry_early_optical_clear_probe,865085182,10,59.0,False
geometry_early_optical_clear_probe,865085182,18,107.0,False
geometry_early_optical_clear_probe,865085182,19,113.0,True
geometry_early_optical_clear_probe,865085182,20,270.2,True
geometry_early_optical_clear_probe,865085182,16,625.4,False
geometry_early_optical_clear_probe,865085182,12,836.5999999999999,True
geometry_early_optical_clear_probe,865085182,1,2681.7663769805,True
geometry_early_optical_clear_probe,865085182,2,3707.6579449564047,False
geometry_early_optical_clear_probe,865085182,6,7246.279063238051,True
geometry_early_optical_clear_probe,4194108705,2,11.0,False
geometry_early_optical_clear_probe,4194108705,3,17.0,True
geometry_early_optical_clear_probe,4194108705,7,41.0,True
geometry_early_optical_clear_probe,4194108705,18,282.2,False
geometry_early_optical_clear_probe,4194108705,17,288.2,False
geometry_early_optical_clear_probe,4194108705,6,354.2,False
geometry_early_optical_clear_probe,4194108705,1,384.2,False
geometry_early_optical_clear_probe,4194108705,16,1332.367140617929,True
geometry_early_optical_clear_probe,4194108705,20,1344.367140617929,True
geometry_early_optical_clear_probe,4194108705,12,1778.767140617929,True
geometry_early_optical_clear_probe,4194108705,13,2255.167140617929,True
geometry_early_optical_clear_probe,4194108705,14,2693.8303652612794,True
geometry_early_optical_clear_probe,4194108705,9,3571.196125908017,True
geometry_early_optical_clear_probe,4194108705,5,5160.639416736177,True
geometry_early_optical_clear_probe,4194108705,19,7728.8420246361,True
geometry_early_optical_clear_probe,3634557066,2,11.0,True
geometry_early_optical_clear_probe,3634557066,10,59.0,True
geometry_early_optical_clear_probe,3634557066,12,71.0,False
geometry_early_optical_clear_probe,3634557066,13,77.0,False
geometry_early_optical_clear_probe,3634557066,16,95.0,False
geometry_early_optical_clear_probe,3634557066,17,101.0,False
geometry_early_optical_clear_probe,3634557066,4,366.2,False
geometry_early_optical_clear_probe,3634557066,6,565.4,False
geometry_early_optical_clear_probe,3634557066,19,631.4,True
geometry_early_optical_clear_probe,3634557066,1,885.2454750397579,True
geometry_early_optical_clear_probe,3634557066,15,1102.4454750397579,True
geometry_early_optical_clear_probe,3634557066,11,2030.6758396983932,False
geometry_early_optical_clear_probe,3634557066,20,2060.6758396983932,False
geometry_early_optical_clear_probe,3634557066,9,2841.4117055077154,False
geometry_early_optical_clear_probe,1915111882,7,41.0,False
geometry_early_optical_clear_probe,1915111882,15,89.0,True
geometry_early_optical_clear_probe,1915111882,14,306.2,True
geometry_early_optical_clear_probe,1915111882,12,318.2,True
geometry_early_optical_clear_probe,1915111882,2,378.2,False
geometry_early_optical_clear_probe,1915111882,17,631.4,True
geometry_early_optical_clear_probe,1915111882,1,1027.7591431536841,True
geometry_early_optical_clear_probe,1915111882,20,2289.172561601393,True
geometry_early_optical_clear_probe,1915111882,13,4069.36974634428,True
geometry_early_optical_clear_probe,1915111882,8,6905.781598135877,True
geometry_early_optical_clear_probe,1008903981,7,41.0,True
geometry_early_optical_clear_probe,1008903981,10,59.0,False
geometry_early_optical_clear_probe,1008903981,11,65.0,True
geometry_early_optical_clear_probe,1008903981,13,77.0,False
geometry_early_optical_clear_probe,1008903981,14,83.0,False
geometry_early_optical_clear_probe,1008903981,16,95.0,True
geometry_early_optical_clear_probe,1008903981,17,101.0,False
geometry_early_optical_clear_probe,1008903981,20,119.0,False
geometry_early_optical_clear_probe,1008903981,8,1330.4941007193402,False
geometry_early_optical_clear_probe,1008903981,2,1366.4941007193402,False
geometry_early_optical_clear_probe,1008903981,4,1938.460121374964,False
geometry_early_optical_clear_probe,1008903981,5,2662.137741997007,True
geometry_early_optical_clear_probe,1008903981,9,2674.137741997007,True
geometry_early_optical_clear_probe,1008903981,12,3506.484480412392,True
geometry_early_optical_clear_probe,1008903981,18,5868.757592561105,True
geometry_early_optical_clear_probe,3110284671,2,11.0,False
geometry_early_optical_clear_probe,3110284671,4,23.0,False
geometry_early_optical_clear_probe,3110284671,6,35.0,True
geometry_early_optical_clear_probe,3110284671,3,372.2,True
geometry_early_optical_clear_probe,3110284671,14,613.4,True
geometry_early_optical_clear_probe,3110284671,19,826.4227553830826,False
geometry_early_optical_clear_probe,3110284671,13,1097.1406689420555,True
geometry_early_optical_clear_probe,3110284671,8,2605.296823159636,True
geometry_early_optical_clear_probe,3110284671,20,5940.202127343725,True
geometry_early_optical_clear_probe,3110284671,16,6835.5928001186785,False
geometry_early_optical_clear_probe,1129193651,9,53.0,True
geometry_early_optical_clear_probe,1129193651,12,71.0,True
geometry_early_optical_clear_probe,1129193651,13,77.0,False
geometry_early_optical_clear_probe,1129193651,19,113.0,True
geometry_early_optical_clear_probe,1129193651,6,1064.2614914029677,False
geometry_early_optical_clear_probe,1129193651,8,1076.2614914029677,True
geometry_early_optical_clear_probe,1129193651,15,1112.2614914029677,False
geometry_early_optical_clear_probe,1129193651,18,1786.126828890332,True
geometry_early_optical_clear_probe,1129193651,2,4023.8354857719937,True
geometry_early_optical_clear_probe,1129193651,14,5555.824085381415,False
geometry_early_optical_clear_probe,3573497000,3,17.0,False
geometry_early_optical_clear_probe,3573497000,11,65.0,True
geometry_early_optical_clear_probe,3573497000,18,107.0,False
geometry_early_optical_clear_probe,3573497000,8,342.2,False
geometry_early_optical_clear_probe,3573497000,1,384.2,False
geometry_early_optical_clear_probe,3573497000,14,677.8920630053302,True
geometry_early_optical_clear_probe,3573497000,7,1447.5893611331041,True
geometry_early_optical_clear_probe,3573497000,2,1586.045854822609,True
geometry_early_optical_clear_probe,3573497000,19,1676.045854822609,True
geometry_early_optical_clear_probe,3573497000,9,2122.445854822609,False
geometry_early_optical_clear_probe,3573497000,10,2128.445854822609,False
geometry_early_optical_clear_probe,3573497000,4,6948.849665863701,True
geometry_early_optical_clear_probe,3573497000,12,7130.049665863701,True
geometry_early_optical_clear_probe,411275262,5,29.0,False
geometry_early_optical_clear_probe,411275262,10,59.0,True
geometry_early_optical_clear_probe,411275262,12,71.0,False
geometry_early_optical_clear_probe,411275262,14,83.0,False
geometry_early_optical_clear_probe,411275262,16,95.0,False
geometry_early_optical_clear_probe,411275262,15,300.2,False
geometry_early_optical_clear_probe,411275262,9,336.2,False
geometry_early_optical_clear_probe,411275262,7,348.2,True
geometry_early_optical_clear_probe,411275262,17,538.6761159972157,True
geometry_early_optical_clear_probe,411275262,8,736.4441705770809,True
geometry_early_optical_clear_probe,411275262,20,1223.7210761766312,False
geometry_early_optical_clear_probe,411275262,1,1301.7210761766312,False
geometry_early_optical_clear_probe,411275262,2,1912.3210761766313,True
geometry_early_optical_clear_probe,411275262,19,4612.756874898664,True
geometry_early_optical_clear_probe,411275262,3,6176.663341044297,True
geometry_early_optical_clear_probe,411275262,13,6541.28423019529,True
geometry_early_optical_clear_probe,3425912118,6,35.0,True
geometry_early_optical_clear_probe,3425912118,10,59.0,False
geometry_early_optical_clear_probe,3425912118,13,77.0,False
geometry_early_optical_clear_probe,3425912118,16,95.0,False
geometry_early_optical_clear_probe,3425912118,17,101.0,True
geometry_early_optical_clear_probe,3425912118,18,107.0,True
geometry_early_optical_clear_probe,3425912118,7,571.4,True
geometry_early_optical_clear_probe,3425912118,11,589.4,True
geometry_early_optical_clear_probe,3425912118,20,1100.0432113267739,True
geometry_early_optical_clear_probe,3425912118,4,1317.243211326774,True
geometry_early_optical_clear_probe,3425912118,3,1733.0514052918631,True
geometry_early_optical_clear_probe,3425912118,5,1829.6828488976535,False
geometry_early_optical_clear_probe,3425912118,9,2750.149148723257,True
geometry_early_optical_clear_probe,3425912118,2,6246.143060221852,True
geometry_early_optical_clear_probe,2326658779,1,5.0,True
geometry_early_optical_clear_probe,2326658779,4,23.0,False
geometry_early_optical_clear_probe,2326658779,9,53.0,False
geometry_early_optical_clear_probe,2326658779,17,101.0,False
geometry_early_optical_clear_probe,2326658779,19,113.0,False
geometry_early_optical_clear_probe,2326658779,16,294.2,False
geometry_early_optical_clear_probe,2326658779,5,360.2,False
geometry_early_optical_clear_probe,2326658779,11,673.1484981858664,False
geometry_early_optical_clear_probe,2326658779,13,908.3484981858664,True
geometry_early_optical_clear_probe,2326658779,14,1191.5484981858665,True
geometry_early_optical_clear_probe,2326658779,2,2717.100852683236,False
geometry_early_optical_clear_probe,2326658779,8,2753.100852683236,True
geometry_early_optical_clear_probe,2326658779,6,3580.188997474512,False
geometry_early_optical_clear_probe,2326658779,12,3752.806920889404,True
geometry_early_optical_clear_probe,2326658779,20,6267.811606493906,True
geometry_early_optical_clear_probe,1175862199,1,5.0,True
geometry_early_optical_clear_probe,1175862199,2,11.0,False
geometry_early_optical_clear_probe,1175862199,11,65.0,False
geometry_early_optical_clear_probe,1175862199,15,89.0,False
geometry_early_optical_clear_probe,1175862199,20,270.2,False
geometry_early_optical_clear_probe,1175862199,19,276.2,False
geometry_early_optical_clear_probe,1175862199,8,342.2,False
geometry_early_optical_clear_probe,1175862199,5,584.3918616062665,True
geometry_early_optical_clear_probe,1175862199,12,1887.1359386289687,False
geometry_early_optical_clear_probe,1175862199,7,3462.5496295139596,False
geometry_early_optical_clear_probe,1175862199,9,3703.7496295139595,True
geometry_early_optical_clear_probe,1175862199,6,3715.7496295139595,False
geometry_early_optical_clear_probe,1175862199,3,3727.7496295139595,False
geometry_early_optical_clear_probe,1175862199,17,3932.9496295139593,True
geometry_early_optical_clear_probe,1175862199,10,4307.3496295139585,False
geometry_early_optical_clear_probe,1175862199,13,7025.321030096194,True
geometry_early_optical_clear_probe,1939221555,5,29.0,True
geometry_early_optical_clear_probe,1939221555,7,41.0,False
geometry_early_optical_clear_probe,1939221555,9,53.0,True
geometry_early_optical_clear_probe,1939221555,10,59.0,True
geometry_early_optical_clear_probe,1939221555,13,77.0,False
geometry_early_optical_clear_probe,1939221555,15,89.0,False
geometry_early_optical_clear_probe,1939221555,16,95.0,False
geometry_early_optical_clear_probe,1939221555,19,113.0,True
geometry_early_optical_clear_probe,1939221555,2,483.2861823838189,False
geometry_early_optical_clear_probe,1939221555,18,683.2509066107276,True
geometry_early_optical_clear_probe,1939221555,11,902.4790589290969,False
geometry_early_optical_clear_probe,1939221555,4,1454.5756337921935,True
geometry_early_optical_clear_probe,1939221555,6,2470.0990943700513,False
geometry_early_optical_clear_probe,1939221555,20,5210.74124868288,True
geometry_early_optical_clear_probe,226707071,3,17.0,True
geometry_early_optical_clear_probe,226707071,4,23.0,True
geometry_early_optical_clear_probe,226707071,8,47.0,True
geometry_early_optical_clear_probe,226707071,17,101.0,False
geometry_early_optical_clear_probe,226707071,20,270.2,False
geometry_early_optical_clear_probe,226707071,9,336.2,False
geometry_early_optical_clear_probe,226707071,12,607.6311195193082,True
geometry_early_optical_clear_probe,226707071,1,1163.6517414582765,True
geometry_early_optical_clear_probe,226707071,16,1235.6517414582765,False
geometry_early_optical_clear_probe,226707071,10,1686.5345896472058,True
geometry_early_optical_clear_probe,226707071,11,3874.640556064124,True
geometry_early_optical_clear_probe,226707071,6,4407.493403440439,False
geometry_early_optical_clear_probe,226707071,7,4648.057835774981,True
geometry_early_optical_clear_probe,226707071,14,4660.057835774981,True
geometry_early_optical_clear_probe,226707071,19,4678.057835774981,True
geometry_early_optical_clear_probe,1785116938,5,29.0,False
geometry_early_optical_clear_probe,1785116938,6,35.0,False
geometry_early_optical_clear_probe,1785116938,11,65.0,False
geometry_early_optical_clear_probe,1785116938,2,378.2,True
geometry_early_optical_clear_probe,1785116938,4,557.6110097448666,False
geometry_early_optical_clear_probe,1785116938,7,575.6110097448666,True
geometry_early_optical_clear_probe,1785116938,17,629.6110097448666,False
geometry_early_optical_clear_probe,1785116938,20,761.8808616144082,False
geometry_early_optical_clear_probe,1785116938,18,1105.0808616144081,True
geometry_early_optical_clear_probe,1785116938,12,1316.2808616144082,True
geometry_early_optical_clear_probe,1785116938,15,2513.953350707011,True
geometry_early_optical_clear_probe,1785116938,1,4814.156046239621,True
geometry_early_optical_clear_probe,1785116938,8,5236.556046239621,False
geometry_early_optical_clear_probe,1785116938,9,5465.75604623962,True
geometry_early_optical_clear_probe,1785116938,14,6850.1405289680415,True
geometry_early_optical_clear_probe,2429482600,7,41.0,False
geometry_early_optical_clear_probe,2429482600,10,59.0,True
geometry_early_optical_clear_probe,2429482600,11,65.0,False
geometry_early_optical_clear_probe,2429482600,13,77.0,False
geometry_early_optical_clear_probe,2429482600,20,119.0,True
geometry_early_optical_clear_probe,2429482600,5,559.4,True
geometry_early_optical_clear_probe,2429482600,16,3450.5549673053447,False
geometry_early_optical_clear_probe,2429482600,15,4149.767871839287,True
geometry_early_optical_clear_probe,2429482600,17,4155.767871839287,False
geometry_early_optical_clear_probe,2429482600,2,4836.448429859747,True
geometry_early_optical_clear_probe,2429482600,8,5843.066543044972,True
geometry_early_optical_clear_probe,2429482600,1,5867.066543044972,False
geometry_early_optical_clear_probe,1186352134,5,29.0,True
geometry_early_optical_clear_probe,1186352134,10,59.0,False
geometry_early_optical_clear_probe,1186352134,15,89.0,True
geometry_early_optical_clear_probe,1186352134,18,107.0,False
geometry_early_optical_clear_probe,1186352134,19,113.0,True
geometry_early_optical_clear_probe,1186352134,13,312.2,False
geometry_early_optical_clear_probe,1186352134,7,348.2,True
geometry_early_optical_clear_probe,1186352134,2,378.2,False
geometry_early_optical_clear_probe,1186352134,4,562.0726856712685,False
geometry_early_optical_clear_probe,1186352134,20,640.0726856712685,False
geometry_early_optical_clear_probe,1186352134,16,812.3285548026422,True
geometry_early_optical_clear_probe,1186352134,14,1155.0766371238906,False
geometry_early_optical_clear_probe,1186352134,3,2650.3731399801404,True
geometry_early_optical_clear_probe,1186352134,8,4890.886159091703,True
geometry_early_optical_clear_probe,1186352134,6,5108.086159091703,True
geometry_early_optical_clear_probe,1186352134,11,7303.000948097318,True
geometry_early_optical_clear_probe,2439013393,4,23.0,True
geometry_early_optical_clear_probe,2439013393,6,35.0,True
geometry_early_optical_clear_probe,2439013393,13,77.0,True
geometry_early_optical_clear_probe,2439013393,19,113.0,False
geometry_early_optical_clear_probe,2439013393,11,324.2,False
geometry_early_optical_clear_probe,2439013393,8,342.2,True
geometry_early_optical_clear_probe,2439013393,2,541.4,False
geometry_early_optical_clear_probe,2439013393,5,559.4,False
geometry_early_optical_clear_probe,2439013393,14,908.2144504165069,True
geometry_early_optical_clear_probe,2439013393,7,1165.6430147886513,False
geometry_early_optical_clear_probe,2439013393,9,1171.6430147886513,True
geometry_early_optical_clear_probe,2439013393,20,3160.3811713066325,True
geometry_early_optical_clear_probe,2439013393,16,3562.2490159220147,True
geometry_early_optical_clear_probe,2439013393,3,5739.296111129631,False
geometry_early_optical_clear_probe,2439013393,1,6016.496111129631,True
geometry_early_optical_clear_probe,2439013393,10,7586.650565676548,True
geometry_early_optical_clear_probe,2563946828,2,11.0,False
geometry_early_optical_clear_probe,2563946828,7,41.0,False
geometry_early_optical_clear_probe,2563946828,17,101.0,True
geometry_early_optical_clear_probe,2563946828,19,113.0,True
geometry_early_optical_clear_probe,2563946828,15,300.2,True
geometry_early_optical_clear_probe,2563946828,3,547.4,True
geometry_early_optical_clear_probe,2563946828,4,553.4,True
geometry_early_optical_clear_probe,2563946828,20,800.5999999999999,False
geometry_early_optical_clear_probe,2563946828,13,842.5999999999999,True
geometry_early_optical_clear_probe,2563946828,16,2425.920319525801,False
geometry_early_optical_clear_probe,2563946828,8,6308.053790910626,False
geometry_early_optical_clear_probe,2563946828,9,6724.453790910626,True
geometry_early_optical_clear_probe,1638925484,15,89.0,False
geometry_early_optical_clear_probe,1638925484,8,342.2,True
geometry_early_optical_clear_probe,1638925484,9,583.4,False
geometry_early_optical_clear_probe,1638925484,2,902.5999999999999,False
geometry_early_optical_clear_probe,1638925484,13,1609.9936808705565,True
geometry_early_optical_clear_probe,1638925484,14,1827.1936808705566,True
geometry_early_optical_clear_probe,1638925484,6,2062.3936808705566,False
geometry_early_optical_clear_probe,1638925484,11,2080.3936808705566,False
geometry_early_optical_clear_probe,1638925484,16,2271.969405924055,True
geometry_early_optical_clear_probe,1638925484,19,6919.296420023362,True
geometry_early_optical_clear_probe,1008423184,4,23.0,False
geometry_early_optical_clear_probe,1008423184,10,59.0,True
geometry_early_optical_clear_probe,1008423184,17,288.2,False
geometry_early_optical_clear_probe,1008423184,8,342.2,True
geometry_early_optical_clear_probe,1008423184,18,793.5168331325513,True
geometry_early_optical_clear_probe,1008423184,1,2436.5799016588703,False
geometry_early_optical_clear_probe,1008423184,5,3129.22171859648,True
geometry_early_optical_clear_probe,1008423184,14,3171.22171859648,True
geometry_early_optical_clear_probe,1008423184,2,3445.930125453256,True
geometry_early_optical_clear_probe,1008423184,3,5630.888204894313,False
geometry_early_optical_clear_probe,1008423184,20,5963.2283724069985,False
geometry_early_optical_clear_probe,1008423184,9,6011.2283724069985,False
geometry_early_optical_clear_probe,1008423184,6,6023.2283724069985,True
geometry_early_optical_clear_probe,1228729530,2,11.0,False
geometry_early_optical_clear_probe,1228729530,8,47.0,True
geometry_early_optical_clear_probe,1228729530,10,59.0,True
geometry_early_optical_clear_probe,1228729530,12,318.2,False
geometry_early_optical_clear_probe,1228729530,7,348.2,True
geometry_early_optical_clear_probe,1228729530,4,366.2,True
geometry_early_optical_clear_probe,1228729530,15,622.9468487321973,True
geometry_early_optical_clear_probe,1228729530,13,2991.954506210098,True
geometry_early_optical_clear_probe,1228729530,1,3391.074591096604,True
geometry_early_optical_clear_probe,1228729530,17,4098.380991231399,True
geometry_early_optical_clear_probe,1228729530,18,4104.380991231399,True
geometry_early_optical_clear_probe,1228729530,6,5316.5003962841565,True
geometry_early_optical_clear_probe,1228729530,19,5725.1002360187085,False
geometry_early_optical_clear_probe,1145160850,4,23.0,True
geometry_early_optical_clear_probe,1145160850,8,47.0,True
geometry_early_optical_clear_probe,1145160850,9,53.0,False
geometry_early_optical_clear_probe,1145160850,20,119.0,False
geometry_early_optical_clear_probe,1145160850,19,276.2,True
geometry_early_optical_clear_probe,1145160850,15,300.2,False
geometry_early_optical_clear_probe,1145160850,16,2936.9124713360193,False
geometry_early_optical_clear_probe,1145160850,1,4342.077629570867,True
geometry_early_optical_clear_probe,1145160850,12,5204.877629570867,True
geometry_early_optical_clear_probe,1145160850,5,5240.877629570867,False
geometry_early_optical_clear_probe,1145160850,13,6673.699801015806,True
geometry_early_optical_clear_probe,3536357655,1,5.0,False
geometry_early_optical_clear_probe,3536357655,5,29.0,False
geometry_early_optical_clear_probe,3536357655,9,53.0,True
geometry_early_optical_clear_probe,3536357655,13,77.0,False
geometry_early_optical_clear_probe,3536357655,14,83.0,True
geometry_early_optical_clear_probe,3536357655,16,95.0,True
geometry_early_optical_clear_probe,3536357655,17,101.0,False
geometry_early_optical_clear_probe,3536357655,19,113.0,True
geometry_early_optical_clear_probe,3536357655,18,282.2,False
geometry_early_optical_clear_probe,3536357655,8,342.2,True
geometry_early_optical_clear_probe,3536357655,15,1343.1501304523208,True
geometry_early_optical_clear_probe,3536357655,11,2184.3550694393316,False
geometry_early_optical_clear_probe,3536357655,2,7112.094545858007,True
geometry_early_optical_clear_probe,4292647348,7,41.0,True
geometry_early_optical_clear_probe,4292647348,8,47.0,True
geometry_early_optical_clear_probe,4292647348,15,89.0,True
geometry_early_optical_clear_probe,4292647348,17,101.0,False
geometry_early_optical_clear_probe,4292647348,20,119.0,False
geometry_early_optical_clear_probe,4292647348,19,276.2,False
geometry_early_optical_clear_probe,4292647348,11,324.2,False
geometry_early_optical_clear_probe,4292647348,9,336.2,False
geometry_early_optical_clear_probe,4292647348,2,1562.0316852117166,False
geometry_early_optical_clear_probe,4292647348,13,2323.236386028541,False
geometry_early_optical_clear_probe,4292647348,10,4227.399538092269,True
geometry_early_optical_clear_probe,3812419821,7,41.0,True
geometry_early_optical_clear_probe,3812419821,10,59.0,False
geometry_early_optical_clear_probe,3812419821,11,65.0,False
geometry_early_optical_clear_probe,3812419821,16,95.0,False
geometry_early_optical_clear_probe,3812419821,20,119.0,False
geometry_early_optical_clear_probe,3812419821,13,312.2,False
geometry_early_optical_clear_probe,3812419821,3,1054.1453955808308,False
geometry_early_optical_clear_probe,3812419821,9,1090.1453955808308,False
geometry_early_optical_clear_probe,3812419821,17,1120.1453955808308,True
geometry_early_optical_clear_probe,3812419821,15,1301.3453955808309,True
geometry_early_optical_clear_probe,3812419821,5,4729.86043243382,False
geometry_early_optical_clear_probe,3812419821,6,4735.86043243382,True
geometry_early_optical_clear_probe,3812419821,14,6211.079851049291,True
geometry_early_optical_clear_probe,3083842676,4,23.0,False
geometry_early_optical_clear_probe,3083842676,6,35.0,False
geometry_early_optical_clear_probe,3083842676,9,53.0,False
geometry_early_optical_clear_probe,3083842676,17,101.0,False
geometry_early_optical_clear_probe,3083842676,19,113.0,True
geometry_early_optical_clear_probe,3083842676,5,360.2,False
geometry_early_optical_clear_probe,3083842676,7,839.9220623971399,False
geometry_early_optical_clear_probe,3083842676,11,1630.2427633034597,True
geometry_early_optical_clear_probe,3083842676,10,3786.438100747342,True
geometry_early_optical_clear_probe,3083842676,3,4214.838100747342,True
geometry_early_optical_clear_probe,3083842676,15,4444.038100747342,True
geometry_early_optical_clear_probe,3083842676,12,4462.038100747342,True
geometry_early_optical_clear_probe,3083842676,1,4498.038100747342,False
geometry_early_optical_clear_probe,3083842676,18,5289.827175184486,True
geometry_early_optical_clear_probe,3083842676,14,7159.471578101943,True
geometry_early_optical_clear_probe,2292223796,15,89.0,False
geometry_early_optical_clear_probe,2292223796,16,95.0,False
geometry_early_optical_clear_probe,2292223796,19,276.2,False
geometry_early_optical_clear_probe,2292223796,1,384.2,False
geometry_early_optical_clear_probe,2292223796,13,607.4,True
geometry_early_optical_clear_probe,2292223796,9,848.5999999999999,False
geometry_early_optical_clear_probe,2292223796,20,1208.6002881949748,True
geometry_early_optical_clear_probe,2292223796,4,1502.7089864461748,False
geometry_early_optical_clear_probe,2292223796,7,1520.7089864461748,True
geometry_early_optical_clear_probe,2292223796,17,2654.7089864461745,False
geometry_early_optical_clear_probe,2292223796,11,3012.8599179455655,True
geometry_early_optical_clear_probe,2292223796,14,3602.4320131655636,True
geometry_early_optical_clear_probe,2292223796,10,3620.4320131655636,True
geometry_early_optical_clear_probe,2292223796,8,3626.4320131655636,True
geometry_early_optical_clear_probe,1468087642,1,5.0,False
geometry_early_optical_clear_probe,1468087642,4,23.0,False
geometry_early_optical_clear_probe,1468087642,16,95.0,False
geometry_early_optical_clear_probe,1468087642,18,107.0,False
geometry_early_optical_clear_probe,1468087642,12,558.6410635000391,False
geometry_early_optical_clear_probe,1468087642,7,787.928859464044,True
geometry_early_optical_clear_probe,1468087642,6,793.928859464044,False
geometry_early_optical_clear_probe,1468087642,8,993.8104660028512,True
geometry_early_optical_clear_probe,1468087642,15,1035.8104660028512,True
geometry_early_optical_clear_probe,1468087642,10,2458.607898743704,False
geometry_early_optical_clear_probe,1468087642,3,3554.9145693565524,True
geometry_early_optical_clear_probe,1468087642,19,4417.714569356552,True
geometry_early_optical_clear_probe,880592752,2,11.0,False
geometry_early_optical_clear_probe,880592752,4,23.0,True
geometry_early_optical_clear_probe,880592752,6,35.0,False
geometry_early_optical_clear_probe,880592752,8,47.0,False
geometry_early_optical_clear_probe,880592752,16,95.0,False
geometry_early_optical_clear_probe,880592752,20,119.0,True
geometry_early_optical_clear_probe,880592752,18,282.2,True
geometry_early_optical_clear_probe,880592752,14,306.2,True
geometry_early_optical_clear_probe,880592752,7,2261.1194242194533,True
geometry_early_optical_clear_probe,880592752,1,2279.1194242194533,False
geometry_early_optical_clear_probe,880592752,11,5855.290505355197,True
geometry_early_optical_clear_probe,638673725,5,29.0,False
geometry_early_optical_clear_probe,638673725,8,47.0,False
geometry_early_optical_clear_probe,638673725,11,65.0,True
geometry_early_optical_clear_probe,638673725,17,101.0,False
geometry_early_optical_clear_probe,638673725,18,107.0,False
geometry_early_optical_clear_probe,638673725,19,113.0,True
geometry_early_optical_clear_probe,638673725,4,541.8885162996282,False
geometry_early_optical_clear_probe,638673725,16,755.1090645148166,True
geometry_early_optical_clear_probe,638673725,2,1806.9147397325346,True
geometry_early_optical_clear_probe,638673725,20,3156.3762891160104,False
geometry_early_optical_clear_probe,638673725,3,3367.5762891160102,True
geometry_early_optical_clear_probe,638673725,15,3854.822743238756,False
geometry_early_optical_clear_probe,638673725,13,3866.822743238756,True
geometry_early_optical_clear_probe,638673725,1,3908.822743238756,True
geometry_early_optical_clear_probe,638673725,7,4072.022743238756,False
geometry_early_optical_clear_probe,638673725,10,6653.937833252378,True
geometry_early_optical_clear_probe,2026655307,2,11.0,False
geometry_early_optical_clear_probe,2026655307,9,53.0,False
geometry_early_optical_clear_probe,2026655307,15,89.0,True
geometry_early_optical_clear_probe,2026655307,20,119.0,False
geometry_early_optical_clear_probe,2026655307,14,306.2,True
geometry_early_optical_clear_probe,2026655307,13,312.2,False
geometry_early_optical_clear_probe,2026655307,11,324.2,True
geometry_early_optical_clear_probe,2026655307,8,342.2,True
geometry_early_optical_clear_probe,2026655307,6,354.2,False
geometry_early_optical_clear_probe,2026655307,17,5481.191782168964,True
geometry_early_optical_clear_probe,2026655307,3,6429.328636897052,True
geometry_early_optical_clear_probe,1581689965,5,29.0,True
geometry_early_optical_clear_probe,1581689965,6,35.0,True
geometry_early_optical_clear_probe,1581689965,7,41.0,True
geometry_early_optical_clear_probe,1581689965,8,47.0,False
geometry_early_optical_clear_probe,1581689965,13,77.0,False
geometry_early_optical_clear_probe,1581689965,17,101.0,False
geometry_early_optical_clear_probe,1581689965,19,113.0,False
geometry_early_optical_clear_probe,1581689965,2,378.2,True
geometry_early_optical_clear_probe,1581689965,9,1599.8862347095,False
geometry_early_optical_clear_probe,1581689965,10,1605.8862347095,False
geometry_early_optical_clear_probe,1581689965,11,2036.0826141130165,True
geometry_early_optical_clear_probe,1581689965,18,3155.5127502217683,True
geometry_early_optical_clear_probe,1581689965,15,4037.976918110087,True
geometry_early_optical_clear_probe,1581689965,4,4203.230834568926,True
geometry_early_optical_clear_probe,1148001543,4,23.0,False
geometry_early_optical_clear_probe,1148001543,10,59.0,True
geometry_early_optical_clear_probe,1148001543,12,71.0,False
geometry_early_optical_clear_probe,1148001543,17,101.0,False
geometry_early_optical_clear_probe,1148001543,19,113.0,True
geometry_early_optical_clear_probe,1148001543,20,119.0,False
geometry_early_optical_clear_probe,1148001543,15,300.2,True
geometry_early_optical_clear_probe,1148001543,14,306.2,False
geometry_early_optical_clear_probe,1148001543,1,875.4890379460362,True
geometry_early_optical_clear_probe,1148001543,16,1864.8778488224632,False
geometry_early_optical_clear_probe,1148001543,13,1876.8778488224632,False
geometry_early_optical_clear_probe,1148001543,8,2106.0778488224632,False
geometry_early_optical_clear_probe,1148001543,18,2142.0778488224632,False
geometry_early_optical_clear_probe,1148001543,7,2329.277848822463,False
geometry_early_optical_clear_probe,1148001543,11,2546.477848822463,False
geometry_early_optical_clear_probe,1148001543,5,5336.6907335964515,True
geometry_early_optical_clear_probe,2355471660,3,17.0,True
geometry_early_optical_clear_probe,2355471660,6,35.0,False
geometry_early_optical_clear_probe,2355471660,15,89.0,False
geometry_early_optical_clear_probe,2355471660,16,95.0,False
geometry_early_optical_clear_probe,2355471660,19,113.0,False
geometry_early_optical_clear_probe,2355471660,17,288.2,True
geometry_early_optical_clear_probe,2355471660,8,342.2,True
geometry_early_optical_clear_probe,2355471660,20,1285.2845586463354,True
geometry_early_optical_clear_probe,2355471660,18,1812.2058516084164,True
geometry_early_optical_clear_probe,2355471660,14,2366.7196604379333,False
geometry_early_optical_clear_probe,2355471660,7,6552.902937489324,True
geometry_early_optical_clear_probe,2355471660,2,6945.302937489324,False
geometry_early_optical_clear_probe,2355471660,10,7156.502937489324,True
geometry_early_optical_clear_probe,130422464,12,71.0,False
geometry_early_optical_clear_probe,130422464,19,113.0,True
geometry_early_optical_clear_probe,130422464,16,294.2,True
geometry_early_optical_clear_probe,130422464,13,312.2,False
geometry_early_optical_clear_probe,130422464,2,541.4,False
geometry_early_optical_clear_probe,130422464,3,3388.4938472062076,False
geometry_early_optical_clear_probe,130422464,8,3418.4938472062076,True
geometry_early_optical_clear_probe,130422464,10,3665.6938472062075,True
geometry_early_optical_clear_probe,130422464,7,4097.403282467614,True
geometry_early_optical_clear_probe,130422464,5,5413.315445801287,False
geometry_early_optical_clear_probe,2070408893,1,5.0,True
geometry_early_optical_clear_probe,2070408893,4,23.0,False
geometry_early_optical_clear_probe,2070408893,7,41.0,False
geometry_early_optical_clear_probe,2070408893,18,107.0,False
geometry_early_optical_clear_probe,2070408893,16,294.2,True
geometry_early_optical_clear_probe,2070408893,14,306.2,False
geometry_early_optical_clear_probe,2070408893,9,336.2,False
geometry_early_optical_clear_probe,2070408893,6,354.2,True
geometry_early_optical_clear_probe,2070408893,2,378.2,False
geometry_early_optical_clear_probe,2070408893,5,2861.793782037295,True
geometry_early_optical_clear_probe,2070408893,17,4114.273864641438,True
geometry_early_optical_clear_probe,2070408893,15,5403.141281185484,False
geometry_early_optical_clear_probe,2436427919,2,11.0,False
geometry_early_optical_clear_probe,2436427919,4,23.0,False
geometry_early_optical_clear_probe,2436427919,5,29.0,False
geometry_early_optical_clear_probe,2436427919,19,113.0,True
geometry_early_optical_clear_probe,2436427919,18,282.2,False
geometry_early_optical_clear_probe,2436427919,6,354.2,True
geometry_early_optical_clear_probe,2436427919,1,384.2,False
geometry_early_optical_clear_probe,2436427919,12,601.4,False
geometry_early_optical_clear_probe,2436427919,14,613.4,True
geometry_early_optical_clear_probe,2436427919,11,848.5999999999999,True
geometry_early_optical_clear_probe,2436427919,8,1018.7553907098637,False
geometry_early_optical_clear_probe,2436427919,9,1452.3608307363145,False
geometry_early_optical_clear_probe,2436427919,3,1751.661178584325,True
geometry_early_optical_clear_probe,2436427919,10,3261.8031889050458,True
geometry_early_optical_clear_probe,2436427919,17,5773.9550247033,True
geometry_early_optical_clear_probe,2436427919,15,6290.0013987218235,True
geometry_early_optical_clear_probe,2299080307,9,53.0,True
geometry_early_optical_clear_probe,2299080307,13,77.0,True
geometry_early_optical_clear_probe,2299080307,17,101.0,True
geometry_early_optical_clear_probe,2299080307,19,113.0,False
geometry_early_optical_clear_probe,2299080307,18,282.2,False
geometry_early_optical_clear_probe,2299080307,3,372.2,False
geometry_early_optical_clear_probe,2299080307,1,384.2,False
geometry_early_optical_clear_probe,2299080307,15,619.4,True
geometry_early_optical_clear_probe,2299080307,7,2622.417520209615,True
geometry_early_optical_clear_probe,2299080307,10,4328.817520209614,False
geometry_early_optical_clear_probe,2299080307,6,4340.817520209614,True
geometry_early_optical_clear_probe,2299080307,16,5210.097365007738,True
geometry_early_optical_clear_probe,2299080307,8,6445.4483935702765,True
geometry_early_optical_clear_probe,4264478355,3,17.0,True
geometry_early_optical_clear_probe,4264478355,9,53.0,False
geometry_early_optical_clear_probe,4264478355,13,77.0,False
geometry_early_optical_clear_probe,4264478355,14,83.0,False
geometry_early_optical_clear_probe,4264478355,18,282.2,True
geometry_early_optical_clear_probe,4264478355,16,294.2,False
geometry_early_optical_clear_probe,4264478355,8,342.2,False
geometry_early_optical_clear_probe,4264478355,11,587.6553309045203,False
geometry_early_optical_clear_probe,4264478355,12,593.6553309045203,False
geometry_early_optical_clear_probe,4264478355,4,867.0320488528641,False
geometry_early_optical_clear_probe,4264478355,17,4718.17332642468,False
geometry_early_optical_clear_probe,4264478355,20,4730.17332642468,False
geometry_early_optical_clear_probe,4264478355,1,4941.37332642468,True
geometry_early_optical_clear_probe,4264478355,15,6270.773326424679,True
geometry_early_optical_clear_probe,2769028265,1,5.0,True
geometry_early_optical_clear_probe,2769028265,5,29.0,False
geometry_early_optical_clear_probe,2769028265,11,65.0,False
geometry_early_optical_clear_probe,2769028265,13,77.0,False
geometry_early_optical_clear_probe,2769028265,14,83.0,True
geometry_early_optical_clear_probe,2769028265,18,107.0,False
geometry_early_optical_clear_probe,2769028265,7,348.2,True
geometry_early_optical_clear_probe,2769028265,8,660.0976444513276,True
geometry_early_optical_clear_probe,2769028265,17,1015.3733611327875,True
geometry_early_optical_clear_probe,2769028265,4,2429.0191020331877,True
geometry_early_optical_clear_probe,2769028265,3,2625.7746533353948,True
geometry_early_optical_clear_probe,2769028265,16,2848.9746533353946,False
geometry_early_optical_clear_probe,2769028265,15,3076.684184676196,True
geometry_early_optical_clear_probe,2769028265,9,6886.48953387259,True
geometry_early_optical_clear_probe,3142681786,3,17.0,True
geometry_early_optical_clear_probe,3142681786,4,23.0,False
geometry_early_optical_clear_probe,3142681786,8,47.0,False
geometry_early_optical_clear_probe,3142681786,14,83.0,False
geometry_early_optical_clear_probe,3142681786,18,282.2,False
geometry_early_optical_clear_probe,3142681786,17,288.2,True
geometry_early_optical_clear_probe,3142681786,13,312.2,False
geometry_early_optical_clear_probe,3142681786,20,828.2754884456351,False
geometry_early_optical_clear_probe,3142681786,12,870.2754884456351,True
geometry_early_optical_clear_probe,3142681786,11,1812.9469949269858,False
geometry_early_optical_clear_probe,3142681786,6,2024.1469949269858,True
geometry_early_optical_clear_probe,3142681786,19,2090.146994926986,True
geometry_early_optical_clear_probe,3142681786,7,4127.307147168905,True
geometry_early_optical_clear_probe,1312703694,8,47.0,False
geometry_early_optical_clear_probe,1312703694,12,71.0,False
geometry_early_optical_clear_probe,1312703694,15,89.0,False
geometry_early_optical_clear_probe,1312703694,20,119.0,False
geometry_early_optical_clear_probe,1312703694,11,324.2,False
geometry_early_optical_clear_probe,1312703694,1,384.2,False
geometry_early_optical_clear_probe,1312703694,14,613.4,True
geometry_early_optical_clear_probe,1312703694,13,3020.269215631116,True
geometry_early_optical_clear_probe,1312703694,4,4299.469215631115,False
geometry_early_optical_clear_probe,1312703694,18,4347.469215631115,False
geometry_early_optical_clear_probe,1312703694,19,4353.469215631115,False
geometry_early_optical_clear_probe,1863598017,1,5.0,False
geometry_early_optical_clear_probe,1863598017,3,17.0,True
geometry_early_optical_clear_probe,1863598017,4,23.0,True
geometry_early_optical_clear_probe,1863598017,6,35.0,False
geometry_early_optical_clear_probe,1863598017,14,83.0,False
geometry_early_optical_clear_probe,1863598017,16,95.0,False
geometry_early_optical_clear_probe,1863598017,17,101.0,False
geometry_early_optical_clear_probe,1863598017,19,113.0,False
geometry_early_optical_clear_probe,1863598017,18,282.2,True
geometry_early_optical_clear_probe,1863598017,9,336.2,True
geometry_early_optical_clear_probe,1863598017,2,378.2,True
geometry_early_optical_clear_probe,1863598017,5,3610.3851166026902,True
geometry_early_optical_clear_probe,1863598017,8,3785.58511660269,True
geometry_early_optical_clear_probe,1863598017,11,4146.119455518818,False
geometry_early_optical_clear_probe,1863598017,12,4351.319455518817,False
geometry_early_optical_clear_probe,199450213,1,5.0,False
geometry_early_optical_clear_probe,199450213,8,47.0,True
geometry_early_optical_clear_probe,199450213,16,95.0,False
geometry_early_optical_clear_probe,199450213,18,282.2,False
geometry_early_optical_clear_probe,199450213,14,625.059293227107,False
geometry_early_optical_clear_probe,199450213,11,866.259293227107,True
geometry_early_optical_clear_probe,199450213,6,896.259293227107,False
geometry_early_optical_clear_probe,199450213,13,1931.1923087768319,True
geometry_early_optical_clear_probe,199450213,3,4930.123987509254,False
geometry_early_optical_clear_probe,199450213,4,6229.566408630299,False
geometry_early_optical_clear_probe,1166634261,1,5.0,False
geometry_early_optical_clear_probe,1166634261,2,11.0,True
geometry_early_optical_clear_probe,1166634261,3,17.0,False
geometry_early_optical_clear_probe,1166634261,9,53.0,False
geometry_early_optical_clear_probe,1166634261,10,59.0,False
geometry_early_optical_clear_probe,1166634261,17,288.2,True
geometry_early_optical_clear_probe,1166634261,4,366.2,False
geometry_early_optical_clear_probe,1166634261,11,584.4,True
geometry_early_optical_clear_probe,1166634261,19,632.4,True
geometry_early_optical_clear_probe,1166634261,20,1233.462508507512,True
geometry_early_optical_clear_probe,1166634261,18,1245.462508507512,False
geometry_early_optical_clear_probe,1166634261,6,2845.2893263697256,False
geometry_early_optical_clear_probe,3133341968,7,41.0,False
geometry_early_optical_clear_probe,3133341968,10,59.0,False
geometry_early_optical_clear_probe,3133341968,13,77.0,False
geometry_early_optical_clear_probe,3133341968,15,89.0,False
geometry_early_optical_clear_probe,3133341968,17,101.0,False
geometry_early_optical_clear_probe,3133341968,18,896.942788087928,False
geometry_early_optical_clear_probe,3133341968,12,920.942788087928,True
geometry_early_optical_clear_probe,3133341968,20,2383.0506305165854,True
geometry_early_optical_clear_probe,3133341968,3,2455.0506305165854,True
geometry_early_optical_clear_probe,3133341968,14,3454.087650168527,False
geometry_early_optical_clear_probe,3133341968,4,4242.3971756982755,True
geometry_early_optical_clear_probe,3133341968,11,4459.597175698275,True
geometry_early_optical_clear_probe,3133341968,5,4664.797175698275,True
geometry_early_optical_clear_probe,1010397799,4,23.0,True
geometry_early_optical_clear_probe,1010397799,8,47.0,False
geometry_early_optical_clear_probe,1010397799,12,71.0,False
geometry_early_optical_clear_probe,1010397799,13,77.0,True
geometry_early_optical_clear_probe,1010397799,14,83.0,False
geometry_early_optical_clear_probe,1010397799,15,89.0,False
geometry_early_optical_clear_probe,1010397799,19,113.0,False
geometry_early_optical_clear_probe,1010397799,20,119.0,False
geometry_early_optical_clear_probe,1010397799,17,288.2,False
geometry_early_optical_clear_probe,1010397799,1,384.2,False
geometry_early_optical_clear_probe,1010397799,18,1300.0922422304473,False
geometry_early_optical_clear_probe,1010397799,3,1478.5871742448762,True
geometry_early_optical_clear_probe,1010397799,2,2325.524572851148,True
geometry_early_optical_clear_probe,1402222682,4,23.0,True
geometry_early_optical_clear_probe,1402222682,10,59.0,False
geometry_early_optical_clear_probe,1402222682,15,89.0,False
geometry_early_optical_clear_probe,1402222682,16,95.0,False
geometry_early_optical_clear_probe,1402222682,13,312.2,False
geometry_early_optical_clear_probe,1402222682,1,384.2,False
geometry_early_optical_clear_probe,1402222682,6,503.00637924117063,False
geometry_early_optical_clear_probe,1402222682,11,533.0063792411706,False
geometry_early_optical_clear_probe,1402222682,19,768.5917308776575,False
geometry_early_optical_clear_probe,1402222682,3,2304.4743340871005,False
geometry_early_optical_clear_probe,1402222682,12,2969.900187353782,True
geometry_early_optical_clear_probe,1402222682,8,2993.900187353782,True
geometry_early_optical_clear_probe,1402222682,17,3544.6610561431544,True
geometry_early_optical_clear_probe,1402222682,9,3568.6610561431544,False
geometry_early_optical_clear_probe,1402222682,18,3850.583834110276,True
geometry_early_optical_clear_probe,2061627715,9,53.0,False
geometry_early_optical_clear_probe,2061627715,15,89.0,True
geometry_early_optical_clear_probe,2061627715,16,95.0,False
geometry_early_optical_clear_probe,2061627715,19,113.0,False
geometry_early_optical_clear_probe,2061627715,18,282.2,False
geometry_early_optical_clear_probe,2061627715,11,324.2,True
geometry_early_optical_clear_probe,2061627715,8,342.2,True
geometry_early_optical_clear_probe,2061627715,6,354.2,False
geometry_early_optical_clear_probe,2061627715,5,864.6006434108086,False
geometry_early_optical_clear_probe,2061627715,14,1781.512917066502,True
geometry_early_optical_clear_probe,2061627715,13,2024.7880988050551,False
geometry_early_optical_clear_probe,2061627715,4,2337.094146767407,True
geometry_early_optical_clear_probe,2061627715,7,3990.175448588322,True
geometry_early_optical_clear_probe,2061627715,1,4969.183129074131,True
geometry_early_optical_clear_probe,838268973,4,23.0,False
geometry_early_optical_clear_probe,838268973,5,29.0,False
geometry_early_optical_clear_probe,838268973,6,35.0,True
geometry_early_optical_clear_probe,838268973,16,95.0,False
geometry_early_optical_clear_probe,838268973,17,101.0,False
geometry_early_optical_clear_probe,838268973,12,318.2,True
geometry_early_optical_clear_probe,838268973,9,336.2,False
geometry_early_optical_clear_probe,838268973,1,384.2,True
geometry_early_optical_clear_probe,838268973,2,546.9696821055795,True
geometry_early_optical_clear_probe,838268973,7,1496.8213927391655,True
geometry_early_optical_clear_probe,838268973,13,1738.0213927391655,True
geometry_early_optical_clear_probe,838268973,3,2356.876974462152,True
geometry_early_optical_clear_probe,838268973,20,2586.0769744621516,True
geometry_early_optical_clear_probe,838268973,8,3165.58997331366,True
geometry_early_optical_clear_probe,838268973,18,4037.171942820377,True
geometry_early_optical_clear_probe,320147489,3,17.0,False
geometry_early_optical_clear_probe,320147489,16,95.0,False
geometry_early_optical_clear_probe,320147489,20,119.0,True
geometry_early_optical_clear_probe,320147489,11,324.2,False
geometry_early_optical_clear_probe,320147489,8,342.2,False
geometry_early_optical_clear_probe,320147489,9,553.7126772827943,True
geometry_early_optical_clear_probe,320147489,13,577.7126772827943,False
geometry_early_optical_clear_probe,320147489,1,3058.3425163050915,True
geometry_early_optical_clear_probe,320147489,7,5946.438575102124,True
geometry_early_optical_clear_probe,320147489,4,6547.05014065775,True
geometry_early_optical_clear_probe,3202405238,8,47.0,False
geometry_early_optical_clear_probe,3202405238,10,59.0,True
geometry_early_optical_clear_probe,3202405238,19,113.0,True
geometry_early_optical_clear_probe,3202405238,20,119.0,False
geometry_early_optical_clear_probe,3202405238,6,1416.0987931353636,True
geometry_early_optical_clear_probe,3202405238,1,1597.2987931353637,True
geometry_early_optical_clear_probe,3202405238,5,1621.2987931353637,True
geometry_early_optical_clear_probe,3202405238,18,1845.4987931353637,True
geometry_early_optical_clear_probe,3202405238,4,1917.4987931353637,True
geometry_early_optical_clear_probe,3202405238,2,2046.1943077024066,True
geometry_early_optical_clear_probe,3202405238,14,2708.793635071793,True
geometry_early_optical_clear_probe,3202405238,16,2720.793635071793,True
geometry_early_optical_clear_probe,3202405238,15,7326.4922350342285,True
geometry_early_optical_clear_probe,1468793661,1,5.0,False
geometry_early_optical_clear_probe,1468793661,3,17.0,True
geometry_early_optical_clear_probe,1468793661,7,41.0,False
geometry_early_optical_clear_probe,1468793661,10,59.0,False
geometry_early_optical_clear_probe,1468793661,11,65.0,False
geometry_early_optical_clear_probe,1468793661,16,95.0,False
geometry_early_optical_clear_probe,1468793661,18,282.2,True
geometry_early_optical_clear_probe,1468793661,2,1449.0441502015988,True
geometry_early_optical_clear_probe,1468793661,19,1533.0441502015988,True
geometry_early_optical_clear_probe,1468793661,5,1949.4441502015989,True
geometry_early_optical_clear_probe,1468793661,6,3449.571053129173,True
geometry_early_optical_clear_probe,1468793661,9,4869.3902377021295,True
geometry_early_optical_clear_probe,1525563990,3,17.0,True
geometry_early_optical_clear_probe,1525563990,11,65.0,False
geometry_early_optical_clear_probe,1525563990,17,101.0,False
geometry_early_optical_clear_probe,1525563990,18,107.0,False
geometry_early_optical_clear_probe,1525563990,20,119.0,False
geometry_early_optical_clear_probe,1525563990,10,330.2,False
geometry_early_optical_clear_probe,1525563990,4,1156.8518418941803,False
geometry_early_optical_clear_probe,1525563990,16,1222.8518418941803,False
geometry_early_optical_clear_probe,1525563990,12,4485.614598924984,False
geometry_early_optical_clear_probe,1525563990,19,4744.814598924984,True
geometry_early_optical_clear_probe,1525563990,9,4926.014598924984,True
geometry_early_optical_clear_probe,1525563990,15,5591.65953143193,True
geometry_early_optical_clear_probe,1525563990,6,5772.85953143193,True
geometry_early_optical_clear_probe,1319246039,1,5.0,False
geometry_early_optical_clear_probe,1319246039,5,29.0,False
geometry_early_optical_clear_probe,1319246039,6,35.0,False
geometry_early_optical_clear_probe,1319246039,12,71.0,True
geometry_early_optical_clear_probe,1319246039,13,77.0,True
geometry_early_optical_clear_probe,1319246039,14,83.0,True
geometry_early_optical_clear_probe,1319246039,15,89.0,False
geometry_early_optical_clear_probe,1319246039,20,119.0,True
geometry_early_optical_clear_probe,1319246039,3,372.2,True
geometry_early_optical_clear_probe,1319246039,8,612.8725235323816,False
geometry_early_optical_clear_probe,1319246039,2,2570.7427318593586,True
geometry_early_optical_clear_probe,1319246039,7,2588.7427318593586,True
geometry_early_optical_clear_probe,1319246039,18,3065.9005262573114,False
geometry_early_optical_clear_probe,1319246039,19,3071.9005262573114,False
geometry_early_optical_clear_probe,1319246039,16,5185.501531432775,True
geometry_early_optical_clear_probe,1056887745,6,35.0,False
geometry_early_optical_clear_probe,1056887745,7,41.0,False
geometry_early_optical_clear_probe,1056887745,9,53.0,False
geometry_early_optical_clear_probe,1056887745,11,65.0,True
geometry_early_optical_clear_probe,1056887745,12,71.0,False
geometry_early_optical_clear_probe,1056887745,16,294.2,True
geometry_early_optical_clear_probe,1056887745,15,300.2,False
geometry_early_optical_clear_probe,1056887745,2,535.082329092667,False
geometry_early_optical_clear_probe,1056887745,3,998.8497530858647,False
geometry_early_optical_clear_probe,1056887745,5,1010.8497530858647,True
geometry_early_optical_clear_probe,1056887745,20,1414.219158514159,False
geometry_early_optical_clear_probe,1056887745,17,1676.7271519230576,False
geometry_early_optical_clear_probe,1056887745,19,6176.189752927922,True
geometry_early_optical_clear_probe,2360434711,6,35.0,False
geometry_early_optical_clear_probe,2360434711,12,71.0,False
geometry_early_optical_clear_probe,2360434711,14,83.0,True
geometry_early_optical_clear_probe,2360434711,11,324.2,False
geometry_early_optical_clear_probe,2360434711,10,330.2,True
geometry_early_optical_clear_probe,2360434711,2,558.8166719938604,False
geometry_early_optical_clear_probe,2360434711,17,642.8166719938604,True
geometry_early_optical_clear_probe,2360434711,1,920.0166719938604,True
geometry_early_optical_clear_probe,2360434711,3,2189.166313760617,True
geometry_early_optical_clear_probe,2360434711,9,2219.166313760617,True
geometry_early_optical_clear_probe,2360434711,8,4180.183049728572,True
geometry_early_optical_clear_probe,2360434711,4,4457.383049728572,True
geometry_early_optical_clear_probe,1469780573,2,11.0,False
geometry_early_optical_clear_probe,1469780573,4,23.0,False
geometry_early_optical_clear_probe,1469780573,5,29.0,True
geometry_early_optical_clear_probe,1469780573,8,47.0,True
geometry_early_optical_clear_probe,1469780573,9,53.0,True
geometry_early_optical_clear_probe,1469780573,12,71.0,False
geometry_early_optical_clear_probe,1469780573,14,83.0,False
geometry_early_optical_clear_probe,1469780573,18,107.0,False
geometry_early_optical_clear_probe,1469780573,15,300.2,False
geometry_early_optical_clear_probe,1469780573,17,563.101537212217,False
geometry_early_optical_clear_probe,1469780573,7,1293.8381705250229,False
geometry_early_optical_clear_probe,1469780573,6,2424.2340279054265,True
geometry_early_optical_clear_probe,1469780573,16,2466.2340279054265,False
geometry_early_optical_clear_probe,1469780573,13,4392.32344247029,True
geometry_early_optical_clear_probe,1469780573,20,4802.723442470289,True
geometry_early_optical_clear_probe,1798690355,2,11.0,False
geometry_early_optical_clear_probe,1798690355,8,47.0,True
geometry_early_optical_clear_probe,1798690355,9,53.0,False
geometry_early_optical_clear_probe,1798690355,13,77.0,False
geometry_early_optical_clear_probe,1798690355,18,107.0,False
geometry_early_optical_clear_probe,1798690355,3,372.2,False
geometry_early_optical_clear_probe,1798690355,10,583.4,False
geometry_early_optical_clear_probe,1798690355,14,3221.964036864686,False
geometry_early_optical_clear_probe,1798690355,20,4115.647149648244,True
geometry_early_optical_clear_probe,1798690355,4,4181.647149648244,True
geometry_early_optical_clear_probe,1798690355,7,4362.847149648243,False
geometry_early_optical_clear_probe,1798690355,19,4585.33524803471,False
geometry_early_optical_clear_probe,1798690355,11,4615.33524803471,False
geometry_early_optical_clear_probe,2347582132,10,59.0,False
geometry_early_optical_clear_probe,2347582132,17,101.0,True
geometry_early_optical_clear_probe,2347582132,19,276.2,False
geometry_early_optical_clear_probe,2347582132,18,282.2,False
geometry_early_optical_clear_probe,2347582132,14,306.2,False
geometry_early_optical_clear_probe,2347582132,13,601.4,True
geometry_early_optical_clear_probe,2347582132,8,868.3899177242713,True
geometry_early_optical_clear_probe,2347582132,7,1097.5899177242713,True
geometry_early_optical_clear_probe,2347582132,5,1417.7325589089965,False
geometry_early_optical_clear_probe,2347582132,12,1652.9325589089965,True
geometry_early_optical_clear_probe,2347582132,11,1858.1325589089965,False
geometry_early_optical_clear_probe,2347582132,1,2030.6565880495905,False
geometry_early_optical_clear_probe,2347582132,20,4661.56164415037,False
geometry_early_optical_clear_probe,2709626813,4,23.0,False
geometry_early_optical_clear_probe,2709626813,6,35.0,False
geometry_early_optical_clear_probe,2709626813,17,101.0,False
geometry_early_optical_clear_probe,2709626813,20,119.0,True
geometry_early_optical_clear_probe,2709626813,12,318.2,False
geometry_early_optical_clear_probe,2709626813,11,324.2,True
geometry_early_optical_clear_probe,2709626813,2,513.8652146351286,True
geometry_early_optical_clear_probe,2709626813,10,1128.5643441345762,True
geometry_early_optical_clear_probe,2709626813,5,1842.422507126122,False
geometry_early_optical_clear_probe,2709626813,19,2456.9220683087333,False
geometry_early_optical_clear_probe,2709626813,15,3103.9164191784466,True
geometry_early_optical_clear_probe,2709626813,1,3339.1164191784464,False
geometry_early_optical_clear_probe,2709626813,9,3718.3337477153714,True
geometry_early_optical_clear_probe,2709626813,16,3942.533747715371,False
geometry_early_optical_clear_probe,2709626813,8,4123.733747715371,True
geometry_early_optical_clear_probe,2709626813,14,5417.542666675732,True
geometry_early_optical_clear_probe,1704401644,3,17.0,True
geometry_early_optical_clear_probe,1704401644,14,83.0,False
geometry_early_optical_clear_probe,1704401644,17,101.0,True
geometry_early_optical_clear_probe,1704401644,18,107.0,False
geometry_early_optical_clear_probe,1704401644,19,113.0,False
geometry_early_optical_clear_probe,1704401644,20,119.0,False
geometry_early_optical_clear_probe,1704401644,8,342.2,True
geometry_early_optical_clear_probe,1704401644,4,366.2,False
geometry_early_optical_clear_probe,1704401644,16,625.4,False
geometry_early_optical_clear_probe,1704401644,6,1165.1452475458939,True
geometry_early_optical_clear_probe,1704401644,9,1183.1452475458939,False
geometry_early_optical_clear_probe,1704401644,1,1494.7468670461533,True
geometry_early_optical_clear_probe,1704401644,2,3747.2402967422076,True
geometry_early_optical_clear_probe,1356124884,3,17.0,False
geometry_early_optical_clear_probe,1356124884,5,29.0,True
geometry_early_optical_clear_probe,1356124884,13,77.0,False
geometry_early_optical_clear_probe,1356124884,17,101.0,False
geometry_early_optical_clear_probe,1356124884,18,107.0,False
geometry_early_optical_clear_probe,1356124884,6,354.2,False
geometry_early_optical_clear_probe,1356124884,9,583.4,True
geometry_early_optical_clear_probe,1356124884,14,1423.2824918526835,True
geometry_early_optical_clear_probe,1356124884,2,1646.4824918526836,True
geometry_early_optical_clear_probe,1356124884,1,3860.6965915790684,True
geometry_early_optical_clear_probe,1356124884,8,4584.296591579068,False
geometry_early_optical_clear_probe,1356124884,10,5507.404168933174,True
geometry_early_optical_clear_probe,1356124884,12,5935.804168933174,False
geometry_early_optical_clear_probe,891581974,3,17.0,False
geometry_early_optical_clear_probe,891581974,10,59.0,False
geometry_early_optical_clear_probe,891581974,11,65.0,False
geometry_early_optical_clear_probe,891581974,12,71.0,False
geometry_early_optical_clear_probe,891581974,20,119.0,False
geometry_early_optical_clear_probe,891581974,17,288.2,False
geometry_early_optical_clear_probe,891581974,7,348.2,True
geometry_early_optical_clear_probe,891581974,5,882.2029243014734,True
geometry_early_optical_clear_probe,891581974,4,1063.4029243014734,True
geometry_early_optical_clear_probe,891581974,8,2299.4029243014734,True
geometry_early_optical_clear_probe,891581974,18,3726.1126687368874,True
geometry_early_optical_clear_probe,2736512992,4,23.0,False
geometry_early_optical_clear_probe,2736512992,5,29.0,False
geometry_early_optical_clear_probe,2736512992,9,53.0,True
geometry_early_optical_clear_probe,2736512992,15,89.0,True
geometry_early_optical_clear_probe,2736512992,17,101.0,False
geometry_early_optical_clear_probe,2736512992,20,270.2,True
geometry_early_optical_clear_probe,2736512992,10,330.2,False
geometry_early_optical_clear_probe,2736512992,6,908.2282637024482,True
geometry_early_optical_clear_probe,2736512992,3,914.2282637024482,True
geometry_early_optical_clear_probe,2736512992,2,1083.4282637024482,True
geometry_early_optical_clear_probe,2736512992,13,1355.6282637024483,False
geometry_early_optical_clear_probe,2736512992,14,1626.8282637024483,True
geometry_early_optical_clear_probe,2736512992,7,2361.8790901821544,True
geometry_early_optical_clear_probe,2736512992,19,2585.0790901821542,True
geometry_early_optical_clear_probe,85870407,15,89.0,False
geometry_early_optical_clear_probe,85870407,18,107.0,True
geometry_early_optical_clear_probe,85870407,19,113.0,False
geometry_early_optical_clear_probe,85870407,11,324.2,True
geometry_early_optical_clear_probe,85870407,13,1319.0,False
geometry_early_optical_clear_probe,85870407,12,1807.4,False
geometry_early_optical_clear_probe,85870407,3,2030.6000000000001,True
geometry_early_optical_clear_probe,85870407,14,2543.0,False
geometry_early_optical_clear_probe,85870407,10,2995.3999999999996,True
geometry_early_optical_clear_probe,85870407,16,3007.3999999999996,False
geometry_early_optical_clear_probe,85870407,1,3241.178471325152,False
geometry_early_optical_clear_probe,85870407,9,4934.453802508545,True
geometry_early_optical_clear_probe,85870407,20,5423.226144384491,True
geometry_early_optical_clear_probe,85870407,7,5447.226144384491,True
geometry_early_optical_clear_probe,515299374,1,5.0,True
geometry_early_optical_clear_probe,515299374,2,11.0,False
geometry_early_optical_clear_probe,515299374,6,35.0,True
geometry_early_optical_clear_probe,515299374,11,65.0,True
geometry_early_optical_clear_probe,515299374,17,101.0,True
geometry_early_optical_clear_probe,515299374,16,294.2,False
geometry_early_optical_clear_probe,515299374,10,582.5751830404408,True
geometry_early_optical_clear_probe,515299374,4,1625.544187295491,False
geometry_early_optical_clear_probe,515299374,7,2062.4566072045072,True
geometry_early_optical_clear_probe,515299374,12,2264.930680663316,False
geometry_early_optical_clear_probe,515299374,19,2594.845036197335,True
geometry_early_optical_clear_probe,515299374,3,3228.4450361973345,True
geometry_early_optical_clear_probe,700224607,2,11.0,True
geometry_early_optical_clear_probe,700224607,8,47.0,False
geometry_early_optical_clear_probe,700224607,14,83.0,True
geometry_early_optical_clear_probe,700224607,15,89.0,False
geometry_early_optical_clear_probe,700224607,16,95.0,True
geometry_early_optical_clear_probe,700224607,17,101.0,False
geometry_early_optical_clear_probe,700224607,18,107.0,True
geometry_early_optical_clear_probe,700224607,19,276.2,True
geometry_early_optical_clear_probe,700224607,7,1265.0432096343116,True
geometry_early_optical_clear_probe,700224607,6,2461.4050437534033,False
geometry_early_optical_clear_probe,700224607,9,3123.9444116769637,True
geometry_early_optical_clear_probe,700224607,12,3875.3198870239116,True
geometry_early_optical_clear_probe,700224607,5,6913.677223186187,True
geometry_early_optical_clear_probe,388609339,7,41.0,True
geometry_early_optical_clear_probe,388609339,12,71.0,True
geometry_early_optical_clear_probe,388609339,16,95.0,False
geometry_early_optical_clear_probe,388609339,20,119.0,True
geometry_early_optical_clear_probe,388609339,10,330.2,False
geometry_early_optical_clear_probe,388609339,9,336.2,True
geometry_early_optical_clear_probe,388609339,4,366.2,False
geometry_early_optical_clear_probe,388609339,3,372.2,True
geometry_early_optical_clear_probe,388609339,2,378.2,False
geometry_early_optical_clear_probe,388609339,14,1470.8379489924343,True
geometry_early_optical_clear_probe,388609339,13,1756.3026523882186,False
geometry_early_optical_clear_probe,388609339,6,2691.75575959529,True
geometry_early_optical_clear_probe,388609339,15,2715.75575959529,True
geometry_early_optical_clear_probe,388609339,5,4345.892944755681,True
geometry_early_optical_clear_probe,388609339,19,7410.333074850418,True
geometry_early_optical_clear_probe,55126644,5,29.0,True
geometry_early_optical_clear_probe,55126644,8,47.0,True
geometry_early_optical_clear_probe,55126644,9,53.0,True
geometry_early_optical_clear_probe,55126644,15,89.0,False
geometry_early_optical_clear_probe,55126644,18,107.0,False
geometry_early_optical_clear_probe,55126644,14,306.2,True
geometry_early_optical_clear_probe,55126644,3,372.2,False
geometry_early_optical_clear_probe,55126644,2,557.8097316152805,True
geometry_early_optical_clear_probe,55126644,6,575.8097316152805,True
geometry_early_optical_clear_probe,55126644,11,599.8097316152805,True
geometry_early_optical_clear_probe,55126644,13,611.8097316152805,False
geometry_early_optical_clear_probe,55126644,16,829.0097316152805,False
geometry_early_optical_clear_probe,55126644,19,1134.1270266515496,False
geometry_early_optical_clear_probe,55126644,20,1427.373083399917,False
geometry_early_optical_clear_probe,55126644,7,1929.4484691950995,False
geometry_early_optical_clear_probe,55126644,1,2286.7660128881002,False
geometry_early_optical_clear_probe,4249513957,9,53.0,False
geometry_early_optical_clear_probe,4249513957,17,101.0,True
geometry_early_optical_clear_probe,4249513957,4,366.2,True
geometry_early_optical_clear_probe,4249513957,3,372.2,True
geometry_early_optical_clear_probe,4249513957,11,848.5999999999999,False
geometry_early_optical_clear_probe,4249513957,1,1502.5144641236368,True
geometry_early_optical_clear_probe,4249513957,6,1526.5144641236368,False
geometry_early_optical_clear_probe,4249513957,7,1532.5144641236368,False
geometry_early_optical_clear_probe,4249513957,13,1785.7144641236368,False
geometry_early_optical_clear_probe,4249513957,8,1803.7144641236368,True
geometry_early_optical_clear_probe,4249513957,12,2166.366192640836,False
geometry_early_optical_clear_probe,4249513957,14,2652.160425892655,True
geometry_early_optical_clear_probe,4249513957,15,4071.0822205214226,True
geometry_early_optical_clear_probe,3815761003,1,5.0,False
geometry_early_optical_clear_probe,3815761003,3,17.0,False
geometry_early_optical_clear_probe,3815761003,11,65.0,True
geometry_early_optical_clear_probe,3815761003,20,119.0,False
geometry_early_optical_clear_probe,3815761003,17,288.2,False
geometry_early_optical_clear_probe,3815761003,10,875.4735141231388,False
geometry_early_optical_clear_probe,3815761003,5,1042.736972989235,False
geometry_early_optical_clear_probe,3815761003,14,1096.736972989235,True
geometry_early_optical_clear_probe,3815761003,16,4417.439311099377,True
geometry_early_optical_clear_probe,3815761003,18,4423.439311099377,True
geometry_early_optical_clear_probe,1921127191,4,23.0,False
geometry_early_optical_clear_probe,1921127191,11,65.0,False
geometry_early_optical_clear_probe,1921127191,14,83.0,False
geometry_early_optical_clear_probe,1921127191,17,101.0,True
geometry_early_optical_clear_probe,1921127191,19,113.0,False
geometry_early_optical_clear_probe,1921127191,20,270.2,True
geometry_early_optical_clear_probe,1921127191,13,312.2,True
geometry_early_optical_clear_probe,1921127191,6,354.2,True
geometry_early_optical_clear_probe,1921127191,18,564.4166670215501,False
geometry_early_optical_clear_probe,1921127191,10,1418.3687926735845,True
geometry_early_optical_clear_probe,1921127191,16,2196.9506331582256,False
geometry_early_optical_clear_probe,1921127191,2,2439.4170770359733,False
geometry_early_optical_clear_probe,3099833147,1,5.0,False
geometry_early_optical_clear_probe,3099833147,11,65.0,False
geometry_early_optical_clear_probe,3099833147,14,83.0,True
geometry_early_optical_clear_probe,3099833147,17,101.0,False
geometry_early_optical_clear_probe,3099833147,16,294.2,False
geometry_early_optical_clear_probe,3099833147,7,348.2,False
geometry_early_optical_clear_probe,3099833147,4,366.2,False
geometry_early_optical_clear_probe,3099833147,9,583.4,True
geometry_early_optical_clear_probe,3099833147,12,1137.5790013120627,True
geometry_early_optical_clear_probe,3099833147,19,1325.622305771799,True
geometry_early_optical_clear_probe,3099833147,8,1899.378133944263,True
geometry_early_optical_clear_probe,3099833147,18,2245.0728955337286,False
geometry_early_optical_clear_probe,3099833147,20,2362.915576517942,True
geometry_early_optical_clear_probe,3099833147,6,5183.608985575043,False
geometry_early_optical_clear_probe,4039426625,3,17.0,True
geometry_early_optical_clear_probe,4039426625,4,23.0,False
geometry_early_optical_clear_probe,4039426625,5,29.0,False
geometry_early_optical_clear_probe,4039426625,7,41.0,False
geometry_early_optical_clear_probe,4039426625,11,65.0,False
geometry_early_optical_clear_probe,4039426625,13,77.0,False
geometry_early_optical_clear_probe,4039426625,17,101.0,False
geometry_early_optical_clear_probe,4039426625,20,119.0,False
geometry_early_optical_clear_probe,4039426625,18,282.2,False
geometry_early_optical_clear_probe,4039426625,6,354.2,True
geometry_early_optical_clear_probe,4039426625,1,384.2,False
geometry_early_optical_clear_probe,4039426625,15,1736.3445400845696,False
geometry_early_optical_clear_probe,4039426625,19,4602.784727133296,True
geometry_early_optical_clear_probe,1376271311,7,41.0,True
geometry_early_optical_clear_probe,1376271311,14,83.0,False
geometry_early_optical_clear_probe,1376271311,16,95.0,True
geometry_early_optical_clear_probe,1376271311,20,270.2,False
geometry_early_optical_clear_probe,1376271311,17,288.2,False
geometry_early_optical_clear_probe,1376271311,13,312.2,True
geometry_early_optical_clear_probe,1376271311,5,360.2,False
geometry_early_optical_clear_probe,1376271311,11,813.2873663022604,False
geometry_early_optical_clear_probe,1376271311,10,819.2873663022604,True
geometry_early_optical_clear_probe,1376271311,9,825.2873663022604,False
geometry_early_optical_clear_probe,1376271311,4,849.2873663022604,False
geometry_early_optical_clear_probe,1376271311,15,1084.4873663022604,False
geometry_early_optical_clear_probe,1376271311,18,1277.6873663022604,True
geometry_early_optical_clear_probe,1376271311,1,1355.6873663022604,False
geometry_early_optical_clear_probe,1376271311,6,1524.8873663022605,False
geometry_early_optical_clear_probe,33741090,1,5.0,False
geometry_early_optical_clear_probe,33741090,3,17.0,False
geometry_early_optical_clear_probe,33741090,4,23.0,False
geometry_early_optical_clear_probe,33741090,6,35.0,False
geometry_early_optical_clear_probe,33741090,7,41.0,False
geometry_early_optical_clear_probe,33741090,10,59.0,False
geometry_early_optical_clear_probe,33741090,13,77.0,False
geometry_early_optical_clear_probe,33741090,17,101.0,True
geometry_early_optical_clear_probe,33741090,20,119.0,False
geometry_early_optical_clear_probe,33741090,18,2903.915894712167,False
geometry_early_optical_clear_probe,33741090,2,2957.915894712167,True
geometry_early_optical_clear_probe,33741090,14,3356.3158947121665,False
geometry_early_optical_clear_probe,33741090,19,3761.715894712166,True
geometry_early_optical_clear_probe,33741090,15,4689.772241705992,True
geometry_early_optical_clear_probe,33741090,11,4888.972241705992,False
geometry_early_optical_clear_probe,33741090,16,4906.972241705992,False
geometry_early_optical_clear_probe,1937491227,2,11.0,False
geometry_early_optical_clear_probe,1937491227,7,41.0,False
geometry_early_optical_clear_probe,1937491227,9,53.0,False
geometry_early_optical_clear_probe,1937491227,14,83.0,True
geometry_early_optical_clear_probe,1937491227,16,95.0,False
geometry_early_optical_clear_probe,1937491227,13,312.2,False
geometry_early_optical_clear_probe,1937491227,11,324.2,False
geometry_early_optical_clear_probe,1937491227,6,354.2,False
geometry_early_optical_clear_probe,1937491227,17,636.8886067221724,False
geometry_early_optical_clear_probe,1937491227,8,873.0403503191596,True
geometry_early_optical_clear_probe,1937491227,1,2824.3094471736404,True
geometry_early_optical_clear_probe,1937491227,10,2860.3094471736404,False
geometry_early_optical_clear_probe,1937491227,18,2878.3094471736404,True
geometry_early_optical_clear_probe,1937491227,3,3095.50944717364,True
geometry_early_optical_clear_probe,1937491227,20,3700.3411724653265,False
geometry_early_optical_clear_probe,1937491227,12,3869.5411724653263,False
geometry_early_optical_clear_probe,44186790,2,11.0,False
geometry_early_optical_clear_probe,44186790,5,29.0,False
geometry_early_optical_clear_probe,44186790,7,41.0,False
geometry_early_optical_clear_probe,44186790,9,53.0,True
geometry_early_optical_clear_probe,44186790,19,276.2,False
geometry_early_optical_clear_probe,44186790,10,1077.8,True
geometry_early_optical_clear_probe,44186790,1,3082.0321320405947,True
geometry_early_optical_clear_probe,44186790,11,4726.798984291099,True
geometry_early_optical_clear_probe,44186790,4,4744.798984291099,True
geometry_early_optical_clear_probe,44186790,13,5161.198984291099,False
geometry_early_optical_clear_probe,44186790,3,5197.198984291099,True
geometry_early_optical_clear_probe,44186790,6,5538.425086663418,True
geometry_early_optical_clear_probe,44186790,14,5562.425086663418,False
geometry_early_optical_clear_probe,44186790,20,5822.4426858953775,False
geometry_early_optical_clear_probe,44186790,15,5846.4426858953775,False
geometry_early_optical_clear_probe,741008066,7,41.0,True
geometry_early_optical_clear_probe,741008066,15,89.0,False
geometry_early_optical_clear_probe,741008066,2,378.2,True
geometry_early_optical_clear_probe,741008066,5,884.6340785241728,True
geometry_early_optical_clear_probe,741008066,4,890.6340785241728,False
geometry_early_optical_clear_probe,741008066,1,3197.6396413047246,True
geometry_early_optical_clear_probe,741008066,19,3595.0541672372688,False
geometry_early_optical_clear_probe,741008066,14,3619.0541672372688,True
geometry_early_optical_clear_probe,741008066,16,4085.9553419420236,True
geometry_early_optical_clear_probe,741008066,17,5153.955341942023,True
geometry_early_optical_clear_probe,741008066,13,6258.317102096397,True
geometry_early_optical_clear_probe,1754193912,1,5.0,True
geometry_early_optical_clear_probe,1754193912,3,17.0,True
geometry_early_optical_clear_probe,1754193912,7,41.0,True
geometry_early_optical_clear_probe,1754193912,8,47.0,False
geometry_early_optical_clear_probe,1754193912,12,71.0,True
geometry_early_optical_clear_probe,1754193912,18,282.2,True
geometry_early_optical_clear_probe,1754193912,9,336.2,True
geometry_early_optical_clear_probe,1754193912,2,954.6140817608734,True
geometry_early_optical_clear_probe,1754193912,14,1359.164386631591,False
geometry_early_optical_clear_probe,1754193912,16,1610.2583128076026,True
geometry_early_optical_clear_probe,1754193912,4,4121.203290015236,True
geometry_early_optical_clear_probe,1754193912,17,4175.203290015236,True
geometry_early_optical_clear_probe,1754193912,6,4398.403290015236,True
geometry_early_optical_clear_probe,1754193912,11,5324.3951627159595,False
geometry_early_optical_clear_probe,1754193912,19,5348.3951627159595,False
geometry_early_optical_clear_probe,1754193912,5,6162.799835350073,True
geometry_early_optical_clear_probe,2721133735,3,17.0,True
geometry_early_optical_clear_probe,2721133735,4,23.0,True
geometry_early_optical_clear_probe,2721133735,11,65.0,False
geometry_early_optical_clear_probe,2721133735,12,71.0,True
geometry_early_optical_clear_probe,2721133735,16,294.2,False
geometry_early_optical_clear_probe,2721133735,15,300.2,True
geometry_early_optical_clear_probe,2721133735,5,360.2,True
geometry_early_optical_clear_probe,2721133735,2,978.6987504939622,True
geometry_early_optical_clear_probe,2721133735,17,2413.9203012463486,True
geometry_early_optical_clear_probe,2721133735,18,4293.327264335602,True
geometry_early_optical_clear_probe,2721133735,20,4305.327264335602,False
geometry_early_optical_clear_probe,2721133735,9,4703.727264335602,False
geometry_early_optical_clear_probe,2721133735,13,4715.727264335602,True
geometry_early_optical_clear_probe,4221582829,3,17.0,False
geometry_early_optical_clear_probe,4221582829,4,23.0,True
geometry_early_optical_clear_probe,4221582829,6,35.0,False
geometry_early_optical_clear_probe,4221582829,10,59.0,True
geometry_early_optical_clear_probe,4221582829,15,89.0,False
geometry_early_optical_clear_probe,4221582829,16,95.0,False
geometry_early_optical_clear_probe,4221582829,19,113.0,True
geometry_early_optical_clear_probe,4221582829,20,119.0,True
geometry_early_optical_clear_probe,4221582829,8,342.2,False
geometry_early_optical_clear_probe,4221582829,14,1755.5356961349273,True
geometry_early_optical_clear_probe,4221582829,18,2032.7356961349274,True
geometry_early_optical_clear_probe,4221582829,5,4468.908120767045,True
geometry_early_optical_clear_probe,4221582829,11,5595.313818897825,False
geometry_early_optical_clear_probe,122254735,1,5.0,True
geometry_early_optical_clear_probe,122254735,2,11.0,False
geometry_early_optical_clear_probe,122254735,3,17.0,False
geometry_early_optical_clear_probe,122254735,8,47.0,True
geometry_early_optical_clear_probe,122254735,9,53.0,True
geometry_early_optical_clear_probe,122254735,11,65.0,False
geometry_early_optical_clear_probe,122254735,16,95.0,False
geometry_early_optical_clear_probe,122254735,20,119.0,False
geometry_early_optical_clear_probe,122254735,12,551.0248588543668,False
geometry_early_optical_clear_probe,122254735,15,569.0248588543668,True
geometry_early_optical_clear_probe,122254735,5,3388.9159428772496,False
geometry_early_optical_clear_probe,122254735,13,5558.268861236174,True
geometry_early_optical_clear_probe,122254735,7,6765.468861236173,True
geometry_early_optical_clear_probe,3610586702,2,11.0,True
geometry_early_optical_clear_probe,3610586702,15,89.0,False
geometry_early_optical_clear_probe,3610586702,12,318.2,False
geometry_early_optical_clear_probe,3610586702,3,372.2,False
geometry_early_optical_clear_probe,3610586702,16,703.2237614325511,False
geometry_early_optical_clear_probe,3610586702,19,1191.6237614325512,False
geometry_early_optical_clear_probe,3610586702,17,1203.6237614325512,True
geometry_early_optical_clear_probe,3610586702,13,1221.6237614325512,True
geometry_early_optical_clear_probe,3610586702,7,1456.8237614325512,False
geometry_early_optical_clear_probe,3610586702,10,1907.2661862635487,False
geometry_early_optical_clear_probe,3610586702,18,2299.3375065042733,True
geometry_early_optical_clear_probe,3610586702,8,5435.482831763672,True
geometry_early_optical_clear_probe,1715221187,5,29.0,False
geometry_early_optical_clear_probe,1715221187,6,35.0,False
geometry_early_optical_clear_probe,1715221187,7,41.0,True
geometry_early_optical_clear_probe,1715221187,8,47.0,True
geometry_early_optical_clear_probe,1715221187,12,71.0,False
geometry_early_optical_clear_probe,1715221187,13,77.0,True
geometry_early_optical_clear_probe,1715221187,14,83.0,False
geometry_early_optical_clear_probe,1715221187,17,101.0,False
geometry_early_optical_clear_probe,1715221187,18,107.0,False
geometry_early_optical_clear_probe,1715221187,20,119.0,False
geometry_early_optical_clear_probe,1715221187,4,366.2,False
geometry_early_optical_clear_probe,1715221187,2,378.2,False
geometry_early_optical_clear_probe,1715221187,1,384.2,False
geometry_early_optical_clear_probe,1715221187,11,643.179711042201,False
geometry_early_optical_clear_probe,1715221187,3,942.6980955739252,False
geometry_early_optical_clear_probe,1715221187,16,3866.9328987250055,True
geometry_early_optical_clear_probe,2477317554,8,47.0,False
geometry_early_optical_clear_probe,2477317554,11,65.0,True
geometry_early_optical_clear_probe,2477317554,14,83.0,False
geometry_early_optical_clear_probe,2477317554,15,89.0,False
geometry_early_optical_clear_probe,2477317554,1,1457.203355523711,True
geometry_early_optical_clear_probe,2477317554,13,1746.403355523711,True
geometry_early_optical_clear_probe,2477317554,3,4143.41932757638,True
geometry_early_optical_clear_probe,2477317554,2,4612.9296531754435,True
geometry_early_optical_clear_probe,2477317554,16,5565.67335881583,True
geometry_early_optical_clear_probe,2477317554,7,5595.67335881583,False
geometry_early_optical_clear_probe,2477317554,9,7101.86490168252,True
geometry_early_optical_clear_probe,3602397097,4,23.0,False
geometry_early_optical_clear_probe,3602397097,5,29.0,False
geometry_early_optical_clear_probe,3602397097,6,35.0,False
geometry_early_optical_clear_probe,3602397097,7,41.0,True
geometry_early_optical_clear_probe,3602397097,13,77.0,False
geometry_early_optical_clear_probe,3602397097,18,107.0,False
geometry_early_optical_clear_probe,3602397097,20,119.0,False
geometry_early_optical_clear_probe,3602397097,16,294.2,True
geometry_early_optical_clear_probe,3602397097,15,1258.211464696832,True
geometry_early_optical_clear_probe,3602397097,9,1505.4114646968321,True
geometry_early_optical_clear_probe,3602397097,11,3023.7620123124793,True
geometry_early_optical_clear_probe,3602397097,17,3452.162012312479,False
geometry_early_optical_clear_probe,3602397097,1,5021.391739549201,False
geometry_early_optical_clear_probe,1741166698,7,41.0,False
geometry_early_optical_clear_probe,1741166698,10,59.0,False
geometry_early_optical_clear_probe,1741166698,13,77.0,False
geometry_early_optical_clear_probe,1741166698,14,83.0,False
geometry_early_optical_clear_probe,1741166698,15,89.0,False
geometry_early_optical_clear_probe,1741166698,20,119.0,False
geometry_early_optical_clear_probe,1741166698,1,506.91697729952705,True
geometry_early_optical_clear_probe,1741166698,8,542.916977299527,False
geometry_early_optical_clear_probe,1741166698,11,764.7043719561249,True
geometry_early_optical_clear_probe,1741166698,5,788.7043719561249,False
geometry_early_optical_clear_probe,1741166698,9,1588.0983105727776,True
geometry_early_optical_clear_probe,1741166698,19,4357.958931630078,False
geometry_early_optical_clear_probe,2526342581,1,5.0,True
geometry_early_optical_clear_probe,2526342581,3,17.0,False
geometry_early_optical_clear_probe,2526342581,15,89.0,True
geometry_early_optical_clear_probe,2526342581,19,113.0,False
geometry_early_optical_clear_probe,2526342581,16,294.2,True
geometry_early_optical_clear_probe,2526342581,12,318.2,False
geometry_early_optical_clear_probe,2526342581,11,324.2,False
geometry_early_optical_clear_probe,2526342581,4,366.2,True
geometry_early_optical_clear_probe,2526342581,7,558.2055717811477,False
geometry_early_optical_clear_probe,2526342581,10,576.2055717811477,True
geometry_early_optical_clear_probe,2526342581,9,767.4890419549407,False
geometry_early_optical_clear_probe,2526342581,18,998.7077228209084,False
geometry_early_optical_clear_probe,2526342581,13,3080.424497835546,True
geometry_early_optical_clear_probe,2526342581,6,3882.697068694847,True
geometry_early_optical_clear_probe,2526342581,5,3888.697068694847,False
geometry_early_optical_clear_probe,357654318,2,11.0,True
geometry_early_optical_clear_probe,357654318,3,17.0,True
geometry_early_optical_clear_probe,357654318,6,35.0,False
geometry_early_optical_clear_probe,357654318,7,41.0,False
geometry_early_optical_clear_probe,357654318,9,53.0,False
geometry_early_optical_clear_probe,357654318,12,71.0,False
geometry_early_optical_clear_probe,357654318,14,83.0,False
geometry_early_optical_clear_probe,357654318,16,95.0,False
geometry_early_optical_clear_probe,357654318,17,101.0,False
geometry_early_optical_clear_probe,357654318,19,113.0,False
geometry_early_optical_clear_probe,357654318,5,360.2,False
geometry_early_optical_clear_probe,357654318,8,511.51912693547877,True
geometry_early_optical_clear_probe,357654318,4,742.7717396089067,False
geometry_early_optical_clear_probe,357654318,10,1959.965637235945,True
geometry_early_optical_clear_probe,357654318,20,2270.6121754434434,True
geometry_early_optical_clear_probe,357654318,13,3829.0922469510965,True
geometry_early_optical_clear_probe,2864314113,3,17.0,False
geometry_early_optical_clear_probe,2864314113,9,53.0,False
geometry_early_optical_clear_probe,2864314113,10,59.0,False
geometry_early_optical_clear_probe,2864314113,12,71.0,True
geometry_early_optical_clear_probe,2864314113,14,83.0,False
geometry_early_optical_clear_probe,2864314113,19,276.2,False
geometry_early_optical_clear_probe,2864314113,2,468.97059789104475,False
geometry_early_optical_clear_probe,2864314113,7,846.0417868805682,True
geometry_early_optical_clear_probe,2864314113,8,852.0417868805682,True
geometry_early_optical_clear_probe,2864314113,18,1087.9854212204993,False
geometry_early_optical_clear_probe,2864314113,17,1511.496627716685,False
geometry_early_optical_clear_probe,2864314113,13,4442.230327182079,False
geometry_early_optical_clear_probe,2864314113,16,4876.630327182079,True
geometry_early_optical_clear_probe,2864314113,6,6933.416194679346,True
geometry_early_optical_clear_probe,2512934653,6,35.0,True
geometry_early_optical_clear_probe,2512934653,12,71.0,True
geometry_early_optical_clear_probe,2512934653,14,83.0,False
geometry_early_optical_clear_probe,2512934653,15,89.0,False
geometry_early_optical_clear_probe,2512934653,17,101.0,False
geometry_early_optical_clear_probe,2512934653,5,762.2071635378943,True
geometry_early_optical_clear_probe,2512934653,11,1727.0071635378945,True
geometry_early_optical_clear_probe,2512934653,13,2398.190589910128,False
geometry_early_optical_clear_probe,2512934653,16,3339.54447423501,True
geometry_early_optical_clear_probe,2512934653,19,3616.74447423501,False
geometry_early_optical_clear_probe,2512934653,7,3821.9444742350097,True
geometry_early_optical_clear_probe,2512934653,10,6220.69545686084,True
geometry_early_optical_clear_probe,2512934653,9,6441.363794544347,True
geometry_early_optical_clear_probe,2512934653,2,7747.780233009408,True
geometry_early_optical_clear_probe,1904930480,2,11.0,True
geometry_early_optical_clear_probe,1904930480,5,29.0,False
geometry_early_optical_clear_probe,1904930480,12,71.0,False
geometry_early_optical_clear_probe,1904930480,18,282.2,True
geometry_early_optical_clear_probe,1904930480,15,300.2,True
geometry_early_optical_clear_probe,1904930480,13,312.2,False
geometry_early_optical_clear_probe,1904930480,7,348.2,False
geometry_early_optical_clear_probe,1904930480,4,547.4,False
geometry_early_optical_clear_probe,1904930480,17,2544.2858517334234,False
geometry_early_optical_clear_probe,1904930480,19,3595.5556369524065,True
geometry_early_optical_clear_probe,1904930480,14,4135.622525651636,True
geometry_early_optical_clear_probe,4121410937,1,5.0,True
geometry_early_optical_clear_probe,4121410937,8,47.0,False
geometry_early_optical_clear_probe,4121410937,12,71.0,False
geometry_early_optical_clear_probe,4121410937,15,89.0,False
geometry_early_optical_clear_probe,4121410937,7,348.2,False
geometry_early_optical_clear_probe,4121410937,3,372.2,True
geometry_early_optical_clear_probe,4121410937,6,501.9398055737326,True
geometry_early_optical_clear_probe,4121410937,20,687.9136403502907,True
geometry_early_optical_clear_probe,4121410937,17,1429.4208031796993,False
geometry_early_optical_clear_probe,4121410937,14,3343.937399696267,True
geometry_early_optical_clear_probe,4121410937,11,4950.927144083792,True
geometry_early_optical_clear_probe,3084649638,9,53.0,False
geometry_early_optical_clear_probe,3084649638,11,65.0,False
geometry_early_optical_clear_probe,3084649638,15,89.0,False
geometry_early_optical_clear_probe,3084649638,16,95.0,False
geometry_early_optical_clear_probe,3084649638,8,342.2,False
geometry_early_optical_clear_probe,3084649638,5,1016.1279923740012,True
geometry_early_optical_clear_probe,3084649638,12,1594.9431018655193,False
geometry_early_optical_clear_probe,3084649638,20,1636.9431018655193,True
geometry_early_optical_clear_probe,3084649638,4,2017.5921116305271,True
geometry_early_optical_clear_probe,3084649638,18,2071.592111630527,False
geometry_early_optical_clear_probe,3084649638,17,3077.6715769370003,True
geometry_early_optical_clear_probe,3084649638,13,3252.871576937,True
geometry_early_optical_clear_probe,3686558023,6,35.0,False
geometry_early_optical_clear_probe,3686558023,7,41.0,True
geometry_early_optical_clear_probe,3686558023,8,47.0,False
geometry_early_optical_clear_probe,3686558023,10,59.0,False
geometry_early_optical_clear_probe,3686558023,16,95.0,True
geometry_early_optical_clear_probe,3686558023,19,113.0,False
geometry_early_optical_clear_probe,3686558023,20,270.2,True
geometry_early_optical_clear_probe,3686558023,17,288.2,False
geometry_early_optical_clear_probe,3686558023,13,312.2,False
geometry_early_optical_clear_probe,3686558023,11,537.5174732802102,True
geometry_early_optical_clear_probe,3686558023,4,789.1398316255975,True
geometry_early_optical_clear_probe,3686558023,12,1020.9671833180661,True
geometry_early_optical_clear_probe,3686558023,9,1244.167183318066,False
geometry_early_optical_clear_probe,3686558023,14,1672.567183318066,True
geometry_early_optical_clear_probe,3686558023,2,1720.567183318066,True
geometry_early_optical_clear_probe,3363978772,2,11.0,False
geometry_early_optical_clear_probe,3363978772,10,59.0,True
geometry_early_optical_clear_probe,3363978772,14,83.0,False
geometry_early_optical_clear_probe,3363978772,17,101.0,True
geometry_early_optical_clear_probe,3363978772,1,1019.7699983727769,False
geometry_early_optical_clear_probe,3363978772,4,1344.969998372777,True
geometry_early_optical_clear_probe,3363978772,5,1750.3964743745478,False
geometry_early_optical_clear_probe,3363978772,13,2443.9964743745477,True
geometry_early_optical_clear_probe,3363978772,7,2872.3964743745473,True
geometry_early_optical_clear_probe,3363978772,8,3143.9306915839475,True
geometry_early_optical_clear_probe,3363978772,6,3155.9306915839475,True
geometry_early_optical_clear_probe,3363978772,19,3591.177569553802,True
geometry_early_optical_clear_probe,3363978772,18,4992.258443897845,True
geometry_early_optical_clear_probe,2793396007,4,23.0,False
geometry_early_optical_clear_probe,2793396007,6,35.0,False
geometry_early_optical_clear_probe,2793396007,8,47.0,False
geometry_early_optical_clear_probe,2793396007,9,53.0,True
geometry_early_optical_clear_probe,2793396007,10,59.0,True
geometry_early_optical_clear_probe,2793396007,16,95.0,True
geometry_early_optical_clear_probe,2793396007,20,119.0,True
geometry_early_optical_clear_probe,2793396007,5,360.2,True
geometry_early_optical_clear_probe,2793396007,3,1236.944924701777,False
geometry_early_optical_clear_probe,2793396007,12,1495.6357086233288,False
geometry_early_optical_clear_probe,2793396007,11,1736.8357086233289,True
geometry_early_optical_clear_probe,2793396007,15,2986.485167466598,True
geometry_early_optical_clear_probe,2793396007,14,3395.409435806226,True
geometry_early_optical_clear_probe,2793396007,7,6086.299887317934,True
geometry_early_optical_clear_probe,2268074891,12,71.0,False
geometry_early_optical_clear_probe,2268074891,13,77.0,True
geometry_early_optical_clear_probe,2268074891,15,89.0,False
geometry_early_optical_clear_probe,2268074891,20,119.0,True
geometry_early_optical_clear_probe,2268074891,16,294.2,True
geometry_early_optical_clear_probe,2268074891,10,330.2,False
geometry_early_optical_clear_probe,2268074891,9,336.2,True
geometry_early_optical_clear_probe,2268074891,2,541.4,False
geometry_early_optical_clear_probe,2268074891,4,1331.3467481018233,False
geometry_early_optical_clear_probe,2268074891,3,1787.8395475779898,True
geometry_early_optical_clear_probe,2268074891,19,6096.557606716244,True
geometry_early_optical_clear_probe,1399164796,8,47.0,False
geometry_early_optical_clear_probe,1399164796,20,119.0,True
geometry_early_optical_clear_probe,1399164796,3,372.2,True
geometry_early_optical_clear_probe,1399164796,1,384.2,True
geometry_early_optical_clear_probe,1399164796,7,571.4,False
geometry_early_optical_clear_probe,1399164796,10,1903.1445661423825,False
geometry_early_optical_clear_probe,1399164796,16,2095.778745378991,False
geometry_early_optical_clear_probe,1399164796,13,2566.7744973645727,True
geometry_early_optical_clear_probe,1399164796,2,4694.824493459051,True
geometry_early_optical_clear_probe,1399164796,17,4936.024493459051,True
geometry_early_optical_clear_probe,1399164796,14,4954.024493459051,True
geometry_early_optical_clear_probe,1399164796,5,5115.235951231264,False
geometry_early_optical_clear_probe,1399164796,11,6227.403374502226,True
geometry_early_optical_clear_probe,4153552608,2,11.0,True
geometry_early_optical_clear_probe,4153552608,3,17.0,False
geometry_early_optical_clear_probe,4153552608,11,65.0,False
geometry_early_optical_clear_probe,4153552608,12,71.0,False
geometry_early_optical_clear_probe,4153552608,15,300.2,False
geometry_early_optical_clear_probe,4153552608,10,1052.2773292672352,True
geometry_early_optical_clear_probe,4153552608,17,1390.4545894334692,False
geometry_early_optical_clear_probe,4153552608,9,1426.4545894334692,True
geometry_early_optical_clear_probe,4153552608,19,2664.593368938149,True
geometry_early_optical_clear_probe,4153552608,16,4371.268697852007,False
geometry_early_optical_clear_probe,4153552608,14,4612.468697852007,True
geometry_early_optical_clear_probe,3438700010,4,23.0,True
geometry_early_optical_clear_probe,3438700010,11,65.0,False
geometry_early_optical_clear_probe,3438700010,12,71.0,False
geometry_early_optical_clear_probe,3438700010,13,312.2,False
geometry_early_optical_clear_probe,3438700010,8,342.2,True
geometry_early_optical_clear_probe,3438700010,6,354.2,True
geometry_early_optical_clear_probe,3438700010,15,619.4,True
geometry_early_optical_clear_probe,3438700010,7,2554.4960384987266,True
geometry_early_optical_clear_probe,3438700010,1,2741.6960384987265,False
geometry_early_optical_clear_probe,3438700010,5,2765.6960384987265,False
geometry_early_optical_clear_probe,3438700010,20,2825.6960384987265,False
geometry_early_optical_clear_probe,3438700010,18,2988.8960384987263,True
geometry_early_optical_clear_probe,3438700010,14,4128.896038498726,True
geometry_early_optical_clear_probe,3438700010,19,5455.030156756173,False
geometry_early_optical_clear_probe,3505654149,3,17.0,True
geometry_early_optical_clear_probe,3505654149,17,101.0,True
geometry_early_optical_clear_probe,3505654149,18,282.2,False
geometry_early_optical_clear_probe,3505654149,14,306.2,False
geometry_early_optical_clear_probe,3505654149,13,312.2,True
geometry_early_optical_clear_probe,3505654149,6,354.2,True
geometry_early_optical_clear_probe,3505654149,4,547.4,False
geometry_early_optical_clear_probe,3505654149,15,826.5791634779167,False
geometry_early_optical_clear_probe,3505654149,9,856.5791634779167,True
geometry_early_optical_clear_probe,3505654149,16,1103.7791634779167,False
geometry_early_optical_clear_probe,3505654149,5,1332.9791634779167,False
geometry_early_optical_clear_probe,3505654149,2,3829.5244357118854,True
geometry_early_optical_clear_probe,3505654149,10,3853.5244357118854,False
geometry_early_optical_clear_probe,3505654149,12,4040.7244357118852,True
geometry_early_optical_clear_probe,3505654149,11,4046.7244357118852,True
geometry_early_optical_clear_probe,1519472544,1,5.0,True
geometry_early_optical_clear_probe,1519472544,2,11.0,False
geometry_early_optical_clear_probe,1519472544,3,17.0,True
geometry_early_optical_clear_probe,1519472544,6,35.0,True
geometry_early_optical_clear_probe,1519472544,14,83.0,True
geometry_early_optical_clear_probe,1519472544,5,360.2,True
geometry_early_optical_clear_probe,1519472544,4,1763.1574601833088,False
geometry_early_optical_clear_probe,1519472544,11,1960.8076108586101,False
geometry_early_optical_clear_probe,1519472544,15,1984.8076108586101,False
geometry_early_optical_clear_probe,1519472544,19,2172.00761085861,True
geometry_early_optical_clear_probe,1519472544,10,2226.00761085861,False
geometry_early_optical_clear_probe,1519472544,12,4209.395892094104,True
geometry_early_optical_clear_probe,1519472544,8,4221.395892094104,False
geometry_early_optical_clear_probe,1519472544,9,6881.6515194069125,True
geometry_early_optical_clear_probe,1519472544,16,8000.537164049503,True
geometry_early_optical_clear_probe,2728198652,4,23.0,True
geometry_early_optical_clear_probe,2728198652,6,35.0,False
geometry_early_optical_clear_probe,2728198652,10,59.0,False
geometry_early_optical_clear_probe,2728198652,12,71.0,True
geometry_early_optical_clear_probe,2728198652,16,95.0,True
geometry_early_optical_clear_probe,2728198652,18,107.0,True
geometry_early_optical_clear_probe,2728198652,13,312.2,False
geometry_early_optical_clear_probe,2728198652,9,336.2,True
geometry_early_optical_clear_probe,2728198652,8,342.2,True
geometry_early_optical_clear_probe,2728198652,2,378.2,False
geometry_early_optical_clear_probe,2728198652,15,640.9346235917799,True
geometry_early_optical_clear_probe,2728198652,14,810.903816504829,True
geometry_early_optical_clear_probe,2728198652,1,2034.7366974774018,True
geometry_early_optical_clear_probe,2728198652,17,2094.736697477402,False
geometry_early_optical_clear_probe,2728198652,3,3113.8704733979403,False
geometry_early_optical_clear_probe,2563630127,3,17.0,True
geometry_early_optical_clear_probe,2563630127,15,89.0,False
geometry_early_optical_clear_probe,2563630127,19,113.0,True
geometry_early_optical_clear_probe,2563630127,18,282.2,True
geometry_early_optical_clear_probe,2563630127,13,312.2,False
geometry_early_optical_clear_probe,2563630127,4,553.4,True
geometry_early_optical_clear_probe,2563630127,16,625.4,False
geometry_early_optical_clear_probe,2563630127,20,800.5999999999999,False
geometry_early_optical_clear_probe,2563630127,9,866.5999999999999,True
geometry_early_optical_clear_probe,2563630127,6,884.5999999999999,True
geometry_early_optical_clear_probe,2563630127,12,1119.8,True
geometry_early_optical_clear_probe,2563630127,14,2005.9772811394694,True
geometry_early_optical_clear_probe,2563630127,11,2211.1772811394694,False
geometry_early_optical_clear_probe,2563630127,10,3527.513973349367,True
geometry_early_optical_clear_probe,2563630127,7,6636.977920909639,False
geometry_early_optical_clear_probe,3834369256,3,17.0,False
geometry_early_optical_clear_probe,3834369256,4,23.0,False
geometry_early_optical_clear_probe,3834369256,7,41.0,False
geometry_early_optical_clear_probe,3834369256,11,65.0,False
geometry_early_optical_clear_probe,3834369256,12,71.0,False
geometry_early_optical_clear_probe,3834369256,17,101.0,False
geometry_early_optical_clear_probe,3834369256,14,306.2,False
geometry_early_optical_clear_probe,3834369256,19,631.4,True
geometry_early_optical_clear_probe,3834369256,13,833.9671901450412,True
geometry_early_optical_clear_probe,3834369256,15,1614.9364252242312,False
geometry_early_optical_clear_probe,3834369256,20,2043.3364252242313,True
geometry_early_optical_clear_probe,279244324,8,47.0,False
geometry_early_optical_clear_probe,279244324,11,65.0,False
geometry_early_optical_clear_probe,279244324,18,107.0,False
geometry_early_optical_clear_probe,279244324,7,348.2,True
geometry_early_optical_clear_probe,279244324,2,378.2,True
geometry_early_optical_clear_probe,279244324,1,1233.9271721432397,True
geometry_early_optical_clear_probe,279244324,13,1406.2645025840184,True
geometry_early_optical_clear_probe,279244324,10,1695.8576436640917,False
geometry_early_optical_clear_probe,279244324,16,3351.0616852864237,True
geometry_early_optical_clear_probe,279244324,14,3550.2616852864235,False
geometry_early_optical_clear_probe,279244324,6,3977.9993129740924,False
geometry_early_optical_clear_probe,279244324,17,6283.759805685502,True
geometry_early_optical_clear_probe,2721182960,1,5.0,False
geometry_early_optical_clear_probe,2721182960,3,17.0,True
geometry_early_optical_clear_probe,2721182960,19,113.0,False
geometry_early_optical_clear_probe,2721182960,12,318.2,True
geometry_early_optical_clear_probe,2721182960,9,336.2,False
geometry_early_optical_clear_probe,2721182960,2,378.2,False
geometry_early_optical_clear_probe,2721182960,11,2765.771054836829,True
geometry_early_optical_clear_probe,2721182960,8,3012.971054836829,True
geometry_early_optical_clear_probe,2721182960,5,3194.1710548368287,True
geometry_early_optical_clear_probe,2721182960,10,4295.377827047055,True
geometry_early_optical_clear_probe,2721182960,15,5357.377827047054,True
geometry_early_optical_clear_probe,2721182960,4,5954.977827047053,False
geometry_early_optical_clear_probe,1824521833,5,29.0,True
geometry_early_optical_clear_probe,1824521833,11,65.0,False
geometry_early_optical_clear_probe,1824521833,12,71.0,False
geometry_early_optical_clear_probe,1824521833,14,83.0,False
geometry_early_optical_clear_probe,1824521833,18,107.0,False
geometry_early_optical_clear_probe,1824521833,19,113.0,True
geometry_early_optical_clear_probe,1824521833,20,119.0,True
geometry_early_optical_clear_probe,1824521833,7,348.2,False
geometry_early_optical_clear_probe,1824521833,1,2059.0012472124977,True
geometry_early_optical_clear_probe,1824521833,3,2071.0012472124977,True
geometry_early_optical_clear_probe,1824521833,13,2107.0012472124977,True
geometry_early_optical_clear_probe,1824521833,10,2300.2012472124975,True
geometry_early_optical_clear_probe,1824521833,9,4637.506689241039,True
geometry_early_optical_clear_probe,1824521833,6,4649.506689241039,True
geometry_early_optical_clear_probe,1824521833,4,6120.943797544671,True
geometry_early_optical_clear_probe,3673025854,19,276.2,True
geometry_early_optical_clear_probe,3673025854,18,282.2,False
geometry_early_optical_clear_probe,3673025854,6,565.4,True
geometry_early_optical_clear_probe,3673025854,15,619.4,True
geometry_early_optical_clear_probe,3673025854,16,625.4,True
geometry_early_optical_clear_probe,3673025854,5,1329.086246099503,False
geometry_early_optical_clear_probe,3673025854,10,1606.286246099503,False
geometry_early_optical_clear_probe,3673025854,9,1612.286246099503,True
geometry_early_optical_clear_probe,3673025854,8,3570.8927851857457,True
geometry_early_optical_clear_probe,3673025854,17,5047.761886943362,False
geometry_early_optical_clear_probe,2810160115,2,11.0,False
geometry_early_optical_clear_probe,2810160115,6,35.0,False
geometry_early_optical_clear_probe,2810160115,13,77.0,False
geometry_early_optical_clear_probe,2810160115,16,95.0,False
geometry_early_optical_clear_probe,2810160115,17,101.0,True
geometry_early_optical_clear_probe,2810160115,7,1059.2074134760594,True
geometry_early_optical_clear_probe,2810160115,19,1113.2074134760594,False
geometry_early_optical_clear_probe,2810160115,11,3572.8515851027096,True
geometry_early_optical_clear_probe,2810160115,12,3814.0515851027094,True
geometry_early_optical_clear_probe,2810160115,4,4264.794842913711,False
geometry_early_optical_clear_probe,2810160115,14,5123.440321614628,True
geometry_early_optical_clear_probe,1936440060,3,17.0,False
geometry_early_optical_clear_probe,1936440060,10,59.0,False
geometry_early_optical_clear_probe,1936440060,13,77.0,False
geometry_early_optical_clear_probe,1936440060,18,107.0,True
geometry_early_optical_clear_probe,1936440060,1,384.2,True
geometry_early_optical_clear_probe,1936440060,8,577.4,False
geometry_early_optical_clear_probe,1936440060,20,2362.9094687373217,True
geometry_early_optical_clear_probe,1936440060,14,2498.4612686430846,False
geometry_early_optical_clear_probe,1936440060,11,2760.3840606587755,True
geometry_early_optical_clear_probe,1936440060,9,4193.350294032516,True
geometry_early_optical_clear_probe,1936440060,15,4627.750294032516,True
geometry_early_optical_clear_probe,1936440060,17,4639.750294032516,False
geometry_early_optical_clear_probe,1936440060,12,5247.0459111868195,True
geometry_early_optical_clear_probe,1936440060,6,6132.131562836412,True
geometry_early_optical_clear_probe,1008981514,1,5.0,False
geometry_early_optical_clear_probe,1008981514,2,11.0,True
geometry_early_optical_clear_probe,1008981514,13,77.0,False
geometry_early_optical_clear_probe,1008981514,15,300.2,True
geometry_early_optical_clear_probe,1008981514,11,324.2,True
geometry_early_optical_clear_probe,1008981514,10,589.4,False
geometry_early_optical_clear_probe,1008981514,18,637.4,True
geometry_early_optical_clear_probe,1008981514,19,787.3854858951299,False
geometry_early_optical_clear_probe,1008981514,17,1262.8353960774416,False
geometry_early_optical_clear_probe,1008981514,12,1286.8353960774416,True
geometry_early_optical_clear_probe,1008981514,7,3667.6885403664514,True
geometry_early_optical_clear_probe,1008981514,5,5701.651857510487,True
geometry_early_optical_clear_probe,1008981514,6,5707.651857510487,True
geometry_early_optical_clear_probe,2924206655,8,47.0,False
geometry_early_optical_clear_probe,2924206655,13,77.0,False
geometry_early_optical_clear_probe,2924206655,18,282.2,True
geometry_early_optical_clear_probe,2924206655,15,300.2,False
geometry_early_optical_clear_probe,2924206655,10,330.2,True
geometry_early_optical_clear_probe,2924206655,5,360.2,True
geometry_early_optical_clear_probe,2924206655,4,366.2,False
geometry_early_optical_clear_probe,2924206655,7,844.2470271085028,False
geometry_early_optical_clear_probe,2924206655,6,3194.13113191646,True
geometry_early_optical_clear_probe,2924206655,3,3200.13113191646,True
geometry_early_optical_clear_probe,2924206655,14,3405.33113191646,False
geometry_early_optical_clear_probe,2924206655,17,3417.33113191646,True
geometry_early_optical_clear_probe,2924206655,19,3599.45312373894,True
geometry_early_optical_clear_probe,2924206655,16,3611.45312373894,False
geometry_early_optical_clear_probe,4216042375,3,17.0,False
geometry_early_optical_clear_probe,4216042375,4,23.0,False
geometry_early_optical_clear_probe,4216042375,6,35.0,True
geometry_early_optical_clear_probe,4216042375,14,83.0,True
geometry_early_optical_clear_probe,4216042375,12,318.2,True
geometry_early_optical_clear_probe,4216042375,8,342.2,True
geometry_early_optical_clear_probe,4216042375,1,587.5916085092364,True
geometry_early_optical_clear_probe,4216042375,5,909.7779558586843,True
geometry_early_optical_clear_probe,4216042375,10,3423.1468682151553,True
geometry_early_optical_clear_probe,4216042375,11,4708.346868215154,True
geometry_early_optical_clear_probe,4216042375,20,6493.89373070494,True
geometry_early_optical_clear_probe,2477532307,2,11.0,False
geometry_early_optical_clear_probe,2477532307,4,23.0,False
geometry_early_optical_clear_probe,2477532307,6,35.0,False
geometry_early_optical_clear_probe,2477532307,7,41.0,True
geometry_early_optical_clear_probe,2477532307,16,95.0,True
geometry_early_optical_clear_probe,2477532307,13,312.2,False
geometry_early_optical_clear_probe,2477532307,12,601.4,True
geometry_early_optical_clear_probe,2477532307,14,1012.4082868936765,False
geometry_early_optical_clear_probe,2477532307,9,3731.2059664345697,True
geometry_early_optical_clear_probe,2477532307,3,4002.4059664345696,False
geometry_early_optical_clear_probe,2527426436,1,5.0,False
geometry_early_optical_clear_probe,2527426436,4,23.0,False
geometry_early_optical_clear_probe,2527426436,11,65.0,True
geometry_early_optical_clear_probe,2527426436,15,89.0,True
geometry_early_optical_clear_probe,2527426436,17,101.0,False
geometry_early_optical_clear_probe,2527426436,20,270.2,True
geometry_early_optical_clear_probe,2527426436,14,306.2,False
geometry_early_optical_clear_probe,2527426436,6,354.2,True
geometry_early_optical_clear_probe,2527426436,5,2691.2439877421875,True
geometry_early_optical_clear_probe,2527426436,2,2944.1952273180727,True
geometry_early_optical_clear_probe,2527426436,9,2980.1952273180727,True
geometry_early_optical_clear_probe,2527426436,19,3235.2913271018333,True
geometry_early_optical_clear_probe,2527426436,13,3259.2913271018333,False
geometry_early_optical_clear_probe,2527426436,8,3702.0099321433477,False
geometry_early_optical_clear_probe,2527426436,3,4414.357889480061,True
geometry_early_optical_clear_probe,2799580913,1,5.0,False
geometry_early_optical_clear_probe,2799580913,6,35.0,True
geometry_early_optical_clear_probe,2799580913,12,71.0,True
geometry_early_optical_clear_probe,2799580913,13,77.0,False
geometry_early_optical_clear_probe,2799580913,15,89.0,True
geometry_early_optical_clear_probe,2799580913,18,107.0,False
geometry_early_optical_clear_probe,2799580913,19,276.2,True
geometry_early_optical_clear_probe,2799580913,16,294.2,False
geometry_early_optical_clear_probe,2799580913,8,342.2,True
geometry_early_optical_clear_probe,2799580913,3,372.2,False
geometry_early_optical_clear_probe,2799580913,7,852.1172999554966,True
geometry_early_optical_clear_probe,2799580913,2,882.1172999554966,True
geometry_early_optical_clear_probe,2799580913,5,1298.2928650095746,True
geometry_early_optical_clear_probe,2799580913,14,2099.801317963616,False
geometry_early_optical_clear_probe,2799580913,17,4918.156403904443,True
geometry_early_optical_clear_probe,2799580913,10,6169.234491972864,True
geometry_early_optical_clear_probe,2836494229,4,23.0,True
geometry_early_optical_clear_probe,2836494229,5,29.0,False
geometry_early_optical_clear_probe,2836494229,14,83.0,False
geometry_early_optical_clear_probe,2836494229,18,107.0,False
geometry_early_optical_clear_probe,2836494229,19,113.0,False
geometry_early_optical_clear_probe,2836494229,12,318.2,True
geometry_early_optical_clear_probe,2836494229,10,330.2,False
geometry_early_optical_clear_probe,2836494229,2,565.1240477193442,False
geometry_early_optical_clear_probe,2836494229,11,613.1240477193442,False
geometry_early_optical_clear_probe,2836494229,17,649.1240477193442,False
geometry_early_optical_clear_probe,2836494229,3,4176.824550450675,True
geometry_early_optical_clear_probe,2836494229,1,5625.224550450674,False
geometry_early_optical_clear_probe,1972027639,2,11.0,False
geometry_early_optical_clear_probe,1972027639,6,35.0,False
geometry_early_optical_clear_probe,1972027639,10,59.0,False
geometry_early_optical_clear_probe,1972027639,11,65.0,False
geometry_early_optical_clear_probe,1972027639,14,83.0,True
geometry_early_optical_clear_probe,1972027639,15,89.0,False
geometry_early_optical_clear_probe,1972027639,16,95.0,False
geometry_early_optical_clear_probe,1972027639,18,107.0,False
geometry_early_optical_clear_probe,1972027639,19,276.2,True
geometry_early_optical_clear_probe,1972027639,5,360.2,False
geometry_early_optical_clear_probe,1972027639,4,366.2,False
geometry_early_optical_clear_probe,1972027639,20,867.4076982510792,True
geometry_early_optical_clear_probe,1972027639,9,1490.1150321975686,True
geometry_early_optical_clear_probe,1972027639,8,4094.621190925713,True
geometry_early_optical_clear_probe,1972027639,17,4962.98589069609,False
geometry_early_optical_clear_probe,3437865293,5,29.0,True
geometry_early_optical_clear_probe,3437865293,10,59.0,True
geometry_early_optical_clear_probe,3437865293,15,89.0,False
geometry_early_optical_clear_probe,3437865293,18,107.0,True
geometry_early_optical_clear_probe,3437865293,6,354.2,True
geometry_early_optical_clear_probe,3437865293,3,2492.462353484271,False
geometry_early_optical_clear_probe,3437865293,19,2576.462353484271,False
geometry_early_optical_clear_probe,3437865293,14,2763.6623534842706,True
geometry_early_optical_clear_probe,3437865293,1,2986.8623534842704,True
geometry_early_optical_clear_probe,3437865293,8,4937.923275226627,True
geometry_early_optical_clear_probe,3437865293,9,5951.737479596879,True
geometry_early_optical_clear_probe,3437865293,13,7130.830111859817,True
geometry_early_optical_clear_probe,3437865293,7,7508.099435930266,True
geometry_early_optical_clear_probe,3437865293,11,8351.340994352426,True
geometry_early_optical_clear_probe,750185778,2,11.0,False
geometry_early_optical_clear_probe,750185778,6,35.0,False
geometry_early_optical_clear_probe,750185778,8,47.0,True
geometry_early_optical_clear_probe,750185778,10,59.0,False
geometry_early_optical_clear_probe,750185778,12,71.0,True
geometry_early_optical_clear_probe,750185778,14,83.0,False
geometry_early_optical_clear_probe,750185778,18,107.0,True
geometry_early_optical_clear_probe,750185778,19,113.0,False
geometry_early_optical_clear_probe,750185778,13,312.2,True
geometry_early_optical_clear_probe,750185778,1,384.2,False
geometry_early_optical_clear_probe,750185778,11,747.9968700273566,False
geometry_early_optical_clear_probe,750185778,7,2021.3261370204432,False
geometry_early_optical_clear_probe,750185778,9,2756.4379746222235,True
geometry_early_optical_clear_probe,750185778,4,4787.308857110408,True
geometry_early_optical_clear_probe,1275935318,3,17.0,False
geometry_early_optical_clear_probe,1275935318,16,95.0,False
geometry_early_optical_clear_probe,1275935318,17,101.0,False
geometry_early_optical_clear_probe,1275935318,19,113.0,True
geometry_early_optical_clear_probe,1275935318,12,318.2,False
geometry_early_optical_clear_probe,1275935318,2,378.2,True
geometry_early_optical_clear_probe,1275935318,8,1239.999243188547,False
geometry_early_optical_clear_probe,1275935318,11,2575.557567178019,False
geometry_early_optical_clear_probe,1275935318,14,2587.557567178019,True
geometry_early_optical_clear_probe,1275935318,5,4238.93039226036,True
geometry_early_optical_clear_probe,502869294,1,5.0,False
geometry_early_optical_clear_probe,502869294,12,71.0,True
geometry_early_optical_clear_probe,502869294,13,77.0,False
geometry_early_optical_clear_probe,502869294,15,89.0,False
geometry_early_optical_clear_probe,502869294,18,107.0,False
geometry_early_optical_clear_probe,502869294,19,113.0,False
geometry_early_optical_clear_probe,502869294,7,348.2,False
geometry_early_optical_clear_probe,502869294,6,354.2,False
geometry_early_optical_clear_probe,502869294,4,366.2,True
geometry_early_optical_clear_probe,502869294,11,1680.5639658824039,True
geometry_early_optical_clear_probe,502869294,10,1686.5639658824039,False
geometry_early_optical_clear_probe,502869294,5,3492.206543922613,False
geometry_early_optical_clear_probe,502869294,2,3667.406543922613,False
geometry_early_optical_clear_probe,502869294,3,5390.704301184148,True
geometry_early_optical_clear_probe,502869294,16,6422.384856943023,True
geometry_early_optical_clear_probe,502869294,9,6434.384856943023,True
geometry_early_optical_clear_probe,1730731752,9,53.0,False
geometry_early_optical_clear_probe,1730731752,15,89.0,False
geometry_early_optical_clear_probe,1730731752,16,95.0,False
geometry_early_optical_clear_probe,1730731752,17,101.0,False
geometry_early_optical_clear_probe,1730731752,18,107.0,False
geometry_early_optical_clear_probe,1730731752,20,119.0,False
geometry_early_optical_clear_probe,1730731752,13,550.6762083278754,False
geometry_early_optical_clear_probe,1730731752,10,754.1495959758872,False
geometry_early_optical_clear_probe,1730731752,12,1078.7966821276812,False
geometry_early_optical_clear_probe,1730731752,19,3374.773722363483,True
geometry_early_optical_clear_probe,1730731752,11,3827.1737223634827,False
geometry_early_optical_clear_probe,3709690264,2,11.0,True
geometry_early_optical_clear_probe,3709690264,4,23.0,False
geometry_early_optical_clear_probe,3709690264,11,65.0,True
geometry_early_optical_clear_probe,3709690264,13,77.0,False
geometry_early_optical_clear_probe,3709690264,19,113.0,True
geometry_early_optical_clear_probe,3709690264,20,119.0,True
geometry_early_optical_clear_probe,3709690264,8,526.0538786957397,False
geometry_early_optical_clear_probe,3709690264,16,800.6726243098283,True
geometry_early_optical_clear_probe,3709690264,15,806.6726243098283,False
geometry_early_optical_clear_probe,3709690264,10,830.6726243098283,False
geometry_early_optical_clear_probe,3709690264,3,1005.0912160261788,False
geometry_early_optical_clear_probe,3709690264,12,1041.0912160261787,False
geometry_early_optical_clear_probe,3709690264,18,2566.5034363233535,True
geometry_early_optical_clear_probe,3709690264,1,4837.492842835837,True
geometry_early_optical_clear_probe,3382167019,3,17.0,True
geometry_early_optical_clear_probe,3382167019,6,35.0,True
geometry_early_optical_clear_probe,3382167019,9,53.0,True
geometry_early_optical_clear_probe,3382167019,10,59.0,True
geometry_early_optical_clear_probe,3382167019,12,71.0,False
geometry_early_optical_clear_probe,3382167019,17,101.0,False
geometry_early_optical_clear_probe,3382167019,7,1904.539434484772,False
geometry_early_optical_clear_probe,3382167019,16,2367.3629193730035,False
geometry_early_optical_clear_probe,3382167019,18,2831.5203170586583,True
geometry_early_optical_clear_probe,3382167019,4,3083.162466721202,False
geometry_early_optical_clear_probe,3382167019,13,3543.7424656762473,False
geometry_early_optical_clear_probe,3382167019,8,3748.942465676247,True
geometry_early_optical_clear_probe,3382167019,19,3948.142465676247,True
geometry_early_optical_clear_probe,3382167019,5,3990.142465676247,False
geometry_early_optical_clear_probe,851900383,2,11.0,True
geometry_early_optical_clear_probe,851900383,6,35.0,True
geometry_early_optical_clear_probe,851900383,7,41.0,True
geometry_early_optical_clear_probe,851900383,8,47.0,False
geometry_early_optical_clear_probe,851900383,16,95.0,True
geometry_early_optical_clear_probe,851900383,20,119.0,False
geometry_early_optical_clear_probe,851900383,18,637.4,True
geometry_early_optical_clear_probe,851900383,13,1174.8402956460138,True
geometry_early_optical_clear_probe,851900383,4,1446.0402956460139,True
geometry_early_optical_clear_probe,851900383,10,1735.0725259910591,False
geometry_early_optical_clear_probe,851900383,12,1879.9642218479873,True
geometry_early_optical_clear_probe,851900383,1,4478.639905389058,True
geometry_early_optical_clear_probe,851900383,3,4484.639905389058,False
geometry_early_optical_clear_probe,851900383,17,7477.97193389396,True
geometry_early_optical_clear_probe,1495634116,2,11.0,True
geometry_early_optical_clear_probe,1495634116,6,35.0,False
geometry_early_optical_clear_probe,1495634116,7,41.0,False
geometry_early_optical_clear_probe,1495634116,10,59.0,False
geometry_early_optical_clear_probe,1495634116,13,77.0,False
geometry_early_optical_clear_probe,1495634116,11,324.2,False
geometry_early_optical_clear_probe,1495634116,1,476.73638378838484,True
geometry_early_optical_clear_probe,1495634116,19,729.2479675852794,False
geometry_early_optical_clear_probe,1495634116,17,3987.4839111236633,True
geometry_early_optical_clear_probe,1495634116,14,4733.3093893481355,True
geometry_early_optical_clear_probe,1495634116,20,6022.709067570492,False
geometry_early_optical_clear_probe,1495634116,16,6246.733869491623,False
geometry_early_optical_clear_probe,440875882,4,23.0,True
geometry_early_optical_clear_probe,440875882,11,65.0,False
geometry_early_optical_clear_probe,440875882,12,71.0,False
geometry_early_optical_clear_probe,440875882,17,101.0,False
geometry_early_optical_clear_probe,440875882,19,113.0,True
geometry_early_optical_clear_probe,440875882,20,119.0,False
geometry_early_optical_clear_probe,440875882,18,282.2,False
geometry_early_optical_clear_probe,440875882,14,306.2,True
geometry_early_optical_clear_probe,440875882,1,384.2,True
geometry_early_optical_clear_probe,440875882,6,565.4,False
geometry_early_optical_clear_probe,440875882,9,583.4,False
geometry_early_optical_clear_probe,440875882,15,619.4,False
geometry_early_optical_clear_probe,440875882,13,825.5999999999999,True
geometry_early_optical_clear_probe,440875882,7,3324.029152515315,False
geometry_early_optical_clear_probe,440875882,8,3517.229152515315,True
geometry_early_optical_clear_probe,327833938,4,23.0,True
geometry_early_optical_clear_probe,327833938,13,77.0,False
geometry_early_optical_clear_probe,327833938,20,119.0,True
geometry_early_optical_clear_probe,327833938,19,276.2,True
geometry_early_optical_clear_probe,327833938,11,324.2,False
geometry_early_optical_clear_probe,327833938,10,589.4,True
geometry_early_optical_clear_probe,327833938,6,1786.8734982878134,False
geometry_early_optical_clear_probe,327833938,2,2462.781734656084,True
geometry_early_optical_clear_probe,327833938,12,4829.345740194836,False
geometry_early_optical_clear_probe,327833938,14,5504.945740194836,True
geometry_early_optical_clear_probe,327833938,1,5552.945740194836,True
geometry_early_optical_clear_probe,327833938,7,7070.907964707187,True
geometry_early_optical_clear_probe,2582256170,1,5.0,False
geometry_early_optical_clear_probe,2582256170,2,11.0,False
geometry_early_optical_clear_probe,2582256170,5,29.0,True
geometry_early_optical_clear_probe,2582256170,6,35.0,True
geometry_early_optical_clear_probe,2582256170,11,65.0,True
geometry_early_optical_clear_probe,2582256170,16,95.0,False
geometry_early_optical_clear_probe,2582256170,19,113.0,False
geometry_early_optical_clear_probe,2582256170,20,119.0,True
geometry_early_optical_clear_probe,2582256170,13,831.2498001058439,False
geometry_early_optical_clear_probe,2582256170,7,1066.449800105844,False
geometry_early_optical_clear_probe,2582256170,15,2205.9629499291577,False
geometry_early_optical_clear_probe,2582256170,4,2898.293617625511,True
geometry_early_optical_clear_probe,2582256170,17,2946.293617625511,False
geometry_early_optical_clear_probe,2582256170,8,4772.200801552996,True
geometry_early_optical_clear_probe,2582256170,3,6725.756050303347,True
geometry_early_optical_clear_probe,250349681,10,59.0,True
geometry_early_optical_clear_probe,250349681,12,71.0,True
geometry_early_optical_clear_probe,250349681,16,95.0,False
geometry_early_optical_clear_probe,250349681,17,101.0,False
geometry_early_optical_clear_probe,250349681,8,342.2,False
geometry_early_optical_clear_probe,250349681,6,354.2,True
geometry_early_optical_clear_probe,250349681,4,366.2,True
geometry_early_optical_clear_probe,250349681,3,2684.0571689334065,True
geometry_early_optical_clear_probe,250349681,15,2732.0571689334065,True
geometry_early_optical_clear_probe,250349681,18,2738.0571689334065,True
geometry_early_optical_clear_probe,250349681,9,2943.2571689334063,True
geometry_early_optical_clear_probe,250349681,5,2955.2571689334063,True
geometry_early_optical_clear_probe,250349681,11,4021.277417786407,True
geometry_early_optical_clear_probe,250349681,2,6125.1732646906485,True
geometry_early_optical_clear_probe,3094722922,3,17.0,False
geometry_early_optical_clear_probe,3094722922,7,41.0,True
geometry_early_optical_clear_probe,3094722922,9,53.0,True
geometry_early_optical_clear_probe,3094722922,18,107.0,False
geometry_early_optical_clear_probe,3094722922,19,113.0,False
geometry_early_optical_clear_probe,3094722922,13,312.2,True
geometry_early_optical_clear_probe,3094722922,17,619.4,True
geometry_early_optical_clear_probe,3094722922,8,1227.877792063914,True
geometry_early_optical_clear_probe,3094722922,15,1257.877792063914,False
geometry_early_optical_clear_probe,3094722922,16,1463.077792063914,False
geometry_early_optical_clear_probe,3094722922,2,1523.077792063914,False
geometry_early_optical_clear_probe,3094722922,1,1529.077792063914,False
geometry_early_optical_clear_probe,3094722922,20,2911.5986898427004,True
geometry_early_optical_clear_probe,3094722922,6,3847.3437697696118,True
geometry_early_optical_clear_probe,3094722922,14,4563.102755322747,False
geometry_early_optical_clear_probe,3689504767,10,59.0,False
geometry_early_optical_clear_probe,3689504767,13,77.0,False
geometry_early_optical_clear_probe,3689504767,16,95.0,True
geometry_early_optical_clear_probe,3689504767,5,360.2,False
geometry_early_optical_clear_probe,3689504767,1,485.71689519608935,True
geometry_early_optical_clear_probe,3689504767,9,744.2925367275282,False
geometry_early_optical_clear_probe,3689504767,3,955.4925367275282,True
geometry_early_optical_clear_probe,3689504767,7,979.4925367275282,False
geometry_early_optical_clear_probe,3689504767,17,1432.2458534180328,True
geometry_early_optical_clear_probe,3689504767,8,2643.138806344617,True
geometry_early_optical_clear_probe,3689504767,18,3031.1779104724324,False
geometry_early_optical_clear_probe,3689504767,14,3976.7868735449683,True
geometry_early_optical_clear_probe,3689504767,2,4610.386873544968,True
geometry_early_optical_clear_probe,3689504767,12,4990.786873544967,True
geometry_early_optical_clear_probe,3689504767,19,5490.039867481855,False
geometry_early_optical_clear_probe,3689504767,15,5868.226609929506,True
geometry_early_optical_clear_probe,978040085,13,77.0,True
geometry_early_optical_clear_probe,978040085,14,83.0,False
geometry_early_optical_clear_probe,978040085,16,95.0,True
geometry_early_optical_clear_probe,978040085,18,107.0,False
geometry_early_optical_clear_probe,978040085,19,113.0,False
geometry_early_optical_clear_probe,978040085,12,318.2,True
geometry_early_optical_clear_probe,978040085,17,847.4513571813103,False
geometry_early_optical_clear_probe,978040085,10,871.4513571813103,False
geometry_early_optical_clear_probe,978040085,2,1401.8513571813103,False
geometry_early_optical_clear_probe,978040085,9,2198.155076041056,True
geometry_early_optical_clear_probe,978040085,15,4570.760493501803,False
geometry_early_optical_clear_probe,2938720885,9,53.0,False
geometry_early_optical_clear_probe,2938720885,11,65.0,False
geometry_early_optical_clear_probe,2938720885,15,89.0,True
geometry_early_optical_clear_probe,2938720885,18,107.0,True
geometry_early_optical_clear_probe,2938720885,16,294.2,False
geometry_early_optical_clear_probe,2938720885,7,348.2,False
geometry_early_optical_clear_probe,2938720885,8,589.164282680855,False
geometry_early_optical_clear_probe,2938720885,17,637.164282680855,False
geometry_early_optical_clear_probe,2938720885,20,2381.518931776573,True
geometry_early_optical_clear_probe,2938720885,2,3273.3792373942065,False
geometry_early_optical_clear_probe,2938720885,5,3687.1940161784487,True
geometry_early_optical_clear_probe,2938720885,10,3922.3940161784485,True
geometry_early_optical_clear_probe,2938720885,19,5022.010170402256,True
geometry_early_optical_clear_probe,2938720885,4,5384.410170402256,False
geometry_early_optical_clear_probe,2938720885,13,5402.410170402256,True
geometry_early_optical_clear_probe,2938720885,12,5567.647436516205,True
geometry_early_optical_clear_probe,2751129518,4,23.0,False
geometry_early_optical_clear_probe,2751129518,11,65.0,False
geometry_early_optical_clear_probe,2751129518,13,77.0,True
geometry_early_optical_clear_probe,2751129518,15,89.0,False
geometry_early_optical_clear_probe,2751129518,9,336.2,False
geometry_early_optical_clear_probe,2751129518,3,372.2,False
geometry_early_optical_clear_probe,2751129518,1,1400.219984452111,True
geometry_early_optical_clear_probe,2751129518,8,1839.4301746475055,True
geometry_early_optical_clear_probe,2751129518,17,3504.866763281688,False
geometry_early_optical_clear_probe,2751129518,14,4198.466763281687,True
geometry_early_optical_clear_probe,2751129518,12,4632.866763281687,True
geometry_early_optical_clear_probe,2751129518,20,6497.42101063786,False
geometry_early_optical_clear_probe,725271971,3,17.0,False
geometry_early_optical_clear_probe,725271971,5,29.0,False
geometry_early_optical_clear_probe,725271971,6,35.0,False
geometry_early_optical_clear_probe,725271971,11,65.0,False
geometry_early_optical_clear_probe,725271971,18,107.0,False
geometry_early_optical_clear_probe,725271971,8,342.2,True
geometry_early_optical_clear_probe,725271971,16,558.0500914994698,True
geometry_early_optical_clear_probe,725271971,2,2492.2266224330288,False
geometry_early_optical_clear_probe,725271971,12,2715.692882444954,True
geometry_early_optical_clear_probe,725271971,13,4038.017073215845,True
geometry_early_optical_clear_probe,725271971,7,4231.217073215845,False
geometry_early_optical_clear_probe,725271971,17,4652.423670131814,True
geometry_early_optical_clear_probe,725271971,19,5664.49670250605,True
geometry_early_optical_clear_probe,2486623884,2,11.0,True
geometry_early_optical_clear_probe,2486623884,6,35.0,False
geometry_early_optical_clear_probe,2486623884,13,77.0,False
geometry_early_optical_clear_probe,2486623884,14,83.0,False
geometry_early_optical_clear_probe,2486623884,19,276.2,True
geometry_early_optical_clear_probe,2486623884,10,330.2,True
geometry_early_optical_clear_probe,2486623884,9,336.2,False
geometry_early_optical_clear_probe,2486623884,15,1777.4812233045545,True
geometry_early_optical_clear_probe,2486623884,11,2486.1001500827592,False
geometry_early_optical_clear_probe,2486623884,16,3143.7001500827587,True
geometry_early_optical_clear_probe,2486623884,7,4810.913027489091,True
geometry_early_optical_clear_probe,2486623884,12,5022.113027489091,False
geometry_early_optical_clear_probe,3312535678,3,17.0,False
geometry_early_optical_clear_probe,3312535678,4,23.0,False
geometry_early_optical_clear_probe,3312535678,7,41.0,False
geometry_early_optical_clear_probe,3312535678,10,59.0,True
geometry_early_optical_clear_probe,3312535678,11,65.0,False
geometry_early_optical_clear_probe,3312535678,13,77.0,False
geometry_early_optical_clear_probe,3312535678,17,101.0,True
geometry_early_optical_clear_probe,3312535678,19,113.0,False
geometry_early_optical_clear_probe,3312535678,15,300.2,True
geometry_early_optical_clear_probe,3312535678,5,360.2,False
geometry_early_optical_clear_probe,3312535678,1,384.2,True
geometry_early_optical_clear_probe,3312535678,8,1769.6819533481191,True
geometry_early_optical_clear_probe,3312535678,20,1950.0120569982291,True
geometry_early_optical_clear_probe,3312535678,6,6293.88647144047,False
geometry_early_optical_clear_probe,3312535678,2,6299.88647144047,True
geometry_early_optical_clear_probe,3312535678,9,7150.221461249016,True
geometry_early_optical_clear_probe,587448007,5,29.0,False
geometry_early_optical_clear_probe,587448007,6,35.0,True
geometry_early_optical_clear_probe,587448007,9,53.0,False
geometry_early_optical_clear_probe,587448007,14,83.0,True
geometry_early_optical_clear_probe,587448007,17,101.0,False
geometry_early_optical_clear_probe,587448007,18,107.0,False
geometry_early_optical_clear_probe,587448007,1,384.2,False
geometry_early_optical_clear_probe,587448007,16,556.6915637735473,False
geometry_early_optical_clear_probe,587448007,2,923.6801406581916,False
geometry_early_optical_clear_probe,587448007,4,935.6801406581916,True
geometry_early_optical_clear_probe,587448007,19,1158.8801406581915,True
geometry_early_optical_clear_probe,587448007,12,3287.825907692094,True
geometry_early_optical_clear_probe,587448007,10,3299.825907692094,True
geometry_early_optical_clear_probe,587448007,8,4295.825907692093,True
geometry_early_optical_clear_probe,587448007,13,4313.825907692093,False
geometry_early_optical_clear_probe,587448007,20,4987.388108116818,True
geometry_early_optical_clear_probe,4287827587,2,11.0,False
geometry_early_optical_clear_probe,4287827587,8,47.0,True
geometry_early_optical_clear_probe,4287827587,13,77.0,True
geometry_early_optical_clear_probe,4287827587,15,89.0,False
geometry_early_optical_clear_probe,4287827587,14,306.2,True
geometry_early_optical_clear_probe,4287827587,11,324.2,True
geometry_early_optical_clear_probe,4287827587,4,366.2,False
geometry_early_optical_clear_probe,4287827587,3,372.2,True
geometry_early_optical_clear_probe,4287827587,9,601.1803217623734,True
geometry_early_optical_clear_probe,4287827587,19,930.825571362876,False
geometry_early_optical_clear_probe,4287827587,18,936.825571362876,True
geometry_early_optical_clear_probe,4287827587,12,3645.759902533972,False
geometry_early_optical_clear_probe,4287827587,7,3844.9599025339717,False
geometry_early_optical_clear_probe,4287827587,20,5191.922700157177,True
geometry_early_optical_clear_probe,1284198197,3,17.0,False
geometry_early_optical_clear_probe,1284198197,19,113.0,False
geometry_early_optical_clear_probe,1284198197,12,318.2,True
geometry_early_optical_clear_probe,1284198197,1,535.4,False
geometry_early_optical_clear_probe,1284198197,7,878.5999999999999,True
geometry_early_optical_clear_probe,1284198197,17,2059.943282476237,True
geometry_early_optical_clear_probe,1284198197,2,2925.8251307216997,True
geometry_early_optical_clear_probe,1284198197,11,2973.8251307216997,True
geometry_early_optical_clear_probe,1284198197,9,3221.0251307216995,False
geometry_early_optical_clear_probe,1284198197,20,6175.263575610236,True
geometry_early_optical_clear_probe,388810483,7,41.0,False
geometry_early_optical_clear_probe,388810483,12,71.0,True
geometry_early_optical_clear_probe,388810483,14,83.0,False
geometry_early_optical_clear_probe,388810483,16,95.0,False
geometry_early_optical_clear_probe,388810483,15,300.2,False
geometry_early_optical_clear_probe,388810483,11,324.2,False
geometry_early_optical_clear_probe,388810483,18,552.9411208058634,True
geometry_early_optical_clear_probe,388810483,17,2826.204912330141,True
geometry_early_optical_clear_probe,388810483,20,4192.295604424103,False
geometry_early_optical_clear_probe,388810483,3,4258.295604424103,True
geometry_early_optical_clear_probe,388810483,8,4457.495604424103,True
geometry_early_optical_clear_probe,388810483,19,4597.078623926262,False
geometry_early_optical_clear_probe,388810483,5,4645.078623926262,False
geometry_early_optical_clear_probe,388810483,1,5526.7950464826945,True
geometry_early_optical_clear_probe,388810483,4,6729.726407247546,True
geometry_early_optical_clear_probe,3492241038,3,17.0,True
geometry_early_optical_clear_probe,3492241038,4,23.0,True
geometry_early_optical_clear_probe,3492241038,16,95.0,True
geometry_early_optical_clear_probe,3492241038,17,101.0,True
geometry_early_optical_clear_probe,3492241038,19,276.2,True
geometry_early_optical_clear_probe,3492241038,14,306.2,False
geometry_early_optical_clear_probe,3492241038,6,565.4,False
geometry_early_optical_clear_probe,3492241038,13,607.4,False
geometry_early_optical_clear_probe,3492241038,11,788.4387637635498,True
geometry_early_optical_clear_probe,3492241038,18,1059.2566166120805,True
geometry_early_optical_clear_probe,3492241038,9,2079.3623549865183,True
geometry_early_optical_clear_probe,3492241038,12,2097.3623549865183,False
geometry_early_optical_clear_probe,3492241038,2,2367.64499084585,True
geometry_early_optical_clear_probe,3492241038,8,4704.634349565148,True
geometry_early_optical_clear_probe,3476358419,3,17.0,False
geometry_early_optical_clear_probe,3476358419,11,65.0,True
geometry_early_optical_clear_probe,3476358419,15,89.0,False
geometry_early_optical_clear_probe,3476358419,20,119.0,False
geometry_early_optical_clear_probe,3476358419,18,282.2,False
geometry_early_optical_clear_probe,3476358419,4,587.1486952863088,True
geometry_early_optical_clear_probe,3476358419,8,1238.932592693263,True
geometry_early_optical_clear_probe,3476358419,10,1250.932592693263,False
geometry_early_optical_clear_probe,3476358419,16,4792.735816811792,True
geometry_early_optical_clear_probe,3476358419,9,5051.9358168117915,False
geometry_early_optical_clear_probe,3476358419,13,5069.9358168117915,True
geometry_early_optical_clear_probe,2626545550,1,5.0,True
geometry_early_optical_clear_probe,2626545550,6,35.0,True
geometry_early_optical_clear_probe,2626545550,14,83.0,True
geometry_early_optical_clear_probe,2626545550,16,95.0,False
geometry_early_optical_clear_probe,2626545550,19,276.2,False
geometry_early_optical_clear_probe,2626545550,18,282.2,False
geometry_early_optical_clear_probe,2626545550,4,366.2,False
geometry_early_optical_clear_probe,2626545550,2,378.2,True
geometry_early_optical_clear_probe,2626545550,15,613.4,False
geometry_early_optical_clear_probe,2626545550,10,1086.904172697375,False
geometry_early_optical_clear_probe,2626545550,13,1987.398360804892,False
geometry_early_optical_clear_probe,2626545550,8,2385.7983608048917,False
geometry_early_optical_clear_probe,2626545550,20,2566.9983608048915,False
geometry_early_optical_clear_probe,2626545550,17,2572.9983608048915,True
geometry_early_optical_clear_probe,2626545550,7,2602.9983608048915,False
geometry_early_optical_clear_probe,2626545550,11,2955.9925641418695,True
geometry_early_optical_clear_probe,4159184634,1,5.0,False
geometry_early_optical_clear_probe,4159184634,4,23.0,False
geometry_early_optical_clear_probe,4159184634,7,41.0,False
geometry_early_optical_clear_probe,4159184634,9,53.0,False
geometry_early_optical_clear_probe,4159184634,12,71.0,True
geometry_early_optical_clear_probe,4159184634,17,101.0,True
geometry_early_optical_clear_probe,4159184634,14,306.2,False
geometry_early_optical_clear_probe,4159184634,5,360.2,True
geometry_early_optical_clear_probe,4159184634,19,1038.6935686065062,True
geometry_early_optical_clear_probe,4159184634,6,1251.1340443465976,False
geometry_early_optical_clear_probe,4159184634,3,1269.1340443465976,False
geometry_early_optical_clear_probe,4159184634,2,1385.2200248085462,False
geometry_early_optical_clear_probe,4159184634,15,2633.780351303931,True
geometry_early_optical_clear_probe,4159184634,10,3969.4746034628,True
geometry_early_optical_clear_probe,1835921576,3,17.0,True
geometry_early_optical_clear_probe,1835921576,4,23.0,False
geometry_early_optical_clear_probe,1835921576,10,59.0,False
geometry_early_optical_clear_probe,1835921576,13,77.0,False
geometry_early_optical_clear_probe,1835921576,17,101.0,False
geometry_early_optical_clear_probe,1835921576,18,107.0,True
geometry_early_optical_clear_probe,1835921576,6,354.2,True
geometry_early_optical_clear_probe,1835921576,5,360.2,False
geometry_early_optical_clear_probe,1835921576,1,524.6508570829212,False
geometry_early_optical_clear_probe,1835921576,15,608.6508570829212,True
geometry_early_optical_clear_probe,1835921576,7,1118.615600438368,True
geometry_early_optical_clear_probe,1835921576,16,1172.615600438368,False
geometry_early_optical_clear_probe,1835921576,2,1437.815600438368,False
geometry_early_optical_clear_probe,1835921576,20,1829.2328949478035,True
geometry_early_optical_clear_probe,1835921576,14,2066.3255337513674,True
geometry_early_optical_clear_probe,3133774981,3,17.0,False
geometry_early_optical_clear_probe,3133774981,8,47.0,False
geometry_early_optical_clear_probe,3133774981,16,95.0,False
geometry_early_optical_clear_probe,3133774981,19,113.0,True
geometry_early_optical_clear_probe,3133774981,20,119.0,False
geometry_early_optical_clear_probe,3133774981,9,336.2,True
geometry_early_optical_clear_probe,3133774981,7,348.2,False
geometry_early_optical_clear_probe,3133774981,4,552.4303094383877,False
geometry_early_optical_clear_probe,3133774981,15,612.4303094383877,True
geometry_early_optical_clear_probe,3133774981,6,1046.8303094383878,True
geometry_early_optical_clear_probe,3133774981,17,2186.699223093839,True
geometry_early_optical_clear_probe,3133774981,11,2699.6578404380034,True
geometry_early_optical_clear_probe,3133774981,1,3293.748959740508,True
geometry_early_optical_clear_probe,1530055330,11,65.0,False
geometry_early_optical_clear_probe,1530055330,12,71.0,True
geometry_early_optical_clear_probe,1530055330,20,119.0,False
geometry_early_optical_clear_probe,1530055330,19,276.2,False
geometry_early_optical_clear_probe,1530055330,17,288.2,True
geometry_early_optical_clear_probe,1530055330,8,544.2159792338784,False
geometry_early_optical_clear_probe,1530055330,16,2275.3039105536363,True
geometry_early_optical_clear_probe,1530055330,3,3375.7326591965416,True
geometry_early_optical_clear_probe,1530055330,18,4282.800345561683,False
geometry_early_optical_clear_probe,1530055330,10,6469.483098919013,True
geometry_early_optical_clear_probe,1530055330,2,7423.505984585469,True
geometry_early_optical_clear_probe,2515399328,7,41.0,True
geometry_early_optical_clear_probe,2515399328,13,77.0,False
geometry_early_optical_clear_probe,2515399328,16,95.0,False
geometry_early_optical_clear_probe,2515399328,15,300.2,False
geometry_early_optical_clear_probe,2515399328,10,647.754639526434,True
geometry_early_optical_clear_probe,2515399328,11,653.754639526434,False
geometry_early_optical_clear_probe,2515399328,1,1594.4867885584736,False
geometry_early_optical_clear_probe,2515399328,4,2210.009741601102,False
geometry_early_optical_clear_probe,2515399328,8,2228.009741601102,False
geometry_early_optical_clear_probe,2515399328,14,2252.009741601102,False
geometry_early_optical_clear_probe,2515399328,3,2616.1101605934464,True
geometry_early_optical_clear_probe,2515399328,17,2670.1101605934464,True
geometry_early_optical_clear_probe,2515399328,18,3737.6591473132157,False
geometry_early_optical_clear_probe,2515399328,19,3978.8591473132155,True
geometry_early_optical_clear_probe,2515399328,2,4316.933279344224,True
geometry_early_optical_clear_probe,2515399328,6,4488.855359517786,True
geometry_early_optical_clear_probe,3497619332,4,23.0,False
geometry_early_optical_clear_probe,3497619332,7,41.0,False
geometry_early_optical_clear_probe,3497619332,9,53.0,False
geometry_early_optical_clear_probe,3497619332,18,107.0,False
geometry_early_optical_clear_probe,3497619332,19,113.0,True
geometry_early_optical_clear_probe,3497619332,13,312.2,False
geometry_early_optical_clear_probe,3497619332,11,324.2,False
geometry_early_optical_clear_probe,3497619332,8,342.2,False
geometry_early_optical_clear_probe,3497619332,1,384.2,False
geometry_early_optical_clear_probe,3497619332,20,618.9551927482289,False
geometry_early_optical_clear_probe,3497619332,3,1966.236264090913,True
geometry_early_optical_clear_probe,3497619332,16,2472.495090673694,True
geometry_early_optical_clear_probe,3497619332,5,4236.744324857467,False
geometry_early_optical_clear_probe,1389754211,4,23.0,True
geometry_early_optical_clear_probe,1389754211,9,53.0,True
geometry_early_optical_clear_probe,1389754211,12,71.0,True
geometry_early_optical_clear_probe,1389754211,13,77.0,True
geometry_early_optical_clear_probe,1389754211,20,119.0,False
geometry_early_optical_clear_probe,1389754211,15,300.2,False
geometry_early_optical_clear_probe,1389754211,10,330.2,False
geometry_early_optical_clear_probe,1389754211,6,576.1267777849705,True
geometry_early_optical_clear_probe,1389754211,14,624.1267777849705,False
geometry_early_optical_clear_probe,1389754211,11,2238.9024370234406,True
geometry_early_optical_clear_probe,1389754211,7,2250.9024370234406,True
geometry_early_optical_clear_probe,1389754211,18,2944.2148230595535,False
geometry_early_optical_clear_probe,1389754211,3,2998.2148230595535,True
geometry_early_optical_clear_probe,1389754211,19,3376.0241600444906,True
geometry_early_optical_clear_probe,1389754211,5,4796.524369001029,True
geometry_early_optical_clear_probe,2591954158,4,23.0,False
geometry_early_optical_clear_probe,2591954158,6,35.0,False
geometry_early_optical_clear_probe,2591954158,5,360.2,False
geometry_early_optical_clear_probe,2591954158,1,535.4,True
geometry_early_optical_clear_probe,2591954158,7,565.4,False
geometry_early_optical_clear_probe,2591954158,16,818.5999999999999,True
geometry_early_optical_clear_probe,2591954158,19,1155.8,False
geometry_early_optical_clear_probe,2591954158,17,2807.5174661697624,True
geometry_early_optical_clear_probe,2591954158,15,2813.5174661697624,True
geometry_early_optical_clear_probe,2591954158,12,3425.022253471691,False
geometry_early_optical_clear_probe,3816040208,1,5.0,True
geometry_early_optical_clear_probe,3816040208,8,47.0,False
geometry_early_optical_clear_probe,3816040208,13,77.0,False
geometry_early_optical_clear_probe,3816040208,15,89.0,True
geometry_early_optical_clear_probe,3816040208,17,101.0,False
geometry_early_optical_clear_probe,3816040208,5,360.2,False
geometry_early_optical_clear_probe,3816040208,11,619.5951557945141,True
geometry_early_optical_clear_probe,3816040208,4,1063.5394158197432,True
geometry_early_optical_clear_probe,3816040208,3,1378.4914825804801,True
geometry_early_optical_clear_probe,3816040208,7,1980.7918778723492,True
geometry_early_optical_clear_probe,3816040208,16,3644.752788476062,False
geometry_early_optical_clear_probe,3816040208,10,5518.172407061693,True
geometry_early_optical_clear_probe,2033371059,14,83.0,False
geometry_early_optical_clear_probe,2033371059,16,294.2,True
geometry_early_optical_clear_probe,2033371059,10,330.2,False
geometry_early_optical_clear_probe,2033371059,3,1469.6855227516105,True
geometry_early_optical_clear_probe,2033371059,11,2000.0855227516106,False
geometry_early_optical_clear_probe,2033371059,15,2018.0855227516106,False
geometry_early_optical_clear_probe,2033371059,12,2229.2855227516106,True
geometry_early_optical_clear_probe,2033371059,8,2247.2855227516106,False
geometry_early_optical_clear_probe,2033371059,2,2277.2855227516106,True
geometry_early_optical_clear_probe,2033371059,13,2494.4855227516105,True
geometry_early_optical_clear_probe,2033371059,5,3617.5821069109143,True
geometry_early_optical_clear_probe,2033371059,19,5920.286795735056,True
geometry_early_optical_clear_probe,2033371059,7,6131.486795735056,True
geometry_early_optical_clear_probe,2033371059,18,6327.697750316415,True
geometry_early_optical_clear_probe,4032869359,2,11.0,False
geometry_early_optical_clear_probe,4032869359,4,23.0,False
geometry_early_optical_clear_probe,4032869359,9,53.0,False
geometry_early_optical_clear_probe,4032869359,11,65.0,True
geometry_early_optical_clear_probe,4032869359,13,77.0,False
geometry_early_optical_clear_probe,4032869359,16,95.0,False
geometry_early_optical_clear_probe,4032869359,18,107.0,False
geometry_early_optical_clear_probe,4032869359,20,119.0,False
geometry_early_optical_clear_probe,4032869359,19,276.2,True
geometry_early_optical_clear_probe,4032869359,1,538.2845518951517,True
geometry_early_optical_clear_probe,4032869359,8,574.2845518951517,True
geometry_early_optical_clear_probe,4032869359,15,1151.4257659634686,False
geometry_early_optical_clear_probe,4032869359,7,1821.0257659634688,False
geometry_early_optical_clear_probe,4032869359,6,5494.992685372242,True
geometry_early_optical_clear_probe,1827504526,2,11.0,False
geometry_early_optical_clear_probe,1827504526,3,17.0,True
geometry_early_optical_clear_probe,1827504526,6,35.0,True
geometry_early_optical_clear_probe,1827504526,11,65.0,True
geometry_early_optical_clear_probe,1827504526,13,77.0,True
geometry_early_optical_clear_probe,1827504526,17,101.0,True
geometry_early_optical_clear_probe,1827504526,18,107.0,False
geometry_early_optical_clear_probe,1827504526,10,330.2,False
geometry_early_optical_clear_probe,1827504526,4,366.2,True
geometry_early_optical_clear_probe,1827504526,1,384.2,False
geometry_early_optical_clear_probe,1827504526,19,686.0655895445734,True
geometry_early_optical_clear_probe,1827504526,7,905.3823593146362,True
geometry_early_optical_clear_probe,1827504526,5,1079.3236562570726,False
geometry_early_optical_clear_probe,1827504526,8,1907.141958991676,False
geometry_early_optical_clear_probe,1827504526,14,2109.7496369802857,True
geometry_early_optical_clear_probe,1827504526,15,3235.615154905095,True
geometry_early_optical_clear_probe,2524953674,1,5.0,False
geometry_early_optical_clear_probe,2524953674,7,41.0,False
geometry_early_optical_clear_probe,2524953674,10,59.0,True
geometry_early_optical_clear_probe,2524953674,13,77.0,False
geometry_early_optical_clear_probe,2524953674,14,83.0,False
geometry_early_optical_clear_probe,2524953674,18,107.0,False
geometry_early_optical_clear_probe,2524953674,6,354.2,False
geometry_early_optical_clear_probe,2524953674,17,806.5999999999999,False
geometry_early_optical_clear_probe,2524953674,15,818.5999999999999,False
geometry_early_optical_clear_probe,2524953674,2,1772.4123382815,True
geometry_early_optical_clear_probe,2524953674,11,2578.612606728778,True
geometry_early_optical_clear_probe,2524953674,5,3316.450655505239,False
geometry_early_optical_clear_probe,2524953674,9,3887.868156033489,False
geometry_early_optical_clear_probe,2932545926,4,23.0,False
geometry_early_optical_clear_probe,2932545926,5,29.0,True
geometry_early_optical_clear_probe,2932545926,20,119.0,True
geometry_early_optical_clear_probe,2932545926,15,639.6299263367144,False
geometry_early_optical_clear_probe,2932545926,7,1110.0299263367144,True
geometry_early_optical_clear_probe,2932545926,18,2114.601485162765,True
geometry_early_optical_clear_probe,2932545926,13,4936.199884728674,False
geometry_early_optical_clear_probe,2932545926,12,4942.199884728674,True
geometry_early_optical_clear_probe,2932545926,6,4972.199884728674,False
geometry_early_optical_clear_probe,2932545926,17,5225.399884728674,False
geometry_early_optical_clear_probe,2932545926,8,5881.987057306909,True
geometry_early_optical_clear_probe,2932545926,14,6241.973697576645,True
geometry_early_optical_clear_probe,2932545926,19,6253.973697576645,True
geometry_early_optical_clear_probe,2932545926,3,7429.451582656319,True
geometry_early_optical_clear_probe,1184679939,3,17.0,True
geometry_early_optical_clear_probe,1184679939,7,41.0,True
geometry_early_optical_clear_probe,1184679939,9,53.0,False
geometry_early_optical_clear_probe,1184679939,16,95.0,False
geometry_early_optical_clear_probe,1184679939,17,101.0,False
geometry_early_optical_clear_probe,1184679939,14,306.2,True
geometry_early_optical_clear_probe,1184679939,13,312.2,True
geometry_early_optical_clear_probe,1184679939,11,324.2,False
geometry_early_optical_clear_probe,1184679939,6,354.2,True
geometry_early_optical_clear_probe,1184679939,15,615.1232101918813,False
geometry_early_optical_clear_probe,1184679939,20,4065.326618101274,True
geometry_early_optical_clear_probe,1184679939,19,4974.912696152685,True
geometry_early_optical_clear_probe,1348390051,5,29.0,False
geometry_early_optical_clear_probe,1348390051,6,35.0,False
geometry_early_optical_clear_probe,1348390051,7,41.0,False
geometry_early_optical_clear_probe,1348390051,12,71.0,False
geometry_early_optical_clear_probe,1348390051,15,89.0,False
geometry_early_optical_clear_probe,1348390051,17,101.0,False
geometry_early_optical_clear_probe,1348390051,19,113.0,False
geometry_early_optical_clear_probe,1348390051,20,270.2,False
geometry_early_optical_clear_probe,1348390051,3,372.2,False
geometry_early_optical_clear_probe,1348390051,14,601.4,True
geometry_early_optical_clear_probe,1348390051,16,1000.7129030759894,True
geometry_early_optical_clear_probe,1348390051,9,1235.9129030759893,False
geometry_early_optical_clear_probe,1348390051,2,3855.030390748015,True
geometry_early_optical_clear_probe,1348390051,11,4057.233883561838,False
geometry_early_optical_clear_probe,1348390051,10,6643.372897632763,True
geometry_early_optical_clear_probe,1795707235,7,41.0,False
geometry_early_optical_clear_probe,1795707235,9,53.0,False
geometry_early_optical_clear_probe,1795707235,10,59.0,False
geometry_early_optical_clear_probe,1795707235,11,65.0,False
geometry_early_optical_clear_probe,1795707235,15,89.0,False
geometry_early_optical_clear_probe,1795707235,18,107.0,False
geometry_early_optical_clear_probe,1795707235,2,582.0801208986359,False
geometry_early_optical_clear_probe,1795707235,17,817.1127689610877,True
geometry_early_optical_clear_probe,1795707235,14,829.1127689610877,True
geometry_early_optical_clear_probe,1795707235,8,1082.3127689610876,True
geometry_early_optical_clear_probe,1795707235,19,1136.3127689610876,True
geometry_early_optical_clear_probe,1795707235,4,5230.415708150484,True
geometry_early_optical_clear_probe,1795707235,13,5658.815708150483,True
geometry_early_optical_clear_probe,1795707235,20,7794.142277784844,True
geometry_early_optical_clear_probe,3727198216,3,17.0,True
geometry_early_optical_clear_probe,3727198216,4,23.0,False
geometry_early_optical_clear_probe,3727198216,8,47.0,True
geometry_early_optical_clear_probe,3727198216,9,53.0,False
geometry_early_optical_clear_probe,3727198216,13,77.0,False
geometry_early_optical_clear_probe,3727198216,15,89.0,False
geometry_early_optical_clear_probe,3727198216,17,101.0,False
geometry_early_optical_clear_probe,3727198216,18,282.2,False
geometry_early_optical_clear_probe,3727198216,16,294.2,False
geometry_early_optical_clear_probe,3727198216,7,348.2,False
geometry_early_optical_clear_probe,3727198216,14,1772.958831659093,True
geometry_early_optical_clear_probe,3727198216,10,3417.0255867904893,False
geometry_early_optical_clear_probe,3727198216,20,3592.225586790489,False
geometry_early_optical_clear_probe,3727198216,12,3604.225586790489,True
geometry_early_optical_clear_probe,3727198216,2,3634.225586790489,False
geometry_early_optical_clear_probe,3727198216,1,5542.945680193076,True
geometry_early_optical_clear_probe,3798372580,4,23.0,False
geometry_early_optical_clear_probe,3798372580,11,65.0,False
geometry_early_optical_clear_probe,3798372580,19,113.0,True
geometry_early_optical_clear_probe,3798372580,20,270.2,False
geometry_early_optical_clear_probe,3798372580,18,282.2,False
geometry_early_optical_clear_probe,3798372580,16,294.2,True
geometry_early_optical_clear_probe,3798372580,9,336.2,False
geometry_early_optical_clear_probe,3798372580,3,372.2,False
geometry_early_optical_clear_probe,3798372580,10,886.200953063293,True
geometry_early_optical_clear_probe,3798372580,14,1293.870923458333,False
geometry_early_optical_clear_probe,3798372580,6,1323.870923458333,True
geometry_early_optical_clear_probe,3798372580,8,2142.0492107220152,True
geometry_early_optical_clear_probe,3798372580,17,5476.7699491871435,False
geometry_early_optical_clear_probe,3798372580,2,5518.7699491871435,True
geometry_early_optical_clear_probe,3798372580,1,5524.7699491871435,True
geometry_early_optical_clear_probe,3798372580,7,6506.8975386124785,False
geometry_early_optical_clear_probe,1552018322,2,11.0,True
geometry_early_optical_clear_probe,1552018322,7,41.0,False
geometry_early_optical_clear_probe,1552018322,8,47.0,False
geometry_early_optical_clear_probe,1552018322,9,53.0,False
geometry_early_optical_clear_probe,1552018322,13,77.0,True
geometry_early_optical_clear_probe,1552018322,19,113.0,True
geometry_early_optical_clear_probe,1552018322,10,330.2,False
geometry_early_optical_clear_probe,1552018322,5,824.6983000407394,True
geometry_early_optical_clear_probe,1552018322,15,1757.0955609620876,True
geometry_early_optical_clear_probe,1552018322,1,5663.262579433625,True
geometry_early_optical_clear_probe,1552018322,18,8098.57959302854,True
geometry_early_optical_clear_probe,2613155901,5,29.0,False
geometry_early_optical_clear_probe,2613155901,6,35.0,True
geometry_early_optical_clear_probe,2613155901,20,119.0,False
geometry_early_optical_clear_probe,2613155901,19,276.2,True
geometry_early_optical_clear_probe,2613155901,17,288.2,False
geometry_early_optical_clear_probe,2613155901,13,312.2,True
geometry_early_optical_clear_probe,2613155901,1,535.4,True
geometry_early_optical_clear_probe,2613155901,8,1638.1306296920025,False
geometry_early_optical_clear_probe,2613155901,2,2098.161374337684,True
geometry_early_optical_clear_probe,2613155901,18,2769.0010179961478,True
geometry_early_optical_clear_probe,2613155901,15,3203.4010179961474,False
geometry_early_optical_clear_probe,1156661086,4,23.0,False
geometry_early_optical_clear_probe,1156661086,5,29.0,False
geometry_early_optical_clear_probe,1156661086,12,71.0,True
geometry_early_optical_clear_probe,1156661086,15,89.0,False
geometry_early_optical_clear_probe,1156661086,16,95.0,True
geometry_early_optical_clear_probe,1156661086,19,276.2,False
geometry_early_optical_clear_probe,1156661086,9,336.2,True
geometry_early_optical_clear_probe,1156661086,2,378.2,True
geometry_early_optical_clear_probe,1156661086,13,1276.9955656821521,False
geometry_early_optical_clear_probe,1156661086,8,3581.055359642504,True
geometry_early_optical_clear_probe,1156661086,10,4256.655359642504,False
geometry_early_optical_clear_probe,1156661086,17,4563.896372495098,False
geometry_early_optical_clear_probe,1156661086,18,4569.896372495098,True
geometry_early_optical_clear_probe,1156661086,6,4919.002593574474,False
geometry_early_optical_clear_probe,1156661086,20,6080.072934797611,True
geometry_early_optical_clear_probe,1156661086,3,6255.272934797611,False
geometry_early_optical_clear_probe,3788583812,2,11.0,False
geometry_early_optical_clear_probe,3788583812,5,29.0,True
geometry_early_optical_clear_probe,3788583812,7,41.0,False
geometry_early_optical_clear_probe,3788583812,13,77.0,False
geometry_early_optical_clear_probe,3788583812,18,107.0,False
geometry_early_optical_clear_probe,3788583812,10,330.2,False
geometry_early_optical_clear_probe,3788583812,1,384.2,False
geometry_early_optical_clear_probe,3788583812,9,523.429268796023,False
geometry_early_optical_clear_probe,3788583812,11,1281.1047215093433,True
geometry_early_optical_clear_probe,3788583812,17,1593.4670166528804,False
geometry_early_optical_clear_probe,3788583812,19,3036.308887990925,True
geometry_early_optical_clear_probe,3788583812,15,3307.508887990925,False
geometry_early_optical_clear_probe,3788583812,12,3690.273665034433,True
geometry_early_optical_clear_probe,3646442444,1,5.0,False
geometry_early_optical_clear_probe,3646442444,11,65.0,False
geometry_early_optical_clear_probe,3646442444,20,119.0,False
geometry_early_optical_clear_probe,3646442444,19,276.2,True
geometry_early_optical_clear_probe,3646442444,15,300.2,True
geometry_early_optical_clear_probe,3646442444,14,306.2,False
geometry_early_optical_clear_probe,3646442444,12,318.2,True
geometry_early_optical_clear_probe,3646442444,3,372.2,False
geometry_early_optical_clear_probe,3646442444,17,548.3324115730495,False
geometry_early_optical_clear_probe,3646442444,16,706.342582581187,True
geometry_early_optical_clear_probe,3646442444,4,1718.0884466810414,True
geometry_early_optical_clear_probe,3646442444,13,2089.5956923005406,False
geometry_early_optical_clear_probe,3646442444,6,2861.677313319561,True
geometry_early_optical_clear_probe,3646442444,10,3771.4948757678076,False
geometry_early_optical_clear_probe,1297133710,13,77.0,False
geometry_early_optical_clear_probe,1297133710,20,119.0,False
geometry_early_optical_clear_probe,1297133710,8,342.2,True
geometry_early_optical_clear_probe,1297133710,2,378.2,False
geometry_early_optical_clear_probe,1297133710,1,384.2,False
geometry_early_optical_clear_probe,1297133710,6,565.4,True
geometry_early_optical_clear_probe,1297133710,7,571.4,True
geometry_early_optical_clear_probe,1297133710,15,842.3221809762239,True
geometry_early_optical_clear_probe,1297133710,14,848.3221809762239,True
geometry_early_optical_clear_probe,1297133710,16,1155.5221809762238,False
geometry_early_optical_clear_probe,1297133710,18,1167.5221809762238,False
geometry_early_optical_clear_probe,1297133710,10,4874.51785596519,True
geometry_early_optical_clear_probe,1297133710,11,5079.71785596519,False
geometry_early_optical_clear_probe,1297133710,12,5846.5178559651895,True
geometry_early_optical_clear_probe,1297133710,19,6607.317855965189,True
geometry_early_optical_clear_probe,3924892486,2,11.0,False
geometry_early_optical_clear_probe,3924892486,4,23.0,True
geometry_early_optical_clear_probe,3924892486,5,29.0,True
geometry_early_optical_clear_probe,3924892486,7,41.0,False
geometry_early_optical_clear_probe,3924892486,11,65.0,False
geometry_early_optical_clear_probe,3924892486,12,71.0,True
geometry_early_optical_clear_probe,3924892486,20,270.2,False
geometry_early_optical_clear_probe,3924892486,3,372.2,True
geometry_early_optical_clear_probe,3924892486,1,491.05208514704486,True
geometry_early_optical_clear_probe,3924892486,13,1278.6408257558362,True
geometry_early_optical_clear_probe,3924892486,10,2243.3574663184213,True
geometry_early_optical_clear_probe,3924892486,8,3408.0541558984187,True
geometry_early_optical_clear_probe,3924892486,16,3631.2541558984185,True
geometry_early_optical_clear_probe,3924892486,6,3673.2541558984185,False
geometry_early_optical_clear_probe,3924892486,19,4866.820020415881,True
geometry_early_optical_clear_probe,3924892486,14,5726.676263480297,True
geometry_early_optical_clear_probe,3445615122,2,11.0,False
geometry_early_optical_clear_probe,3445615122,6,35.0,False
geometry_early_optical_clear_probe,3445615122,8,47.0,True
geometry_early_optical_clear_probe,3445615122,9,53.0,True
geometry_early_optical_clear_probe,3445615122,10,59.0,False
geometry_early_optical_clear_probe,3445615122,15,89.0,True
geometry_early_optical_clear_probe,3445615122,20,119.0,True
geometry_early_optical_clear_probe,3445615122,13,312.2,True
geometry_early_optical_clear_probe,3445615122,11,324.2,True
geometry_early_optical_clear_probe,3445615122,7,919.8685296413609,False
geometry_early_optical_clear_probe,3445615122,4,1325.7035013191385,True
geometry_early_optical_clear_probe,3445615122,3,1608.9035013191385,False
geometry_early_optical_clear_probe,3445615122,16,2614.240487721243,True
geometry_early_optical_clear_probe,2126089363,3,17.0,False
geometry_early_optical_clear_probe,2126089363,5,29.0,True
geometry_early_optical_clear_probe,2126089363,7,41.0,False
geometry_early_optical_clear_probe,2126089363,8,47.0,False
geometry_early_optical_clear_probe,2126089363,10,59.0,False
geometry_early_optical_clear_probe,2126089363,15,89.0,False
geometry_early_optical_clear_probe,2126089363,20,270.2,False
geometry_early_optical_clear_probe,2126089363,11,324.2,False
geometry_early_optical_clear_probe,2126089363,17,624.9261135904112,True
geometry_early_optical_clear_probe,2126089363,12,837.7076279095048,False
geometry_early_optical_clear_probe,2126089363,6,867.7076279095048,True
geometry_early_optical_clear_probe,2126089363,9,1768.1412723357657,True
geometry_early_optical_clear_probe,2126089363,19,2435.5524265177373,True
geometry_early_optical_clear_probe,2126089363,18,6639.591536722657,True
geometry_early_optical_clear_probe,2126089363,16,7355.696910589618,True
geometry_early_optical_clear_probe,3722860638,5,29.0,False
geometry_early_optical_clear_probe,3722860638,7,41.0,False
geometry_early_optical_clear_probe,3722860638,13,77.0,False
geometry_early_optical_clear_probe,3722860638,15,89.0,False
geometry_early_optical_clear_probe,3722860638,17,101.0,True
geometry_early_optical_clear_probe,3722860638,20,270.2,True
geometry_early_optical_clear_probe,3722860638,4,916.033288957233,True
geometry_early_optical_clear_probe,3722860638,18,2447.681140933024,True
geometry_early_optical_clear_probe,3722860638,12,3396.112009288447,True
geometry_early_optical_clear_probe,3722860638,1,3450.112009288447,False
geometry_early_optical_clear_probe,3722860638,2,5337.323801140195,True
geometry_early_optical_clear_probe,3722860638,11,6690.806471682074,True
geometry_early_optical_clear_probe,3722860638,19,7077.206471682073,True
geometry_early_optical_clear_probe,1109110259,4,23.0,True
geometry_early_optical_clear_probe,1109110259,14,83.0,True
geometry_early_optical_clear_probe,1109110259,16,95.0,True
geometry_early_optical_clear_probe,1109110259,17,101.0,True
geometry_early_optical_clear_probe,1109110259,20,119.0,False
geometry_early_optical_clear_probe,1109110259,15,300.2,True
geometry_early_optical_clear_probe,1109110259,7,348.2,False
geometry_early_optical_clear_probe,1109110259,3,372.2,False
geometry_early_optical_clear_probe,1109110259,5,559.4,False
geometry_early_optical_clear_probe,1109110259,2,3836.898645238903,True
geometry_early_optical_clear_probe,1109110259,13,3878.898645238903,False
geometry_early_optical_clear_probe,1109110259,10,4651.4139230607725,False
geometry_early_optical_clear_probe,1109110259,19,4879.7737694132875,True
geometry_early_optical_clear_probe,4095001774,9,53.0,False
geometry_early_optical_clear_probe,4095001774,18,107.0,False
geometry_early_optical_clear_probe,4095001774,20,119.0,False
geometry_early_optical_clear_probe,4095001774,11,324.2,False
geometry_early_optical_clear_probe,4095001774,4,366.2,False
geometry_early_optical_clear_probe,4095001774,7,577.6982668538135,True
geometry_early_optical_clear_probe,4095001774,19,637.6982668538135,False
geometry_early_optical_clear_probe,4095001774,16,1998.0139011000974,False
geometry_early_optical_clear_probe,4095001774,6,2592.889126284801,False
geometry_early_optical_clear_probe,4095001774,12,3009.2891262848007,False
geometry_early_optical_clear_probe,4095001774,3,3039.2891262848007,True
geometry_early_optical_clear_probe,4095001774,15,3419.6891262848003,False
geometry_early_optical_clear_probe,4095001774,1,4008.8058203602145,False
geometry_early_optical_clear_probe,4095001774,2,4652.500858572612,True
geometry_early_optical_clear_probe,4095001774,5,5866.99254652554,True
geometry_early_optical_clear_probe,1848663151,10,59.0,True
geometry_early_optical_clear_probe,1848663151,11,65.0,False
geometry_early_optical_clear_probe,1848663151,13,77.0,True
geometry_early_optical_clear_probe,1848663151,2,378.2,False
geometry_early_optical_clear_probe,1848663151,4,1375.250527720091,True
geometry_early_optical_clear_probe,1848663151,14,2597.2810106550055,True
geometry_early_optical_clear_probe,1848663151,18,2621.2810106550055,True
geometry_early_optical_clear_probe,1848663151,5,4333.204189709649,True
geometry_early_optical_clear_probe,1848663151,20,6507.46909097454,True
geometry_early_optical_clear_probe,1848663151,1,7242.387620064103,True
geometry_early_optical_clear_probe,895265259,8,47.0,False
geometry_early_optical_clear_probe,895265259,9,53.0,False
geometry_early_optical_clear_probe,895265259,10,59.0,True
geometry_early_optical_clear_probe,895265259,19,113.0,True
geometry_early_optical_clear_probe,895265259,7,348.2,False
geometry_early_optical_clear_probe,895265259,12,788.5550014359442,False
geometry_early_optical_clear_probe,895265259,6,1657.8545984409393,True
geometry_early_optical_clear_probe,895265259,13,1887.0545984409393,False
geometry_early_optical_clear_probe,895265259,18,2080.2545984409394,False
geometry_early_optical_clear_probe,895265259,1,2152.2545984409394,False
geometry_early_optical_clear_probe,895265259,15,4320.453203296916,True
geometry_early_optical_clear_probe,895265259,20,4338.453203296916,True
geometry_early_optical_clear_probe,895265259,4,7686.954764803534,True
geometry_early_optical_clear_probe,423225885,3,17.0,True
geometry_early_optical_clear_probe,423225885,6,35.0,False
geometry_early_optical_clear_probe,423225885,9,53.0,True
geometry_early_optical_clear_probe,423225885,12,71.0,False
geometry_early_optical_clear_probe,423225885,15,89.0,False
geometry_early_optical_clear_probe,423225885,16,95.0,True
geometry_early_optical_clear_probe,423225885,14,990.7762730144334,True
geometry_early_optical_clear_probe,423225885,20,4386.507312923287,True
geometry_early_optical_clear_probe,423225885,18,5080.617957831189,True
geometry_early_optical_clear_probe,423225885,1,6354.003394005721,True
geometry_early_optical_clear_probe,1046647173,1,5.0,True
geometry_early_optical_clear_probe,1046647173,3,17.0,False
geometry_early_optical_clear_probe,1046647173,14,83.0,False
geometry_early_optical_clear_probe,1046647173,20,119.0,False
geometry_early_optical_clear_probe,1046647173,13,312.2,False
geometry_early_optical_clear_probe,1046647173,8,825.1857702103056,True
geometry_early_optical_clear_probe,1046647173,12,1268.325008460877,False
geometry_early_optical_clear_probe,1046647173,7,1501.2669926510932,False
geometry_early_optical_clear_probe,1046647173,11,1768.884065881439,True
geometry_early_optical_clear_probe,1046647173,15,2227.284065881439,True
geometry_early_optical_clear_probe,1046647173,5,2721.6840658814385,True
geometry_early_optical_clear_probe,1046647173,2,7807.515360224565,True
geometry_early_optical_clear_probe,1514159849,2,11.0,False
geometry_early_optical_clear_probe,1514159849,3,17.0,True
geometry_early_optical_clear_probe,1514159849,7,41.0,True
geometry_early_optical_clear_probe,1514159849,8,47.0,True
geometry_early_optical_clear_probe,1514159849,12,71.0,False
geometry_early_optical_clear_probe,1514159849,18,107.0,False
geometry_early_optical_clear_probe,1514159849,20,119.0,False
geometry_early_optical_clear_probe,1514159849,16,1529.0481429948543,False
geometry_early_optical_clear_probe,1514159849,5,1980.2864173649352,False
geometry_early_optical_clear_probe,1514159849,10,2004.2864173649352,False
geometry_early_optical_clear_probe,1514159849,17,3307.244770616678,False
geometry_early_optical_clear_probe,2464490818,1,5.0,False
geometry_early_optical_clear_probe,2464490818,2,11.0,False
geometry_early_optical_clear_probe,2464490818,15,89.0,True
geometry_early_optical_clear_probe,2464490818,17,101.0,False
geometry_early_optical_clear_probe,2464490818,19,113.0,False
geometry_early_optical_clear_probe,2464490818,20,270.2,True
geometry_early_optical_clear_probe,2464490818,13,312.2,False
geometry_early_optical_clear_probe,2464490818,9,336.2,True
geometry_early_optical_clear_probe,2464490818,18,642.6935798112595,True
geometry_early_optical_clear_probe,2464490818,5,961.3691686691436,True
geometry_early_optical_clear_probe,2464490818,7,1488.264275203563,False
geometry_early_optical_clear_probe,2464490818,11,1747.4642752035631,False
geometry_early_optical_clear_probe,2464490818,12,1988.6642752035632,False
geometry_early_optical_clear_probe,2464490818,4,4461.503321048653,True
geometry_early_optical_clear_probe,3147074157,1,5.0,False
geometry_early_optical_clear_probe,3147074157,4,23.0,False
geometry_early_optical_clear_probe,3147074157,10,59.0,False
geometry_early_optical_clear_probe,3147074157,11,65.0,True
geometry_early_optical_clear_probe,3147074157,14,83.0,True
geometry_early_optical_clear_probe,3147074157,17,101.0,False
geometry_early_optical_clear_probe,3147074157,20,119.0,True
geometry_early_optical_clear_probe,3147074157,2,1022.1979629890656,False
geometry_early_optical_clear_probe,3147074157,8,1510.0928084701166,True
geometry_early_optical_clear_probe,3147074157,9,2662.256318275084,True
geometry_early_optical_clear_probe,3147074157,12,5675.449249483229,True
geometry_early_optical_clear_probe,1142022379,1,5.0,True
geometry_early_optical_clear_probe,1142022379,7,41.0,False
geometry_early_optical_clear_probe,1142022379,11,65.0,False
geometry_early_optical_clear_probe,1142022379,19,276.2,False
geometry_early_optical_clear_probe,1142022379,15,1098.2587798743555,True
geometry_early_optical_clear_probe,1142022379,13,1321.4587798743555,True
geometry_early_optical_clear_probe,1142022379,20,2781.718563695047,True
geometry_early_optical_clear_probe,1142022379,17,3528.344391761617,True
geometry_early_optical_clear_probe,1142022379,16,3534.344391761617,False
geometry_early_optical_clear_probe,1142022379,9,3558.344391761617,False
geometry_early_optical_clear_probe,1142022379,8,5589.274346220974,True
geometry_early_optical_clear_probe,1142022379,5,6172.38061066313,True
geometry_early_optical_clear_probe,1142022379,4,7630.415534423039,True
geometry_early_optical_clear_probe,1142022379,18,7835.615534423039,True
geometry_early_optical_clear_probe,404969584,2,11.0,False
geometry_early_optical_clear_probe,404969584,6,35.0,False
geometry_early_optical_clear_probe,404969584,7,41.0,True
geometry_early_optical_clear_probe,404969584,18,107.0,False
geometry_early_optical_clear_probe,404969584,19,113.0,False
geometry_early_optical_clear_probe,404969584,14,306.2,False
geometry_early_optical_clear_probe,404969584,11,324.2,False
geometry_early_optical_clear_probe,404969584,3,1059.3819016114378,True
geometry_early_optical_clear_probe,404969584,16,1113.3819016114378,True
geometry_early_optical_clear_probe,404969584,13,2585.823832503688,True
geometry_early_optical_clear_probe,404969584,9,2803.023832503688,False
geometry_early_optical_clear_probe,404969584,17,3006.5672675506567,True
geometry_early_optical_clear_probe,404969584,15,4450.26372357305,False
geometry_early_optical_clear_probe,404969584,10,4462.26372357305,True
geometry_early_optical_clear_probe,404969584,5,4872.6637235730495,True
geometry_early_optical_clear_probe,2996581123,1,5.0,False
geometry_early_optical_clear_probe,2996581123,7,41.0,False
geometry_early_optical_clear_probe,2996581123,8,47.0,False
geometry_early_optical_clear_probe,2996581123,9,53.0,False
geometry_early_optical_clear_probe,2996581123,10,59.0,False
geometry_early_optical_clear_probe,2996581123,16,95.0,False
geometry_early_optical_clear_probe,2996581123,20,119.0,True
geometry_early_optical_clear_probe,2996581123,17,288.2,True
geometry_early_optical_clear_probe,2996581123,2,378.2,False
geometry_early_optical_clear_probe,2996581123,13,3148.1558818974863,False
geometry_early_optical_clear_probe,2996581123,6,3166.1558818974863,True
geometry_early_optical_clear_probe,2996581123,15,5252.813809055327,False
geometry_early_optical_clear_probe,3226831259,9,53.0,False
geometry_early_optical_clear_probe,3226831259,15,89.0,True
geometry_early_optical_clear_probe,3226831259,18,107.0,False
geometry_early_optical_clear_probe,3226831259,10,330.2,False
geometry_early_optical_clear_probe,3226831259,6,354.2,True
geometry_early_optical_clear_probe,3226831259,17,1155.4813702111492,True
geometry_early_optical_clear_probe,3226831259,5,2557.1049820567227,True
geometry_early_optical_clear_probe,3226831259,2,3504.258979258309,True
geometry_early_optical_clear_probe,3226831259,19,4034.4282751224414,True
geometry_early_optical_clear_probe,3226831259,3,4432.8282751224415,False
geometry_early_optical_clear_probe,248316590,4,23.0,False
geometry_early_optical_clear_probe,248316590,12,71.0,False
geometry_early_optical_clear_probe,248316590,18,107.0,False
geometry_early_optical_clear_probe,248316590,19,276.2,False
geometry_early_optical_clear_probe,248316590,15,300.2,False
geometry_early_optical_clear_probe,248316590,11,728.8521034874686,False
geometry_early_optical_clear_probe,248316590,5,764.8521034874686,True
geometry_early_optical_clear_probe,248316590,17,2453.9073809511724,False
geometry_early_optical_clear_probe,248316590,20,3009.014323584805,True
geometry_early_optical_clear_probe,248316590,9,3544.481977674139,False
geometry_early_optical_clear_probe,248316590,10,4453.604513904151,True
geometry_early_optical_clear_probe,248316590,1,4495.604513904151,False
geometry_early_optical_clear_probe,3538667901,5,29.0,True
geometry_early_optical_clear_probe,3538667901,7,41.0,True
geometry_early_optical_clear_probe,3538667901,8,47.0,False
geometry_early_optical_clear_probe,3538667901,9,53.0,True
geometry_early_optical_clear_probe,3538667901,11,65.0,True
geometry_early_optical_clear_probe,3538667901,16,95.0,True
geometry_early_optical_clear_probe,3538667901,17,101.0,False
geometry_early_optical_clear_probe,3538667901,14,306.2,False
geometry_early_optical_clear_probe,3538667901,2,378.2,True
geometry_early_optical_clear_probe,3538667901,19,649.3297951876256,True
geometry_early_optical_clear_probe,3538667901,10,2575.2037617227497,True
geometry_early_optical_clear_probe,3538667901,1,3393.046943890104,True
geometry_early_optical_clear_probe,3538667901,3,3966.581370557555,True
geometry_early_optical_clear_probe,3538667901,15,4358.981370557555,False
geometry_early_optical_clear_probe,3538667901,4,4558.181370557555,True
geometry_early_optical_clear_probe,3538667901,18,4606.181370557555,True
geometry_early_optical_clear_probe,1769864141,5,29.0,True
geometry_early_optical_clear_probe,1769864141,12,71.0,False
geometry_early_optical_clear_probe,1769864141,20,119.0,True
geometry_early_optical_clear_probe,1769864141,19,276.2,True
geometry_early_optical_clear_probe,1769864141,18,282.2,True
geometry_early_optical_clear_probe,1769864141,9,555.1297756056669,True
geometry_early_optical_clear_probe,1769864141,17,2704.503256722064,False
geometry_early_optical_clear_probe,1769864141,8,3491.4787442734555,False
geometry_early_optical_clear_probe,1769864141,3,3862.068840079049,False
geometry_early_optical_clear_probe,1769864141,4,3868.068840079049,False
geometry_early_optical_clear_probe,734722022,4,23.0,True
geometry_early_optical_clear_probe,734722022,6,35.0,False
geometry_early_optical_clear_probe,734722022,8,47.0,True
geometry_early_optical_clear_probe,734722022,9,53.0,True
geometry_early_optical_clear_probe,734722022,11,65.0,True
geometry_early_optical_clear_probe,734722022,14,83.0,True
geometry_early_optical_clear_probe,734722022,17,101.0,False
geometry_early_optical_clear_probe,734722022,18,282.2,True
geometry_early_optical_clear_probe,734722022,2,902.5999999999999,False
geometry_early_optical_clear_probe,734722022,19,1323.7215227452261,True
geometry_early_optical_clear_probe,734722022,12,3026.227895014468,True
geometry_early_optical_clear_probe,261118910,2,11.0,False
geometry_early_optical_clear_probe,261118910,3,17.0,True
geometry_early_optical_clear_probe,261118910,5,29.0,False
geometry_early_optical_clear_probe,261118910,8,47.0,False
geometry_early_optical_clear_probe,261118910,17,101.0,True
geometry_early_optical_clear_probe,261118910,20,119.0,False
geometry_early_optical_clear_probe,261118910,9,336.2,True
geometry_early_optical_clear_probe,261118910,6,540.3456438588912,False
geometry_early_optical_clear_probe,261118910,14,588.3456438588912,True
geometry_early_optical_clear_probe,261118910,11,1346.492452370915,False
geometry_early_optical_clear_probe,261118910,12,2226.8368942897873,True
geometry_early_optical_clear_probe,261118910,16,2637.236894289787,True
geometry_early_optical_clear_probe,261118910,19,4342.797837109362,True
geometry_early_optical_clear_probe,261118910,10,5193.241935304539,False
geometry_early_optical_clear_probe,261118910,4,6026.1077615140675,True
geometry_early_optical_clear_probe,261118910,15,6831.311000246378,True
geometry_early_optical_clear_probe,3106124320,4,23.0,False
geometry_early_optical_clear_probe,3106124320,17,101.0,False
geometry_early_optical_clear_probe,3106124320,18,107.0,False
geometry_early_optical_clear_probe,3106124320,19,113.0,False
geometry_early_optical_clear_probe,3106124320,20,270.2,True
geometry_early_optical_clear_probe,3106124320,6,559.4,False
geometry_early_optical_clear_probe,3106124320,16,619.4,True
geometry_early_optical_clear_probe,3106124320,12,818.5999999999999,False
geometry_early_optical_clear_probe,3106124320,7,1304.5860945397153,True
geometry_early_optical_clear_probe,3106124320,11,1520.0658763780307,True
geometry_early_optical_clear_probe,3106124320,5,1761.2658763780307,False
geometry_early_optical_clear_probe,3106124320,10,1920.1376657900255,True
geometry_early_optical_clear_probe,3106124320,1,2663.94978352965,False
geometry_early_optical_clear_probe,3106124320,13,5493.843175415236,True
geometry_early_optical_clear_probe,3922831918,5,29.0,False
geometry_early_optical_clear_probe,3922831918,11,65.0,False
geometry_early_optical_clear_probe,3922831918,13,77.0,False
geometry_early_optical_clear_probe,3922831918,19,113.0,False
geometry_early_optical_clear_probe,3922831918,18,282.2,False
geometry_early_optical_clear_probe,3922831918,7,348.2,False
geometry_early_optical_clear_probe,3922831918,2,378.2,True
geometry_early_optical_clear_probe,3922831918,17,600.183692714329,True
geometry_early_optical_clear_probe,3922831918,9,822.8009023950772,False
geometry_early_optical_clear_probe,3922831918,8,2072.2730808561546,False
geometry_early_optical_clear_probe,3922831918,14,3552.9137430541314,True
geometry_early_optical_clear_probe,3922831918,3,5418.30187408187,True
geometry_early_optical_clear_probe,4259131908,1,5.0,False
geometry_early_optical_clear_probe,4259131908,4,23.0,False
geometry_early_optical_clear_probe,4259131908,7,41.0,False
geometry_early_optical_clear_probe,4259131908,13,77.0,True
geometry_early_optical_clear_probe,4259131908,20,119.0,True
geometry_early_optical_clear_probe,4259131908,18,282.2,False
geometry_early_optical_clear_probe,4259131908,17,288.2,False
geometry_early_optical_clear_probe,4259131908,12,318.2,False
geometry_early_optical_clear_probe,4259131908,3,544.8100004022192,False
geometry_early_optical_clear_probe,4259131908,6,562.8100004022192,True
geometry_early_optical_clear_probe,4259131908,8,1090.2614714885383,True
geometry_early_optical_clear_probe,4259131908,2,2439.750639092359,True
geometry_early_optical_clear_probe,4259131908,5,3444.440115889351,True
geometry_early_optical_clear_probe,4259131908,19,6931.3024891060995,True
geometry_early_optical_clear_probe,386474870,1,5.0,False
geometry_early_optical_clear_probe,386474870,4,23.0,False
geometry_early_optical_clear_probe,386474870,6,35.0,True
geometry_early_optical_clear_probe,386474870,10,59.0,True
geometry_early_optical_clear_probe,386474870,13,77.0,False
geometry_early_optical_clear_probe,386474870,20,119.0,False
geometry_early_optical_clear_probe,386474870,2,473.40780987491667,False
geometry_early_optical_clear_probe,386474870,17,803.9101588088979,False
geometry_early_optical_clear_probe,386474870,14,821.9101588088979,False
geometry_early_optical_clear_probe,386474870,3,1472.5482348658625,False
geometry_early_optical_clear_probe,386474870,18,1672.1820960140217,False
geometry_early_optical_clear_probe,386474870,9,2166.5820960140218,False
geometry_early_optical_clear_probe,1556446016,5,29.0,False
geometry_early_optical_clear_probe,1556446016,9,53.0,True
geometry_early_optical_clear_probe,1556446016,10,59.0,False
geometry_early_optical_clear_probe,1556446016,12,71.0,True
geometry_early_optical_clear_probe,1556446016,20,119.0,False
geometry_early_optical_clear_probe,1556446016,19,276.2,False
geometry_early_optical_clear_probe,1556446016,4,366.2,False
geometry_early_optical_clear_probe,1556446016,3,1616.7163375817286,True
geometry_early_optical_clear_probe,1556446016,15,2919.3623700938215,False
geometry_early_optical_clear_probe,1556446016,18,4968.542857819826,False
geometry_early_optical_clear_probe,3454956052,4,23.0,False
geometry_early_optical_clear_probe,3454956052,6,35.0,False
geometry_early_optical_clear_probe,3454956052,18,282.2,False
geometry_early_optical_clear_probe,3454956052,17,288.2,False
geometry_early_optical_clear_probe,3454956052,16,294.2,True
geometry_early_optical_clear_probe,3454956052,8,577.4,False
geometry_early_optical_clear_probe,3454956052,9,583.4,False
geometry_early_optical_clear_probe,3454956052,11,595.4,True
geometry_early_optical_clear_probe,3454956052,12,601.4,True
geometry_early_optical_clear_probe,3454956052,19,1608.306464683087,True
geometry_early_optical_clear_probe,3454956052,20,4956.4661057844605,True
geometry_early_optical_clear_probe,4006031818,4,23.0,True
geometry_early_optical_clear_probe,4006031818,7,41.0,False
geometry_early_optical_clear_probe,4006031818,11,65.0,True
geometry_early_optical_clear_probe,4006031818,13,77.0,False
geometry_early_optical_clear_probe,4006031818,1,945.115857244972,True
geometry_early_optical_clear_probe,4006031818,20,1041.115857244972,False
geometry_early_optical_clear_probe,4006031818,3,1451.515857244972,False
geometry_early_optical_clear_probe,4006031818,14,1717.715857244972,False
geometry_early_optical_clear_probe,4006031818,5,1946.9158572449721,False
geometry_early_optical_clear_probe,4006031818,9,4422.750874413875,True
geometry_early_optical_clear_probe,153154382,4,23.0,True
geometry_early_optical_clear_probe,153154382,17,101.0,False
geometry_early_optical_clear_probe,153154382,16,294.2,False
geometry_early_optical_clear_probe,153154382,15,300.2,False
geometry_early_optical_clear_probe,153154382,6,354.2,True
geometry_early_optical_clear_probe,153154382,3,372.2,False
geometry_early_optical_clear_probe,153154382,1,384.2,False
geometry_early_optical_clear_probe,153154382,10,558.3493671779313,True
geometry_early_optical_clear_probe,153154382,14,582.3493671779313,False
geometry_early_optical_clear_probe,153154382,20,759.1404377709285,False
geometry_early_optical_clear_probe,153154382,12,801.1404377709285,True
geometry_early_optical_clear_probe,153154382,9,1054.3404377709285,True
geometry_early_optical_clear_probe,153154382,18,3281.115159407859,True
geometry_early_optical_clear_probe,153154382,13,4178.79792296048,True
geometry_early_optical_clear_probe,1986978537,3,17.0,False
geometry_early_optical_clear_probe,1986978537,6,35.0,False
geometry_early_optical_clear_probe,1986978537,11,65.0,True
geometry_early_optical_clear_probe,1986978537,14,83.0,False
geometry_early_optical_clear_probe,1986978537,18,107.0,False
geometry_early_optical_clear_probe,1986978537,19,113.0,False
geometry_early_optical_clear_probe,1986978537,15,300.2,False
geometry_early_optical_clear_probe,1986978537,7,348.2,False
geometry_early_optical_clear_probe,1986978537,1,384.2,True
geometry_early_optical_clear_probe,1986978537,8,1150.0596210982562,True
geometry_early_optical_clear_probe,1986978537,9,3947.843839654605,True
geometry_early_optical_clear_probe,1986978537,2,4916.632465138068,True
geometry_early_optical_clear_probe,1986978537,16,6030.006110956116,True
geometry_early_optical_clear_probe,1986978537,12,6042.006110956116,False
geometry_early_optical_clear_probe,1986978537,5,6589.338827295479,True
geometry_early_optical_clear_probe,1197693270,2,11.0,True
geometry_early_optical_clear_probe,1197693270,4,23.0,True
geometry_early_optical_clear_probe,1197693270,5,29.0,False
geometry_early_optical_clear_probe,1197693270,8,47.0,False
geometry_early_optical_clear_probe,1197693270,11,65.0,False
geometry_early_optical_clear_probe,1197693270,17,101.0,True
geometry_early_optical_clear_probe,1197693270,18,107.0,False
geometry_early_optical_clear_probe,1197693270,13,812.6178173093456,False
geometry_early_optical_clear_probe,1197693270,10,830.6178173093456,True
geometry_early_optical_clear_probe,1197693270,7,1004.6573411023993,False
geometry_early_optical_clear_probe,1197693270,19,2014.0527255404786,False
geometry_early_optical_clear_probe,1197693270,12,2820.0502806344257,True
geometry_early_optical_clear_probe,3273041996,2,11.0,False
geometry_early_optical_clear_probe,3273041996,7,41.0,False
geometry_early_optical_clear_probe,3273041996,20,119.0,False
geometry_early_optical_clear_probe,3273041996,10,330.2,True
geometry_early_optical_clear_probe,3273041996,1,384.2,False
geometry_early_optical_clear_probe,3273041996,6,565.4,False
geometry_early_optical_clear_probe,3273041996,8,577.4,False
geometry_early_optical_clear_probe,3273041996,18,1953.9019908183116,True
geometry_early_optical_clear_probe,3273041996,9,2352.3019908183114,False
geometry_early_optical_clear_probe,3273041996,14,2587.5019908183112,True
geometry_early_optical_clear_probe,3273041996,13,3720.640960276728,False
geometry_early_optical_clear_probe,3273041996,11,3968.6932816124186,True
geometry_early_optical_clear_probe,3273041996,16,4361.093281612419,True
geometry_early_optical_clear_probe,1593433406,1,5.0,True
geometry_early_optical_clear_probe,1593433406,3,17.0,False
geometry_early_optical_clear_probe,1593433406,4,23.0,False
geometry_early_optical_clear_probe,1593433406,6,35.0,True
geometry_early_optical_clear_probe,1593433406,7,41.0,False
geometry_early_optical_clear_probe,1593433406,10,59.0,False
geometry_early_optical_clear_probe,1593433406,12,71.0,True
geometry_early_optical_clear_probe,1593433406,18,107.0,False
geometry_early_optical_clear_probe,1593433406,16,294.2,True
geometry_early_optical_clear_probe,1593433406,17,620.4,True
geometry_early_optical_clear_probe,1593433406,9,1844.7381063992073,True
geometry_early_optical_clear_probe,1593433406,5,1862.7381063992073,False
geometry_early_optical_clear_probe,1593433406,8,3963.0087615712087,True
geometry_early_optical_clear_probe,1593433406,19,5266.068783728992,True
geometry_early_optical_clear_probe,1976899318,1,5.0,False
geometry_early_optical_clear_probe,1976899318,2,11.0,False
geometry_early_optical_clear_probe,1976899318,3,17.0,True
geometry_early_optical_clear_probe,1976899318,4,23.0,False
geometry_early_optical_clear_probe,1976899318,9,53.0,True
geometry_early_optical_clear_probe,1976899318,10,59.0,True
geometry_early_optical_clear_probe,1976899318,18,107.0,True
geometry_early_optical_clear_probe,1976899318,20,119.0,False
geometry_early_optical_clear_probe,1976899318,19,276.2,False
geometry_early_optical_clear_probe,1976899318,15,300.2,True
geometry_early_optical_clear_probe,1976899318,8,342.2,False
geometry_early_optical_clear_probe,1976899318,5,360.2,True
geometry_early_optical_clear_probe,1976899318,13,2004.0711434736063,True
geometry_early_optical_clear_probe,1976899318,16,2016.0711434736063,True
geometry_early_optical_clear_probe,1976899318,14,3648.297428712024,True
geometry_early_optical_clear_probe,1912334107,8,47.0,False
geometry_early_optical_clear_probe,1912334107,10,59.0,True
geometry_early_optical_clear_probe,1912334107,14,83.0,False
geometry_early_optical_clear_probe,1912334107,15,89.0,False
geometry_early_optical_clear_probe,1912334107,16,95.0,False
geometry_early_optical_clear_probe,1912334107,17,101.0,False
geometry_early_optical_clear_probe,1912334107,20,270.2,False
geometry_early_optical_clear_probe,1912334107,11,324.2,True
geometry_early_optical_clear_probe,1912334107,3,372.2,True
geometry_early_optical_clear_probe,1912334107,1,839.2461936722275,True
geometry_early_optical_clear_probe,1912334107,12,3727.30163855808,False
geometry_early_optical_clear_probe,1912334107,6,4993.2872871528325,True
geometry_early_optical_clear_probe,1912334107,19,5361.687287152832,True
geometry_early_optical_clear_probe,4164493663,1,5.0,True
geometry_early_optical_clear_probe,4164493663,4,23.0,False
geometry_early_optical_clear_probe,4164493663,9,53.0,False
geometry_early_optical_clear_probe,4164493663,12,71.0,False
geometry_early_optical_clear_probe,4164493663,13,77.0,False
geometry_early_optical_clear_probe,4164493663,15,89.0,True
geometry_early_optical_clear_probe,4164493663,16,95.0,False
geometry_early_optical_clear_probe,4164493663,19,113.0,False
geometry_early_optical_clear_probe,4164493663,2,1881.8494865336022,False
geometry_early_optical_clear_probe,4164493663,18,2092.752450601931,True
geometry_early_optical_clear_probe,1766154472,6,35.0,True
geometry_early_optical_clear_probe,1766154472,7,41.0,False
geometry_early_optical_clear_probe,1766154472,18,107.0,False
geometry_early_optical_clear_probe,1766154472,13,312.2,False
geometry_early_optical_clear_probe,1766154472,4,366.2,False
geometry_early_optical_clear_probe,1766154472,10,589.4,True
geometry_early_optical_clear_probe,1766154472,8,1083.8,True
geometry_early_optical_clear_probe,1766154472,19,1968.7613030437678,True
geometry_early_optical_clear_probe,1766154472,20,4939.198825916806,True
geometry_early_optical_clear_probe,1766154472,9,5180.398825916805,False
geometry_early_optical_clear_probe,1766154472,17,5650.798825916805,False
geometry_early_optical_clear_probe,341418029,3,17.0,False
geometry_early_optical_clear_probe,341418029,7,41.0,False
geometry_early_optical_clear_probe,341418029,11,65.0,False
geometry_early_optical_clear_probe,341418029,5,1031.4672303144193,True
geometry_early_optical_clear_probe,341418029,9,1330.3749350574546,False
geometry_early_optical_clear_probe,341418029,6,4614.372025951942,True
geometry_early_optical_clear_probe,341418029,1,4927.572025951942,True
geometry_early_optical_clear_probe,341418029,4,5397.972025951942,True
geometry_early_optical_clear_probe,341418029,13,5604.172025951942,True
geometry_early_optical_clear_probe,341418029,20,6064.094500684516,True
geometry_early_optical_clear_probe,1283934133,2,11.0,False
geometry_early_optical_clear_probe,1283934133,8,47.0,False
geometry_early_optical_clear_probe,1283934133,11,65.0,False
geometry_early_optical_clear_probe,1283934133,17,101.0,False
geometry_early_optical_clear_probe,1283934133,19,113.0,True
geometry_early_optical_clear_probe,1283934133,16,294.2,False
geometry_early_optical_clear_probe,1283934133,15,300.2,False
geometry_early_optical_clear_probe,1283934133,6,354.2,True
geometry_early_optical_clear_probe,1283934133,5,360.2,False
geometry_early_optical_clear_probe,1283934133,13,607.4,True
geometry_early_optical_clear_probe,1283934133,4,1787.8281270249283,True
geometry_early_optical_clear_probe,1283934133,12,2704.628127024928,True
geometry_early_optical_clear_probe,1283934133,9,2716.628127024928,True
geometry_early_optical_clear_probe,1283934133,14,5254.880519802138,True
geometry_early_optical_clear_probe,1283934133,20,5272.880519802138,True
geometry_early_optical_clear_probe,1283934133,3,5894.125983467826,True
geometry_early_optical_clear_probe,674764190,1,5.0,False
geometry_early_optical_clear_probe,674764190,3,17.0,False
geometry_early_optical_clear_probe,674764190,11,65.0,True
geometry_early_optical_clear_probe,674764190,13,77.0,False
geometry_early_optical_clear_probe,674764190,15,89.0,True
geometry_early_optical_clear_probe,674764190,18,812.5999999999999,True
geometry_early_optical_clear_probe,674764190,16,824.5999999999999,False
geometry_early_optical_clear_probe,674764190,10,1508.9197639315953,False
geometry_early_optical_clear_probe,674764190,5,1864.089945340815,True
geometry_early_optical_clear_probe,674764190,12,2605.9533352634444,True
geometry_early_optical_clear_probe,674764190,4,2865.153335263444,True
geometry_early_optical_clear_probe,674764190,6,5856.279202323866,True
geometry_early_optical_clear_probe,2645286050,8,47.0,False
geometry_early_optical_clear_probe,2645286050,10,59.0,True
geometry_early_optical_clear_probe,2645286050,11,65.0,False
geometry_early_optical_clear_probe,2645286050,12,71.0,False
geometry_early_optical_clear_probe,2645286050,13,77.0,False
geometry_early_optical_clear_probe,2645286050,16,95.0,True
geometry_early_optical_clear_probe,2645286050,17,101.0,False
geometry_early_optical_clear_probe,2645286050,19,113.0,False
geometry_early_optical_clear_probe,2645286050,18,625.4,False
geometry_early_optical_clear_probe,2645286050,5,922.4084425947539,False
geometry_early_optical_clear_probe,2645286050,7,1170.50289880281,False
geometry_early_optical_clear_probe,2645286050,20,1701.8209664328322,False
geometry_early_optical_clear_probe,2645286050,6,1966.9588440220718,True
geometry_early_optical_clear_probe,2645286050,15,3975.000089877364,True
geometry_early_optical_clear_probe,2645286050,9,4850.997054602399,True
geometry_early_optical_clear_probe,1720462888,2,11.0,False
geometry_early_optical_clear_probe,1720462888,10,59.0,False
geometry_early_optical_clear_probe,1720462888,13,77.0,False
geometry_early_optical_clear_probe,1720462888,5,360.2,False
geometry_early_optical_clear_probe,1720462888,12,824.5999999999999,False
geometry_early_optical_clear_probe,1720462888,3,866.5999999999999,True
geometry_early_optical_clear_probe,1720462888,15,1719.7130020296308,False
geometry_early_optical_clear_probe,1720462888,1,1928.5011911813547,True
geometry_early_optical_clear_probe,1720462888,19,4695.866030682839,True
geometry_early_optical_clear_probe,1720462888,11,7042.622561285794,True
geometry_early_optical_clear_probe,3029399472,2,11.0,False
geometry_early_optical_clear_probe,3029399472,5,29.0,False
geometry_early_optical_clear_probe,3029399472,16,95.0,True
geometry_early_optical_clear_probe,3029399472,17,101.0,False
geometry_early_optical_clear_probe,3029399472,14,306.2,False
geometry_early_optical_clear_probe,3029399472,10,637.505778410632,False
geometry_early_optical_clear_probe,3029399472,19,967.5616260450762,False
geometry_early_optical_clear_probe,3029399472,15,985.5616260450762,False
geometry_early_optical_clear_probe,3029399472,1,1229.7827976516105,False
geometry_early_optical_clear_probe,3029399472,3,1235.7827976516105,True
geometry_early_optical_clear_probe,3029399472,12,1283.7827976516105,True
geometry_early_optical_clear_probe,3029399472,4,1633.8459349397738,True
geometry_early_optical_clear_probe,3029399472,13,4608.8175641475955,True
geometry_early_optical_clear_probe,3029399472,7,4989.217564147595,True
geometry_early_optical_clear_probe,3029399472,11,5007.217564147595,False
geometry_early_optical_clear_probe,371523892,5,29.0,False
geometry_early_optical_clear_probe,371523892,8,47.0,True
geometry_early_optical_clear_probe,371523892,17,101.0,False
geometry_early_optical_clear_probe,371523892,20,119.0,False
geometry_early_optical_clear_probe,371523892,16,824.5999999999999,True
geometry_early_optical_clear_probe,371523892,3,902.5999999999999,True
geometry_early_optical_clear_probe,371523892,11,1675.114476984527,True
geometry_early_optical_clear_probe,371523892,13,1687.114476984527,True
geometry_early_optical_clear_probe,371523892,15,1699.114476984527,False
geometry_early_optical_clear_probe,371523892,19,1723.114476984527,True
geometry_early_optical_clear_probe,125337313,4,23.0,False
geometry_early_optical_clear_probe,125337313,15,89.0,False
geometry_early_optical_clear_probe,125337313,16,95.0,False
geometry_early_optical_clear_probe,125337313,17,101.0,False
geometry_early_optical_clear_probe,125337313,20,119.0,False
geometry_early_optical_clear_probe,125337313,1,384.2,True
geometry_early_optical_clear_probe,125337313,13,790.9781386255468,True
geometry_early_optical_clear_probe,125337313,11,1062.1781386255468,False
geometry_early_optical_clear_probe,125337313,12,1068.1781386255468,False
geometry_early_optical_clear_probe,125337313,5,1873.9952709444217,False
geometry_early_optical_clear_probe,125337313,8,1891.9952709444217,False
geometry_early_optical_clear_probe,125337313,9,2561.5120546576736,True
geometry_early_optical_clear_probe,125337313,14,2948.334388256654,True
geometry_early_optical_clear_probe,125337313,19,3519.650521164305,True
geometry_early_optical_clear_probe,125337313,6,3555.650521164305,True
geometry_early_optical_clear_probe,1496607637,3,17.0,False
geometry_early_optical_clear_probe,1496607637,7,41.0,False
geometry_early_optical_clear_probe,1496607637,8,47.0,False
geometry_early_optical_clear_probe,1496607637,9,53.0,False
geometry_early_optical_clear_probe,1496607637,11,65.0,False
geometry_early_optical_clear_probe,1496607637,14,83.0,True
geometry_early_optical_clear_probe,1496607637,18,107.0,True
geometry_early_optical_clear_probe,1496607637,19,113.0,False
geometry_early_optical_clear_probe,1496607637,5,360.2,False
geometry_early_optical_clear_probe,1496607637,12,974.8633851862154,False
geometry_early_optical_clear_probe,1496607637,17,1185.0871035211899,False
geometry_early_optical_clear_probe,1496607637,6,1233.0871035211899,True
geometry_early_optical_clear_probe,1496607637,15,1491.3744048653302,False
geometry_early_optical_clear_probe,1496607637,1,2296.028762630169,True
geometry_early_optical_clear_probe,1496607637,20,6523.151498051805,True
geometry_early_optical_clear_probe,1275460434,2,11.0,False
geometry_early_optical_clear_probe,1275460434,7,41.0,True
geometry_early_optical_clear_probe,1275460434,12,71.0,False
geometry_early_optical_clear_probe,1275460434,20,119.0,False
geometry_early_optical_clear_probe,1275460434,15,300.2,False
geometry_early_optical_clear_probe,1275460434,11,823.3465943141651,False
geometry_early_optical_clear_probe,1275460434,18,2651.8624143311763,True
geometry_early_optical_clear_probe,1275460434,3,3655.827291804864,False
geometry_early_optical_clear_probe,1275460434,9,3685.827291804864,False
geometry_early_optical_clear_probe,1275460434,10,3691.827291804864,True
geometry_early_optical_clear_probe,1275460434,17,4168.227291804864,True
geometry_early_optical_clear_probe,1275460434,16,4344.427291804864,True
geometry_early_optical_clear_probe,1275460434,13,6708.129825341825,True
geometry_early_optical_clear_probe,1829609518,4,23.0,True
geometry_early_optical_clear_probe,1829609518,11,65.0,True
geometry_early_optical_clear_probe,1829609518,14,83.0,False
geometry_early_optical_clear_probe,1829609518,16,95.0,False
geometry_early_optical_clear_probe,1829609518,20,637.4,False
geometry_early_optical_clear_probe,1829609518,18,857.6245549587447,True
geometry_early_optical_clear_probe,1829609518,8,899.6245549587447,False
geometry_early_optical_clear_probe,1829609518,9,1406.5377679444175,False
geometry_early_optical_clear_probe,1829609518,1,1448.5377679444175,False
geometry_early_optical_clear_probe,1829609518,17,4381.456255604853,True
geometry_early_optical_clear_probe,1829609518,6,4417.456255604853,False
geometry_early_optical_clear_probe,2008308158,2,11.0,False
geometry_early_optical_clear_probe,2008308158,7,41.0,False
geometry_early_optical_clear_probe,2008308158,11,65.0,True
geometry_early_optical_clear_probe,2008308158,14,83.0,False
geometry_early_optical_clear_probe,2008308158,10,330.2,False
geometry_early_optical_clear_probe,2008308158,8,584.5924275340323,True
geometry_early_optical_clear_probe,2008308158,15,620.5924275340323,False
geometry_early_optical_clear_probe,2008308158,3,3478.2378382358515,False
geometry_early_optical_clear_probe,2008308158,19,3544.2378382358515,True
geometry_early_optical_clear_probe,2008308158,1,5738.589653503741,True
geometry_early_optical_clear_probe,2614964732,4,23.0,True
geometry_early_optical_clear_probe,2614964732,10,59.0,False
geometry_early_optical_clear_probe,2614964732,11,65.0,False
geometry_early_optical_clear_probe,2614964732,12,71.0,False
geometry_early_optical_clear_probe,2614964732,18,282.2,True
geometry_early_optical_clear_probe,2614964732,3,372.2,True
geometry_early_optical_clear_probe,2614964732,5,595.6082550081173,False
geometry_early_optical_clear_probe,2614964732,17,655.6082550081173,True
geometry_early_optical_clear_probe,2614964732,16,881.9968830854551,True
geometry_early_optical_clear_probe,2614964732,15,887.9968830854551,False
geometry_early_optical_clear_probe,2614964732,9,917.9968830854551,False
geometry_early_optical_clear_probe,2614964732,1,1598.7460505180643,True
geometry_early_optical_clear_probe,2614964732,6,3874.1898827166156,True
geometry_early_optical_clear_probe,2614964732,19,4091.3898827166154,False
geometry_early_optical_clear_probe,2614964732,2,4441.67716188134,True
geometry_early_optical_clear_probe,211290941,1,5.0,True
geometry_early_optical_clear_probe,211290941,11,65.0,False
geometry_early_optical_clear_probe,211290941,15,89.0,False
geometry_early_optical_clear_probe,211290941,18,107.0,True
geometry_early_optical_clear_probe,211290941,19,113.0,True
geometry_early_optical_clear_probe,211290941,20,119.0,True
geometry_early_optical_clear_probe,211290941,8,342.2,True
geometry_early_optical_clear_probe,211290941,2,564.2267829443725,False
geometry_early_optical_clear_probe,211290941,5,582.2267829443725,False
geometry_early_optical_clear_probe,211290941,7,889.4267829443725,False
geometry_early_optical_clear_probe,211290941,10,1124.6267829443725,True
geometry_early_optical_clear_probe,211290941,12,1136.6267829443725,False
geometry_early_optical_clear_probe,211290941,4,2810.133907629499,False
geometry_early_optical_clear_probe,211290941,17,4399.5358239097595,True
geometry_early_optical_clear_probe,211290941,14,6366.543217451052,True
geometry_early_optical_clear_probe,8650551,1,5.0,False
geometry_early_optical_clear_probe,8650551,4,23.0,False
geometry_early_optical_clear_probe,8650551,5,29.0,False
geometry_early_optical_clear_probe,8650551,8,47.0,False
geometry_early_optical_clear_probe,8650551,9,53.0,True
geometry_early_optical_clear_probe,8650551,10,59.0,False
geometry_early_optical_clear_probe,8650551,13,77.0,True
geometry_early_optical_clear_probe,8650551,14,83.0,False
geometry_early_optical_clear_probe,8650551,20,119.0,True
geometry_early_optical_clear_probe,8650551,3,372.2,True
geometry_early_optical_clear_probe,8650551,11,838.805322917098,True
geometry_early_optical_clear_probe,8650551,19,1258.6040426918457,True
geometry_early_optical_clear_probe,8650551,17,1270.6040426918457,True
geometry_early_optical_clear_probe,8650551,2,1481.8040426918458,False
geometry_early_optical_clear_probe,8650551,6,3378.5572158699792,True
geometry_early_optical_clear_probe,817558227,20,119.0,False
geometry_early_optical_clear_probe,817558227,14,306.2,False
geometry_early_optical_clear_probe,817558227,1,543.0357282381317,False
geometry_early_optical_clear_probe,817558227,9,591.0357282381317,True
geometry_early_optical_clear_probe,817558227,17,639.0357282381317,True
geometry_early_optical_clear_probe,817558227,12,844.2357282381317,True
geometry_early_optical_clear_probe,817558227,11,1121.4357282381318,False
geometry_early_optical_clear_probe,817558227,16,1739.0728401064914,False
geometry_early_optical_clear_probe,817558227,8,1988.7650887334541,True
geometry_early_optical_clear_probe,817558227,10,2431.746130095009,False
geometry_early_optical_clear_probe,817558227,18,2461.746130095009,True
geometry_early_optical_clear_probe,817558227,3,6743.811839756287,True
geometry_early_optical_clear_probe,1468907436,1,5.0,True
geometry_early_optical_clear_probe,1468907436,5,29.0,False
geometry_early_optical_clear_probe,1468907436,6,35.0,True
geometry_early_optical_clear_probe,1468907436,10,59.0,False
geometry_early_optical_clear_probe,1468907436,11,65.0,True
geometry_early_optical_clear_probe,1468907436,19,276.2,True
geometry_early_optical_clear_probe,1468907436,18,282.2,False
geometry_early_optical_clear_probe,1468907436,3,372.2,True
geometry_early_optical_clear_probe,1468907436,14,1557.7105776915623,False
geometry_early_optical_clear_probe,1468907436,7,5467.168153515407,False
geometry_early_optical_clear_probe,1687659912,11,65.0,False
geometry_early_optical_clear_probe,1687659912,14,83.0,True
geometry_early_optical_clear_probe,1687659912,20,270.2,False
geometry_early_optical_clear_probe,1687659912,12,318.2,False
geometry_early_optical_clear_probe,1687659912,16,1099.8676912144142,False
geometry_early_optical_clear_probe,1687659912,3,1534.4455720386543,True
geometry_early_optical_clear_probe,1687659912,10,1811.6455720386543,False
geometry_early_optical_clear_probe,1687659912,7,4621.519168685941,True
geometry_early_optical_clear_probe,1687659912,6,4826.7191686859405,True
geometry_early_optical_clear_probe,1687659912,13,5859.370836070619,True
geometry_early_optical_clear_probe,3487918536,1,5.0,False
geometry_early_optical_clear_probe,3487918536,6,35.0,False
geometry_early_optical_clear_probe,3487918536,8,47.0,False
geometry_early_optical_clear_probe,3487918536,14,83.0,False
geometry_early_optical_clear_probe,3487918536,16,95.0,False
geometry_early_optical_clear_probe,3487918536,17,101.0,False
geometry_early_optical_clear_probe,3487918536,19,113.0,False
geometry_early_optical_clear_probe,3487918536,18,282.2,False
geometry_early_optical_clear_probe,3487918536,4,366.2,True
geometry_early_optical_clear_probe,3487918536,15,1314.015679179465,False
geometry_early_optical_clear_probe,3487918536,10,1338.015679179465,True
geometry_early_optical_clear_probe,3487918536,5,1368.015679179465,True
geometry_early_optical_clear_probe,3487918536,12,2729.8678606765834,True
geometry_early_optical_clear_probe,3487918536,13,4193.581677462936,True
geometry_early_optical_clear_probe,3487918536,2,5224.298830381124,True
geometry_early_optical_clear_probe,3517749611,1,5.0,False
geometry_early_optical_clear_probe,3517749611,8,47.0,False
geometry_early_optical_clear_probe,3517749611,11,65.0,True
geometry_early_optical_clear_probe,3517749611,12,71.0,True
geometry_early_optical_clear_probe,3517749611,17,101.0,False
geometry_early_optical_clear_probe,3517749611,18,107.0,True
geometry_early_optical_clear_probe,3517749611,19,276.2,False
geometry_early_optical_clear_probe,3517749611,16,294.2,True
geometry_early_optical_clear_probe,3517749611,10,526.7732043127942,False
geometry_early_optical_clear_probe,3517749611,20,767.1747904829037,True
geometry_early_optical_clear_probe,3517749611,7,1033.5728624925543,False
geometry_early_optical_clear_probe,3517749611,2,1811.1728624925545,False
geometry_early_optical_clear_probe,3517749611,5,3415.1264070884054,False
geometry_early_optical_clear_probe,3517749611,14,3620.326407088405,True
geometry_early_optical_clear_probe,3517749611,6,5172.095725111861,True
geometry_early_optical_clear_probe,3517749611,15,6427.212815519628,True
geometry_early_optical_clear_probe,637238372,1,5.0,False
geometry_early_optical_clear_probe,637238372,2,11.0,False
geometry_early_optical_clear_probe,637238372,3,17.0,True
geometry_early_optical_clear_probe,637238372,5,29.0,True
geometry_early_optical_clear_probe,637238372,7,41.0,False
geometry_early_optical_clear_probe,637238372,10,59.0,False
geometry_early_optical_clear_probe,637238372,17,101.0,True
geometry_early_optical_clear_probe,637238372,19,113.0,False
geometry_early_optical_clear_probe,637238372,20,119.0,True
geometry_early_optical_clear_probe,637238372,18,282.2,False
geometry_early_optical_clear_probe,637238372,15,300.2,False
geometry_early_optical_clear_probe,637238372,11,324.2,False
geometry_early_optical_clear_probe,637238372,8,520.0943280841188,False
geometry_early_optical_clear_probe,637238372,13,2849.353720752584,False
geometry_early_optical_clear_probe,637238372,14,3030.553720752584,False
geometry_early_optical_clear_probe,637238372,9,6613.622080423302,True
geometry_early_optical_clear_probe,576284719,3,17.0,False
geometry_early_optical_clear_probe,576284719,4,23.0,False
geometry_early_optical_clear_probe,576284719,8,47.0,False
geometry_early_optical_clear_probe,576284719,11,65.0,True
geometry_early_optical_clear_probe,576284719,12,71.0,False
geometry_early_optical_clear_probe,576284719,17,288.2,False
geometry_early_optical_clear_probe,576284719,7,815.9517822214553,False
geometry_early_optical_clear_probe,576284719,6,1020.3354781651515,False
geometry_early_optical_clear_probe,576284719,18,1262.5406975120923,False
geometry_early_optical_clear_probe,576284719,15,1280.5406975120923,True
geometry_early_optical_clear_probe,576284719,19,3121.5687480206766,False
geometry_early_optical_clear_probe,1313670259,5,29.0,False
geometry_early_optical_clear_probe,1313670259,6,35.0,False
geometry_early_optical_clear_probe,1313670259,7,41.0,False
geometry_early_optical_clear_probe,1313670259,10,59.0,False
geometry_early_optical_clear_probe,1313670259,16,95.0,False
geometry_early_optical_clear_probe,1313670259,18,107.0,False
geometry_early_optical_clear_probe,1313670259,19,113.0,False
geometry_early_optical_clear_probe,1313670259,20,637.4,True
geometry_early_optical_clear_probe,1313670259,3,2292.437778230191,False
geometry_early_optical_clear_probe,1313670259,12,4304.203636330177,True
geometry_early_optical_clear_probe,1313670259,14,4316.203636330177,True
geometry_early_optical_clear_probe,1313670259,13,5510.559956639739,True
geometry_early_optical_clear_probe,3837410096,1,5.0,False
geometry_early_optical_clear_probe,3837410096,2,11.0,False
geometry_early_optical_clear_probe,3837410096,8,47.0,False
geometry_early_optical_clear_probe,3837410096,14,83.0,False
geometry_early_optical_clear_probe,3837410096,15,300.2,False
geometry_early_optical_clear_probe,3837410096,4,366.2,False
geometry_early_optical_clear_probe,3837410096,11,1590.2,False
geometry_early_optical_clear_probe,3837410096,16,1807.4,True
geometry_early_optical_clear_probe,3837410096,18,2836.8828265385387,True
geometry_early_optical_clear_probe,3837410096,9,2872.8828265385387,True
geometry_early_optical_clear_probe,3837410096,7,2878.8828265385387,True
geometry_early_optical_clear_probe,3837410096,12,5412.893363173823,False
geometry_early_optical_clear_probe,3837410096,3,7109.730166885176,True
geometry_early_optical_clear_probe,2696497210,9,53.0,False
geometry_early_optical_clear_probe,2696497210,10,59.0,True
geometry_early_optical_clear_probe,2696497210,15,89.0,True
geometry_early_optical_clear_probe,2696497210,18,1229.4424245008354,False
geometry_early_optical_clear_probe,2696497210,17,1410.6424245008354,False
geometry_early_optical_clear_probe,2696497210,3,1657.8424245008355,True
geometry_early_optical_clear_probe,2696497210,2,2470.953225733952,True
geometry_early_optical_clear_probe,2696497210,4,2646.153225733952,False
geometry_early_optical_clear_probe,2696497210,13,2899.3532257339516,False
geometry_early_optical_clear_probe,2696497210,20,3345.7532257339512,True
geometry_early_optical_clear_probe,2696497210,14,3369.7532257339512,False
geometry_early_optical_clear_probe,2696497210,16,6144.769691254388,True
geometry_early_optical_clear_probe,2696497210,7,6762.8221822009,True
geometry_early_optical_clear_probe,1513567007,2,11.0,True
geometry_early_optical_clear_probe,1513567007,5,29.0,False
geometry_early_optical_clear_probe,1513567007,6,35.0,False
geometry_early_optical_clear_probe,1513567007,16,294.2,True
geometry_early_optical_clear_probe,1513567007,11,324.2,False
geometry_early_optical_clear_probe,1513567007,8,571.4,True
geometry_early_optical_clear_probe,1513567007,17,1131.8,True
geometry_early_optical_clear_probe,1513567007,19,1900.9243696782949,False
geometry_early_optical_clear_probe,1513567007,15,1918.9243696782949,False
geometry_early_optical_clear_probe,1513567007,7,2154.124369678295,True
geometry_early_optical_clear_probe,1513567007,13,2184.124369678295,True
geometry_early_optical_clear_probe,1513567007,18,2853.7243696782944,True
geometry_early_optical_clear_probe,1513567007,10,5884.263586724192,True
geometry_early_optical_clear_probe,1513567007,1,5908.263586724192,False
geometry_early_optical_clear_probe,1513567007,4,6004.853053187965,True
geometry_early_optical_clear_probe,1513567007,12,7131.394160136324,True
geometry_early_optical_clear_probe,3138593581,10,59.0,False
geometry_early_optical_clear_probe,3138593581,14,83.0,False
geometry_early_optical_clear_probe,3138593581,16,95.0,False
geometry_early_optical_clear_probe,3138593581,20,119.0,False
geometry_early_optical_clear_probe,3138593581,8,929.2269386470689,True
geometry_early_optical_clear_probe,3138593581,9,2315.5809969201955,True
geometry_early_optical_clear_probe,3138593581,12,2797.5638686278608,True
geometry_early_optical_clear_probe,3138593581,3,2839.5638686278608,True
geometry_early_optical_clear_probe,3138593581,15,3068.7638686278606,True
geometry_early_optical_clear_probe,3138593581,19,3249.9638686278604,False
geometry_early_optical_clear_probe,3897119725,4,23.0,False
geometry_early_optical_clear_probe,3897119725,8,47.0,False
geometry_early_optical_clear_probe,3897119725,9,53.0,False
geometry_early_optical_clear_probe,3897119725,16,95.0,False
geometry_early_optical_clear_probe,3897119725,18,107.0,False
geometry_early_optical_clear_probe,3897119725,19,113.0,True
geometry_early_optical_clear_probe,3897119725,10,787.1640707532463,True
geometry_early_optical_clear_probe,3897119725,1,1650.865843839127,True
geometry_early_optical_clear_probe,3897119725,6,2399.4658438391266,False
geometry_early_optical_clear_probe,3897119725,3,4008.610973637507,True
geometry_early_optical_clear_probe,3897119725,15,5539.22104947439,True
geometry_early_optical_clear_probe,2101464309,1,5.0,True
geometry_early_optical_clear_probe,2101464309,3,17.0,False
geometry_early_optical_clear_probe,2101464309,4,23.0,False
geometry_early_optical_clear_probe,2101464309,7,41.0,False
geometry_early_optical_clear_probe,2101464309,14,83.0,False
geometry_early_optical_clear_probe,2101464309,18,282.2,True
geometry_early_optical_clear_probe,2101464309,16,294.2,True
geometry_early_optical_clear_probe,2101464309,13,312.2,False
geometry_early_optical_clear_probe,2101464309,8,342.2,True
geometry_early_optical_clear_probe,2101464309,6,354.2,True
geometry_early_optical_clear_probe,2101464309,20,2700.510561844231,False
geometry_early_optical_clear_probe,2101464309,5,3604.7088776074256,False
geometry_early_optical_clear_probe,2101464309,12,6018.968006323372,True
geometry_early_optical_clear_probe,1812242254,4,23.0,False
geometry_early_optical_clear_probe,1812242254,5,29.0,False
geometry_early_optical_clear_probe,1812242254,8,47.0,False
geometry_early_optical_clear_probe,1812242254,13,77.0,False
geometry_early_optical_clear_probe,1812242254,17,101.0,True
geometry_early_optical_clear_probe,1812242254,18,107.0,False
geometry_early_optical_clear_probe,1812242254,20,119.0,False
geometry_early_optical_clear_probe,1812242254,12,875.720423518746,True
geometry_early_optical_clear_probe,1812242254,6,1092.920423518746,False
geometry_early_optical_clear_probe,1812242254,16,2565.929341486189,True
geometry_early_optical_clear_probe,1069349994,5,29.0,False
geometry_early_optical_clear_probe,1069349994,8,47.0,False
geometry_early_optical_clear_probe,1069349994,9,53.0,False
geometry_early_optical_clear_probe,1069349994,11,65.0,False
geometry_early_optical_clear_probe,1069349994,7,348.2,True
geometry_early_optical_clear_probe,1069349994,4,366.2,True
geometry_early_optical_clear_probe,1069349994,2,582.756656316911,False
geometry_early_optical_clear_probe,1069349994,14,642.756656316911,False
geometry_early_optical_clear_probe,1069349994,12,1577.6267910952465,True
geometry_early_optical_clear_probe,1069349994,16,4038.887730194849,True
geometry_early_optical_clear_probe,1069349994,1,7014.144816838942,True
geometry_early_optical_clear_probe,1454598000,3,17.0,False
geometry_early_optical_clear_probe,1454598000,6,35.0,True
geometry_early_optical_clear_probe,1454598000,11,65.0,True
geometry_early_optical_clear_probe,1454598000,14,83.0,False
geometry_early_optical_clear_probe,1454598000,17,101.0,False
geometry_early_optical_clear_probe,1454598000,19,113.0,False
geometry_early_optical_clear_probe,1454598000,13,312.2,True
geometry_early_optical_clear_probe,1454598000,12,318.2,True
geometry_early_optical_clear_probe,1454598000,16,1480.1814192622992,True
geometry_early_optical_clear_probe,1454598000,18,3144.5814192622984,True
geometry_early_optical_clear_probe,1454598000,1,3379.781419262298,True
geometry_early_optical_clear_probe,1454598000,5,5283.6116186701365,True
geometry_early_optical_clear_probe,1454598000,15,6108.872398612031,True
geometry_early_optical_clear_probe,213448075,6,35.0,False
geometry_early_optical_clear_probe,213448075,9,53.0,False
geometry_early_optical_clear_probe,213448075,12,71.0,False
geometry_early_optical_clear_probe,213448075,10,663.4850573170022,False
geometry_early_optical_clear_probe,213448075,11,2423.885057317002,False
geometry_early_optical_clear_probe,213448075,13,3400.6850573170013,True
geometry_early_optical_clear_probe,213448075,4,3617.885057317001,True
geometry_early_optical_clear_probe,213448075,14,3653.885057317001,False
geometry_early_optical_clear_probe,213448075,16,3665.885057317001,True
geometry_early_optical_clear_probe,213448075,17,6418.214561809759,True
geometry_early_optical_clear_probe,3781719500,1,5.0,False
geometry_early_optical_clear_probe,3781719500,14,83.0,False
geometry_early_optical_clear_probe,3781719500,10,330.2,True
geometry_early_optical_clear_probe,3781719500,8,342.2,False
geometry_early_optical_clear_probe,3781719500,3,372.2,False
geometry_early_optical_clear_probe,3781719500,15,614.4,True
geometry_early_optical_clear_probe,3781719500,9,2153.493778375411,True
geometry_early_optical_clear_probe,3781719500,7,2775.46689330886,True
geometry_early_optical_clear_probe,3781719500,6,2781.46689330886,False
geometry_early_optical_clear_probe,3781719500,4,2793.46689330886,False
geometry_early_optical_clear_probe,3781719500,12,2992.66689330886,False
geometry_early_optical_clear_probe,3781719500,11,6145.877079408755,True
geometry_early_optical_clear_probe,4030569632,17,101.0,True
geometry_early_optical_clear_probe,4030569632,19,276.2,True
geometry_early_optical_clear_probe,4030569632,15,300.2,False
geometry_early_optical_clear_probe,4030569632,4,366.2,False
geometry_early_optical_clear_probe,4030569632,3,372.2,False
geometry_early_optical_clear_probe,4030569632,16,1855.4,False
geometry_early_optical_clear_probe,4030569632,2,1933.4,False
geometry_early_optical_clear_probe,4030569632,7,2120.6,False
geometry_early_optical_clear_probe,4030569632,11,2144.6,True
geometry_early_optical_clear_probe,4030569632,14,2598.1718741691675,False
geometry_early_optical_clear_probe,4030569632,8,4012.0246265374144,False
geometry_early_optical_clear_probe,4030569632,12,4030.0246265374144,False
geometry_early_optical_clear_probe,4030569632,6,4329.111057471261,True
geometry_early_optical_clear_probe,4030569632,5,5012.018979796368,False
geometry_early_optical_clear_probe,4030569632,10,5776.480334737429,True
geometry_early_optical_clear_probe,3526013180,2,11.0,False
geometry_early_optical_clear_probe,3526013180,8,47.0,False
geometry_early_optical_clear_probe,3526013180,9,53.0,True
geometry_early_optical_clear_probe,3526013180,13,77.0,True
geometry_early_optical_clear_probe,3526013180,16,95.0,False
geometry_early_optical_clear_probe,3526013180,19,113.0,False
geometry_early_optical_clear_probe,3526013180,20,119.0,False
geometry_early_optical_clear_probe,3526013180,3,553.5194387936559,False
geometry_early_optical_clear_probe,3526013180,18,643.5194387936559,True
geometry_early_optical_clear_probe,3526013180,12,824.7194387936559,False
geometry_early_optical_clear_probe,3526013180,4,866.7194387936559,False
geometry_early_optical_clear_probe,3526013180,1,884.7194387936559,False
geometry_early_optical_clear_probe,3526013180,14,1284.119438793656,False
geometry_early_optical_clear_probe,3526013180,7,1308.119438793656,False
geometry_early_optical_clear_probe,3526013180,5,5412.135432709342,True
geometry_early_optical_clear_probe,3526013180,15,7698.06911696421,True
geometry_early_optical_clear_probe,3033916559,1,5.0,True
geometry_early_optical_clear_probe,3033916559,7,41.0,False
geometry_early_optical_clear_probe,3033916559,8,47.0,False
geometry_early_optical_clear_probe,3033916559,9,53.0,False
geometry_early_optical_clear_probe,3033916559,10,59.0,True
geometry_early_optical_clear_probe,3033916559,12,71.0,True
geometry_early_optical_clear_probe,3033916559,2,378.2,False
geometry_early_optical_clear_probe,3033916559,20,1308.461088335405,False
geometry_early_optical_clear_probe,3033916559,13,1609.661088335405,True
geometry_early_optical_clear_probe,3033916559,19,1808.8610883354052,True
geometry_early_optical_clear_probe,3033916559,11,2080.061088335405,True
geometry_early_optical_clear_probe,3033916559,15,2796.9571835320207,True
geometry_early_optical_clear_probe,3033916559,18,3213.3571835320204,True
geometry_early_optical_clear_probe,3033916559,6,4630.921171434971,True
geometry_early_optical_clear_probe,3033916559,14,7053.103753499729,True
geometry_early_optical_clear_probe,941432282,3,17.0,False
geometry_early_optical_clear_probe,941432282,13,77.0,True
geometry_early_optical_clear_probe,941432282,19,113.0,False
geometry_early_optical_clear_probe,941432282,20,119.0,False
geometry_early_optical_clear_probe,941432282,14,306.2,True
geometry_early_optical_clear_probe,941432282,6,655.3767080020214,False
geometry_early_optical_clear_probe,941432282,11,685.3767080020214,True
geometry_early_optical_clear_probe,941432282,8,891.790198717804,True
geometry_early_optical_clear_probe,941432282,17,1126.2528508169175,True
geometry_early_optical_clear_probe,941432282,5,1355.4528508169176,False
geometry_early_optical_clear_probe,941432282,9,6305.160431832514,True
geometry_early_optical_clear_probe,941432282,2,7365.895200078222,False
geometry_early_optical_clear_probe,892246055,2,11.0,True
geometry_early_optical_clear_probe,892246055,6,35.0,False
geometry_early_optical_clear_probe,892246055,8,342.2,True
geometry_early_optical_clear_probe,892246055,3,372.2,True
geometry_early_optical_clear_probe,892246055,18,567.5729767828577,False
geometry_early_optical_clear_probe,892246055,14,1012.4428115700894,True
geometry_early_optical_clear_probe,892246055,10,2633.3951850938574,False
geometry_early_optical_clear_probe,892246055,7,2832.5951850938573,False
geometry_early_optical_clear_probe,892246055,16,2874.5951850938573,False
geometry_early_optical_clear_probe,892246055,19,7381.129614763232,True
geometry_early_optical_clear_probe,222577012,3,17.0,False
geometry_early_optical_clear_probe,222577012,10,59.0,False
geometry_early_optical_clear_probe,222577012,17,101.0,False
geometry_early_optical_clear_probe,222577012,19,113.0,False
geometry_early_optical_clear_probe,222577012,14,306.2,False
geometry_early_optical_clear_probe,222577012,13,312.2,False
geometry_early_optical_clear_probe,222577012,12,318.2,False
geometry_early_optical_clear_probe,222577012,1,819.0695569025092,True
geometry_early_optical_clear_probe,222577012,18,1215.3960885056856,True
geometry_early_optical_clear_probe,222577012,2,1444.5960885056857,False
geometry_early_optical_clear_probe,222577012,11,1486.5960885056857,True
geometry_early_optical_clear_probe,222577012,16,1516.5960885056857,True
geometry_early_optical_clear_probe,222577012,5,1754.1330414318456,False
geometry_early_optical_clear_probe,222577012,20,2873.807040543942,True
geometry_early_optical_clear_probe,738371404,1,5.0,False
geometry_early_optical_clear_probe,738371404,3,17.0,False
geometry_early_optical_clear_probe,738371404,7,41.0,False
geometry_early_optical_clear_probe,738371404,14,83.0,False
geometry_early_optical_clear_probe,738371404,17,101.0,False
geometry_early_optical_clear_probe,738371404,18,107.0,True
geometry_early_optical_clear_probe,738371404,20,270.2,False
geometry_early_optical_clear_probe,738371404,16,294.2,False
geometry_early_optical_clear_probe,738371404,11,324.2,False
geometry_early_optical_clear_probe,738371404,6,565.4,False
geometry_early_optical_clear_probe,738371404,19,2957.9125714461975,True
geometry_early_optical_clear_probe,738371404,9,4305.835614223676,True
geometry_early_optical_clear_probe,738371404,13,4323.835614223676,False
geometry_early_optical_clear_probe,738371404,4,4523.035614223676,True
geometry_early_optical_clear_probe,738371404,15,4722.235614223676,True
geometry_early_optical_clear_probe,3893036528,5,29.0,False
geometry_early_optical_clear_probe,3893036528,6,35.0,False
geometry_early_optical_clear_probe,3893036528,8,47.0,True
geometry_early_optical_clear_probe,3893036528,15,89.0,True
geometry_early_optical_clear_probe,3893036528,4,366.2,False
geometry_early_optical_clear_probe,3893036528,3,553.0341188583368,True
geometry_early_optical_clear_probe,3893036528,13,1148.8434455709414,False
geometry_early_optical_clear_probe,3893036528,16,1360.0434455709415,True
geometry_early_optical_clear_probe,3893036528,7,2572.3612915484464,True
geometry_early_optical_clear_probe,3893036528,18,3388.354654775492,False
geometry_early_optical_clear_probe,3893036528,1,3605.5546547754916,True
geometry_early_optical_clear_probe,3893036528,14,4729.857504322059,True
geometry_early_optical_clear_probe,3893036528,9,5731.692459043325,False
geometry_early_optical_clear_probe,3893036528,20,5994.751286013339,True
geometry_early_optical_clear_probe,3893036528,2,6339.151286013339,True
geometry_early_optical_clear_probe,3042079935,1,5.0,True
geometry_early_optical_clear_probe,3042079935,16,95.0,False
geometry_early_optical_clear_probe,3042079935,15,300.2,False
geometry_early_optical_clear_probe,3042079935,7,348.2,False
geometry_early_optical_clear_probe,3042079935,10,589.4,False
geometry_early_optical_clear_probe,3042079935,13,2041.3063950731234,False
geometry_early_optical_clear_probe,3042079935,8,3350.1277477836625,False
geometry_early_optical_clear_probe,3042079935,4,3543.3277477836623,True
geometry_early_optical_clear_probe,3042079935,17,3603.3277477836623,False
geometry_early_optical_clear_probe,3042079935,6,4335.665191780407,True
geometry_early_optical_clear_probe,3042079935,12,4619.731456455485,True
geometry_early_optical_clear_probe,3042079935,9,5697.705282924113,True
geometry_early_optical_clear_probe,2200094084,11,65.0,True
geometry_early_optical_clear_probe,2200094084,12,71.0,True
geometry_early_optical_clear_probe,2200094084,13,77.0,False
geometry_early_optical_clear_probe,2200094084,14,83.0,True
geometry_early_optical_clear_probe,2200094084,20,119.0,True
geometry_early_optical_clear_probe,2200094084,5,791.0677547561687,False
geometry_early_optical_clear_probe,2200094084,6,2399.0448973737293,True
geometry_early_optical_clear_probe,2200094084,1,3222.3333910677256,True
geometry_early_optical_clear_probe,2200094084,19,3457.5333910677255,False
geometry_early_optical_clear_probe,2200094084,17,3756.5210075604505,True
geometry_early_optical_clear_probe,2200094084,2,3935.925583339598,True
geometry_early_optical_clear_probe,2200094084,15,4453.256218495441,False
geometry_early_optical_clear_probe,2200094084,4,5127.213389105899,True
geometry_early_optical_clear_probe,2200094084,16,5163.213389105899,False
geometry_early_optical_clear_probe,2200094084,3,5731.214907076314,True
geometry_early_optical_clear_probe,2200094084,8,6546.166086608168,True
geometry_early_optical_clear_probe,2466237082,11,65.0,True
geometry_early_optical_clear_probe,2466237082,15,89.0,False
geometry_early_optical_clear_probe,2466237082,16,95.0,False
geometry_early_optical_clear_probe,2466237082,20,119.0,False
geometry_early_optical_clear_probe,2466237082,3,828.9238141959848,True
geometry_early_optical_clear_probe,2466237082,19,3246.727466086322,True
geometry_early_optical_clear_probe,2466237082,14,3264.727466086322,False
geometry_early_optical_clear_probe,2466237082,13,3270.727466086322,False
geometry_early_optical_clear_probe,2466237082,7,3517.9274660863216,True
geometry_early_optical_clear_probe,2466237082,17,4233.260929743724,True
geometry_early_optical_clear_probe,2466237082,10,5381.105273171404,False
geometry_early_optical_clear_probe,1838478369,2,11.0,True
geometry_early_optical_clear_probe,1838478369,3,17.0,False
geometry_early_optical_clear_probe,1838478369,8,47.0,False
geometry_early_optical_clear_probe,1838478369,10,59.0,False
geometry_early_optical_clear_probe,1838478369,11,65.0,False
geometry_early_optical_clear_probe,1838478369,12,71.0,True
geometry_early_optical_clear_probe,1838478369,14,83.0,True
geometry_early_optical_clear_probe,1838478369,15,89.0,False
geometry_early_optical_clear_probe,1838478369,7,348.2,False
geometry_early_optical_clear_probe,1838478369,6,354.2,False
geometry_early_optical_clear_probe,1838478369,1,571.8141975981383,False
geometry_early_optical_clear_probe,1838478369,13,625.8141975981383,True
geometry_early_optical_clear_probe,1838478369,17,822.9363800573326,True
geometry_early_optical_clear_probe,1838478369,18,1443.9285648955997,False
geometry_early_optical_clear_probe,1838478369,9,1655.750802870369,False
geometry_early_optical_clear_probe,1838478369,5,1866.8338244937706,True
geometry_early_optical_clear_probe,1395905654,7,41.0,True
geometry_early_optical_clear_probe,1395905654,9,53.0,False
geometry_early_optical_clear_probe,1395905654,13,77.0,False
geometry_early_optical_clear_probe,1395905654,8,342.2,False
geometry_early_optical_clear_probe,1395905654,5,360.2,True
geometry_early_optical_clear_probe,1395905654,16,1517.8576863789795,True
geometry_early_optical_clear_probe,1395905654,4,1946.2576863789795,True
geometry_early_optical_clear_probe,1395905654,1,2247.4576863789794,True
geometry_early_optical_clear_probe,1395905654,2,2404.657686378979,True
geometry_early_optical_clear_probe,1395905654,15,2663.857686378979,True
geometry_early_optical_clear_probe,1395905654,12,4375.681164748781,True
geometry_early_optical_clear_probe,1395905654,20,6427.349364665434,False
geometry_early_optical_clear_probe,1395905654,18,7579.80710757568,True
geometry_early_optical_clear_probe,1433664131,10,59.0,False
geometry_early_optical_clear_probe,1433664131,13,77.0,False
geometry_early_optical_clear_probe,1433664131,17,101.0,False
geometry_early_optical_clear_probe,1433664131,18,107.0,True
geometry_early_optical_clear_probe,1433664131,19,113.0,False
geometry_early_optical_clear_probe,1433664131,16,598.4980888945379,False
geometry_early_optical_clear_probe,1433664131,7,4053.6742028491753,False
geometry_early_optical_clear_probe,1433664131,11,4294.874202849175,False
geometry_early_optical_clear_probe,1433664131,4,4804.617810077847,False
geometry_early_optical_clear_probe,1433664131,6,4816.617810077847,False
geometry_early_optical_clear_probe,1433664131,12,4840.617810077847,True
geometry_early_optical_clear_probe,1433664131,15,4852.617810077847,False
geometry_early_optical_clear_probe,1433664131,5,5063.817810077847,False
geometry_early_optical_clear_probe,1433664131,8,6691.305450802618,True
geometry_early_optical_clear_probe,2050819104,2,11.0,True
geometry_early_optical_clear_probe,2050819104,4,23.0,True
geometry_early_optical_clear_probe,2050819104,5,29.0,False
geometry_early_optical_clear_probe,2050819104,7,41.0,True
geometry_early_optical_clear_probe,2050819104,17,987.0243877549642,False
geometry_early_optical_clear_probe,2050819104,12,1270.2243877549643,True
geometry_early_optical_clear_probe,2050819104,13,1446.8620772790982,False
geometry_early_optical_clear_probe,2050819104,6,1852.8520637851957,False
geometry_early_optical_clear_probe,2050819104,15,2596.3232885942343,True
geometry_early_optical_clear_probe,2050819104,20,2771.523288594234,False
geometry_early_optical_clear_probe,2050819104,18,2783.523288594234,True
geometry_early_optical_clear_probe,2050819104,11,3205.1297856479755,True
geometry_early_optical_clear_probe,2050819104,9,3845.7346635798776,True
geometry_early_optical_clear_probe,3158921182,3,17.0,True
geometry_early_optical_clear_probe,3158921182,4,23.0,True
geometry_early_optical_clear_probe,3158921182,5,29.0,False
geometry_early_optical_clear_probe,3158921182,11,65.0,True
geometry_early_optical_clear_probe,3158921182,12,71.0,False
geometry_early_optical_clear_probe,3158921182,20,119.0,False
geometry_early_optical_clear_probe,3158921182,13,312.2,False
geometry_early_optical_clear_probe,3158921182,1,384.2,True
geometry_early_optical_clear_probe,3158921182,18,959.4667926117619,True
geometry_early_optical_clear_probe,3158921182,15,977.4667926117619,True
geometry_early_optical_clear_probe,3158921182,10,1230.6667926117618,False
geometry_early_optical_clear_probe,3158921182,6,1489.8667926117619,True
geometry_early_optical_clear_probe,3158921182,8,2441.5426230371604,True
geometry_early_optical_clear_probe,3158921182,7,3547.0242699569967,True
geometry_early_optical_clear_probe,3158921182,9,3553.0242699569967,True
geometry_early_optical_clear_probe,1933935723,5,29.0,True
geometry_early_optical_clear_probe,1933935723,6,35.0,True
geometry_early_optical_clear_probe,1933935723,7,41.0,True
geometry_early_optical_clear_probe,1933935723,8,47.0,True
geometry_early_optical_clear_probe,1933935723,11,65.0,False
geometry_early_optical_clear_probe,1933935723,14,83.0,True
geometry_early_optical_clear_probe,1933935723,15,89.0,False
geometry_early_optical_clear_probe,1933935723,18,107.0,False
geometry_early_optical_clear_probe,1933935723,19,113.0,False
geometry_early_optical_clear_probe,1933935723,17,288.2,False
geometry_early_optical_clear_probe,1933935723,3,541.2313907414768,True
geometry_early_optical_clear_probe,1933935723,10,808.4290010684515,False
geometry_early_optical_clear_probe,3710094742,4,23.0,False
geometry_early_optical_clear_probe,3710094742,5,29.0,False
geometry_early_optical_clear_probe,3710094742,18,282.2,True
geometry_early_optical_clear_probe,3710094742,17,288.2,False
geometry_early_optical_clear_probe,3710094742,16,294.2,True
geometry_early_optical_clear_probe,3710094742,14,306.2,False
geometry_early_optical_clear_probe,3710094742,3,372.2,False
geometry_early_optical_clear_probe,3710094742,9,583.4,True
geometry_early_optical_clear_probe,3710094742,11,1173.9266048529687,True
geometry_early_optical_clear_probe,3710094742,6,2464.5892747397143,True
geometry_early_optical_clear_probe,3710094742,20,3337.879191602277,False
geometry_early_optical_clear_probe,3710094742,12,3585.0791916022768,True
geometry_early_optical_clear_probe,3710094742,13,5214.712234601693,True
geometry_early_optical_clear_probe,3710094742,10,5419.912234601693,True
geometry_early_optical_clear_probe,1089819160,8,47.0,True
geometry_early_optical_clear_probe,1089819160,11,65.0,False
geometry_early_optical_clear_probe,1089819160,13,77.0,False
geometry_early_optical_clear_probe,1089819160,12,318.2,False
geometry_early_optical_clear_probe,1089819160,3,372.2,True
geometry_early_optical_clear_probe,1089819160,5,843.9845514562458,False
geometry_early_optical_clear_probe,1089819160,4,849.9845514562458,False
geometry_early_optical_clear_probe,1089819160,7,1243.820274014035,True
geometry_early_optical_clear_probe,1089819160,19,2268.620274014035,True
geometry_early_optical_clear_probe,1089819160,1,4061.875053161809,True
geometry_early_optical_clear_probe,2457985303,2,11.0,False
geometry_early_optical_clear_probe,2457985303,12,71.0,False
geometry_early_optical_clear_probe,2457985303,17,101.0,False
geometry_early_optical_clear_probe,2457985303,20,119.0,False
geometry_early_optical_clear_probe,2457985303,19,276.2,True
geometry_early_optical_clear_probe,2457985303,5,2300.3932974412087,False
geometry_early_optical_clear_probe,2457985303,7,2961.493781975034,True
geometry_early_optical_clear_probe,2457985303,14,2997.493781975034,False
geometry_early_optical_clear_probe,2457985303,18,3015.493781975034,False
geometry_early_optical_clear_probe,2457985303,10,4536.798886476827,False
geometry_early_optical_clear_probe,2457985303,1,5224.942650923608,True
geometry_early_optical_clear_probe,2457985303,4,5236.942650923608,True
geometry_early_optical_clear_probe,2457985303,15,5278.942650923608,False
geometry_early_optical_clear_probe,2457985303,16,5284.942650923608,False
geometry_early_optical_clear_probe,1867808277,2,11.0,False
geometry_early_optical_clear_probe,1867808277,4,23.0,False
geometry_early_optical_clear_probe,1867808277,6,35.0,False
geometry_early_optical_clear_probe,1867808277,7,41.0,False
geometry_early_optical_clear_probe,1867808277,8,47.0,False
geometry_early_optical_clear_probe,1867808277,20,270.2,True
geometry_early_optical_clear_probe,1867808277,19,276.2,False
geometry_early_optical_clear_probe,1867808277,11,547.181710619711,True
geometry_early_optical_clear_probe,1867808277,5,790.2898309597406,True
geometry_early_optical_clear_probe,1867808277,13,1241.3747635736395,False
geometry_early_optical_clear_probe,1867808277,9,1265.3747635736395,False
geometry_early_optical_clear_probe,1867808277,10,1586.387256440208,False
geometry_early_optical_clear_probe,1867808277,12,2082.7472455219377,False
geometry_early_optical_clear_probe,1867808277,15,5977.328897862714,True
geometry_early_optical_clear_probe,1057363434,6,35.0,False
geometry_early_optical_clear_probe,1057363434,7,41.0,False
geometry_early_optical_clear_probe,1057363434,8,47.0,False
geometry_early_optical_clear_probe,1057363434,12,71.0,False
geometry_early_optical_clear_probe,1057363434,16,95.0,False
geometry_early_optical_clear_probe,1057363434,11,324.2,False
geometry_early_optical_clear_probe,1057363434,14,572.3824929087677,False
geometry_early_optical_clear_probe,1057363434,15,578.3824929087677,False
geometry_early_optical_clear_probe,1057363434,1,1005.1268224046156,False
geometry_early_optical_clear_probe,1057363434,3,1017.1268224046156,True
geometry_early_optical_clear_probe,1057363434,20,3477.8486323662264,False
geometry_early_optical_clear_probe,1057363434,17,3647.0486323662262,False
geometry_early_optical_clear_probe,1057363434,18,4510.384867348418,True
geometry_early_optical_clear_probe,1057363434,19,4763.584867348418,True
geometry_early_optical_clear_probe,1057363434,2,5430.377033916799,True
geometry_early_optical_clear_probe,1057363434,9,7121.088279733954,True
geometry_early_optical_clear_probe,813012932,2,11.0,False
geometry_early_optical_clear_probe,813012932,3,17.0,True
geometry_early_optical_clear_probe,813012932,8,47.0,True
geometry_early_optical_clear_probe,813012932,14,83.0,False
geometry_early_optical_clear_probe,813012932,18,107.0,False
geometry_early_optical_clear_probe,813012932,17,288.2,False
geometry_early_optical_clear_probe,813012932,10,330.2,True
geometry_early_optical_clear_probe,813012932,5,860.5999999999999,True
geometry_early_optical_clear_probe,813012932,7,2812.8899177318963,True
geometry_early_optical_clear_probe,813012932,12,4127.670603503562,True
geometry_early_optical_clear_probe,813012932,6,5787.655980168798,True
geometry_early_optical_clear_probe,3172241499,6,35.0,False
geometry_early_optical_clear_probe,3172241499,13,77.0,True
geometry_early_optical_clear_probe,3172241499,14,83.0,True
geometry_early_optical_clear_probe,3172241499,18,107.0,True
geometry_early_optical_clear_probe,3172241499,11,324.2,True
geometry_early_optical_clear_probe,3172241499,10,330.2,True
geometry_early_optical_clear_probe,3172241499,12,628.0736705358424,False
geometry_early_optical_clear_probe,3172241499,19,658.0736705358424,False
geometry_early_optical_clear_probe,3172241499,17,2237.101707862989,True
geometry_early_optical_clear_probe,3172241499,9,3443.101707862988,False
geometry_early_optical_clear_probe,3172241499,2,4273.595782739495,True
geometry_early_optical_clear_probe,3172241499,16,4496.795782739495,True
geometry_early_optical_clear_probe,3172241499,3,4538.795782739495,True
geometry_early_optical_clear_probe,3172241499,20,4767.995782739495,True
geometry_early_optical_clear_probe,3172241499,7,4955.1957827394945,True
geometry_early_optical_clear_probe,3172241499,5,5552.795782739494,True
geometry_early_optical_clear_probe,334101104,2,11.0,False
geometry_early_optical_clear_probe,334101104,9,53.0,False
geometry_early_optical_clear_probe,334101104,11,65.0,False
geometry_early_optical_clear_probe,334101104,14,83.0,True
geometry_early_optical_clear_probe,334101104,15,89.0,True
geometry_early_optical_clear_probe,334101104,18,107.0,True
geometry_early_optical_clear_probe,334101104,19,113.0,True
geometry_early_optical_clear_probe,334101104,5,360.2,True
geometry_early_optical_clear_probe,334101104,1,384.2,False
geometry_early_optical_clear_probe,334101104,8,2626.5002142149583,False
geometry_early_optical_clear_probe,334101104,4,4184.90974869348,False
geometry_early_optical_clear_probe,334101104,12,4438.10974869348,False
geometry_early_optical_clear_probe,1656859683,1,5.0,False
geometry_early_optical_clear_probe,1656859683,8,47.0,False
geometry_early_optical_clear_probe,1656859683,12,71.0,False
geometry_early_optical_clear_probe,1656859683,15,89.0,True
geometry_early_optical_clear_probe,1656859683,17,101.0,False
geometry_early_optical_clear_probe,1656859683,14,306.2,False
geometry_early_optical_clear_probe,1656859683,13,312.2,False
geometry_early_optical_clear_probe,1656859683,20,754.4800528886626,False
geometry_early_optical_clear_probe,1656859683,7,820.4800528886626,True
geometry_early_optical_clear_probe,1656859683,19,1122.455066781407,True
geometry_early_optical_clear_probe,1656859683,4,4234.968760484925,False
geometry_early_optical_clear_probe,1656859683,9,4722.600600952578,True
geometry_early_optical_clear_probe,1656859683,6,5077.444122260246,True
geometry_early_optical_clear_probe,3462493947,1,5.0,False
geometry_early_optical_clear_probe,3462493947,3,17.0,False
geometry_early_optical_clear_probe,3462493947,4,23.0,False
geometry_early_optical_clear_probe,3462493947,10,59.0,True
geometry_early_optical_clear_probe,3462493947,18,282.2,True
geometry_early_optical_clear_probe,3462493947,13,312.2,False
geometry_early_optical_clear_probe,3462493947,12,601.4,True
geometry_early_optical_clear_probe,3462493947,6,884.5999999999999,True
geometry_early_optical_clear_probe,3462493947,5,1554.2,False
geometry_early_optical_clear_probe,3462493947,19,2262.9797416163815,True
geometry_early_optical_clear_probe,3462493947,8,3814.0873988944777,False
geometry_early_optical_clear_probe,3462493947,15,3850.0873988944777,True
geometry_early_optical_clear_probe,3462493947,17,3862.0873988944777,False
geometry_early_optical_clear_probe,3462493947,11,6324.867753690282,True
geometry_early_optical_clear_probe,1152217743,3,17.0,True
geometry_early_optical_clear_probe,1152217743,6,35.0,True
geometry_early_optical_clear_probe,1152217743,9,53.0,True
geometry_early_optical_clear_probe,1152217743,10,59.0,False
geometry_early_optical_clear_probe,1152217743,11,65.0,True
geometry_early_optical_clear_probe,1152217743,12,71.0,False
geometry_early_optical_clear_probe,1152217743,15,89.0,False
geometry_early_optical_clear_probe,1152217743,18,107.0,False
geometry_early_optical_clear_probe,1152217743,20,270.2,True
geometry_early_optical_clear_probe,1152217743,13,312.2,False
geometry_early_optical_clear_probe,1152217743,1,384.2,False
geometry_early_optical_clear_probe,1152217743,5,564.4987806066623,False
geometry_early_optical_clear_probe,1152217743,16,624.4987806066623,True
geometry_early_optical_clear_probe,1152217743,2,3073.6848218627015,True
geometry_early_optical_clear_probe,1152217743,4,3533.1405761674014,True
geometry_early_optical_clear_probe,427978499,15,89.0,True
geometry_early_optical_clear_probe,427978499,19,113.0,False
geometry_early_optical_clear_probe,427978499,14,306.2,False
geometry_early_optical_clear_probe,427978499,10,1251.922453508156,True
geometry_early_optical_clear_probe,427978499,2,1463.122453508156,False
geometry_early_optical_clear_probe,427978499,3,1794.322453508156,True
geometry_early_optical_clear_probe,427978499,17,2523.9224535081557,True
geometry_early_optical_clear_probe,427978499,13,2717.1224535081556,False
geometry_early_optical_clear_probe,427978499,4,4328.091794951023,True
geometry_early_optical_clear_probe,427978499,16,6348.77446472104,True
geometry_early_optical_clear_probe,2068953256,6,35.0,True
geometry_early_optical_clear_probe,2068953256,10,59.0,False
geometry_early_optical_clear_probe,2068953256,11,65.0,False
geometry_early_optical_clear_probe,2068953256,14,83.0,False
geometry_early_optical_clear_probe,2068953256,16,95.0,False
geometry_early_optical_clear_probe,2068953256,17,101.0,True
geometry_early_optical_clear_probe,2068953256,19,113.0,False
geometry_early_optical_clear_probe,2068953256,20,270.2,False
geometry_early_optical_clear_probe,2068953256,12,624.7530431451861,True
geometry_early_optical_clear_probe,2068953256,1,888.2307992329961,True
geometry_early_optical_clear_probe,2068953256,2,1445.173548134287,True
geometry_early_optical_clear_probe,2068953256,4,3094.050671071563,True
geometry_early_optical_clear_probe,2068953256,8,3528.4506710715627,False
geometry_early_optical_clear_probe,2068953256,15,3709.6506710715626,False
geometry_early_optical_clear_probe,2068953256,13,4841.458027460246,True
geometry_early_optical_clear_probe,2068953256,9,5230.301603874204,True
geometry_early_optical_clear_probe,4174347185,10,59.0,False
geometry_early_optical_clear_probe,4174347185,11,65.0,False
geometry_early_optical_clear_probe,4174347185,17,101.0,True
geometry_early_optical_clear_probe,4174347185,20,119.0,False
geometry_early_optical_clear_probe,4174347185,13,312.2,True
geometry_early_optical_clear_probe,4174347185,12,318.2,True
geometry_early_optical_clear_probe,4174347185,8,342.2,False
geometry_early_optical_clear_probe,4174347185,3,372.2,True
geometry_early_optical_clear_probe,4174347185,14,613.4,True
geometry_early_optical_clear_probe,4174347185,1,1170.4180290990628,False
geometry_early_optical_clear_probe,4174347185,16,1242.4180290990628,False
geometry_early_optical_clear_probe,4174347185,5,1558.6159338793202,True
geometry_early_optical_clear_probe,4174347185,19,1764.7601276397663,True
geometry_early_optical_clear_probe,4174347185,15,2603.2026071375553,True
geometry_early_optical_clear_probe,4174347185,18,3257.092615177264,True
geometry_early_optical_clear_probe,2677226417,2,11.0,True
geometry_early_optical_clear_probe,2677226417,4,23.0,False
geometry_early_optical_clear_probe,2677226417,5,29.0,False
geometry_early_optical_clear_probe,2677226417,7,41.0,False
geometry_early_optical_clear_probe,2677226417,11,65.0,False
geometry_early_optical_clear_probe,2677226417,10,330.2,False
geometry_early_optical_clear_probe,2677226417,1,384.2,False
geometry_early_optical_clear_probe,2677226417,20,637.4,True
geometry_early_optical_clear_probe,2677226417,18,1389.4223583473743,True
geometry_early_optical_clear_probe,2677226417,3,1762.1613387430748,True
geometry_early_optical_clear_probe,2677226417,8,1774.1613387430748,False
geometry_early_optical_clear_probe,2677226417,6,2202.561338743075,True
geometry_early_optical_clear_probe,2677226417,13,2822.757027334676,True
geometry_early_optical_clear_probe,2677226417,9,3009.957027334676,True
geometry_early_optical_clear_probe,2677226417,14,3666.717215781345,True
geometry_early_optical_clear_probe,3462630622,1,5.0,False
geometry_early_optical_clear_probe,3462630622,2,11.0,False
geometry_early_optical_clear_probe,3462630622,7,41.0,False
geometry_early_optical_clear_probe,3462630622,9,53.0,False
geometry_early_optical_clear_probe,3462630622,10,59.0,True
geometry_early_optical_clear_probe,3462630622,11,65.0,False
geometry_early_optical_clear_probe,3462630622,17,101.0,True
geometry_early_optical_clear_probe,3462630622,18,107.0,False
geometry_early_optical_clear_probe,3462630622,8,342.2,True
geometry_early_optical_clear_probe,3462630622,6,354.2,True
geometry_early_optical_clear_probe,3462630622,5,529.3975853774451,False
geometry_early_optical_clear_probe,3462630622,19,1432.104712398118,True
geometry_early_optical_clear_probe,3462630622,3,1914.5153042786642,True
geometry_early_optical_clear_probe,3462630622,12,3601.655166807249,True
geometry_early_optical_clear_probe,3462630622,16,4684.957808135651,True
geometry_early_optical_clear_probe,3462630622,15,4690.957808135651,True
geometry_early_optical_clear_probe,691436458,5,29.0,False
geometry_early_optical_clear_probe,691436458,9,53.0,False
geometry_early_optical_clear_probe,691436458,11,65.0,False
geometry_early_optical_clear_probe,691436458,15,89.0,True
geometry_early_optical_clear_probe,691436458,18,107.0,False
geometry_early_optical_clear_probe,691436458,19,276.2,True
geometry_early_optical_clear_probe,691436458,4,366.2,False
geometry_early_optical_clear_probe,691436458,1,535.4,True
geometry_early_optical_clear_probe,691436458,13,1779.7981650837423,True
geometry_early_optical_clear_probe,691436458,10,3880.846386893252,True
geometry_early_optical_clear_probe,691436458,16,3904.846386893252,True
geometry_early_optical_clear_probe,691436458,3,4318.4824803579295,False
geometry_early_optical_clear_probe,691436458,6,4324.4824803579295,False
geometry_early_optical_clear_probe,691436458,20,4946.082480357929,False
geometry_early_optical_clear_probe,691436458,8,4982.082480357929,True
geometry_early_optical_clear_probe,1717338070,3,17.0,False
geometry_early_optical_clear_probe,1717338070,5,29.0,False
geometry_early_optical_clear_probe,1717338070,8,47.0,False
geometry_early_optical_clear_probe,1717338070,13,77.0,False
geometry_early_optical_clear_probe,1717338070,14,83.0,False
geometry_early_optical_clear_probe,1717338070,17,101.0,False
geometry_early_optical_clear_probe,1717338070,18,107.0,False
geometry_early_optical_clear_probe,1717338070,11,324.2,False
geometry_early_optical_clear_probe,1717338070,7,348.2,True
geometry_early_optical_clear_probe,1717338070,9,1388.373292164292,False
geometry_early_optical_clear_probe,1717338070,16,1418.373292164292,False
geometry_early_optical_clear_probe,1717338070,1,2058.0732494483104,False
geometry_early_optical_clear_probe,1717338070,10,2231.202280165476,True
geometry_early_optical_clear_probe,1717338070,2,3856.0773911661745,True
geometry_early_optical_clear_probe,446705055,2,11.0,True
geometry_early_optical_clear_probe,446705055,5,29.0,True
geometry_early_optical_clear_probe,446705055,9,53.0,False
geometry_early_optical_clear_probe,446705055,12,71.0,False
geometry_early_optical_clear_probe,446705055,18,107.0,False
geometry_early_optical_clear_probe,446705055,20,119.0,False
geometry_early_optical_clear_probe,446705055,16,294.2,False
geometry_early_optical_clear_probe,446705055,13,694.4822857240315,True
geometry_early_optical_clear_probe,446705055,14,912.2644460495382,False
geometry_early_optical_clear_probe,446705055,11,1491.1168611106966,False
geometry_early_optical_clear_probe,446705055,7,1509.1168611106966,True
geometry_early_optical_clear_probe,446705055,17,1919.5168611106967,True
geometry_early_optical_clear_probe,446705055,15,2645.455087695976,False
geometry_early_optical_clear_probe,446705055,1,3910.987002436631,False
geometry_early_optical_clear_probe,446705055,19,3958.987002436631,False
geometry_early_optical_clear_probe,446705055,10,5849.631320496304,True
geometry_early_optical_clear_probe,3249600981,1,5.0,False
geometry_early_optical_clear_probe,3249600981,9,53.0,False
geometry_early_optical_clear_probe,3249600981,10,59.0,True
geometry_early_optical_clear_probe,3249600981,17,101.0,False
geometry_early_optical_clear_probe,3249600981,20,119.0,True
geometry_early_optical_clear_probe,3249600981,6,354.2,False
geometry_early_optical_clear_probe,3249600981,4,1519.9448085703564,True
geometry_early_optical_clear_probe,3249600981,13,1555.9448085703564,True
geometry_early_optical_clear_probe,3249600981,2,1947.7180416259712,True
geometry_early_optical_clear_probe,3249600981,19,2617.3180416259706,True
geometry_early_optical_clear_probe,3249600981,12,4520.730796543818,True
geometry_early_optical_clear_probe,3249600981,5,5707.662628706686,True
geometry_early_optical_clear_probe,2597695713,1,5.0,True
geometry_early_optical_clear_probe,2597695713,8,47.0,True
geometry_early_optical_clear_probe,2597695713,9,53.0,False
geometry_early_optical_clear_probe,2597695713,18,107.0,True
geometry_early_optical_clear_probe,2597695713,14,306.2,True
geometry_early_optical_clear_probe,2597695713,13,312.2,True
geometry_early_optical_clear_probe,2597695713,5,360.2,False
geometry_early_optical_clear_probe,2597695713,3,372.2,True
geometry_early_optical_clear_probe,2597695713,19,621.181021041264,False
geometry_early_optical_clear_probe,2597695713,7,1836.4449590441552,True
geometry_early_optical_clear_probe,2597695713,4,3478.402074905662,True
geometry_early_optical_clear_probe,2597695713,12,3502.402074905662,True
geometry_early_optical_clear_probe,1110027241,5,29.0,True
geometry_early_optical_clear_probe,1110027241,10,59.0,True
geometry_early_optical_clear_probe,1110027241,11,65.0,True
geometry_early_optical_clear_probe,1110027241,18,107.0,True
geometry_early_optical_clear_probe,1110027241,4,366.2,False
geometry_early_optical_clear_probe,1110027241,19,2126.6000000000004,True
geometry_early_optical_clear_probe,1110027241,3,3365.7913675405994,False
geometry_early_optical_clear_probe,1110027241,7,3377.7913675405994,True
geometry_early_optical_clear_probe,1110027241,8,3383.7913675405994,True
geometry_early_optical_clear_probe,1110027241,2,3800.7517795646363,True
geometry_early_optical_clear_probe,1110027241,20,3991.450932854626,True
geometry_early_optical_clear_probe,2551763146,2,11.0,True
geometry_early_optical_clear_probe,2551763146,3,17.0,False
geometry_early_optical_clear_probe,2551763146,6,35.0,True
geometry_early_optical_clear_probe,2551763146,14,83.0,False
geometry_early_optical_clear_probe,2551763146,15,300.2,True
geometry_early_optical_clear_probe,2551763146,10,330.2,False
geometry_early_optical_clear_probe,2551763146,7,348.2,False
geometry_early_optical_clear_probe,2551763146,5,1973.9115099133364,False
geometry_early_optical_clear_probe,2551763146,9,2257.1115099133362,False
geometry_early_optical_clear_probe,2551763146,16,2492.311509913336,False
geometry_early_optical_clear_probe,2546687008,6,35.0,False
geometry_early_optical_clear_probe,2546687008,8,47.0,True
geometry_early_optical_clear_probe,2546687008,10,59.0,True
geometry_early_optical_clear_probe,2546687008,11,65.0,True
geometry_early_optical_clear_probe,2546687008,14,83.0,False
geometry_early_optical_clear_probe,2546687008,16,294.2,False
geometry_early_optical_clear_probe,2546687008,4,3309.536737094605,True
geometry_early_optical_clear_probe,2546687008,2,4174.165673410783,True
geometry_early_optical_clear_probe,2546687008,19,4882.586349128452,True
geometry_early_optical_clear_probe,2546687008,15,5135.786349128452,True
geometry_early_optical_clear_probe,1151162278,1,5.0,False
geometry_early_optical_clear_probe,1151162278,2,11.0,False
geometry_early_optical_clear_probe,1151162278,5,29.0,False
geometry_early_optical_clear_probe,1151162278,8,47.0,False
geometry_early_optical_clear_probe,1151162278,12,71.0,False
geometry_early_optical_clear_probe,1151162278,13,77.0,True
geometry_early_optical_clear_probe,1151162278,19,113.0,False
geometry_early_optical_clear_probe,1151162278,17,288.2,False
geometry_early_optical_clear_probe,1151162278,3,589.3648223892944,False
geometry_early_optical_clear_probe,1151162278,10,1255.4682851806663,False
geometry_early_optical_clear_probe,1151162278,20,1297.4682851806663,True
geometry_early_optical_clear_probe,1151162278,18,2628.2162078057954,True
geometry_early_optical_clear_probe,1151162278,4,5078.605046785508,True
geometry_early_optical_clear_probe,1151162278,11,5767.63998448367,True
geometry_early_optical_clear_probe,1151162278,16,7044.506830991359,True
geometry_early_optical_clear_probe,1151162278,14,7652.754254680029,True
geometry_early_optical_clear_probe,1059536835,3,17.0,True
geometry_early_optical_clear_probe,1059536835,4,23.0,False
geometry_early_optical_clear_probe,1059536835,12,71.0,False
geometry_early_optical_clear_probe,1059536835,17,101.0,False
geometry_early_optical_clear_probe,1059536835,7,348.2,False
geometry_early_optical_clear_probe,1059536835,10,833.7817254514069,False
geometry_early_optical_clear_probe,1059536835,8,1074.9817254514069,False
geometry_early_optical_clear_probe,1059536835,20,1647.381725451407,True
geometry_early_optical_clear_probe,1059536835,5,3658.589072111164,True
geometry_early_optical_clear_probe,1059536835,14,3688.589072111164,True
geometry_early_optical_clear_probe,1059536835,15,3694.589072111164,False
geometry_early_optical_clear_probe,1059536835,1,4895.3214992881585,False
geometry_early_optical_clear_probe,1059536835,6,5772.248478937727,True
geometry_early_optical_clear_probe,2171075861,1,5.0,False
geometry_early_optical_clear_probe,2171075861,2,11.0,False
geometry_early_optical_clear_probe,2171075861,3,17.0,False
geometry_early_optical_clear_probe,2171075861,8,47.0,False
geometry_early_optical_clear_probe,2171075861,9,53.0,False
geometry_early_optical_clear_probe,2171075861,10,59.0,True
geometry_early_optical_clear_probe,2171075861,14,83.0,False
geometry_early_optical_clear_probe,2171075861,16,95.0,True
geometry_early_optical_clear_probe,2171075861,19,113.0,False
geometry_early_optical_clear_probe,2171075861,15,640.9127582565343,False
geometry_early_optical_clear_probe,2171075861,20,798.6165998478922,False
geometry_early_optical_clear_probe,2171075861,12,846.6165998478922,False
geometry_early_optical_clear_probe,2171075861,7,1334.0262547120851,True
geometry_early_optical_clear_probe,2171075861,6,1693.642084873161,False
geometry_early_optical_clear_probe,2171075861,18,1741.642084873161,True
geometry_early_optical_clear_probe,2171075861,5,2702.2035571583265,True
geometry_early_optical_clear_probe,1034865556,7,41.0,False
geometry_early_optical_clear_probe,1034865556,9,53.0,False
geometry_early_optical_clear_probe,1034865556,13,312.2,False
geometry_early_optical_clear_probe,1034865556,5,360.2,True
geometry_early_optical_clear_probe,1034865556,4,553.4,False
geometry_early_optical_clear_probe,1034865556,8,866.5999999999999,True
geometry_early_optical_clear_probe,1034865556,18,1354.0122592557173,True
geometry_early_optical_clear_probe,1034865556,15,1372.0122592557173,False
geometry_early_optical_clear_probe,1034865556,19,2729.169048767727,False
geometry_early_optical_clear_probe,1034865556,12,4286.018298638947,True
geometry_early_optical_clear_probe,1034865556,16,4298.018298638947,False
geometry_early_optical_clear_probe,1034865556,2,5819.5527334616345,False
geometry_early_optical_clear_probe,1797993986,5,29.0,False
geometry_early_optical_clear_probe,1797993986,6,35.0,False
geometry_early_optical_clear_probe,1797993986,12,71.0,False
geometry_early_optical_clear_probe,1797993986,15,89.0,False
geometry_early_optical_clear_probe,1797993986,20,119.0,True
geometry_early_optical_clear_probe,1797993986,16,294.2,True
geometry_early_optical_clear_probe,1797993986,11,324.2,False
geometry_early_optical_clear_probe,1797993986,2,378.2,False
geometry_early_optical_clear_probe,1797993986,3,2440.752908881045,True
geometry_early_optical_clear_probe,1797993986,8,2699.952908881045,True
geometry_early_optical_clear_probe,1797993986,17,4008.7995658081445,True
geometry_early_optical_clear_probe,1797993986,1,4056.7995658081445,False
geometry_early_optical_clear_probe,930962077,4,23.0,False
geometry_early_optical_clear_probe,930962077,16,95.0,False
geometry_early_optical_clear_probe,930962077,17,101.0,False
geometry_early_optical_clear_probe,930962077,15,300.2,True
geometry_early_optical_clear_probe,930962077,10,330.2,False
geometry_early_optical_clear_probe,930962077,14,1091.6372560996613,False
geometry_early_optical_clear_probe,930962077,18,1290.8372560996613,True
geometry_early_optical_clear_probe,930962077,1,2566.825586387821,True
geometry_early_optical_clear_probe,930962077,20,4477.749229991122,True
geometry_early_optical_clear_probe,930962077,6,4525.749229991122,False
geometry_early_optical_clear_probe,930962077,13,4748.949229991122,True
geometry_early_optical_clear_probe,2040122414,4,23.0,True
geometry_early_optical_clear_probe,2040122414,11,65.0,False
geometry_early_optical_clear_probe,2040122414,14,83.0,False
geometry_early_optical_clear_probe,2040122414,15,89.0,False
geometry_early_optical_clear_probe,2040122414,18,282.2,False
geometry_early_optical_clear_probe,2040122414,1,384.2,True
geometry_early_optical_clear_probe,2040122414,2,597.6107341444531,True
geometry_early_optical_clear_probe,2040122414,9,633.6107341444531,True
geometry_early_optical_clear_probe,2040122414,16,669.6107341444531,False
geometry_early_optical_clear_probe,2040122414,3,1058.2406662624112,True
geometry_early_optical_clear_probe,2040122414,20,1769.8406662624113,True
geometry_early_optical_clear_probe,2040122414,19,3945.015213251333,True
geometry_early_optical_clear_probe,2638507223,1,5.0,False
geometry_early_optical_clear_probe,2638507223,2,11.0,False
geometry_early_optical_clear_probe,2638507223,3,17.0,False
geometry_early_optical_clear_probe,2638507223,9,53.0,False
geometry_early_optical_clear_probe,2638507223,12,547.7812354411499,True
geometry_early_optical_clear_probe,2638507223,16,1441.9356196450724,True
geometry_early_optical_clear_probe,2638507223,20,1465.9356196450724,False
geometry_early_optical_clear_probe,2638507223,6,2752.1106357069766,False
geometry_early_optical_clear_probe,2638507223,10,2912.8319618410196,False
geometry_early_optical_clear_probe,2638507223,11,4131.967941204565,True
geometry_early_optical_clear_probe,2638507223,18,4161.967941204565,True
geometry_early_optical_clear_probe,2638507223,7,4678.085692449628,True
geometry_early_optical_clear_probe,3150732308,19,113.0,True
geometry_early_optical_clear_probe,3150732308,18,282.2,True
geometry_early_optical_clear_probe,3150732308,16,294.2,False
geometry_early_optical_clear_probe,3150732308,9,336.2,False
geometry_early_optical_clear_probe,3150732308,5,1653.683602293306,False
geometry_early_optical_clear_probe,3150732308,11,1906.883602293306,False
geometry_early_optical_clear_probe,3150732308,13,2172.083602293306,False
geometry_early_optical_clear_probe,3150732308,17,4514.010254937233,True
geometry_early_optical_clear_probe,3150732308,1,5026.410254937233,True
geometry_early_optical_clear_probe,3150732308,10,6960.2800852155815,True
geometry_early_optical_clear_probe,2773910568,5,29.0,False
geometry_early_optical_clear_probe,2773910568,19,113.0,False
geometry_early_optical_clear_probe,2773910568,20,119.0,False
geometry_early_optical_clear_probe,2773910568,18,282.2,False
geometry_early_optical_clear_probe,2773910568,1,384.2,True
geometry_early_optical_clear_probe,2773910568,6,562.4911083973178,True
geometry_early_optical_clear_probe,2773910568,2,1597.8994675419729,False
geometry_early_optical_clear_probe,2773910568,7,1887.099467541973,True
geometry_early_optical_clear_probe,2773910568,4,2080.2994675419727,True
geometry_early_optical_clear_probe,2773910568,16,2580.6994675419724,True
geometry_early_optical_clear_probe,2773910568,14,2968.95362101798,False
geometry_early_optical_clear_probe,2773910568,9,3620.5536210179794,True
geometry_early_optical_clear_probe,2127103300,11,65.0,False
geometry_early_optical_clear_probe,2127103300,16,294.2,False
geometry_early_optical_clear_probe,2127103300,9,336.2,True
geometry_early_optical_clear_probe,2127103300,20,696.3211205353972,False
geometry_early_optical_clear_probe,2127103300,19,853.5211205353971,False
geometry_early_optical_clear_probe,2127103300,13,889.5211205353971,False
geometry_early_optical_clear_probe,2127103300,4,937.5211205353971,True
geometry_early_optical_clear_probe,2127103300,14,1178.7211205353972,True
geometry_early_optical_clear_probe,2127103300,12,1402.9211205353972,False
geometry_early_optical_clear_probe,2127103300,7,1426.9211205353972,False
geometry_early_optical_clear_probe,2127103300,8,1760.5328727592666,False
geometry_early_optical_clear_probe,2127103300,15,1977.7328727592667,False
geometry_early_optical_clear_probe,2127103300,3,2418.048254277922,True
geometry_early_optical_clear_probe,2127103300,5,4980.9186398682705,True
geometry_early_optical_clear_probe,2127103300,10,5662.624163085268,True
geometry_early_optical_clear_probe,2127103300,18,6792.203732793726,True
geometry_early_optical_clear_probe,3839332234,2,11.0,False
geometry_early_optical_clear_probe,3839332234,17,101.0,True
geometry_early_optical_clear_probe,3839332234,20,119.0,True
geometry_early_optical_clear_probe,3839332234,9,336.2,True
geometry_early_optical_clear_probe,3839332234,4,366.2,True
geometry_early_optical_clear_probe,3839332234,5,568.9042683667767,False
geometry_early_optical_clear_probe,3839332234,11,604.9042683667767,False
geometry_early_optical_clear_probe,3839332234,12,610.9042683667767,True
geometry_early_optical_clear_probe,3839332234,7,3951.4415518835704,True
geometry_early_optical_clear_probe,3839332234,1,5364.382742385053,True
geometry_early_optical_clear_probe,3839332234,10,5805.782742385052,False
geometry_early_optical_clear_probe,3839332234,15,7860.621292993055,True
geometry_early_optical_clear_probe,4035909875,3,17.0,True
geometry_early_optical_clear_probe,4035909875,4,23.0,False
geometry_early_optical_clear_probe,4035909875,15,89.0,False
geometry_early_optical_clear_probe,4035909875,20,119.0,False
geometry_early_optical_clear_probe,4035909875,5,360.2,False
geometry_early_optical_clear_probe,4035909875,19,797.9060683761757,True
geometry_early_optical_clear_probe,4035909875,11,1099.1060683761757,False
geometry_early_optical_clear_probe,4035909875,8,2862.545594813484,False
geometry_early_optical_clear_probe,4035909875,16,2898.545594813484,False
geometry_early_optical_clear_probe,4035909875,1,3850.730368408149,True
geometry_early_optical_clear_probe,4035909875,17,5678.342724886476,True
geometry_early_optical_clear_probe,1878448852,2,11.0,False
geometry_early_optical_clear_probe,1878448852,4,23.0,False
geometry_early_optical_clear_probe,1878448852,10,59.0,False
geometry_early_optical_clear_probe,1878448852,14,83.0,True
geometry_early_optical_clear_probe,1878448852,19,276.2,False
geometry_early_optical_clear_probe,1878448852,8,342.2,False
geometry_early_optical_clear_probe,1878448852,6,354.2,False
geometry_early_optical_clear_probe,1878448852,1,894.7895269963244,True
geometry_early_optical_clear_probe,1878448852,3,1522.3895269963245,True
geometry_early_optical_clear_probe,1878448852,13,4013.9138546133745,False
geometry_early_optical_clear_probe,2859292156,2,11.0,False
geometry_early_optical_clear_probe,2859292156,12,71.0,False
geometry_early_optical_clear_probe,2859292156,14,83.0,True
geometry_early_optical_clear_probe,2859292156,19,113.0,False
geometry_early_optical_clear_probe,2859292156,20,119.0,True
geometry_early_optical_clear_probe,2859292156,9,336.2,True
geometry_early_optical_clear_probe,2859292156,7,348.2,False
geometry_early_optical_clear_probe,2859292156,3,372.2,True
geometry_early_optical_clear_probe,2859292156,1,492.6918529226444,False
geometry_early_optical_clear_probe,2859292156,6,3804.3427601769617,False
geometry_early_optical_clear_probe,2859292156,5,7164.913215069163,True
geometry_early_optical_clear_probe,3852709297,5,29.0,True
geometry_early_optical_clear_probe,3852709297,6,35.0,False
geometry_early_optical_clear_probe,3852709297,14,83.0,False
geometry_early_optical_clear_probe,3852709297,15,89.0,True
geometry_early_optical_clear_probe,3852709297,20,119.0,True
geometry_early_optical_clear_probe,3852709297,13,312.2,True
geometry_early_optical_clear_probe,3852709297,12,318.2,False
geometry_early_optical_clear_probe,3852709297,2,964.5014352098957,True
geometry_early_optical_clear_probe,3852709297,18,1350.9014352098957,True
geometry_early_optical_clear_probe,3852709297,11,1368.9014352098957,True
geometry_early_optical_clear_probe,3852709297,3,2446.2288587810085,True
geometry_early_optical_clear_probe,3852709297,19,3491.276621531961,True
geometry_early_optical_clear_probe,3852709297,1,3696.476621531961,False
geometry_early_optical_clear_probe,3852709297,9,5283.05912329357,False
geometry_early_optical_clear_probe,3852709297,4,5886.65912329357,True
geometry_early_optical_clear_probe,2050573170,2,11.0,True
geometry_early_optical_clear_probe,2050573170,9,53.0,False
geometry_early_optical_clear_probe,2050573170,10,59.0,False
geometry_early_optical_clear_probe,2050573170,16,95.0,True
geometry_early_optical_clear_probe,2050573170,18,282.2,True
geometry_early_optical_clear_probe,2050573170,8,342.2,False
geometry_early_optical_clear_probe,2050573170,1,384.2,True
geometry_early_optical_clear_probe,2050573170,4,553.4,True
geometry_early_optical_clear_probe,2050573170,15,613.4,True
geometry_early_optical_clear_probe,2050573170,14,1164.626919356459,True
geometry_early_optical_clear_probe,2050573170,11,1182.626919356459,False
geometry_early_optical_clear_probe,2050573170,6,1405.826919356459,False
geometry_early_optical_clear_probe,2050573170,7,2017.9673019088118,False
geometry_early_optical_clear_probe,2050573170,17,2047.9673019088118,False
geometry_early_optical_clear_probe,2050573170,19,2326.5046393413595,True
geometry_early_optical_clear_probe,2050573170,3,2534.077471108255,True
geometry_early_optical_clear_probe,845628785,7,41.0,True
geometry_early_optical_clear_probe,845628785,10,59.0,False
geometry_early_optical_clear_probe,845628785,11,65.0,True
geometry_early_optical_clear_probe,845628785,13,77.0,True
geometry_early_optical_clear_probe,845628785,20,270.2,True
geometry_early_optical_clear_probe,845628785,6,565.4,True
geometry_early_optical_clear_probe,845628785,9,583.4,True
geometry_early_optical_clear_probe,845628785,18,637.4,True
geometry_early_optical_clear_probe,845628785,1,3344.248926439873,True
geometry_early_optical_clear_probe,845628785,16,4021.303169600743,True
geometry_early_optical_clear_probe,845628785,5,4232.503169600743,True
geometry_early_optical_clear_probe,845628785,3,4244.503169600743,False
geometry_early_optical_clear_probe,845628785,8,4648.903169600742,True
geometry_early_optical_clear_probe,2494542123,4,23.0,True
geometry_early_optical_clear_probe,2494542123,11,65.0,True
geometry_early_optical_clear_probe,2494542123,13,77.0,False
geometry_early_optical_clear_probe,2494542123,14,306.2,False
geometry_early_optical_clear_probe,2494542123,3,372.2,False
geometry_early_optical_clear_probe,2494542123,2,378.2,True
geometry_early_optical_clear_probe,2494542123,1,384.2,False
geometry_early_optical_clear_probe,2494542123,7,571.4,True
geometry_early_optical_clear_probe,2494542123,15,619.4,True
geometry_early_optical_clear_probe,2494542123,9,1972.3695383068678,True
geometry_early_optical_clear_probe,2494542123,19,3113.784897716412,True
geometry_early_optical_clear_probe,2494542123,8,3155.784897716412,True
geometry_early_optical_clear_probe,2494542123,18,3366.984897716412,False
geometry_early_optical_clear_probe,3605175214,5,29.0,True
geometry_early_optical_clear_probe,3605175214,10,59.0,False
geometry_early_optical_clear_probe,3605175214,11,65.0,True
geometry_early_optical_clear_probe,3605175214,13,77.0,True
geometry_early_optical_clear_probe,3605175214,14,83.0,False
geometry_early_optical_clear_probe,3605175214,6,354.2,True
geometry_early_optical_clear_probe,3605175214,4,848.5341303685404,True
geometry_early_optical_clear_probe,3605175214,20,1264.9341303685405,False
geometry_early_optical_clear_probe,3605175214,15,1294.9341303685405,True
geometry_early_optical_clear_probe,3605175214,12,1566.1341303685406,False
geometry_early_optical_clear_probe,3605175214,19,1602.1341303685406,False
geometry_early_optical_clear_probe,3605175214,3,6381.881213868093,True
geometry_early_optical_clear_probe,8416049,1,5.0,False
geometry_early_optical_clear_probe,8416049,6,35.0,True
geometry_early_optical_clear_probe,8416049,13,77.0,False
geometry_early_optical_clear_probe,8416049,14,83.0,False
geometry_early_optical_clear_probe,8416049,15,89.0,False
geometry_early_optical_clear_probe,8416049,17,101.0,False
geometry_early_optical_clear_probe,8416049,18,107.0,True
geometry_early_optical_clear_probe,8416049,19,113.0,False
geometry_early_optical_clear_probe,8416049,9,336.2,False
geometry_early_optical_clear_probe,8416049,8,342.2,False
geometry_early_optical_clear_probe,8416049,5,523.0613572123975,False
geometry_early_optical_clear_probe,8416049,4,1417.88275864567,False
geometry_early_optical_clear_probe,8416049,7,1701.643308354854,False
geometry_early_optical_clear_probe,8416049,2,1731.643308354854,True
geometry_early_optical_clear_probe,8416049,11,1912.8433083548541,True
geometry_early_optical_clear_probe,8416049,3,2360.6529540111396,False
geometry_early_optical_clear_probe,1129197057,16,95.0,True
geometry_early_optical_clear_probe,1129197057,17,101.0,False
geometry_early_optical_clear_probe,1129197057,20,119.0,False
geometry_early_optical_clear_probe,1129197057,12,318.2,True
geometry_early_optical_clear_probe,1129197057,7,348.2,False
geometry_early_optical_clear_probe,1129197057,5,360.2,False
geometry_early_optical_clear_probe,1129197057,3,372.2,False
geometry_early_optical_clear_probe,1129197057,1,384.2,True
geometry_early_optical_clear_probe,1129197057,15,619.4,True
geometry_early_optical_clear_probe,1129197057,11,2207.5890808000736,True
geometry_early_optical_clear_probe,1129197057,6,2415.3910886402405,True
geometry_early_optical_clear_probe,1129197057,19,2469.3910886402405,True
geometry_early_optical_clear_probe,1129197057,4,2702.524220532175,False
geometry_early_optical_clear_probe,1129197057,18,6454.650444482983,True
geometry_early_optical_clear_probe,49276448,4,23.0,False
geometry_early_optical_clear_probe,49276448,5,29.0,False
geometry_early_optical_clear_probe,49276448,9,53.0,True
geometry_early_optical_clear_probe,49276448,8,342.2,True
geometry_early_optical_clear_probe,49276448,12,601.4,True
geometry_early_optical_clear_probe,49276448,7,878.5999999999999,True
geometry_early_optical_clear_probe,49276448,3,902.5999999999999,False
geometry_early_optical_clear_probe,49276448,2,908.5999999999999,False
geometry_early_optical_clear_probe,49276448,1,1467.1189408783346,False
geometry_early_optical_clear_probe,49276448,14,1678.3189408783346,True
geometry_early_optical_clear_probe,49276448,15,3915.8043399941416,True
geometry_early_optical_clear_probe,49276448,18,6085.49305697271,True
geometry_early_optical_clear_probe,49276448,10,6115.49305697271,False
geometry_early_optical_clear_probe,49276448,11,6459.375044488414,True
geometry_early_optical_clear_probe,1919908236,8,47.0,False
geometry_early_optical_clear_probe,1919908236,10,59.0,False
geometry_early_optical_clear_probe,1919908236,13,77.0,True
geometry_early_optical_clear_probe,1919908236,14,83.0,False
geometry_early_optical_clear_probe,1919908236,15,89.0,False
geometry_early_optical_clear_probe,1919908236,16,95.0,False
geometry_early_optical_clear_probe,1919908236,5,559.4,False
geometry_early_optical_clear_probe,1919908236,4,1389.536742036898,True
geometry_early_optical_clear_probe,1919908236,17,1443.536742036898,False
geometry_early_optical_clear_probe,1919908236,3,1690.736742036898,False
geometry_early_optical_clear_probe,1919908236,12,2122.30040350433,True
geometry_early_optical_clear_probe,1919908236,18,5938.268230629855,True
geometry_early_optical_clear_probe,332871483,5,29.0,True
geometry_early_optical_clear_probe,332871483,16,95.0,True
geometry_early_optical_clear_probe,332871483,17,101.0,False
geometry_early_optical_clear_probe,332871483,7,348.2,False
geometry_early_optical_clear_probe,332871483,18,625.4,False
geometry_early_optical_clear_probe,332871483,11,836.5999999999999,True
geometry_early_optical_clear_probe,332871483,19,1254.8207763051123,True
geometry_early_optical_clear_probe,332871483,2,3368.5717179233143,True
geometry_early_optical_clear_probe,332871483,13,3422.5717179233143,True
geometry_early_optical_clear_probe,332871483,20,6621.0948509381105,True
geometry_early_optical_clear_probe,4229842389,5,29.0,False
geometry_early_optical_clear_probe,4229842389,10,59.0,False
geometry_early_optical_clear_probe,4229842389,14,83.0,True
geometry_early_optical_clear_probe,4229842389,15,300.2,True
geometry_early_optical_clear_probe,4229842389,9,336.2,False
geometry_early_optical_clear_probe,4229842389,7,348.2,True
geometry_early_optical_clear_probe,4229842389,17,2630.168173566092,True
geometry_early_optical_clear_probe,4229842389,18,2636.168173566092,True
geometry_early_optical_clear_probe,4229842389,19,2642.168173566092,True
geometry_early_optical_clear_probe,4229842389,3,3032.712282237867,True
geometry_early_optical_clear_probe,4229842389,6,3669.802420987285,False
geometry_early_optical_clear_probe,408675973,1,5.0,True
geometry_early_optical_clear_probe,408675973,3,17.0,False
geometry_early_optical_clear_probe,408675973,8,47.0,False
geometry_early_optical_clear_probe,408675973,10,59.0,False
geometry_early_optical_clear_probe,408675973,18,107.0,False
geometry_early_optical_clear_probe,408675973,19,113.0,True
geometry_early_optical_clear_probe,408675973,20,119.0,True
geometry_early_optical_clear_probe,408675973,12,318.2,True
geometry_early_optical_clear_probe,408675973,6,354.2,True
geometry_early_optical_clear_probe,408675973,14,2759.4034512495373,True
geometry_early_optical_clear_probe,408675973,13,3701.294094370768,True
geometry_early_optical_clear_probe,2659713242,6,35.0,False
geometry_early_optical_clear_probe,2659713242,8,47.0,True
geometry_early_optical_clear_probe,2659713242,13,77.0,True
geometry_early_optical_clear_probe,2659713242,11,324.2,True
geometry_early_optical_clear_probe,2659713242,19,760.6610608559678,False
geometry_early_optical_clear_probe,2659713242,18,766.6610608559678,False
geometry_early_optical_clear_probe,2659713242,15,784.6610608559678,False
geometry_early_optical_clear_probe,2659713242,3,1550.6869350897857,True
geometry_early_optical_clear_probe,2659713242,4,1556.6869350897857,True
geometry_early_optical_clear_probe,2659713242,10,1827.8869350897858,True
geometry_early_optical_clear_probe,2659713242,2,3556.8146378207066,True
geometry_early_optical_clear_probe,2659713242,14,4136.104856775744,True
geometry_early_optical_clear_probe,2659713242,16,6029.393707845457,True
geometry_early_optical_clear_probe,1695094820,3,17.0,False
geometry_early_optical_clear_probe,1695094820,7,41.0,True
geometry_early_optical_clear_probe,1695094820,8,47.0,False
geometry_early_optical_clear_probe,1695094820,9,53.0,False
geometry_early_optical_clear_probe,1695094820,12,71.0,False
geometry_early_optical_clear_probe,1695094820,17,101.0,False
geometry_early_optical_clear_probe,1695094820,20,119.0,True
geometry_early_optical_clear_probe,1695094820,13,640.8824160439319,True
geometry_early_optical_clear_probe,1695094820,6,2885.99676233478,True
geometry_early_optical_clear_probe,1695094820,19,5006.772431566403,True
geometry_early_optical_clear_probe,1695094820,14,5653.895991424158,True
geometry_early_optical_clear_probe,1695094820,5,7491.175928257722,True
geometry_early_optical_clear_probe,612065494,2,11.0,True
geometry_early_optical_clear_probe,612065494,6,35.0,False
geometry_early_optical_clear_probe,612065494,9,336.2,True
geometry_early_optical_clear_probe,612065494,13,607.4,True
geometry_early_optical_clear_probe,612065494,20,800.5999999999999,False
geometry_early_optical_clear_probe,612065494,19,1285.0931786510334,True
geometry_early_optical_clear_probe,612065494,4,1369.0931786510334,False
geometry_early_optical_clear_probe,612065494,17,2347.112184065957,False
geometry_early_optical_clear_probe,612065494,15,2359.112184065957,True
geometry_early_optical_clear_probe,612065494,1,2425.112184065957,False
geometry_early_optical_clear_probe,612065494,11,3717.312184065956,False
geometry_early_optical_clear_probe,1731788954,7,41.0,False
geometry_early_optical_clear_probe,1731788954,16,95.0,True
geometry_early_optical_clear_probe,1731788954,17,101.0,True
geometry_early_optical_clear_probe,1731788954,19,113.0,True
geometry_early_optical_clear_probe,1731788954,20,119.0,False
geometry_early_optical_clear_probe,1731788954,15,300.2,False
geometry_early_optical_clear_probe,1731788954,4,366.2,True
geometry_early_optical_clear_probe,1731788954,6,549.3994290194876,False
geometry_early_optical_clear_probe,1731788954,2,844.7165094063542,False
geometry_early_optical_clear_probe,1731788954,5,1484.3165094063543,True
geometry_early_optical_clear_probe,1731788954,8,3911.07799094848,True
geometry_early_optical_clear_probe,1731788954,3,4324.834710517508,True
geometry_early_optical_clear_probe,1731788954,12,4720.129010102297,True
geometry_early_optical_clear_probe,1731788954,9,5495.379718272924,False
geometry_early_optical_clear_probe,66526475,5,29.0,False
geometry_early_optical_clear_probe,66526475,14,83.0,False
geometry_early_optical_clear_probe,66526475,15,89.0,False
geometry_early_optical_clear_probe,66526475,17,101.0,False
geometry_early_optical_clear_probe,66526475,18,107.0,False
geometry_early_optical_clear_probe,66526475,12,318.2,True
geometry_early_optical_clear_probe,66526475,8,342.2,False
geometry_early_optical_clear_probe,66526475,6,354.2,False
geometry_early_optical_clear_probe,66526475,13,601.4,True
geometry_early_optical_clear_probe,66526475,4,1357.7766164666318,True
geometry_early_optical_clear_probe,66526475,10,1528.501167907953,False
geometry_early_optical_clear_probe,66526475,19,1715.701167907953,True
geometry_early_optical_clear_probe,66526475,9,2158.8529583747613,True
geometry_early_optical_clear_probe,66526475,3,2170.8529583747613,True
geometry_early_optical_clear_probe,66526475,20,2493.9681396513342,True
geometry_early_optical_clear_probe,66526475,1,2693.168139651334,True
geometry_early_optical_clear_probe,3905259722,2,11.0,False
geometry_early_optical_clear_probe,3905259722,14,83.0,False
geometry_early_optical_clear_probe,3905259722,16,95.0,True
geometry_early_optical_clear_probe,3905259722,18,107.0,False
geometry_early_optical_clear_probe,3905259722,15,300.2,False
geometry_early_optical_clear_probe,3905259722,8,342.2,True
geometry_early_optical_clear_probe,3905259722,20,626.692657195237,False
geometry_early_optical_clear_probe,3905259722,1,983.9848300517331,True
geometry_early_optical_clear_probe,3905259722,17,1243.5417378059528,True
geometry_early_optical_clear_probe,3905259722,19,1822.6627117206183,True
geometry_early_optical_clear_probe,3905259722,6,2864.4410651920666,True
geometry_early_optical_clear_probe,3905259722,9,3697.241065192066,True
geometry_early_optical_clear_probe,3905259722,3,3878.4410651920657,True
geometry_early_optical_clear_probe,3905259722,13,4510.588262920409,True
geometry_early_optical_clear_probe,3905259722,4,5454.084367369868,True
geometry_early_optical_clear_probe,2382419373,3,17.0,False
geometry_early_optical_clear_probe,2382419373,5,29.0,True
geometry_early_optical_clear_probe,2382419373,7,41.0,False
geometry_early_optical_clear_probe,2382419373,16,95.0,False
geometry_early_optical_clear_probe,2382419373,14,306.2,False
geometry_early_optical_clear_probe,2382419373,13,312.2,True
geometry_early_optical_clear_probe,2382419373,10,330.2,False
geometry_early_optical_clear_probe,2382419373,15,1185.1282294356904,True
geometry_early_optical_clear_probe,2382419373,12,1655.5282294356905,False
geometry_early_optical_clear_probe,2382419373,11,1884.7282294356905,False
geometry_early_optical_clear_probe,2382419373,18,1902.7282294356905,False
geometry_early_optical_clear_probe,1945842454,6,35.0,False
geometry_early_optical_clear_probe,1945842454,11,65.0,False
geometry_early_optical_clear_probe,1945842454,14,83.0,False
geometry_early_optical_clear_probe,1945842454,20,119.0,False
geometry_early_optical_clear_probe,1945842454,17,288.2,True
geometry_early_optical_clear_probe,1945842454,13,312.2,False
geometry_early_optical_clear_probe,1945842454,2,505.26367185150355,False
geometry_early_optical_clear_probe,1945842454,10,553.2636718515035,False
geometry_early_optical_clear_probe,1945842454,4,2149.910008868756,True
geometry_early_optical_clear_probe,1945842454,1,2771.5100088687554,False
geometry_early_optical_clear_probe,1945842454,5,2783.5100088687554,False
geometry_early_optical_clear_probe,1945842454,19,2843.5100088687554,False
geometry_early_optical_clear_probe,1945842454,8,3247.910008868755,True
geometry_early_optical_clear_probe,1945842454,15,3271.910008868755,False
geometry_early_optical_clear_probe,1945842454,7,7024.607222543674,True
geometry_early_optical_clear_probe,1945842454,12,7036.607222543674,True
geometry_early_optical_clear_probe,3608670222,4,23.0,False
geometry_early_optical_clear_probe,3608670222,11,65.0,False
geometry_early_optical_clear_probe,3608670222,12,71.0,False
geometry_early_optical_clear_probe,3608670222,14,83.0,False
geometry_early_optical_clear_probe,3608670222,18,107.0,False
geometry_early_optical_clear_probe,3608670222,20,119.0,False
geometry_early_optical_clear_probe,3608670222,19,276.2,False
geometry_early_optical_clear_probe,3608670222,3,372.2,False
geometry_early_optical_clear_probe,3608670222,1,384.2,True
geometry_early_optical_clear_probe,3608670222,5,562.7736512025681,True
geometry_early_optical_clear_probe,3608670222,6,568.7736512025681,True
geometry_early_optical_clear_probe,3608670222,7,1304.6090469120807,False
geometry_early_optical_clear_probe,3608670222,9,1811.5159112975134,False
geometry_early_optical_clear_probe,3608670222,8,3504.505289440394,True
geometry_early_optical_clear_probe,3608670222,15,6818.950553586203,True
geometry_early_optical_clear_probe,2463414121,7,41.0,False
geometry_early_optical_clear_probe,2463414121,17,101.0,False
geometry_early_optical_clear_probe,2463414121,4,637.5376142796562,False
geometry_early_optical_clear_probe,2463414121,5,643.5376142796562,False
geometry_early_optical_clear_probe,2463414121,9,661.5376142796562,False
geometry_early_optical_clear_probe,2463414121,15,908.7376142796561,True
geometry_early_optical_clear_probe,2463414121,11,1647.8827367138992,True
geometry_early_optical_clear_probe,2463414121,20,2730.0401690386984,False
geometry_early_optical_clear_probe,2463414121,19,2887.2401690386982,True
geometry_early_optical_clear_probe,2463414121,2,3116.440169038698,True
geometry_early_optical_clear_probe,2463414121,3,3122.440169038698,False
geometry_early_optical_clear_probe,2463414121,18,3340.640169038698,False
geometry_early_optical_clear_probe,2463414121,16,3617.8401690386977,False
geometry_early_optical_clear_probe,2463414121,10,4006.4138035278884,True
geometry_early_optical_clear_probe,2463414121,13,5015.1197844343,True
geometry_early_optical_clear_probe,2463414121,12,6363.613830353663,True
geometry_early_optical_clear_probe,324492642,6,35.0,False
geometry_early_optical_clear_probe,324492642,9,53.0,False
geometry_early_optical_clear_probe,324492642,12,71.0,False
geometry_early_optical_clear_probe,324492642,16,95.0,False
geometry_early_optical_clear_probe,324492642,20,119.0,True
geometry_early_optical_clear_probe,324492642,15,300.2,False
geometry_early_optical_clear_probe,324492642,13,312.2,False
geometry_early_optical_clear_probe,324492642,11,324.2,True
geometry_early_optical_clear_probe,324492642,8,342.2,False
geometry_early_optical_clear_probe,324492642,10,1089.7631186037022,False
geometry_early_optical_clear_probe,324492642,18,1131.7631186037022,True
geometry_early_optical_clear_probe,324492642,4,4853.926839934528,True
geometry_early_optical_clear_probe,324492642,14,5597.539685887514,False
geometry_early_optical_clear_probe,324492642,17,5730.917518476329,True
geometry_early_optical_clear_probe,324492642,1,5954.94821118858,False
geometry_early_optical_clear_probe,3889141103,6,35.0,False
geometry_early_optical_clear_probe,3889141103,12,71.0,False
geometry_early_optical_clear_probe,3889141103,15,89.0,True
geometry_early_optical_clear_probe,3889141103,19,276.2,False
geometry_early_optical_clear_probe,3889141103,11,324.2,False
geometry_early_optical_clear_probe,3889141103,9,336.2,False
geometry_early_optical_clear_probe,3889141103,16,817.6910381446542,True
geometry_early_optical_clear_probe,3889141103,17,1124.8910381446542,True
geometry_early_optical_clear_probe,3889141103,14,1729.7833204835006,False
geometry_early_optical_clear_probe,3889141103,3,2134.395719054766,False
geometry_early_optical_clear_probe,3889141103,13,3199.162083188434,True
geometry_early_optical_clear_probe,3889141103,5,7320.334868302727,True
geometry_early_optical_clear_probe,3544440465,1,5.0,False
geometry_early_optical_clear_probe,3544440465,5,29.0,False
geometry_early_optical_clear_probe,3544440465,9,53.0,False
geometry_early_optical_clear_probe,3544440465,12,71.0,True
geometry_early_optical_clear_probe,3544440465,19,113.0,True
geometry_early_optical_clear_probe,3544440465,20,119.0,True
geometry_early_optical_clear_probe,3544440465,6,354.2,True
geometry_early_optical_clear_probe,3544440465,7,572.8484540155736,False
geometry_early_optical_clear_probe,3544440465,13,820.0484540155735,False
geometry_early_optical_clear_probe,3544440465,10,2957.7296747172268,False
geometry_early_optical_clear_probe,3544440465,18,3979.507714671133,True
geometry_early_optical_clear_probe,3544440465,11,4208.707714671133,False
geometry_early_optical_clear_probe,3346083675,2,11.0,True
geometry_early_optical_clear_probe,3346083675,5,29.0,True
geometry_early_optical_clear_probe,3346083675,6,35.0,True
geometry_early_optical_clear_probe,3346083675,7,41.0,True
geometry_early_optical_clear_probe,3346083675,9,53.0,False
geometry_early_optical_clear_probe,3346083675,10,59.0,False
geometry_early_optical_clear_probe,3346083675,11,65.0,False
geometry_early_optical_clear_probe,3346083675,12,71.0,False
geometry_early_optical_clear_probe,3346083675,15,89.0,False
geometry_early_optical_clear_probe,3346083675,13,312.2,True
geometry_early_optical_clear_probe,3346083675,3,372.2,True
geometry_early_optical_clear_probe,3346083675,19,593.9527940010177,False
geometry_early_optical_clear_probe,3346083675,16,1030.6143355636382,False
geometry_early_optical_clear_probe,3346083675,14,4731.8749584671705,False
geometry_early_optical_clear_probe,145373280,17,101.0,False
geometry_early_optical_clear_probe,145373280,2,378.2,False
geometry_early_optical_clear_probe,145373280,7,909.4992010080687,False
geometry_early_optical_clear_probe,145373280,20,981.4992010080687,True
geometry_early_optical_clear_probe,145373280,9,1375.8173067101425,False
geometry_early_optical_clear_probe,145373280,13,1658.2165942457866,True
geometry_early_optical_clear_probe,145373280,10,2170.6165942457865,True
geometry_early_optical_clear_probe,145373280,3,2962.4002183388893,True
geometry_early_optical_clear_probe,145373280,6,2980.4002183388893,True
geometry_early_optical_clear_probe,145373280,14,3215.600218338889,True
geometry_early_optical_clear_probe,145373280,18,3656.0002183388888,False
geometry_early_optical_clear_probe,145373280,8,3692.0002183388888,True
geometry_early_optical_clear_probe,172895571,4,23.0,False
geometry_early_optical_clear_probe,172895571,5,29.0,False
geometry_early_optical_clear_probe,172895571,6,35.0,False
geometry_early_optical_clear_probe,172895571,17,101.0,False
geometry_early_optical_clear_probe,172895571,19,276.2,False
geometry_early_optical_clear_probe,172895571,18,282.2,False
geometry_early_optical_clear_probe,172895571,7,348.2,True
geometry_early_optical_clear_probe,172895571,11,1600.2608277037284,True
geometry_early_optical_clear_probe,172895571,10,4096.975327086938,True
geometry_early_optical_clear_probe,172895571,9,4959.775327086937,False
geometry_early_optical_clear_probe,3869403386,2,11.0,False
geometry_early_optical_clear_probe,3869403386,8,47.0,False
geometry_early_optical_clear_probe,3869403386,9,53.0,False
geometry_early_optical_clear_probe,3869403386,13,77.0,True
geometry_early_optical_clear_probe,3869403386,15,89.0,True
geometry_early_optical_clear_probe,3869403386,16,95.0,False
geometry_early_optical_clear_probe,3869403386,18,107.0,False
geometry_early_optical_clear_probe,3869403386,20,119.0,True
geometry_early_optical_clear_probe,3869403386,17,288.2,True
geometry_early_optical_clear_probe,3869403386,4,366.2,True
geometry_early_optical_clear_probe,3869403386,7,1398.9744201447395,True
geometry_early_optical_clear_probe,3869403386,3,1422.9744201447395,False
geometry_early_optical_clear_probe,3869403386,14,1871.3268773695554,True
geometry_early_optical_clear_probe,3869403386,1,2642.3054802231018,True
geometry_early_optical_clear_probe,3869403386,10,3890.2903524921,True
geometry_early_optical_clear_probe,3869403386,12,6259.548554950988,True
geometry_early_optical_clear_probe,2423939734,9,53.0,False
geometry_early_optical_clear_probe,2423939734,15,89.0,True
geometry_early_optical_clear_probe,2423939734,20,119.0,False
geometry_early_optical_clear_probe,2423939734,17,288.2,True
geometry_early_optical_clear_probe,2423939734,13,312.2,True
geometry_early_optical_clear_probe,2423939734,7,348.2,True
geometry_early_optical_clear_probe,2423939734,4,366.2,True
geometry_early_optical_clear_probe,2423939734,5,1045.5997326023426,False
geometry_early_optical_clear_probe,2423939734,3,5053.949476845153,True
geometry_early_optical_clear_probe,2423939734,19,5259.149476845153,True
geometry_early_optical_clear_probe,2423939734,10,5763.302623250019,True
geometry_early_optical_clear_probe,1303147796,1,5.0,True
geometry_early_optical_clear_probe,1303147796,5,29.0,False
geometry_early_optical_clear_probe,1303147796,6,35.0,False
geometry_early_optical_clear_probe,1303147796,7,41.0,True
geometry_early_optical_clear_probe,1303147796,13,77.0,False
geometry_early_optical_clear_probe,1303147796,15,89.0,False
geometry_early_optical_clear_probe,1303147796,17,101.0,False
geometry_early_optical_clear_probe,1303147796,18,107.0,True
geometry_early_optical_clear_probe,1303147796,20,119.0,False
geometry_early_optical_clear_probe,1303147796,19,276.2,False
geometry_early_optical_clear_probe,1303147796,9,336.2,False
geometry_early_optical_clear_probe,1303147796,10,518.6726269833335,False
geometry_early_optical_clear_probe,1303147796,3,1084.0909680089267,False
geometry_early_optical_clear_probe,1303147796,12,3486.0714990598126,True
geometry_early_optical_clear_probe,1303147796,4,3908.4714990598122,True
geometry_early_optical_clear_probe,1303147796,2,5635.451588351409,True
geometry_early_optical_clear_probe,3661973228,1,5.0,False
geometry_early_optical_clear_probe,3661973228,7,41.0,False
geometry_early_optical_clear_probe,3661973228,9,53.0,False
geometry_early_optical_clear_probe,3661973228,14,83.0,False
geometry_early_optical_clear_probe,3661973228,18,107.0,False
geometry_early_optical_clear_probe,3661973228,20,270.2,True
geometry_early_optical_clear_probe,3661973228,12,318.2,True
geometry_early_optical_clear_probe,3661973228,13,1268.189537832195,True
geometry_early_optical_clear_probe,3661973228,11,2468.1895378321947,True
geometry_early_optical_clear_probe,3661973228,17,2498.1895378321947,True
geometry_early_optical_clear_probe,3661973228,15,2673.3895378321945,False
geometry_early_optical_clear_probe,3661973228,3,3290.8678554018993,True
geometry_early_optical_clear_probe,3661973228,4,3479.531171294404,True
geometry_early_optical_clear_probe,3661973228,6,3491.531171294404,True
geometry_early_optical_clear_probe,3661973228,19,3533.531171294404,True
geometry_early_optical_clear_probe,2040362470,1,5.0,False
geometry_early_optical_clear_probe,2040362470,4,23.0,True
geometry_early_optical_clear_probe,2040362470,5,29.0,False
geometry_early_optical_clear_probe,2040362470,16,95.0,False
geometry_early_optical_clear_probe,2040362470,18,107.0,False
geometry_early_optical_clear_probe,2040362470,20,119.0,False
geometry_early_optical_clear_probe,2040362470,8,342.2,False
geometry_early_optical_clear_probe,2040362470,3,547.4,False
geometry_early_optical_clear_probe,2040362470,14,607.4,True
geometry_early_optical_clear_probe,2040362470,2,1244.78089842259,True
geometry_early_optical_clear_probe,2040362470,13,3431.2131235177467,True
geometry_early_optical_clear_probe,2040362470,6,3467.2131235177467,True
geometry_early_optical_clear_probe,2040362470,11,6827.261110445714,True
geometry_early_optical_clear_probe,1950200558,4,23.0,False
geometry_early_optical_clear_probe,1950200558,9,53.0,False
geometry_early_optical_clear_probe,1950200558,11,65.0,True
geometry_early_optical_clear_probe,1950200558,12,71.0,True
geometry_early_optical_clear_probe,1950200558,13,77.0,True
geometry_early_optical_clear_probe,1950200558,18,282.2,False
geometry_early_optical_clear_probe,1950200558,17,288.2,True
geometry_early_optical_clear_probe,1950200558,8,342.2,True
geometry_early_optical_clear_probe,1950200558,6,354.2,True
geometry_early_optical_clear_probe,1950200558,7,1838.1229475523025,False
geometry_early_optical_clear_probe,1950200558,15,2158.3944477427412,False
geometry_early_optical_clear_probe,1950200558,3,2369.594447742741,False
geometry_early_optical_clear_probe,1950200558,5,3434.9901131095694,True
geometry_early_optical_clear_probe,1950200558,19,5564.384469620999,True
geometry_early_optical_clear_probe,1950200558,20,5721.584469620999,False
geometry_early_optical_clear_probe,414184896,1,5.0,True
geometry_early_optical_clear_probe,414184896,3,17.0,True
geometry_early_optical_clear_probe,414184896,7,41.0,False
geometry_early_optical_clear_probe,414184896,8,47.0,False
geometry_early_optical_clear_probe,414184896,19,113.0,False
geometry_early_optical_clear_probe,414184896,14,306.2,True
geometry_early_optical_clear_probe,414184896,13,312.2,False
geometry_early_optical_clear_probe,414184896,9,336.2,False
geometry_early_optical_clear_probe,414184896,11,613.755534807609,True
geometry_early_optical_clear_probe,414184896,17,2338.414334743461,True
geometry_early_optical_clear_probe,414184896,16,2344.414334743461,False
geometry_early_optical_clear_probe,414184896,2,2942.507047349579,False
geometry_early_optical_clear_probe,414184896,4,5288.541710942984,True
geometry_early_optical_clear_probe,414184896,15,6516.5208330912,True
geometry_early_optical_clear_probe,414184896,5,7414.526328775969,True
geometry_early_optical_clear_probe,2209754917,2,11.0,False
geometry_early_optical_clear_probe,2209754917,10,59.0,True
geometry_early_optical_clear_probe,2209754917,14,83.0,True
geometry_early_optical_clear_probe,2209754917,17,101.0,True
geometry_early_optical_clear_probe,2209754917,20,270.2,False
geometry_early_optical_clear_probe,2209754917,18,282.2,True
geometry_early_optical_clear_probe,2209754917,16,294.2,False
geometry_early_optical_clear_probe,2209754917,3,547.4,False
geometry_early_optical_clear_probe,2209754917,6,565.4,True
geometry_early_optical_clear_probe,2209754917,12,601.4,True
geometry_early_optical_clear_probe,2209754917,15,619.4,True
geometry_early_optical_clear_probe,2209754917,4,1139.6631792542441,True
geometry_early_optical_clear_probe,2209754917,8,5442.7490497048875,True
geometry_early_optical_clear_probe,2209754917,19,6371.801476837853,True
geometry_early_optical_clear_probe,2209754917,7,7519.765043885445,True
geometry_early_optical_clear_probe,1109752345,2,11.0,False
geometry_early_optical_clear_probe,1109752345,10,59.0,False
geometry_early_optical_clear_probe,1109752345,11,65.0,True
geometry_early_optical_clear_probe,1109752345,17,101.0,False
geometry_early_optical_clear_probe,1109752345,20,119.0,True
geometry_early_optical_clear_probe,1109752345,19,276.2,True
geometry_early_optical_clear_probe,1109752345,16,294.2,True
geometry_early_optical_clear_probe,1109752345,12,318.2,True
geometry_early_optical_clear_probe,1109752345,9,336.2,False
geometry_early_optical_clear_probe,1109752345,1,1677.4387604052781,True
geometry_early_optical_clear_probe,1109752345,7,3923.749078210282,True
geometry_early_optical_clear_probe,1109752345,15,4581.349078210282,False
geometry_early_optical_clear_probe,1109752345,6,5196.949078210281,True
geometry_early_optical_clear_probe,1109752345,5,5202.949078210281,True
geometry_early_optical_clear_probe,1109752345,8,5631.837841784306,False
geometry_early_optical_clear_probe,1109752345,14,5949.969470416162,False
geometry_early_optical_clear_probe,759991386,14,83.0,True
geometry_early_optical_clear_probe,759991386,15,89.0,False
geometry_early_optical_clear_probe,759991386,17,101.0,True
geometry_early_optical_clear_probe,759991386,20,270.2,True
geometry_early_optical_clear_probe,759991386,2,378.2,True
geometry_early_optical_clear_probe,759991386,10,589.4,True
geometry_early_optical_clear_probe,759991386,11,595.4,True
geometry_early_optical_clear_probe,759991386,18,1732.613726920402,True
geometry_early_optical_clear_probe,759991386,16,1901.8137269204021,True
geometry_early_optical_clear_probe,759991386,9,5384.98644727638,True
geometry_early_optical_clear_probe,759991386,8,6034.307472335279,True
geometry_early_optical_clear_probe,759991386,12,6264.11299985183,True
geometry_early_optical_clear_probe,759991386,5,7272.112999851829,False
geometry_early_optical_clear_probe,1939956104,1,5.0,False
geometry_early_optical_clear_probe,1939956104,5,29.0,True
geometry_early_optical_clear_probe,1939956104,6,35.0,True
geometry_early_optical_clear_probe,1939956104,9,53.0,True
geometry_early_optical_clear_probe,1939956104,10,59.0,False
geometry_early_optical_clear_probe,1939956104,14,83.0,False
geometry_early_optical_clear_probe,1939956104,18,107.0,False
geometry_early_optical_clear_probe,1939956104,20,119.0,False
geometry_early_optical_clear_probe,1939956104,3,630.6959218429741,False
geometry_early_optical_clear_probe,1939956104,8,990.1521573804148,True
geometry_early_optical_clear_probe,1939956104,15,1567.9813320110934,True
geometry_early_optical_clear_probe,1939956104,4,2080.3813320110935,False
geometry_early_optical_clear_probe,1939956104,16,2810.940359281623,False
geometry_early_optical_clear_probe,1939956104,19,3230.788155289439,True
geometry_early_optical_clear_probe,1186411489,5,29.0,True
geometry_early_optical_clear_probe,1186411489,9,53.0,True
geometry_early_optical_clear_probe,1186411489,10,59.0,False
geometry_early_optical_clear_probe,1186411489,12,71.0,False
geometry_early_optical_clear_probe,1186411489,15,89.0,False
geometry_early_optical_clear_probe,1186411489,16,95.0,False
geometry_early_optical_clear_probe,1186411489,17,101.0,False
geometry_early_optical_clear_probe,1186411489,7,713.2616227564309,True
geometry_early_optical_clear_probe,1186411489,20,1085.4556889907121,False
geometry_early_optical_clear_probe,1186411489,8,1368.6556889907122,True
geometry_early_optical_clear_probe,1186411489,13,1972.4371461334392,True
geometry_early_optical_clear_probe,1186411489,6,2245.4412501226243,True
geometry_early_optical_clear_probe,1186411489,11,2257.4412501226243,True
geometry_early_optical_clear_probe,1186411489,3,2600.3613933161755,True
geometry_early_optical_clear_probe,1186411489,18,2734.9221181914836,True
geometry_early_optical_clear_probe,1186411489,1,5126.245238194747,False
geometry_early_optical_clear_probe,2492213048,7,41.0,True
geometry_early_optical_clear_probe,2492213048,9,53.0,False
geometry_early_optical_clear_probe,2492213048,15,89.0,False
geometry_early_optical_clear_probe,2492213048,16,95.0,False
geometry_early_optical_clear_probe,2492213048,8,342.2,False
geometry_early_optical_clear_probe,2492213048,4,366.2,True
geometry_early_optical_clear_probe,2492213048,19,798.7508888148544,True
geometry_early_optical_clear_probe,2492213048,14,1573.1778481662266,False
geometry_early_optical_clear_probe,2492213048,11,1784.3778481662266,False
geometry_early_optical_clear_probe,2492213048,6,2747.083577962433,True
geometry_early_optical_clear_probe,2492213048,12,3558.3290021540843,False
geometry_early_optical_clear_probe,2492213048,1,5472.9889016184,False
geometry_early_optical_clear_probe,2492213048,5,5642.1889016183995,True
geometry_early_optical_clear_probe,3589771437,3,17.0,True
geometry_early_optical_clear_probe,3589771437,5,29.0,False
geometry_early_optical_clear_probe,3589771437,12,71.0,False
geometry_early_optical_clear_probe,3589771437,15,89.0,True
geometry_early_optical_clear_probe,3589771437,17,101.0,False
geometry_early_optical_clear_probe,3589771437,16,294.2,True
geometry_early_optical_clear_probe,3589771437,1,849.2714522546023,True
geometry_early_optical_clear_probe,3589771437,10,1038.4571940252683,True
geometry_early_optical_clear_probe,3589771437,9,3154.118278579724,True
geometry_early_optical_clear_probe,3589771437,11,4491.248503710628,True
geometry_early_optical_clear_probe,3589771437,13,6249.156243287082,True
geometry_early_optical_clear_probe,3589771437,8,7014.26061523712,True
geometry_early_optical_clear_probe,3903861549,1,5.0,False
geometry_early_optical_clear_probe,3903861549,2,11.0,True
geometry_early_optical_clear_probe,3903861549,6,35.0,True
geometry_early_optical_clear_probe,3903861549,9,53.0,True
geometry_early_optical_clear_probe,3903861549,12,71.0,False
geometry_early_optical_clear_probe,3903861549,13,77.0,False
geometry_early_optical_clear_probe,3903861549,19,113.0,False
geometry_early_optical_clear_probe,3903861549,7,348.2,False
geometry_early_optical_clear_probe,3903861549,18,637.4,True
geometry_early_optical_clear_probe,3903861549,3,2559.1161723020914,True
geometry_early_optical_clear_probe,3903861549,20,5495.281936975494,False
geometry_early_optical_clear_probe,3995673787,3,17.0,False
geometry_early_optical_clear_probe,3995673787,6,35.0,True
geometry_early_optical_clear_probe,3995673787,7,41.0,True
geometry_early_optical_clear_probe,3995673787,15,89.0,False
geometry_early_optical_clear_probe,3995673787,19,113.0,True
geometry_early_optical_clear_probe,3995673787,10,330.2,False
geometry_early_optical_clear_probe,3995673787,5,890.5999999999999,False
geometry_early_optical_clear_probe,3995673787,1,1870.5819636476665,True
geometry_early_optical_clear_probe,3995673787,2,2944.1220450819537,True
geometry_early_optical_clear_probe,3995673787,17,3459.0208332948587,False
geometry_early_optical_clear_probe,3995673787,12,5896.802165081471,True
geometry_early_optical_clear_probe,2701919502,3,17.0,False
geometry_early_optical_clear_probe,2701919502,7,41.0,True
geometry_early_optical_clear_probe,2701919502,19,113.0,False
geometry_early_optical_clear_probe,2701919502,12,550.6134824708628,True
geometry_early_optical_clear_probe,2701919502,20,1375.7607883023766,False
geometry_early_optical_clear_probe,2701919502,16,2070.552970216454,True
geometry_early_optical_clear_probe,2701919502,2,5553.609303665123,False
geometry_early_optical_clear_probe,2701919502,1,5559.609303665123,False
geometry_early_optical_clear_probe,2701919502,6,6006.009303665122,True
geometry_early_optical_clear_probe,2701919502,9,7563.9033985719125,True
geometry_early_optical_clear_probe,2701919502,17,7787.103398571912,True
geometry_early_optical_clear_probe,1581652263,6,35.0,False
geometry_early_optical_clear_probe,1581652263,7,41.0,True
geometry_early_optical_clear_probe,1581652263,9,53.0,False
geometry_early_optical_clear_probe,1581652263,20,119.0,False
geometry_early_optical_clear_probe,1581652263,14,306.2,True
geometry_early_optical_clear_probe,1581652263,4,366.2,False
geometry_early_optical_clear_probe,1581652263,12,580.8056425789982,True
geometry_early_optical_clear_probe,1581652263,15,598.8056425789982,False
geometry_early_optical_clear_probe,1581652263,13,1653.4259968565289,False
geometry_early_optical_clear_probe,1581652263,8,6708.180118450239,True
geometry_early_optical_clear_probe,197386390,4,23.0,False
geometry_early_optical_clear_probe,197386390,5,29.0,False
geometry_early_optical_clear_probe,197386390,6,35.0,False
geometry_early_optical_clear_probe,197386390,13,77.0,False
geometry_early_optical_clear_probe,197386390,17,101.0,True
geometry_early_optical_clear_probe,197386390,11,324.2,True
geometry_early_optical_clear_probe,197386390,1,766.6117204425146,False
geometry_early_optical_clear_probe,197386390,10,1821.787779013614,False
geometry_early_optical_clear_probe,197386390,16,1851.787779013614,True
geometry_early_optical_clear_probe,197386390,2,2104.9877790136143,True
geometry_early_optical_clear_probe,197386390,12,2304.187779013614,True
geometry_early_optical_clear_probe,197386390,15,2316.187779013614,True
geometry_early_optical_clear_probe,197386390,19,2762.8781353715826,True
geometry_early_optical_clear_probe,197386390,9,3893.3472817234533,True
geometry_early_optical_clear_probe,3710785048,1,5.0,False
geometry_early_optical_clear_probe,3710785048,4,23.0,False
geometry_early_optical_clear_probe,3710785048,6,35.0,False
geometry_early_optical_clear_probe,3710785048,7,41.0,False
geometry_early_optical_clear_probe,3710785048,9,53.0,False
geometry_early_optical_clear_probe,3710785048,11,65.0,False
geometry_early_optical_clear_probe,3710785048,16,95.0,False
geometry_early_optical_clear_probe,3710785048,17,288.2,False
geometry_early_optical_clear_probe,3710785048,15,300.2,False
geometry_early_optical_clear_probe,3710785048,12,318.2,False
geometry_early_optical_clear_probe,3710785048,14,1024.776843747809,False
geometry_early_optical_clear_probe,3710785048,20,1048.776843747809,True
geometry_early_optical_clear_probe,3710785048,10,1597.6031296792949,True
geometry_early_optical_clear_probe,3710785048,5,3904.843307697198,True
geometry_early_optical_clear_probe,2098944550,2,11.0,False
geometry_early_optical_clear_probe,2098944550,5,29.0,False
geometry_early_optical_clear_probe,2098944550,15,89.0,True
geometry_early_optical_clear_probe,2098944550,8,342.2,False
geometry_early_optical_clear_probe,2098944550,11,589.4,False
geometry_early_optical_clear_probe,2098944550,18,631.4,False
geometry_early_optical_clear_probe,2098944550,20,643.4,False
geometry_early_optical_clear_probe,2098944550,1,1379.9199124811432,True
geometry_early_optical_clear_probe,2098944550,19,2173.0740998895226,False
geometry_early_optical_clear_probe,2098944550,17,2179.0740998895226,True
geometry_early_optical_clear_probe,2098944550,3,2239.0740998895226,False
geometry_early_optical_clear_probe,2098944550,14,2653.504107347552,True
geometry_early_optical_clear_probe,2098944550,6,2689.504107347552,False
geometry_early_optical_clear_probe,2098944550,7,4273.375277095217,True
geometry_early_optical_clear_probe,2098944550,10,4484.575277095217,False
geometry_early_optical_clear_probe,3553664091,5,29.0,True
geometry_early_optical_clear_probe,3553664091,9,53.0,False
geometry_early_optical_clear_probe,3553664091,20,119.0,True
geometry_early_optical_clear_probe,3553664091,11,324.2,False
geometry_early_optical_clear_probe,3553664091,7,348.2,False
geometry_early_optical_clear_probe,3553664091,3,547.4,True
geometry_early_optical_clear_probe,3553664091,18,806.5999999999999,False
geometry_early_optical_clear_probe,3553664091,8,860.5999999999999,False
geometry_early_optical_clear_probe,3553664091,6,1527.0548153197158,False
geometry_early_optical_clear_probe,3553664091,14,1551.0548153197158,False
geometry_early_optical_clear_probe,3553664091,13,2120.54747765445,False
geometry_early_optical_clear_probe,3553664091,15,2949.455297191086,True
geometry_early_optical_clear_probe,3553664091,17,6817.871108199476,True
geometry_early_optical_clear_probe,723140763,5,29.0,False
geometry_early_optical_clear_probe,723140763,8,47.0,True
geometry_early_optical_clear_probe,723140763,14,83.0,False
geometry_early_optical_clear_probe,723140763,19,113.0,True
geometry_early_optical_clear_probe,723140763,7,348.2,False
geometry_early_optical_clear_probe,723140763,9,583.4,False
geometry_early_optical_clear_probe,723140763,17,625.4,False
geometry_early_optical_clear_probe,723140763,11,1101.8,False
geometry_early_optical_clear_probe,723140763,20,1149.8,True
geometry_early_optical_clear_probe,723140763,16,2456.7037379002645,False
geometry_early_optical_clear_probe,723140763,6,2691.9037379002643,True
geometry_early_optical_clear_probe,723140763,4,3493.896081109871,False
geometry_early_optical_clear_probe,723140763,12,3511.896081109871,False
geometry_early_optical_clear_probe,723140763,15,3523.896081109871,False
geometry_early_optical_clear_probe,243796772,1,5.0,False
geometry_early_optical_clear_probe,243796772,2,11.0,False
geometry_early_optical_clear_probe,243796772,4,23.0,False
geometry_early_optical_clear_probe,243796772,6,35.0,False
geometry_early_optical_clear_probe,243796772,13,77.0,True
geometry_early_optical_clear_probe,243796772,16,95.0,True
geometry_early_optical_clear_probe,243796772,17,101.0,False
geometry_early_optical_clear_probe,243796772,20,270.2,False
geometry_early_optical_clear_probe,243796772,19,276.2,False
geometry_early_optical_clear_probe,243796772,18,282.2,True
geometry_early_optical_clear_probe,243796772,15,300.2,True
geometry_early_optical_clear_probe,243796772,10,330.2,False
geometry_early_optical_clear_probe,243796772,3,372.2,True
geometry_early_optical_clear_probe,243796772,7,1907.8547015024853,False
geometry_early_optical_clear_probe,243796772,11,2318.254701502485,True
geometry_early_optical_clear_probe,243796772,9,5326.366918916005,True
geometry_early_optical_clear_probe,2082159929,1,5.0,False
geometry_early_optical_clear_probe,2082159929,2,11.0,False
geometry_early_optical_clear_probe,2082159929,20,119.0,False
geometry_early_optical_clear_probe,2082159929,11,324.2,True
geometry_early_optical_clear_probe,2082159929,7,517.652291066411,True
geometry_early_optical_clear_probe,2082159929,9,1069.405548688825,True
geometry_early_optical_clear_probe,2082159929,10,1075.405548688825,True
geometry_early_optical_clear_probe,2082159929,14,2125.778457439002,True
geometry_early_optical_clear_probe,2082159929,18,2312.978457439002,True
geometry_early_optical_clear_probe,2082159929,3,3406.7198464142207,True
geometry_early_optical_clear_probe,2082159929,17,6533.972233567188,True
geometry_early_optical_clear_probe,2082159929,12,7021.3221544849175,True
geometry_early_optical_clear_probe,3013427458,2,11.0,False
geometry_early_optical_clear_probe,3013427458,7,41.0,False
geometry_early_optical_clear_probe,3013427458,20,119.0,True
geometry_early_optical_clear_probe,3013427458,16,294.2,False
geometry_early_optical_clear_probe,3013427458,13,312.2,True
geometry_early_optical_clear_probe,3013427458,1,1649.2626333937876,True
geometry_early_optical_clear_probe,3013427458,17,2047.6626333937877,False
geometry_early_optical_clear_probe,3013427458,11,2071.6626333937875,True
geometry_early_optical_clear_probe,3013427458,15,3353.042145259615,True
geometry_early_optical_clear_probe,3013427458,4,3964.8489141515665,False
geometry_early_optical_clear_probe,3013427458,12,4340.99730052843,True
geometry_early_optical_clear_probe,3013427458,8,4364.99730052843,False
geometry_early_optical_clear_probe,3013427458,6,5594.134548003028,True
geometry_early_optical_clear_probe,3013427458,18,6579.776719715838,True
geometry_early_optical_clear_probe,2934720481,8,47.0,True
geometry_early_optical_clear_probe,2934720481,15,89.0,True
geometry_early_optical_clear_probe,2934720481,19,276.2,False
geometry_early_optical_clear_probe,2934720481,7,571.4,True
geometry_early_optical_clear_probe,2934720481,20,800.5999999999999,False
geometry_early_optical_clear_probe,2934720481,1,914.5999999999999,True
geometry_early_optical_clear_probe,2934720481,3,1077.8,True
geometry_early_optical_clear_probe,2934720481,13,1137.8,False
geometry_early_optical_clear_probe,2934720481,4,2652.8244449569147,False
geometry_early_optical_clear_probe,2934720481,11,2982.7617349613497,True
geometry_early_optical_clear_probe,4223335284,12,71.0,False
geometry_early_optical_clear_probe,4223335284,19,276.2,True
geometry_early_optical_clear_probe,4223335284,9,2684.859074930497,False
geometry_early_optical_clear_probe,4223335284,1,2992.059074930497,True
geometry_early_optical_clear_probe,4223335284,15,3172.7452855410834,True
geometry_early_optical_clear_probe,4223335284,20,3853.764160890432,False
geometry_early_optical_clear_probe,4223335284,10,3895.764160890432,False
geometry_early_optical_clear_probe,4223335284,2,3937.764160890432,True
geometry_early_optical_clear_probe,4223335284,14,4843.083002353608,False
geometry_early_optical_clear_probe,4223335284,4,5118.722910023557,True
geometry_early_optical_clear_probe,4223335284,3,5559.122910023557,True
geometry_early_optical_clear_probe,1325853571,5,29.0,False
geometry_early_optical_clear_probe,1325853571,6,35.0,True
geometry_early_optical_clear_probe,1325853571,7,41.0,False
geometry_early_optical_clear_probe,1325853571,12,71.0,False
geometry_early_optical_clear_probe,1325853571,14,83.0,False
geometry_early_optical_clear_probe,1325853571,15,89.0,True
geometry_early_optical_clear_probe,1325853571,9,336.2,True
geometry_early_optical_clear_probe,1325853571,8,1457.4707774061033,False
geometry_early_optical_clear_probe,1325853571,16,1698.6707774061033,True
geometry_early_optical_clear_probe,1325853571,13,2505.9456354850536,False
geometry_early_optical_clear_probe,1325853571,17,5261.548823485123,True
geometry_early_optical_clear_probe,3814666833,7,41.0,False
geometry_early_optical_clear_probe,3814666833,11,65.0,True
geometry_early_optical_clear_probe,3814666833,14,83.0,False
geometry_early_optical_clear_probe,3814666833,19,113.0,True
geometry_early_optical_clear_probe,3814666833,20,119.0,False
geometry_early_optical_clear_probe,3814666833,6,354.2,False
geometry_early_optical_clear_probe,3814666833,4,366.2,False
geometry_early_optical_clear_probe,3814666833,3,872.7908413083868,False
geometry_early_optical_clear_probe,3814666833,1,1461.246690520434,False
geometry_early_optical_clear_probe,3814666833,9,1890.646690520434,True
geometry_early_optical_clear_probe,3814666833,10,2246.721945265718,False
geometry_early_optical_clear_probe,3814666833,16,2469.921945265718,True
geometry_early_optical_clear_probe,3814666833,8,6469.64463554312,True
geometry_early_optical_clear_probe,3814666833,18,6505.64463554312,True
geometry_early_optical_clear_probe,1342908740,4,23.0,False
geometry_early_optical_clear_probe,1342908740,6,35.0,True
geometry_early_optical_clear_probe,1342908740,13,77.0,False
geometry_early_optical_clear_probe,1342908740,17,101.0,False
geometry_early_optical_clear_probe,1342908740,18,107.0,False
geometry_early_optical_clear_probe,1342908740,19,113.0,True
geometry_early_optical_clear_probe,1342908740,20,119.0,False
geometry_early_optical_clear_probe,1342908740,3,372.2,False
geometry_early_optical_clear_probe,1342908740,15,794.5999999999999,False
geometry_early_optical_clear_probe,1342908740,12,812.5999999999999,True
geometry_early_optical_clear_probe,1342908740,14,1294.89257842609,True
geometry_early_optical_clear_probe,1342908740,7,2035.016015559052,True
geometry_early_optical_clear_probe,1342908740,5,2041.016015559052,False
geometry_early_optical_clear_probe,2093753606,1,5.0,False
geometry_early_optical_clear_probe,2093753606,5,29.0,True
geometry_early_optical_clear_probe,2093753606,7,41.0,True
geometry_early_optical_clear_probe,2093753606,9,53.0,False
geometry_early_optical_clear_probe,2093753606,10,59.0,False
geometry_early_optical_clear_probe,2093753606,13,77.0,False
geometry_early_optical_clear_probe,2093753606,14,83.0,False
geometry_early_optical_clear_probe,2093753606,18,558.8477405255221,True
geometry_early_optical_clear_probe,2093753606,6,895.6738614339677,True
geometry_early_optical_clear_probe,2093753606,2,1082.8738614339677,False
geometry_early_optical_clear_probe,2093753606,19,1160.8738614339677,False
geometry_early_optical_clear_probe,2093753606,3,2597.355034238112,True
geometry_early_optical_clear_probe,2093753606,8,4645.811151881985,True
geometry_early_optical_clear_probe,3378773218,2,11.0,True
geometry_early_optical_clear_probe,3378773218,3,17.0,False
geometry_early_optical_clear_probe,3378773218,4,23.0,False
geometry_early_optical_clear_probe,3378773218,17,101.0,False
geometry_early_optical_clear_probe,3378773218,10,330.2,False
geometry_early_optical_clear_probe,3378773218,9,336.2,False
geometry_early_optical_clear_probe,3378773218,14,1752.0780793325769,True
geometry_early_optical_clear_probe,3378773218,11,1770.0780793325769,True
geometry_early_optical_clear_probe,3378773218,6,2670.1748015127655,False
geometry_early_optical_clear_probe,3378773218,1,3112.00731480192,False
geometry_early_optical_clear_probe,3378773218,20,4229.224264298473,True
geometry_early_optical_clear_probe,3378773218,15,4476.424264298473,True
geometry_early_optical_clear_probe,3378773218,7,5496.424264298472,False
geometry_early_optical_clear_probe,1936658529,4,23.0,False
geometry_early_optical_clear_probe,1936658529,5,29.0,True
geometry_early_optical_clear_probe,1936658529,8,47.0,False
geometry_early_optical_clear_probe,1936658529,11,65.0,True
geometry_early_optical_clear_probe,1936658529,13,77.0,False
geometry_early_optical_clear_probe,1936658529,15,89.0,False
geometry_early_optical_clear_probe,1936658529,16,95.0,True
geometry_early_optical_clear_probe,1936658529,14,306.2,True
geometry_early_optical_clear_probe,1936658529,12,318.2,False
geometry_early_optical_clear_probe,1936658529,19,1166.7245186030625,True
geometry_early_optical_clear_probe,1936658529,6,1501.9761219921106,False
geometry_early_optical_clear_probe,1936658529,3,1862.8231166923215,False
geometry_early_optical_clear_probe,1936658529,7,2788.415159365857,False
geometry_early_optical_clear_probe,1936658529,17,2818.415159365857,False
geometry_early_optical_clear_probe,1936658529,1,3696.3432704699294,True
geometry_early_optical_clear_probe,3176445139,4,23.0,False
geometry_early_optical_clear_probe,3176445139,12,71.0,False
geometry_early_optical_clear_probe,3176445139,17,101.0,True
geometry_early_optical_clear_probe,3176445139,19,113.0,True
geometry_early_optical_clear_probe,3176445139,20,119.0,True
geometry_early_optical_clear_probe,3176445139,13,312.2,True
geometry_early_optical_clear_probe,3176445139,11,324.2,False
geometry_early_optical_clear_probe,3176445139,5,360.2,True
geometry_early_optical_clear_probe,3176445139,10,2698.578513332852,False
geometry_early_optical_clear_probe,3176445139,6,3156.9785133328514,True
geometry_early_optical_clear_probe,3176445139,16,3192.9785133328514,True
geometry_early_optical_clear_probe,3176445139,18,3380.8240623432675,True
geometry_early_optical_clear_probe,3176445139,2,4070.897610578138,True
geometry_early_optical_clear_probe,3176445139,8,5793.365953868803,True
geometry_early_optical_clear_probe,3176445139,1,6197.765953868803,True
geometry_early_optical_clear_probe,1533419431,1,5.0,False
geometry_early_optical_clear_probe,1533419431,4,23.0,False
geometry_early_optical_clear_probe,1533419431,10,59.0,False
geometry_early_optical_clear_probe,1533419431,13,77.0,False
geometry_early_optical_clear_probe,1533419431,15,89.0,False
geometry_early_optical_clear_probe,1533419431,20,119.0,False
geometry_early_optical_clear_probe,1533419431,19,276.2,True
geometry_early_optical_clear_probe,1533419431,2,881.5114203191121,False
geometry_early_optical_clear_probe,1533419431,7,1359.0473631147413,True
geometry_early_optical_clear_probe,1533419431,14,1389.0473631147413,False
geometry_early_optical_clear_probe,1533419431,6,2967.0445954461456,True
geometry_early_optical_clear_probe,1533419431,9,6378.474194207931,True
geometry_early_optical_clear_probe,1929502333,6,35.0,False
geometry_early_optical_clear_probe,1929502333,9,53.0,False
geometry_early_optical_clear_probe,1929502333,15,89.0,False
geometry_early_optical_clear_probe,1929502333,19,113.0,False
geometry_early_optical_clear_probe,1929502333,20,119.0,False
geometry_early_optical_clear_probe,1929502333,13,613.1010281739036,False
geometry_early_optical_clear_probe,1929502333,4,1418.2352358672842,False
geometry_early_optical_clear_probe,1929502333,5,1424.2352358672842,False
geometry_early_optical_clear_probe,1929502333,7,3287.2739873973974,False
geometry_early_optical_clear_probe,1929502333,11,4650.907681399158,True
geometry_early_optical_clear_probe,1801985553,2,11.0,True
geometry_early_optical_clear_probe,1801985553,9,53.0,True
geometry_early_optical_clear_probe,1801985553,10,59.0,True
geometry_early_optical_clear_probe,1801985553,11,65.0,False
geometry_early_optical_clear_probe,1801985553,14,83.0,False
geometry_early_optical_clear_probe,1801985553,15,89.0,False
geometry_early_optical_clear_probe,1801985553,20,2632.6564840608153,True
geometry_early_optical_clear_probe,1801985553,7,3122.116098460598,False
geometry_early_optical_clear_probe,1801985553,3,3309.316098460598,True
geometry_early_optical_clear_probe,1801985553,5,4632.350628436644,True
geometry_early_optical_clear_probe,1801985553,6,4892.778902828731,False
geometry_early_optical_clear_probe,1801985553,12,5091.9789028287305,False
geometry_early_optical_clear_probe,1801985553,16,6701.715251305964,True
geometry_early_optical_clear_probe,1251557090,1,5.0,True
geometry_early_optical_clear_probe,1251557090,2,11.0,False
geometry_early_optical_clear_probe,1251557090,7,41.0,True
geometry_early_optical_clear_probe,1251557090,12,71.0,True
geometry_early_optical_clear_probe,1251557090,15,89.0,False
geometry_early_optical_clear_probe,1251557090,18,107.0,False
geometry_early_optical_clear_probe,1251557090,17,288.2,True
geometry_early_optical_clear_probe,1251557090,9,336.2,False
geometry_early_optical_clear_probe,1251557090,10,548.8353234625806,False
geometry_early_optical_clear_probe,1251557090,20,1248.2282126655552,True
geometry_early_optical_clear_probe,1251557090,19,1254.2282126655552,False
geometry_early_optical_clear_probe,1251557090,5,3759.1544987519387,True
geometry_early_optical_clear_probe,1251557090,8,4193.554498751939,True
geometry_early_optical_clear_probe,1251557090,14,4211.554498751939,False
geometry_early_optical_clear_probe,3863952484,2,11.0,True
geometry_early_optical_clear_probe,3863952484,6,35.0,True
geometry_early_optical_clear_probe,3863952484,7,41.0,True
geometry_early_optical_clear_probe,3863952484,11,65.0,False
geometry_early_optical_clear_probe,3863952484,16,95.0,False
geometry_early_optical_clear_probe,3863952484,19,113.0,False
geometry_early_optical_clear_probe,3863952484,20,119.0,False
geometry_early_optical_clear_probe,3863952484,8,826.7692058335512,True
geometry_early_optical_clear_probe,3863952484,18,1258.2400179412798,True
geometry_early_optical_clear_probe,3863952484,5,1530.3983587857433,False
geometry_early_optical_clear_probe,3863952484,4,2812.6433565790203,True
geometry_early_optical_clear_probe,3863952484,1,2824.6433565790203,False
geometry_early_optical_clear_probe,2819567986,2,11.0,True
geometry_early_optical_clear_probe,2819567986,3,17.0,False
geometry_early_optical_clear_probe,2819567986,7,41.0,False
geometry_early_optical_clear_probe,2819567986,8,47.0,False
geometry_early_optical_clear_probe,2819567986,16,95.0,True
geometry_early_optical_clear_probe,2819567986,18,107.0,False
geometry_early_optical_clear_probe,2819567986,15,300.2,True
geometry_early_optical_clear_probe,2819567986,14,306.2,True
geometry_early_optical_clear_probe,2819567986,6,354.2,True
geometry_early_optical_clear_probe,2819567986,5,986.5398882913476,True
geometry_early_optical_clear_probe,2819567986,12,1028.5398882913476,True
geometry_early_optical_clear_probe,2819567986,17,2736.160321058642,False
geometry_early_optical_clear_probe,2819567986,4,5359.3449038093295,True
geometry_early_optical_clear_probe,2819567986,20,5847.744903809329,False
geometry_early_optical_clear_probe,2819567986,10,6034.944903809329,True
geometry_early_optical_clear_probe,1742423544,6,35.0,False
geometry_early_optical_clear_probe,1742423544,10,59.0,False
geometry_early_optical_clear_probe,1742423544,1,1047.184765462616,False
geometry_early_optical_clear_probe,1742423544,9,1089.184765462616,True
geometry_early_optical_clear_probe,1742423544,17,1131.184765462616,False
geometry_early_optical_clear_probe,1742423544,13,2471.8970105359044,False
geometry_early_optical_clear_probe,1742423544,15,2483.8970105359044,True
geometry_early_optical_clear_probe,1742423544,12,2896.846852071252,True
geometry_early_optical_clear_probe,1742423544,16,5555.565106623434,True
geometry_early_optical_clear_probe,1742423544,3,8506.1317373135,True
geometry_early_optical_clear_probe,3500435563,3,17.0,False
geometry_early_optical_clear_probe,3500435563,5,29.0,True
geometry_early_optical_clear_probe,3500435563,7,41.0,True
geometry_early_optical_clear_probe,3500435563,8,47.0,False
geometry_early_optical_clear_probe,3500435563,18,107.0,True
geometry_early_optical_clear_probe,3500435563,19,113.0,False
geometry_early_optical_clear_probe,3500435563,14,306.2,True
geometry_early_optical_clear_probe,3500435563,2,547.5891927484668,True
geometry_early_optical_clear_probe,3500435563,9,583.5891927484668,False
geometry_early_optical_clear_probe,3500435563,6,878.7891927484668,True
geometry_early_optical_clear_probe,3500435563,10,3385.3768892310895,True
geometry_early_optical_clear_probe,3500435563,16,4878.328605150698,True
geometry_early_optical_clear_probe,3500435563,11,5083.528605150698,False
geometry_early_optical_clear_probe,3500435563,15,5294.728605150698,True
geometry_early_optical_clear_probe,3500435563,20,5693.163717504283,True
geometry_early_optical_clear_probe,1130355329,7,41.0,False
geometry_early_optical_clear_probe,1130355329,16,95.0,False
geometry_early_optical_clear_probe,1130355329,20,270.2,True
geometry_early_optical_clear_probe,1130355329,13,312.2,False
geometry_early_optical_clear_probe,1130355329,2,525.5333382589697,True
geometry_early_optical_clear_probe,1130355329,12,579.5333382589697,True
geometry_early_optical_clear_probe,1130355329,4,1094.0302352334725,True
geometry_early_optical_clear_probe,1130355329,6,1577.68580827973,False
geometry_early_optical_clear_probe,1130355329,1,2464.8325669386923,True
geometry_early_optical_clear_probe,1130355329,11,2506.8325669386923,True
geometry_early_optical_clear_probe,1130355329,18,2536.8325669386923,False
geometry_early_optical_clear_probe,1130355329,17,7384.9337406982695,True
geometry_early_optical_clear_probe,2712265749,2,11.0,True
geometry_early_optical_clear_probe,2712265749,4,23.0,True
geometry_early_optical_clear_probe,2712265749,9,53.0,False
geometry_early_optical_clear_probe,2712265749,12,71.0,True
geometry_early_optical_clear_probe,2712265749,13,77.0,False
geometry_early_optical_clear_probe,2712265749,18,107.0,False
geometry_early_optical_clear_probe,2712265749,19,276.2,True
geometry_early_optical_clear_probe,2712265749,14,1599.7781661963947,True
geometry_early_optical_clear_probe,2712265749,16,4219.191202764476,True
geometry_early_optical_clear_probe,2712265749,10,6220.1050330385915,True
geometry_early_optical_clear_probe,2712265749,15,6461.305033038591,False
geometry_early_optical_clear_probe,1833880956,3,17.0,True
geometry_early_optical_clear_probe,1833880956,7,41.0,False
geometry_early_optical_clear_probe,1833880956,10,59.0,False
geometry_early_optical_clear_probe,1833880956,12,71.0,False
geometry_early_optical_clear_probe,1833880956,16,95.0,False
geometry_early_optical_clear_probe,1833880956,17,101.0,False
geometry_early_optical_clear_probe,1833880956,15,300.2,True
geometry_early_optical_clear_probe,1833880956,6,354.2,True
geometry_early_optical_clear_probe,1833880956,1,384.2,True
geometry_early_optical_clear_probe,1833880956,20,744.3792256110472,True
geometry_early_optical_clear_probe,1833880956,19,750.3792256110472,False
geometry_early_optical_clear_probe,1833880956,18,756.3792256110472,True
geometry_early_optical_clear_probe,1833880956,8,804.3792256110472,True
geometry_early_optical_clear_probe,1833880956,4,1780.1082533479157,False
geometry_early_optical_clear_probe,1833880956,13,1810.1082533479157,False
geometry_early_optical_clear_probe,1833880956,14,2660.908253347915,True
geometry_early_optical_clear_probe,3803411162,2,11.0,False
geometry_early_optical_clear_probe,3803411162,4,23.0,False
geometry_early_optical_clear_probe,3803411162,6,35.0,False
geometry_early_optical_clear_probe,3803411162,10,59.0,False
geometry_early_optical_clear_probe,3803411162,14,83.0,False
geometry_early_optical_clear_probe,3803411162,15,89.0,False
geometry_early_optical_clear_probe,3803411162,17,101.0,False
geometry_early_optical_clear_probe,3803411162,12,318.2,True
geometry_early_optical_clear_probe,3803411162,7,348.2,False
geometry_early_optical_clear_probe,3803411162,9,1471.5214366329933,False
geometry_early_optical_clear_probe,3803411162,19,1676.7214366329933,True
geometry_early_optical_clear_probe,3803411162,16,1953.9214366329934,False
geometry_early_optical_clear_probe,3803411162,11,4057.604847067066,True
geometry_early_optical_clear_probe,1209316770,6,35.0,True
geometry_early_optical_clear_probe,1209316770,12,71.0,False
geometry_early_optical_clear_probe,1209316770,19,113.0,True
geometry_early_optical_clear_probe,1209316770,18,282.2,False
geometry_early_optical_clear_probe,1209316770,4,366.2,False
geometry_early_optical_clear_probe,1209316770,3,547.4,True
geometry_early_optical_clear_probe,1209316770,11,589.4,True
geometry_early_optical_clear_probe,1209316770,15,1928.1988500450154,True
geometry_early_optical_clear_probe,1209316770,20,2368.5988500450153,False
geometry_early_optical_clear_probe,1209316770,1,2440.5988500450153,False
geometry_early_optical_clear_probe,1209316770,8,2621.798850045015,False
geometry_early_optical_clear_probe,1209316770,13,2639.798850045015,True
geometry_early_optical_clear_probe,1209316770,7,5520.804244686241,False
geometry_early_optical_clear_probe,2827118940,10,59.0,False
geometry_early_optical_clear_probe,2827118940,18,107.0,False
geometry_early_optical_clear_probe,2827118940,4,366.2,False
geometry_early_optical_clear_probe,2827118940,12,600.4508398361131,False
geometry_early_optical_clear_probe,2827118940,13,606.4508398361131,True
geometry_early_optical_clear_probe,2827118940,9,2168.5894238665564,True
geometry_early_optical_clear_probe,2827118940,14,3075.080040967743,True
geometry_early_optical_clear_probe,2827118940,3,3328.280040967743,True
geometry_early_optical_clear_probe,2827118940,19,3569.4800409677428,False
geometry_early_optical_clear_probe,2827118940,15,4537.12210687631,False
geometry_early_optical_clear_probe,2827118940,6,4766.32210687631,True
geometry_early_optical_clear_probe,3124771044,5,29.0,False
geometry_early_optical_clear_probe,3124771044,7,41.0,False
geometry_early_optical_clear_probe,3124771044,10,59.0,True
geometry_early_optical_clear_probe,3124771044,13,77.0,True
geometry_early_optical_clear_probe,3124771044,17,288.2,False
geometry_early_optical_clear_probe,3124771044,15,300.2,False
geometry_early_optical_clear_probe,3124771044,6,354.2,False
geometry_early_optical_clear_probe,3124771044,12,807.243235831217,True
geometry_early_optical_clear_probe,3124771044,4,849.243235831217,True
geometry_early_optical_clear_probe,3124771044,2,5944.490719821107,True
geometry_early_optical_clear_probe,3124771044,20,6435.295524669718,True
geometry_early_optical_clear_probe,3710533981,2,11.0,False
geometry_early_optical_clear_probe,3710533981,4,23.0,True
geometry_early_optical_clear_probe,3710533981,7,41.0,False
geometry_early_optical_clear_probe,3710533981,8,47.0,True
geometry_early_optical_clear_probe,3710533981,9,53.0,False
geometry_early_optical_clear_probe,3710533981,11,65.0,True
geometry_early_optical_clear_probe,3710533981,20,119.0,False
geometry_early_optical_clear_probe,3710533981,6,509.8057339869429,True
geometry_early_optical_clear_probe,3710533981,1,849.4639528308585,True
geometry_early_optical_clear_probe,3710533981,13,1060.6639528308585,False
geometry_early_optical_clear_probe,3710533981,16,1336.5692453557206,False
geometry_early_optical_clear_probe,3710533981,18,2932.940486734066,True
geometry_early_optical_clear_probe,3710533981,5,4997.881106646377,True
geometry_early_optical_clear_probe,3710533981,17,5033.881106646377,True
geometry_early_optical_clear_probe,3710533981,10,5221.081106646377,True
geometry_early_optical_clear_probe,3710533981,3,7123.479581408028,True
geometry_early_optical_clear_probe,106960930,1,5.0,False
geometry_early_optical_clear_probe,106960930,2,11.0,True
geometry_early_optical_clear_probe,106960930,7,41.0,False
geometry_early_optical_clear_probe,106960930,12,71.0,True
geometry_early_optical_clear_probe,106960930,19,113.0,True
geometry_early_optical_clear_probe,106960930,20,270.2,True
geometry_early_optical_clear_probe,106960930,13,616.668792355711,False
geometry_early_optical_clear_probe,106960930,15,3350.9373797092812,False
geometry_early_optical_clear_probe,106960930,4,5842.688413807227,False
geometry_early_optical_clear_probe,106960930,18,7187.761823302462,True
geometry_early_optical_clear_probe,4201817363,5,29.0,True
geometry_early_optical_clear_probe,4201817363,12,71.0,True
geometry_early_optical_clear_probe,4201817363,15,89.0,False
geometry_early_optical_clear_probe,4201817363,13,312.2,False
geometry_early_optical_clear_probe,4201817363,4,366.2,True
geometry_early_optical_clear_probe,4201817363,1,384.2,True
geometry_early_optical_clear_probe,4201817363,16,3185.6258807949102,True
geometry_early_optical_clear_probe,4201817363,20,4687.470949602848,True
geometry_early_optical_clear_probe,4201817363,6,5345.070949602848,False
geometry_early_optical_clear_probe,4201817363,11,5845.053013692766,True
geometry_early_optical_clear_probe,2954363078,2,11.0,False
geometry_early_optical_clear_probe,2954363078,7,41.0,True
geometry_early_optical_clear_probe,2954363078,17,101.0,True
geometry_early_optical_clear_probe,2954363078,18,107.0,False
geometry_early_optical_clear_probe,2954363078,13,312.2,False
geometry_early_optical_clear_probe,2954363078,6,354.2,False
geometry_early_optical_clear_probe,2954363078,1,384.2,False
geometry_early_optical_clear_probe,2954363078,19,1029.0769712586516,False
geometry_early_optical_clear_probe,2954363078,3,1831.9566952513956,False
geometry_early_optical_clear_probe,2954363078,8,2505.0474033436353,True
geometry_early_optical_clear_probe,2954363078,16,4125.688455251888,False
geometry_early_optical_clear_probe,2954363078,4,5651.733552608734,True
geometry_early_optical_clear_probe,4204142096,8,47.0,False
geometry_early_optical_clear_probe,4204142096,15,89.0,False
geometry_early_optical_clear_probe,4204142096,20,119.0,False
geometry_early_optical_clear_probe,4204142096,7,503.7660809071625,False
geometry_early_optical_clear_probe,4204142096,6,953.1894273752949,True
geometry_early_optical_clear_probe,4204142096,18,2055.1068885857203,False
geometry_early_optical_clear_probe,4204142096,16,2067.1068885857203,True
geometry_early_optical_clear_probe,4204142096,5,2320.30688858572,False
geometry_early_optical_clear_probe,4204142096,11,2585.50688858572,True
geometry_early_optical_clear_probe,4204142096,3,2627.50688858572,False
geometry_early_optical_clear_probe,4204142096,2,3770.0315735568593,True
geometry_early_optical_clear_probe,4204142096,19,3830.0315735568593,False
geometry_early_optical_clear_probe,4204142096,1,4047.231573556859,True
geometry_early_optical_clear_probe,4204142096,10,5609.411036302171,True
geometry_early_optical_clear_probe,4204142096,14,5814.611036302171,True
geometry_early_optical_clear_probe,4204142096,12,6638.593411191198,True
geometry_early_optical_clear_probe,1074973108,7,41.0,True
geometry_early_optical_clear_probe,1074973108,10,59.0,False
geometry_early_optical_clear_probe,1074973108,14,83.0,False
geometry_early_optical_clear_probe,1074973108,16,95.0,False
geometry_early_optical_clear_probe,1074973108,18,107.0,False
geometry_early_optical_clear_probe,1074973108,17,288.2,True
geometry_early_optical_clear_probe,1074973108,5,360.2,False
geometry_early_optical_clear_probe,1074973108,3,372.2,False
geometry_early_optical_clear_probe,1074973108,2,378.2,False
geometry_early_optical_clear_probe,1074973108,1,384.2,False
geometry_early_optical_clear_probe,1074973108,15,1347.4074994407015,True
geometry_early_optical_clear_probe,1074973108,11,1811.8074994407016,False
geometry_early_optical_clear_probe,1378147513,1,5.0,False
geometry_early_optical_clear_probe,1378147513,2,11.0,False
geometry_early_optical_clear_probe,1378147513,5,29.0,False
geometry_early_optical_clear_probe,1378147513,6,35.0,True
geometry_early_optical_clear_probe,1378147513,7,41.0,True
geometry_early_optical_clear_probe,1378147513,17,101.0,False
geometry_early_optical_clear_probe,1378147513,20,119.0,True
geometry_early_optical_clear_probe,1378147513,16,294.2,False
geometry_early_optical_clear_probe,1378147513,9,680.2349851392976,False
geometry_early_optical_clear_probe,1378147513,15,716.2349851392976,True
geometry_early_optical_clear_probe,1378147513,8,994.7047560395098,True
geometry_early_optical_clear_probe,1378147513,13,1639.3870645448226,False
geometry_early_optical_clear_probe,1378147513,3,1681.3870645448226,False
geometry_early_optical_clear_probe,1378147513,19,4318.66360958001,False
geometry_early_optical_clear_probe,1378147513,18,4475.86360958001,True
geometry_early_optical_clear_probe,584643374,4,23.0,True
geometry_early_optical_clear_probe,584643374,9,53.0,False
geometry_early_optical_clear_probe,584643374,11,65.0,True
geometry_early_optical_clear_probe,584643374,19,113.0,True
geometry_early_optical_clear_probe,584643374,20,270.2,False
geometry_early_optical_clear_probe,584643374,14,306.2,False
geometry_early_optical_clear_probe,584643374,13,312.2,False
geometry_early_optical_clear_probe,584643374,12,318.2,True
geometry_early_optical_clear_probe,584643374,10,589.4,False
geometry_early_optical_clear_probe,584643374,1,1066.6921088279782,True
geometry_early_optical_clear_probe,584643374,15,2555.0483081354973,True
geometry_early_optical_clear_probe,584643374,5,2591.0483081354973,False
geometry_early_optical_clear_probe,584643374,3,5742.267851747376,True
geometry_early_optical_clear_probe,2810129712,5,29.0,False
geometry_early_optical_clear_probe,2810129712,7,41.0,False
geometry_early_optical_clear_probe,2810129712,9,53.0,True
geometry_early_optical_clear_probe,2810129712,11,65.0,False
geometry_early_optical_clear_probe,2810129712,16,95.0,True
geometry_early_optical_clear_probe,2810129712,6,774.4058709989597,True
geometry_early_optical_clear_probe,2810129712,17,1649.2254944246163,True
geometry_early_optical_clear_probe,2810129712,3,3725.29796358374,False
geometry_early_optical_clear_probe,2810129712,15,3942.49796358374,False
geometry_early_optical_clear_probe,2810129712,10,4650.333957060885,True
geometry_early_optical_clear_probe,2810129712,19,5890.211347482068,True
geometry_early_optical_clear_probe,2810129712,1,7766.472682854588,True
geometry_early_optical_clear_probe,1626811084,8,47.0,False
geometry_early_optical_clear_probe,1626811084,10,59.0,True
geometry_early_optical_clear_probe,1626811084,12,71.0,True
geometry_early_optical_clear_probe,1626811084,20,119.0,False
geometry_early_optical_clear_probe,1626811084,5,360.2,True
geometry_early_optical_clear_probe,1626811084,16,2097.096828493148,True
geometry_early_optical_clear_probe,1626811084,9,2543.496828493148,True
geometry_early_optical_clear_probe,1626811084,4,2819.9321890931114,False
geometry_early_optical_clear_probe,1626811084,18,3965.9321890931105,False
geometry_early_optical_clear_probe,1626811084,17,4503.82466563324,False
geometry_early_optical_clear_probe,1626811084,15,4903.4256228006825,False
geometry_early_optical_clear_probe,1626811084,2,4951.4256228006825,True
geometry_early_optical_clear_probe,1626811084,11,6387.689228298332,True
geometry_early_optical_clear_probe,2186388993,1,5.0,False
geometry_early_optical_clear_probe,2186388993,2,11.0,True
geometry_early_optical_clear_probe,2186388993,3,17.0,True
geometry_early_optical_clear_probe,2186388993,5,29.0,False
geometry_early_optical_clear_probe,2186388993,16,95.0,True
geometry_early_optical_clear_probe,2186388993,17,101.0,False
geometry_early_optical_clear_probe,2186388993,14,306.2,True
geometry_early_optical_clear_probe,2186388993,7,348.2,True
geometry_early_optical_clear_probe,2186388993,4,366.2,True
geometry_early_optical_clear_probe,2186388993,12,606.5647762063921,False
geometry_early_optical_clear_probe,2186388993,6,1213.5039421184508,True
geometry_early_optical_clear_probe,2186388993,15,1261.5039421184508,False
geometry_early_optical_clear_probe,2186388993,20,4013.1404082142894,True
geometry_early_optical_clear_probe,2186388993,8,4382.348594615793,True
geometry_early_optical_clear_probe,2186388993,9,4678.613259485559,False
geometry_early_optical_clear_probe,2186388993,19,5452.079822548874,False
geometry_early_optical_clear_probe,3196807151,3,17.0,True
geometry_early_optical_clear_probe,3196807151,4,23.0,False
geometry_early_optical_clear_probe,3196807151,11,65.0,False
geometry_early_optical_clear_probe,3196807151,14,83.0,False
geometry_early_optical_clear_probe,3196807151,18,107.0,False
geometry_early_optical_clear_probe,3196807151,19,276.2,True
geometry_early_optical_clear_probe,3196807151,17,288.2,False
geometry_early_optical_clear_probe,3196807151,1,1017.6609871205849,True
geometry_early_optical_clear_probe,3196807151,9,1065.6609871205849,True
geometry_early_optical_clear_probe,3196807151,2,1843.260987120585,False
geometry_early_optical_clear_probe,3196807151,16,2231.8111592748237,True
geometry_early_optical_clear_probe,3196807151,12,2249.8111592748237,False
geometry_early_optical_clear_probe,3196807151,13,6004.293791978506,True
geometry_early_optical_clear_probe,3196807151,6,6034.293791978506,True
geometry_early_optical_clear_probe,2285335356,2,11.0,True
geometry_early_optical_clear_probe,2285335356,8,47.0,False
geometry_early_optical_clear_probe,2285335356,12,71.0,False
geometry_early_optical_clear_probe,2285335356,18,107.0,False
geometry_early_optical_clear_probe,2285335356,16,294.2,True
geometry_early_optical_clear_probe,2285335356,13,312.2,False
geometry_early_optical_clear_probe,2285335356,6,354.2,False
geometry_early_optical_clear_probe,2285335356,4,366.2,False
geometry_early_optical_clear_probe,2285335356,14,570.5309134781319,False
geometry_early_optical_clear_probe,2285335356,5,1529.7475844722871,False
geometry_early_optical_clear_probe,2285335356,19,1577.7475844722871,False
geometry_early_optical_clear_probe,2285335356,15,1752.9475844722872,True
geometry_early_optical_clear_probe,2285335356,17,1994.1475844722872,True
geometry_early_optical_clear_probe,2285335356,10,2607.2954599095224,True
geometry_early_optical_clear_probe,495576712,8,47.0,False
geometry_early_optical_clear_probe,495576712,12,71.0,False
geometry_early_optical_clear_probe,495576712,13,77.0,True
geometry_early_optical_clear_probe,495576712,16,95.0,False
geometry_early_optical_clear_probe,495576712,19,113.0,False
geometry_early_optical_clear_probe,495576712,4,366.2,True
geometry_early_optical_clear_probe,495576712,15,816.2995533118885,True
geometry_early_optical_clear_probe,495576712,10,834.2995533118885,False
geometry_early_optical_clear_probe,495576712,9,840.2995533118885,True
geometry_early_optical_clear_probe,495576712,20,1425.6188316001853,False
geometry_early_optical_clear_probe,495576712,14,1702.8188316001854,False
geometry_early_optical_clear_probe,495576712,6,1900.8725652764097,True
geometry_early_optical_clear_probe,1598128559,8,47.0,False
geometry_early_optical_clear_probe,1598128559,10,59.0,False
geometry_early_optical_clear_probe,1598128559,16,95.0,False
geometry_early_optical_clear_probe,1598128559,18,107.0,True
geometry_early_optical_clear_probe,1598128559,19,276.2,False
geometry_early_optical_clear_probe,1598128559,17,288.2,False
geometry_early_optical_clear_probe,1598128559,5,360.2,True
geometry_early_optical_clear_probe,1598128559,3,519.6198286531048,True
geometry_early_optical_clear_probe,1598128559,9,549.6198286531048,True
geometry_early_optical_clear_probe,1598128559,20,1342.1564944390188,True
geometry_early_optical_clear_probe,1598128559,12,1744.676179391583,False
geometry_early_optical_clear_probe,1598128559,4,4095.5439338931183,True
geometry_early_optical_clear_probe,1598128559,2,4741.143933893118,False
geometry_early_optical_clear_probe,2155430304,1,5.0,False
geometry_early_optical_clear_probe,2155430304,4,23.0,False
geometry_early_optical_clear_probe,2155430304,8,47.0,False
geometry_early_optical_clear_probe,2155430304,10,59.0,False
geometry_early_optical_clear_probe,2155430304,14,83.0,True
geometry_early_optical_clear_probe,2155430304,15,89.0,True
geometry_early_optical_clear_probe,2155430304,11,324.2,False
geometry_early_optical_clear_probe,2155430304,7,348.2,True
geometry_early_optical_clear_probe,2155430304,6,354.2,True
geometry_early_optical_clear_probe,2155430304,20,1897.1946597782917,True
geometry_early_optical_clear_probe,2155430304,3,2072.6392204720505,False
geometry_early_optical_clear_probe,2155430304,12,2222.8892327774925,True
geometry_early_optical_clear_probe,2155430304,18,2428.0892327774923,True
geometry_early_optical_clear_probe,2155430304,17,2862.489232777492,True
geometry_early_optical_clear_probe,2155430304,5,3538.843768741236,False
geometry_early_optical_clear_probe,2349252320,2,11.0,False
geometry_early_optical_clear_probe,2349252320,6,35.0,False
geometry_early_optical_clear_probe,2349252320,8,47.0,False
geometry_early_optical_clear_probe,2349252320,9,53.0,False
geometry_early_optical_clear_probe,2349252320,13,77.0,False
geometry_early_optical_clear_probe,2349252320,14,83.0,False
geometry_early_optical_clear_probe,2349252320,16,95.0,True
geometry_early_optical_clear_probe,2349252320,20,119.0,False
geometry_early_optical_clear_probe,2349252320,12,589.4,True
geometry_early_optical_clear_probe,2349252320,7,1557.408128706207,False
geometry_early_optical_clear_probe,2349252320,15,1587.408128706207,True
geometry_early_optical_clear_probe,2349252320,4,2258.995904043379,True
geometry_early_optical_clear_probe,2349252320,19,3233.237700399883,False
geometry_early_optical_clear_probe,2349252320,5,3561.652241657089,False
geometry_early_optical_clear_probe,2349252320,11,3827.559825674519,True
geometry_early_optical_clear_probe,3893677577,3,17.0,False
geometry_early_optical_clear_probe,3893677577,4,23.0,False
geometry_early_optical_clear_probe,3893677577,5,29.0,False
geometry_early_optical_clear_probe,3893677577,13,77.0,True
geometry_early_optical_clear_probe,3893677577,17,101.0,False
geometry_early_optical_clear_probe,3893677577,18,107.0,False
geometry_early_optical_clear_probe,3893677577,19,113.0,False
geometry_early_optical_clear_probe,3893677577,10,330.2,False
geometry_early_optical_clear_probe,3893677577,12,594.9747820187653,False
geometry_early_optical_clear_probe,3893677577,14,600.9747820187653,True
geometry_early_optical_clear_probe,3893677577,11,905.8180315879204,True
geometry_early_optical_clear_probe,3893677577,2,1416.1958856570363,True
geometry_early_optical_clear_probe,3893677577,20,1476.1958856570363,True
geometry_early_optical_clear_probe,3893677577,15,1639.3958856570364,False
geometry_early_optical_clear_probe,3893677577,6,1681.3958856570364,False
geometry_early_optical_clear_probe,3893677577,9,5923.963963117876,True
geometry_early_optical_clear_probe,2504597143,6,35.0,False
geometry_early_optical_clear_probe,2504597143,16,95.0,False
geometry_early_optical_clear_probe,2504597143,18,107.0,False
geometry_early_optical_clear_probe,2504597143,19,113.0,False
geometry_early_optical_clear_probe,2504597143,9,336.2,False
geometry_early_optical_clear_probe,2504597143,7,348.2,False
geometry_early_optical_clear_probe,2504597143,11,508.18501304579564,True
geometry_early_optical_clear_probe,2504597143,13,1191.4957591870761,True
geometry_early_optical_clear_probe,2504597143,2,1245.4957591870761,True
geometry_early_optical_clear_probe,2504597143,5,1426.6957591870762,False
geometry_early_optical_clear_probe,2504597143,1,5419.654307008509,True
geometry_early_optical_clear_probe,2504597143,3,5425.654307008509,False
geometry_early_optical_clear_probe,2504597143,10,5443.654307008509,False
geometry_early_optical_clear_probe,2504597143,15,5642.854307008509,True
geometry_early_optical_clear_probe,2504597143,4,6613.749161061201,True
geometry_early_optical_clear_probe,2504597143,20,6862.134816346457,True
geometry_early_optical_clear_probe,3159747289,8,47.0,True
geometry_early_optical_clear_probe,3159747289,9,53.0,False
geometry_early_optical_clear_probe,3159747289,12,71.0,False
geometry_early_optical_clear_probe,3159747289,15,89.0,True
geometry_early_optical_clear_probe,3159747289,17,101.0,False
geometry_early_optical_clear_probe,3159747289,18,282.2,True
geometry_early_optical_clear_probe,3159747289,14,306.2,False
geometry_early_optical_clear_probe,3159747289,11,527.9238969183019,True
geometry_early_optical_clear_probe,3159747289,19,569.9238969183019,False
geometry_early_optical_clear_probe,3159747289,2,1013.2096073113294,False
geometry_early_optical_clear_probe,3159747289,7,3068.309754614493,True
geometry_early_optical_clear_probe,3159747289,4,5253.98682101658,False
geometry_early_optical_clear_probe,1098297612,3,17.0,False
geometry_early_optical_clear_probe,1098297612,6,35.0,False
geometry_early_optical_clear_probe,1098297612,8,47.0,True
geometry_early_optical_clear_probe,1098297612,10,59.0,False
geometry_early_optical_clear_probe,1098297612,11,65.0,True
geometry_early_optical_clear_probe,1098297612,17,101.0,True
geometry_early_optical_clear_probe,1098297612,19,113.0,False
geometry_early_optical_clear_probe,1098297612,20,119.0,False
geometry_early_optical_clear_probe,1098297612,13,312.2,False
geometry_early_optical_clear_probe,1098297612,7,348.2,True
geometry_early_optical_clear_probe,1098297612,14,549.4277081505772,True
geometry_early_optical_clear_probe,1098297612,9,1233.3222179857726,True
geometry_early_optical_clear_probe,1098297612,18,4512.098692899387,False
geometry_early_optical_clear_probe,1098297612,1,4958.498692899387,True
geometry_early_optical_clear_probe,2615502735,3,17.0,False
geometry_early_optical_clear_probe,2615502735,12,71.0,False
geometry_early_optical_clear_probe,2615502735,13,77.0,False
geometry_early_optical_clear_probe,2615502735,14,83.0,False
geometry_early_optical_clear_probe,2615502735,17,288.2,False
geometry_early_optical_clear_probe,2615502735,16,294.2,False
geometry_early_optical_clear_probe,2615502735,1,512.6858030888704,False
geometry_early_optical_clear_probe,2615502735,8,1158.1723483291423,True
geometry_early_optical_clear_probe,2615502735,7,2074.6145235318077,True
geometry_early_optical_clear_probe,2615502735,2,4434.528862897987,True
geometry_early_optical_clear_probe,2615502735,4,5328.3396233691365,True
geometry_early_optical_clear_probe,2615502735,18,5370.3396233691365,True
geometry_early_optical_clear_probe,2414888494,1,5.0,False
geometry_early_optical_clear_probe,2414888494,5,29.0,True
geometry_early_optical_clear_probe,2414888494,8,47.0,True
geometry_early_optical_clear_probe,2414888494,10,59.0,False
geometry_early_optical_clear_probe,2414888494,11,65.0,False
geometry_early_optical_clear_probe,2414888494,14,83.0,True
geometry_early_optical_clear_probe,2414888494,4,366.2,True
geometry_early_optical_clear_probe,2414888494,17,541.4404934117623,True
geometry_early_optical_clear_probe,2414888494,3,1013.8671276771867,False
geometry_early_optical_clear_probe,2414888494,15,1259.8863873714383,True
geometry_early_optical_clear_probe,2414888494,9,2048.561019824904,True
geometry_early_optical_clear_probe,2414888494,13,2066.561019824904,False
geometry_early_optical_clear_probe,2414888494,16,4339.903986752449,True
geometry_early_optical_clear_probe,2414888494,12,4345.903986752449,False
geometry_early_optical_clear_probe,2414888494,18,4750.3039867524485,True
geometry_early_optical_clear_probe,2227785599,15,89.0,True
geometry_early_optical_clear_probe,2227785599,17,101.0,False
geometry_early_optical_clear_probe,2227785599,16,294.2,True
geometry_early_optical_clear_probe,2227785599,9,336.2,False
geometry_early_optical_clear_probe,2227785599,8,342.2,False
geometry_early_optical_clear_probe,2227785599,5,1940.9251471932048,False
geometry_early_optical_clear_probe,2227785599,1,2485.1832998972086,True
geometry_early_optical_clear_probe,2227785599,4,3977.8545006660693,True
geometry_early_optical_clear_probe,2227785599,2,4470.276479264491,True
geometry_early_optical_clear_probe,2227785599,20,4536.276479264491,True
geometry_early_optical_clear_probe,3617670895,4,23.0,True
geometry_early_optical_clear_probe,3617670895,5,29.0,False
geometry_early_optical_clear_probe,3617670895,6,35.0,False
geometry_early_optical_clear_probe,3617670895,8,47.0,False
geometry_early_optical_clear_probe,3617670895,9,53.0,False
geometry_early_optical_clear_probe,3617670895,11,65.0,False
geometry_early_optical_clear_probe,3617670895,16,95.0,True
geometry_early_optical_clear_probe,3617670895,20,119.0,False
geometry_early_optical_clear_probe,3617670895,14,306.2,True
geometry_early_optical_clear_probe,3617670895,19,762.6037576672942,False
geometry_early_optical_clear_probe,3617670895,15,786.6037576672942,True
geometry_early_optical_clear_probe,3617670895,2,858.6037576672942,False
geometry_early_optical_clear_probe,3617670895,10,1237.9042605893653,True
geometry_early_optical_clear_probe,3617670895,12,1243.9042605893653,True
geometry_early_optical_clear_probe,3617670895,18,1443.1042605893654,False
geometry_early_optical_clear_probe,135050088,1,5.0,False
geometry_early_optical_clear_probe,135050088,5,29.0,True
geometry_early_optical_clear_probe,135050088,8,47.0,False
geometry_early_optical_clear_probe,135050088,9,53.0,False
geometry_early_optical_clear_probe,135050088,13,77.0,False
geometry_early_optical_clear_probe,135050088,16,95.0,False
geometry_early_optical_clear_probe,135050088,19,113.0,False
geometry_early_optical_clear_probe,135050088,20,270.2,True
geometry_early_optical_clear_probe,135050088,17,288.2,True
geometry_early_optical_clear_probe,135050088,10,903.6014942115788,False
geometry_early_optical_clear_probe,135050088,2,3119.693444100244,False
geometry_early_optical_clear_probe,135050088,4,3131.693444100244,False
geometry_early_optical_clear_probe,135050088,6,3757.496939680303,False
geometry_early_optical_clear_probe,135050088,14,4313.3042956448335,False
geometry_early_optical_clear_probe,135050088,12,5781.846146004011,True
geometry_early_optical_clear_probe,169490039,1,5.0,False
geometry_early_optical_clear_probe,169490039,4,23.0,False
geometry_early_optical_clear_probe,169490039,7,41.0,True
geometry_early_optical_clear_probe,169490039,19,276.2,False
geometry_early_optical_clear_probe,169490039,17,288.2,False
geometry_early_optical_clear_probe,169490039,5,360.2,True
geometry_early_optical_clear_probe,169490039,11,809.0432363686322,True
geometry_early_optical_clear_probe,169490039,9,821.0432363686322,True
geometry_early_optical_clear_probe,169490039,3,845.0432363686322,True
geometry_early_optical_clear_probe,169490039,18,5601.57663320562,True
geometry_early_optical_clear_probe,169490039,2,6671.883551610974,True
geometry_early_optical_clear_probe,3028789321,4,23.0,False
geometry_early_optical_clear_probe,3028789321,5,29.0,False
geometry_early_optical_clear_probe,3028789321,6,35.0,True
geometry_early_optical_clear_probe,3028789321,12,71.0,False
geometry_early_optical_clear_probe,3028789321,20,119.0,False
geometry_early_optical_clear_probe,3028789321,3,372.2,False
geometry_early_optical_clear_probe,3028789321,18,567.1597444303737,False
geometry_early_optical_clear_probe,3028789321,10,1197.0572406396172,False
geometry_early_optical_clear_probe,3028789321,14,1917.8615509087679,True
geometry_early_optical_clear_probe,3028789321,2,2600.3865813737625,False
geometry_early_optical_clear_probe,3028789321,7,3357.8245849577092,True
geometry_early_optical_clear_probe,627420119,1,5.0,False
geometry_early_optical_clear_probe,627420119,7,41.0,True
geometry_early_optical_clear_probe,627420119,9,53.0,False
geometry_early_optical_clear_probe,627420119,18,107.0,False
geometry_early_optical_clear_probe,627420119,20,119.0,False
geometry_early_optical_clear_probe,627420119,13,312.2,True
geometry_early_optical_clear_probe,627420119,8,342.2,False
geometry_early_optical_clear_probe,627420119,3,372.2,True
geometry_early_optical_clear_probe,627420119,2,632.4917650756422,True
geometry_early_optical_clear_probe,627420119,11,1057.689286072891,True
geometry_early_optical_clear_probe,627420119,4,1093.689286072891,True
geometry_early_optical_clear_probe,627420119,6,4849.093404645633,True
geometry_early_optical_clear_probe,627420119,10,5061.802503064988,True
geometry_early_optical_clear_probe,1758643267,5,29.0,False
geometry_early_optical_clear_probe,1758643267,9,53.0,False
geometry_early_optical_clear_probe,1758643267,20,270.2,False
geometry_early_optical_clear_probe,1758643267,14,306.2,True
geometry_early_optical_clear_probe,1758643267,13,996.7587166163421,False
geometry_early_optical_clear_probe,1758643267,6,3355.3076080701703,True
geometry_early_optical_clear_probe,1758643267,10,3373.3076080701703,True
geometry_early_optical_clear_probe,1758643267,15,4084.9076080701698,False
geometry_early_optical_clear_probe,1758643267,17,4368.10760807017,True
geometry_early_optical_clear_probe,1758643267,11,7428.00945766242,True
geometry_early_optical_clear_probe,1782007332,8,47.0,False
geometry_early_optical_clear_probe,1782007332,14,83.0,False
geometry_early_optical_clear_probe,1782007332,15,89.0,False
geometry_early_optical_clear_probe,1782007332,17,101.0,False
geometry_early_optical_clear_probe,1782007332,12,318.2,True
geometry_early_optical_clear_probe,1782007332,11,324.2,True
geometry_early_optical_clear_probe,1782007332,18,625.4,False
geometry_early_optical_clear_probe,1782007332,7,1108.1120209153328,True
geometry_early_optical_clear_probe,1782007332,2,1879.9397979841256,True
geometry_early_optical_clear_probe,1782007332,5,4621.227722633724,False
geometry_early_optical_clear_probe,1782007332,1,4796.4277226337235,False
geometry_early_optical_clear_probe,1405205350,13,77.0,False
geometry_early_optical_clear_probe,1405205350,16,95.0,False
geometry_early_optical_clear_probe,1405205350,20,119.0,False
geometry_early_optical_clear_probe,1405205350,19,276.2,False
geometry_early_optical_clear_probe,1405205350,4,366.2,False
geometry_early_optical_clear_probe,1405205350,1,384.2,True
geometry_early_optical_clear_probe,1405205350,15,784.7917001847852,False
geometry_early_optical_clear_probe,1405205350,11,2156.821049049824,True
geometry_early_optical_clear_probe,1405205350,12,2422.021049049824,True
geometry_early_optical_clear_probe,1405205350,2,3211.2423294231407,True
geometry_early_optical_clear_probe,1405205350,14,3913.014360909327,True
geometry_early_optical_clear_probe,1405205350,5,4124.214360909327,True
geometry_early_optical_clear_probe,1405205350,3,5241.696537511132,False
geometry_early_optical_clear_probe,3197210917,3,17.0,True
geometry_early_optical_clear_probe,3197210917,6,35.0,True
geometry_early_optical_clear_probe,3197210917,8,47.0,False
geometry_early_optical_clear_probe,3197210917,9,53.0,False
geometry_early_optical_clear_probe,3197210917,13,77.0,True
geometry_early_optical_clear_probe,3197210917,14,83.0,False
geometry_early_optical_clear_probe,3197210917,15,300.2,False
geometry_early_optical_clear_probe,3197210917,11,324.2,False
geometry_early_optical_clear_probe,3197210917,5,360.2,True
geometry_early_optical_clear_probe,3197210917,12,570.9619502374742,True
geometry_early_optical_clear_probe,3197210917,16,594.9619502374742,True
geometry_early_optical_clear_probe,3197210917,19,612.9619502374742,False
geometry_early_optical_clear_probe,3197210917,2,999.3865947815224,True
geometry_early_optical_clear_probe,3197210917,18,1672.2409079734405,False
geometry_early_optical_clear_probe,3197210917,20,2241.727551446468,True
geometry_early_optical_clear_probe,3197210917,4,3759.775763425771,False
geometry_early_optical_clear_probe,3925337497,7,41.0,False
geometry_early_optical_clear_probe,3925337497,17,101.0,False
geometry_early_optical_clear_probe,3925337497,20,119.0,False
geometry_early_optical_clear_probe,3925337497,12,318.2,False
geometry_early_optical_clear_probe,3925337497,6,354.2,False
geometry_early_optical_clear_probe,3925337497,2,378.2,False
geometry_early_optical_clear_probe,3925337497,11,1211.7398883790802,True
geometry_early_optical_clear_probe,3925337497,15,1470.9398883790802,True
geometry_early_optical_clear_probe,3925337497,18,2595.595660244668,True
geometry_early_optical_clear_probe,3925337497,5,2800.795660244668,True
geometry_early_optical_clear_probe,3925337497,10,3581.947241890489,False
geometry_early_optical_clear_probe,3925337497,1,4022.3472418904885,True
geometry_early_optical_clear_probe,3925337497,19,4227.547241890488,True
geometry_early_optical_clear_probe,3925337497,13,6368.199344914062,False
geometry_early_optical_clear_probe,3925337497,9,6374.199344914062,False
geometry_early_optical_clear_probe,3784800455,3,17.0,False
geometry_early_optical_clear_probe,3784800455,4,23.0,False
geometry_early_optical_clear_probe,3784800455,8,47.0,False
geometry_early_optical_clear_probe,3784800455,9,53.0,False
geometry_early_optical_clear_probe,3784800455,11,65.0,False
geometry_early_optical_clear_probe,3784800455,16,95.0,True
geometry_early_optical_clear_probe,3784800455,18,107.0,True
geometry_early_optical_clear_probe,3784800455,10,544.7045906502531,False
geometry_early_optical_clear_probe,3784800455,20,1512.491574271848,False
geometry_early_optical_clear_probe,3784800455,14,1542.491574271848,True
geometry_early_optical_clear_probe,3784800455,13,1548.491574271848,False
geometry_early_optical_clear_probe,3784800455,15,6200.827685189959,True
geometry_early_optical_clear_probe,3784800455,12,6756.99620787722,True
geometry_early_optical_clear_probe,1898004946,1,5.0,False
geometry_early_optical_clear_probe,1898004946,2,11.0,False
geometry_early_optical_clear_probe,1898004946,4,23.0,False
geometry_early_optical_clear_probe,1898004946,6,35.0,False
geometry_early_optical_clear_probe,1898004946,9,53.0,False
geometry_early_optical_clear_probe,1898004946,11,65.0,True
geometry_early_optical_clear_probe,1898004946,13,77.0,True
geometry_early_optical_clear_probe,1898004946,15,89.0,False
geometry_early_optical_clear_probe,1898004946,16,95.0,False
geometry_early_optical_clear_probe,1898004946,17,101.0,False
geometry_early_optical_clear_probe,1898004946,18,107.0,True
geometry_early_optical_clear_probe,1898004946,20,270.2,False
geometry_early_optical_clear_probe,1898004946,7,3378.8015810716174,True
geometry_early_optical_clear_probe,2118971231,1,5.0,False
geometry_early_optical_clear_probe,2118971231,2,11.0,False
geometry_early_optical_clear_probe,2118971231,5,29.0,True
geometry_early_optical_clear_probe,2118971231,7,41.0,False
geometry_early_optical_clear_probe,2118971231,8,47.0,True
geometry_early_optical_clear_probe,2118971231,13,77.0,False
geometry_early_optical_clear_probe,2118971231,17,101.0,True
geometry_early_optical_clear_probe,2118971231,19,113.0,True
geometry_early_optical_clear_probe,2118971231,6,354.2,True
geometry_early_optical_clear_probe,2118971231,4,964.9432046222164,False
geometry_early_optical_clear_probe,2118971231,10,1461.9718113890199,False
geometry_early_optical_clear_probe,2118971231,9,4144.07240621963,True
geometry_early_optical_clear_probe,2118971231,18,5735.186515197828,True
geometry_early_optical_clear_probe,1103865382,3,17.0,False
geometry_early_optical_clear_probe,1103865382,14,83.0,True
geometry_early_optical_clear_probe,1103865382,15,89.0,True
geometry_early_optical_clear_probe,1103865382,2,511.2859279730004,True
geometry_early_optical_clear_probe,1103865382,5,1033.5820196534296,True
geometry_early_optical_clear_probe,1103865382,12,1395.320630908902,False
geometry_early_optical_clear_probe,1103865382,17,1670.2630457027767,False
geometry_early_optical_clear_probe,1103865382,16,2834.111409557643,True
geometry_early_optical_clear_probe,1103865382,19,3925.753861529249,True
geometry_early_optical_clear_probe,1103865382,8,8232.423252157521,True
geometry_early_optical_clear_probe,477826946,1,5.0,True
geometry_early_optical_clear_probe,477826946,3,17.0,False
geometry_early_optical_clear_probe,477826946,15,89.0,False
geometry_early_optical_clear_probe,477826946,16,95.0,True
geometry_early_optical_clear_probe,477826946,17,101.0,False
geometry_early_optical_clear_probe,477826946,18,107.0,True
geometry_early_optical_clear_probe,477826946,6,354.2,True
geometry_early_optical_clear_probe,477826946,19,584.0783213923676,False
geometry_early_optical_clear_probe,477826946,20,773.1901482483714,False
geometry_early_optical_clear_probe,477826946,11,827.1901482483714,False
geometry_early_optical_clear_probe,477826946,7,851.1901482483714,False
geometry_early_optical_clear_probe,477826946,10,1037.6846197034592,True
geometry_early_optical_clear_probe,477826946,12,2887.5111504912725,True
geometry_early_optical_clear_probe,477826946,14,3062.7111504912723,False
geometry_early_optical_clear_probe,477826946,2,3261.911150491272,True
geometry_early_optical_clear_probe,477826946,13,5778.192480406394,True
geometry_early_optical_clear_probe,868791760,5,29.0,False
geometry_early_optical_clear_probe,868791760,11,65.0,True
geometry_early_optical_clear_probe,868791760,13,77.0,True
geometry_early_optical_clear_probe,868791760,10,330.2,False
geometry_early_optical_clear_probe,868791760,14,613.4,True
geometry_early_optical_clear_probe,868791760,20,2689.2594856349356,True
geometry_early_optical_clear_probe,868791760,15,2870.4594856349354,False
geometry_early_optical_clear_probe,868791760,2,2918.4594856349354,True
geometry_early_optical_clear_probe,868791760,19,3153.659485634935,True
geometry_early_optical_clear_probe,868791760,9,5821.292370294409,True
geometry_early_optical_clear_probe,868791760,18,5845.292370294409,False
geometry_early_optical_clear_probe,3023840258,3,17.0,True
geometry_early_optical_clear_probe,3023840258,4,23.0,True
geometry_early_optical_clear_probe,3023840258,6,35.0,False
geometry_early_optical_clear_probe,3023840258,8,47.0,True
geometry_early_optical_clear_probe,3023840258,10,59.0,False
geometry_early_optical_clear_probe,3023840258,18,107.0,False
geometry_early_optical_clear_probe,3023840258,12,318.2,False
geometry_early_optical_clear_probe,3023840258,2,378.2,False
geometry_early_optical_clear_probe,3023840258,11,1410.0984642288631,False
geometry_early_optical_clear_probe,3023840258,9,2848.513583035514,True
geometry_early_optical_clear_probe,3023840258,19,3157.9333243637757,False
geometry_early_optical_clear_probe,3023840258,16,3169.9333243637757,True
geometry_early_optical_clear_probe,3023840258,13,3387.1333243637755,True
geometry_early_optical_clear_probe,3023840258,14,3393.1333243637755,True
geometry_early_optical_clear_probe,3023840258,17,3554.3361664482845,True
geometry_early_optical_clear_probe,3023840258,5,3810.642355377271,True
geometry_early_optical_clear_probe,1327650831,1,5.0,True
geometry_early_optical_clear_probe,1327650831,7,41.0,False
geometry_early_optical_clear_probe,1327650831,10,59.0,True
geometry_early_optical_clear_probe,1327650831,13,77.0,False
geometry_early_optical_clear_probe,1327650831,14,83.0,True
geometry_early_optical_clear_probe,1327650831,15,89.0,False
geometry_early_optical_clear_probe,1327650831,12,318.2,True
geometry_early_optical_clear_probe,1327650831,3,799.5825019542418,True
geometry_early_optical_clear_probe,1327650831,16,992.9069573706824,True
geometry_early_optical_clear_probe,1327650831,2,1252.1069573706825,True
geometry_early_optical_clear_probe,1327650831,8,1523.5944391524602,True
geometry_early_optical_clear_probe,1327650831,18,2206.1944391524603,False
geometry_early_optical_clear_probe,1327650831,4,2429.39443915246,True
geometry_early_optical_clear_probe,1327650831,6,2441.39443915246,True
geometry_early_optical_clear_probe,1327650831,19,2489.39443915246,False
geometry_early_optical_clear_probe,3527600110,5,29.0,False
geometry_early_optical_clear_probe,3527600110,6,35.0,False
geometry_early_optical_clear_probe,3527600110,8,47.0,False
geometry_early_optical_clear_probe,3527600110,10,59.0,False
geometry_early_optical_clear_probe,3527600110,12,71.0,True
geometry_early_optical_clear_probe,3527600110,15,89.0,False
geometry_early_optical_clear_probe,3527600110,16,95.0,False
geometry_early_optical_clear_probe,3527600110,20,119.0,True
geometry_early_optical_clear_probe,3527600110,13,1890.5795649440397,True
geometry_early_optical_clear_probe,3527600110,4,3085.571054182666,False
geometry_early_optical_clear_probe,3527600110,19,3743.1710541826656,True
geometry_early_optical_clear_probe,3527600110,3,3934.1496581398433,False
geometry_early_optical_clear_probe,3527600110,17,3976.1496581398433,True
geometry_early_optical_clear_probe,1062502191,1,5.0,False
geometry_early_optical_clear_probe,1062502191,7,41.0,False
geometry_early_optical_clear_probe,1062502191,10,59.0,False
geometry_early_optical_clear_probe,1062502191,15,89.0,False
geometry_early_optical_clear_probe,1062502191,19,113.0,False
geometry_early_optical_clear_probe,1062502191,16,294.2,False
geometry_early_optical_clear_probe,1062502191,13,312.2,True
geometry_early_optical_clear_probe,1062502191,5,360.2,True
geometry_early_optical_clear_probe,1062502191,11,532.4869808638093,True
geometry_early_optical_clear_probe,1062502191,17,829.4451397237124,False
geometry_early_optical_clear_probe,1062502191,12,1124.6451397237124,True
geometry_early_optical_clear_probe,1062502191,14,1136.6451397237124,True
geometry_early_optical_clear_probe,1062502191,20,1160.6451397237124,True
geometry_early_optical_clear_probe,1062502191,2,1541.322489258777,True
geometry_early_optical_clear_probe,1062502191,18,4291.315245392894,True
geometry_early_optical_clear_probe,2088802528,4,23.0,False
geometry_early_optical_clear_probe,2088802528,13,77.0,True
geometry_early_optical_clear_probe,2088802528,18,107.0,False
geometry_early_optical_clear_probe,2088802528,14,306.2,False
geometry_early_optical_clear_probe,2088802528,5,360.2,False
geometry_early_optical_clear_probe,2088802528,7,571.4,True
geometry_early_optical_clear_probe,2088802528,6,1500.5800318845452,True
geometry_early_optical_clear_probe,2088802528,10,2983.7800318845448,True
geometry_early_optical_clear_probe,2088802528,19,3031.7800318845448,True
geometry_early_optical_clear_probe,2088802528,20,3188.9800318845446,False
geometry_early_optical_clear_probe,2088802528,12,3230.9800318845446,False
geometry_early_optical_clear_probe,2088802528,11,3236.9800318845446,True
geometry_early_optical_clear_probe,2088802528,8,3454.1800318845444,False
geometry_early_optical_clear_probe,2301293898,5,29.0,False
geometry_early_optical_clear_probe,2301293898,15,300.2,False
geometry_early_optical_clear_probe,2301293898,4,366.2,True
geometry_early_optical_clear_probe,2301293898,1,535.4,True
geometry_early_optical_clear_probe,2301293898,18,637.4,True
geometry_early_optical_clear_probe,2301293898,6,1190.8362999796343,True
geometry_early_optical_clear_probe,2301293898,7,1486.0362999796344,True
geometry_early_optical_clear_probe,2301293898,10,1697.2362999796344,False
geometry_early_optical_clear_probe,2301293898,11,2316.2240956239493,True
geometry_early_optical_clear_probe,2301293898,19,2352.2240956239493,True
geometry_early_optical_clear_probe,2301293898,3,3675.2573178807825,False
geometry_early_optical_clear_probe,2301293898,14,5006.7594844450505,True
geometry_early_optical_clear_probe,3447872134,2,11.0,False
geometry_early_optical_clear_probe,3447872134,9,53.0,False
geometry_early_optical_clear_probe,3447872134,13,77.0,True
geometry_early_optical_clear_probe,3447872134,17,101.0,False
geometry_early_optical_clear_probe,3447872134,7,348.2,True
geometry_early_optical_clear_probe,3447872134,12,601.9592474606611,True
geometry_early_optical_clear_probe,3447872134,19,643.9592474606611,False
geometry_early_optical_clear_probe,3447872134,18,803.2419798064966,False
geometry_early_optical_clear_probe,3447872134,4,1078.7192762719658,True
geometry_early_optical_clear_probe,3447872134,5,3505.4102628325027,True
geometry_early_optical_clear_probe,3447872134,15,3547.4102628325027,True
geometry_early_optical_clear_probe,3447872134,3,4229.5954178922,False
geometry_early_optical_clear_probe,3447872134,1,5649.973272304963,True
geometry_early_optical_clear_probe,1040090972,3,17.0,False
geometry_early_optical_clear_probe,1040090972,5,29.0,True
geometry_early_optical_clear_probe,1040090972,7,41.0,False
geometry_early_optical_clear_probe,1040090972,9,53.0,False
geometry_early_optical_clear_probe,1040090972,12,71.0,False
geometry_early_optical_clear_probe,1040090972,19,113.0,False
geometry_early_optical_clear_probe,1040090972,18,282.2,True
geometry_early_optical_clear_probe,1040090972,16,294.2,True
geometry_early_optical_clear_probe,1040090972,10,330.2,False
geometry_early_optical_clear_probe,1040090972,1,384.2,False
geometry_early_optical_clear_probe,1040090972,6,2872.919890328863,True
geometry_early_optical_clear_probe,1040090972,17,3518.5198903288624,False
geometry_early_optical_clear_probe,1040090972,8,4526.352549656955,False
geometry_early_optical_clear_probe,1040090972,11,4782.186317427222,True
geometry_early_optical_clear_probe,1040090972,13,4953.575171296929,True
geometry_early_optical_clear_probe,3280284177,3,17.0,False
geometry_early_optical_clear_probe,3280284177,5,29.0,False
geometry_early_optical_clear_probe,3280284177,8,47.0,True
geometry_early_optical_clear_probe,3280284177,9,53.0,False
geometry_early_optical_clear_probe,3280284177,17,101.0,True
geometry_early_optical_clear_probe,3280284177,20,119.0,True
geometry_early_optical_clear_probe,3280284177,4,1447.130443392991,True
geometry_early_optical_clear_probe,3280284177,10,3351.312938882337,True
geometry_early_optical_clear_probe,3280284177,6,4286.1129388823365,False
geometry_early_optical_clear_probe,3280284177,1,4298.1129388823365,True
geometry_early_optical_clear_probe,3280284177,11,4473.312938882336,False
geometry_early_optical_clear_probe,3280284177,12,4714.512938882336,True
geometry_early_optical_clear_probe,3280284177,7,4726.512938882336,True
geometry_early_optical_clear_probe,3280284177,13,6310.945304184184,True
geometry_early_optical_clear_probe,3508171952,5,29.0,False
geometry_early_optical_clear_probe,3508171952,7,41.0,True
geometry_early_optical_clear_probe,3508171952,10,59.0,False
geometry_early_optical_clear_probe,3508171952,11,65.0,False
geometry_early_optical_clear_probe,3508171952,12,71.0,False
geometry_early_optical_clear_probe,3508171952,15,89.0,False
geometry_early_optical_clear_probe,3508171952,18,107.0,False
geometry_early_optical_clear_probe,3508171952,13,312.2,True
geometry_early_optical_clear_probe,3508171952,17,1039.2287459109239,True
geometry_early_optical_clear_probe,3508171952,14,2696.102249842163,False
geometry_early_optical_clear_probe,3508171952,1,3022.0720091403873,True
geometry_early_optical_clear_probe,3508171952,3,3034.0720091403873,True
geometry_early_optical_clear_probe,3726940057,2,11.0,False
geometry_early_optical_clear_probe,3726940057,9,53.0,True
geometry_early_optical_clear_probe,3726940057,14,83.0,False
geometry_early_optical_clear_probe,3726940057,18,107.0,True
geometry_early_optical_clear_probe,3726940057,19,113.0,True
geometry_early_optical_clear_probe,3726940057,10,330.2,False
geometry_early_optical_clear_probe,3726940057,8,528.93710421836,True
geometry_early_optical_clear_probe,3726940057,17,582.93710421836,False
geometry_early_optical_clear_probe,3726940057,3,1121.8918526722503,True
geometry_early_optical_clear_probe,3726940057,16,1363.0918526722503,True
geometry_early_optical_clear_probe,3726940057,7,2644.2843447183486,True
geometry_early_optical_clear_probe,3726940057,12,2662.2843447183486,False
geometry_early_optical_clear_probe,3726940057,11,3997.8917024563834,False
geometry_early_optical_clear_probe,3726940057,13,4003.8917024563834,True
geometry_early_optical_clear_probe,3726940057,1,5097.931150102147,False
geometry_early_optical_clear_probe,3726940057,5,5109.931150102147,True
geometry_early_optical_clear_probe,3222105199,3,17.0,False
geometry_early_optical_clear_probe,3222105199,8,47.0,True
geometry_early_optical_clear_probe,3222105199,10,59.0,False
geometry_early_optical_clear_probe,3222105199,13,77.0,False
geometry_early_optical_clear_probe,3222105199,18,107.0,False
geometry_early_optical_clear_probe,3222105199,7,348.2,True
geometry_early_optical_clear_probe,3222105199,6,354.2,True
geometry_early_optical_clear_probe,3222105199,5,913.6159468208446,False
geometry_early_optical_clear_probe,3222105199,1,931.6159468208446,True
geometry_early_optical_clear_probe,3222105199,20,1172.8159468208446,False
geometry_early_optical_clear_probe,3279724072,6,35.0,False
geometry_early_optical_clear_probe,3279724072,9,53.0,True
geometry_early_optical_clear_probe,3279724072,16,95.0,False
geometry_early_optical_clear_probe,3279724072,18,107.0,True
geometry_early_optical_clear_probe,3279724072,20,270.2,True
geometry_early_optical_clear_probe,3279724072,15,300.2,False
geometry_early_optical_clear_probe,3279724072,5,360.2,False
geometry_early_optical_clear_probe,3279724072,10,637.9610704497189,True
geometry_early_optical_clear_probe,3279724072,19,685.9610704497189,True
geometry_early_optical_clear_probe,3279724072,14,857.5737281631631,True
geometry_early_optical_clear_probe,3279724072,1,1089.0984229163078,False
geometry_early_optical_clear_probe,3279724072,13,1149.0984229163078,False
geometry_early_optical_clear_probe,760067873,7,41.0,False
geometry_early_optical_clear_probe,760067873,10,59.0,True
geometry_early_optical_clear_probe,760067873,12,71.0,True
geometry_early_optical_clear_probe,760067873,20,119.0,True
geometry_early_optical_clear_probe,760067873,17,288.2,True
geometry_early_optical_clear_probe,760067873,9,583.4,True
geometry_early_optical_clear_probe,760067873,11,1268.6536872041117,True
geometry_early_optical_clear_probe,760067873,2,1310.6536872041117,False
geometry_early_optical_clear_probe,760067873,15,1533.8536872041118,False
geometry_early_optical_clear_probe,760067873,8,4252.621289018184,True
geometry_early_optical_clear_probe,760067873,19,4294.621289018184,False
geometry_early_optical_clear_probe,760067873,4,4695.97387938419,False
geometry_early_optical_clear_probe,760067873,14,7432.180382014049,True
geometry_early_optical_clear_probe,3619204396,3,17.0,True
geometry_early_optical_clear_probe,3619204396,7,41.0,False
geometry_early_optical_clear_probe,3619204396,14,83.0,False
geometry_early_optical_clear_probe,3619204396,17,101.0,False
geometry_early_optical_clear_probe,3619204396,18,282.2,False
geometry_early_optical_clear_probe,3619204396,15,300.2,False
geometry_early_optical_clear_probe,3619204396,11,537.0052438766443,True
geometry_early_optical_clear_probe,3619204396,1,802.1154086350301,True
geometry_early_optical_clear_probe,3619204396,10,2562.7083294315175,True
geometry_early_optical_clear_probe,3619204396,16,3409.0244299998126,True
geometry_early_optical_clear_probe,3619204396,13,3674.2244299998124,True
geometry_early_optical_clear_probe,3619204396,8,5629.024429999811,True
geometry_early_optical_clear_probe,3619204396,12,6045.424429999811,True
geometry_early_optical_clear_probe,3619204396,9,6960.064010301728,True
geometry_early_optical_clear_probe,2497695071,4,23.0,False
geometry_early_optical_clear_probe,2497695071,11,65.0,True
geometry_early_optical_clear_probe,2497695071,13,77.0,False
geometry_early_optical_clear_probe,2497695071,14,83.0,False
geometry_early_optical_clear_probe,2497695071,16,95.0,False
geometry_early_optical_clear_probe,2497695071,6,354.2,True
geometry_early_optical_clear_probe,2497695071,5,360.2,True
geometry_early_optical_clear_probe,2497695071,8,626.2495322052333,False
geometry_early_optical_clear_probe,2497695071,15,662.2495322052333,True
geometry_early_optical_clear_probe,2497695071,17,861.4495322052333,True
geometry_early_optical_clear_probe,2497695071,3,2063.502846899486,True
geometry_early_optical_clear_probe,2497695071,7,2322.702846899486,False
geometry_early_optical_clear_probe,2497695071,18,4577.029771123582,False
geometry_early_optical_clear_probe,2497695071,20,4589.029771123582,False
geometry_early_optical_clear_probe,2497695071,12,7279.887439423361,True
geometry_early_optical_clear_probe,1587492068,1,5.0,True
geometry_early_optical_clear_probe,1587492068,2,11.0,True
geometry_early_optical_clear_probe,1587492068,5,29.0,False
geometry_early_optical_clear_probe,1587492068,12,71.0,False
geometry_early_optical_clear_probe,1587492068,15,89.0,False
geometry_early_optical_clear_probe,1587492068,17,101.0,False
geometry_early_optical_clear_probe,1587492068,6,354.2,False
geometry_early_optical_clear_probe,1587492068,8,625.4548056326319,False
geometry_early_optical_clear_probe,1587492068,7,1188.8761115253283,True
geometry_early_optical_clear_probe,1587492068,11,1683.2761115253284,False
geometry_early_optical_clear_probe,1587492068,14,1695.2761115253284,True
geometry_early_optical_clear_probe,1587492068,20,2084.8776851382636,True
geometry_early_optical_clear_probe,1587492068,9,2477.6128576288625,True
geometry_early_optical_clear_probe,1432648828,1,5.0,False
geometry_early_optical_clear_probe,1432648828,3,17.0,False
geometry_early_optical_clear_probe,1432648828,4,23.0,True
geometry_early_optical_clear_probe,1432648828,6,35.0,True
geometry_early_optical_clear_probe,1432648828,9,53.0,False
geometry_early_optical_clear_probe,1432648828,13,77.0,True
geometry_early_optical_clear_probe,1432648828,20,270.2,False
geometry_early_optical_clear_probe,1432648828,15,300.2,True
geometry_early_optical_clear_probe,1432648828,11,324.2,True
geometry_early_optical_clear_probe,1432648828,8,342.2,False
geometry_early_optical_clear_probe,1432648828,19,795.5258379539171,False
geometry_early_optical_clear_probe,1432648828,7,861.5258379539171,True
geometry_early_optical_clear_probe,1432648828,17,2082.028449262898,True
geometry_early_optical_clear_probe,1432648828,18,4623.428449262896,True
geometry_early_optical_clear_probe,1432648828,2,5637.109544227826,True
geometry_early_optical_clear_probe,2885817229,4,23.0,False
geometry_early_optical_clear_probe,2885817229,5,29.0,False
geometry_early_optical_clear_probe,2885817229,13,77.0,False
geometry_early_optical_clear_probe,2885817229,20,119.0,False
geometry_early_optical_clear_probe,2885817229,17,288.2,True
geometry_early_optical_clear_probe,2885817229,11,324.2,True
geometry_early_optical_clear_probe,2885817229,10,330.2,False
geometry_early_optical_clear_probe,2885817229,12,1110.3444998032935,True
geometry_early_optical_clear_probe,2885817229,6,2462.3928182427107,True
geometry_early_optical_clear_probe,2885817229,7,2468.3928182427107,True
geometry_early_optical_clear_probe,2885817229,18,3391.19281824271,True
geometry_early_optical_clear_probe,2885817229,15,3578.39281824271,True
geometry_early_optical_clear_probe,2885817229,1,4199.992818242709,True
geometry_early_optical_clear_probe,2885817229,16,6740.375937786431,True
geometry_early_optical_clear_probe,2798765924,3,17.0,False
geometry_early_optical_clear_probe,2798765924,11,65.0,True
geometry_early_optical_clear_probe,2798765924,19,113.0,True
geometry_early_optical_clear_probe,2798765924,20,270.2,False
geometry_early_optical_clear_probe,2798765924,18,282.2,True
geometry_early_optical_clear_probe,2798765924,16,294.2,False
geometry_early_optical_clear_probe,2798765924,15,300.2,False
geometry_early_optical_clear_probe,2798765924,14,306.2,True
geometry_early_optical_clear_probe,2798765924,5,360.2,False
geometry_early_optical_clear_probe,2798765924,17,655.8680038340802,False
geometry_early_optical_clear_probe,2798765924,13,3839.1898983235924,True
geometry_early_optical_clear_probe,2798765924,7,3869.1898983235924,False
geometry_early_optical_clear_probe,2798765924,12,5012.621412936798,True
geometry_early_optical_clear_probe,2798765924,9,5024.621412936798,True
geometry_early_optical_clear_probe,2798765924,2,5048.621412936798,True
geometry_early_optical_clear_probe,1314289332,1,5.0,True
geometry_early_optical_clear_probe,1314289332,4,23.0,False
geometry_early_optical_clear_probe,1314289332,5,29.0,False
geometry_early_optical_clear_probe,1314289332,6,35.0,True
geometry_early_optical_clear_probe,1314289332,10,330.2,True
geometry_early_optical_clear_probe,1314289332,3,537.6676431291413,True
geometry_early_optical_clear_probe,1314289332,17,1112.3264399612117,True
geometry_early_optical_clear_probe,1314289332,11,2469.1178548326675,True
geometry_early_optical_clear_probe,1314289332,14,3579.1144017075785,False
geometry_early_optical_clear_probe,1314289332,12,6548.180078624614,False
geometry_early_optical_clear_probe,1314289332,9,7338.401685836258,True
geometry_early_optical_clear_probe,875398506,6,35.0,False
geometry_early_optical_clear_probe,875398506,7,41.0,False
geometry_early_optical_clear_probe,875398506,12,71.0,True
geometry_early_optical_clear_probe,875398506,13,77.0,False
geometry_early_optical_clear_probe,875398506,14,83.0,False
geometry_early_optical_clear_probe,875398506,15,89.0,False
geometry_early_optical_clear_probe,875398506,16,95.0,False
geometry_early_optical_clear_probe,875398506,17,101.0,False
geometry_early_optical_clear_probe,875398506,20,119.0,True
geometry_early_optical_clear_probe,875398506,4,366.2,True
geometry_early_optical_clear_probe,875398506,11,942.6326151283438,True
geometry_early_optical_clear_probe,875398506,8,1908.3419763098625,True
geometry_early_optical_clear_probe,875398506,3,1920.3419763098625,True
geometry_early_optical_clear_probe,875398506,5,3746.9209743652473,False
geometry_early_optical_clear_probe,875398506,2,4111.248573365814,True
geometry_early_optical_clear_probe,1135724442,1,5.0,True
geometry_early_optical_clear_probe,1135724442,7,41.0,False
geometry_early_optical_clear_probe,1135724442,12,71.0,False
geometry_early_optical_clear_probe,1135724442,19,276.2,False
geometry_early_optical_clear_probe,1135724442,5,360.2,True
geometry_early_optical_clear_probe,1135724442,17,1725.0582347876348,True
geometry_early_optical_clear_probe,1135724442,16,2586.1582152935866,False
geometry_early_optical_clear_probe,1135724442,15,2756.424858925111,True
geometry_early_optical_clear_probe,1135724442,9,3825.8390688547074,True
geometry_early_optical_clear_probe,1135724442,4,4306.490244259038,True
geometry_early_optical_clear_probe,1135724442,2,4873.4697440703,True
geometry_early_optical_clear_probe,1135724442,11,5114.6697440703,True
geometry_early_optical_clear_probe,1135724442,3,5613.409315992875,True
geometry_early_optical_clear_probe,1135724442,13,6531.76896244854,False
geometry_early_optical_clear_probe,4009628621,15,300.2,False
geometry_early_optical_clear_probe,4009628621,8,577.4,False
geometry_early_optical_clear_probe,4009628621,13,817.9510353006705,True
geometry_early_optical_clear_probe,4009628621,17,3104.179190689484,False
geometry_early_optical_clear_probe,4009628621,7,3287.829588901885,False
geometry_early_optical_clear_probe,4009628621,20,4185.947580402184,True
geometry_early_optical_clear_probe,4009628621,11,4469.147580402184,False
geometry_early_optical_clear_probe,4009628621,12,4475.147580402184,True
geometry_early_optical_clear_probe,4009628621,1,4872.795718671252,True
geometry_early_optical_clear_probe,4009628621,10,6224.673397782273,True
geometry_early_optical_clear_probe,4009628621,18,6417.873397782273,True
geometry_early_optical_clear_probe,2044325694,1,5.0,False
geometry_early_optical_clear_probe,2044325694,2,11.0,False
geometry_early_optical_clear_probe,2044325694,3,17.0,False
geometry_early_optical_clear_probe,2044325694,11,65.0,False
geometry_early_optical_clear_probe,2044325694,12,71.0,True
geometry_early_optical_clear_probe,2044325694,20,119.0,False
geometry_early_optical_clear_probe,2044325694,4,366.2,False
geometry_early_optical_clear_probe,2044325694,19,638.2144846498985,True
geometry_early_optical_clear_probe,2044325694,10,955.452286022539,True
geometry_early_optical_clear_probe,2044325694,5,985.452286022539,True
geometry_early_optical_clear_probe,2044325694,13,1175.3647705328383,True
geometry_early_optical_clear_probe,2044325694,7,2077.6988476841548,False
geometry_early_optical_clear_probe,2044325694,17,2119.6988476841548,True
geometry_early_optical_clear_probe,2044325694,14,3646.2233877823273,True
geometry_early_optical_clear_probe,2044325694,8,4286.823387782327,True
geometry_early_optical_clear_probe,1694077359,3,17.0,True
geometry_early_optical_clear_probe,1694077359,4,23.0,False
geometry_early_optical_clear_probe,1694077359,10,59.0,True
geometry_early_optical_clear_probe,1694077359,13,77.0,False
geometry_early_optical_clear_probe,1694077359,16,95.0,True
geometry_early_optical_clear_probe,1694077359,17,101.0,False
geometry_early_optical_clear_probe,1694077359,20,270.2,True
geometry_early_optical_clear_probe,1694077359,7,2799.668097865713,False
geometry_early_optical_clear_probe,1694077359,11,3970.630034067114,False
geometry_early_optical_clear_probe,1694077359,14,5078.605369434352,False
geometry_early_optical_clear_probe,3755143509,3,17.0,False
geometry_early_optical_clear_probe,3755143509,4,23.0,True
geometry_early_optical_clear_probe,3755143509,19,276.2,False
geometry_early_optical_clear_probe,3755143509,11,324.2,False
geometry_early_optical_clear_probe,3755143509,5,360.2,False
geometry_early_optical_clear_probe,3755143509,14,836.5999999999999,True
geometry_early_optical_clear_probe,3755143509,10,1613.4431805931486,False
geometry_early_optical_clear_probe,3755143509,9,1878.6431805931486,False
geometry_early_optical_clear_probe,3755143509,16,2136.9075631671662,True
geometry_early_optical_clear_probe,3755143509,13,2609.821529972686,False
geometry_early_optical_clear_probe,4252367944,3,17.0,False
geometry_early_optical_clear_probe,4252367944,6,35.0,True
geometry_early_optical_clear_probe,4252367944,10,59.0,True
geometry_early_optical_clear_probe,4252367944,14,83.0,False
geometry_early_optical_clear_probe,4252367944,19,113.0,True
geometry_early_optical_clear_probe,4252367944,17,288.2,False
geometry_early_optical_clear_probe,4252367944,16,294.2,False
geometry_early_optical_clear_probe,4252367944,12,569.2625610339567,True
geometry_early_optical_clear_probe,4252367944,4,845.8839065832823,True
geometry_early_optical_clear_probe,4252367944,1,2729.6211651727604,False
geometry_early_optical_clear_probe,4252367944,9,3873.1152719347106,True
geometry_early_optical_clear_probe,4252367944,5,4992.60277326167,True
geometry_early_optical_clear_probe,4252367944,11,5227.80277326167,False
geometry_early_optical_clear_probe,793763639,4,23.0,True
geometry_early_optical_clear_probe,793763639,10,59.0,False
geometry_early_optical_clear_probe,793763639,17,101.0,False
geometry_early_optical_clear_probe,793763639,8,342.2,False
geometry_early_optical_clear_probe,793763639,5,360.2,True
geometry_early_optical_clear_probe,793763639,6,581.2854324816392,False
geometry_early_optical_clear_probe,793763639,1,1575.560333447309,False
geometry_early_optical_clear_probe,793763639,18,2071.792768055789,True
geometry_early_optical_clear_probe,793763639,14,2336.992768055789,True
geometry_early_optical_clear_probe,793763639,19,2360.992768055789,False
geometry_early_optical_clear_probe,793763639,7,2677.6532557424634,True
geometry_early_optical_clear_probe,793763639,12,5541.232647543844,True
geometry_early_optical_clear_probe,2949586282,6,35.0,False
geometry_early_optical_clear_probe,2949586282,17,101.0,True
geometry_early_optical_clear_probe,2949586282,20,270.2,False
geometry_early_optical_clear_probe,2949586282,2,378.2,True
geometry_early_optical_clear_probe,2949586282,13,529.0616083333254,False
geometry_early_optical_clear_probe,2949586282,1,1004.3207221915673,True
geometry_early_optical_clear_probe,2949586282,7,1533.7880653565735,True
geometry_early_optical_clear_probe,2949586282,11,2052.1880653565736,False
geometry_early_optical_clear_probe,2949586282,4,2323.3880653565734,False
geometry_early_optical_clear_probe,2949586282,16,7264.544486234832,True
geometry_early_optical_clear_probe,1593552957,1,5.0,True
geometry_early_optical_clear_probe,1593552957,3,17.0,False
geometry_early_optical_clear_probe,1593552957,7,41.0,False
geometry_early_optical_clear_probe,1593552957,10,59.0,True
geometry_early_optical_clear_probe,1593552957,12,71.0,True
geometry_early_optical_clear_probe,1593552957,13,77.0,True
geometry_early_optical_clear_probe,1593552957,14,83.0,False
geometry_early_optical_clear_probe,1593552957,15,89.0,False
geometry_early_optical_clear_probe,1593552957,17,101.0,False
geometry_early_optical_clear_probe,1593552957,18,107.0,False
geometry_early_optical_clear_probe,1593552957,4,846.4509019137286,False
geometry_early_optical_clear_probe,1593552957,19,1105.6509019137286,False
geometry_early_optical_clear_probe,1593552957,20,4750.20751029867,True
geometry_early_optical_clear_probe,25664352,1,5.0,True
geometry_early_optical_clear_probe,25664352,3,17.0,False
geometry_early_optical_clear_probe,25664352,8,47.0,True
geometry_early_optical_clear_probe,25664352,17,101.0,True
geometry_early_optical_clear_probe,25664352,20,1857.1329141668891,True
geometry_early_optical_clear_probe,25664352,4,1947.1329141668891,True
geometry_early_optical_clear_probe,25664352,11,2286.7132303725966,False
geometry_early_optical_clear_probe,25664352,15,2310.7132303725966,False
geometry_early_optical_clear_probe,25664352,9,2545.9132303725964,False
geometry_early_optical_clear_probe,25664352,5,6086.50525883373,True
geometry_early_optical_clear_probe,1161248241,13,77.0,False
geometry_early_optical_clear_probe,1161248241,15,89.0,True
geometry_early_optical_clear_probe,1161248241,20,119.0,True
geometry_early_optical_clear_probe,1161248241,14,306.2,True
geometry_early_optical_clear_probe,1161248241,12,2064.573436366374,False
geometry_early_optical_clear_probe,1161248241,2,2486.973436366374,True
geometry_early_optical_clear_probe,1161248241,11,2711.966646828215,True
geometry_early_optical_clear_probe,1161248241,1,3689.736285594938,True
geometry_early_optical_clear_probe,1161248241,7,5449.462945570296,False
geometry_early_optical_clear_probe,1161248241,9,5461.462945570296,True
geometry_early_optical_clear_probe,1161248241,8,6192.180532525501,True
geometry_early_optical_clear_probe,3249980880,10,59.0,True
geometry_early_optical_clear_probe,3249980880,12,71.0,False
geometry_early_optical_clear_probe,3249980880,14,83.0,False
geometry_early_optical_clear_probe,3249980880,13,544.6805532967182,False
geometry_early_optical_clear_probe,3249980880,2,829.0345549071127,True
geometry_early_optical_clear_probe,3249980880,17,1881.9339841022127,False
geometry_early_optical_clear_probe,3249980880,7,1923.9339841022127,True
geometry_early_optical_clear_probe,3249980880,3,2111.1339841022127,True
geometry_early_optical_clear_probe,3249980880,5,3505.607994544653,True
geometry_early_optical_clear_probe,3249980880,19,4163.207994544653,True
geometry_early_optical_clear_probe,3249980880,6,5533.318306410503,True
geometry_early_optical_clear_probe,3333323199,6,35.0,False
geometry_early_optical_clear_probe,3333323199,7,41.0,False
geometry_early_optical_clear_probe,3333323199,12,71.0,True
geometry_early_optical_clear_probe,3333323199,15,89.0,False
geometry_early_optical_clear_probe,3333323199,19,113.0,False
geometry_early_optical_clear_probe,3333323199,20,270.2,True
geometry_early_optical_clear_probe,3333323199,8,342.2,True
geometry_early_optical_clear_probe,3333323199,9,577.4,True
geometry_early_optical_clear_probe,3333323199,13,601.4,True
geometry_early_optical_clear_probe,3333323199,16,2011.4801356462308,True
geometry_early_optical_clear_probe,3333323199,14,2511.8801356462304,True
geometry_early_optical_clear_probe,3333323199,11,2523.8801356462304,True
geometry_early_optical_clear_probe,3333323199,10,2765.0801356462302,False
geometry_early_optical_clear_probe,3333323199,18,3705.8801356462295,True
geometry_early_optical_clear_probe,3333323199,5,3879.291417359726,True
geometry_early_optical_clear_probe,3333323199,17,4056.7329652541375,True
geometry_early_optical_clear_probe,2292839847,7,41.0,True
geometry_early_optical_clear_probe,2292839847,10,59.0,False
geometry_early_optical_clear_probe,2292839847,11,65.0,False
geometry_early_optical_clear_probe,2292839847,13,77.0,True
geometry_early_optical_clear_probe,2292839847,20,119.0,True
geometry_early_optical_clear_probe,2292839847,19,276.2,True
geometry_early_optical_clear_probe,2292839847,16,294.2,True
geometry_early_optical_clear_probe,2292839847,1,384.2,True
geometry_early_optical_clear_probe,2292839847,2,546.4978725314432,False
geometry_early_optical_clear_probe,2292839847,15,618.4978725314432,True
geometry_early_optical_clear_probe,2292839847,9,797.3121809340754,True
geometry_early_optical_clear_probe,2292839847,5,1058.6766310140738,True
geometry_early_optical_clear_probe,2292839847,18,1327.5290033570873,True
geometry_early_optical_clear_probe,2292839847,14,3810.9313575200817,False
geometry_early_optical_clear_probe,2292839847,4,4004.1313575200816,False
geometry_early_optical_clear_probe,1980567584,5,29.0,True
geometry_early_optical_clear_probe,1980567584,7,41.0,True
geometry_early_optical_clear_probe,1980567584,17,101.0,False
geometry_early_optical_clear_probe,1980567584,10,330.2,True
geometry_early_optical_clear_probe,1980567584,9,336.2,False
geometry_early_optical_clear_probe,1980567584,2,378.2,True
geometry_early_optical_clear_probe,1980567584,16,3221.780237504359,False
geometry_early_optical_clear_probe,1980567584,4,3281.780237504359,True
geometry_early_optical_clear_probe,1980567584,14,3666.392550429405,True
geometry_early_optical_clear_probe,1980567584,11,4381.258717818035,True
geometry_early_optical_clear_probe,1980567584,8,5460.336023804633,True
geometry_early_optical_clear_probe,1980567584,15,6774.964682575473,False
geometry_early_optical_clear_probe,1585257076,1,5.0,False
geometry_early_optical_clear_probe,1585257076,3,17.0,False
geometry_early_optical_clear_probe,1585257076,10,59.0,False
geometry_early_optical_clear_probe,1585257076,11,65.0,False
geometry_early_optical_clear_probe,1585257076,6,354.2,False
geometry_early_optical_clear_probe,1585257076,14,5547.763611256718,False
geometry_early_optical_clear_probe,1585257076,7,6713.192391584736,False
geometry_early_optical_clear_probe,1585257076,20,6924.392391584735,True
geometry_early_optical_clear_probe,1585257076,15,6954.392391584735,True
geometry_early_optical_clear_probe,1585257076,19,8440.892698300542,True
geometry_early_optical_clear_probe,2560551308,5,29.0,False
geometry_early_optical_clear_probe,2560551308,7,41.0,True
geometry_early_optical_clear_probe,2560551308,9,53.0,False
geometry_early_optical_clear_probe,2560551308,10,59.0,False
geometry_early_optical_clear_probe,2560551308,11,65.0,False
geometry_early_optical_clear_probe,2560551308,12,71.0,False
geometry_early_optical_clear_probe,2560551308,14,83.0,False
geometry_early_optical_clear_probe,2560551308,16,95.0,True
geometry_early_optical_clear_probe,2560551308,20,119.0,False
geometry_early_optical_clear_probe,2560551308,19,1163.897254788191,False
geometry_early_optical_clear_probe,2560551308,2,1482.2635433041944,True
geometry_early_optical_clear_probe,558893769,3,17.0,False
geometry_early_optical_clear_probe,558893769,5,29.0,False
geometry_early_optical_clear_probe,558893769,14,83.0,False
geometry_early_optical_clear_probe,558893769,15,89.0,False
geometry_early_optical_clear_probe,558893769,17,101.0,True
geometry_early_optical_clear_probe,558893769,19,113.0,False
geometry_early_optical_clear_probe,558893769,11,324.2,False
geometry_early_optical_clear_probe,558893769,7,348.2,False
geometry_early_optical_clear_probe,558893769,20,814.2154444628974,True
geometry_early_optical_clear_probe,558893769,8,1716.5823224363694,True
geometry_early_optical_clear_probe,558893769,4,1963.1806063319905,True
geometry_early_optical_clear_probe,3561369836,2,11.0,False
geometry_early_optical_clear_probe,3561369836,4,23.0,False
geometry_early_optical_clear_probe,3561369836,17,101.0,False
geometry_early_optical_clear_probe,3561369836,18,107.0,False
geometry_early_optical_clear_probe,3561369836,20,119.0,False
geometry_early_optical_clear_probe,3561369836,11,324.2,True
geometry_early_optical_clear_probe,3561369836,7,348.2,False
geometry_early_optical_clear_probe,3561369836,6,354.2,False
geometry_early_optical_clear_probe,3561369836,15,1304.7482889223506,True
geometry_early_optical_clear_probe,3561369836,1,2567.3283872604197,False
geometry_early_optical_clear_probe,3561369836,19,2796.5283872604195,False
geometry_early_optical_clear_probe,3561369836,10,4545.1158503436745,True
geometry_early_optical_clear_probe,3561369836,14,4774.315850343674,True
geometry_early_optical_clear_probe,1724818368,3,17.0,False
geometry_early_optical_clear_probe,1724818368,10,59.0,False
geometry_early_optical_clear_probe,1724818368,13,77.0,True
geometry_early_optical_clear_probe,1724818368,19,276.2,True
geometry_early_optical_clear_probe,1724818368,12,318.2,True
geometry_early_optical_clear_probe,1724818368,11,595.4,False
geometry_early_optical_clear_probe,1724818368,14,836.5999999999999,False
geometry_early_optical_clear_probe,1724818368,20,1173.8,True
geometry_early_optical_clear_probe,1724818368,18,1359.3268784551794,False
geometry_early_optical_clear_probe,1724818368,4,1431.3268784551794,True
geometry_early_optical_clear_probe,1724818368,2,1437.3268784551794,False
geometry_early_optical_clear_probe,1724818368,6,2218.1669766767936,True
geometry_early_optical_clear_probe,1724818368,7,2474.8061770586232,True
geometry_early_optical_clear_probe,476730160,5,29.0,False
geometry_early_optical_clear_probe,476730160,9,53.0,True
geometry_early_optical_clear_probe,476730160,12,71.0,False
geometry_early_optical_clear_probe,476730160,17,101.0,True
geometry_early_optical_clear_probe,476730160,3,372.2,True
geometry_early_optical_clear_probe,476730160,2,378.2,False
geometry_early_optical_clear_probe,476730160,14,538.4369685969522,True
geometry_early_optical_clear_probe,476730160,6,819.2315304583117,True
geometry_early_optical_clear_probe,476730160,10,3006.045757435809,True
geometry_early_optical_clear_probe,476730160,1,5305.245757435807,True
geometry_early_optical_clear_probe,3482053895,2,11.0,False
geometry_early_optical_clear_probe,3482053895,7,41.0,False
geometry_early_optical_clear_probe,3482053895,12,71.0,False
geometry_early_optical_clear_probe,3482053895,16,95.0,True
geometry_early_optical_clear_probe,3482053895,20,270.2,False
geometry_early_optical_clear_probe,3482053895,15,300.2,True
geometry_early_optical_clear_probe,3482053895,13,312.2,True
geometry_early_optical_clear_probe,3482053895,11,324.2,False
geometry_early_optical_clear_probe,3482053895,3,372.2,True
geometry_early_optical_clear_probe,3482053895,1,384.2,False
geometry_early_optical_clear_probe,3482053895,4,939.0499879427714,True
geometry_early_optical_clear_probe,3482053895,17,1914.2012090259686,True
geometry_early_optical_clear_probe,3482053895,9,2424.4005700062216,True
geometry_early_optical_clear_probe,3482053895,8,3700.2973077396246,True
geometry_early_optical_clear_probe,3482053895,6,4092.697307739624,True
geometry_early_optical_clear_probe,1422817602,2,11.0,False
geometry_early_optical_clear_probe,1422817602,5,29.0,False
geometry_early_optical_clear_probe,1422817602,11,65.0,True
geometry_early_optical_clear_probe,1422817602,20,119.0,False
geometry_early_optical_clear_probe,1422817602,18,282.2,True
geometry_early_optical_clear_probe,1422817602,12,318.2,False
geometry_early_optical_clear_probe,1422817602,6,354.2,True
geometry_early_optical_clear_probe,1422817602,3,372.2,True
geometry_early_optical_clear_probe,1422817602,8,565.4,True
geometry_early_optical_clear_probe,1422817602,16,1034.217841828373,False
geometry_early_optical_clear_probe,4116638398,9,53.0,False
geometry_early_optical_clear_probe,4116638398,13,77.0,False
geometry_early_optical_clear_probe,4116638398,18,107.0,False
geometry_early_optical_clear_probe,4116638398,16,294.2,True
geometry_early_optical_clear_probe,4116638398,4,366.2,False
geometry_early_optical_clear_probe,4116638398,2,378.2,True
geometry_early_optical_clear_probe,4116638398,1,384.2,False
geometry_early_optical_clear_probe,4116638398,19,767.8383260907851,False
geometry_early_optical_clear_probe,4116638398,10,1581.4383260907853,False
geometry_early_optical_clear_probe,4116638398,7,2546.9087875396813,True
geometry_early_optical_clear_probe,4116638398,15,2582.9087875396813,True
geometry_early_optical_clear_probe,1644503101,2,11.0,False
geometry_early_optical_clear_probe,1644503101,4,23.0,False
geometry_early_optical_clear_probe,1644503101,8,47.0,False
geometry_early_optical_clear_probe,1644503101,9,53.0,False
geometry_early_optical_clear_probe,1644503101,15,300.2,True
geometry_early_optical_clear_probe,1644503101,11,324.2,False
geometry_early_optical_clear_probe,1644503101,10,330.2,True
geometry_early_optical_clear_probe,1644503101,16,625.4,False
geometry_early_optical_clear_probe,1644503101,17,818.5999999999999,True
geometry_early_optical_clear_probe,1644503101,14,836.5999999999999,True
geometry_early_optical_clear_probe,1644503101,13,842.5999999999999,True
geometry_early_optical_clear_probe,1644503101,12,848.5999999999999,True
geometry_early_optical_clear_probe,1644503101,3,3851.736399743637,False
geometry_early_optical_clear_probe,1644503101,7,4032.9363997436367,True
geometry_early_optical_clear_probe,3988663577,8,47.0,False
geometry_early_optical_clear_probe,3988663577,12,71.0,True
geometry_early_optical_clear_probe,3988663577,18,107.0,False
geometry_early_optical_clear_probe,3988663577,5,481.35033658123206,False
geometry_early_optical_clear_probe,3988663577,20,698.7775062237013,True
geometry_early_optical_clear_probe,3988663577,6,770.7775062237013,True
geometry_early_optical_clear_probe,3988663577,1,987.4451434067995,True
geometry_early_optical_clear_probe,3988663577,14,1059.4451434067996,False
geometry_early_optical_clear_probe,3988663577,9,1300.6451434067997,True
geometry_early_optical_clear_probe,3988663577,4,1983.5831941206827,True
geometry_early_optical_clear_probe,3988663577,17,6277.704835969875,True
geometry_early_optical_clear_probe,2781236046,1,5.0,False
geometry_early_optical_clear_probe,2781236046,9,53.0,False
geometry_early_optical_clear_probe,2781236046,16,95.0,False
geometry_early_optical_clear_probe,2781236046,17,101.0,False
geometry_early_optical_clear_probe,2781236046,13,312.2,False
geometry_early_optical_clear_probe,2781236046,4,366.2,True
geometry_early_optical_clear_probe,2781236046,2,378.2,False
geometry_early_optical_clear_probe,2781236046,6,560.4,True
geometry_early_optical_clear_probe,2781236046,14,813.5999999999999,True
geometry_early_optical_clear_probe,2781236046,20,2041.0058129863505,True
geometry_early_optical_clear_probe,2781236046,15,2487.40581298635,True
geometry_early_optical_clear_probe,2781236046,19,6449.6879514530865,True
geometry_early_optical_clear_probe,2781236046,3,8001.307725933799,True
geometry_early_optical_clear_probe,1638249177,5,29.0,True
geometry_early_optical_clear_probe,1638249177,10,59.0,False
geometry_early_optical_clear_probe,1638249177,12,71.0,False
geometry_early_optical_clear_probe,1638249177,14,83.0,True
geometry_early_optical_clear_probe,1638249177,20,119.0,True
geometry_early_optical_clear_probe,1638249177,8,342.2,False
geometry_early_optical_clear_probe,1638249177,1,384.2,False
geometry_early_optical_clear_probe,1638249177,7,571.4,False
geometry_early_optical_clear_probe,1638249177,16,625.4,False
geometry_early_optical_clear_probe,1638249177,18,2242.272082309501,False
geometry_early_optical_clear_probe,3601871575,1,5.0,False
geometry_early_optical_clear_probe,3601871575,2,11.0,False
geometry_early_optical_clear_probe,3601871575,4,23.0,True
geometry_early_optical_clear_probe,3601871575,6,35.0,True
geometry_early_optical_clear_probe,3601871575,7,41.0,True
geometry_early_optical_clear_probe,3601871575,8,47.0,False
geometry_early_optical_clear_probe,3601871575,11,65.0,False
geometry_early_optical_clear_probe,3601871575,17,288.2,True
geometry_early_optical_clear_probe,3601871575,15,300.2,True
geometry_early_optical_clear_probe,3601871575,3,787.9526636071964,False
geometry_early_optical_clear_probe,3601871575,13,1771.085000249774,True
geometry_early_optical_clear_probe,3601871575,14,2849.0265178661443,True
geometry_early_optical_clear_probe,3601871575,10,2861.0265178661443,False
geometry_early_optical_clear_probe,3601871575,20,3124.5281863518376,True
geometry_early_optical_clear_probe,3601871575,16,6243.096986492708,True
geometry_early_optical_clear_probe,3601871575,12,6793.381755150544,True
geometry_early_optical_clear_probe,4075181434,6,35.0,False
geometry_early_optical_clear_probe,4075181434,7,41.0,False
geometry_early_optical_clear_probe,4075181434,12,71.0,True
geometry_early_optical_clear_probe,4075181434,15,89.0,True
geometry_early_optical_clear_probe,4075181434,11,324.2,False
geometry_early_optical_clear_probe,4075181434,18,667.8700372731648,True
geometry_early_optical_clear_probe,4075181434,20,1671.1039879843672,False
geometry_early_optical_clear_probe,4075181434,16,1840.3039879843673,True
geometry_early_optical_clear_probe,4075181434,1,2208.0793960373317,True
geometry_early_optical_clear_probe,4075181434,8,5578.627103314429,True
geometry_early_optical_clear_probe,4075181434,3,5943.256741661409,True
geometry_early_optical_clear_probe,4075181434,5,6184.173054013778,False
geometry_early_optical_clear_probe,4075181434,2,6202.173054013778,False
geometry_early_optical_clear_probe,4075181434,10,6395.373054013778,True
geometry_early_optical_clear_probe,904440320,3,17.0,False
geometry_early_optical_clear_probe,904440320,9,53.0,True
geometry_early_optical_clear_probe,904440320,11,65.0,False
geometry_early_optical_clear_probe,904440320,13,77.0,False
geometry_early_optical_clear_probe,904440320,15,300.2,True
geometry_early_optical_clear_probe,904440320,7,348.2,False
geometry_early_optical_clear_probe,904440320,17,619.4,False
geometry_early_optical_clear_probe,904440320,4,867.3037801948458,True
geometry_early_optical_clear_probe,904440320,2,873.3037801948458,True
geometry_early_optical_clear_probe,904440320,16,1162.1144604442188,True
geometry_early_optical_clear_probe,904440320,14,3043.2594498457934,False
geometry_early_optical_clear_probe,904440320,19,3061.2594498457934,False
geometry_early_optical_clear_probe,904440320,20,3457.546581516011,False
geometry_early_optical_clear_probe,904440320,1,4535.720689006083,True
geometry_early_optical_clear_probe,1725745611,1,5.0,True
geometry_early_optical_clear_probe,1725745611,4,23.0,False
geometry_early_optical_clear_probe,1725745611,6,35.0,False
geometry_early_optical_clear_probe,1725745611,17,101.0,False
geometry_early_optical_clear_probe,1725745611,10,330.2,False
geometry_early_optical_clear_probe,1725745611,9,336.2,False
geometry_early_optical_clear_probe,1725745611,2,378.2,False
geometry_early_optical_clear_probe,1725745611,5,564.4003496997442,False
geometry_early_optical_clear_probe,1725745611,8,576.4003496997442,False
geometry_early_optical_clear_probe,1725745611,18,2611.6797995938246,False
geometry_early_optical_clear_probe,1725745611,14,2629.6797995938246,False
geometry_early_optical_clear_probe,1725745611,15,2833.310315703865,False
geometry_early_optical_clear_probe,1725745611,3,2993.1771078664337,True
geometry_early_optical_clear_probe,1725745611,13,3608.5788506357503,False
geometry_early_optical_clear_probe,1725745611,20,3632.5788506357503,False
geometry_early_optical_clear_probe,1725745611,11,5012.914553450386,False
geometry_early_optical_clear_probe,3781241777,4,23.0,False
geometry_early_optical_clear_probe,3781241777,8,47.0,True
geometry_early_optical_clear_probe,3781241777,14,83.0,False
geometry_early_optical_clear_probe,3781241777,17,101.0,True
geometry_early_optical_clear_probe,3781241777,18,107.0,False
geometry_early_optical_clear_probe,3781241777,6,1447.5690506997744,False
geometry_early_optical_clear_probe,3781241777,11,1477.5690506997744,False
geometry_early_optical_clear_probe,3781241777,1,1766.7690506997744,True
geometry_early_optical_clear_probe,3781241777,13,1965.9690506997745,False
geometry_early_optical_clear_probe,3781241777,15,4721.998446483497,True
geometry_early_optical_clear_probe,3781241777,2,5669.600394764224,False
geometry_early_optical_clear_probe,3781241777,10,8234.642031268346,True
geometry_early_optical_clear_probe,1320713293,2,11.0,True
geometry_early_optical_clear_probe,1320713293,8,47.0,True
geometry_early_optical_clear_probe,1320713293,10,59.0,False
geometry_early_optical_clear_probe,1320713293,14,83.0,True
geometry_early_optical_clear_probe,1320713293,4,366.2,False
geometry_early_optical_clear_probe,1320713293,11,546.7095783636008,True
geometry_early_optical_clear_probe,1320713293,12,832.095221778468,False
geometry_early_optical_clear_probe,1320713293,3,874.095221778468,True
geometry_early_optical_clear_probe,1320713293,16,1621.695221778468,False
geometry_early_optical_clear_probe,1320713293,17,4076.0108983476935,False
geometry_early_optical_clear_probe,1320713293,15,5528.989884274924,False
geometry_early_optical_clear_probe,1320713293,6,5734.189884274924,True
geometry_early_optical_clear_probe,1320713293,19,7897.463076481713,True
geometry_early_optical_clear_probe,953149353,9,53.0,False
geometry_early_optical_clear_probe,953149353,11,65.0,True
geometry_early_optical_clear_probe,953149353,3,547.4,True
geometry_early_optical_clear_probe,953149353,5,559.4,True
geometry_early_optical_clear_probe,953149353,19,806.5999999999999,True
geometry_early_optical_clear_probe,953149353,15,830.5999999999999,False
geometry_early_optical_clear_probe,953149353,20,1313.0,True
geometry_early_optical_clear_probe,953149353,16,1337.0,False
geometry_early_optical_clear_probe,953149353,6,2832.50831017983,True
geometry_early_optical_clear_probe,953149353,8,4917.765625298028,True
geometry_early_optical_clear_probe,3486591628,1,5.0,True
geometry_early_optical_clear_probe,3486591628,2,11.0,False
geometry_early_optical_clear_probe,3486591628,3,17.0,False
geometry_early_optical_clear_probe,3486591628,9,53.0,False
geometry_early_optical_clear_probe,3486591628,12,71.0,False
geometry_early_optical_clear_probe,3486591628,17,101.0,False
geometry_early_optical_clear_probe,3486591628,16,294.2,False
geometry_early_optical_clear_probe,3486591628,7,348.2,True
geometry_early_optical_clear_probe,3486591628,6,561.9773185476758,False
geometry_early_optical_clear_probe,3486591628,8,573.9773185476758,False
geometry_early_optical_clear_probe,3486591628,5,1620.9142050675848,True
geometry_early_optical_clear_probe,3486591628,18,2151.3142050675847,True
geometry_early_optical_clear_probe,3486591628,14,3751.9260109809707,True
geometry_early_optical_clear_probe,3486591628,4,4559.689122208009,False
geometry_early_optical_clear_probe,2347731299,1,5.0,False
geometry_early_optical_clear_probe,2347731299,4,23.0,False
geometry_early_optical_clear_probe,2347731299,7,41.0,True
geometry_early_optical_clear_probe,2347731299,9,53.0,False
geometry_early_optical_clear_probe,2347731299,10,59.0,False
geometry_early_optical_clear_probe,2347731299,14,83.0,True
geometry_early_optical_clear_probe,2347731299,18,107.0,True
geometry_early_optical_clear_probe,2347731299,15,300.2,False
geometry_early_optical_clear_probe,2347731299,13,607.4,False
geometry_early_optical_clear_probe,2347731299,8,834.7318356567438,False
geometry_early_optical_clear_probe,2347731299,11,2337.412693896382,False
geometry_early_optical_clear_probe,2347731299,17,4027.064179352498,True
geometry_early_optical_clear_probe,2347731299,6,4051.064179352498,False
geometry_early_optical_clear_probe,2347731299,5,4057.064179352498,False
geometry_early_optical_clear_probe,2347731299,3,4063.064179352498,False
geometry_early_optical_clear_probe,2347731299,2,4509.458867392251,True
geometry_early_optical_clear_probe,3442983919,1,5.0,False
geometry_early_optical_clear_probe,3442983919,3,17.0,True
geometry_early_optical_clear_probe,3442983919,4,23.0,False
geometry_early_optical_clear_probe,3442983919,8,47.0,False
geometry_early_optical_clear_probe,3442983919,11,65.0,False
geometry_early_optical_clear_probe,3442983919,20,119.0,False
geometry_early_optical_clear_probe,3442983919,17,288.2,False
geometry_early_optical_clear_probe,3442983919,13,621.3316909450771,True
geometry_early_optical_clear_probe,3442983919,14,957.647693026151,False
geometry_early_optical_clear_probe,3442983919,7,1917.79335503269,True
geometry_early_optical_clear_probe,3442983919,18,4975.429840869399,True
geometry_early_optical_clear_probe,3442983919,5,5616.083976195089,False
geometry_early_optical_clear_probe,3442983919,12,6018.318515222179,False
geometry_early_optical_clear_probe,3442983919,9,6682.007331256772,True
geometry_early_optical_clear_probe,3460247077,4,23.0,True
geometry_early_optical_clear_probe,3460247077,6,35.0,True
geometry_early_optical_clear_probe,3460247077,9,53.0,True
geometry_early_optical_clear_probe,3460247077,11,65.0,False
geometry_early_optical_clear_probe,3460247077,15,89.0,True
geometry_early_optical_clear_probe,3460247077,18,107.0,False
geometry_early_optical_clear_probe,3460247077,19,113.0,True
geometry_early_optical_clear_probe,3460247077,3,372.2,False
geometry_early_optical_clear_probe,3460247077,8,854.5999999999999,True
geometry_early_optical_clear_probe,3460247077,2,1477.206871985672,True
geometry_early_optical_clear_probe,3460247077,14,1904.3185765251656,False
geometry_early_optical_clear_probe,3460247077,16,2427.6326305686866,False
geometry_early_optical_clear_probe,3460247077,5,5033.766185991868,False
geometry_early_optical_clear_probe,3510815558,7,41.0,True
geometry_early_optical_clear_probe,3510815558,9,53.0,False
geometry_early_optical_clear_probe,3510815558,20,270.2,False
geometry_early_optical_clear_probe,3510815558,14,306.2,True
geometry_early_optical_clear_probe,3510815558,6,354.2,True
geometry_early_optical_clear_probe,3510815558,5,360.2,False
geometry_early_optical_clear_probe,3510815558,2,378.2,True
geometry_early_optical_clear_probe,3510815558,10,511.75680058307654,True
geometry_early_optical_clear_probe,3510815558,18,727.9376232172795,True
geometry_early_optical_clear_probe,3510815558,4,805.9376232172795,False
geometry_early_optical_clear_probe,3510815558,3,2385.2829916593823,False
geometry_early_optical_clear_probe,3510815558,19,3137.052412010915,False
geometry_early_optical_clear_probe,3510815558,16,3300.2524120109147,True
geometry_early_optical_clear_probe,3510815558,12,3324.2524120109147,False
geometry_early_optical_clear_probe,3510815558,13,3529.4524120109145,False
geometry_early_optical_clear_probe,3510815558,1,4770.1765112629,True
geometry_early_optical_clear_probe,2255233338,6,35.0,True
geometry_early_optical_clear_probe,2255233338,8,47.0,True
geometry_early_optical_clear_probe,2255233338,9,53.0,False
geometry_early_optical_clear_probe,2255233338,11,65.0,True
geometry_early_optical_clear_probe,2255233338,14,83.0,False
geometry_early_optical_clear_probe,2255233338,17,101.0,True
geometry_early_optical_clear_probe,2255233338,15,300.2,True
geometry_early_optical_clear_probe,2255233338,5,360.2,True
geometry_early_optical_clear_probe,2255233338,16,839.1017406081728,False
geometry_early_optical_clear_probe,2255233338,7,887.1017406081728,False
geometry_early_optical_clear_probe,2255233338,20,5593.735821047245,False
geometry_early_optical_clear_probe,2255233338,12,5840.935821047245,False
geometry_early_optical_clear_probe,2255233338,13,6002.814756223971,True
geometry_early_optical_clear_probe,2905097109,5,29.0,False
geometry_early_optical_clear_probe,2905097109,7,41.0,True
geometry_early_optical_clear_probe,2905097109,9,53.0,True
geometry_early_optical_clear_probe,2905097109,18,107.0,False
geometry_early_optical_clear_probe,2905097109,19,113.0,False
geometry_early_optical_clear_probe,2905097109,11,324.2,False
geometry_early_optical_clear_probe,2905097109,3,501.21579205283973,True
geometry_early_optical_clear_probe,2905097109,8,885.7642386053974,False
geometry_early_optical_clear_probe,2905097109,1,915.7642386053974,False
geometry_early_optical_clear_probe,2905097109,13,1484.2466258647955,False
geometry_early_optical_clear_probe,2905097109,2,1860.4598226006467,True
geometry_early_optical_clear_probe,2905097109,4,3952.186478290402,True
geometry_early_optical_clear_probe,2905097109,15,4310.293283278957,True
geometry_early_optical_clear_probe,463661206,4,23.0,False
geometry_early_optical_clear_probe,463661206,5,29.0,False
geometry_early_optical_clear_probe,463661206,9,53.0,True
geometry_early_optical_clear_probe,463661206,10,59.0,False
geometry_early_optical_clear_probe,463661206,11,65.0,True
geometry_early_optical_clear_probe,463661206,12,71.0,False
geometry_early_optical_clear_probe,463661206,14,83.0,False
geometry_early_optical_clear_probe,463661206,15,89.0,False
geometry_early_optical_clear_probe,463661206,18,614.8830895826736,True
geometry_early_optical_clear_probe,463661206,17,778.5277484981874,True
geometry_early_optical_clear_probe,463661206,2,1501.0489762805742,False
geometry_early_optical_clear_probe,463661206,8,1531.0489762805742,False
geometry_early_optical_clear_probe,463661206,7,2310.159265831986,True
geometry_early_optical_clear_probe,463661206,13,2328.159265831986,True
geometry_early_optical_clear_probe,463661206,16,4710.1458191911925,True
geometry_early_optical_clear_probe,463661206,3,5847.605573134917,True
geometry_early_optical_clear_probe,2188112003,4,23.0,False
geometry_early_optical_clear_probe,2188112003,5,29.0,False
geometry_early_optical_clear_probe,2188112003,6,35.0,False
geometry_early_optical_clear_probe,2188112003,9,53.0,False
geometry_early_optical_clear_probe,2188112003,16,95.0,False
geometry_early_optical_clear_probe,2188112003,20,270.2,True
geometry_early_optical_clear_probe,2188112003,12,318.2,False
geometry_early_optical_clear_probe,2188112003,11,324.2,False
geometry_early_optical_clear_probe,2188112003,7,348.2,True
geometry_early_optical_clear_probe,2188112003,18,1184.7083622016464,False
geometry_early_optical_clear_probe,2188112003,14,1984.555977279682,True
geometry_early_optical_clear_probe,2188112003,17,2406.955977279682,True
geometry_early_optical_clear_probe,760982152,3,17.0,False
geometry_early_optical_clear_probe,760982152,11,65.0,True
geometry_early_optical_clear_probe,760982152,19,276.2,False
geometry_early_optical_clear_probe,760982152,4,366.2,False
geometry_early_optical_clear_probe,760982152,1,384.2,True
geometry_early_optical_clear_probe,760982152,5,559.4,True
geometry_early_optical_clear_probe,760982152,16,1513.1765976958916,True
geometry_early_optical_clear_probe,760982152,15,2234.346505609777,True
geometry_early_optical_clear_probe,760982152,6,2282.346505609777,True
geometry_early_optical_clear_probe,760982152,2,2407.468622082032,True
geometry_early_optical_clear_probe,760982152,20,2485.468622082032,True
geometry_early_optical_clear_probe,760982152,7,3414.1913422813377,False
geometry_early_optical_clear_probe,760982152,9,3627.0071151046427,True
geometry_early_optical_clear_probe,760982152,12,4209.358837351059,False
geometry_early_optical_clear_probe,760982152,14,4221.358837351059,True
geometry_early_optical_clear_probe,760982152,18,4239.358837351059,True
geometry_early_optical_clear_probe,2627106781,9,53.0,True
geometry_early_optical_clear_probe,2627106781,10,59.0,True
geometry_early_optical_clear_probe,2627106781,17,101.0,False
geometry_early_optical_clear_probe,2627106781,19,113.0,False
geometry_early_optical_clear_probe,2627106781,14,306.2,False
geometry_early_optical_clear_probe,2627106781,8,826.7225611904698,True
geometry_early_optical_clear_probe,2627106781,16,1109.9225611904699,True
geometry_early_optical_clear_probe,2627106781,2,2496.0637408256016,True
geometry_early_optical_clear_probe,2627106781,4,4086.706732121409,True
geometry_early_optical_clear_probe,2627106781,18,4786.3067321214085,False
geometry_early_optical_clear_probe,2627106781,11,5721.106732121408,True
geometry_early_optical_clear_probe,1932890811,8,47.0,False
geometry_early_optical_clear_probe,1932890811,11,65.0,False
geometry_early_optical_clear_probe,1932890811,20,270.2,False
geometry_early_optical_clear_probe,1932890811,17,3129.7224937627498,True
geometry_early_optical_clear_probe,1932890811,16,3135.7224937627498,False
geometry_early_optical_clear_probe,1932890811,6,3844.0391016350895,True
geometry_early_optical_clear_probe,1932890811,3,4507.639101635089,True
geometry_early_optical_clear_probe,1932890811,13,4748.839101635089,True
geometry_early_optical_clear_probe,1932890811,2,4796.839101635089,False
geometry_early_optical_clear_probe,1932890811,19,5603.541447411601,True
geometry_early_optical_clear_probe,1932890811,18,5892.741447411601,True
geometry_early_optical_clear_probe,1982421215,1,5.0,False
geometry_early_optical_clear_probe,1982421215,3,17.0,False
geometry_early_optical_clear_probe,1982421215,5,29.0,True
geometry_early_optical_clear_probe,1982421215,6,35.0,False
geometry_early_optical_clear_probe,1982421215,7,41.0,False
geometry_early_optical_clear_probe,1982421215,12,71.0,False
geometry_early_optical_clear_probe,1982421215,15,89.0,True
geometry_early_optical_clear_probe,1982421215,16,95.0,True
geometry_early_optical_clear_probe,1982421215,20,119.0,True
geometry_early_optical_clear_probe,1982421215,18,282.2,True
geometry_early_optical_clear_probe,1982421215,11,808.4401921522651,True
geometry_early_optical_clear_probe,1982421215,13,1018.5340035372085,True
geometry_early_optical_clear_probe,1982421215,2,2691.524576116878,False
geometry_early_optical_clear_probe,1982421215,8,2867.724576116878,True
geometry_early_optical_clear_probe,1982421215,14,3084.9245761168777,True
geometry_early_optical_clear_probe,1982421215,17,4454.321958509754,True
geometry_early_optical_clear_probe,3826375864,1,5.0,False
geometry_early_optical_clear_probe,3826375864,6,35.0,True
geometry_early_optical_clear_probe,3826375864,9,53.0,False
geometry_early_optical_clear_probe,3826375864,16,95.0,True
geometry_early_optical_clear_probe,3826375864,17,101.0,False
geometry_early_optical_clear_probe,3826375864,19,113.0,False
geometry_early_optical_clear_probe,3826375864,7,348.2,False
geometry_early_optical_clear_probe,3826375864,2,378.2,False
geometry_early_optical_clear_probe,3826375864,15,1495.9065688981434,False
geometry_early_optical_clear_probe,3826375864,20,2855.273342549692,True
geometry_early_optical_clear_probe,3826375864,18,3806.2992051899732,True
geometry_early_optical_clear_probe,3826375864,8,5130.401678261084,True
geometry_early_optical_clear_probe,663262253,4,23.0,True
geometry_early_optical_clear_probe,663262253,7,41.0,False
geometry_early_optical_clear_probe,663262253,19,113.0,False
geometry_early_optical_clear_probe,663262253,15,300.2,False
geometry_early_optical_clear_probe,663262253,12,318.2,True
geometry_early_optical_clear_probe,663262253,5,360.2,True
geometry_early_optical_clear_probe,663262253,8,3334.2045797125347,False
geometry_early_optical_clear_probe,663262253,16,3581.4045797125345,True
geometry_early_optical_clear_probe,663262253,10,4757.908755221699,True
geometry_early_optical_clear_probe,663262253,17,5005.108755221699,True
geometry_early_optical_clear_probe,663262253,18,5011.108755221699,False
geometry_early_optical_clear_probe,663262253,6,6278.3087552216975,True
geometry_early_optical_clear_probe,1322543577,3,17.0,False
geometry_early_optical_clear_probe,1322543577,4,23.0,False
geometry_early_optical_clear_probe,1322543577,7,41.0,True
geometry_early_optical_clear_probe,1322543577,9,53.0,False
geometry_early_optical_clear_probe,1322543577,18,107.0,True
geometry_early_optical_clear_probe,1322543577,8,342.2,False
geometry_early_optical_clear_probe,1322543577,1,535.4,True
geometry_early_optical_clear_probe,1322543577,6,559.4,True
geometry_early_optical_clear_probe,1322543577,12,1237.53133622885,False
geometry_early_optical_clear_probe,1322543577,17,1450.0247140529232,True
geometry_early_optical_clear_probe,1322543577,20,1462.0247140529232,True
geometry_early_optical_clear_probe,1322543577,19,7502.08635665958,True
geometry_early_optical_clear_probe,2067643933,13,77.0,False
geometry_early_optical_clear_probe,2067643933,16,95.0,False
geometry_early_optical_clear_probe,2067643933,18,107.0,False
geometry_early_optical_clear_probe,2067643933,4,366.2,False
geometry_early_optical_clear_probe,2067643933,15,620.5959960610253,False
geometry_early_optical_clear_probe,2067643933,19,807.1704748013751,False
geometry_early_optical_clear_probe,2067643933,14,1085.491653790951,True
geometry_early_optical_clear_probe,2067643933,20,1109.491653790951,True
geometry_early_optical_clear_probe,2067643933,2,2902.3393349685175,True
geometry_early_optical_clear_probe,2067643933,3,2908.3393349685175,True
geometry_early_optical_clear_probe,2067643933,17,4204.42229578447,True
geometry_early_optical_clear_probe,2067643933,10,4827.135201895761,True
geometry_early_optical_clear_probe,2067643933,7,5888.850006129292,False
geometry_early_optical_clear_probe,2067643933,12,7355.25000612929,True
geometry_early_optical_clear_probe,2888527659,14,83.0,False
geometry_early_optical_clear_probe,2888527659,17,101.0,False
geometry_early_optical_clear_probe,2888527659,18,107.0,True
geometry_early_optical_clear_probe,2888527659,12,318.2,False
geometry_early_optical_clear_probe,2888527659,4,366.2,True
geometry_early_optical_clear_probe,2888527659,9,628.499197527052,True
geometry_early_optical_clear_probe,2888527659,10,634.499197527052,False
geometry_early_optical_clear_probe,2888527659,16,1683.785197887502,True
geometry_early_optical_clear_probe,2888527659,20,1832.5004489561722,False
geometry_early_optical_clear_probe,2888527659,7,1886.5004489561722,True
geometry_early_optical_clear_probe,2888527659,5,1898.5004489561722,True
geometry_early_optical_clear_probe,2888527659,11,2320.900448956172,False
geometry_early_optical_clear_probe,2888527659,8,2939.52583640958,True
geometry_early_optical_clear_probe,2888527659,19,6188.7759702536605,False
geometry_early_optical_clear_probe,3040328797,9,53.0,False
geometry_early_optical_clear_probe,3040328797,14,83.0,False
geometry_early_optical_clear_probe,3040328797,15,89.0,False
geometry_early_optical_clear_probe,3040328797,18,107.0,False
geometry_early_optical_clear_probe,3040328797,11,324.2,False
geometry_early_optical_clear_probe,3040328797,2,378.2,True
geometry_early_optical_clear_probe,3040328797,5,608.9909236472379,False
geometry_early_optical_clear_probe,3040328797,13,650.9909236472379,True
geometry_early_optical_clear_probe,3040328797,17,3074.2842270673327,True
geometry_early_optical_clear_probe,3040328797,20,3238.5297240966706,False
geometry_early_optical_clear_probe,3040328797,3,3900.9466787358906,True
geometry_early_optical_clear_probe,663222075,1,5.0,False
geometry_early_optical_clear_probe,663222075,3,17.0,False
geometry_early_optical_clear_probe,663222075,6,35.0,True
geometry_early_optical_clear_probe,663222075,7,41.0,False
geometry_early_optical_clear_probe,663222075,12,71.0,False
geometry_early_optical_clear_probe,663222075,13,77.0,False
geometry_early_optical_clear_probe,663222075,14,83.0,False
geometry_early_optical_clear_probe,663222075,20,119.0,True
geometry_early_optical_clear_probe,663222075,2,770.8364927022126,True
geometry_early_optical_clear_probe,663222075,9,1106.2365001415005,False
geometry_early_optical_clear_probe,663222075,5,1544.4185195559935,True
geometry_early_optical_clear_probe,663222075,10,2078.9933850978236,False
geometry_early_optical_clear_probe,663222075,18,2108.9933850978236,False
geometry_early_optical_clear_probe,663222075,4,2314.1933850978235,True
geometry_early_optical_clear_probe,2192379678,1,5.0,False
geometry_early_optical_clear_probe,2192379678,2,11.0,False
geometry_early_optical_clear_probe,2192379678,4,23.0,False
geometry_early_optical_clear_probe,2192379678,10,59.0,True
geometry_early_optical_clear_probe,2192379678,11,65.0,False
geometry_early_optical_clear_probe,2192379678,12,71.0,False
geometry_early_optical_clear_probe,2192379678,14,83.0,True
geometry_early_optical_clear_probe,2192379678,15,89.0,False
geometry_early_optical_clear_probe,2192379678,3,922.2368897694068,True
geometry_early_optical_clear_probe,2192379678,9,958.2368897694068,False
geometry_early_optical_clear_probe,2192379678,6,1221.7509637103367,True
geometry_early_optical_clear_probe,2192379678,8,1370.6241491575588,True
geometry_early_optical_clear_probe,2192379678,19,2052.578942419894,False
geometry_early_optical_clear_probe,2192379678,7,2620.6729094942257,True
geometry_early_optical_clear_probe,2192379678,13,2766.467387776566,False
geometry_early_optical_clear_probe,2192379678,20,4343.163252511275,True
geometry_early_optical_clear_probe,3045147604,4,23.0,False
geometry_early_optical_clear_probe,3045147604,6,35.0,False
geometry_early_optical_clear_probe,3045147604,9,53.0,False
geometry_early_optical_clear_probe,3045147604,10,59.0,True
geometry_early_optical_clear_probe,3045147604,11,65.0,False
geometry_early_optical_clear_probe,3045147604,14,83.0,False
geometry_early_optical_clear_probe,3045147604,18,107.0,True
geometry_early_optical_clear_probe,3045147604,5,360.2,True
geometry_early_optical_clear_probe,3045147604,7,1703.2479615440254,True
geometry_early_optical_clear_probe,3045147604,20,2423.2460418679066,True
geometry_early_optical_clear_probe,3045147604,17,2865.5404035118845,False
geometry_early_optical_clear_probe,3045147604,2,7465.909356898332,True
geometry_early_optical_clear_probe,1240256341,2,11.0,False
geometry_early_optical_clear_probe,1240256341,6,35.0,False
geometry_early_optical_clear_probe,1240256341,10,59.0,True
geometry_early_optical_clear_probe,1240256341,11,65.0,True
geometry_early_optical_clear_probe,1240256341,13,77.0,False
geometry_early_optical_clear_probe,1240256341,18,107.0,False
geometry_early_optical_clear_probe,1240256341,15,300.2,False
geometry_early_optical_clear_probe,1240256341,9,336.2,False
geometry_early_optical_clear_probe,1240256341,19,986.8549909487558,False
geometry_early_optical_clear_probe,1240256341,7,1243.1754748440508,True
geometry_early_optical_clear_probe,1240256341,1,2529.2785940344493,True
geometry_early_optical_clear_probe,1240256341,17,6339.595218010598,False
geometry_early_optical_clear_probe,225597348,3,17.0,False
geometry_early_optical_clear_probe,225597348,9,53.0,True
geometry_early_optical_clear_probe,225597348,11,65.0,False
geometry_early_optical_clear_probe,225597348,12,71.0,False
geometry_early_optical_clear_probe,225597348,14,83.0,False
geometry_early_optical_clear_probe,225597348,15,89.0,False
geometry_early_optical_clear_probe,225597348,17,101.0,False
geometry_early_optical_clear_probe,225597348,18,282.2,True
geometry_early_optical_clear_probe,225597348,16,1511.4779991906864,False
geometry_early_optical_clear_probe,225597348,13,1668.1229510750086,True
geometry_early_optical_clear_probe,225597348,10,1674.1229510750086,False
geometry_early_optical_clear_probe,225597348,6,1692.1229510750086,True
geometry_early_optical_clear_probe,225597348,2,2448.3409318200333,False
geometry_early_optical_clear_probe,225597348,5,2605.556179255161,True
geometry_early_optical_clear_probe,225597348,4,2997.6339800548403,False
geometry_early_optical_clear_probe,225597348,1,3015.6339800548403,True
geometry_early_optical_clear_probe,3850090104,5,29.0,True
geometry_early_optical_clear_probe,3850090104,18,282.2,True
geometry_early_optical_clear_probe,3850090104,11,324.2,True
geometry_early_optical_clear_probe,3850090104,1,384.2,True
geometry_early_optical_clear_probe,3850090104,4,1183.892580911505,False
geometry_early_optical_clear_probe,3850090104,17,1249.892580911505,True
geometry_early_optical_clear_probe,3850090104,9,1467.0925809115051,True
geometry_early_optical_clear_probe,3850090104,16,2408.336207964722,False
geometry_early_optical_clear_probe,3850090104,3,2468.336207964722,True
geometry_early_optical_clear_probe,3850090104,20,2721.5362079647216,True
geometry_early_optical_clear_probe,3850090104,8,2932.7362079647214,True
geometry_early_optical_clear_probe,3850090104,2,3322.2935304920893,True
geometry_early_optical_clear_probe,3850090104,7,3806.064890842546,True
geometry_early_optical_clear_probe,3850090104,10,5195.317523633201,True
geometry_early_optical_clear_probe,2113552692,8,47.0,False
geometry_early_optical_clear_probe,2113552692,11,65.0,False
geometry_early_optical_clear_probe,2113552692,20,270.2,False
geometry_early_optical_clear_probe,2113552692,2,378.2,False
geometry_early_optical_clear_probe,2113552692,18,826.6901723591845,True
geometry_early_optical_clear_probe,2113552692,15,2389.3507807483375,False
geometry_early_optical_clear_probe,2113552692,14,4335.249442418509,True
geometry_early_optical_clear_probe,2113552692,10,5369.380447141554,True
geometry_early_optical_clear_probe,2113552692,7,5592.580447141554,True
geometry_early_optical_clear_probe,2113552692,5,5604.580447141554,False
geometry_early_optical_clear_probe,2113552692,17,6002.980447141554,True
geometry_early_optical_clear_probe,2113552692,4,6056.980447141554,True
geometry_early_optical_clear_probe,313543895,9,53.0,False
geometry_early_optical_clear_probe,313543895,10,59.0,False
geometry_early_optical_clear_probe,313543895,14,83.0,True
geometry_early_optical_clear_probe,313543895,16,95.0,False
geometry_early_optical_clear_probe,313543895,17,101.0,False
geometry_early_optical_clear_probe,313543895,19,113.0,True
geometry_early_optical_clear_probe,313543895,15,300.2,True
geometry_early_optical_clear_probe,313543895,11,324.2,True
geometry_early_optical_clear_probe,313543895,2,378.2,False
geometry_early_optical_clear_probe,313543895,13,1553.022820869291,True
geometry_early_optical_clear_probe,313543895,7,4145.959211585837,True
geometry_early_optical_clear_probe,313543895,4,4339.159211585837,False
geometry_early_optical_clear_probe,313543895,3,4592.359211585836,False
geometry_early_optical_clear_probe,313543895,8,5038.3486792199665,True
geometry_early_optical_clear_probe,313543895,18,6082.993551913603,True
geometry_early_optical_clear_probe,313543895,5,7402.1871665545905,True
geometry_early_optical_clear_probe,2341854946,5,29.0,False
geometry_early_optical_clear_probe,2341854946,8,47.0,False
geometry_early_optical_clear_probe,2341854946,14,306.2,False
geometry_early_optical_clear_probe,2341854946,18,767.224647198562,True
geometry_early_optical_clear_probe,2341854946,16,779.224647198562,False
geometry_early_optical_clear_probe,2341854946,15,785.224647198562,True
geometry_early_optical_clear_probe,2341854946,9,821.224647198562,True
geometry_early_optical_clear_probe,2341854946,12,1062.424647198562,True
geometry_early_optical_clear_probe,2341854946,2,1415.2225447061146,True
geometry_early_optical_clear_probe,2341854946,20,3488.0471470327893,True
geometry_early_optical_clear_probe,2555863769,4,23.0,False
geometry_early_optical_clear_probe,2555863769,8,47.0,False
geometry_early_optical_clear_probe,2555863769,11,65.0,False
geometry_early_optical_clear_probe,2555863769,12,71.0,False
geometry_early_optical_clear_probe,2555863769,3,372.2,False
geometry_early_optical_clear_probe,2555863769,2,947.027814801756,True
geometry_early_optical_clear_probe,2555863769,6,1398.4860030463,True
geometry_early_optical_clear_probe,2555863769,16,1645.6860030463001,True
geometry_early_optical_clear_probe,2555863769,20,6443.25265663529,False
geometry_early_optical_clear_probe,2555863769,5,6666.45265663529,False
geometry_early_optical_clear_probe,2555863769,10,6684.45265663529,False
geometry_early_optical_clear_probe,3885949541,9,53.0,False
geometry_early_optical_clear_probe,3885949541,11,65.0,False
geometry_early_optical_clear_probe,3885949541,13,77.0,False
geometry_early_optical_clear_probe,3885949541,14,83.0,False
geometry_early_optical_clear_probe,3885949541,15,89.0,False
geometry_early_optical_clear_probe,3885949541,18,107.0,True
geometry_early_optical_clear_probe,3885949541,19,276.2,False
geometry_early_optical_clear_probe,3885949541,6,354.2,False
geometry_early_optical_clear_probe,3885949541,7,571.4,True
geometry_early_optical_clear_probe,3885949541,8,2385.765931866508,False
geometry_early_optical_clear_probe,3885949541,5,3694.9659318665067,False
geometry_early_optical_clear_probe,3885949541,17,4049.954530209172,False
geometry_early_optical_clear_probe,3885949541,2,4960.894496058744,True
geometry_early_optical_clear_probe,3885949541,16,4990.894496058744,True
geometry_early_optical_clear_probe,3885949541,20,5996.426452989888,True
geometry_early_optical_clear_probe,3867159872,1,5.0,False
geometry_early_optical_clear_probe,3867159872,3,17.0,False
geometry_early_optical_clear_probe,3867159872,8,47.0,False
geometry_early_optical_clear_probe,3867159872,9,53.0,True
geometry_early_optical_clear_probe,3867159872,13,77.0,False
geometry_early_optical_clear_probe,3867159872,14,83.0,False
geometry_early_optical_clear_probe,3867159872,15,89.0,False
geometry_early_optical_clear_probe,3867159872,19,276.2,True
geometry_early_optical_clear_probe,3867159872,4,2697.312355737483,True
geometry_early_optical_clear_probe,3867159872,5,3172.420297131588,True
geometry_early_optical_clear_probe,3867159872,20,3226.420297131588,True
geometry_early_optical_clear_probe,3867159872,7,3419.620297131588,False
geometry_early_optical_clear_probe,3867159872,17,5900.529347393976,True
geometry_early_optical_clear_probe,2873296562,2,11.0,True
geometry_early_optical_clear_probe,2873296562,3,17.0,False
geometry_early_optical_clear_probe,2873296562,8,47.0,False
geometry_early_optical_clear_probe,2873296562,11,65.0,False
geometry_early_optical_clear_probe,2873296562,13,77.0,False
geometry_early_optical_clear_probe,2873296562,14,83.0,True
geometry_early_optical_clear_probe,2873296562,16,95.0,False
geometry_early_optical_clear_probe,2873296562,18,1626.5209018762546,False
geometry_early_optical_clear_probe,2873296562,15,2549.6774963776766,True
geometry_early_optical_clear_probe,2873296562,1,4475.863994830358,True
geometry_early_optical_clear_probe,660282802,5,29.0,False
geometry_early_optical_clear_probe,660282802,7,41.0,True
geometry_early_optical_clear_probe,660282802,8,342.2,False
geometry_early_optical_clear_probe,660282802,6,354.2,False
geometry_early_optical_clear_probe,660282802,1,544.1478998756044,True
geometry_early_optical_clear_probe,660282802,16,628.1478998756044,True
geometry_early_optical_clear_probe,660282802,18,640.1478998756044,False
geometry_early_optical_clear_probe,660282802,4,893.3478998756043,False
geometry_early_optical_clear_probe,660282802,11,2214.049341663996,True
geometry_early_optical_clear_probe,660282802,20,2413.249341663996,True
geometry_early_optical_clear_probe,660282802,9,2666.4493416639957,True
geometry_early_optical_clear_probe,660282802,12,3112.2266675602054,False
geometry_early_optical_clear_probe,281419803,3,17.0,False
geometry_early_optical_clear_probe,281419803,9,53.0,False
geometry_early_optical_clear_probe,281419803,11,65.0,True
geometry_early_optical_clear_probe,281419803,12,71.0,False
geometry_early_optical_clear_probe,281419803,16,95.0,False
geometry_early_optical_clear_probe,281419803,19,113.0,True
geometry_early_optical_clear_probe,281419803,15,300.2,False
geometry_early_optical_clear_probe,281419803,14,1091.7860748313901,True
geometry_early_optical_clear_probe,281419803,8,1964.2686141138643,False
geometry_early_optical_clear_probe,281419803,4,5061.439183382418,True
geometry_early_optical_clear_probe,281419803,2,5067.439183382418,True
geometry_early_optical_clear_probe,805258525,6,35.0,False
geometry_early_optical_clear_probe,805258525,14,83.0,False
geometry_early_optical_clear_probe,805258525,15,89.0,False
geometry_early_optical_clear_probe,805258525,17,101.0,True
geometry_early_optical_clear_probe,805258525,18,107.0,False
geometry_early_optical_clear_probe,805258525,12,318.2,False
geometry_early_optical_clear_probe,805258525,8,342.2,True
geometry_early_optical_clear_probe,805258525,2,378.2,False
geometry_early_optical_clear_probe,805258525,1,384.2,True
geometry_early_optical_clear_probe,805258525,4,570.9636956329919,False
geometry_early_optical_clear_probe,805258525,9,2889.3825135863694,True
geometry_early_optical_clear_probe,805258525,5,3461.664277932011,False
geometry_early_optical_clear_probe,805258525,20,5404.074060369061,True
geometry_early_optical_clear_probe,805258525,19,5861.628836069215,True
geometry_early_optical_clear_probe,805258525,3,5897.628836069215,False
geometry_early_optical_clear_probe,767962998,5,29.0,False
geometry_early_optical_clear_probe,767962998,10,59.0,False
geometry_early_optical_clear_probe,767962998,11,65.0,True
geometry_early_optical_clear_probe,767962998,14,83.0,False
geometry_early_optical_clear_probe,767962998,15,89.0,False
geometry_early_optical_clear_probe,767962998,20,741.2008393572659,True
geometry_early_optical_clear_probe,767962998,7,1730.7360492815187,True
geometry_early_optical_clear_probe,767962998,2,5471.870245277689,True
geometry_early_optical_clear_probe,767962998,6,5489.870245277689,False
geometry_early_optical_clear_probe,767962998,19,5537.870245277689,False
geometry_early_optical_clear_probe,767962998,13,6728.580415093878,True
geometry_early_optical_clear_probe,3910616127,2,11.0,False
geometry_early_optical_clear_probe,3910616127,5,29.0,True
geometry_early_optical_clear_probe,3910616127,7,41.0,False
geometry_early_optical_clear_probe,3910616127,14,83.0,True
geometry_early_optical_clear_probe,3910616127,18,107.0,False
geometry_early_optical_clear_probe,3910616127,17,288.2,False
geometry_early_optical_clear_probe,3910616127,9,336.2,True
geometry_early_optical_clear_probe,3910616127,15,591.4675077117952,True
geometry_early_optical_clear_probe,3910616127,16,1072.918330525139,True
geometry_early_optical_clear_probe,3910616127,11,1284.118330525139,False
geometry_early_optical_clear_probe,3910616127,6,1772.5183305251392,True
geometry_early_optical_clear_probe,3910616127,20,2164.918330525139,False
geometry_early_optical_clear_probe,3910616127,4,2400.118330525139,True
geometry_early_optical_clear_probe,3910616127,19,3295.6729740108385,True
geometry_early_optical_clear_probe,1274595632,2,11.0,True
geometry_early_optical_clear_probe,1274595632,9,53.0,False
geometry_early_optical_clear_probe,1274595632,14,83.0,False
geometry_early_optical_clear_probe,1274595632,15,89.0,False
geometry_early_optical_clear_probe,1274595632,10,330.2,False
geometry_early_optical_clear_probe,1274595632,18,648.4722997762684,False
geometry_early_optical_clear_probe,1274595632,20,823.8155968993523,False
geometry_early_optical_clear_probe,1274595632,17,841.8155968993523,True
geometry_early_optical_clear_probe,1274595632,12,1519.0778931780465,True
geometry_early_optical_clear_probe,1274595632,5,1549.0778931780465,False
geometry_early_optical_clear_probe,1274595632,1,1573.0778931780465,False
geometry_early_optical_clear_probe,1274595632,6,1754.2778931780465,True
geometry_early_optical_clear_probe,1274595632,13,3659.031690750179,True
geometry_early_optical_clear_probe,3660539139,2,11.0,True
geometry_early_optical_clear_probe,3660539139,6,35.0,False
geometry_early_optical_clear_probe,3660539139,16,95.0,True
geometry_early_optical_clear_probe,3660539139,19,113.0,True
geometry_early_optical_clear_probe,3660539139,17,288.2,True
geometry_early_optical_clear_probe,3660539139,15,300.2,False
geometry_early_optical_clear_probe,3660539139,13,312.2,True
geometry_early_optical_clear_probe,3660539139,3,531.86376132223,True
geometry_early_optical_clear_probe,3660539139,20,780.0280337027662,True
geometry_early_optical_clear_probe,3660539139,7,852.0280337027662,True
geometry_early_optical_clear_probe,3660539139,9,1546.7860442326833,False
geometry_early_optical_clear_probe,3660539139,1,3613.341465915086,False
geometry_early_optical_clear_probe,1978085250,2,11.0,False
geometry_early_optical_clear_probe,1978085250,8,47.0,True
geometry_early_optical_clear_probe,1978085250,17,101.0,False
geometry_early_optical_clear_probe,1978085250,18,107.0,False
geometry_early_optical_clear_probe,1978085250,19,113.0,True
geometry_early_optical_clear_probe,1978085250,15,619.4,True
geometry_early_optical_clear_probe,1978085250,1,1365.428632743054,True
geometry_early_optical_clear_probe,1978085250,6,1395.428632743054,True
geometry_early_optical_clear_probe,1978085250,7,1883.8286327430542,False
geometry_early_optical_clear_probe,1978085250,10,1895.8286327430542,True
geometry_early_optical_clear_probe,1978085250,9,5642.474920712306,True
geometry_early_optical_clear_probe,1978085250,11,5648.474920712306,False
geometry_early_optical_clear_probe,1978085250,13,5660.474920712306,True
geometry_early_optical_clear_probe,1978085250,20,5829.674920712306,True
geometry_early_optical_clear_probe,1978085250,12,6990.848800155956,True
geometry_early_optical_clear_probe,934000537,1,5.0,False
geometry_early_optical_clear_probe,934000537,2,11.0,False
geometry_early_optical_clear_probe,934000537,3,17.0,False
geometry_early_optical_clear_probe,934000537,9,53.0,False
geometry_early_optical_clear_probe,934000537,10,59.0,False
geometry_early_optical_clear_probe,934000537,12,71.0,False
geometry_early_optical_clear_probe,934000537,20,270.2,True
geometry_early_optical_clear_probe,934000537,7,516.6372056491051,True
geometry_early_optical_clear_probe,934000537,17,772.5797501343059,True
geometry_early_optical_clear_probe,934000537,11,802.5797501343059,False
geometry_early_optical_clear_probe,934000537,4,844.5797501343059,True
geometry_early_optical_clear_probe,934000537,8,2090.0634705412463,True
geometry_early_optical_clear_probe,934000537,13,2570.6770671892814,True
geometry_early_optical_clear_probe,934000537,16,4457.4831385195885,True
geometry_early_optical_clear_probe,934000537,14,4644.683138519588,True
geometry_early_optical_clear_probe,934000537,15,5771.854815966648,True
geometry_early_optical_clear_probe,3314903635,1,5.0,False
geometry_early_optical_clear_probe,3314903635,3,17.0,False
geometry_early_optical_clear_probe,3314903635,4,23.0,True
geometry_early_optical_clear_probe,3314903635,6,35.0,True
geometry_early_optical_clear_probe,3314903635,8,47.0,False
geometry_early_optical_clear_probe,3314903635,10,59.0,False
geometry_early_optical_clear_probe,3314903635,11,65.0,False
geometry_early_optical_clear_probe,3314903635,15,300.2,False
geometry_early_optical_clear_probe,3314903635,13,312.2,False
geometry_early_optical_clear_probe,3314903635,17,1305.3274037663255,False
geometry_early_optical_clear_probe,3314903635,20,1566.3007335904028,True
geometry_early_optical_clear_probe,3314903635,14,2040.9063854885285,True
geometry_early_optical_clear_probe,3314903635,16,5646.502333746115,True
geometry_early_optical_clear_probe,1547595694,1,5.0,False
geometry_early_optical_clear_probe,1547595694,2,11.0,False
geometry_early_optical_clear_probe,1547595694,13,77.0,False
geometry_early_optical_clear_probe,1547595694,14,83.0,True
geometry_early_optical_clear_probe,1547595694,20,119.0,True
geometry_early_optical_clear_probe,1547595694,18,282.2,True
geometry_early_optical_clear_probe,1547595694,11,324.2,True
geometry_early_optical_clear_probe,1547595694,6,354.2,True
geometry_early_optical_clear_probe,1547595694,7,565.4,True
geometry_early_optical_clear_probe,1547595694,4,1273.6388502946927,True
geometry_early_optical_clear_probe,1547595694,10,1466.8388502946927,True
geometry_early_optical_clear_probe,1547595694,17,2012.0915951245381,False
geometry_early_optical_clear_probe,1547595694,5,2370.456711791889,False
geometry_early_optical_clear_probe,1547595694,16,4397.528612725019,True
geometry_early_optical_clear_probe,1204475180,10,59.0,False
geometry_early_optical_clear_probe,1204475180,16,294.2,False
geometry_early_optical_clear_probe,1204475180,14,306.2,True
geometry_early_optical_clear_probe,1204475180,20,760.4753693078651,False
geometry_early_optical_clear_probe,1204475180,9,820.4753693078651,True
geometry_early_optical_clear_probe,1204475180,6,838.4753693078651,False
geometry_early_optical_clear_probe,1204475180,17,1103.6753693078651,False
geometry_early_optical_clear_probe,1204475180,19,1206.7744513855741,True
geometry_early_optical_clear_probe,1204475180,11,2360.410061387903,False
geometry_early_optical_clear_probe,1204475180,15,2559.610061387903,True
geometry_early_optical_clear_probe,1204475180,18,4192.159577453883,True
geometry_early_optical_clear_probe,1204475180,3,4415.359577453883,True
geometry_early_optical_clear_probe,1204475180,1,5092.727436971621,False
geometry_early_optical_clear_probe,1204475180,7,5273.92743697162,False
geometry_early_optical_clear_probe,707650499,8,47.0,True
geometry_early_optical_clear_probe,707650499,2,378.2,True
geometry_early_optical_clear_probe,707650499,1,384.2,False
geometry_early_optical_clear_probe,707650499,9,583.4,False
geometry_early_optical_clear_probe,707650499,15,1140.7678858805502,True
geometry_early_optical_clear_probe,707650499,19,1327.9678858805503,False
geometry_early_optical_clear_probe,707650499,12,1369.9678858805503,False
geometry_early_optical_clear_probe,707650499,17,1874.587275785654,False
geometry_early_optical_clear_probe,707650499,4,4202.084591759593,False
geometry_early_optical_clear_probe,707650499,13,5059.544008300211,True
geometry_early_optical_clear_probe,707650499,5,5089.544008300211,False
geometry_early_optical_clear_probe,2666841100,3,17.0,True
geometry_early_optical_clear_probe,2666841100,6,35.0,True
geometry_early_optical_clear_probe,2666841100,8,47.0,False
geometry_early_optical_clear_probe,2666841100,10,59.0,True
geometry_early_optical_clear_probe,2666841100,17,101.0,True
geometry_early_optical_clear_probe,2666841100,19,113.0,False
geometry_early_optical_clear_probe,2666841100,20,270.2,True
geometry_early_optical_clear_probe,2666841100,2,830.1543876772262,True
geometry_early_optical_clear_probe,2666841100,5,1633.2762973685533,True
geometry_early_optical_clear_probe,2666841100,4,3038.4762973685524,True
geometry_early_optical_clear_probe,2666841100,18,3261.6762973685522,True
geometry_early_optical_clear_probe,2666841100,11,4218.912038825278,False
geometry_early_optical_clear_probe,2666841100,1,4629.312038825277,True
geometry_early_optical_clear_probe,2666841100,7,4653.312038825277,True
geometry_early_optical_clear_probe,2666841100,15,6156.605682705239,True
geometry_early_optical_clear_probe,1288613673,1,5.0,False
geometry_early_optical_clear_probe,1288613673,9,53.0,False
geometry_early_optical_clear_probe,1288613673,14,83.0,True
geometry_early_optical_clear_probe,1288613673,19,113.0,True
geometry_early_optical_clear_probe,1288613673,4,366.2,False
geometry_early_optical_clear_probe,1288613673,3,372.2,True
geometry_early_optical_clear_probe,1288613673,10,864.5217211059852,True
geometry_early_optical_clear_probe,1288613673,2,912.5217211059852,True
geometry_early_optical_clear_probe,1288613673,7,1542.7422359052316,True
geometry_early_optical_clear_probe,1288613673,16,2403.8774852847337,False
geometry_early_optical_clear_probe,2060578086,2,11.0,False
geometry_early_optical_clear_probe,2060578086,3,17.0,False
geometry_early_optical_clear_probe,2060578086,5,29.0,True
geometry_early_optical_clear_probe,2060578086,10,59.0,False
geometry_early_optical_clear_probe,2060578086,11,65.0,False
geometry_early_optical_clear_probe,2060578086,12,71.0,False
geometry_early_optical_clear_probe,2060578086,16,95.0,False
geometry_early_optical_clear_probe,2060578086,7,348.2,False
geometry_early_optical_clear_probe,2060578086,14,519.4388940731558,True
geometry_early_optical_clear_probe,2060578086,18,537.4388940731558,True
geometry_early_optical_clear_probe,2060578086,20,549.4388940731558,True
geometry_early_optical_clear_probe,2060578086,6,3512.628696282125,True
geometry_early_optical_clear_probe,2060578086,19,4929.509631906857,True
geometry_early_optical_clear_probe,1850529761,3,17.0,False
geometry_early_optical_clear_probe,1850529761,9,53.0,True
geometry_early_optical_clear_probe,1850529761,18,107.0,True
geometry_early_optical_clear_probe,1850529761,14,306.2,True
geometry_early_optical_clear_probe,1850529761,10,330.2,False
geometry_early_optical_clear_probe,1850529761,7,348.2,True
geometry_early_optical_clear_probe,1850529761,2,541.4,True
geometry_early_optical_clear_probe,1850529761,20,649.4,True
geometry_early_optical_clear_probe,1850529761,5,1071.8,True
geometry_early_optical_clear_probe,1850529761,11,1101.8,True
geometry_early_optical_clear_probe,1850529761,1,2337.8,False
geometry_early_optical_clear_probe,1850529761,16,4408.079734034772,True
geometry_early_optical_clear_probe,1850529761,6,5047.679734034771,True
geometry_early_optical_clear_probe,1850529761,19,7011.808589948906,True
geometry_early_optical_clear_probe,1967239288,12,71.0,False
geometry_early_optical_clear_probe,1967239288,5,564.4076558094164,True
geometry_early_optical_clear_probe,1967239288,13,606.4076558094164,False
geometry_early_optical_clear_probe,1967239288,16,1605.4886497368452,False
geometry_early_optical_clear_probe,1967239288,6,2359.572017998402,True
geometry_early_optical_clear_probe,1967239288,19,2746.3205240234665,True
geometry_early_optical_clear_probe,1967239288,9,2788.3205240234665,True
geometry_early_optical_clear_probe,1967239288,7,3862.2908292122847,True
geometry_early_optical_clear_probe,1967239288,20,4455.370185098948,True
geometry_early_optical_clear_probe,1967239288,8,5747.279991891199,True
geometry_early_optical_clear_probe,1967239288,4,6920.368933372453,True
geometry_early_optical_clear_probe,868928409,9,53.0,False
geometry_early_optical_clear_probe,868928409,10,59.0,False
geometry_early_optical_clear_probe,868928409,14,83.0,True
geometry_early_optical_clear_probe,868928409,12,318.2,True
geometry_early_optical_clear_probe,868928409,2,378.2,True
geometry_early_optical_clear_probe,868928409,1,384.2,False
geometry_early_optical_clear_probe,868928409,20,791.1929046767177,True
geometry_early_optical_clear_probe,868928409,5,863.1929046767177,False
geometry_early_optical_clear_probe,868928409,3,875.1929046767177,False
geometry_early_optical_clear_probe,868928409,15,1315.5929046767178,False
geometry_early_optical_clear_probe,868928409,19,3792.5052394765107,True
geometry_early_optical_clear_probe,868928409,8,4694.000795245539,True
geometry_early_optical_clear_probe,868928409,18,7581.2755711534965,True
geometry_early_optical_clear_probe,1168019378,5,29.0,True
geometry_early_optical_clear_probe,1168019378,9,53.0,False
geometry_early_optical_clear_probe,1168019378,12,71.0,False
geometry_early_optical_clear_probe,1168019378,13,77.0,False
geometry_early_optical_clear_probe,1168019378,14,83.0,False
geometry_early_optical_clear_probe,1168019378,16,95.0,False
geometry_early_optical_clear_probe,1168019378,17,101.0,False
geometry_early_optical_clear_probe,1168019378,20,270.2,False
geometry_early_optical_clear_probe,1168019378,6,1187.317760309589,True
geometry_early_optical_clear_probe,1168019378,3,3410.753063020643,True
geometry_early_optical_clear_probe,1168019378,8,4976.715747096836,True
geometry_early_optical_clear_probe,1751682748,2,11.0,False
geometry_early_optical_clear_probe,1751682748,14,83.0,False
geometry_early_optical_clear_probe,1751682748,15,89.0,True
geometry_early_optical_clear_probe,1751682748,6,354.2,False
geometry_early_optical_clear_probe,1751682748,12,800.0891956575865,False
geometry_early_optical_clear_probe,1751682748,19,2742.4565704837314,True
geometry_early_optical_clear_probe,1751682748,11,3025.6565704837312,False
geometry_early_optical_clear_probe,1751682748,1,3737.2165902956554,False
geometry_early_optical_clear_probe,1751682748,8,4026.416590295655,False
geometry_early_optical_clear_probe,1751682748,4,4044.416590295655,False
geometry_early_optical_clear_probe,1751682748,13,4679.016590295655,True
geometry_early_optical_clear_probe,1590099935,4,23.0,False
geometry_early_optical_clear_probe,1590099935,13,77.0,False
geometry_early_optical_clear_probe,1590099935,12,318.2,False
geometry_early_optical_clear_probe,1590099935,2,378.2,True
geometry_early_optical_clear_probe,1590099935,7,565.4,True
geometry_early_optical_clear_probe,1590099935,17,625.4,True
geometry_early_optical_clear_probe,1590099935,18,827.0620825683768,True
geometry_early_optical_clear_probe,1590099935,16,1134.2620825683769,True
geometry_early_optical_clear_probe,1590099935,20,1779.5654506341557,True
geometry_early_optical_clear_probe,1590099935,19,2733.8552640778526,True
geometry_early_optical_clear_probe,1590099935,9,3178.997853059823,True
geometry_early_optical_clear_probe,1590099935,1,4800.339457351496,False
geometry_early_optical_clear_probe,1590099935,10,6397.53730313857,False
geometry_early_optical_clear_probe,1214205970,3,17.0,True
geometry_early_optical_clear_probe,1214205970,15,89.0,False
geometry_early_optical_clear_probe,1214205970,16,95.0,True
geometry_early_optical_clear_probe,1214205970,18,107.0,False
geometry_early_optical_clear_probe,1214205970,19,113.0,False
geometry_early_optical_clear_probe,1214205970,13,312.2,True
geometry_early_optical_clear_probe,1214205970,8,342.2,True
geometry_early_optical_clear_probe,1214205970,14,613.4,True
geometry_early_optical_clear_probe,1214205970,1,1378.9640732139617,False
geometry_early_optical_clear_probe,1214205970,2,1514.9721464086783,True
geometry_early_optical_clear_probe,1214205970,20,1750.1721464086784,True
geometry_early_optical_clear_probe,1214205970,12,4281.153965981923,True
geometry_early_optical_clear_probe,1214205970,4,4790.160458112879,False
geometry_early_optical_clear_probe,1214205970,11,5645.859624124077,True
geometry_early_optical_clear_probe,3353600920,10,59.0,False
geometry_early_optical_clear_probe,3353600920,15,89.0,False
geometry_early_optical_clear_probe,3353600920,16,95.0,False
geometry_early_optical_clear_probe,3353600920,20,119.0,True
geometry_early_optical_clear_probe,3353600920,18,282.2,False
geometry_early_optical_clear_probe,3353600920,3,1557.9675752966502,False
geometry_early_optical_clear_probe,3353600920,5,2276.3660290616986,False
geometry_early_optical_clear_probe,3353600920,2,2288.3660290616986,True
geometry_early_optical_clear_probe,3353600920,11,3298.7987864839456,False
geometry_early_optical_clear_probe,3353600920,14,3491.9987864839454,False
geometry_early_optical_clear_probe,3694515350,5,29.0,False
geometry_early_optical_clear_probe,3694515350,7,41.0,True
geometry_early_optical_clear_probe,3694515350,12,71.0,False
geometry_early_optical_clear_probe,3694515350,13,77.0,True
geometry_early_optical_clear_probe,3694515350,14,83.0,False
geometry_early_optical_clear_probe,3694515350,15,89.0,False
geometry_early_optical_clear_probe,3694515350,17,101.0,True
geometry_early_optical_clear_probe,3694515350,18,282.2,True
geometry_early_optical_clear_probe,3694515350,1,540.5051876671795,False
geometry_early_optical_clear_probe,3694515350,19,630.5051876671795,True
geometry_early_optical_clear_probe,3694515350,2,1491.0662899813651,True
geometry_early_optical_clear_probe,3694515350,16,1545.0662899813651,False
geometry_early_optical_clear_probe,3694515350,11,1689.7878165966617,True
geometry_early_optical_clear_probe,3694515350,8,1707.7878165966617,False
geometry_early_optical_clear_probe,3694515350,3,1725.7878165966617,True
geometry_early_optical_clear_probe,3694515350,4,2929.0610657403754,True
geometry_early_optical_clear_probe,2200845113,11,65.0,True
geometry_early_optical_clear_probe,2200845113,17,288.2,True
geometry_early_optical_clear_probe,2200845113,15,300.2,True
geometry_early_optical_clear_probe,2200845113,18,2201.07837283194,False
geometry_early_optical_clear_probe,2200845113,16,3878.299056120949,False
geometry_early_optical_clear_probe,2200845113,12,3902.299056120949,False
geometry_early_optical_clear_probe,2200845113,8,4869.811243066561,False
geometry_early_optical_clear_probe,2200845113,1,4986.413253751009,False
geometry_early_optical_clear_probe,2200845113,20,5582.28491962726,True
geometry_early_optical_clear_probe,2200845113,4,5987.68491962726,True
geometry_early_optical_clear_probe,2200845113,13,7050.95875872364,True
geometry_early_optical_clear_probe,2200845113,3,7092.95875872364,True
geometry_early_optical_clear_probe,2200845113,10,7517.5012634823315,True
geometry_early_optical_clear_probe,2153513427,6,35.0,True
geometry_early_optical_clear_probe,2153513427,10,59.0,True
geometry_early_optical_clear_probe,2153513427,12,71.0,False
geometry_early_optical_clear_probe,2153513427,14,83.0,True
geometry_early_optical_clear_probe,2153513427,17,101.0,False
geometry_early_optical_clear_probe,2153513427,19,713.4888236345486,False
geometry_early_optical_clear_probe,2153513427,15,731.4888236345486,True
geometry_early_optical_clear_probe,2153513427,9,761.4888236345486,True
geometry_early_optical_clear_probe,2153513427,1,950.7445070364813,True
geometry_early_optical_clear_probe,2153513427,4,1305.2474104644762,False
geometry_early_optical_clear_probe,2153513427,5,1587.240923955537,True
geometry_early_optical_clear_probe,2153513427,13,1617.240923955537,False
geometry_early_optical_clear_probe,2153513427,11,1834.440923955537,True
geometry_early_optical_clear_probe,2153513427,20,2647.411090636247,True
geometry_early_optical_clear_probe,3744723453,2,11.0,False
geometry_early_optical_clear_probe,3744723453,4,23.0,False
geometry_early_optical_clear_probe,3744723453,7,41.0,False
geometry_early_optical_clear_probe,3744723453,18,107.0,False
geometry_early_optical_clear_probe,3744723453,20,119.0,True
geometry_early_optical_clear_probe,3744723453,19,276.2,True
geometry_early_optical_clear_probe,3744723453,16,294.2,False
geometry_early_optical_clear_probe,3744723453,14,306.2,False
geometry_early_optical_clear_probe,3744723453,17,778.081335919297,False
geometry_early_optical_clear_probe,3744723453,9,1889.4119373464564,True
geometry_early_optical_clear_probe,3744723453,10,1895.4119373464564,False
geometry_early_optical_clear_probe,3744723453,5,2369.5778481540533,False
geometry_early_optical_clear_probe,3744723453,15,2411.5778481540533,False
geometry_early_optical_clear_probe,3744723453,11,4769.053513806717,True
geometry_early_optical_clear_probe,3744723453,8,4775.053513806717,True
geometry_early_optical_clear_probe,3172159626,6,35.0,False
geometry_early_optical_clear_probe,3172159626,9,53.0,False
geometry_early_optical_clear_probe,3172159626,15,89.0,True
geometry_early_optical_clear_probe,3172159626,18,107.0,False
geometry_early_optical_clear_probe,3172159626,17,288.2,False
geometry_early_optical_clear_probe,3172159626,1,384.2,False
geometry_early_optical_clear_probe,3172159626,8,594.4736166331363,False
geometry_early_optical_clear_probe,3172159626,2,1994.571215823584,True
geometry_early_optical_clear_probe,3172159626,12,2042.571215823584,True
geometry_early_optical_clear_probe,3172159626,20,2743.2146571303383,False
geometry_early_optical_clear_probe,3172159626,4,2972.414657130338,False
geometry_early_optical_clear_probe,3172159626,14,3014.414657130338,True
geometry_early_optical_clear_probe,3172159626,13,3631.864393568281,True
geometry_early_optical_clear_probe,3172159626,3,5680.614312260871,True
geometry_early_optical_clear_probe,1037202350,9,53.0,True
geometry_early_optical_clear_probe,1037202350,13,77.0,False
geometry_early_optical_clear_probe,1037202350,7,348.2,True
geometry_early_optical_clear_probe,1037202350,18,631.4,False
geometry_early_optical_clear_probe,1037202350,19,1060.2134355000537,False
geometry_early_optical_clear_probe,1037202350,6,1979.9028134326336,False
geometry_early_optical_clear_probe,1037202350,17,2188.8316271090684,False
geometry_early_optical_clear_probe,1037202350,2,2758.8359827984705,True
geometry_early_optical_clear_probe,1037202350,14,3263.062874112927,True
geometry_early_optical_clear_probe,1037202350,8,3733.462874112927,True
geometry_early_optical_clear_probe,1037202350,15,3974.6628741129266,True
geometry_early_optical_clear_probe,1037202350,4,5086.216327495587,True
geometry_early_optical_clear_probe,1037202350,3,5092.216327495587,False
geometry_early_optical_clear_probe,1037202350,5,5502.616327495587,False
geometry_early_optical_clear_probe,1037202350,1,5514.616327495587,True
geometry_early_optical_clear_probe,3658135823,4,23.0,False
geometry_early_optical_clear_probe,3658135823,12,71.0,False
geometry_early_optical_clear_probe,3658135823,14,83.0,False
geometry_early_optical_clear_probe,3658135823,15,300.2,False
geometry_early_optical_clear_probe,3658135823,9,336.2,False
geometry_early_optical_clear_probe,3658135823,17,1683.5793841353866,True
geometry_early_optical_clear_probe,3658135823,1,2443.1793841353865,False
geometry_early_optical_clear_probe,3658135823,3,3380.769982032414,False
geometry_early_optical_clear_probe,3658135823,18,3609.969982032414,True
geometry_early_optical_clear_probe,3658135823,6,3809.759707285142,True
geometry_early_optical_clear_probe,614138363,3,17.0,False
geometry_early_optical_clear_probe,614138363,7,41.0,False
geometry_early_optical_clear_probe,614138363,8,47.0,True
geometry_early_optical_clear_probe,614138363,13,77.0,False
geometry_early_optical_clear_probe,614138363,14,83.0,False
geometry_early_optical_clear_probe,614138363,18,107.0,False
geometry_early_optical_clear_probe,614138363,20,600.3787418244809,True
geometry_early_optical_clear_probe,614138363,10,3908.76242858809,False
geometry_early_optical_clear_probe,614138363,15,3932.76242858809,True
geometry_early_optical_clear_probe,614138363,17,4861.5624285880895,True
geometry_early_optical_clear_probe,614138363,2,5736.467113053361,True
geometry_early_optical_clear_probe,4286590466,8,47.0,False
geometry_early_optical_clear_probe,4286590466,10,59.0,False
geometry_early_optical_clear_probe,4286590466,20,119.0,False
geometry_early_optical_clear_probe,4286590466,19,276.2,False
geometry_early_optical_clear_probe,4286590466,12,318.2,True
geometry_early_optical_clear_probe,4286590466,5,559.4,False
geometry_early_optical_clear_probe,4286590466,6,565.4,True
geometry_early_optical_clear_probe,4286590466,7,571.4,False
geometry_early_optical_clear_probe,4286590466,4,1596.8759486362455,True
geometry_early_optical_clear_probe,4286590466,16,1826.0759486362456,True
geometry_early_optical_clear_probe,4286590466,13,2225.4922505792197,False
geometry_early_optical_clear_probe,4286590466,14,2442.6922505792195,True
geometry_early_optical_clear_probe,4286590466,18,2661.1822012661355,True
geometry_early_optical_clear_probe,4286590466,11,4402.838585691322,True
geometry_early_optical_clear_probe,4286590466,17,7603.991454095763,True
geometry_early_optical_clear_probe,3596529,1,5.0,True
geometry_early_optical_clear_probe,3596529,10,59.0,True
geometry_early_optical_clear_probe,3596529,15,89.0,False
geometry_early_optical_clear_probe,3596529,18,107.0,True
geometry_early_optical_clear_probe,3596529,17,288.2,False
geometry_early_optical_clear_probe,3596529,3,372.2,False
geometry_early_optical_clear_probe,3596529,2,552.3972780743867,True
geometry_early_optical_clear_probe,3596529,19,642.3972780743867,False
geometry_early_optical_clear_probe,3596529,13,1624.8430560883576,True
geometry_early_optical_clear_probe,3596529,20,1794.0430560883576,True
geometry_early_optical_clear_probe,3596529,7,1848.0430560883576,True
geometry_early_optical_clear_probe,3596529,6,1854.0430560883576,False
geometry_early_optical_clear_probe,3596529,4,5330.602044103946,False
geometry_early_optical_clear_probe,3596529,14,5952.202044103946,True
geometry_early_optical_clear_probe,3596529,5,7443.9694693321535,True
geometry_early_optical_clear_probe,1296774794,5,29.0,False
geometry_early_optical_clear_probe,1296774794,6,35.0,True
geometry_early_optical_clear_probe,1296774794,7,41.0,True
geometry_early_optical_clear_probe,1296774794,13,77.0,True
geometry_early_optical_clear_probe,1296774794,20,119.0,True
geometry_early_optical_clear_probe,1296774794,10,330.2,False
geometry_early_optical_clear_probe,1296774794,1,384.2,False
geometry_early_optical_clear_probe,1296774794,9,499.2432639617158,False
geometry_early_optical_clear_probe,1296774794,4,851.1776790946849,True
geometry_early_optical_clear_probe,1296774794,11,1529.3856735918782,False
geometry_early_optical_clear_probe,1296774794,19,1865.5745543848036,False
geometry_early_optical_clear_probe,1296774794,15,3013.574554384803,False
geometry_early_optical_clear_probe,1296774794,16,3864.7408594927856,False
geometry_early_optical_clear_probe,1296774794,14,4045.9408594927854,True
geometry_early_optical_clear_probe,1296774794,18,4775.431132073841,True
geometry_early_optical_clear_probe,1926637555,3,17.0,False
geometry_early_optical_clear_probe,1926637555,12,71.0,True
geometry_early_optical_clear_probe,1926637555,14,83.0,False
geometry_early_optical_clear_probe,1926637555,10,330.2,False
geometry_early_optical_clear_probe,1926637555,6,565.4,True
geometry_early_optical_clear_probe,1926637555,4,815.6123914797428,True
geometry_early_optical_clear_probe,1926637555,8,1546.1629483107893,False
geometry_early_optical_clear_probe,1926637555,16,1576.1629483107893,False
geometry_early_optical_clear_probe,1926637555,20,1729.4105391555152,False
geometry_early_optical_clear_probe,1926637555,19,3836.388919226935,False
geometry_early_optical_clear_probe,1926637555,15,4023.5889192269346,False
geometry_early_optical_clear_probe,1926637555,7,4259.861830575386,False
geometry_early_optical_clear_probe,1926637555,18,4301.861830575386,False
geometry_early_optical_clear_probe,1926637555,5,5679.555729748576,False
geometry_early_optical_clear_probe,1926637555,17,6672.156156578656,False
geometry_early_optical_clear_probe,191290227,3,17.0,False
geometry_early_optical_clear_probe,191290227,4,23.0,True
geometry_early_optical_clear_probe,191290227,8,47.0,False
geometry_early_optical_clear_probe,191290227,9,53.0,False
geometry_early_optical_clear_probe,191290227,11,65.0,True
geometry_early_optical_clear_probe,191290227,12,71.0,True
geometry_early_optical_clear_probe,191290227,20,270.2,False
geometry_early_optical_clear_probe,191290227,2,378.2,False
geometry_early_optical_clear_probe,191290227,5,564.9574305085713,False
geometry_early_optical_clear_probe,191290227,7,576.9574305085713,True
geometry_early_optical_clear_probe,191290227,14,612.9574305085713,True
geometry_early_optical_clear_probe,191290227,17,2912.735925334488,False
geometry_early_optical_clear_probe,191290227,18,3202.3088870627585,True
geometry_early_optical_clear_probe,191290227,13,4773.095347759617,False
geometry_early_optical_clear_probe,191290227,10,5460.281388892426,True
geometry_early_optical_clear_probe,888328784,1,5.0,True
geometry_early_optical_clear_probe,888328784,6,35.0,False
geometry_early_optical_clear_probe,888328784,18,107.0,False
geometry_early_optical_clear_probe,888328784,19,113.0,False
geometry_early_optical_clear_probe,888328784,15,300.2,False
geometry_early_optical_clear_probe,888328784,14,306.2,False
geometry_early_optical_clear_probe,888328784,10,330.2,True
geometry_early_optical_clear_probe,888328784,12,606.5725663354788,False
geometry_early_optical_clear_probe,888328784,16,630.5725663354788,False
geometry_early_optical_clear_probe,888328784,5,5718.415572124775,True
geometry_early_optical_clear_probe,516984090,9,53.0,True
geometry_early_optical_clear_probe,516984090,15,89.0,True
geometry_early_optical_clear_probe,516984090,17,288.2,False
geometry_early_optical_clear_probe,516984090,16,625.4,False
geometry_early_optical_clear_probe,516984090,13,1661.4127809880347,True
geometry_early_optical_clear_probe,516984090,3,3639.0296039011646,True
geometry_early_optical_clear_probe,516984090,8,3669.0296039011646,False
geometry_early_optical_clear_probe,516984090,12,3904.2296039011644,False
geometry_early_optical_clear_probe,516984090,7,5611.4904288721955,True
geometry_early_optical_clear_probe,516984090,19,6120.008352401948,True
geometry_early_optical_clear_probe,516984090,18,6289.208352401948,False
geometry_early_optical_clear_probe,4218098874,1,5.0,False
geometry_early_optical_clear_probe,4218098874,2,11.0,False
geometry_early_optical_clear_probe,4218098874,5,29.0,True
geometry_early_optical_clear_probe,4218098874,8,47.0,False
geometry_early_optical_clear_probe,4218098874,14,83.0,False
geometry_early_optical_clear_probe,4218098874,12,602.7382054816214,True
geometry_early_optical_clear_probe,4218098874,18,1592.773891981296,True
geometry_early_optical_clear_probe,4218098874,20,1759.9037656090218,True
geometry_early_optical_clear_probe,4218098874,9,2030.3011865079934,True
geometry_early_optical_clear_probe,4218098874,16,2259.501186507993,False
geometry_early_optical_clear_probe,4218098874,10,2283.501186507993,False
geometry_early_optical_clear_probe,4218098874,15,3042.147309190584,True
geometry_early_optical_clear_probe,4218098874,19,6608.455457036239,True
geometry_early_optical_clear_probe,515823941,2,11.0,False
geometry_early_optical_clear_probe,515823941,6,35.0,False
geometry_early_optical_clear_probe,515823941,9,53.0,False
geometry_early_optical_clear_probe,515823941,11,65.0,False
geometry_early_optical_clear_probe,515823941,14,83.0,False
geometry_early_optical_clear_probe,515823941,19,113.0,False
geometry_early_optical_clear_probe,515823941,13,733.335693278233,True
geometry_early_optical_clear_probe,515823941,15,3384.9485025684735,False
geometry_early_optical_clear_probe,515823941,7,4660.582973373045,False
geometry_early_optical_clear_probe,515823941,18,4859.782973373045,False
geometry_early_optical_clear_probe,515823941,4,4907.782973373045,False
geometry_early_optical_clear_probe,515823941,1,4919.782973373045,False
geometry_early_optical_clear_probe,515823941,3,5076.982973373045,False
geometry_early_optical_clear_probe,515823941,16,5228.285241063142,True
geometry_early_optical_clear_probe,121018294,8,47.0,False
geometry_early_optical_clear_probe,121018294,13,77.0,False
geometry_early_optical_clear_probe,121018294,15,89.0,True
geometry_early_optical_clear_probe,121018294,20,119.0,False
geometry_early_optical_clear_probe,121018294,18,282.2,False
geometry_early_optical_clear_probe,121018294,14,306.2,True
geometry_early_optical_clear_probe,121018294,5,360.2,True
geometry_early_optical_clear_probe,121018294,11,603.4418296570118,True
geometry_early_optical_clear_probe,121018294,10,989.0546788121807,True
geometry_early_optical_clear_probe,121018294,12,1579.289527432947,True
geometry_early_optical_clear_probe,121018294,16,1778.489527432947,False
geometry_early_optical_clear_probe,121018294,7,1802.489527432947,False
geometry_early_optical_clear_probe,121018294,6,1808.489527432947,True
geometry_early_optical_clear_probe,121018294,19,7101.3097003149305,True
geometry_early_optical_clear_probe,2066443104,1,5.0,True
geometry_early_optical_clear_probe,2066443104,2,11.0,False
geometry_early_optical_clear_probe,2066443104,4,23.0,False
geometry_early_optical_clear_probe,2066443104,5,29.0,True
geometry_early_optical_clear_probe,2066443104,6,35.0,True
geometry_early_optical_clear_probe,2066443104,9,53.0,False
geometry_early_optical_clear_probe,2066443104,18,107.0,False
geometry_early_optical_clear_probe,2066443104,14,306.2,True
geometry_early_optical_clear_probe,2066443104,13,312.2,False
geometry_early_optical_clear_probe,2066443104,7,348.2,False
geometry_early_optical_clear_probe,2066443104,12,806.4337830801752,False
geometry_early_optical_clear_probe,2066443104,3,854.4337830801752,False
geometry_early_optical_clear_probe,2066443104,16,1077.6337830801751,True
geometry_early_optical_clear_probe,2066443104,20,1574.247413588308,False
geometry_early_optical_clear_probe,164582377,9,53.0,False
geometry_early_optical_clear_probe,164582377,12,71.0,False
geometry_early_optical_clear_probe,164582377,16,95.0,False
geometry_early_optical_clear_probe,164582377,18,107.0,False
geometry_early_optical_clear_probe,164582377,19,113.0,False
geometry_early_optical_clear_probe,164582377,8,342.2,True
geometry_early_optical_clear_probe,164582377,4,366.2,True
geometry_early_optical_clear_probe,164582377,3,372.2,True
geometry_early_optical_clear_probe,164582377,14,721.2064949974651,True
geometry_early_optical_clear_probe,164582377,10,3105.1754622222747,False
geometry_early_optical_clear_probe,164582377,17,3515.5754622222744,False
geometry_early_optical_clear_probe,164582377,1,3569.5754622222744,False
geometry_early_optical_clear_probe,944691146,3,17.0,False
geometry_early_optical_clear_probe,944691146,11,65.0,False
geometry_early_optical_clear_probe,944691146,20,119.0,False
geometry_early_optical_clear_probe,944691146,18,282.2,True
geometry_early_optical_clear_probe,944691146,17,288.2,False
geometry_early_optical_clear_probe,944691146,9,336.2,False
geometry_early_optical_clear_probe,944691146,5,360.2,True
geometry_early_optical_clear_probe,944691146,13,607.4,False
geometry_early_optical_clear_probe,944691146,12,2110.1885654589755,False
geometry_early_optical_clear_probe,944691146,6,2363.3885654589753,True
geometry_early_optical_clear_probe,944691146,19,3785.1954296935514,True
geometry_early_optical_clear_probe,944691146,7,4315.851677684482,False
geometry_early_optical_clear_probe,944691146,1,5749.63649914321,True
geometry_early_optical_clear_probe,944691146,2,5906.83649914321,True
geometry_early_optical_clear_probe,3689304500,14,83.0,True
geometry_early_optical_clear_probe,3689304500,15,89.0,False
geometry_early_optical_clear_probe,3689304500,17,101.0,True
geometry_early_optical_clear_probe,3689304500,19,113.0,False
geometry_early_optical_clear_probe,3689304500,11,324.2,False
geometry_early_optical_clear_probe,3689304500,5,360.2,False
geometry_early_optical_clear_probe,3689304500,13,626.8812345481665,True
geometry_early_optical_clear_probe,3689304500,1,899.2497578029819,True
geometry_early_optical_clear_probe,3689304500,4,3417.3786172089676,True
geometry_early_optical_clear_probe,3689304500,2,3801.2232421970857,True
geometry_early_optical_clear_probe,3689304500,8,5286.876428370298,False
geometry_early_optical_clear_probe,1303763920,1,5.0,True
geometry_early_optical_clear_probe,1303763920,2,11.0,True
geometry_early_optical_clear_probe,1303763920,5,29.0,True
geometry_early_optical_clear_probe,1303763920,13,77.0,True
geometry_early_optical_clear_probe,1303763920,20,119.0,True
geometry_early_optical_clear_probe,1303763920,17,288.2,False
geometry_early_optical_clear_probe,1303763920,8,342.2,False
geometry_early_optical_clear_probe,1303763920,7,348.2,False
geometry_early_optical_clear_probe,1303763920,3,372.2,False
geometry_early_optical_clear_probe,1303763920,14,1601.13975462455,False
geometry_early_optical_clear_probe,1303763920,18,1619.13975462455,True
geometry_early_optical_clear_probe,2009029072,2,11.0,False
geometry_early_optical_clear_probe,2009029072,4,23.0,False
geometry_early_optical_clear_probe,2009029072,5,29.0,True
geometry_early_optical_clear_probe,2009029072,9,53.0,False
geometry_early_optical_clear_probe,2009029072,11,65.0,True
geometry_early_optical_clear_probe,2009029072,15,89.0,True
geometry_early_optical_clear_probe,2009029072,18,107.0,False
geometry_early_optical_clear_probe,2009029072,19,113.0,True
geometry_early_optical_clear_probe,2009029072,17,592.1238023610206,False
geometry_early_optical_clear_probe,2009029072,20,689.3357453016457,True
geometry_early_optical_clear_probe,2009029072,13,1000.0189565942482,True
geometry_early_optical_clear_probe,2009029072,1,1273.1415102562653,True
geometry_early_optical_clear_probe,2009029072,14,1638.5232112353774,True
geometry_early_optical_clear_probe,2009029072,3,1873.2650212736448,True
geometry_early_optical_clear_probe,2009029072,6,2543.9139014025864,True
geometry_early_optical_clear_probe,1694835773,3,17.0,False
geometry_early_optical_clear_probe,1694835773,4,23.0,False
geometry_early_optical_clear_probe,1694835773,10,59.0,True
geometry_early_optical_clear_probe,1694835773,19,276.2,False
geometry_early_optical_clear_probe,1694835773,16,294.2,True
geometry_early_optical_clear_probe,1694835773,7,348.2,False
geometry_early_optical_clear_probe,1694835773,9,583.4,False
geometry_early_optical_clear_probe,1694835773,17,631.4,True
geometry_early_optical_clear_probe,1694835773,20,743.8702665290654,True
geometry_early_optical_clear_probe,1694835773,6,2386.642258296176,True
geometry_early_optical_clear_probe,1694835773,12,3497.452543223454,True
geometry_early_optical_clear_probe,1694835773,13,3503.452543223454,False
geometry_early_optical_clear_probe,1694835773,14,3931.8525432234537,True
geometry_early_optical_clear_probe,1694835773,11,4547.519026876642,True
geometry_early_optical_clear_probe,1694835773,18,4915.9190268766415,True
geometry_early_optical_clear_probe,1694835773,5,4945.9190268766415,True
geometry_early_optical_clear_probe,2977636356,1,5.0,False
geometry_early_optical_clear_probe,2977636356,3,17.0,False
geometry_early_optical_clear_probe,2977636356,7,41.0,True
geometry_early_optical_clear_probe,2977636356,9,53.0,True
geometry_early_optical_clear_probe,2977636356,10,59.0,False
geometry_early_optical_clear_probe,2977636356,8,342.2,False
geometry_early_optical_clear_probe,2977636356,2,541.4,True
geometry_early_optical_clear_probe,2977636356,17,811.3382958301584,True
geometry_early_optical_clear_probe,2977636356,15,823.3382958301584,False
geometry_early_optical_clear_probe,2977636356,14,1324.059987956468,False
geometry_early_optical_clear_probe,2977636356,12,1336.059987956468,True
geometry_early_optical_clear_probe,2977636356,20,1625.259987956468,True
geometry_early_optical_clear_probe,2977636356,5,2290.5586671212604,False
geometry_early_optical_clear_probe,2977636356,16,2643.6734744037744,True
geometry_early_optical_clear_probe,3231385425,6,35.0,False
geometry_early_optical_clear_probe,3231385425,7,41.0,True
geometry_early_optical_clear_probe,3231385425,9,53.0,False
geometry_early_optical_clear_probe,3231385425,16,95.0,True
geometry_early_optical_clear_probe,3231385425,18,107.0,True
geometry_early_optical_clear_probe,3231385425,11,324.2,False
geometry_early_optical_clear_probe,3231385425,5,546.0178965284089,False
geometry_early_optical_clear_probe,3231385425,15,792.4776912434173,True
geometry_early_optical_clear_probe,3231385425,10,1310.8776912434173,True
geometry_early_optical_clear_probe,3231385425,14,1711.2728871627096,False
geometry_early_optical_clear_probe,3231385425,12,2192.347127965353,False
geometry_early_optical_clear_probe,3231385425,8,3298.438544364754,True
geometry_early_optical_clear_probe,3231385425,20,6970.655401272637,True
geometry_early_optical_clear_probe,3231385425,1,7163.855401272637,True
geometry_early_optical_clear_probe,1288883377,1,5.0,True
geometry_early_optical_clear_probe,1288883377,8,47.0,True
geometry_early_optical_clear_probe,1288883377,9,53.0,False
geometry_early_optical_clear_probe,1288883377,10,59.0,False
geometry_early_optical_clear_probe,1288883377,13,77.0,False
geometry_early_optical_clear_probe,1288883377,16,95.0,False
geometry_early_optical_clear_probe,1288883377,20,119.0,False
geometry_early_optical_clear_probe,1288883377,11,324.2,True
geometry_early_optical_clear_probe,1288883377,7,540.4964209974565,True
geometry_early_optical_clear_probe,1288883377,14,1545.762142789084,False
geometry_early_optical_clear_probe,1288883377,17,1744.962142789084,True
geometry_early_optical_clear_probe,1288883377,6,1992.162142789084,False
geometry_early_optical_clear_probe,2737272715,3,17.0,False
geometry_early_optical_clear_probe,2737272715,7,41.0,False
geometry_early_optical_clear_probe,2737272715,13,77.0,False
geometry_early_optical_clear_probe,2737272715,16,294.2,True
geometry_early_optical_clear_probe,2737272715,15,300.2,False
geometry_early_optical_clear_probe,2737272715,8,597.3072633321951,True
geometry_early_optical_clear_probe,2737272715,18,818.2043029823369,True
geometry_early_optical_clear_probe,2737272715,10,860.2043029823369,False
geometry_early_optical_clear_probe,2737272715,5,884.2043029823369,True
geometry_early_optical_clear_probe,2737272715,2,2596.0446450943414,False
geometry_early_optical_clear_probe,2737272715,6,4508.720080645825,True
geometry_early_optical_clear_probe,2978778725,1,5.0,False
geometry_early_optical_clear_probe,2978778725,17,101.0,False
geometry_early_optical_clear_probe,2978778725,8,592.3726755437799,True
geometry_early_optical_clear_probe,2978778725,20,664.3726755437799,True
geometry_early_optical_clear_probe,2978778725,16,1412.0386337193797,True
geometry_early_optical_clear_probe,2978778725,11,1689.2386337193798,True
geometry_early_optical_clear_probe,2978778725,18,1725.2386337193798,False
geometry_early_optical_clear_probe,2978778725,2,2123.63863371938,False
geometry_early_optical_clear_probe,2978778725,13,2183.63863371938,True
geometry_early_optical_clear_probe,2978778725,7,3064.438633719379,True
geometry_early_optical_clear_probe,3029202201,1,5.0,False
geometry_early_optical_clear_probe,3029202201,2,11.0,True
geometry_early_optical_clear_probe,3029202201,8,47.0,False
geometry_early_optical_clear_probe,3029202201,12,71.0,False
geometry_early_optical_clear_probe,3029202201,15,89.0,False
geometry_early_optical_clear_probe,3029202201,16,95.0,False
geometry_early_optical_clear_probe,3029202201,20,119.0,True
geometry_early_optical_clear_probe,3029202201,18,282.2,False
geometry_early_optical_clear_probe,3029202201,17,288.2,True
geometry_early_optical_clear_probe,3029202201,14,306.2,True
geometry_early_optical_clear_probe,3029202201,4,366.2,True
geometry_early_optical_clear_probe,3029202201,10,1217.042146110049,False
geometry_early_optical_clear_probe,3029202201,7,1235.042146110049,True
geometry_early_optical_clear_probe,3029202201,11,1918.1726915893826,True
geometry_early_optical_clear_probe,3029202201,5,3066.9037409859798,True
geometry_early_optical_clear_probe,2859750501,2,11.0,False
geometry_early_optical_clear_probe,2859750501,11,65.0,True
geometry_early_optical_clear_probe,2859750501,17,101.0,False
geometry_early_optical_clear_probe,2859750501,9,336.2,False
geometry_early_optical_clear_probe,2859750501,3,1973.353185359744,False
geometry_early_optical_clear_probe,2859750501,18,3354.553185359743,True
geometry_early_optical_clear_probe,2859750501,20,4312.036052332188,True
geometry_early_optical_clear_probe,2859750501,8,6123.266454631018,True
geometry_early_optical_clear_probe,2859750501,4,6605.666454631018,False
geometry_early_optical_clear_probe,2859750501,19,6757.129342998371,True
geometry_early_optical_clear_probe,3676898549,3,17.0,True
geometry_early_optical_clear_probe,3676898549,7,41.0,False
geometry_early_optical_clear_probe,3676898549,19,113.0,False
geometry_early_optical_clear_probe,3676898549,20,270.2,True
geometry_early_optical_clear_probe,3676898549,13,312.2,True
geometry_early_optical_clear_probe,3676898549,2,378.2,True
geometry_early_optical_clear_probe,3676898549,1,1639.1447515851744,False
geometry_early_optical_clear_probe,3676898549,5,3597.3934456204647,True
geometry_early_optical_clear_probe,3676898549,4,6333.738530052515,True
geometry_early_optical_clear_probe,3676898549,12,6804.138530052514,True
geometry_early_optical_clear_probe,3676898549,14,6810.138530052514,True
geometry_early_optical_clear_probe,3820009639,2,11.0,True
geometry_early_optical_clear_probe,3820009639,9,53.0,False
geometry_early_optical_clear_probe,3820009639,14,83.0,True
geometry_early_optical_clear_probe,3820009639,16,95.0,False
geometry_early_optical_clear_probe,3820009639,13,312.2,False
geometry_early_optical_clear_probe,3820009639,11,324.2,False
geometry_early_optical_clear_probe,3820009639,5,360.2,True
geometry_early_optical_clear_probe,3820009639,17,1494.986002233479,False
geometry_early_optical_clear_probe,3820009639,3,1566.986002233479,True
geometry_early_optical_clear_probe,3820009639,1,4469.075298513054,True
geometry_early_optical_clear_probe,3820009639,19,4849.4752985130535,False
geometry_early_optical_clear_probe,3820009639,4,4909.4752985130535,False
geometry_early_optical_clear_probe,3820009639,15,5363.687168527052,True
geometry_early_optical_clear_probe,3820009639,20,6547.146595721584,True
geometry_early_optical_clear_probe,4055611132,1,5.0,False
geometry_early_optical_clear_probe,4055611132,5,29.0,False
geometry_early_optical_clear_probe,4055611132,8,47.0,False
geometry_early_optical_clear_probe,4055611132,9,53.0,False
geometry_early_optical_clear_probe,4055611132,13,77.0,False
geometry_early_optical_clear_probe,4055611132,15,89.0,False
geometry_early_optical_clear_probe,4055611132,17,101.0,True
geometry_early_optical_clear_probe,4055611132,18,282.2,True
geometry_early_optical_clear_probe,4055611132,14,306.2,True
geometry_early_optical_clear_probe,4055611132,6,354.2,False
geometry_early_optical_clear_probe,4055611132,2,378.2,True
geometry_early_optical_clear_probe,4055611132,10,1116.4148035278997,False
geometry_early_optical_clear_probe,4055611132,20,1531.7053452869989,True
geometry_early_optical_clear_probe,4055611132,11,2570.2101168823374,False
geometry_early_optical_clear_probe,1634142371,2,11.0,False
geometry_early_optical_clear_probe,1634142371,5,29.0,True
geometry_early_optical_clear_probe,1634142371,10,59.0,False
geometry_early_optical_clear_probe,1634142371,11,65.0,False
geometry_early_optical_clear_probe,1634142371,13,77.0,False
geometry_early_optical_clear_probe,1634142371,15,89.0,False
geometry_early_optical_clear_probe,1634142371,16,294.2,False
geometry_early_optical_clear_probe,1634142371,7,348.2,True
geometry_early_optical_clear_probe,1634142371,6,826.4529719831335,False
geometry_early_optical_clear_probe,1634142371,1,856.4529719831335,True
geometry_early_optical_clear_probe,1634142371,9,1055.6529719831335,True
geometry_early_optical_clear_probe,1634142371,20,1254.8529719831336,False
geometry_early_optical_clear_probe,1634142371,14,4791.697597120833,True
geometry_early_optical_clear_probe,1634142371,19,6091.508598031488,True
geometry_early_optical_clear_probe,1634142371,4,7156.091909106864,True
geometry_early_optical_clear_probe,1634142371,8,7553.464636278685,True
geometry_early_optical_clear_probe,2001881494,5,29.0,False
geometry_early_optical_clear_probe,2001881494,7,41.0,False
geometry_early_optical_clear_probe,2001881494,8,47.0,False
geometry_early_optical_clear_probe,2001881494,14,83.0,False
geometry_early_optical_clear_probe,2001881494,19,113.0,True
geometry_early_optical_clear_probe,2001881494,4,366.2,True
geometry_early_optical_clear_probe,2001881494,11,829.8426338523242,True
geometry_early_optical_clear_probe,2001881494,2,1342.2426338523242,True
geometry_early_optical_clear_probe,2001881494,9,1529.4426338523242,True
geometry_early_optical_clear_probe,2001881494,15,3648.875853362226,True
geometry_early_optical_clear_probe,2001881494,18,4984.274069544602,False
geometry_early_optical_clear_probe,2001881494,3,5195.474069544602,True
geometry_early_optical_clear_probe,2001881494,6,5455.749205649965,True
geometry_early_optical_clear_probe,4017994028,1,5.0,False
geometry_early_optical_clear_probe,4017994028,9,53.0,False
geometry_early_optical_clear_probe,4017994028,10,59.0,True
geometry_early_optical_clear_probe,4017994028,12,71.0,False
geometry_early_optical_clear_probe,4017994028,5,360.2,True
geometry_early_optical_clear_probe,4017994028,4,366.2,False
geometry_early_optical_clear_probe,4017994028,16,587.3597754090283,False
geometry_early_optical_clear_probe,4017994028,6,2127.9547620048083,True
geometry_early_optical_clear_probe,4017994028,13,2157.9547620048083,False
geometry_early_optical_clear_probe,4017994028,17,5319.710681764264,True
geometry_early_optical_clear_probe,3107392960,2,11.0,True
geometry_early_optical_clear_probe,3107392960,3,17.0,False
geometry_early_optical_clear_probe,3107392960,12,71.0,False
geometry_early_optical_clear_probe,3107392960,18,107.0,True
geometry_early_optical_clear_probe,3107392960,15,300.2,False
geometry_early_optical_clear_probe,3107392960,8,342.2,True
geometry_early_optical_clear_probe,3107392960,7,1097.519261703356,False
geometry_early_optical_clear_probe,3107392960,4,2925.571040636679,False
geometry_early_optical_clear_probe,3107392960,14,2967.571040636679,False
geometry_early_optical_clear_probe,3107392960,6,4389.796868703248,True
geometry_early_optical_clear_probe,3107392960,10,7474.19215495649,True
geometry_early_optical_clear_probe,81008630,5,29.0,False
geometry_early_optical_clear_probe,81008630,8,47.0,False
geometry_early_optical_clear_probe,81008630,12,71.0,True
geometry_early_optical_clear_probe,81008630,14,83.0,False
geometry_early_optical_clear_probe,81008630,17,101.0,False
geometry_early_optical_clear_probe,81008630,11,324.2,True
geometry_early_optical_clear_probe,81008630,13,1153.759384895767,True
geometry_early_optical_clear_probe,81008630,20,1183.759384895767,True
geometry_early_optical_clear_probe,81008630,1,1588.998295501648,False
geometry_early_optical_clear_probe,81008630,6,1612.998295501648,True
geometry_early_optical_clear_probe,81008630,16,1660.998295501648,True
geometry_early_optical_clear_probe,81008630,2,5197.943647755969,True
geometry_early_optical_clear_probe,81008630,3,5837.543647755969,True
geometry_early_optical_clear_probe,3819364848,2,11.0,True
geometry_early_optical_clear_probe,3819364848,3,17.0,False
geometry_early_optical_clear_probe,3819364848,7,41.0,False
geometry_early_optical_clear_probe,3819364848,9,53.0,False
geometry_early_optical_clear_probe,3819364848,10,59.0,True
geometry_early_optical_clear_probe,3819364848,4,366.2,False
geometry_early_optical_clear_probe,3819364848,16,1073.9385489305873,True
geometry_early_optical_clear_probe,3819364848,18,3108.142925279634,False
geometry_early_optical_clear_probe,3819364848,12,3138.142925279634,True
geometry_early_optical_clear_probe,3819364848,11,3601.720307905725,True
geometry_early_optical_clear_probe,3819364848,20,4893.795184628308,True
geometry_early_optical_clear_probe,1872809325,8,47.0,True
geometry_early_optical_clear_probe,1872809325,9,53.0,True
geometry_early_optical_clear_probe,1872809325,11,65.0,False
geometry_early_optical_clear_probe,1872809325,18,107.0,True
geometry_early_optical_clear_probe,1872809325,19,276.2,False
geometry_early_optical_clear_probe,1872809325,15,300.2,True
geometry_early_optical_clear_probe,1872809325,5,360.2,True
geometry_early_optical_clear_probe,1872809325,1,468.6170137167058,False
geometry_early_optical_clear_probe,1872809325,4,1000.4905052513403,False
geometry_early_optical_clear_probe,1872809325,20,1078.4905052513404,True
geometry_early_optical_clear_probe,1872809325,13,1259.6905052513405,False
geometry_early_optical_clear_probe,1872809325,2,1307.6905052513405,False
geometry_early_optical_clear_probe,1872809325,10,1811.3743283488548,False
geometry_early_optical_clear_probe,1872809325,16,2418.220529423017,True
geometry_early_optical_clear_probe,1872809325,3,3609.879866110679,False
geometry_early_optical_clear_probe,3554048582,1,5.0,True
geometry_early_optical_clear_probe,3554048582,5,29.0,False
geometry_early_optical_clear_probe,3554048582,6,35.0,True
geometry_early_optical_clear_probe,3554048582,10,59.0,False
geometry_early_optical_clear_probe,3554048582,11,65.0,False
geometry_early_optical_clear_probe,3554048582,19,113.0,False
geometry_early_optical_clear_probe,3554048582,20,270.2,False
geometry_early_optical_clear_probe,3554048582,12,318.2,True
geometry_early_optical_clear_probe,3554048582,7,954.3379104708902,True
geometry_early_optical_clear_probe,3554048582,16,1179.1335321145302,False
geometry_early_optical_clear_probe,3554048582,2,1414.3335321145303,True
geometry_early_optical_clear_probe,3554048582,15,1667.5335321145303,False
geometry_early_optical_clear_probe,3554048582,8,1703.5335321145303,True
geometry_early_optical_clear_probe,3554048582,14,2415.2303227948114,True
geometry_early_optical_clear_probe,3554048582,3,3177.5569949045694,True
geometry_early_optical_clear_probe,3554048582,4,4366.477204067145,True
geometry_early_optical_clear_probe,286856326,8,47.0,False
geometry_early_optical_clear_probe,286856326,12,71.0,True
geometry_early_optical_clear_probe,286856326,13,77.0,False
geometry_early_optical_clear_probe,286856326,16,95.0,True
geometry_early_optical_clear_probe,286856326,18,107.0,False
geometry_early_optical_clear_probe,286856326,17,288.2,False
geometry_early_optical_clear_probe,286856326,9,583.4,True
geometry_early_optical_clear_probe,286856326,6,1065.8,True
geometry_early_optical_clear_probe,286856326,10,1083.8,True
geometry_early_optical_clear_probe,286856326,7,2609.7440486432547,True
geometry_early_optical_clear_probe,286856326,4,7658.025503046392,True
geometry_early_optical_clear_probe,481101080,2,11.0,False
geometry_early_optical_clear_probe,481101080,9,53.0,False
geometry_early_optical_clear_probe,481101080,11,65.0,False
geometry_early_optical_clear_probe,481101080,13,77.0,False
geometry_early_optical_clear_probe,481101080,8,1065.8,True
geometry_early_optical_clear_probe,481101080,3,1844.9927274126649,False
geometry_early_optical_clear_probe,481101080,18,3667.297160815268,False
geometry_early_optical_clear_probe,481101080,19,3673.297160815268,True
geometry_early_optical_clear_probe,481101080,5,5448.670526307457,False
geometry_early_optical_clear_probe,481101080,4,5849.9783783383855,True
geometry_early_optical_clear_probe,2420631243,4,23.0,False
geometry_early_optical_clear_probe,2420631243,7,41.0,True
geometry_early_optical_clear_probe,2420631243,18,107.0,True
geometry_early_optical_clear_probe,2420631243,12,318.2,False
geometry_early_optical_clear_probe,2420631243,8,570.4805916115142,True
geometry_early_optical_clear_probe,2420631243,3,1046.4854061724695,False
geometry_early_optical_clear_probe,2420631243,15,1279.4164484860673,True
geometry_early_optical_clear_probe,2420631243,19,2521.4083210955637,True
geometry_early_optical_clear_probe,2420631243,13,2728.777410861414,True
geometry_early_optical_clear_probe,2420631243,9,5203.336756513464,False
geometry_early_optical_clear_probe,1193836648,5,29.0,True
geometry_early_optical_clear_probe,1193836648,6,35.0,True
geometry_early_optical_clear_probe,1193836648,10,59.0,False
geometry_early_optical_clear_probe,1193836648,15,89.0,True
geometry_early_optical_clear_probe,1193836648,19,113.0,False
geometry_early_optical_clear_probe,1193836648,16,294.2,False
geometry_early_optical_clear_probe,1193836648,12,318.2,False
geometry_early_optical_clear_probe,1193836648,1,384.2,True
geometry_early_optical_clear_probe,1193836648,7,575.6430762983339,True
geometry_early_optical_clear_probe,1193836648,9,587.6430762983339,False
geometry_early_optical_clear_probe,1193836648,13,1496.919170709765,False
geometry_early_optical_clear_probe,1193836648,14,1502.919170709765,True
geometry_early_optical_clear_probe,1193836648,11,2613.1587562800723,True
geometry_early_optical_clear_probe,1193836648,20,2854.358756280072,True
geometry_early_optical_clear_probe,1193836648,4,4107.612707352231,False
geometry_early_optical_clear_probe,1193836648,2,4506.012707352231,True
geometry_early_optical_clear_probe,319084082,7,41.0,True
geometry_early_optical_clear_probe,319084082,10,59.0,False
geometry_early_optical_clear_probe,319084082,12,71.0,False
geometry_early_optical_clear_probe,319084082,19,113.0,False
geometry_early_optical_clear_probe,319084082,18,282.2,False
geometry_early_optical_clear_probe,319084082,15,300.2,True
geometry_early_optical_clear_probe,319084082,2,378.2,True
geometry_early_optical_clear_probe,319084082,17,818.466330157492,False
geometry_early_optical_clear_probe,319084082,1,1014.8612756989904,True
geometry_early_optical_clear_probe,319084082,11,1584.120810915907,True
geometry_early_optical_clear_probe,319084082,9,3157.98425143538,True
geometry_early_optical_clear_probe,612296926,2,11.0,True
geometry_early_optical_clear_probe,612296926,4,23.0,False
geometry_early_optical_clear_probe,612296926,8,47.0,True
geometry_early_optical_clear_probe,612296926,12,71.0,True
geometry_early_optical_clear_probe,612296926,14,83.0,True
geometry_early_optical_clear_probe,612296926,15,89.0,False
geometry_early_optical_clear_probe,612296926,19,276.2,False
geometry_early_optical_clear_probe,612296926,1,384.2,False
geometry_early_optical_clear_probe,612296926,9,582.8716203417366,False
geometry_early_optical_clear_probe,612296926,10,2287.430171163273,True
geometry_early_optical_clear_probe,612296926,7,2739.8301711632726,False
geometry_early_optical_clear_probe,612296926,3,2757.8301711632726,False
geometry_early_optical_clear_probe,612296926,6,3529.9338608733005,True
geometry_early_optical_clear_probe,2921915547,1,5.0,True
geometry_early_optical_clear_probe,2921915547,10,59.0,False
geometry_early_optical_clear_probe,2921915547,13,77.0,True
geometry_early_optical_clear_probe,2921915547,19,113.0,True
geometry_early_optical_clear_probe,2921915547,11,324.2,False
geometry_early_optical_clear_probe,2921915547,14,548.4163513244144,False
geometry_early_optical_clear_probe,2921915547,18,1467.5223068998648,False
geometry_early_optical_clear_probe,2921915547,9,1666.7223068998649,True
geometry_early_optical_clear_probe,2921915547,4,1696.7223068998649,False
geometry_early_optical_clear_probe,2921915547,16,1937.922306899865,False
geometry_early_optical_clear_probe,2921915547,15,2571.5223068998644,False
geometry_early_optical_clear_probe,1452210181,2,11.0,False
geometry_early_optical_clear_probe,1452210181,3,17.0,True
geometry_early_optical_clear_probe,1452210181,4,23.0,False
geometry_early_optical_clear_probe,1452210181,13,77.0,False
geometry_early_optical_clear_probe,1452210181,15,89.0,True
geometry_early_optical_clear_probe,1452210181,18,107.0,False
geometry_early_optical_clear_probe,1452210181,16,294.2,False
geometry_early_optical_clear_probe,1452210181,11,324.2,False
geometry_early_optical_clear_probe,1452210181,8,342.2,False
geometry_early_optical_clear_probe,1452210181,9,1534.607812403981,False
geometry_early_optical_clear_probe,1452210181,17,1570.607812403981,False
geometry_early_optical_clear_probe,1452210181,20,2441.4479263143003,True
geometry_early_optical_clear_probe,1452210181,10,3057.617929386638,True
geometry_early_optical_clear_probe,1452210181,12,5640.642870826893,True
geometry_early_optical_clear_probe,435026829,3,17.0,True
geometry_early_optical_clear_probe,435026829,4,23.0,True
geometry_early_optical_clear_probe,435026829,9,53.0,False
geometry_early_optical_clear_probe,435026829,10,59.0,False
geometry_early_optical_clear_probe,435026829,16,95.0,False
geometry_early_optical_clear_probe,435026829,20,119.0,True
geometry_early_optical_clear_probe,435026829,2,378.2,False
geometry_early_optical_clear_probe,435026829,19,787.3030784982382,False
geometry_early_optical_clear_probe,435026829,14,1573.8900036142707,True
geometry_early_optical_clear_probe,435026829,1,1800.1512631649775,True
geometry_early_optical_clear_probe,435026829,12,1999.3512631649776,True
geometry_early_optical_clear_probe,435026829,11,2228.5512631649776,True
geometry_early_optical_clear_probe,435026829,17,3258.317244290705,False
geometry_early_optical_clear_probe,435026829,18,5059.761475190529,True
geometry_early_optical_clear_probe,435026829,15,5668.4547305820915,False
geometry_early_optical_clear_probe,527095455,5,29.0,False
geometry_early_optical_clear_probe,527095455,17,288.2,True
geometry_early_optical_clear_probe,527095455,16,294.2,False
geometry_early_optical_clear_probe,527095455,20,649.4,False
geometry_early_optical_clear_probe,527095455,2,1380.0,True
geometry_early_optical_clear_probe,527095455,13,1802.4,True
geometry_early_optical_clear_probe,527095455,12,1808.4,True
geometry_early_optical_clear_probe,527095455,4,1850.4,False
geometry_early_optical_clear_probe,527095455,11,5766.5598653231345,True
geometry_early_optical_clear_probe,527095455,10,8403.163920136518,True
geometry_early_optical_clear_probe,1417943389,5,29.0,True
geometry_early_optical_clear_probe,1417943389,6,35.0,False
geometry_early_optical_clear_probe,1417943389,16,95.0,False
geometry_early_optical_clear_probe,1417943389,20,119.0,False
geometry_early_optical_clear_probe,1417943389,14,1736.7818773002934,False
geometry_early_optical_clear_probe,1417943389,1,1808.7818773002934,True
geometry_early_optical_clear_probe,1417943389,19,2550.381877300293,False
geometry_early_optical_clear_probe,1417943389,8,3433.049262440492,True
geometry_early_optical_clear_probe,1417943389,12,3668.2492624404917,True
geometry_early_optical_clear_probe,1417943389,17,4849.791925317176,True
geometry_early_optical_clear_probe,1417943389,3,5224.191925317175,True
geometry_early_optical_clear_probe,1417943389,15,5266.191925317175,True
geometry_early_optical_clear_probe,1417943389,18,5752.978001638799,True
geometry_early_optical_clear_probe,1417943389,11,7627.203392006417,True
geometry_early_optical_clear_probe,3093182122,4,23.0,False
geometry_early_optical_clear_probe,3093182122,5,29.0,True
geometry_early_optical_clear_probe,3093182122,10,59.0,True
geometry_early_optical_clear_probe,3093182122,14,83.0,True
geometry_early_optical_clear_probe,3093182122,17,101.0,False
geometry_early_optical_clear_probe,3093182122,19,113.0,False
geometry_early_optical_clear_probe,3093182122,9,336.2,True
geometry_early_optical_clear_probe,3093182122,3,372.2,False
geometry_early_optical_clear_probe,3093182122,12,1539.3168113569468,True
geometry_early_optical_clear_probe,3093182122,16,5685.854513205026,False
geometry_early_optical_clear_probe,257336581,5,29.0,True
geometry_early_optical_clear_probe,257336581,11,65.0,False
geometry_early_optical_clear_probe,257336581,12,71.0,False
geometry_early_optical_clear_probe,257336581,17,101.0,False
geometry_early_optical_clear_probe,257336581,20,119.0,True
geometry_early_optical_clear_probe,257336581,16,294.2,False
geometry_early_optical_clear_probe,257336581,1,915.5526742800678,True
geometry_early_optical_clear_probe,257336581,19,993.5526742800678,True
geometry_early_optical_clear_probe,257336581,10,2845.065620304701,False
geometry_early_optical_clear_probe,257336581,15,3026.265620304701,False
geometry_early_optical_clear_probe,257336581,4,3074.265620304701,False
geometry_early_optical_clear_probe,257336581,6,5247.603480863003,True
geometry_early_optical_clear_probe,257336581,3,5640.003480863003,True
geometry_early_optical_clear_probe,1337831492,2,11.0,False
geometry_early_optical_clear_probe,1337831492,6,35.0,True
geometry_early_optical_clear_probe,1337831492,8,47.0,True
geometry_early_optical_clear_probe,1337831492,9,53.0,False
geometry_early_optical_clear_probe,1337831492,15,89.0,True
geometry_early_optical_clear_probe,1337831492,16,95.0,False
geometry_early_optical_clear_probe,1337831492,19,113.0,False
geometry_early_optical_clear_probe,1337831492,5,1887.8793116439017,True
geometry_early_optical_clear_probe,1337831492,1,2323.71147850181,True
geometry_early_optical_clear_probe,1337831492,7,2492.9114785018096,True
geometry_early_optical_clear_probe,1337831492,12,2516.9114785018096,False
geometry_early_optical_clear_probe,1337831492,20,2552.9114785018096,True
geometry_early_optical_clear_probe,28738070,2,11.0,False
geometry_early_optical_clear_probe,28738070,4,23.0,True
geometry_early_optical_clear_probe,28738070,11,65.0,False
geometry_early_optical_clear_probe,28738070,14,306.2,True
geometry_early_optical_clear_probe,28738070,5,562.3719816144987,True
geometry_early_optical_clear_probe,28738070,20,646.3719816144987,True
geometry_early_optical_clear_probe,28738070,17,815.5719816144988,False
geometry_early_optical_clear_probe,28738070,10,3991.572387394467,True
geometry_early_optical_clear_probe,28738070,18,4184.772387394467,False
geometry_early_optical_clear_probe,28738070,7,4768.830546059516,True
geometry_early_optical_clear_probe,544960536,2,11.0,False
geometry_early_optical_clear_probe,544960536,3,17.0,False
geometry_early_optical_clear_probe,544960536,5,29.0,False
geometry_early_optical_clear_probe,544960536,8,47.0,False
geometry_early_optical_clear_probe,544960536,10,59.0,True
geometry_early_optical_clear_probe,544960536,11,65.0,True
geometry_early_optical_clear_probe,544960536,12,71.0,False
geometry_early_optical_clear_probe,544960536,14,83.0,False
geometry_early_optical_clear_probe,544960536,15,89.0,False
geometry_early_optical_clear_probe,544960536,17,101.0,True
geometry_early_optical_clear_probe,544960536,19,113.0,True
geometry_early_optical_clear_probe,544960536,9,638.4149892925183,False
geometry_early_optical_clear_probe,544960536,20,692.4149892925183,True
geometry_early_optical_clear_probe,544960536,18,2288.4782358166003,False
geometry_early_optical_clear_probe,544960536,1,2557.9149208488684,False
geometry_early_optical_clear_probe,544960536,4,5417.982586505885,True
geometry_early_optical_clear_probe,110117626,3,17.0,True
geometry_early_optical_clear_probe,110117626,11,65.0,False
geometry_early_optical_clear_probe,110117626,14,83.0,False
geometry_early_optical_clear_probe,110117626,18,282.2,True
geometry_early_optical_clear_probe,110117626,4,366.2,False
geometry_early_optical_clear_probe,110117626,13,607.4,True
geometry_early_optical_clear_probe,110117626,8,2547.4596156179928,True
geometry_early_optical_clear_probe,110117626,5,3893.2594949784257,True
geometry_early_optical_clear_probe,110117626,20,4285.659494978426,True
geometry_early_optical_clear_probe,110117626,19,4291.659494978426,True
geometry_early_optical_clear_probe,110117626,6,4345.659494978426,False
geometry_early_optical_clear_probe,110117626,1,6673.364105173435,True
geometry_early_optical_clear_probe,2213379818,1,5.0,False
geometry_early_optical_clear_probe,2213379818,5,29.0,False
geometry_early_optical_clear_probe,2213379818,15,89.0,False
geometry_early_optical_clear_probe,2213379818,20,119.0,False
geometry_early_optical_clear_probe,2213379818,12,318.2,False
geometry_early_optical_clear_probe,2213379818,9,336.2,False
geometry_early_optical_clear_probe,2213379818,2,378.2,False
geometry_early_optical_clear_probe,2213379818,17,695.9852107395764,True
geometry_early_optical_clear_probe,2213379818,18,1523.5310977639529,True
geometry_early_optical_clear_probe,2213379818,6,1986.1845195286282,False
geometry_early_optical_clear_probe,2213379818,7,1992.1845195286282,False
geometry_early_optical_clear_probe,2213379818,10,2010.1845195286282,False
geometry_early_optical_clear_probe,2213379818,14,2034.1845195286282,True
geometry_early_optical_clear_probe,2213379818,19,2052.1845195286282,False
geometry_early_optical_clear_probe,2213379818,3,6415.209602876472,True
geometry_early_optical_clear_probe,1048407749,1,5.0,False
geometry_early_optical_clear_probe,1048407749,2,11.0,False
geometry_early_optical_clear_probe,1048407749,6,35.0,True
geometry_early_optical_clear_probe,1048407749,12,71.0,False
geometry_early_optical_clear_probe,1048407749,15,89.0,False
geometry_early_optical_clear_probe,1048407749,17,101.0,False
geometry_early_optical_clear_probe,1048407749,18,282.2,True
geometry_early_optical_clear_probe,1048407749,7,348.2,False
geometry_early_optical_clear_probe,1048407749,13,607.4,False
geometry_early_optical_clear_probe,1048407749,4,1473.6504122259596,True
geometry_early_optical_clear_probe,1048407749,14,2155.2504122259597,False
geometry_early_optical_clear_probe,1048407749,19,2589.6504122259594,True
geometry_early_optical_clear_probe,1048407749,8,3265.250412225959,True
geometry_early_optical_clear_probe,1048407749,16,4164.050412225958,True
geometry_early_optical_clear_probe,1048407749,20,4749.650412225958,True
geometry_early_optical_clear_probe,2545897742,10,59.0,False
geometry_early_optical_clear_probe,2545897742,12,71.0,True
geometry_early_optical_clear_probe,2545897742,13,77.0,True
geometry_early_optical_clear_probe,2545897742,3,372.2,False
geometry_early_optical_clear_probe,2545897742,4,553.4,True
geometry_early_optical_clear_probe,2545897742,16,824.5999999999999,False
geometry_early_optical_clear_probe,2545897742,18,1187.8742703979506,True
geometry_early_optical_clear_probe,2545897742,8,2217.6539532476386,True
geometry_early_optical_clear_probe,2545897742,19,2730.053953247638,False
geometry_early_optical_clear_probe,2545897742,9,3101.817619525419,False
geometry_early_optical_clear_probe,2545897742,11,5705.672086437297,True
geometry_early_optical_clear_probe,2545897742,7,5711.672086437297,True
geometry_early_optical_clear_probe,3826962270,3,17.0,False
geometry_early_optical_clear_probe,3826962270,4,23.0,False
geometry_early_optical_clear_probe,3826962270,5,29.0,False
geometry_early_optical_clear_probe,3826962270,8,47.0,False
geometry_early_optical_clear_probe,3826962270,14,83.0,True
geometry_early_optical_clear_probe,3826962270,19,113.0,False
geometry_early_optical_clear_probe,3826962270,20,119.0,False
geometry_early_optical_clear_probe,3826962270,15,300.2,False
geometry_early_optical_clear_probe,3826962270,11,324.2,False
geometry_early_optical_clear_probe,3826962270,12,1158.9987605849412,False
geometry_early_optical_clear_probe,3826962270,16,1432.5617730720937,False
geometry_early_optical_clear_probe,3826962270,9,1849.9617730720938,True
geometry_early_optical_clear_probe,3826962270,18,5105.894293333449,True
geometry_early_optical_clear_probe,3934185575,11,65.0,False
geometry_early_optical_clear_probe,3934185575,18,282.2,True
geometry_early_optical_clear_probe,3934185575,7,348.2,True
geometry_early_optical_clear_probe,3934185575,15,619.4,False
geometry_early_optical_clear_probe,3934185575,2,1055.932725899383,True
geometry_early_optical_clear_probe,3934185575,1,1389.387899168141,False
geometry_early_optical_clear_probe,3934185575,4,4107.47840952769,False
geometry_early_optical_clear_probe,3934185575,3,4355.070574166683,True
geometry_early_optical_clear_probe,3934185575,10,4554.270574166683,False
geometry_early_optical_clear_probe,3934185575,17,4708.549539258508,False
geometry_early_optical_clear_probe,3934185575,6,5463.980453644651,False
geometry_early_optical_clear_probe,3934185575,20,7534.202727995439,True
geometry_early_optical_clear_probe,3248200478,2,11.0,True
geometry_early_optical_clear_probe,3248200478,13,77.0,False
geometry_early_optical_clear_probe,3248200478,16,95.0,True
geometry_early_optical_clear_probe,3248200478,17,101.0,False
geometry_early_optical_clear_probe,3248200478,5,360.2,False
geometry_early_optical_clear_probe,3248200478,14,555.8949587459815,False
geometry_early_optical_clear_probe,3248200478,10,1520.592091291756,True
geometry_early_optical_clear_probe,3248200478,4,2351.343564363576,False
geometry_early_optical_clear_probe,3248200478,15,2393.343564363576,True
geometry_early_optical_clear_probe,3248200478,20,2417.343564363576,False
geometry_early_optical_clear_probe,3248200478,7,3590.7243042979558,True
geometry_early_optical_clear_probe,3248200478,8,4456.268770561718,False
geometry_early_optical_clear_probe,1907267796,1,5.0,False
geometry_early_optical_clear_probe,1907267796,9,53.0,False
geometry_early_optical_clear_probe,1907267796,19,113.0,False
geometry_early_optical_clear_probe,1907267796,20,119.0,False
geometry_early_optical_clear_probe,1907267796,15,300.2,False
geometry_early_optical_clear_probe,1907267796,10,575.0283684396504,False
geometry_early_optical_clear_probe,1907267796,16,1203.082131925465,True
geometry_early_optical_clear_probe,1907267796,14,1435.5885076468917,True
geometry_early_optical_clear_probe,1907267796,6,2257.8105500023485,False
geometry_early_optical_clear_probe,1907267796,11,2439.555799398595,True
geometry_early_optical_clear_probe,1907267796,18,2475.555799398595,True
geometry_early_optical_clear_probe,1907267796,4,2869.2461625780684,True
geometry_early_optical_clear_probe,1907267796,2,5349.33854649567,True
geometry_early_optical_clear_probe,1063866606,1,5.0,True
geometry_early_optical_clear_probe,1063866606,6,35.0,True
geometry_early_optical_clear_probe,1063866606,8,47.0,False
geometry_early_optical_clear_probe,1063866606,10,59.0,False
geometry_early_optical_clear_probe,1063866606,14,83.0,False
geometry_early_optical_clear_probe,1063866606,17,101.0,False
geometry_early_optical_clear_probe,1063866606,18,107.0,False
geometry_early_optical_clear_probe,1063866606,2,378.2,False
geometry_early_optical_clear_probe,1063866606,15,619.4,True
geometry_early_optical_clear_probe,1063866606,20,2124.1764357070724,True
geometry_early_optical_clear_probe,1063866606,3,3752.3148385890636,False
geometry_early_optical_clear_probe,1063866606,5,4764.0259520291775,False
geometry_early_optical_clear_probe,1063866606,19,4824.0259520291775,False
geometry_early_optical_clear_probe,1063866606,4,6469.247381565032,False
geometry_early_optical_clear_probe,4245337860,3,17.0,False
geometry_early_optical_clear_probe,4245337860,5,29.0,False
geometry_early_optical_clear_probe,4245337860,9,53.0,False
geometry_early_optical_clear_probe,4245337860,15,89.0,False
geometry_early_optical_clear_probe,4245337860,6,354.2,False
geometry_early_optical_clear_probe,4245337860,2,378.2,False
geometry_early_optical_clear_probe,4245337860,14,1114.6600446689176,True
geometry_early_optical_clear_probe,4245337860,1,1862.2600446689178,True
geometry_early_optical_clear_probe,4245337860,4,2489.8600446689175,False
geometry_early_optical_clear_probe,4245337860,13,2531.8600446689175,False
geometry_early_optical_clear_probe,4245337860,10,3204.9887227335876,False
geometry_early_optical_clear_probe,4245337860,7,3437.788180968428,False
geometry_early_optical_clear_probe,4245337860,19,3670.3133400212037,True
geometry_early_optical_clear_probe,1008330966,7,41.0,False
geometry_early_optical_clear_probe,1008330966,20,119.0,True
geometry_early_optical_clear_probe,1008330966,2,378.2,False
geometry_early_optical_clear_probe,1008330966,15,627.5304489103463,False
geometry_early_optical_clear_probe,1008330966,13,1127.9932403007415,False
geometry_early_optical_clear_probe,1008330966,8,1375.1932403007415,False
geometry_early_optical_clear_probe,1008330966,4,1393.1932403007415,True
geometry_early_optical_clear_probe,1008330966,17,1628.3932403007416,True
geometry_early_optical_clear_probe,1008330966,11,2964.225487939499,True
geometry_early_optical_clear_probe,1008330966,10,3621.8254879394985,True
geometry_early_optical_clear_probe,2955890628,1,5.0,False
geometry_early_optical_clear_probe,2955890628,2,11.0,False
geometry_early_optical_clear_probe,2955890628,7,41.0,False
geometry_early_optical_clear_probe,2955890628,11,65.0,False
geometry_early_optical_clear_probe,2955890628,18,107.0,True
geometry_early_optical_clear_probe,2955890628,10,330.2,False
geometry_early_optical_clear_probe,2955890628,5,360.2,False
geometry_early_optical_clear_probe,2955890628,9,501.7245991473053,True
geometry_early_optical_clear_probe,2955890628,16,537.7245991473053,True
geometry_early_optical_clear_probe,2955890628,12,785.7060260737113,True
geometry_early_optical_clear_probe,2955890628,17,1145.6024228460938,False
geometry_early_optical_clear_probe,2955890628,8,1646.0024228460939,True
geometry_early_optical_clear_probe,2955890628,6,2112.848928402123,True
geometry_early_optical_clear_probe,2955890628,20,2321.559343160651,True
geometry_early_optical_clear_probe,2955890628,3,2731.020442699214,True
geometry_early_optical_clear_probe,2955890628,14,6943.078621185169,True
geometry_early_optical_clear_probe,1852497774,5,29.0,True
geometry_early_optical_clear_probe,1852497774,7,41.0,False
geometry_early_optical_clear_probe,1852497774,10,59.0,False
geometry_early_optical_clear_probe,1852497774,11,65.0,False
geometry_early_optical_clear_probe,1852497774,14,83.0,False
geometry_early_optical_clear_probe,1852497774,19,113.0,True
geometry_early_optical_clear_probe,1852497774,2,378.2,True
geometry_early_optical_clear_probe,1852497774,16,1330.4682175577548,True
geometry_early_optical_clear_probe,1852497774,13,1342.4682175577548,True
geometry_early_optical_clear_probe,1852497774,20,2360.9873132204634,True
geometry_early_optical_clear_probe,1852497774,1,2578.1873132204632,False
geometry_early_optical_clear_probe,3153017032,7,41.0,False
geometry_early_optical_clear_probe,3153017032,8,47.0,False
geometry_early_optical_clear_probe,3153017032,19,113.0,True
geometry_early_optical_clear_probe,3153017032,2,378.2,True
geometry_early_optical_clear_probe,3153017032,18,631.4,False
geometry_early_optical_clear_probe,3153017032,15,1257.3223969036674,True
geometry_early_optical_clear_probe,3153017032,13,1511.276776369462,True
geometry_early_optical_clear_probe,3153017032,16,3224.648671689561,True
geometry_early_optical_clear_probe,3153017032,12,3248.648671689561,False
geometry_early_optical_clear_probe,3153017032,4,4760.99307511927,True
geometry_early_optical_clear_probe,3153017032,17,5390.884301180637,True
geometry_early_optical_clear_probe,3153017032,3,6742.0843011806355,True
geometry_early_optical_clear_probe,2681480422,2,11.0,True
geometry_early_optical_clear_probe,2681480422,5,29.0,False
geometry_early_optical_clear_probe,2681480422,7,41.0,False
geometry_early_optical_clear_probe,2681480422,11,65.0,False
geometry_early_optical_clear_probe,2681480422,13,77.0,False
geometry_early_optical_clear_probe,2681480422,16,95.0,True
geometry_early_optical_clear_probe,2681480422,19,276.2,True
geometry_early_optical_clear_probe,2681480422,12,318.2,False
geometry_early_optical_clear_probe,2681480422,4,366.2,True
geometry_early_optical_clear_probe,2681480422,1,560.656363137025,False
geometry_early_optical_clear_probe,2681480422,8,590.656363137025,True
geometry_early_optical_clear_probe,2681480422,10,2276.384537388867,True
geometry_early_optical_clear_probe,2681480422,3,2300.384537388867,True
geometry_early_optical_clear_probe,2681480422,15,2673.840817436176,True
geometry_early_optical_clear_probe,2163946776,2,11.0,False
geometry_early_optical_clear_probe,2163946776,12,71.0,False
geometry_early_optical_clear_probe,2163946776,15,89.0,True
geometry_early_optical_clear_probe,2163946776,16,95.0,True
geometry_early_optical_clear_probe,2163946776,17,101.0,False
geometry_early_optical_clear_probe,2163946776,19,276.2,True
geometry_early_optical_clear_probe,2163946776,14,306.2,False
geometry_early_optical_clear_probe,2163946776,8,1166.0595169646963,True
geometry_early_optical_clear_probe,2163946776,6,1178.0595169646963,False
geometry_early_optical_clear_probe,2163946776,5,1184.0595169646963,False
geometry_early_optical_clear_probe,2163946776,1,2776.648275082566,True
geometry_early_optical_clear_probe,2163946776,3,3053.848275082566,True
geometry_early_optical_clear_probe,2163946776,11,3253.048275082566,True
geometry_early_optical_clear_probe,2163946776,13,5062.177941264499,True
geometry_early_optical_clear_probe,1683339625,1,5.0,True
geometry_early_optical_clear_probe,1683339625,2,11.0,False
geometry_early_optical_clear_probe,1683339625,4,23.0,True
geometry_early_optical_clear_probe,1683339625,13,77.0,False
geometry_early_optical_clear_probe,1683339625,15,89.0,True
geometry_early_optical_clear_probe,1683339625,12,318.2,False
geometry_early_optical_clear_probe,1683339625,11,595.4,True
geometry_early_optical_clear_probe,1683339625,14,836.5999999999999,False
geometry_early_optical_clear_probe,1683339625,3,1065.8,False
geometry_early_optical_clear_probe,1683339625,6,1083.8,True
geometry_early_optical_clear_probe,1683339625,20,1155.8,False
geometry_early_optical_clear_probe,1683339625,10,5421.83166587525,True
geometry_early_optical_clear_probe,1683339625,18,5802.23166587525,True
geometry_early_optical_clear_probe,839862973,1,5.0,False
geometry_early_optical_clear_probe,839862973,5,29.0,False
geometry_early_optical_clear_probe,839862973,6,35.0,False
geometry_early_optical_clear_probe,839862973,7,41.0,True
geometry_early_optical_clear_probe,839862973,18,107.0,False
geometry_early_optical_clear_probe,839862973,20,270.2,True
geometry_early_optical_clear_probe,839862973,19,276.2,True
geometry_early_optical_clear_probe,839862973,16,294.2,False
geometry_early_optical_clear_probe,839862973,4,366.2,True
geometry_early_optical_clear_probe,839862973,10,832.8400898573276,True
geometry_early_optical_clear_probe,839862973,11,1261.9253133566688,True
geometry_early_optical_clear_probe,839862973,8,1481.7270449627638,False
geometry_early_optical_clear_probe,839862973,17,1922.3853821192197,False
geometry_early_optical_clear_probe,839862973,9,3995.4631695674084,True
geometry_early_optical_clear_probe,839862973,14,6735.683274219944,False
geometry_early_optical_clear_probe,1191749160,1,5.0,False
geometry_early_optical_clear_probe,1191749160,5,29.0,False
geometry_early_optical_clear_probe,1191749160,8,47.0,False
geometry_early_optical_clear_probe,1191749160,9,53.0,False
geometry_early_optical_clear_probe,1191749160,11,65.0,False
geometry_early_optical_clear_probe,1191749160,19,113.0,True
geometry_early_optical_clear_probe,1191749160,20,270.2,False
geometry_early_optical_clear_probe,1191749160,13,312.2,False
geometry_early_optical_clear_probe,1191749160,6,483.05213422857634,True
geometry_early_optical_clear_probe,1191749160,15,1318.3259799371704,True
geometry_early_optical_clear_probe,1191749160,12,2217.8649565479977,True
geometry_early_optical_clear_probe,1191749160,16,2229.8649565479977,True
geometry_early_optical_clear_probe,1191749160,7,3963.410550170235,True
geometry_early_optical_clear_probe,1191749160,18,4525.709624565153,True
geometry_early_optical_clear_probe,1191749160,17,4531.709624565153,False
geometry_early_optical_clear_probe,1191749160,14,4537.709624565153,False
geometry_early_optical_clear_probe,760048850,6,35.0,True
geometry_early_optical_clear_probe,760048850,10,59.0,False
geometry_early_optical_clear_probe,760048850,16,95.0,False
geometry_early_optical_clear_probe,760048850,20,119.0,False
geometry_early_optical_clear_probe,760048850,19,276.2,False
geometry_early_optical_clear_probe,760048850,14,306.2,True
geometry_early_optical_clear_probe,760048850,1,384.2,False
geometry_early_optical_clear_probe,760048850,13,2965.2337893022363,True
geometry_early_optical_clear_probe,760048850,15,2971.2337893022363,False
geometry_early_optical_clear_probe,760048850,18,4284.53315274071,True
geometry_early_optical_clear_probe,3287499154,6,35.0,False
geometry_early_optical_clear_probe,3287499154,7,41.0,True
geometry_early_optical_clear_probe,3287499154,14,83.0,True
geometry_early_optical_clear_probe,3287499154,18,107.0,True
geometry_early_optical_clear_probe,3287499154,17,1155.8,False
geometry_early_optical_clear_probe,3287499154,2,1406.5964951901074,True
geometry_early_optical_clear_probe,3287499154,1,1412.5964951901074,False
geometry_early_optical_clear_probe,3287499154,8,2403.8987006665698,True
geometry_early_optical_clear_probe,3287499154,16,2451.8987006665698,False
geometry_early_optical_clear_probe,3287499154,10,2663.0987006665696,True
geometry_early_optical_clear_probe,577043930,1,5.0,False
geometry_early_optical_clear_probe,577043930,3,17.0,True
geometry_early_optical_clear_probe,577043930,9,53.0,True
geometry_early_optical_clear_probe,577043930,10,59.0,False
geometry_early_optical_clear_probe,577043930,12,71.0,True
geometry_early_optical_clear_probe,577043930,15,89.0,False
geometry_early_optical_clear_probe,577043930,17,101.0,False
geometry_early_optical_clear_probe,577043930,18,107.0,True
geometry_early_optical_clear_probe,577043930,5,360.2,True
geometry_early_optical_clear_probe,577043930,2,571.9933656337067,False
geometry_early_optical_clear_probe,577043930,16,1593.5747715103205,True
geometry_early_optical_clear_probe,577043930,19,2269.2304122259748,False
geometry_early_optical_clear_probe,577043930,11,2287.2304122259748,False
geometry_early_optical_clear_probe,577043930,6,2498.4304122259746,False
geometry_early_optical_clear_probe,577043930,8,2510.4304122259746,True
geometry_early_optical_clear_probe,577043930,20,3415.0055055238554,False
geometry_early_optical_clear_probe,533064293,1,5.0,False
geometry_early_optical_clear_probe,533064293,14,83.0,True
geometry_early_optical_clear_probe,533064293,17,101.0,False
geometry_early_optical_clear_probe,533064293,18,107.0,False
geometry_early_optical_clear_probe,533064293,10,330.2,False
geometry_early_optical_clear_probe,533064293,8,342.2,True
geometry_early_optical_clear_probe,533064293,3,372.2,True
geometry_early_optical_clear_probe,533064293,2,378.2,True
geometry_early_optical_clear_probe,533064293,6,540.0831597251783,True
geometry_early_optical_clear_probe,533064293,7,931.000800230457,True
geometry_early_optical_clear_probe,533064293,19,3166.0448489098403,True
geometry_early_optical_clear_probe,533064293,12,6218.573184588291,True
geometry_early_optical_clear_probe,533064293,16,6236.573184588291,True
geometry_early_optical_clear_probe,2773790049,1,5.0,True
geometry_early_optical_clear_probe,2773790049,2,11.0,True
geometry_early_optical_clear_probe,2773790049,6,35.0,True
geometry_early_optical_clear_probe,2773790049,7,41.0,False
geometry_early_optical_clear_probe,2773790049,9,53.0,False
geometry_early_optical_clear_probe,2773790049,13,77.0,False
geometry_early_optical_clear_probe,2773790049,15,89.0,False
geometry_early_optical_clear_probe,2773790049,16,95.0,True
geometry_early_optical_clear_probe,2773790049,5,553.4,False
geometry_early_optical_clear_probe,2773790049,18,1602.042675789869,True
geometry_early_optical_clear_probe,2773790049,11,1626.042675789869,True
geometry_early_optical_clear_probe,2773790049,12,1814.3825223494484,True
geometry_early_optical_clear_probe,2773790049,19,2135.403728146335,True
geometry_early_optical_clear_probe,2773790049,20,6038.646284182614,True
geometry_early_optical_clear_probe,3937093282,1,5.0,True
geometry_early_optical_clear_probe,3937093282,2,11.0,True
geometry_early_optical_clear_probe,3937093282,17,101.0,False
geometry_early_optical_clear_probe,3937093282,20,119.0,False
geometry_early_optical_clear_probe,3937093282,19,276.2,True
geometry_early_optical_clear_probe,3937093282,16,294.2,True
geometry_early_optical_clear_probe,3937093282,9,583.4,False
geometry_early_optical_clear_probe,3937093282,5,873.5999999999999,False
geometry_early_optical_clear_probe,3937093282,15,1306.9810421465716,False
geometry_early_optical_clear_probe,3937093282,4,1762.6878364121321,True
geometry_early_optical_clear_probe,3937093282,11,1955.8878364121322,True
geometry_early_optical_clear_probe,3937093282,7,2373.1299047790294,True
geometry_early_optical_clear_probe,813175937,1,5.0,False
geometry_early_optical_clear_probe,813175937,10,59.0,False
geometry_early_optical_clear_probe,813175937,17,101.0,False
geometry_early_optical_clear_probe,813175937,19,113.0,False
geometry_early_optical_clear_probe,813175937,20,270.2,True
geometry_early_optical_clear_probe,813175937,13,1772.5173111700256,True
geometry_early_optical_clear_probe,813175937,4,3368.7970050757367,True
geometry_early_optical_clear_probe,813175937,5,3984.2404054038507,False
geometry_early_optical_clear_probe,813175937,18,4056.2404054038507,True
geometry_early_optical_clear_probe,813175937,9,4807.16906669038,False
geometry_early_optical_clear_probe,2566755606,1,5.0,True
geometry_early_optical_clear_probe,2566755606,14,83.0,False
geometry_early_optical_clear_probe,2566755606,20,119.0,True
geometry_early_optical_clear_probe,2566755606,19,276.2,False
geometry_early_optical_clear_probe,2566755606,16,294.2,True
geometry_early_optical_clear_probe,2566755606,15,300.2,True
geometry_early_optical_clear_probe,2566755606,13,312.2,True
geometry_early_optical_clear_probe,2566755606,4,366.2,False
geometry_early_optical_clear_probe,2566755606,17,631.4,True
geometry_early_optical_clear_probe,2566755606,5,883.9281491636456,True
geometry_early_optical_clear_probe,2566755606,2,901.9281491636456,True
geometry_early_optical_clear_probe,2566755606,18,2274.1231216647516,True
geometry_early_optical_clear_probe,2566755606,12,2292.1231216647516,False
geometry_early_optical_clear_probe,2566755606,8,2316.1231216647516,True
geometry_early_optical_clear_probe,2566755606,6,2328.1231216647516,True
geometry_early_optical_clear_probe,2566755606,9,2713.711789594512,True
geometry_early_optical_clear_probe,3980303888,1,5.0,False
geometry_early_optical_clear_probe,3980303888,9,53.0,False
geometry_early_optical_clear_probe,3980303888,13,77.0,False
geometry_early_optical_clear_probe,3980303888,19,727.2367093268059,True
geometry_early_optical_clear_probe,3980303888,17,739.2367093268059,True
geometry_early_optical_clear_probe,3980303888,16,2703.8774680735037,False
geometry_early_optical_clear_probe,3980303888,14,2715.8774680735037,False
geometry_early_optical_clear_probe,3980303888,12,2727.8774680735037,True
geometry_early_optical_clear_probe,3980303888,4,2945.0774680735035,True
geometry_early_optical_clear_probe,3980303888,10,2975.0774680735035,True
geometry_early_optical_clear_probe,1011151886,8,47.0,False
geometry_early_optical_clear_probe,1011151886,10,59.0,True
geometry_early_optical_clear_probe,1011151886,14,83.0,False
geometry_early_optical_clear_probe,1011151886,17,288.2,True
geometry_early_optical_clear_probe,1011151886,16,294.2,False
geometry_early_optical_clear_probe,1011151886,7,348.2,False
geometry_early_optical_clear_probe,1011151886,6,354.2,False
geometry_early_optical_clear_probe,1011151886,5,1228.0332302205074,False
geometry_early_optical_clear_probe,1011151886,3,1415.2332302205075,True
geometry_early_optical_clear_probe,1011151886,19,1481.2332302205075,False
geometry_early_optical_clear_probe,1011151886,18,1650.4332302205075,False
geometry_early_optical_clear_probe,1011151886,1,2147.233839841623,True
geometry_early_optical_clear_probe,1011151886,15,2346.433839841623,False
geometry_early_optical_clear_probe,1011151886,20,2364.433839841623,False
geometry_early_optical_clear_probe,1011151886,13,6956.299122678858,True
geometry_early_optical_clear_probe,2881095921,5,29.0,True
geometry_early_optical_clear_probe,2881095921,7,41.0,True
geometry_early_optical_clear_probe,2881095921,16,95.0,True
geometry_early_optical_clear_probe,2881095921,17,101.0,True
geometry_early_optical_clear_probe,2881095921,11,324.2,False
geometry_early_optical_clear_probe,2881095921,3,372.2,False
geometry_early_optical_clear_probe,2881095921,4,553.4,False
geometry_early_optical_clear_probe,2881095921,6,565.4,False
geometry_early_optical_clear_probe,2881095921,20,649.4,False
geometry_early_optical_clear_probe,2881095921,14,1833.1397346042586,False
geometry_early_optical_clear_probe,2881095921,8,1863.1397346042586,False
geometry_early_optical_clear_probe,2881095921,13,2260.1545195442595,True
geometry_early_optical_clear_probe,2881095921,9,2459.3545195442593,True
geometry_early_optical_clear_probe,2881095921,18,2856.031947769401,False
geometry_early_optical_clear_probe,2881095921,10,3067.231947769401,True
geometry_early_optical_clear_probe,2881095921,1,3627.639388215028,True
geometry_early_optical_clear_probe,1171163256,2,11.0,False
geometry_early_optical_clear_probe,1171163256,4,23.0,False
geometry_early_optical_clear_probe,1171163256,6,35.0,True
geometry_early_optical_clear_probe,1171163256,12,71.0,False
geometry_early_optical_clear_probe,1171163256,13,77.0,True
geometry_early_optical_clear_probe,1171163256,8,342.2,False
geometry_early_optical_clear_probe,1171163256,18,713.1050357958619,True
geometry_early_optical_clear_probe,1171163256,11,2600.2700651913847,False
geometry_early_optical_clear_probe,1171163256,5,3705.4173904648737,False
geometry_early_optical_clear_probe,1171163256,9,3892.6173904648736,False
geometry_early_optical_clear_probe,1171163256,17,3922.6173904648736,True
geometry_early_optical_clear_probe,1171163256,19,5301.2377833455785,False
geometry_early_optical_clear_probe,1171163256,10,5863.138263070668,True
geometry_early_optical_clear_probe,1171163256,3,5875.138263070668,True
geometry_early_optical_clear_probe,2116984260,4,23.0,False
geometry_early_optical_clear_probe,2116984260,5,29.0,True
geometry_early_optical_clear_probe,2116984260,9,53.0,False
geometry_early_optical_clear_probe,2116984260,10,59.0,False
geometry_early_optical_clear_probe,2116984260,11,65.0,True
geometry_early_optical_clear_probe,2116984260,14,83.0,False
geometry_early_optical_clear_probe,2116984260,15,89.0,False
geometry_early_optical_clear_probe,2116984260,16,95.0,False
geometry_early_optical_clear_probe,2116984260,7,348.2,True
geometry_early_optical_clear_probe,2116984260,17,631.4,False
geometry_early_optical_clear_probe,2116984260,13,2970.307675842412,False
geometry_early_optical_clear_probe,2116984260,8,4726.4841630721885,True
geometry_early_optical_clear_probe,2116984260,2,4943.684163072188,False
geometry_early_optical_clear_probe,2116984260,6,5118.884163072188,True
geometry_early_optical_clear_probe,2116984260,19,5142.884163072188,False
geometry_early_optical_clear_probe,3982470325,6,35.0,False
geometry_early_optical_clear_probe,3982470325,10,59.0,False
geometry_early_optical_clear_probe,3982470325,11,65.0,True
geometry_early_optical_clear_probe,3982470325,16,849.6301803461913,True
geometry_early_optical_clear_probe,3982470325,13,1134.995134186661,True
geometry_early_optical_clear_probe,3982470325,9,1388.195134186661,True
geometry_early_optical_clear_probe,3982470325,8,3390.4118053763596,True
geometry_early_optical_clear_probe,3982470325,7,5700.411805376358,False
geometry_early_optical_clear_probe,3982470325,4,5902.991873046046,False
geometry_early_optical_clear_probe,3982470325,15,8192.73054037021,True
geometry_early_optical_clear_probe,2110822547,4,23.0,False
geometry_early_optical_clear_probe,2110822547,6,35.0,False
geometry_early_optical_clear_probe,2110822547,7,41.0,False
geometry_early_optical_clear_probe,2110822547,8,47.0,True
geometry_early_optical_clear_probe,2110822547,13,77.0,True
geometry_early_optical_clear_probe,2110822547,15,89.0,True
geometry_early_optical_clear_probe,2110822547,17,101.0,False
geometry_early_optical_clear_probe,2110822547,20,119.0,False
geometry_early_optical_clear_probe,2110822547,19,276.2,False
geometry_early_optical_clear_probe,2110822547,11,812.5496116850651,False
geometry_early_optical_clear_probe,2110822547,1,860.5496116850651,True
geometry_early_optical_clear_probe,2110822547,16,2041.285565645965,False
geometry_early_optical_clear_probe,2110822547,5,2270.485565645965,True
geometry_early_optical_clear_probe,2110822547,18,2481.6855656459647,False
geometry_early_optical_clear_probe,2110822547,10,2720.2887922165814,True
geometry_early_optical_clear_probe,2110822547,12,2726.2887922165814,True
geometry_early_optical_clear_probe,2028776676,1,5.0,False
geometry_early_optical_clear_probe,2028776676,2,11.0,False
geometry_early_optical_clear_probe,2028776676,6,35.0,False
geometry_early_optical_clear_probe,2028776676,11,65.0,True
geometry_early_optical_clear_probe,2028776676,13,77.0,True
geometry_early_optical_clear_probe,2028776676,15,89.0,False
geometry_early_optical_clear_probe,2028776676,16,95.0,False
geometry_early_optical_clear_probe,2028776676,17,101.0,False
geometry_early_optical_clear_probe,2028776676,20,119.0,True
geometry_early_optical_clear_probe,2028776676,5,494.3131572210434,True
geometry_early_optical_clear_probe,2028776676,18,560.3131572210434,True
geometry_early_optical_clear_probe,2028776676,9,1784.2571485052256,False
geometry_early_optical_clear_probe,2028776676,3,2080.2451013464697,True
geometry_early_optical_clear_probe,2028776676,19,2516.6799645818537,True
geometry_early_optical_clear_probe,2028776676,10,3609.816149614288,True
geometry_early_optical_clear_probe,2028776676,4,3853.7138258605546,True
geometry_early_optical_clear_probe,2414786047,12,71.0,False
geometry_early_optical_clear_probe,2414786047,13,77.0,True
geometry_early_optical_clear_probe,2414786047,18,282.2,False
geometry_early_optical_clear_probe,2414786047,15,300.2,False
geometry_early_optical_clear_probe,2414786047,5,360.2,True
geometry_early_optical_clear_probe,2414786047,4,366.2,False
geometry_early_optical_clear_probe,2414786047,10,1061.7085266322085,False
geometry_early_optical_clear_probe,2414786047,9,1314.9085266322086,False
geometry_early_optical_clear_probe,2414786047,6,1332.9085266322086,True
geometry_early_optical_clear_probe,2414786047,17,1755.5969330127487,True
geometry_early_optical_clear_probe,2414786047,14,1948.7969330127487,True
geometry_early_optical_clear_probe,2414786047,3,1990.7969330127487,True
geometry_early_optical_clear_probe,2414786047,16,2407.1969330127486,True
geometry_early_optical_clear_probe,2414786047,19,6592.577017835305,True
geometry_early_optical_clear_probe,3509440395,6,35.0,True
geometry_early_optical_clear_probe,3509440395,8,47.0,True
geometry_early_optical_clear_probe,3509440395,9,53.0,True
geometry_early_optical_clear_probe,3509440395,11,65.0,True
geometry_early_optical_clear_probe,3509440395,19,113.0,False
geometry_early_optical_clear_probe,3509440395,20,270.2,False
geometry_early_optical_clear_probe,3509440395,1,384.2,False
geometry_early_optical_clear_probe,3509440395,13,601.4,True
geometry_early_optical_clear_probe,3509440395,16,619.4,True
geometry_early_optical_clear_probe,3509440395,10,1417.7853595655738,True
geometry_early_optical_clear_probe,3509440395,14,2876.0408023469104,False
geometry_early_optical_clear_probe,3509440395,4,2906.0408023469104,False
geometry_early_optical_clear_probe,3509440395,18,3286.44080234691,False
geometry_early_optical_clear_probe,3509440395,12,3310.44080234691,False
geometry_early_optical_clear_probe,3509440395,3,3497.64080234691,True
geometry_early_optical_clear_probe,3509440395,7,4114.837701602069,True
geometry_early_optical_clear_probe,891073441,4,23.0,False
geometry_early_optical_clear_probe,891073441,7,41.0,False
geometry_early_optical_clear_probe,891073441,9,53.0,False
geometry_early_optical_clear_probe,891073441,11,65.0,False
geometry_early_optical_clear_probe,891073441,17,101.0,False
geometry_early_optical_clear_probe,891073441,18,107.0,False
geometry_early_optical_clear_probe,891073441,16,1447.4332065140504,True
geometry_early_optical_clear_probe,891073441,5,1670.6332065140505,True
geometry_early_optical_clear_probe,891073441,2,1682.6332065140505,True
geometry_early_optical_clear_probe,891073441,3,2669.426378333423,False
geometry_early_optical_clear_probe,891073441,13,2869.925740247728,False
geometry_early_optical_clear_probe,891073441,20,2893.925740247728,True
geometry_early_optical_clear_probe,891073441,12,3280.3257402477275,True
geometry_early_optical_clear_probe,891073441,14,3644.3484732219217,True
geometry_early_optical_clear_probe,891073441,15,3650.3484732219217,True
geometry_early_optical_clear_probe,891073441,1,3824.7549449042535,True
geometry_early_optical_clear_probe,1062228218,4,23.0,False
geometry_early_optical_clear_probe,1062228218,5,29.0,False
geometry_early_optical_clear_probe,1062228218,11,65.0,True
geometry_early_optical_clear_probe,1062228218,13,77.0,False
geometry_early_optical_clear_probe,1062228218,19,113.0,False
geometry_early_optical_clear_probe,1062228218,20,119.0,True
geometry_early_optical_clear_probe,1062228218,9,336.2,False
geometry_early_optical_clear_probe,1062228218,12,601.4,True
geometry_early_optical_clear_probe,1062228218,6,1413.6792112381313,True
geometry_early_optical_clear_probe,1062228218,7,1867.8016520499218,True
geometry_early_optical_clear_probe,1062228218,2,2652.4475314784013,True
geometry_early_optical_clear_probe,1062228218,3,3268.0475314784007,True
geometry_early_optical_clear_probe,1062228218,14,5989.163702829211,True
geometry_early_optical_clear_probe,1062228218,15,6331.240847450427,False
geometry_early_optical_clear_probe,3192320983,3,17.0,False
geometry_early_optical_clear_probe,3192320983,6,35.0,False
geometry_early_optical_clear_probe,3192320983,14,83.0,False
geometry_early_optical_clear_probe,3192320983,17,101.0,False
geometry_early_optical_clear_probe,3192320983,19,113.0,False
geometry_early_optical_clear_probe,3192320983,8,500.3754415937713,False
geometry_early_optical_clear_probe,3192320983,16,702.522876146759,False
geometry_early_optical_clear_probe,3192320983,12,720.522876146759,True
geometry_early_optical_clear_probe,3192320983,5,756.522876146759,False
geometry_early_optical_clear_probe,3192320983,2,1237.31682234863,True
geometry_early_optical_clear_probe,2926351727,4,23.0,True
geometry_early_optical_clear_probe,2926351727,5,29.0,False
geometry_early_optical_clear_probe,2926351727,9,53.0,True
geometry_early_optical_clear_probe,2926351727,10,59.0,True
geometry_early_optical_clear_probe,2926351727,20,119.0,True
geometry_early_optical_clear_probe,2926351727,19,276.2,False
geometry_early_optical_clear_probe,2926351727,15,300.2,True
geometry_early_optical_clear_probe,2926351727,6,354.2,True
geometry_early_optical_clear_probe,2926351727,1,566.5857545205844,False
geometry_early_optical_clear_probe,2926351727,3,578.5857545205844,True
geometry_early_optical_clear_probe,2926351727,16,650.5857545205844,True
geometry_early_optical_clear_probe,2926351727,17,1169.8973514798508,False
geometry_early_optical_clear_probe,2926351727,8,2389.124431779606,False
geometry_early_optical_clear_probe,2926351727,12,2835.5244317796055,True
geometry_early_optical_clear_probe,2926351727,18,6622.947273885994,True
geometry_early_optical_clear_probe,1780216349,2,11.0,False
geometry_early_optical_clear_probe,1780216349,8,47.0,False
geometry_early_optical_clear_probe,1780216349,11,65.0,False
geometry_early_optical_clear_probe,1780216349,16,95.0,True
geometry_early_optical_clear_probe,1780216349,18,282.2,True
geometry_early_optical_clear_probe,1780216349,14,306.2,False
geometry_early_optical_clear_probe,1780216349,4,366.2,False
geometry_early_optical_clear_probe,1780216349,19,662.0774291925535,True
geometry_early_optical_clear_probe,1780216349,10,1210.6405442283171,False
geometry_early_optical_clear_probe,1780216349,20,1633.276172919801,True
geometry_early_optical_clear_probe,1780216349,6,2287.7421372892977,True
geometry_early_optical_clear_probe,1780216349,3,2299.7421372892977,False
geometry_early_optical_clear_probe,1780216349,12,3132.542137289297,True
geometry_early_optical_clear_probe,1780216349,7,3729.2976343737455,True
geometry_early_optical_clear_probe,1526904717,5,29.0,True
geometry_early_optical_clear_probe,1526904717,6,35.0,False
geometry_early_optical_clear_probe,1526904717,13,77.0,True
geometry_early_optical_clear_probe,1526904717,16,294.2,True
geometry_early_optical_clear_probe,1526904717,9,336.2,True
geometry_early_optical_clear_probe,1526904717,17,830.6566621693764,False
geometry_early_optical_clear_probe,1526904717,3,902.6566621693764,False
geometry_early_optical_clear_probe,1526904717,4,3690.214458339069,False
geometry_early_optical_clear_probe,1526904717,1,3997.414458339069,True
geometry_early_optical_clear_probe,1526904717,10,4419.814458339069,False
geometry_early_optical_clear_probe,1526904717,2,4449.814458339069,True
geometry_early_optical_clear_probe,3067221580,5,29.0,False
geometry_early_optical_clear_probe,3067221580,10,59.0,False
geometry_early_optical_clear_probe,3067221580,13,77.0,True
geometry_early_optical_clear_probe,3067221580,20,119.0,False
geometry_early_optical_clear_probe,3067221580,11,324.2,True
geometry_early_optical_clear_probe,3067221580,18,1012.0901553934073,False
geometry_early_optical_clear_probe,3067221580,15,1313.2901553934073,True
geometry_early_optical_clear_probe,3067221580,16,1319.2901553934073,False
geometry_early_optical_clear_probe,3067221580,9,1548.4901553934073,True
geometry_early_optical_clear_probe,3067221580,3,1753.6901553934074,True
geometry_early_optical_clear_probe,3067221580,12,2187.048575811435,True
geometry_early_optical_clear_probe,3067221580,8,2384.3759786066726,True
geometry_early_optical_clear_probe,3067221580,17,3135.122397395882,False
geometry_early_optical_clear_probe,3067221580,2,4132.392564161781,True
geometry_early_optical_clear_probe,1859082211,4,23.0,False
geometry_early_optical_clear_probe,1859082211,5,29.0,False
geometry_early_optical_clear_probe,1859082211,7,41.0,False
geometry_early_optical_clear_probe,1859082211,10,59.0,False
geometry_early_optical_clear_probe,1859082211,19,113.0,True
geometry_early_optical_clear_probe,1859082211,17,288.2,True
geometry_early_optical_clear_probe,1859082211,8,342.2,True
geometry_early_optical_clear_probe,1859082211,16,554.4335438053693,False
geometry_early_optical_clear_probe,1859082211,1,1942.3577056875185,True
geometry_early_optical_clear_probe,1859082211,20,2026.3577056875185,True
geometry_early_optical_clear_probe,1859082211,2,2255.5577056875186,True
geometry_early_optical_clear_probe,3708043222,9,53.0,True
geometry_early_optical_clear_probe,3708043222,16,95.0,True
geometry_early_optical_clear_probe,3708043222,18,107.0,False
geometry_early_optical_clear_probe,3708043222,19,113.0,False
geometry_early_optical_clear_probe,3708043222,6,584.7521688625375,False
geometry_early_optical_clear_probe,3708043222,4,872.3877799627769,True
geometry_early_optical_clear_probe,3708043222,7,1077.587779962777,False
geometry_early_optical_clear_probe,3708043222,12,1101.587779962777,False
geometry_early_optical_clear_probe,3708043222,17,1613.987779962777,True
geometry_early_optical_clear_probe,3708043222,1,1993.8414526690713,True
geometry_early_optical_clear_probe,3708043222,3,3236.123560807361,True
geometry_early_optical_clear_probe,3708043222,5,3994.847309292772,False
geometry_early_optical_clear_probe,3708043222,10,4006.847309292772,True
geometry_early_optical_clear_probe,3708043222,8,4230.047309292772,False
geometry_early_optical_clear_probe,3708043222,2,5577.043208453907,True
geometry_early_optical_clear_probe,3708043222,11,6101.646805537074,True
geometry_early_optical_clear_probe,1877738406,6,35.0,False
geometry_early_optical_clear_probe,1877738406,18,107.0,False
geometry_early_optical_clear_probe,1877738406,19,113.0,False
geometry_early_optical_clear_probe,1877738406,17,288.2,True
geometry_early_optical_clear_probe,1877738406,10,583.4,True
geometry_early_optical_clear_probe,1877738406,4,805.3697239982009,True
geometry_early_optical_clear_probe,1877738406,15,1186.5901776719247,True
geometry_early_optical_clear_probe,1877738406,14,1487.7901776719248,False
geometry_early_optical_clear_probe,1877738406,3,3744.205884181776,True
geometry_early_optical_clear_probe,1877738406,2,4381.07660592815,True
geometry_early_optical_clear_probe,1877738406,16,4435.07660592815,False
geometry_early_optical_clear_probe,1877738406,12,4628.276605928149,True
geometry_early_optical_clear_probe,215260950,7,41.0,False
geometry_early_optical_clear_probe,215260950,9,53.0,False
geometry_early_optical_clear_probe,215260950,14,83.0,True
geometry_early_optical_clear_probe,215260950,16,95.0,True
geometry_early_optical_clear_probe,215260950,19,113.0,False
geometry_early_optical_clear_probe,215260950,20,270.2,False
geometry_early_optical_clear_probe,215260950,13,312.2,False
geometry_early_optical_clear_probe,215260950,5,360.2,False
geometry_early_optical_clear_probe,215260950,17,2787.7828973668875,True
geometry_early_optical_clear_probe,215260950,10,3917.9966456440766,True
geometry_early_optical_clear_probe,215260950,12,4620.504611565508,True
geometry_early_optical_clear_probe,3341964524,13,77.0,False
geometry_early_optical_clear_probe,3341964524,4,366.2,True
geometry_early_optical_clear_probe,3341964524,3,372.2,False
geometry_early_optical_clear_probe,3341964524,7,493.38635155754554,False
geometry_early_optical_clear_probe,3341964524,16,541.3863515575456,False
geometry_early_optical_clear_probe,3341964524,15,733.7316646574877,True
geometry_early_optical_clear_probe,3341964524,10,757.7316646574877,True
geometry_early_optical_clear_probe,3341964524,1,1354.375396541177,False
geometry_early_optical_clear_probe,3341964524,9,1906.1070514184994,True
geometry_early_optical_clear_probe,3341964524,6,2604.6045034883955,True
geometry_early_optical_clear_probe,3341964524,11,2974.7071592986968,True
geometry_early_optical_clear_probe,3341964524,17,4845.664395801878,False
geometry_early_optical_clear_probe,3341964524,5,5237.077961876452,True
geometry_early_optical_clear_probe,3341964524,12,5249.077961876452,True
geometry_early_optical_clear_probe,3341964524,20,5759.628773427263,True
geometry_early_optical_clear_probe,3341964524,18,5771.628773427263,True
geometry_early_optical_clear_probe,2986257062,9,53.0,False
geometry_early_optical_clear_probe,2986257062,13,77.0,True
geometry_early_optical_clear_probe,2986257062,17,101.0,True
geometry_early_optical_clear_probe,2986257062,18,107.0,False
geometry_early_optical_clear_probe,2986257062,20,119.0,False
geometry_early_optical_clear_probe,2986257062,4,366.2,False
geometry_early_optical_clear_probe,2986257062,7,801.968119259647,True
geometry_early_optical_clear_probe,2986257062,6,1284.512170646324,True
geometry_early_optical_clear_probe,2986257062,2,1308.512170646324,True
geometry_early_optical_clear_probe,2986257062,11,2026.112170646324,False
geometry_early_optical_clear_probe,2986257062,12,2032.112170646324,False
geometry_early_optical_clear_probe,2986257062,5,2303.312170646324,True
geometry_early_optical_clear_probe,2986257062,19,2562.5121706463237,True
geometry_early_optical_clear_probe,2986257062,14,3611.1011268169036,True
geometry_early_optical_clear_probe,2986257062,16,4439.88555667993,True
geometry_early_optical_clear_probe,3784706226,14,83.0,False
geometry_early_optical_clear_probe,3784706226,15,89.0,True
geometry_early_optical_clear_probe,3784706226,18,107.0,True
geometry_early_optical_clear_probe,3784706226,19,276.2,True
geometry_early_optical_clear_probe,3784706226,17,839.0544513568537,False
geometry_early_optical_clear_probe,3784706226,11,869.0544513568537,False
geometry_early_optical_clear_probe,3784706226,10,875.0544513568537,True
geometry_early_optical_clear_probe,3784706226,7,1399.4544513568537,True
geometry_early_optical_clear_probe,3784706226,4,1765.821169374441,False
geometry_early_optical_clear_probe,3784706226,5,1771.821169374441,False
geometry_early_optical_clear_probe,3784706226,6,1777.821169374441,False
geometry_early_optical_clear_probe,3784706226,20,1974.9543004391626,True
geometry_early_optical_clear_probe,3784706226,16,4115.833632453578,True
geometry_early_optical_clear_probe,3784706226,9,5290.24158172437,True
geometry_early_optical_clear_probe,3784706226,12,5767.469809065959,False
geometry_early_optical_clear_probe,3491669775,1,5.0,True
geometry_early_optical_clear_probe,3491669775,4,23.0,True
geometry_early_optical_clear_probe,3491669775,10,59.0,True
geometry_early_optical_clear_probe,3491669775,15,89.0,True
geometry_early_optical_clear_probe,3491669775,17,101.0,False
geometry_early_optical_clear_probe,3491669775,11,324.2,False
geometry_early_optical_clear_probe,3491669775,7,2092.3481738055393,True
geometry_early_optical_clear_probe,3491669775,8,2357.548173805539,False
geometry_early_optical_clear_probe,3491669775,16,2628.748173805539,True
geometry_early_optical_clear_probe,3491669775,5,2869.9481738055388,True
geometry_early_optical_clear_probe,3491669775,18,3528.3858580005754,True
geometry_early_optical_clear_probe,3491669775,3,5032.960208672808,False
geometry_early_optical_clear_probe,3491669775,14,5440.392442441265,True
geometry_early_optical_clear_probe,3491669775,13,5856.792442441265,True
geometry_early_optical_clear_probe,817462764,3,17.0,False
geometry_early_optical_clear_probe,817462764,7,41.0,True
geometry_early_optical_clear_probe,817462764,11,65.0,False
geometry_early_optical_clear_probe,817462764,13,77.0,False
geometry_early_optical_clear_probe,817462764,14,83.0,False
geometry_early_optical_clear_probe,817462764,16,95.0,False
geometry_early_optical_clear_probe,817462764,20,119.0,False
geometry_early_optical_clear_probe,817462764,19,776.5999999999999,False
geometry_early_optical_clear_probe,817462764,17,1628.4598044974932,True
geometry_early_optical_clear_probe,817462764,18,1634.4598044974932,False
geometry_early_optical_clear_probe,817462764,9,1791.7319319396938,True
geometry_early_optical_clear_probe,817462764,4,3429.879178638626,False
geometry_early_optical_clear_probe,817462764,2,3435.879178638626,True
geometry_early_optical_clear_probe,817462764,15,3647.0791786386258,True
geometry_early_optical_clear_probe,817462764,12,4946.038169629076,True
geometry_early_optical_clear_probe,1948144233,1,5.0,False
geometry_early_optical_clear_probe,1948144233,14,83.0,False
geometry_early_optical_clear_probe,1948144233,15,89.0,False
geometry_early_optical_clear_probe,1948144233,18,107.0,True
geometry_early_optical_clear_probe,1948144233,20,270.2,False
geometry_early_optical_clear_probe,1948144233,16,294.2,True
geometry_early_optical_clear_probe,1948144233,12,318.2,True
geometry_early_optical_clear_probe,1948144233,9,336.2,False
geometry_early_optical_clear_probe,1948144233,17,566.5438079063057,False
geometry_early_optical_clear_probe,1948144233,13,825.9774408058239,False
geometry_early_optical_clear_probe,1948144233,4,1467.3194510154353,False
geometry_early_optical_clear_probe,1948144233,8,1491.3194510154353,True
geometry_early_optical_clear_probe,4258348641,2,11.0,False
geometry_early_optical_clear_probe,4258348641,13,77.0,False
geometry_early_optical_clear_probe,4258348641,19,113.0,False
geometry_early_optical_clear_probe,4258348641,9,336.2,False
geometry_early_optical_clear_probe,4258348641,3,372.2,False
geometry_early_optical_clear_probe,4258348641,14,1035.5232132443457,True
geometry_early_optical_clear_probe,4258348641,10,1301.6917719598175,False
geometry_early_optical_clear_probe,4258348641,1,1494.8917719598176,True
geometry_early_optical_clear_probe,4258348641,8,2707.691658729091,False
geometry_early_optical_clear_probe,4258348641,18,3761.77458757009,False
geometry_early_optical_clear_probe,3642633657,5,29.0,False
geometry_early_optical_clear_probe,3642633657,6,35.0,False
geometry_early_optical_clear_probe,3642633657,7,41.0,True
geometry_early_optical_clear_probe,3642633657,9,53.0,True
geometry_early_optical_clear_probe,3642633657,15,89.0,True
geometry_early_optical_clear_probe,3642633657,13,724.6635852884833,True
geometry_early_optical_clear_probe,3642633657,16,995.8635852884834,False
geometry_early_optical_clear_probe,3642633657,18,1007.8635852884834,False
geometry_early_optical_clear_probe,3642633657,4,1424.2635852884835,False
geometry_early_optical_clear_probe,3642633657,8,1430.2635852884835,True
geometry_early_optical_clear_probe,3642633657,19,1478.2635852884835,True
geometry_early_optical_clear_probe,3642633657,3,6280.535769474587,False
geometry_early_optical_clear_probe,4141897601,1,5.0,False
geometry_early_optical_clear_probe,4141897601,2,11.0,True
geometry_early_optical_clear_probe,4141897601,8,47.0,False
geometry_early_optical_clear_probe,4141897601,13,77.0,True
geometry_early_optical_clear_probe,4141897601,15,89.0,False
geometry_early_optical_clear_probe,4141897601,19,276.2,True
geometry_early_optical_clear_probe,4141897601,9,1213.0056758634896,False
geometry_early_optical_clear_probe,4141897601,10,1455.243959609478,True
geometry_early_optical_clear_probe,4141897601,12,1467.243959609478,True
geometry_early_optical_clear_probe,4141897601,5,3861.616415233317,True
geometry_early_optical_clear_probe,4141897601,6,4736.416415233317,False
geometry_early_optical_clear_probe,4141897601,7,4742.416415233317,False
geometry_early_optical_clear_probe,4141897601,20,4784.416415233317,True
geometry_early_optical_clear_probe,868438017,1,5.0,False
geometry_early_optical_clear_probe,868438017,8,47.0,False
geometry_early_optical_clear_probe,868438017,10,59.0,False
geometry_early_optical_clear_probe,868438017,12,71.0,False
geometry_early_optical_clear_probe,868438017,17,101.0,False
geometry_early_optical_clear_probe,868438017,19,113.0,False
geometry_early_optical_clear_probe,868438017,13,312.2,False
geometry_early_optical_clear_probe,868438017,6,354.2,False
geometry_early_optical_clear_probe,868438017,9,2593.726745772359,True
geometry_early_optical_clear_probe,868438017,11,3028.126745772359,True
geometry_early_optical_clear_probe,868438017,20,5396.566464636541,False
geometry_early_optical_clear_probe,4082503010,4,23.0,True
geometry_early_optical_clear_probe,4082503010,6,35.0,False
geometry_early_optical_clear_probe,4082503010,15,89.0,True
geometry_early_optical_clear_probe,4082503010,17,101.0,False
geometry_early_optical_clear_probe,4082503010,18,107.0,True
geometry_early_optical_clear_probe,4082503010,19,113.0,False
geometry_early_optical_clear_probe,4082503010,20,270.2,False
geometry_early_optical_clear_probe,4082503010,14,306.2,True
geometry_early_optical_clear_probe,4082503010,10,330.2,True
geometry_early_optical_clear_probe,4082503010,7,348.2,True
geometry_early_optical_clear_probe,4082503010,1,520.3402746175268,False
geometry_early_optical_clear_probe,4082503010,2,2652.687204887039,False
geometry_early_optical_clear_probe,4082503010,11,3035.2276711691243,True
geometry_early_optical_clear_probe,4082503010,3,3655.9503775344406,True
geometry_early_optical_clear_probe,4082503010,13,3843.1503775344404,True
geometry_early_optical_clear_probe,4082503010,12,5377.485267362235,False
geometry_early_optical_clear_probe,3420771814,2,11.0,False
geometry_early_optical_clear_probe,3420771814,3,17.0,True
geometry_early_optical_clear_probe,3420771814,5,29.0,True
geometry_early_optical_clear_probe,3420771814,7,41.0,True
geometry_early_optical_clear_probe,3420771814,9,53.0,True
geometry_early_optical_clear_probe,3420771814,10,59.0,False
geometry_early_optical_clear_probe,3420771814,15,89.0,False
geometry_early_optical_clear_probe,3420771814,19,113.0,False
geometry_early_optical_clear_probe,3420771814,12,601.4,False
geometry_early_optical_clear_probe,3420771814,11,790.3652469888154,True
geometry_early_optical_clear_probe,3420771814,13,1853.3320829710751,True
geometry_early_optical_clear_probe,3420771814,8,2162.400246585815,False
geometry_early_optical_clear_probe,3420771814,17,2557.6781310603587,False
geometry_early_optical_clear_probe,3420771814,1,2611.6781310603587,False
geometry_early_optical_clear_probe,3420771814,14,2947.617911713948,True
geometry_early_optical_clear_probe,3420771814,6,5865.468536215509,False
geometry_early_optical_clear_probe,963858241,10,59.0,False
geometry_early_optical_clear_probe,963858241,4,366.2,True
geometry_early_optical_clear_probe,963858241,7,1017.6464019203986,True
geometry_early_optical_clear_probe,963858241,13,1047.6464019203986,False
geometry_early_optical_clear_probe,963858241,11,1294.8464019203986,False
geometry_early_optical_clear_probe,963858241,6,1318.8464019203986,False
geometry_early_optical_clear_probe,963858241,20,1741.2464019203987,False
geometry_early_optical_clear_probe,963858241,2,1819.2464019203987,True
geometry_early_optical_clear_probe,963858241,18,2042.4464019203988,True
geometry_early_optical_clear_probe,963858241,3,2925.401542566593,False
geometry_early_optical_clear_probe,963858241,9,2943.401542566593,False
geometry_early_optical_clear_probe,963858241,8,3353.8015425665926,False
geometry_early_optical_clear_probe,963858241,1,4536.859322779788,True
geometry_early_optical_clear_probe,963858241,5,5150.966370709089,True
geometry_early_optical_clear_probe,1933137993,1,5.0,False
geometry_early_optical_clear_probe,1933137993,12,71.0,False
geometry_early_optical_clear_probe,1933137993,16,95.0,False
geometry_early_optical_clear_probe,1933137993,11,324.2,False
geometry_early_optical_clear_probe,1933137993,4,553.4,True
geometry_early_optical_clear_probe,1933137993,6,565.4,False
geometry_early_optical_clear_probe,1933137993,7,926.3590530912765,False
geometry_early_optical_clear_probe,1933137993,14,1161.5590530912764,True
geometry_early_optical_clear_probe,1933137993,10,1915.7990481014122,True
geometry_early_optical_clear_probe,1933137993,20,2792.1917803061247,True
geometry_early_optical_clear_probe,1933137993,18,3063.3917803061245,False
geometry_early_optical_clear_probe,1933137993,19,3069.3917803061245,True
geometry_early_optical_clear_probe,1933137993,8,3478.3343866461814,False
geometry_early_optical_clear_probe,1933137993,5,5265.45598239379,False
geometry_early_optical_clear_probe,1933137993,3,6465.098175293269,True
geometry_early_optical_clear_probe,1933137993,2,7678.4798142967,True
geometry_early_optical_clear_probe,3061482109,6,35.0,True
geometry_early_optical_clear_probe,3061482109,9,53.0,False
geometry_early_optical_clear_probe,3061482109,13,77.0,False
geometry_early_optical_clear_probe,3061482109,15,300.2,True
geometry_early_optical_clear_probe,3061482109,5,360.2,True
geometry_early_optical_clear_probe,3061482109,3,372.2,False
geometry_early_optical_clear_probe,3061482109,18,679.4484961587951,True
geometry_early_optical_clear_probe,3061482109,16,831.5498049477134,False
geometry_early_optical_clear_probe,3061482109,10,861.5498049477134,True
geometry_early_optical_clear_probe,3061482109,12,1997.6581078473487,True
geometry_early_optical_clear_probe,3061482109,2,2039.6581078473487,True
geometry_early_optical_clear_probe,3061482109,4,2767.2844960363154,True
geometry_early_optical_clear_probe,3061482109,17,5165.786063808358,True
geometry_early_optical_clear_probe,3061482109,7,7541.848605492033,True
geometry_early_optical_clear_probe,3061482109,19,7565.848605492033,True
geometry_early_optical_clear_probe,490823091,6,35.0,False
geometry_early_optical_clear_probe,490823091,7,41.0,False
geometry_early_optical_clear_probe,490823091,16,95.0,True
geometry_early_optical_clear_probe,490823091,18,107.0,False
geometry_early_optical_clear_probe,490823091,19,276.2,True
geometry_early_optical_clear_probe,490823091,17,631.4,True
geometry_early_optical_clear_probe,490823091,9,1055.670531704778,True
geometry_early_optical_clear_probe,490823091,5,4165.893987224094,True
geometry_early_optical_clear_probe,490823091,11,5004.657707697276,False
geometry_early_optical_clear_probe,490823091,1,5807.362344680589,True
geometry_early_optical_clear_probe,893614192,4,23.0,False
geometry_early_optical_clear_probe,893614192,5,29.0,True
geometry_early_optical_clear_probe,893614192,8,47.0,True
geometry_early_optical_clear_probe,893614192,9,53.0,False
geometry_early_optical_clear_probe,893614192,11,65.0,True
geometry_early_optical_clear_probe,893614192,13,77.0,False
geometry_early_optical_clear_probe,893614192,17,101.0,True
geometry_early_optical_clear_probe,893614192,20,119.0,False
geometry_early_optical_clear_probe,893614192,19,276.2,True
geometry_early_optical_clear_probe,893614192,16,294.2,True
geometry_early_optical_clear_probe,893614192,10,330.2,False
geometry_early_optical_clear_probe,893614192,6,990.230912007326,False
geometry_early_optical_clear_probe,893614192,1,4068.412845273412,False
geometry_early_optical_clear_probe,893614192,2,4225.612845273412,True
geometry_early_optical_clear_probe,893614192,18,4424.812845273412,True
geometry_early_optical_clear_probe,2821131667,1,5.0,False
geometry_early_optical_clear_probe,2821131667,5,29.0,True
geometry_early_optical_clear_probe,2821131667,8,47.0,True
geometry_early_optical_clear_probe,2821131667,13,77.0,False
geometry_early_optical_clear_probe,2821131667,14,83.0,False
geometry_early_optical_clear_probe,2821131667,17,101.0,False
geometry_early_optical_clear_probe,2821131667,18,107.0,False
geometry_early_optical_clear_probe,2821131667,20,119.0,True
geometry_early_optical_clear_probe,2821131667,9,336.2,False
geometry_early_optical_clear_probe,2821131667,2,378.2,True
geometry_early_optical_clear_probe,2821131667,6,1754.4,True
geometry_early_optical_clear_probe,2821131667,16,2912.2018189212495,False
geometry_early_optical_clear_probe,2821131667,7,3352.601818921249,True
geometry_early_optical_clear_probe,2821131667,11,5700.725046506262,False
geometry_early_optical_clear_probe,2821131667,4,5718.725046506262,True
geometry_early_optical_clear_probe,1705522992,6,35.0,False
geometry_early_optical_clear_probe,1705522992,14,83.0,False
geometry_early_optical_clear_probe,1705522992,17,101.0,False
geometry_early_optical_clear_probe,1705522992,11,324.2,True
geometry_early_optical_clear_probe,1705522992,10,330.2,False
geometry_early_optical_clear_probe,1705522992,4,366.2,False
geometry_early_optical_clear_probe,1705522992,12,2034.9542063096296,False
geometry_early_optical_clear_probe,1705522992,2,3084.1758473840737,True
geometry_early_optical_clear_probe,1705522992,3,4024.4178655333203,True
geometry_early_optical_clear_probe,1705522992,18,4656.383899453477,True
geometry_early_optical_clear_probe,4185776079,5,29.0,True
geometry_early_optical_clear_probe,4185776079,13,77.0,False
geometry_early_optical_clear_probe,4185776079,14,83.0,True
geometry_early_optical_clear_probe,4185776079,18,107.0,False
geometry_early_optical_clear_probe,4185776079,11,595.4,False
geometry_early_optical_clear_probe,4185776079,19,724.0624147556932,True
geometry_early_optical_clear_probe,4185776079,3,2867.2931341285375,False
geometry_early_optical_clear_probe,4185776079,2,3031.2948983416977,False
geometry_early_optical_clear_probe,4185776079,6,3049.2948983416977,True
geometry_early_optical_clear_probe,4185776079,10,3073.2948983416977,True
geometry_early_optical_clear_probe,4185776079,20,3718.894898341697,True
geometry_early_optical_clear_probe,4185776079,4,5776.0250635884295,True
geometry_early_optical_clear_probe,3211333046,10,59.0,False
geometry_early_optical_clear_probe,3211333046,12,71.0,True
geometry_early_optical_clear_probe,3211333046,18,107.0,False
geometry_early_optical_clear_probe,3211333046,19,113.0,False
geometry_early_optical_clear_probe,3211333046,16,294.2,True
geometry_early_optical_clear_probe,3211333046,11,324.2,False
geometry_early_optical_clear_probe,3211333046,1,961.8696254577221,False
geometry_early_optical_clear_probe,3211333046,9,2348.1653959102723,True
geometry_early_optical_clear_probe,3211333046,6,2366.1653959102723,True
geometry_early_optical_clear_probe,3211333046,20,4083.787375810598,True
geometry_early_optical_clear_probe,3211333046,15,4669.387375810597,True
geometry_early_optical_clear_probe,3211333046,5,5296.987375810597,True
geometry_early_optical_clear_probe,3211333046,17,6569.656280913536,True
geometry_early_optical_clear_probe,396289552,3,17.0,True
geometry_early_optical_clear_probe,396289552,8,47.0,False
geometry_early_optical_clear_probe,396289552,9,53.0,False
geometry_early_optical_clear_probe,396289552,13,77.0,False
geometry_early_optical_clear_probe,396289552,2,541.4,False
geometry_early_optical_clear_probe,396289552,20,637.4,True
geometry_early_optical_clear_probe,396289552,16,812.5999999999999,True
geometry_early_optical_clear_probe,396289552,12,836.5999999999999,False
geometry_early_optical_clear_probe,396289552,5,872.5999999999999,False
geometry_early_optical_clear_probe,396289552,19,1730.0045364405144,True
geometry_early_optical_clear_probe,396289552,1,2213.3398069363107,True
geometry_early_optical_clear_probe,396289552,11,2243.3398069363107,True
geometry_early_optical_clear_probe,396289552,14,2578.86396376407,False
geometry_early_optical_clear_probe,396289552,6,2784.0639637640697,False
geometry_early_optical_clear_probe,396289552,7,2790.0639637640697,False
geometry_early_optical_clear_probe,296942273,2,11.0,False
geometry_early_optical_clear_probe,296942273,15,89.0,False
geometry_early_optical_clear_probe,296942273,20,119.0,True
geometry_early_optical_clear_probe,296942273,8,342.2,False
geometry_early_optical_clear_probe,296942273,1,384.2,True
geometry_early_optical_clear_probe,296942273,6,1067.4448478409822,False
geometry_early_optical_clear_probe,296942273,16,1821.0448478409824,True
geometry_early_optical_clear_probe,296942273,14,2110.2448478409824,False
geometry_early_optical_clear_probe,296942273,17,2122.2448478409824,True
geometry_early_optical_clear_probe,296942273,7,2500.4835981308975,False
geometry_early_optical_clear_probe,296942273,5,2914.7150389501403,True
geometry_early_optical_clear_probe,1098304076,1,5.0,False
geometry_early_optical_clear_probe,1098304076,4,23.0,False
geometry_early_optical_clear_probe,1098304076,13,77.0,False
geometry_early_optical_clear_probe,1098304076,18,107.0,True
geometry_early_optical_clear_probe,1098304076,5,360.2,True
geometry_early_optical_clear_probe,1098304076,3,372.2,False
geometry_early_optical_clear_probe,1098304076,16,589.9416419853801,False
geometry_early_optical_clear_probe,1098304076,19,607.9416419853801,False
geometry_early_optical_clear_probe,1098304076,7,2337.337175877897,False
geometry_early_optical_clear_probe,1098304076,10,4635.817391751196,True
geometry_early_optical_clear_probe,1098304076,20,5028.2173917511955,True
geometry_early_optical_clear_probe,1098304076,8,5082.2173917511955,False
geometry_early_optical_clear_probe,1098304076,12,7335.773892009223,True
geometry_early_optical_clear_probe,1147459110,11,65.0,True
geometry_early_optical_clear_probe,1147459110,12,71.0,False
geometry_early_optical_clear_probe,1147459110,13,77.0,False
geometry_early_optical_clear_probe,1147459110,17,101.0,True
geometry_early_optical_clear_probe,1147459110,18,107.0,True
geometry_early_optical_clear_probe,1147459110,19,113.0,False
geometry_early_optical_clear_probe,1147459110,20,119.0,True
geometry_early_optical_clear_probe,1147459110,7,348.2,False
geometry_early_optical_clear_probe,1147459110,8,797.3266681322348,False
geometry_early_optical_clear_probe,1147459110,3,827.3266681322348,False
geometry_early_optical_clear_probe,1147459110,4,998.3427420080576,False
geometry_early_optical_clear_probe,1147459110,15,1046.3427420080575,False
geometry_early_optical_clear_probe,1147459110,2,2208.5323212294043,True
geometry_early_optical_clear_probe,1147459110,1,5265.284862542358,True
geometry_early_optical_clear_probe,1147459110,10,5906.458429383261,True
geometry_early_optical_clear_probe,3454862362,1,5.0,False
geometry_early_optical_clear_probe,3454862362,6,35.0,False
geometry_early_optical_clear_probe,3454862362,9,53.0,True
geometry_early_optical_clear_probe,3454862362,10,59.0,False
geometry_early_optical_clear_probe,3454862362,11,65.0,True
geometry_early_optical_clear_probe,3454862362,13,77.0,False
geometry_early_optical_clear_probe,3454862362,16,95.0,False
geometry_early_optical_clear_probe,3454862362,17,101.0,True
geometry_early_optical_clear_probe,3454862362,18,107.0,True
geometry_early_optical_clear_probe,3454862362,19,113.0,False
geometry_early_optical_clear_probe,3454862362,12,808.501130548632,False
geometry_early_optical_clear_probe,3454862362,20,1791.5458973258824,False
geometry_early_optical_clear_probe,3454862362,7,3677.607474779889,True
geometry_early_optical_clear_probe,3454862362,15,3858.8074747798887,True
geometry_early_optical_clear_probe,3454862362,14,4088.0074747798885,True
geometry_early_optical_clear_probe,3454862362,2,4315.742074834266,True
geometry_early_optical_clear_probe,2285177576,5,29.0,False
geometry_early_optical_clear_probe,2285177576,7,41.0,True
geometry_early_optical_clear_probe,2285177576,9,53.0,True
geometry_early_optical_clear_probe,2285177576,10,59.0,False
geometry_early_optical_clear_probe,2285177576,13,77.0,False
geometry_early_optical_clear_probe,2285177576,14,83.0,False
geometry_early_optical_clear_probe,2285177576,20,119.0,False
geometry_early_optical_clear_probe,2285177576,18,282.2,True
geometry_early_optical_clear_probe,2285177576,17,1362.2815827588774,True
geometry_early_optical_clear_probe,2285177576,12,1615.4815827588775,True
geometry_early_optical_clear_probe,2285177576,19,1639.4815827588775,True
geometry_early_optical_clear_probe,2285177576,2,2448.2815827588774,False
geometry_early_optical_clear_probe,2285177576,11,5255.887109870264,True
geometry_early_optical_clear_probe,2285177576,4,6019.6177364314935,True
geometry_early_optical_clear_probe,622697476,1,5.0,False
geometry_early_optical_clear_probe,622697476,5,29.0,False
geometry_early_optical_clear_probe,622697476,6,35.0,False
geometry_early_optical_clear_probe,622697476,11,65.0,False
geometry_early_optical_clear_probe,622697476,16,95.0,False
geometry_early_optical_clear_probe,622697476,20,119.0,True
geometry_early_optical_clear_probe,622697476,13,312.2,False
geometry_early_optical_clear_probe,622697476,14,607.4,False
geometry_early_optical_clear_probe,622697476,7,3313.230838839955,True
geometry_early_optical_clear_probe,622697476,2,3331.230838839955,False
geometry_early_optical_clear_probe,622697476,8,3539.2157294679264,False
geometry_early_optical_clear_probe,622697476,4,4303.730574402011,True
geometry_early_optical_clear_probe,622697476,19,4351.730574402011,False
geometry_early_optical_clear_probe,1852301128,1,5.0,False
geometry_early_optical_clear_probe,1852301128,3,17.0,True
geometry_early_optical_clear_probe,1852301128,7,41.0,False
geometry_early_optical_clear_probe,1852301128,10,59.0,False
geometry_early_optical_clear_probe,1852301128,11,65.0,False
geometry_early_optical_clear_probe,1852301128,13,77.0,True
geometry_early_optical_clear_probe,1852301128,16,95.0,False
geometry_early_optical_clear_probe,1852301128,17,101.0,True
geometry_early_optical_clear_probe,1852301128,19,113.0,False
geometry_early_optical_clear_probe,1852301128,5,1003.3334052542161,False
geometry_early_optical_clear_probe,1852301128,12,1613.9279648896256,True
geometry_early_optical_clear_probe,1852301128,18,1643.9279648896256,False
geometry_early_optical_clear_probe,1852301128,20,2271.424743154351,True
geometry_early_optical_clear_probe,1852301128,14,2512.6247431543507,False
geometry_early_optical_clear_probe,1852301128,15,2518.6247431543507,False
geometry_early_optical_clear_probe,3395397281,6,35.0,False
geometry_early_optical_clear_probe,3395397281,7,41.0,True
geometry_early_optical_clear_probe,3395397281,8,47.0,False
geometry_early_optical_clear_probe,3395397281,15,89.0,False
geometry_early_optical_clear_probe,3395397281,18,107.0,False
geometry_early_optical_clear_probe,3395397281,17,288.2,True
geometry_early_optical_clear_probe,3395397281,9,578.2934273841388,True
geometry_early_optical_clear_probe,3395397281,16,620.2934273841388,False
geometry_early_optical_clear_probe,3395397281,20,638.2934273841388,False
geometry_early_optical_clear_probe,3395397281,10,1177.986059222281,False
geometry_early_optical_clear_probe,3395397281,13,1719.0041636750982,True
geometry_early_optical_clear_probe,3395397281,11,2365.5789479698055,True
geometry_early_optical_clear_probe,285884083,2,11.0,False
geometry_early_optical_clear_probe,285884083,5,29.0,True
geometry_early_optical_clear_probe,285884083,11,65.0,True
geometry_early_optical_clear_probe,285884083,16,95.0,True
geometry_early_optical_clear_probe,285884083,17,101.0,True
geometry_early_optical_clear_probe,285884083,20,270.2,False
geometry_early_optical_clear_probe,285884083,12,318.2,False
geometry_early_optical_clear_probe,285884083,9,577.4,False
geometry_early_optical_clear_probe,285884083,13,1204.9800149580883,False
geometry_early_optical_clear_probe,285884083,3,1416.1800149580883,False
geometry_early_optical_clear_probe,285884083,7,1440.1800149580883,True
geometry_early_optical_clear_probe,285884083,1,1729.3800149580884,True
geometry_early_optical_clear_probe,2294596137,10,59.0,False
geometry_early_optical_clear_probe,2294596137,13,77.0,False
geometry_early_optical_clear_probe,2294596137,18,107.0,False
geometry_early_optical_clear_probe,2294596137,17,288.2,True
geometry_early_optical_clear_probe,2294596137,15,300.2,True
geometry_early_optical_clear_probe,2294596137,1,548.8512479041938,False
geometry_early_optical_clear_probe,2294596137,11,608.8512479041938,False
geometry_early_optical_clear_probe,2294596137,16,638.8512479041938,True
geometry_early_optical_clear_probe,2294596137,7,2477.8168900601654,True
geometry_early_optical_clear_probe,2294596137,2,4499.897814619119,False
geometry_early_optical_clear_probe,2294596137,6,4675.097814619119,True
geometry_early_optical_clear_probe,2176694788,2,11.0,True
geometry_early_optical_clear_probe,2176694788,3,17.0,False
geometry_early_optical_clear_probe,2176694788,4,23.0,False
geometry_early_optical_clear_probe,2176694788,11,65.0,False
geometry_early_optical_clear_probe,2176694788,15,89.0,True
geometry_early_optical_clear_probe,2176694788,18,107.0,False
geometry_early_optical_clear_probe,2176694788,6,354.2,True
geometry_early_optical_clear_probe,2176694788,5,360.2,False
geometry_early_optical_clear_probe,2176694788,13,546.059784931302,True
geometry_early_optical_clear_probe,2176694788,19,980.043708019524,True
geometry_early_optical_clear_probe,2176694788,9,1161.8283823207269,True
geometry_early_optical_clear_probe,2176694788,16,2616.9690920129456,True
geometry_early_optical_clear_probe,2176694788,10,4287.6799972584995,True
geometry_early_optical_clear_probe,2176694788,17,4729.9196889250325,True
geometry_early_optical_clear_probe,2176694788,8,5285.519688925032,False
geometry_early_optical_clear_probe,2176694788,1,5468.558952479908,False
geometry_early_optical_clear_probe,860283440,17,101.0,False
geometry_early_optical_clear_probe,860283440,18,107.0,False
geometry_early_optical_clear_probe,860283440,19,113.0,True
geometry_early_optical_clear_probe,860283440,20,270.2,False
geometry_early_optical_clear_probe,860283440,14,306.2,True
geometry_early_optical_clear_probe,860283440,10,330.2,False
geometry_early_optical_clear_probe,860283440,6,354.2,False
geometry_early_optical_clear_probe,860283440,5,360.2,False
geometry_early_optical_clear_probe,860283440,15,825.4365768494017,True
geometry_early_optical_clear_probe,860283440,7,1467.214873477564,True
geometry_early_optical_clear_probe,860283440,11,4967.619157125939,False
geometry_early_optical_clear_probe,1744303593,1,5.0,False
geometry_early_optical_clear_probe,1744303593,6,35.0,False
geometry_early_optical_clear_probe,1744303593,13,77.0,True
geometry_early_optical_clear_probe,1744303593,18,107.0,False
geometry_early_optical_clear_probe,1744303593,14,306.2,True
geometry_early_optical_clear_probe,1744303593,12,318.2,True
geometry_early_optical_clear_probe,1744303593,5,360.2,False
geometry_early_optical_clear_probe,1744303593,4,366.2,False
geometry_early_optical_clear_probe,1744303593,8,519.1283275924918,True
geometry_early_optical_clear_probe,1744303593,16,567.1283275924918,False
geometry_early_optical_clear_probe,1744303593,17,573.1283275924918,False
geometry_early_optical_clear_probe,1744303593,20,1115.1286974730797,False
geometry_early_optical_clear_probe,1744303593,9,1175.1286974730797,True
geometry_early_optical_clear_probe,1744303593,19,1443.7712441126926,True
geometry_early_optical_clear_probe,1744303593,11,2686.9337525856995,True
geometry_early_optical_clear_probe,3031561097,1,5.0,True
geometry_early_optical_clear_probe,3031561097,5,29.0,False
geometry_early_optical_clear_probe,3031561097,6,35.0,False
geometry_early_optical_clear_probe,3031561097,7,41.0,False
geometry_early_optical_clear_probe,3031561097,8,47.0,False
geometry_early_optical_clear_probe,3031561097,10,59.0,True
geometry_early_optical_clear_probe,3031561097,13,77.0,False
geometry_early_optical_clear_probe,3031561097,18,107.0,False
geometry_early_optical_clear_probe,3031561097,19,276.2,False
geometry_early_optical_clear_probe,3031561097,15,300.2,False
geometry_early_optical_clear_probe,3031561097,4,366.2,False
geometry_early_optical_clear_probe,3031561097,2,2628.634759553368,True
geometry_early_optical_clear_probe,3031561097,11,3432.5432525198294,False
geometry_early_optical_clear_probe,3031561097,3,3661.743252519829,False
geometry_early_optical_clear_probe,1725487057,4,23.0,True
geometry_early_optical_clear_probe,1725487057,10,59.0,False
geometry_early_optical_clear_probe,1725487057,13,77.0,False
geometry_early_optical_clear_probe,1725487057,15,89.0,True
geometry_early_optical_clear_probe,1725487057,17,101.0,False
geometry_early_optical_clear_probe,1725487057,19,113.0,True
geometry_early_optical_clear_probe,1725487057,8,342.2,False
geometry_early_optical_clear_probe,1725487057,5,360.2,True
geometry_early_optical_clear_probe,1725487057,9,560.8532854493193,False
geometry_early_optical_clear_probe,1725487057,1,1007.1255958102287,False
geometry_early_optical_clear_probe,1725487057,18,1079.1255958102288,True
geometry_early_optical_clear_probe,1725487057,12,1275.1652366161088,False
geometry_early_optical_clear_probe,1725487057,3,1311.1652366161088,True
geometry_early_optical_clear_probe,1725487057,2,1317.1652366161088,True
geometry_early_optical_clear_probe,1725487057,11,1804.165754226451,False
geometry_early_optical_clear_probe,1725487057,6,1822.165754226451,True
geometry_early_optical_clear_probe,3777489340,11,65.0,True
geometry_early_optical_clear_probe,3777489340,19,113.0,False
geometry_early_optical_clear_probe,3777489340,20,270.2,False
geometry_early_optical_clear_probe,3777489340,5,360.2,True
geometry_early_optical_clear_probe,3777489340,10,589.4,True
geometry_early_optical_clear_probe,3777489340,17,631.4,False
geometry_early_optical_clear_probe,3777489340,12,3913.471348499982,True
geometry_early_optical_clear_probe,3777489340,14,5785.327355248619,True
geometry_early_optical_clear_probe,3777489340,4,7347.727355248618,True
geometry_early_optical_clear_probe,3777489340,18,7588.9273552486175,True
geometry_early_optical_clear_probe,2383553165,2,11.0,True
geometry_early_optical_clear_probe,2383553165,6,35.0,False
geometry_early_optical_clear_probe,2383553165,10,59.0,False
geometry_early_optical_clear_probe,2383553165,16,95.0,False
geometry_early_optical_clear_probe,2383553165,18,107.0,True
geometry_early_optical_clear_probe,2383553165,20,270.2,False
geometry_early_optical_clear_probe,2383553165,12,848.5999999999999,True
geometry_early_optical_clear_probe,2383553165,3,1661.7001846482844,True
geometry_early_optical_clear_probe,2383553165,13,1859.2738881153937,True
geometry_early_optical_clear_probe,2383553165,17,3431.8240906841206,False
geometry_early_optical_clear_probe,2383553165,1,4720.99355588288,True
geometry_early_optical_clear_probe,2383553165,19,6955.116357290563,True
geometry_early_optical_clear_probe,3682073372,9,53.0,False
geometry_early_optical_clear_probe,3682073372,12,71.0,False
geometry_early_optical_clear_probe,3682073372,16,95.0,False
geometry_early_optical_clear_probe,3682073372,8,2516.9196809239406,True
geometry_early_optical_clear_probe,3682073372,19,2564.9196809239406,False
geometry_early_optical_clear_probe,3682073372,11,2764.1196809239405,False
geometry_early_optical_clear_probe,3682073372,2,2812.1196809239405,False
geometry_early_optical_clear_probe,3682073372,1,3467.118702763466,True
geometry_early_optical_clear_probe,3682073372,14,5905.143361646323,True
geometry_early_optical_clear_probe,3682073372,13,6078.890242695059,True
geometry_early_optical_clear_probe,3682073372,4,6568.487605128952,True
geometry_early_optical_clear_probe,2210487687,2,11.0,False
geometry_early_optical_clear_probe,2210487687,9,53.0,False
geometry_early_optical_clear_probe,2210487687,10,59.0,True
geometry_early_optical_clear_probe,2210487687,12,71.0,False
geometry_early_optical_clear_probe,2210487687,16,95.0,False
geometry_early_optical_clear_probe,2210487687,17,101.0,True
geometry_early_optical_clear_probe,2210487687,18,107.0,True
geometry_early_optical_clear_probe,2210487687,20,119.0,False
geometry_early_optical_clear_probe,2210487687,3,513.2980600644806,True
geometry_early_optical_clear_probe,2210487687,7,537.2980600644806,False
geometry_early_optical_clear_probe,2210487687,6,1008.1785078378664,False
geometry_early_optical_clear_probe,2210487687,8,4426.894863515376,True
geometry_early_optical_clear_probe,2511951436,1,5.0,False
geometry_early_optical_clear_probe,2511951436,3,17.0,False
geometry_early_optical_clear_probe,2511951436,5,29.0,False
geometry_early_optical_clear_probe,2511951436,7,41.0,False
geometry_early_optical_clear_probe,2511951436,11,65.0,True
geometry_early_optical_clear_probe,2511951436,12,71.0,True
geometry_early_optical_clear_probe,2511951436,20,119.0,False
geometry_early_optical_clear_probe,2511951436,18,282.2,False
geometry_early_optical_clear_probe,2511951436,13,312.2,False
geometry_early_optical_clear_probe,2511951436,2,378.2,True
geometry_early_optical_clear_probe,2511951436,14,541.4639504507226,False
geometry_early_optical_clear_probe,2511951436,19,1152.8381561596075,False
geometry_early_optical_clear_probe,2511951436,15,1314.1073223653239,True
geometry_early_optical_clear_probe,2511951436,6,1792.633193127289,True
geometry_early_optical_clear_probe,2511951436,16,5240.162117758777,False
geometry_early_optical_clear_probe,2189744640,3,17.0,False
geometry_early_optical_clear_probe,2189744640,4,23.0,False
geometry_early_optical_clear_probe,2189744640,5,29.0,True
geometry_early_optical_clear_probe,2189744640,8,47.0,False
geometry_early_optical_clear_probe,2189744640,15,89.0,True
geometry_early_optical_clear_probe,2189744640,18,1489.3022384995381,False
geometry_early_optical_clear_probe,2189744640,20,1721.9813839633628,False
geometry_early_optical_clear_probe,2189744640,11,2744.2277737830573,True
geometry_early_optical_clear_probe,2189744640,10,2750.2277737830573,False
geometry_early_optical_clear_probe,2189744640,2,2780.2277737830573,True
geometry_early_optical_clear_probe,2189744640,16,7696.459132926033,True
geometry_early_optical_clear_probe,352200972,8,47.0,False
geometry_early_optical_clear_probe,352200972,14,83.0,False
geometry_early_optical_clear_probe,352200972,16,95.0,True
geometry_early_optical_clear_probe,352200972,18,107.0,False
geometry_early_optical_clear_probe,352200972,19,113.0,False
geometry_early_optical_clear_probe,352200972,20,119.0,False
geometry_early_optical_clear_probe,352200972,11,324.2,False
geometry_early_optical_clear_probe,352200972,6,354.2,True
geometry_early_optical_clear_probe,352200972,5,513.7480200217005,True
geometry_early_optical_clear_probe,352200972,9,1360.7878903296482,True
geometry_early_optical_clear_probe,352200972,2,2132.072302914111,False
geometry_early_optical_clear_probe,352200972,17,2186.072302914111,False
geometry_early_optical_clear_probe,352200972,10,2486.1157875877802,False
geometry_early_optical_clear_probe,352200972,12,3114.7157875877797,True
geometry_early_optical_clear_probe,352200972,3,3744.4855220369345,True
geometry_early_optical_clear_probe,3006872121,1,5.0,False
geometry_early_optical_clear_probe,3006872121,4,23.0,False
geometry_early_optical_clear_probe,3006872121,9,53.0,False
geometry_early_optical_clear_probe,3006872121,10,59.0,False
geometry_early_optical_clear_probe,3006872121,12,71.0,False
geometry_early_optical_clear_probe,3006872121,14,83.0,False
geometry_early_optical_clear_probe,3006872121,20,119.0,False
geometry_early_optical_clear_probe,3006872121,16,294.2,False
geometry_early_optical_clear_probe,3006872121,15,300.2,False
geometry_early_optical_clear_probe,3006872121,11,324.2,False
geometry_early_optical_clear_probe,3006872121,5,502.57355553605066,True
geometry_early_optical_clear_probe,3006872121,18,680.5889036783598,False
geometry_early_optical_clear_probe,3006872121,17,686.5889036783598,True
geometry_early_optical_clear_probe,3006872121,7,740.5889036783598,False
geometry_early_optical_clear_probe,3006872121,2,764.5889036783598,True
geometry_early_optical_clear_probe,3006872121,3,4477.346071109783,True
geometry_early_optical_clear_probe,109364096,6,35.0,False
geometry_early_optical_clear_probe,109364096,9,53.0,False
geometry_early_optical_clear_probe,109364096,20,119.0,False
geometry_early_optical_clear_probe,109364096,7,348.2,False
geometry_early_optical_clear_probe,109364096,10,1569.5036076695621,True
geometry_early_optical_clear_probe,109364096,14,1804.7036076695622,True
geometry_early_optical_clear_probe,109364096,1,1870.7036076695622,True
geometry_early_optical_clear_probe,109364096,13,2081.903607669562,False
geometry_early_optical_clear_probe,109364096,19,2591.3687680997486,True
geometry_early_optical_clear_probe,109364096,18,7192.505160314709,True
geometry_early_optical_clear_probe,3054833276,3,17.0,True
geometry_early_optical_clear_probe,3054833276,4,23.0,False
geometry_early_optical_clear_probe,3054833276,11,65.0,False
geometry_early_optical_clear_probe,3054833276,12,71.0,False
geometry_early_optical_clear_probe,3054833276,18,107.0,False
geometry_early_optical_clear_probe,3054833276,20,270.2,True
geometry_early_optical_clear_probe,3054833276,1,988.7398160393699,False
geometry_early_optical_clear_probe,3054833276,13,1048.73981603937,True
geometry_early_optical_clear_probe,3054833276,9,1233.6575256826218,False
geometry_early_optical_clear_probe,3054833276,8,2292.4493051557583,True
geometry_early_optical_clear_probe,3054833276,7,4291.346509054131,False
geometry_early_optical_clear_probe,3054833276,5,4478.546509054131,True
geometry_early_optical_clear_probe,3054833276,19,7242.929689965791,True
geometry_early_optical_clear_probe,2912753827,2,11.0,False
geometry_early_optical_clear_probe,2912753827,4,23.0,True
geometry_early_optical_clear_probe,2912753827,5,29.0,True
geometry_early_optical_clear_probe,2912753827,6,35.0,False
geometry_early_optical_clear_probe,2912753827,7,41.0,False
geometry_early_optical_clear_probe,2912753827,13,77.0,False
geometry_early_optical_clear_probe,2912753827,15,89.0,False
geometry_early_optical_clear_probe,2912753827,16,95.0,True
geometry_early_optical_clear_probe,2912753827,12,318.2,True
geometry_early_optical_clear_probe,2912753827,19,1667.3212589679115,True
geometry_early_optical_clear_probe,2912753827,10,1884.5212589679115,True
geometry_early_optical_clear_probe,2912753827,20,2200.7099662649744,True
geometry_early_optical_clear_probe,2912753827,8,3268.1382621822045,True
geometry_early_optical_clear_probe,2912753827,1,5188.746008345663,True
geometry_early_optical_clear_probe,2912753827,14,5411.946008345662,True
geometry_early_optical_clear_probe,2497041935,1,5.0,True
geometry_early_optical_clear_probe,2497041935,7,41.0,True
geometry_early_optical_clear_probe,2497041935,9,53.0,False
geometry_early_optical_clear_probe,2497041935,10,59.0,False
geometry_early_optical_clear_probe,2497041935,12,71.0,True
geometry_early_optical_clear_probe,2497041935,16,95.0,True
geometry_early_optical_clear_probe,2497041935,4,366.2,False
geometry_early_optical_clear_probe,2497041935,20,1238.4420759899117,True
geometry_early_optical_clear_probe,2497041935,5,1310.4420759899117,False
geometry_early_optical_clear_probe,2497041935,3,1479.6420759899117,True
geometry_early_optical_clear_probe,2497041935,6,1491.6420759899117,False
geometry_early_optical_clear_probe,2497041935,13,1744.8420759899118,False
geometry_early_optical_clear_probe,2497041935,15,2145.506339105932,False
geometry_early_optical_clear_probe,2497041935,19,2390.8790690625065,False
geometry_early_optical_clear_probe,2497041935,8,3114.319110924187,True
geometry_early_optical_clear_probe,1320798533,1,5.0,False
geometry_early_optical_clear_probe,1320798533,5,29.0,True
geometry_early_optical_clear_probe,1320798533,9,53.0,True
geometry_early_optical_clear_probe,1320798533,10,59.0,False
geometry_early_optical_clear_probe,1320798533,11,65.0,False
geometry_early_optical_clear_probe,1320798533,15,89.0,True
geometry_early_optical_clear_probe,1320798533,17,101.0,True
geometry_early_optical_clear_probe,1320798533,18,107.0,True
geometry_early_optical_clear_probe,1320798533,19,113.0,True
geometry_early_optical_clear_probe,1320798533,20,270.2,False
geometry_early_optical_clear_probe,1320798533,4,366.2,False
geometry_early_optical_clear_probe,1320798533,7,526.5143145106099,True
geometry_early_optical_clear_probe,1320798533,12,796.6567398276477,True
geometry_early_optical_clear_probe,1320798533,6,1396.0319738652709,False
geometry_early_optical_clear_probe,1320798533,13,2011.7000317849904,True
geometry_early_optical_clear_probe,1320798533,14,5449.444413297804,True
geometry_early_optical_clear_probe,2909867886,9,53.0,True
geometry_early_optical_clear_probe,2909867886,10,59.0,False
geometry_early_optical_clear_probe,2909867886,14,83.0,False
geometry_early_optical_clear_probe,2909867886,15,89.0,True
geometry_early_optical_clear_probe,2909867886,19,276.2,False
geometry_early_optical_clear_probe,2909867886,16,294.2,False
geometry_early_optical_clear_probe,2909867886,11,324.2,True
geometry_early_optical_clear_probe,2909867886,3,372.2,False
geometry_early_optical_clear_probe,2909867886,18,1029.465482955567,True
geometry_early_optical_clear_probe,2909867886,7,3053.830090525838,True
geometry_early_optical_clear_probe,2909867886,12,3470.2300905258376,False
geometry_early_optical_clear_probe,2909867886,20,4468.701393732326,True
geometry_early_optical_clear_probe,1058556644,8,47.0,True
geometry_early_optical_clear_probe,1058556644,9,53.0,True
geometry_early_optical_clear_probe,1058556644,11,65.0,True
geometry_early_optical_clear_probe,1058556644,14,83.0,True
geometry_early_optical_clear_probe,1058556644,18,107.0,False
geometry_early_optical_clear_probe,1058556644,19,113.0,False
geometry_early_optical_clear_probe,1058556644,15,991.2165702615881,True
geometry_early_optical_clear_probe,1058556644,12,1854.9929938510966,False
geometry_early_optical_clear_probe,1058556644,7,1872.9929938510966,True
geometry_early_optical_clear_probe,1058556644,2,2864.551687191295,False
geometry_early_optical_clear_probe,1058556644,13,3088.42838687643,False
geometry_early_optical_clear_probe,1058556644,10,5814.916833869573,True
geometry_early_optical_clear_probe,493401846,13,77.0,False
geometry_early_optical_clear_probe,493401846,17,101.0,False
geometry_early_optical_clear_probe,493401846,20,270.2,True
geometry_early_optical_clear_probe,493401846,1,840.9996030413944,False
geometry_early_optical_clear_probe,493401846,10,1314.245712628028,False
geometry_early_optical_clear_probe,493401846,12,2038.290778239493,False
geometry_early_optical_clear_probe,493401846,19,2530.812749395452,False
geometry_early_optical_clear_probe,493401846,8,2730.012749395452,True
geometry_early_optical_clear_probe,493401846,5,3605.7706259206575,True
geometry_early_optical_clear_probe,493401846,14,3822.9706259206573,True
geometry_early_optical_clear_probe,4042965704,9,53.0,False
geometry_early_optical_clear_probe,4042965704,14,83.0,False
geometry_early_optical_clear_probe,4042965704,19,113.0,False
geometry_early_optical_clear_probe,4042965704,7,348.2,True
geometry_early_optical_clear_probe,4042965704,5,360.2,True
geometry_early_optical_clear_probe,4042965704,6,1364.537165288491,True
geometry_early_optical_clear_probe,4042965704,8,1575.737165288491,False
geometry_early_optical_clear_probe,4042965704,4,2329.3371652884907,False
geometry_early_optical_clear_probe,4042965704,15,3164.9139182504036,True
geometry_early_optical_clear_probe,4042965704,12,3176.9139182504036,True
geometry_early_optical_clear_probe,4042965704,18,3721.8792157294724,False
geometry_early_optical_clear_probe,4042965704,13,3745.8792157294724,False
geometry_early_optical_clear_probe,982476359,15,89.0,False
geometry_early_optical_clear_probe,982476359,18,107.0,False
geometry_early_optical_clear_probe,982476359,8,342.2,False
geometry_early_optical_clear_probe,982476359,6,354.2,True
geometry_early_optical_clear_probe,982476359,2,378.2,False
geometry_early_optical_clear_probe,982476359,20,794.5999999999999,False
geometry_early_optical_clear_probe,982476359,5,1036.6290885379199,True
geometry_early_optical_clear_probe,982476359,13,1563.317883770288,False
geometry_early_optical_clear_probe,982476359,16,2202.2715163992398,True
geometry_early_optical_clear_probe,982476359,10,2232.2715163992398,False
geometry_early_optical_clear_probe,3105151627,1,5.0,False
geometry_early_optical_clear_probe,3105151627,3,17.0,True
geometry_early_optical_clear_probe,3105151627,5,29.0,True
geometry_early_optical_clear_probe,3105151627,6,35.0,False
geometry_early_optical_clear_probe,3105151627,9,53.0,True
geometry_early_optical_clear_probe,3105151627,14,83.0,False
geometry_early_optical_clear_probe,3105151627,17,101.0,False
geometry_early_optical_clear_probe,3105151627,18,282.2,True
geometry_early_optical_clear_probe,3105151627,4,366.2,False
geometry_early_optical_clear_probe,3105151627,15,1165.4908112470407,True
geometry_early_optical_clear_probe,3105151627,2,1639.28133036694,False
geometry_early_optical_clear_probe,3105151627,12,1892.48133036694,True
geometry_early_optical_clear_probe,3105151627,19,3316.4803372774295,True
geometry_early_optical_clear_probe,3105151627,10,3831.8441419323535,True
geometry_early_optical_clear_probe,2467293754,1,5.0,True
geometry_early_optical_clear_probe,2467293754,2,11.0,False
geometry_early_optical_clear_probe,2467293754,3,17.0,False
geometry_early_optical_clear_probe,2467293754,7,41.0,True
geometry_early_optical_clear_probe,2467293754,8,47.0,False
geometry_early_optical_clear_probe,2467293754,14,83.0,True
geometry_early_optical_clear_probe,2467293754,18,282.2,True
geometry_early_optical_clear_probe,2467293754,5,2453.561054374135,False
geometry_early_optical_clear_probe,2467293754,15,2959.9610543741346,True
geometry_early_optical_clear_probe,2467293754,4,3213.1610543741344,True
geometry_early_optical_clear_probe,2673848245,1,5.0,True
geometry_early_optical_clear_probe,2673848245,2,11.0,False
geometry_early_optical_clear_probe,2673848245,3,17.0,False
geometry_early_optical_clear_probe,2673848245,12,71.0,False
geometry_early_optical_clear_probe,2673848245,17,101.0,False
geometry_early_optical_clear_probe,2673848245,18,107.0,False
geometry_early_optical_clear_probe,2673848245,20,119.0,False
geometry_early_optical_clear_probe,2673848245,5,360.2,False
geometry_early_optical_clear_probe,2673848245,4,366.2,True
geometry_early_optical_clear_probe,2673848245,11,857.3192696965971,False
geometry_early_optical_clear_probe,2673848245,9,869.3192696965971,False
geometry_early_optical_clear_probe,2673848245,14,1118.29629917206,False
geometry_early_optical_clear_probe,2673848245,7,1311.0418372739175,False
geometry_early_optical_clear_probe,2673848245,10,1757.9909614921683,True
geometry_early_optical_clear_probe,2673848245,19,1963.509472401021,True
geometry_early_optical_clear_probe,2673848245,13,2138.709472401021,True
geometry_early_optical_clear_probe,4266811608,1,5.0,False
geometry_early_optical_clear_probe,4266811608,2,11.0,False
geometry_early_optical_clear_probe,4266811608,12,71.0,False
geometry_early_optical_clear_probe,4266811608,15,89.0,False
geometry_early_optical_clear_probe,4266811608,20,119.0,True
geometry_early_optical_clear_probe,4266811608,17,288.2,True
geometry_early_optical_clear_probe,4266811608,14,306.2,True
geometry_early_optical_clear_probe,4266811608,11,324.2,True
geometry_early_optical_clear_probe,4266811608,7,348.2,True
geometry_early_optical_clear_probe,4266811608,4,846.2133980893756,False
geometry_early_optical_clear_probe,4266811608,18,1066.2198573290948,True
geometry_early_optical_clear_probe,4266811608,13,1946.452096422482,True
geometry_early_optical_clear_probe,4266811608,5,3408.972344660334,True
geometry_early_optical_clear_probe,4266811608,19,4960.659936763026,True
geometry_early_optical_clear_probe,4266811608,10,6078.626879648148,True
geometry_early_optical_clear_probe,2456607205,7,41.0,True
geometry_early_optical_clear_probe,2456607205,18,107.0,False
geometry_early_optical_clear_probe,2456607205,10,330.2,True
geometry_early_optical_clear_probe,2456607205,5,360.2,False
geometry_early_optical_clear_probe,2456607205,4,366.2,False
geometry_early_optical_clear_probe,2456607205,17,600.5687854141177,True
geometry_early_optical_clear_probe,2456607205,2,2421.022207779865,True
geometry_early_optical_clear_probe,2456607205,16,2831.4222077798645,False
geometry_early_optical_clear_probe,2456607205,15,3307.822207779864,False
geometry_early_optical_clear_probe,2456607205,3,5131.501524576015,True
geometry_early_optical_clear_probe,2456607205,6,5300.701524576015,True
geometry_early_optical_clear_probe,3229052110,2,11.0,True
geometry_early_optical_clear_probe,3229052110,3,17.0,True
geometry_early_optical_clear_probe,3229052110,9,53.0,True
geometry_early_optical_clear_probe,3229052110,11,65.0,False
geometry_early_optical_clear_probe,3229052110,14,83.0,False
geometry_early_optical_clear_probe,3229052110,15,89.0,True
geometry_early_optical_clear_probe,3229052110,19,276.2,False
geometry_early_optical_clear_probe,3229052110,6,354.2,False
geometry_early_optical_clear_probe,3229052110,8,1479.1124684103952,False
geometry_early_optical_clear_probe,3229052110,12,1677.4153323076991,False
geometry_early_optical_clear_probe,3229052110,10,1883.7764550659888,True
geometry_early_optical_clear_probe,3229052110,4,1913.7764550659888,True
geometry_early_optical_clear_probe,3229052110,7,2118.976455065989,False
geometry_early_optical_clear_probe,3229052110,17,4603.5498794564455,True
geometry_early_optical_clear_probe,3229052110,20,5501.60118175154,False
geometry_early_optical_clear_probe,768033386,7,41.0,True
geometry_early_optical_clear_probe,768033386,12,71.0,True
geometry_early_optical_clear_probe,768033386,15,300.2,False
geometry_early_optical_clear_probe,768033386,14,306.2,False
geometry_early_optical_clear_probe,768033386,6,646.5033820233675,False
geometry_early_optical_clear_probe,768033386,16,700.5033820233675,False
geometry_early_optical_clear_probe,768033386,18,1440.6473081009365,False
geometry_early_optical_clear_probe,768033386,5,2896.41269836772,False
geometry_early_optical_clear_probe,768033386,8,3107.61269836772,True
geometry_early_optical_clear_probe,768033386,20,3149.61269836772,True
geometry_early_optical_clear_probe,768033386,4,3548.0126983677196,True
geometry_early_optical_clear_probe,1165031955,6,35.0,True
geometry_early_optical_clear_probe,1165031955,7,41.0,True
geometry_early_optical_clear_probe,1165031955,10,59.0,True
geometry_early_optical_clear_probe,1165031955,12,71.0,False
geometry_early_optical_clear_probe,1165031955,14,83.0,False
geometry_early_optical_clear_probe,1165031955,19,276.2,False
geometry_early_optical_clear_probe,1165031955,18,282.2,False
geometry_early_optical_clear_probe,1165031955,3,547.4,True
geometry_early_optical_clear_probe,1165031955,20,742.217478382763,True
geometry_early_optical_clear_probe,1165031955,2,1109.9570596456888,True
geometry_early_optical_clear_probe,1165031955,13,1505.800797442704,False
geometry_early_optical_clear_probe,1165031955,11,1517.800797442704,True
geometry_early_optical_clear_probe,1165031955,5,1988.200797442704,True
geometry_early_optical_clear_probe,1165031955,9,2795.1988477985046,False
geometry_early_optical_clear_probe,2193500087,3,17.0,False
geometry_early_optical_clear_probe,2193500087,4,23.0,False
geometry_early_optical_clear_probe,2193500087,14,83.0,True
geometry_early_optical_clear_probe,2193500087,19,113.0,False
geometry_early_optical_clear_probe,2193500087,20,119.0,False
geometry_early_optical_clear_probe,2193500087,11,324.2,True
geometry_early_optical_clear_probe,2193500087,9,336.2,True
geometry_early_optical_clear_probe,2193500087,10,886.5562697409464,False
geometry_early_optical_clear_probe,2193500087,15,1388.4584705292943,True
geometry_early_optical_clear_probe,2193500087,18,1697.8155184133905,True
geometry_early_optical_clear_probe,2193500087,8,2344.7938365771324,False
geometry_early_optical_clear_probe,2193500087,17,2797.407168183059,True
geometry_early_optical_clear_probe,2193500087,5,3376.3027212572106,True
geometry_early_optical_clear_probe,2193500087,13,4676.77018855066,True
geometry_early_optical_clear_probe,4176249595,3,17.0,False
geometry_early_optical_clear_probe,4176249595,9,53.0,False
geometry_early_optical_clear_probe,4176249595,15,89.0,True
geometry_early_optical_clear_probe,4176249595,16,95.0,False
geometry_early_optical_clear_probe,4176249595,19,276.2,False
geometry_early_optical_clear_probe,4176249595,12,318.2,False
geometry_early_optical_clear_probe,4176249595,13,550.4137327838129,True
geometry_early_optical_clear_probe,4176249595,18,834.4044786194244,False
geometry_early_optical_clear_probe,4176249595,5,3235.609061879027,False
geometry_early_optical_clear_probe,4176249595,20,3476.809061879027,False
geometry_early_optical_clear_probe,4176249595,6,3869.2090618790266,False
geometry_early_optical_clear_probe,4176249595,14,4031.398234331201,False
geometry_early_optical_clear_probe,4176249595,8,5687.158114381193,True
geometry_early_optical_clear_probe,4176249595,1,6958.155280949284,True
geometry_early_optical_clear_probe,128640605,3,17.0,True
geometry_early_optical_clear_probe,128640605,7,41.0,False
geometry_early_optical_clear_probe,128640605,15,89.0,False
geometry_early_optical_clear_probe,128640605,16,95.0,False
geometry_early_optical_clear_probe,128640605,19,113.0,True
geometry_early_optical_clear_probe,128640605,17,288.2,False
geometry_early_optical_clear_probe,128640605,10,330.2,False
geometry_early_optical_clear_probe,128640605,2,541.4,True
geometry_early_optical_clear_probe,128640605,1,1840.1584124378962,False
geometry_early_optical_clear_probe,128640605,13,2087.3584124378963,True
geometry_early_optical_clear_probe,128640605,11,2346.558412437896,True
geometry_early_optical_clear_probe,128640605,6,2599.6630762296054,True
geometry_early_optical_clear_probe,128640605,4,2611.6630762296054,True
geometry_early_optical_clear_probe,128640605,12,2764.784570084107,False
geometry_early_optical_clear_probe,128640605,9,3433.63606893252,True
geometry_early_optical_clear_probe,128640605,5,4392.773611214037,True
geometry_early_optical_clear_probe,1840430710,2,11.0,True
geometry_early_optical_clear_probe,1840430710,12,71.0,False
geometry_early_optical_clear_probe,1840430710,10,330.2,False
geometry_early_optical_clear_probe,1840430710,11,853.3126646636949,False
geometry_early_optical_clear_probe,1840430710,19,2762.917085336386,True
geometry_early_optical_clear_probe,1840430710,18,3088.117085336386,False
geometry_early_optical_clear_probe,1840430710,7,4195.230249947327,True
geometry_early_optical_clear_probe,1840430710,15,4629.630249947327,True
geometry_early_optical_clear_probe,1840430710,3,5928.278469585165,True
geometry_early_optical_clear_probe,1840430710,20,5994.278469585165,False
geometry_early_optical_clear_probe,1840430710,8,6181.478469585165,False
geometry_early_optical_clear_probe,1840430710,9,7136.278483845458,True
geometry_early_optical_clear_probe,3774934768,3,17.0,False
geometry_early_optical_clear_probe,3774934768,4,23.0,False
geometry_early_optical_clear_probe,3774934768,7,41.0,True
geometry_early_optical_clear_probe,3774934768,11,65.0,False
geometry_early_optical_clear_probe,3774934768,15,89.0,False
geometry_early_optical_clear_probe,3774934768,16,95.0,False
geometry_early_optical_clear_probe,3774934768,14,306.2,False
geometry_early_optical_clear_probe,3774934768,12,318.2,False
geometry_early_optical_clear_probe,3774934768,17,630.6357990522451,False
geometry_early_optical_clear_probe,3774934768,2,895.8357990522452,True
geometry_early_optical_clear_probe,3774934768,18,1137.0357990522452,False
geometry_early_optical_clear_probe,3774934768,19,1143.0357990522452,True
geometry_early_optical_clear_probe,3774934768,20,1149.0357990522452,False
geometry_early_optical_clear_probe,3774934768,10,2497.8290326442857,False
geometry_early_optical_clear_probe,3774934768,5,4389.50696791402,True
geometry_early_optical_clear_probe,2037110735,1,5.0,False
geometry_early_optical_clear_probe,2037110735,2,11.0,False
geometry_early_optical_clear_probe,2037110735,6,35.0,True
geometry_early_optical_clear_probe,2037110735,7,41.0,True
geometry_early_optical_clear_probe,2037110735,9,53.0,False
geometry_early_optical_clear_probe,2037110735,10,59.0,False
geometry_early_optical_clear_probe,2037110735,12,71.0,False
geometry_early_optical_clear_probe,2037110735,13,77.0,False
geometry_early_optical_clear_probe,2037110735,14,83.0,False
geometry_early_optical_clear_probe,2037110735,16,95.0,True
geometry_early_optical_clear_probe,2037110735,8,964.1368839900933,True
geometry_early_optical_clear_probe,2037110735,5,1218.1142319156,True
geometry_early_optical_clear_probe,595596631,5,29.0,False
geometry_early_optical_clear_probe,595596631,9,53.0,False
geometry_early_optical_clear_probe,595596631,16,95.0,True
geometry_early_optical_clear_probe,595596631,14,306.2,True
geometry_early_optical_clear_probe,595596631,1,384.2,True
geometry_early_optical_clear_probe,595596631,4,523.4478390852627,False
geometry_early_optical_clear_probe,595596631,17,1442.8881023532135,True
geometry_early_optical_clear_probe,595596631,8,1478.8881023532135,True
geometry_early_optical_clear_probe,595596631,2,1508.8881023532135,True
geometry_early_optical_clear_probe,595596631,12,1931.2881023532136,True
geometry_early_optical_clear_probe,595596631,13,4775.352035445967,True
geometry_early_optical_clear_probe,595596631,7,5857.264385471611,True
geometry_early_optical_clear_probe,2502235362,3,17.0,True
geometry_early_optical_clear_probe,2502235362,4,23.0,False
geometry_early_optical_clear_probe,2502235362,13,77.0,False
geometry_early_optical_clear_probe,2502235362,16,95.0,False
geometry_early_optical_clear_probe,2502235362,12,318.2,True
geometry_early_optical_clear_probe,2502235362,1,384.2,False
geometry_early_optical_clear_probe,2502235362,11,563.908428403538,True
geometry_early_optical_clear_probe,2502235362,20,1784.1866062171305,True
geometry_early_optical_clear_probe,2502235362,6,2037.3866062171305,True
geometry_early_optical_clear_probe,2502235362,17,3176.558789716642,True
geometry_early_optical_clear_probe,2502235362,19,5053.83105925079,True
geometry_early_optical_clear_probe,2502235362,15,5217.031059250789,True
geometry_early_optical_clear_probe,1072880478,1,5.0,False
geometry_early_optical_clear_probe,1072880478,2,11.0,True
geometry_early_optical_clear_probe,1072880478,3,17.0,True
geometry_early_optical_clear_probe,1072880478,4,23.0,False
geometry_early_optical_clear_probe,1072880478,6,35.0,False
geometry_early_optical_clear_probe,1072880478,7,41.0,False
geometry_early_optical_clear_probe,1072880478,9,53.0,False
geometry_early_optical_clear_probe,1072880478,12,71.0,True
geometry_early_optical_clear_probe,1072880478,13,312.2,False
geometry_early_optical_clear_probe,1072880478,16,557.4331473869719,False
geometry_early_optical_clear_probe,1072880478,11,831.4866836129635,True
geometry_early_optical_clear_probe,1072880478,17,2206.3903066937023,True
geometry_early_optical_clear_probe,1072880478,10,3872.9883840031835,True
geometry_early_optical_clear_probe,1072880478,14,4275.2706258172575,True
geometry_early_optical_clear_probe,1072880478,18,5127.631359544172,False
geometry_early_optical_clear_probe,1072880478,5,5719.231359544171,True
geometry_early_optical_clear_probe,3317962265,3,17.0,False
geometry_early_optical_clear_probe,3317962265,5,29.0,False
geometry_early_optical_clear_probe,3317962265,10,59.0,False
geometry_early_optical_clear_probe,3317962265,12,71.0,False
geometry_early_optical_clear_probe,3317962265,18,107.0,True
geometry_early_optical_clear_probe,3317962265,20,270.2,True
geometry_early_optical_clear_probe,3317962265,19,276.2,True
geometry_early_optical_clear_probe,3317962265,2,541.4,True
geometry_early_optical_clear_probe,3317962265,8,577.4,True
geometry_early_optical_clear_probe,3317962265,13,607.4,True
geometry_early_optical_clear_probe,3317962265,15,619.4,True
geometry_early_optical_clear_probe,3317962265,14,790.0933158517612,True
geometry_early_optical_clear_probe,3317962265,9,1660.5642278951175,True
geometry_early_optical_clear_probe,3317962265,7,1957.01103894689,True
geometry_early_optical_clear_probe,3317962265,17,2156.21103894689,False
geometry_early_optical_clear_probe,118743622,1,5.0,False
geometry_early_optical_clear_probe,118743622,5,29.0,False
geometry_early_optical_clear_probe,118743622,7,41.0,True
geometry_early_optical_clear_probe,118743622,9,53.0,False
geometry_early_optical_clear_probe,118743622,11,65.0,False
geometry_early_optical_clear_probe,118743622,14,83.0,False
geometry_early_optical_clear_probe,118743622,15,89.0,False
geometry_early_optical_clear_probe,118743622,16,95.0,False
geometry_early_optical_clear_probe,118743622,19,113.0,False
geometry_early_optical_clear_probe,118743622,6,354.2,True
geometry_early_optical_clear_probe,118743622,8,571.5947846914579,False
geometry_early_optical_clear_probe,118743622,12,2270.6982649457955,True
geometry_early_optical_clear_probe,118743622,3,2312.6982649457955,False
geometry_early_optical_clear_probe,118743622,13,2951.788915806289,True
geometry_early_optical_clear_probe,118743622,18,5372.572798213113,True
geometry_early_optical_clear_probe,118743622,17,5891.739025748422,True
geometry_early_optical_clear_probe,1754111749,8,47.0,False
geometry_early_optical_clear_probe,1754111749,9,53.0,False
geometry_early_optical_clear_probe,1754111749,11,65.0,False
geometry_early_optical_clear_probe,1754111749,17,101.0,False
geometry_early_optical_clear_probe,1754111749,19,113.0,True
geometry_early_optical_clear_probe,1754111749,20,119.0,True
geometry_early_optical_clear_probe,1754111749,14,306.2,False
geometry_early_optical_clear_probe,1754111749,18,734.133243034598,False
geometry_early_optical_clear_probe,1754111749,5,800.133243034598,True
geometry_early_optical_clear_probe,1754111749,10,1202.9812808071042,False
geometry_early_optical_clear_probe,1754111749,16,1232.9812808071042,False
geometry_early_optical_clear_probe,1754111749,7,1444.1812808071043,True
geometry_early_optical_clear_probe,1754111749,3,1468.1812808071043,True
geometry_early_optical_clear_probe,1754111749,2,1474.1812808071043,False
geometry_early_optical_clear_probe,1754111749,15,4356.588742815446,True
geometry_early_optical_clear_probe,3659530742,1,5.0,True
geometry_early_optical_clear_probe,3659530742,6,35.0,False
geometry_early_optical_clear_probe,3659530742,7,41.0,True
geometry_early_optical_clear_probe,3659530742,9,53.0,False
geometry_early_optical_clear_probe,3659530742,11,65.0,False
geometry_early_optical_clear_probe,3659530742,13,77.0,False
geometry_early_optical_clear_probe,3659530742,16,95.0,True
geometry_early_optical_clear_probe,3659530742,17,101.0,True
geometry_early_optical_clear_probe,3659530742,20,119.0,False
geometry_early_optical_clear_probe,3659530742,12,318.2,True
geometry_early_optical_clear_probe,3659530742,10,725.7797626446497,True
geometry_early_optical_clear_probe,3659530742,5,1021.0349452248893,False
geometry_early_optical_clear_probe,3659530742,8,5126.512047425788,False
geometry_early_optical_clear_probe,3213790289,2,11.0,False
geometry_early_optical_clear_probe,3213790289,5,29.0,True
geometry_early_optical_clear_probe,3213790289,15,89.0,False
geometry_early_optical_clear_probe,3213790289,17,101.0,False
geometry_early_optical_clear_probe,3213790289,7,348.2,True
geometry_early_optical_clear_probe,3213790289,14,1167.367949162675,True
geometry_early_optical_clear_probe,3213790289,6,1426.567949162675,True
geometry_early_optical_clear_probe,3213790289,9,1703.767949162675,True
geometry_early_optical_clear_probe,3213790289,4,1733.767949162675,False
geometry_early_optical_clear_probe,3213790289,8,1938.967949162675,False
geometry_early_optical_clear_probe,4040802022,1,5.0,True
geometry_early_optical_clear_probe,4040802022,2,11.0,True
geometry_early_optical_clear_probe,4040802022,8,47.0,False
geometry_early_optical_clear_probe,4040802022,9,53.0,False
geometry_early_optical_clear_probe,4040802022,14,83.0,True
geometry_early_optical_clear_probe,4040802022,19,113.0,True
geometry_early_optical_clear_probe,4040802022,20,270.2,True
geometry_early_optical_clear_probe,4040802022,18,282.2,True
geometry_early_optical_clear_probe,4040802022,17,288.2,False
geometry_early_optical_clear_probe,4040802022,16,294.2,False
geometry_early_optical_clear_probe,4040802022,5,559.4,False
geometry_early_optical_clear_probe,4040802022,10,1344.7166216546343,False
geometry_early_optical_clear_probe,4040802022,7,1549.9166216546344,False
geometry_early_optical_clear_probe,4040802022,13,1743.1166216546344,False
geometry_early_optical_clear_probe,4040802022,6,1773.1166216546344,True
geometry_early_optical_clear_probe,4040802022,4,5032.9434504642995,True
geometry_early_optical_clear_probe,2922948603,2,11.0,False
geometry_early_optical_clear_probe,2922948603,3,17.0,True
geometry_early_optical_clear_probe,2922948603,4,23.0,False
geometry_early_optical_clear_probe,2922948603,6,35.0,False
geometry_early_optical_clear_probe,2922948603,20,119.0,False
geometry_early_optical_clear_probe,2922948603,16,294.2,True
geometry_early_optical_clear_probe,2922948603,7,542.9040090098106,False
geometry_early_optical_clear_probe,2922948603,13,1109.1756033175911,False
geometry_early_optical_clear_probe,2922948603,17,1808.675944533502,True
geometry_early_optical_clear_probe,2922948603,15,1820.675944533502,False
geometry_early_optical_clear_probe,2922948603,11,2061.8759445335018,False
geometry_early_optical_clear_probe,2922948603,10,2303.0759445335016,False
geometry_early_optical_clear_probe,2922948603,14,2722.3070104458843,True
geometry_early_optical_clear_probe,2922948603,19,4524.986819475347,True
geometry_early_optical_clear_probe,3261512962,1,5.0,True
geometry_early_optical_clear_probe,3261512962,7,41.0,False
geometry_early_optical_clear_probe,3261512962,8,47.0,False
geometry_early_optical_clear_probe,3261512962,13,77.0,True
geometry_early_optical_clear_probe,3261512962,14,83.0,False
geometry_early_optical_clear_probe,3261512962,2,378.2,False
geometry_early_optical_clear_probe,3261512962,11,521.5322531021068,False
geometry_early_optical_clear_probe,3261512962,16,1180.5988046462867,False
geometry_early_optical_clear_probe,3261512962,3,1240.5988046462867,True
geometry_early_optical_clear_probe,3261512962,5,1403.7988046462867,False
geometry_early_optical_clear_probe,3261512962,15,2060.0153202220718,False
geometry_early_optical_clear_probe,3261512962,6,2090.0153202220718,False
geometry_early_optical_clear_probe,3261512962,18,2301.2153202220716,True
geometry_early_optical_clear_probe,2721562736,10,59.0,True
geometry_early_optical_clear_probe,2721562736,12,71.0,False
geometry_early_optical_clear_probe,2721562736,16,95.0,False
geometry_early_optical_clear_probe,2721562736,17,101.0,False
geometry_early_optical_clear_probe,2721562736,18,107.0,False
geometry_early_optical_clear_probe,2721562736,20,119.0,True
geometry_early_optical_clear_probe,2721562736,14,306.2,False
geometry_early_optical_clear_probe,2721562736,7,348.2,False
geometry_early_optical_clear_probe,2721562736,3,372.2,False
geometry_early_optical_clear_probe,2721562736,6,987.9332527622112,True
geometry_early_optical_clear_probe,2721562736,2,1299.8589230052798,True
geometry_early_optical_clear_probe,2721562736,8,3594.003355450131,False
geometry_early_optical_clear_probe,2721562736,13,3784.608373611601,True
geometry_early_optical_clear_probe,2721562736,11,5883.657273400489,True
geometry_early_optical_clear_probe,2721562736,5,6282.057273400489,True
geometry_early_optical_clear_probe,433537383,2,11.0,True
geometry_early_optical_clear_probe,433537383,3,17.0,True
geometry_early_optical_clear_probe,433537383,5,29.0,True
geometry_early_optical_clear_probe,433537383,7,41.0,False
geometry_early_optical_clear_probe,433537383,8,47.0,True
geometry_early_optical_clear_probe,433537383,9,53.0,False
geometry_early_optical_clear_probe,433537383,14,83.0,False
geometry_early_optical_clear_probe,433537383,15,89.0,False
geometry_early_optical_clear_probe,433537383,18,107.0,True
geometry_early_optical_clear_probe,433537383,11,324.2,True
geometry_early_optical_clear_probe,433537383,6,354.2,True
geometry_early_optical_clear_probe,433537383,19,1348.3113896196178,False
geometry_early_optical_clear_probe,433537383,1,2091.608928038334,True
geometry_early_optical_clear_probe,433537383,20,2634.2092762748744,False
geometry_early_optical_clear_probe,433537383,4,2670.2092762748744,False
geometry_early_optical_clear_probe,433537383,16,5254.566546471102,True
geometry_early_optical_clear_probe,3249680685,4,23.0,False
geometry_early_optical_clear_probe,3249680685,7,41.0,False
geometry_early_optical_clear_probe,3249680685,11,65.0,False
geometry_early_optical_clear_probe,3249680685,12,71.0,True
geometry_early_optical_clear_probe,3249680685,14,83.0,True
geometry_early_optical_clear_probe,3249680685,20,119.0,False
geometry_early_optical_clear_probe,3249680685,16,1138.0676214458742,True
geometry_early_optical_clear_probe,3249680685,18,1752.6855496863009,True
geometry_early_optical_clear_probe,3249680685,17,2338.2058182604205,True
geometry_early_optical_clear_probe,3249680685,5,2386.2058182604205,False
geometry_early_optical_clear_probe,3249680685,8,2814.597907024294,True
geometry_early_optical_clear_probe,3249680685,13,5363.0913540527945,False
geometry_early_optical_clear_probe,3249680685,19,5704.367416414397,True
geometry_early_optical_clear_probe,3249680685,3,7036.496848020118,True
geometry_early_optical_clear_probe,2811906105,4,23.0,False
geometry_early_optical_clear_probe,2811906105,7,41.0,False
geometry_early_optical_clear_probe,2811906105,8,47.0,False
geometry_early_optical_clear_probe,2811906105,12,71.0,True
geometry_early_optical_clear_probe,2811906105,15,89.0,False
geometry_early_optical_clear_probe,2811906105,16,95.0,False
geometry_early_optical_clear_probe,2811906105,18,107.0,False
geometry_early_optical_clear_probe,2811906105,11,324.2,False
geometry_early_optical_clear_probe,2811906105,9,336.2,True
geometry_early_optical_clear_probe,2811906105,17,824.5014552808884,True
geometry_early_optical_clear_probe,2811906105,2,896.5014552808884,True
geometry_early_optical_clear_probe,2811906105,1,1332.0138919208318,True
geometry_early_optical_clear_probe,2811906105,5,1528.8960435450679,True
geometry_early_optical_clear_probe,2811906105,19,3480.9353192991152,True
geometry_early_optical_clear_probe,2811906105,6,5609.693432916401,True
geometry_early_optical_clear_probe,4228683191,1,5.0,False
geometry_early_optical_clear_probe,4228683191,3,17.0,False
geometry_early_optical_clear_probe,4228683191,4,23.0,False
geometry_early_optical_clear_probe,4228683191,8,47.0,True
geometry_early_optical_clear_probe,4228683191,12,71.0,True
geometry_early_optical_clear_probe,4228683191,15,89.0,False
geometry_early_optical_clear_probe,4228683191,19,113.0,False
geometry_early_optical_clear_probe,4228683191,18,282.2,True
geometry_early_optical_clear_probe,4228683191,6,354.2,False
geometry_early_optical_clear_probe,4228683191,16,812.5703205748675,True
geometry_early_optical_clear_probe,4228683191,11,1624.8481737884656,True
geometry_early_optical_clear_probe,4228683191,2,2161.3380854837833,False
geometry_early_optical_clear_probe,4228683191,13,2197.3380854837833,True
geometry_early_optical_clear_probe,4228683191,10,2600.8815949426294,True
geometry_early_optical_clear_probe,4228683191,14,3417.1100673850347,True
geometry_early_optical_clear_probe,4228683191,7,5364.459444547756,True
geometry_early_optical_clear_probe,3601200300,6,35.0,False
geometry_early_optical_clear_probe,3601200300,8,47.0,True
geometry_early_optical_clear_probe,3601200300,10,59.0,True
geometry_early_optical_clear_probe,3601200300,12,1127.587009635351,False
geometry_early_optical_clear_probe,3601200300,14,2598.033421298783,True
geometry_early_optical_clear_probe,3601200300,16,2809.233421298783,True
geometry_early_optical_clear_probe,3601200300,20,3739.242631030517,True
geometry_early_optical_clear_probe,3601200300,19,4498.842631030517,True
geometry_early_optical_clear_probe,3601200300,7,4915.242631030516,False
geometry_early_optical_clear_probe,3601200300,4,5537.843668398613,True
geometry_early_optical_clear_probe,20276507,3,17.0,False
geometry_early_optical_clear_probe,20276507,5,29.0,False
geometry_early_optical_clear_probe,20276507,8,47.0,False
geometry_early_optical_clear_probe,20276507,19,113.0,False
geometry_early_optical_clear_probe,20276507,17,288.2,False
geometry_early_optical_clear_probe,20276507,15,300.2,False
geometry_early_optical_clear_probe,20276507,10,549.2346182147736,True
geometry_early_optical_clear_probe,20276507,9,1778.481410966245,False
geometry_early_optical_clear_probe,20276507,14,3107.836943722535,False
geometry_early_optical_clear_probe,20276507,1,3335.8961045669935,True
geometry_early_optical_clear_probe,20276507,7,4980.862414630837,True
geometry_early_optical_clear_probe,20276507,11,5174.062414630836,True
geometry_early_optical_clear_probe,4094875578,1,5.0,False
geometry_early_optical_clear_probe,4094875578,3,17.0,False
geometry_early_optical_clear_probe,4094875578,11,65.0,False
geometry_early_optical_clear_probe,4094875578,14,83.0,False
geometry_early_optical_clear_probe,4094875578,16,95.0,False
geometry_early_optical_clear_probe,4094875578,18,107.0,False
geometry_early_optical_clear_probe,4094875578,4,366.2,False
geometry_early_optical_clear_probe,4094875578,17,625.7491096591248,True
geometry_early_optical_clear_probe,4094875578,5,793.4248174625225,False
geometry_early_optical_clear_probe,4094875578,6,3607.9670937865676,False
geometry_early_optical_clear_probe,4094875578,10,4197.98127005551,True
geometry_early_optical_clear_probe,2076098312,2,11.0,True
geometry_early_optical_clear_probe,2076098312,5,29.0,False
geometry_early_optical_clear_probe,2076098312,6,35.0,True
geometry_early_optical_clear_probe,2076098312,7,41.0,True
geometry_early_optical_clear_probe,2076098312,10,59.0,True
geometry_early_optical_clear_probe,2076098312,12,71.0,True
geometry_early_optical_clear_probe,2076098312,17,101.0,False
geometry_early_optical_clear_probe,2076098312,18,107.0,False
geometry_early_optical_clear_probe,2076098312,19,113.0,False
geometry_early_optical_clear_probe,2076098312,4,512.047082727263,True
geometry_early_optical_clear_probe,2076098312,15,3121.213790319905,False
geometry_early_optical_clear_probe,2076098312,11,3145.213790319905,True
geometry_early_optical_clear_probe,2076098312,8,3364.043794171797,True
geometry_early_optical_clear_probe,2076098312,14,4332.331322862893,True
geometry_early_optical_clear_probe,2076098312,13,6384.724064192795,True
geometry_early_optical_clear_probe,2076098312,1,7246.34308927278,True
geometry_early_optical_clear_probe,755887091,2,11.0,False
geometry_early_optical_clear_probe,755887091,12,71.0,True
geometry_early_optical_clear_probe,755887091,13,77.0,True
geometry_early_optical_clear_probe,755887091,10,330.2,False
geometry_early_optical_clear_probe,755887091,6,354.2,False
geometry_early_optical_clear_probe,755887091,4,366.2,True
geometry_early_optical_clear_probe,755887091,14,578.171310139585,True
geometry_early_optical_clear_probe,755887091,16,1146.0110753228892,True
geometry_early_optical_clear_probe,755887091,19,1851.1748161238374,True
geometry_early_optical_clear_probe,755887091,5,2538.774816123837,True
geometry_early_optical_clear_probe,755887091,15,2755.9748161238367,True
geometry_early_optical_clear_probe,755887091,17,2761.9748161238367,True
geometry_early_optical_clear_probe,755887091,8,3461.037854030686,True
geometry_early_optical_clear_probe,755887091,7,3913.4378540306857,False
geometry_early_optical_clear_probe,755887091,9,4112.637854030685,True
geometry_early_optical_clear_probe,755887091,1,4377.837854030685,False
geometry_early_optical_clear_probe,4076312627,7,41.0,True
geometry_early_optical_clear_probe,4076312627,11,65.0,True
geometry_early_optical_clear_probe,4076312627,17,101.0,True
geometry_early_optical_clear_probe,4076312627,18,107.0,False
geometry_early_optical_clear_probe,4076312627,19,276.2,True
geometry_early_optical_clear_probe,4076312627,14,306.2,True
geometry_early_optical_clear_probe,4076312627,2,561.3487792453152,True
geometry_early_optical_clear_probe,4076312627,3,567.3487792453152,False
geometry_early_optical_clear_probe,4076312627,5,579.3487792453152,True
geometry_early_optical_clear_probe,4076312627,9,603.3487792453152,False
geometry_early_optical_clear_probe,4076312627,12,621.3487792453152,False
geometry_early_optical_clear_probe,4076312627,13,1183.9150797725752,False
geometry_early_optical_clear_probe,4076312627,15,1189.9150797725752,False
geometry_early_optical_clear_probe,4076312627,8,5012.917217845556,True
geometry_early_optical_clear_probe,4076312627,6,5933.410164512468,True
geometry_early_optical_clear_probe,3757105780,1,5.0,False
geometry_early_optical_clear_probe,3757105780,3,17.0,True
geometry_early_optical_clear_probe,3757105780,16,95.0,True
geometry_early_optical_clear_probe,3757105780,19,276.2,True
geometry_early_optical_clear_probe,3757105780,18,282.2,False
geometry_early_optical_clear_probe,3757105780,10,330.2,False
geometry_early_optical_clear_probe,3757105780,8,866.7378625747484,False
geometry_early_optical_clear_probe,3757105780,7,872.7378625747484,True
geometry_early_optical_clear_probe,3757105780,20,1117.5093440195615,False
geometry_early_optical_clear_probe,3757105780,5,3257.4060924798127,True
geometry_early_optical_clear_probe,3757105780,2,4019.2422886089053,False
geometry_early_optical_clear_probe,2406738262,17,101.0,False
geometry_early_optical_clear_probe,2406738262,19,113.0,False
geometry_early_optical_clear_probe,2406738262,20,270.2,True
geometry_early_optical_clear_probe,2406738262,7,348.2,True
geometry_early_optical_clear_probe,2406738262,5,360.2,True
geometry_early_optical_clear_probe,2406738262,3,372.2,True
geometry_early_optical_clear_probe,2406738262,8,1125.2796378408248,False
geometry_early_optical_clear_probe,2406738262,15,1167.2796378408248,True
geometry_early_optical_clear_probe,2406738262,18,2138.079637840825,True
geometry_early_optical_clear_probe,2406738262,11,2293.9385095238604,True
geometry_early_optical_clear_probe,2406738262,10,2864.5068568257443,False
geometry_early_optical_clear_probe,2406738262,13,3111.706856825744,True
geometry_early_optical_clear_probe,2406738262,6,3534.1068568257438,True
geometry_early_optical_clear_probe,2406738262,9,4007.1793844405624,True
geometry_early_optical_clear_probe,2406738262,1,4037.1793844405624,True
geometry_early_optical_clear_probe,2406738262,2,7829.478266599694,True
geometry_early_optical_clear_probe,3149097712,4,23.0,False
geometry_early_optical_clear_probe,3149097712,9,53.0,False
geometry_early_optical_clear_probe,3149097712,16,95.0,False
geometry_early_optical_clear_probe,3149097712,20,119.0,False
geometry_early_optical_clear_probe,3149097712,15,549.840099684239,True
geometry_early_optical_clear_probe,3149097712,19,756.8564826877371,True
geometry_early_optical_clear_probe,3149097712,2,840.8564826877371,False
geometry_early_optical_clear_probe,3149097712,14,4223.181015027822,False
geometry_early_optical_clear_probe,3149097712,3,4277.181015027822,True
geometry_early_optical_clear_probe,3149097712,10,5401.349312859868,False
geometry_early_optical_clear_probe,3149097712,13,5594.549312859868,False
geometry_early_optical_clear_probe,521759295,1,5.0,True
geometry_early_optical_clear_probe,521759295,9,53.0,True
geometry_early_optical_clear_probe,521759295,14,83.0,False
geometry_early_optical_clear_probe,521759295,20,119.0,False
geometry_early_optical_clear_probe,521759295,12,318.2,False
geometry_early_optical_clear_probe,521759295,11,324.2,False
geometry_early_optical_clear_probe,521759295,4,366.2,False
geometry_early_optical_clear_probe,521759295,3,372.2,False
geometry_early_optical_clear_probe,521759295,7,571.4,True
geometry_early_optical_clear_probe,521759295,6,1019.9160083979485,False
geometry_early_optical_clear_probe,521759295,17,1308.3882649508078,True
geometry_early_optical_clear_probe,521759295,15,1592.9621079239446,True
geometry_early_optical_clear_probe,521759295,18,1979.5537557446162,True
geometry_early_optical_clear_probe,521759295,16,2148.7537557446162,False
geometry_early_optical_clear_probe,1947223447,5,29.0,False
geometry_early_optical_clear_probe,1947223447,14,83.0,False
geometry_early_optical_clear_probe,1947223447,16,95.0,True
geometry_early_optical_clear_probe,1947223447,13,835.6036549018665,True
geometry_early_optical_clear_probe,1947223447,12,841.6036549018665,False
geometry_early_optical_clear_probe,1947223447,2,1058.8036549018666,False
geometry_early_optical_clear_probe,1947223447,11,1106.8036549018666,False
geometry_early_optical_clear_probe,1947223447,20,1322.8043632665572,False
geometry_early_optical_clear_probe,1947223447,3,1406.8043632665572,True
geometry_early_optical_clear_probe,1947223447,7,6845.576700718448,True
geometry_early_optical_clear_probe,498055279,7,41.0,False
geometry_early_optical_clear_probe,498055279,8,47.0,True
geometry_early_optical_clear_probe,498055279,13,77.0,False
geometry_early_optical_clear_probe,498055279,17,101.0,True
geometry_early_optical_clear_probe,498055279,19,113.0,True
geometry_early_optical_clear_probe,498055279,3,372.2,False
geometry_early_optical_clear_probe,498055279,2,378.2,False
geometry_early_optical_clear_probe,498055279,16,1330.7235875089605,True
geometry_early_optical_clear_probe,498055279,4,1384.7235875089605,False
geometry_early_optical_clear_probe,498055279,11,1667.220993364317,True
geometry_early_optical_clear_probe,498055279,12,2728.8852011875397,True
geometry_early_optical_clear_probe,498055279,6,6743.177593839565,True
geometry_early_optical_clear_probe,4260934875,3,17.0,True
geometry_early_optical_clear_probe,4260934875,9,53.0,True
geometry_early_optical_clear_probe,4260934875,19,113.0,False
geometry_early_optical_clear_probe,4260934875,13,312.2,False
geometry_early_optical_clear_probe,4260934875,11,324.2,False
geometry_early_optical_clear_probe,4260934875,6,354.2,False
geometry_early_optical_clear_probe,4260934875,2,378.2,False
geometry_early_optical_clear_probe,4260934875,16,630.7666583365568,False
geometry_early_optical_clear_probe,4260934875,15,800.826479491414,False
geometry_early_optical_clear_probe,4260934875,12,818.826479491414,False
geometry_early_optical_clear_probe,4260934875,10,830.826479491414,True
geometry_early_optical_clear_probe,4260934875,8,836.826479491414,False
geometry_early_optical_clear_probe,4260934875,7,842.826479491414,False
geometry_early_optical_clear_probe,4260934875,5,5846.086240608911,True
geometry_early_optical_clear_probe,2160695126,6,35.0,False
geometry_early_optical_clear_probe,2160695126,8,47.0,False
geometry_early_optical_clear_probe,2160695126,12,71.0,False
geometry_early_optical_clear_probe,2160695126,1,384.2,True
geometry_early_optical_clear_probe,2160695126,9,610.49266065445,True
geometry_early_optical_clear_probe,2160695126,16,845.69266065445,True
geometry_early_optical_clear_probe,2160695126,20,2737.02751698523,False
geometry_early_optical_clear_probe,2160695126,2,2815.02751698523,True
geometry_early_optical_clear_probe,2160695126,15,2985.3999075323936,False
geometry_early_optical_clear_probe,2160695126,5,3233.270967918316,True
geometry_early_optical_clear_probe,2160695126,3,3245.270967918316,False
geometry_early_optical_clear_probe,2160695126,11,5282.301012563898,True
geometry_early_optical_clear_probe,4051787243,2,11.0,False
geometry_early_optical_clear_probe,4051787243,7,41.0,True
geometry_early_optical_clear_probe,4051787243,11,65.0,False
geometry_early_optical_clear_probe,4051787243,18,107.0,True
geometry_early_optical_clear_probe,4051787243,19,113.0,True
geometry_early_optical_clear_probe,4051787243,20,119.0,False
geometry_early_optical_clear_probe,4051787243,16,294.2,False
geometry_early_optical_clear_probe,4051787243,15,300.2,False
geometry_early_optical_clear_probe,4051787243,3,372.2,True
geometry_early_optical_clear_probe,4051787243,17,761.5926893348535,True
geometry_early_optical_clear_probe,4051787243,12,791.5926893348535,False
geometry_early_optical_clear_probe,4051787243,5,821.5926893348535,True
geometry_early_optical_clear_probe,4051787243,6,1756.6992219562355,True
geometry_early_optical_clear_probe,4051787243,13,2582.047305228942,True
geometry_early_optical_clear_probe,4051787243,10,5401.563573073737,True
geometry_early_optical_clear_probe,4051787243,4,6388.067339857336,True
geometry_early_optical_clear_probe,940538815,1,5.0,False
geometry_early_optical_clear_probe,940538815,3,17.0,False
geometry_early_optical_clear_probe,940538815,15,89.0,False
geometry_early_optical_clear_probe,940538815,18,107.0,False
geometry_early_optical_clear_probe,940538815,20,119.0,True
geometry_early_optical_clear_probe,940538815,14,306.2,False
geometry_early_optical_clear_probe,940538815,8,342.2,False
geometry_early_optical_clear_probe,940538815,6,354.2,True
geometry_early_optical_clear_probe,940538815,17,551.1086611706553,False
geometry_early_optical_clear_probe,940538815,2,897.2248385192688,False
geometry_early_optical_clear_probe,940538815,19,2039.0745202335752,True
geometry_early_optical_clear_probe,940538815,10,2766.4421686650953,True
geometry_early_optical_clear_probe,940538815,7,3001.642168665095,True
geometry_early_optical_clear_probe,940538815,12,5075.054153742206,True
geometry_early_optical_clear_probe,940538815,4,6319.666669980157,True
geometry_early_optical_clear_probe,1996530834,4,23.0,False
geometry_early_optical_clear_probe,1996530834,14,83.0,False
geometry_early_optical_clear_probe,1996530834,15,89.0,False
geometry_early_optical_clear_probe,1996530834,20,270.2,False
geometry_early_optical_clear_probe,1996530834,17,288.2,False
geometry_early_optical_clear_probe,1996530834,16,294.2,False
geometry_early_optical_clear_probe,1996530834,12,318.2,True
geometry_early_optical_clear_probe,1996530834,2,378.2,True
geometry_early_optical_clear_probe,1996530834,1,384.2,False
geometry_early_optical_clear_probe,1996530834,9,2804.620262870223,True
geometry_early_optical_clear_probe,1996530834,11,7076.034564668627,True
geometry_early_optical_clear_probe,3742755009,3,17.0,False
geometry_early_optical_clear_probe,3742755009,11,65.0,True
geometry_early_optical_clear_probe,3742755009,13,77.0,True
geometry_early_optical_clear_probe,3742755009,16,95.0,False
geometry_early_optical_clear_probe,3742755009,19,276.2,False
geometry_early_optical_clear_probe,3742755009,2,1096.3984822681766,True
geometry_early_optical_clear_probe,3742755009,15,3536.6145392094572,True
geometry_early_optical_clear_probe,3742755009,9,4847.247289267808,False
geometry_early_optical_clear_probe,3742755009,12,6912.56618617181,True
geometry_early_optical_clear_probe,3742755009,1,7105.76618617181,True
geometry_early_optical_clear_probe,3865783080,3,17.0,True
geometry_early_optical_clear_probe,3865783080,7,41.0,True
geometry_early_optical_clear_probe,3865783080,13,77.0,False
geometry_early_optical_clear_probe,3865783080,16,95.0,False
geometry_early_optical_clear_probe,3865783080,12,318.2,True
geometry_early_optical_clear_probe,3865783080,8,342.2,False
geometry_early_optical_clear_probe,3865783080,2,378.2,False
geometry_early_optical_clear_probe,3865783080,1,384.2,False
geometry_early_optical_clear_probe,3865783080,10,842.5999999999999,True
geometry_early_optical_clear_probe,3865783080,15,1468.3352983355999,False
geometry_early_optical_clear_probe,3865783080,18,1486.3352983355999,True
geometry_early_optical_clear_probe,3865783080,11,2390.57761582707,True
geometry_early_optical_clear_probe,3865783080,4,3193.3776158270693,True
geometry_early_optical_clear_probe,3865783080,17,3404.577615827069,False
geometry_early_optical_clear_probe,3865783080,14,3628.777615827069,True
geometry_early_optical_clear_probe,3865783080,6,3833.977615827069,False
geometry_early_optical_clear_probe,4055962905,3,17.0,True
geometry_early_optical_clear_probe,4055962905,9,53.0,False
geometry_early_optical_clear_probe,4055962905,17,101.0,False
geometry_early_optical_clear_probe,4055962905,12,318.2,False
geometry_early_optical_clear_probe,4055962905,10,330.2,True
geometry_early_optical_clear_probe,4055962905,19,599.6653033068569,True
geometry_early_optical_clear_probe,4055962905,14,866.1043846074718,False
geometry_early_optical_clear_probe,4055962905,13,872.1043846074718,True
geometry_early_optical_clear_probe,4055962905,16,1836.904384607472,True
geometry_early_optical_clear_probe,4055962905,8,1872.904384607472,True
geometry_early_optical_clear_probe,4055962905,6,2779.9489449452317,True
geometry_early_optical_clear_probe,4055962905,2,2797.9489449452317,False
geometry_early_optical_clear_probe,4055962905,20,4566.8036030335015,True
geometry_early_optical_clear_probe,4055962905,18,5916.86808328873,True
geometry_early_optical_clear_probe,3145796245,3,17.0,True
geometry_early_optical_clear_probe,3145796245,6,35.0,False
geometry_early_optical_clear_probe,3145796245,9,53.0,True
geometry_early_optical_clear_probe,3145796245,12,71.0,False
geometry_early_optical_clear_probe,3145796245,14,83.0,False
geometry_early_optical_clear_probe,3145796245,20,119.0,False
geometry_early_optical_clear_probe,3145796245,4,366.2,False
geometry_early_optical_clear_probe,3145796245,1,451.9139052547831,False
geometry_early_optical_clear_probe,3145796245,15,3194.703418744969,False
geometry_early_optical_clear_probe,3145796245,11,3206.703418744969,False
geometry_early_optical_clear_probe,3145796245,10,3212.703418744969,False
geometry_early_optical_clear_probe,3145796245,7,3230.703418744969,True
geometry_early_optical_clear_probe,3145796245,18,5259.54011704241,True
geometry_early_optical_clear_probe,3145796245,5,6646.7644337083675,True
geometry_early_optical_clear_probe,4110236622,2,11.0,True
geometry_early_optical_clear_probe,4110236622,8,47.0,True
geometry_early_optical_clear_probe,4110236622,18,107.0,False
geometry_early_optical_clear_probe,4110236622,19,113.0,False
geometry_early_optical_clear_probe,4110236622,20,119.0,False
geometry_early_optical_clear_probe,4110236622,11,324.2,False
geometry_early_optical_clear_probe,4110236622,7,348.2,False
geometry_early_optical_clear_probe,4110236622,1,384.2,True
geometry_early_optical_clear_probe,4110236622,12,1054.2486781794419,True
geometry_early_optical_clear_probe,4110236622,5,1448.3201784120708,True
geometry_early_optical_clear_probe,4110236622,13,1478.3201784120708,True
geometry_early_optical_clear_probe,4110236622,4,1888.720178412071,True
geometry_early_optical_clear_probe,4110236622,16,2105.920178412071,True
geometry_early_optical_clear_probe,4110236622,3,5807.382822961634,True
geometry_early_optical_clear_probe,4110236622,10,6193.782822961633,False
geometry_early_optical_clear_probe,4120508149,3,17.0,True
geometry_early_optical_clear_probe,4120508149,8,47.0,True
geometry_early_optical_clear_probe,4120508149,10,59.0,False
geometry_early_optical_clear_probe,4120508149,11,65.0,False
geometry_early_optical_clear_probe,4120508149,13,77.0,True
geometry_early_optical_clear_probe,4120508149,15,89.0,True
geometry_early_optical_clear_probe,4120508149,19,113.0,True
geometry_early_optical_clear_probe,4120508149,5,360.2,True
geometry_early_optical_clear_probe,4120508149,18,539.8696350471938,False
geometry_early_optical_clear_probe,4120508149,14,731.5505951364462,False
geometry_early_optical_clear_probe,4120508149,12,737.5505951364462,False
geometry_early_optical_clear_probe,4120508149,4,1180.7980985663844,True
geometry_early_optical_clear_probe,4120508149,2,1786.5128655850026,True
geometry_early_optical_clear_probe,4120508149,6,2087.5329553224547,True
geometry_early_optical_clear_probe,4120508149,17,4503.867362999867,True
geometry_early_optical_clear_probe,4120508149,20,5487.136635859589,True
geometry_early_optical_clear_probe,2181540071,6,35.0,False
geometry_early_optical_clear_probe,2181540071,7,41.0,False
geometry_early_optical_clear_probe,2181540071,14,83.0,True
geometry_early_optical_clear_probe,2181540071,15,89.0,True
geometry_early_optical_clear_probe,2181540071,17,101.0,False
geometry_early_optical_clear_probe,2181540071,19,276.2,True
geometry_early_optical_clear_probe,2181540071,8,342.2,False
geometry_early_optical_clear_probe,2181540071,3,500.91286798478296,False
geometry_early_optical_clear_probe,2181540071,12,731.0170553758398,True
geometry_early_optical_clear_probe,2181540071,16,1479.1428275381818,True
geometry_early_optical_clear_probe,2181540071,18,1660.3428275381818,False
geometry_early_optical_clear_probe,2181540071,11,3122.5238371078485,True
geometry_early_optical_clear_probe,4214964672,12,71.0,True
geometry_early_optical_clear_probe,4214964672,13,77.0,False
geometry_early_optical_clear_probe,4214964672,16,95.0,True
geometry_early_optical_clear_probe,4214964672,20,119.0,True
geometry_early_optical_clear_probe,4214964672,17,625.4,False
geometry_early_optical_clear_probe,4214964672,7,1584.2,False
geometry_early_optical_clear_probe,4214964672,8,1590.2,True
geometry_early_optical_clear_probe,4214964672,15,2331.7999999999997,True
geometry_early_optical_clear_probe,4214964672,10,5570.795766265694,False
geometry_early_optical_clear_probe,4214964672,1,6198.395766265693,False
geometry_early_optical_clear_probe,2382482928,9,53.0,False
geometry_early_optical_clear_probe,2382482928,10,59.0,True
geometry_early_optical_clear_probe,2382482928,1,535.4,True
geometry_early_optical_clear_probe,2382482928,15,613.4,False
geometry_early_optical_clear_probe,2382482928,6,1310.5591143674992,True
geometry_early_optical_clear_probe,2382482928,16,1507.8265367788126,False
geometry_early_optical_clear_probe,2382482928,17,2425.3258763558483,False
geometry_early_optical_clear_probe,2382482928,12,3722.8296548775056,False
geometry_early_optical_clear_probe,2382482928,2,3982.0296548775054,True
geometry_early_optical_clear_probe,2382482928,3,4930.149121941014,False
geometry_early_optical_clear_probe,2382482928,14,5587.749121941013,True
geometry_early_optical_clear_probe,1409974065,5,29.0,True
geometry_early_optical_clear_probe,1409974065,8,47.0,True
geometry_early_optical_clear_probe,1409974065,11,65.0,False
geometry_early_optical_clear_probe,1409974065,14,83.0,True
geometry_early_optical_clear_probe,1409974065,18,107.0,False
geometry_early_optical_clear_probe,1409974065,20,119.0,True
geometry_early_optical_clear_probe,1409974065,19,276.2,False
geometry_early_optical_clear_probe,1409974065,9,336.2,False
geometry_early_optical_clear_probe,1409974065,10,849.3622703759911,True
geometry_early_optical_clear_probe,1409974065,7,1781.0381087232274,True
geometry_early_optical_clear_probe,1409974065,3,3623.9144665162326,True
geometry_early_optical_clear_probe,1409974065,16,5161.8299578759825,False
geometry_early_optical_clear_probe,118304645,2,11.0,False
geometry_early_optical_clear_probe,118304645,4,23.0,False
geometry_early_optical_clear_probe,118304645,5,29.0,True
geometry_early_optical_clear_probe,118304645,9,53.0,True
geometry_early_optical_clear_probe,118304645,10,59.0,False
geometry_early_optical_clear_probe,118304645,17,101.0,False
geometry_early_optical_clear_probe,118304645,20,119.0,True
geometry_early_optical_clear_probe,118304645,15,300.2,True
geometry_early_optical_clear_probe,118304645,1,384.2,True
geometry_early_optical_clear_probe,118304645,18,636.9246599218036,True
geometry_early_optical_clear_probe,118304645,8,887.7497665731431,True
geometry_early_optical_clear_probe,118304645,12,1140.9937078369987,False
geometry_early_optical_clear_probe,118304645,16,1164.9937078369987,True
geometry_early_optical_clear_probe,118304645,13,1928.0963999488774,True
geometry_early_optical_clear_probe,118304645,3,2117.865057292049,True
geometry_early_optical_clear_probe,118304645,6,2123.865057292049,True
geometry_early_optical_clear_probe,3182116062,5,29.0,True
geometry_early_optical_clear_probe,3182116062,6,35.0,False
geometry_early_optical_clear_probe,3182116062,7,41.0,True
geometry_early_optical_clear_probe,3182116062,12,71.0,True
geometry_early_optical_clear_probe,3182116062,13,77.0,False
geometry_early_optical_clear_probe,3182116062,15,89.0,True
geometry_early_optical_clear_probe,3182116062,11,324.2,False
geometry_early_optical_clear_probe,3182116062,16,617.197618334993,True
geometry_early_optical_clear_probe,3182116062,17,623.197618334993,False
geometry_early_optical_clear_probe,3182116062,20,641.197618334993,False
geometry_early_optical_clear_probe,3182116062,8,1891.768554772859,False
geometry_early_optical_clear_probe,3182116062,19,2519.3685547728587,True
geometry_early_optical_clear_probe,3182116062,1,3022.901737491424,True
geometry_early_optical_clear_probe,3182116062,14,3615.664758848428,False
geometry_early_optical_clear_probe,3182116062,4,5322.027506181858,True
geometry_early_optical_clear_probe,3182116062,18,7453.863556117706,True
geometry_early_optical_clear_probe,4067904020,15,89.0,True
geometry_early_optical_clear_probe,4067904020,16,95.0,True
geometry_early_optical_clear_probe,4067904020,17,101.0,False
geometry_early_optical_clear_probe,4067904020,18,107.0,False
geometry_early_optical_clear_probe,4067904020,3,372.2,True
geometry_early_optical_clear_probe,4067904020,4,531.9391606831476,False
geometry_early_optical_clear_probe,4067904020,6,543.9391606831476,False
geometry_early_optical_clear_probe,4067904020,2,851.3547747141645,False
geometry_early_optical_clear_probe,4067904020,7,2131.268518998433,True
geometry_early_optical_clear_probe,4067904020,14,6299.555430152005,True
geometry_early_optical_clear_probe,672983772,1,5.0,True
geometry_early_optical_clear_probe,672983772,3,17.0,False
geometry_early_optical_clear_probe,672983772,8,47.0,False
geometry_early_optical_clear_probe,672983772,9,53.0,False
geometry_early_optical_clear_probe,672983772,10,59.0,False
geometry_early_optical_clear_probe,672983772,19,113.0,False
geometry_early_optical_clear_probe,672983772,18,282.2,False
geometry_early_optical_clear_probe,672983772,2,378.2,True
geometry_early_optical_clear_probe,672983772,20,1774.5301110362834,True
geometry_early_optical_clear_probe,672983772,12,1810.5301110362834,False
geometry_early_optical_clear_probe,672983772,11,2039.7301110362835,False
geometry_early_optical_clear_probe,672983772,16,2069.7301110362832,True
geometry_early_optical_clear_probe,672983772,7,2606.8704675607955,False
geometry_early_optical_clear_probe,672983772,4,2840.700297422925,True
geometry_early_optical_clear_probe,672983772,13,5917.1978940638655,True
geometry_early_optical_clear_probe,672983772,14,7070.639035780113,True
geometry_early_optical_clear_probe,184819194,13,77.0,False
geometry_early_optical_clear_probe,184819194,14,83.0,False
geometry_early_optical_clear_probe,184819194,15,89.0,False
geometry_early_optical_clear_probe,184819194,17,101.0,False
geometry_early_optical_clear_probe,184819194,18,282.2,True
geometry_early_optical_clear_probe,184819194,1,832.3465076935347,False
geometry_early_optical_clear_probe,184819194,7,965.7726068101954,False
geometry_early_optical_clear_probe,184819194,5,1236.9726068101954,False
geometry_early_optical_clear_probe,184819194,3,1424.1726068101955,True
geometry_early_optical_clear_probe,184819194,20,4198.765171703336,True
geometry_early_optical_clear_probe,184819194,9,4759.187401047968,True
geometry_early_optical_clear_probe,796234340,8,342.2,False
geometry_early_optical_clear_probe,796234340,7,348.2,True
geometry_early_optical_clear_probe,796234340,14,3314.6017019116466,True
geometry_early_optical_clear_probe,796234340,17,3519.8017019116464,True
geometry_early_optical_clear_probe,796234340,9,3803.0017019116463,True
geometry_early_optical_clear_probe,796234340,15,3833.0017019116463,False
geometry_early_optical_clear_probe,796234340,13,4333.401701911646,False
geometry_early_optical_clear_probe,796234340,18,4966.40791300989,False
geometry_early_optical_clear_probe,796234340,19,6915.813416772142,True
geometry_early_optical_clear_probe,796234340,10,7109.013416772142,True
geometry_early_optical_clear_probe,796234340,16,8460.377208031585,True
geometry_early_optical_clear_probe,796234340,4,8665.577208031586,True
geometry_early_optical_clear_probe,3492178099,3,17.0,False
geometry_early_optical_clear_probe,3492178099,6,35.0,False
geometry_early_optical_clear_probe,3492178099,8,47.0,True
geometry_early_optical_clear_probe,3492178099,10,59.0,True
geometry_early_optical_clear_probe,3492178099,15,89.0,False
geometry_early_optical_clear_probe,3492178099,16,95.0,False
geometry_early_optical_clear_probe,3492178099,17,101.0,True
geometry_early_optical_clear_probe,3492178099,20,642.5292942251345,False
geometry_early_optical_clear_probe,3492178099,12,835.7292942251345,True
geometry_early_optical_clear_probe,3492178099,14,1915.8181985117594,False
geometry_early_optical_clear_probe,3492178099,2,6897.370031819875,True
geometry_early_optical_clear_probe,1442642450,5,29.0,False
geometry_early_optical_clear_probe,1442642450,10,59.0,False
geometry_early_optical_clear_probe,1442642450,12,71.0,False
geometry_early_optical_clear_probe,1442642450,18,107.0,False
geometry_early_optical_clear_probe,1442642450,11,324.2,False
geometry_early_optical_clear_probe,1442642450,8,342.2,False
geometry_early_optical_clear_probe,1442642450,15,564.0175803854017,False
geometry_early_optical_clear_probe,1442642450,17,576.0175803854017,False
geometry_early_optical_clear_probe,1442642450,1,931.1063754346618,True
geometry_early_optical_clear_probe,1442642450,20,1131.236184641242,False
geometry_early_optical_clear_probe,1442642450,16,2117.567315271328,True
geometry_early_optical_clear_probe,1442642450,9,2310.767315271328,False
geometry_early_optical_clear_probe,1442642450,6,3327.5013289849994,True
geometry_early_optical_clear_probe,1442642450,13,3886.3037945736482,False
geometry_early_optical_clear_probe,1442642450,19,5778.4816665625685,True
geometry_early_optical_clear_probe,749353447,1,5.0,False
geometry_early_optical_clear_probe,749353447,3,17.0,False
geometry_early_optical_clear_probe,749353447,4,23.0,False
geometry_early_optical_clear_probe,749353447,13,77.0,False
geometry_early_optical_clear_probe,749353447,14,83.0,True
geometry_early_optical_clear_probe,749353447,17,101.0,True
geometry_early_optical_clear_probe,749353447,18,107.0,False
geometry_early_optical_clear_probe,749353447,19,113.0,True
geometry_early_optical_clear_probe,749353447,16,294.2,True
geometry_early_optical_clear_probe,749353447,12,318.2,False
geometry_early_optical_clear_probe,749353447,7,348.2,False
geometry_early_optical_clear_probe,749353447,5,2412.4172276871923,True
geometry_early_optical_clear_probe,749353447,10,3082.74166213469,False
geometry_early_optical_clear_probe,749353447,8,3269.94166213469,False
geometry_early_optical_clear_probe,749353447,15,3311.94166213469,True
geometry_early_optical_clear_probe,749353447,20,6190.016437380935,True
geometry_early_optical_clear_probe,3702267415,2,11.0,False
geometry_early_optical_clear_probe,3702267415,3,17.0,False
geometry_early_optical_clear_probe,3702267415,4,23.0,False
geometry_early_optical_clear_probe,3702267415,5,29.0,True
geometry_early_optical_clear_probe,3702267415,7,41.0,False
geometry_early_optical_clear_probe,3702267415,8,47.0,False
geometry_early_optical_clear_probe,3702267415,14,83.0,True
geometry_early_optical_clear_probe,3702267415,20,119.0,True
geometry_early_optical_clear_probe,3702267415,19,276.2,True
geometry_early_optical_clear_probe,3702267415,13,312.2,False
geometry_early_optical_clear_probe,3702267415,1,910.7298266505718,True
geometry_early_optical_clear_probe,3702267415,11,2163.8691929908146,False
geometry_early_optical_clear_probe,3702267415,18,2525.19523155804,False
geometry_early_optical_clear_probe,3702267415,16,2537.19523155804,True
geometry_early_optical_clear_probe,3702267415,10,2555.19523155804,True
geometry_early_optical_clear_probe,3702267415,6,3158.843065805402,True
geometry_early_optical_clear_probe,738933796,6,35.0,True
geometry_early_optical_clear_probe,738933796,11,65.0,True
geometry_early_optical_clear_probe,738933796,13,77.0,True
geometry_early_optical_clear_probe,738933796,14,83.0,False
geometry_early_optical_clear_probe,738933796,16,95.0,True
geometry_early_optical_clear_probe,738933796,17,101.0,True
geometry_early_optical_clear_probe,738933796,5,360.2,False
geometry_early_optical_clear_probe,738933796,19,1232.4741465097584,True
geometry_early_optical_clear_probe,738933796,8,1756.8741465097585,True
geometry_early_optical_clear_probe,738933796,3,3245.4694379983935,True
geometry_early_optical_clear_probe,738933796,2,4940.840041094294,True
geometry_early_optical_clear_probe,738933796,15,5176.040041094294,True
geometry_early_optical_clear_probe,738933796,7,5393.114365697183,False
geometry_early_optical_clear_probe,738933796,4,6055.398652931441,False
geometry_early_optical_clear_probe,3058222458,2,11.0,False
geometry_early_optical_clear_probe,3058222458,5,29.0,False
geometry_early_optical_clear_probe,3058222458,11,65.0,True
geometry_early_optical_clear_probe,3058222458,12,71.0,True
geometry_early_optical_clear_probe,3058222458,20,119.0,False
geometry_early_optical_clear_probe,3058222458,17,288.2,False
geometry_early_optical_clear_probe,3058222458,10,330.2,False
geometry_early_optical_clear_probe,3058222458,3,372.2,False
geometry_early_optical_clear_probe,3058222458,1,384.2,False
geometry_early_optical_clear_probe,3058222458,18,935.5377697891944,False
geometry_early_optical_clear_probe,3058222458,14,2011.794909856006,True
geometry_early_optical_clear_probe,3058222458,15,4194.438344295604,False
geometry_early_optical_clear_probe,3058222458,13,4435.638344295604,True
geometry_early_optical_clear_probe,3835976309,2,11.0,False
geometry_early_optical_clear_probe,3835976309,3,17.0,False
geometry_early_optical_clear_probe,3835976309,6,35.0,False
geometry_early_optical_clear_probe,3835976309,16,95.0,False
geometry_early_optical_clear_probe,3835976309,18,107.0,False
geometry_early_optical_clear_probe,3835976309,19,276.2,True
geometry_early_optical_clear_probe,3835976309,11,324.2,True
geometry_early_optical_clear_probe,3835976309,4,366.2,False
geometry_early_optical_clear_probe,3835976309,20,713.0923759903219,True
geometry_early_optical_clear_probe,3835976309,8,1678.0885242728027,False
geometry_early_optical_clear_probe,3835976309,12,1883.2885242728028,True
geometry_early_optical_clear_probe,3835976309,14,2088.488524272803,False
geometry_early_optical_clear_probe,3835976309,5,2263.4877409558176,True
geometry_early_optical_clear_probe,3835976309,17,2466.7784396409625,False
geometry_early_optical_clear_probe,3835976309,9,2683.9784396409623,True
geometry_early_optical_clear_probe,3835976309,7,4810.612672312229,True
geometry_early_optical_clear_probe,1382703157,3,17.0,False
geometry_early_optical_clear_probe,1382703157,10,59.0,False
geometry_early_optical_clear_probe,1382703157,11,65.0,True
geometry_early_optical_clear_probe,1382703157,13,77.0,False
geometry_early_optical_clear_probe,1382703157,14,83.0,True
geometry_early_optical_clear_probe,1382703157,17,101.0,True
geometry_early_optical_clear_probe,1382703157,19,113.0,False
geometry_early_optical_clear_probe,1382703157,12,318.2,False
geometry_early_optical_clear_probe,1382703157,16,846.9205414453062,True
geometry_early_optical_clear_probe,1382703157,20,1142.1205414453061,True
geometry_early_optical_clear_probe,1382703157,5,1555.5657172729348,False
geometry_early_optical_clear_probe,1382703157,18,2024.2433489123428,True
geometry_early_optical_clear_probe,1382703157,6,2211.4433489123426,True
geometry_early_optical_clear_probe,1382703157,1,2942.7493070672494,True
geometry_early_optical_clear_probe,1382703157,15,6967.1775846368,True
geometry_early_optical_clear_probe,3329634080,4,23.0,True
geometry_early_optical_clear_probe,3329634080,5,29.0,False
geometry_early_optical_clear_probe,3329634080,10,59.0,False
geometry_early_optical_clear_probe,3329634080,16,95.0,True
geometry_early_optical_clear_probe,3329634080,18,282.2,True
geometry_early_optical_clear_probe,3329634080,9,336.2,True
geometry_early_optical_clear_probe,3329634080,7,348.2,False
geometry_early_optical_clear_probe,3329634080,17,1392.6139392715424,True
geometry_early_optical_clear_probe,3329634080,8,2423.4139392715424,True
geometry_early_optical_clear_probe,3329634080,6,2874.0391070665437,True
geometry_early_optical_clear_probe,3329634080,3,2886.0391070665437,True
geometry_early_optical_clear_probe,3329634080,15,3525.137519382058,True
geometry_early_optical_clear_probe,3329634080,2,3567.137519382058,True
geometry_early_optical_clear_probe,3329634080,13,3756.5635097767467,False
geometry_early_optical_clear_probe,3329634080,1,4250.287619078623,True
geometry_early_optical_clear_probe,3329634080,19,4304.287619078623,True
geometry_early_optical_clear_probe,1200600282,4,23.0,False
geometry_early_optical_clear_probe,1200600282,13,77.0,False
geometry_early_optical_clear_probe,1200600282,19,276.2,False
geometry_early_optical_clear_probe,1200600282,16,294.2,False
geometry_early_optical_clear_probe,1200600282,10,330.2,True
geometry_early_optical_clear_probe,1200600282,11,798.5787475784056,False
geometry_early_optical_clear_probe,1200600282,7,2384.1424893885765,False
geometry_early_optical_clear_probe,1200600282,5,2655.3424893885763,True
geometry_early_optical_clear_probe,1200600282,15,3077.742489388576,False
geometry_early_optical_clear_probe,1200600282,9,3812.921335599484,True
geometry_early_optical_clear_probe,786612545,3,17.0,False
geometry_early_optical_clear_probe,786612545,4,23.0,False
geometry_early_optical_clear_probe,786612545,12,71.0,True
geometry_early_optical_clear_probe,786612545,16,95.0,False
geometry_early_optical_clear_probe,786612545,17,101.0,False
geometry_early_optical_clear_probe,786612545,18,107.0,True
geometry_early_optical_clear_probe,786612545,6,354.2,False
geometry_early_optical_clear_probe,786612545,14,718.7785463890383,True
geometry_early_optical_clear_probe,786612545,8,1468.9103913198921,False
geometry_early_optical_clear_probe,786612545,13,2402.826136527674,True
geometry_early_optical_clear_probe,786612545,1,2450.826136527674,False
geometry_early_optical_clear_probe,786612545,2,2608.0261365276738,False
geometry_early_optical_clear_probe,786612545,15,2662.0261365276738,True
geometry_early_optical_clear_probe,786612545,11,4461.046044553008,False
geometry_early_optical_clear_probe,786612545,7,4479.046044553008,False
geometry_early_optical_clear_probe,786612545,9,4648.246044553008,True
geometry_early_optical_clear_probe,99016248,6,35.0,True
geometry_early_optical_clear_probe,99016248,10,59.0,True
geometry_early_optical_clear_probe,99016248,11,65.0,False
geometry_early_optical_clear_probe,99016248,18,107.0,True
geometry_early_optical_clear_probe,99016248,14,306.2,True
geometry_early_optical_clear_probe,99016248,9,336.2,False
geometry_early_optical_clear_probe,99016248,15,646.2354635759967,True
geometry_early_optical_clear_probe,99016248,19,821.3237646038336,True
geometry_early_optical_clear_probe,99016248,1,1359.6575891728926,True
geometry_early_optical_clear_probe,99016248,2,3322.8782255172664,False
geometry_early_optical_clear_probe,99016248,20,4977.540495645091,False
geometry_early_optical_clear_probe,99016248,17,4989.540495645091,False
geometry_early_optical_clear_probe,99016248,12,5007.540495645091,True
geometry_early_optical_clear_probe,99016248,7,5019.540495645091,False
geometry_early_optical_clear_probe,2280969985,2,11.0,False
geometry_early_optical_clear_probe,2280969985,7,41.0,True
geometry_early_optical_clear_probe,2280969985,13,77.0,False
geometry_early_optical_clear_probe,2280969985,19,113.0,False
geometry_early_optical_clear_probe,2280969985,4,998.906795158501,False
geometry_early_optical_clear_probe,2280969985,3,1004.906795158501,False
geometry_early_optical_clear_probe,2280969985,10,1216.106795158501,False
geometry_early_optical_clear_probe,2280969985,15,1240.106795158501,True
geometry_early_optical_clear_probe,2280969985,11,3999.522977633372,True
geometry_early_optical_clear_probe,2280969985,6,5362.4150983499785,True
geometry_early_optical_clear_probe,396375178,4,23.0,True
geometry_early_optical_clear_probe,396375178,5,29.0,False
geometry_early_optical_clear_probe,396375178,10,59.0,False
geometry_early_optical_clear_probe,396375178,13,77.0,True
geometry_early_optical_clear_probe,396375178,16,95.0,False
geometry_early_optical_clear_probe,396375178,19,276.2,True
geometry_early_optical_clear_probe,396375178,3,547.4,False
geometry_early_optical_clear_probe,396375178,17,625.4,True
geometry_early_optical_clear_probe,396375178,9,3911.7940249876438,False
geometry_early_optical_clear_probe,396375178,20,4104.994024987644,True
geometry_early_optical_clear_probe,964399241,7,41.0,True
geometry_early_optical_clear_probe,964399241,8,47.0,True
geometry_early_optical_clear_probe,964399241,11,65.0,False
geometry_early_optical_clear_probe,964399241,12,71.0,True
geometry_early_optical_clear_probe,964399241,14,83.0,True
geometry_early_optical_clear_probe,964399241,16,95.0,False
geometry_early_optical_clear_probe,964399241,4,366.2,True
geometry_early_optical_clear_probe,964399241,6,1720.366146448668,True
geometry_early_optical_clear_probe,964399241,17,2993.283488956852,True
geometry_early_optical_clear_probe,964399241,5,3210.483488956852,True
geometry_early_optical_clear_probe,964399241,9,3451.6834889568518,False
geometry_early_optical_clear_probe,964399241,2,4474.801071758442,False
geometry_early_optical_clear_probe,964399241,13,4492.801071758442,True
geometry_early_optical_clear_probe,964399241,3,4704.001071758442,False
geometry_early_optical_clear_probe,964399241,19,5338.412319498724,True
geometry_early_optical_clear_probe,732603847,3,17.0,False
geometry_early_optical_clear_probe,732603847,5,29.0,True
geometry_early_optical_clear_probe,732603847,7,41.0,True
geometry_early_optical_clear_probe,732603847,14,83.0,False
geometry_early_optical_clear_probe,732603847,18,282.2,True
geometry_early_optical_clear_probe,732603847,6,553.1139537427823,True
geometry_early_optical_clear_probe,732603847,9,901.866698554577,True
geometry_early_optical_clear_probe,732603847,11,1137.066698554577,True
geometry_early_optical_clear_probe,732603847,13,1149.066698554577,False
geometry_early_optical_clear_probe,732603847,1,6878.148678176678,True
geometry_early_optical_clear_probe,4086410578,1,5.0,True
geometry_early_optical_clear_probe,4086410578,2,11.0,False
geometry_early_optical_clear_probe,4086410578,5,29.0,False
geometry_early_optical_clear_probe,4086410578,18,282.2,True
geometry_early_optical_clear_probe,4086410578,16,294.2,False
geometry_early_optical_clear_probe,4086410578,8,342.2,False
geometry_early_optical_clear_probe,4086410578,6,354.2,False
geometry_early_optical_clear_probe,4086410578,3,372.2,True
geometry_early_optical_clear_probe,4086410578,7,571.4,False
geometry_early_optical_clear_probe,4086410578,17,1091.3291234265844,False
geometry_early_optical_clear_probe,4086410578,12,2082.9452587948876,False
geometry_early_optical_clear_probe,4086410578,19,3605.6032335588093,True
geometry_early_optical_clear_probe,4086410578,14,3870.803233558809,True
geometry_early_optical_clear_probe,2548713879,2,11.0,False
geometry_early_optical_clear_probe,2548713879,8,47.0,True
geometry_early_optical_clear_probe,2548713879,14,83.0,True
geometry_early_optical_clear_probe,2548713879,15,89.0,False
geometry_early_optical_clear_probe,2548713879,18,107.0,False
geometry_early_optical_clear_probe,2548713879,7,348.2,False
geometry_early_optical_clear_probe,2548713879,5,511.09019021667115,True
geometry_early_optical_clear_probe,2548713879,17,1202.346270789677,True
geometry_early_optical_clear_probe,2548713879,6,1750.746270789677,False
geometry_early_optical_clear_probe,2548713879,20,2015.946270789677,True
geometry_early_optical_clear_probe,2548713879,11,3038.8853176373473,True
geometry_early_optical_clear_probe,2548713879,10,3256.085317637347,True
geometry_early_optical_clear_probe,2548713879,9,5354.56721087538,True
geometry_early_optical_clear_probe,2182409543,10,59.0,True
geometry_early_optical_clear_probe,2182409543,11,65.0,False
geometry_early_optical_clear_probe,2182409543,14,83.0,False
geometry_early_optical_clear_probe,2182409543,17,101.0,True
geometry_early_optical_clear_probe,2182409543,20,119.0,False
geometry_early_optical_clear_probe,2182409543,19,276.2,True
geometry_early_optical_clear_probe,2182409543,12,601.4,True
geometry_early_optical_clear_probe,2182409543,9,1202.623583717611,False
geometry_early_optical_clear_probe,2182409543,3,5933.620249984068,False
geometry_early_optical_clear_probe,2182409543,18,6168.820249984068,False
geometry_early_optical_clear_probe,2056005876,2,11.0,True
geometry_early_optical_clear_probe,2056005876,6,35.0,True
geometry_early_optical_clear_probe,2056005876,12,71.0,False
geometry_early_optical_clear_probe,2056005876,13,77.0,True
geometry_early_optical_clear_probe,2056005876,14,83.0,True
geometry_early_optical_clear_probe,2056005876,17,101.0,False
geometry_early_optical_clear_probe,2056005876,20,270.2,False
geometry_early_optical_clear_probe,2056005876,7,348.2,False
geometry_early_optical_clear_probe,2056005876,4,366.2,True
geometry_early_optical_clear_probe,2056005876,3,1247.6391055403028,True
geometry_early_optical_clear_probe,2056005876,19,1748.0349611923234,True
geometry_early_optical_clear_probe,2056005876,9,2150.562593609536,True
geometry_early_optical_clear_probe,2056005876,16,3335.062670494111,True
geometry_early_optical_clear_probe,2056005876,8,3915.722151571791,True
geometry_early_optical_clear_probe,2056005876,11,4114.922151571791,False
geometry_early_optical_clear_probe,2056005876,5,6060.590411176776,True
geometry_early_optical_clear_probe,1389663408,2,11.0,False
geometry_early_optical_clear_probe,1389663408,3,17.0,False
geometry_early_optical_clear_probe,1389663408,8,47.0,False
geometry_early_optical_clear_probe,1389663408,11,65.0,True
geometry_early_optical_clear_probe,1389663408,12,71.0,False
geometry_early_optical_clear_probe,1389663408,15,89.0,True
geometry_early_optical_clear_probe,1389663408,20,270.2,True
geometry_early_optical_clear_probe,1389663408,14,306.2,True
geometry_early_optical_clear_probe,1389663408,10,330.2,True
geometry_early_optical_clear_probe,1389663408,4,366.2,False
geometry_early_optical_clear_probe,1389663408,18,3836.9454187557294,True
geometry_early_optical_clear_probe,1389663408,17,5228.638221369794,True
geometry_early_optical_clear_probe,1389663408,6,7033.261420549475,True
geometry_early_optical_clear_probe,2493704785,2,11.0,True
geometry_early_optical_clear_probe,2493704785,5,29.0,False
geometry_early_optical_clear_probe,2493704785,16,95.0,False
geometry_early_optical_clear_probe,2493704785,18,107.0,False
geometry_early_optical_clear_probe,2493704785,14,306.2,True
geometry_early_optical_clear_probe,2493704785,8,342.2,False
geometry_early_optical_clear_probe,2493704785,4,1201.8928730554821,True
geometry_early_optical_clear_probe,2493704785,1,1847.4928730554823,True
geometry_early_optical_clear_probe,2493704785,3,2172.6928730554823,False
geometry_early_optical_clear_probe,2493704785,17,3314.213904035997,True
geometry_early_optical_clear_probe,2493704785,7,3549.413904035997,True
geometry_early_optical_clear_probe,2493704785,6,3555.413904035997,False
geometry_early_optical_clear_probe,1167151359,9,53.0,False
geometry_early_optical_clear_probe,1167151359,10,59.0,False
geometry_early_optical_clear_probe,1167151359,11,65.0,True
geometry_early_optical_clear_probe,1167151359,20,119.0,True
geometry_early_optical_clear_probe,1167151359,12,318.2,False
geometry_early_optical_clear_probe,1167151359,7,348.2,False
geometry_early_optical_clear_probe,1167151359,2,378.2,False
geometry_early_optical_clear_probe,1167151359,5,1050.6473130247227,True
geometry_early_optical_clear_probe,1167151359,4,3196.2266499736324,False
geometry_early_optical_clear_probe,1167151359,15,3407.4266499736323,False
geometry_early_optical_clear_probe,1167151359,6,4926.266018956377,False
geometry_early_optical_clear_probe,1167151359,3,5571.940408959711,False
geometry_early_optical_clear_probe,610027729,1,5.0,False
geometry_early_optical_clear_probe,610027729,4,23.0,False
geometry_early_optical_clear_probe,610027729,6,35.0,False
geometry_early_optical_clear_probe,610027729,11,65.0,True
geometry_early_optical_clear_probe,610027729,14,306.2,True
geometry_early_optical_clear_probe,610027729,8,529.19244750862,False
geometry_early_optical_clear_probe,610027729,7,838.6052051316493,True
geometry_early_optical_clear_probe,610027729,15,1262.481983818734,True
geometry_early_optical_clear_probe,610027729,20,1557.6819838187341,True
geometry_early_optical_clear_probe,610027729,16,1961.920896839088,True
geometry_early_optical_clear_probe,610027729,12,2390.3208968390877,False
geometry_early_optical_clear_probe,610027729,17,5811.77363969997,False
geometry_early_optical_clear_probe,610027729,18,7073.842317730727,True
geometry_early_optical_clear_probe,1543569006,2,11.0,False
geometry_early_optical_clear_probe,1543569006,7,41.0,False
geometry_early_optical_clear_probe,1543569006,11,65.0,False
geometry_early_optical_clear_probe,1543569006,12,71.0,True
geometry_early_optical_clear_probe,1543569006,20,270.2,True
geometry_early_optical_clear_probe,1543569006,17,288.2,False
geometry_early_optical_clear_probe,1543569006,13,312.2,False
geometry_early_optical_clear_probe,1543569006,10,330.2,False
geometry_early_optical_clear_probe,1543569006,6,354.2,True
geometry_early_optical_clear_probe,1543569006,9,498.0905242681778,False
geometry_early_optical_clear_probe,1543569006,14,522.0905242681778,False
geometry_early_optical_clear_probe,1543569006,19,1175.1038551031074,True
geometry_early_optical_clear_probe,1543569006,3,1578.340245119498,False
geometry_early_optical_clear_probe,1543569006,8,1988.740245119498,False
geometry_early_optical_clear_probe,1543569006,5,2000.740245119498,True
geometry_early_optical_clear_probe,1543569006,18,2642.8420306438056,True
geometry_early_optical_clear_probe,263379334,3,17.0,False
geometry_early_optical_clear_probe,263379334,6,35.0,False
geometry_early_optical_clear_probe,263379334,7,41.0,False
geometry_early_optical_clear_probe,263379334,13,77.0,False
geometry_early_optical_clear_probe,263379334,18,107.0,False
geometry_early_optical_clear_probe,263379334,19,113.0,False
geometry_early_optical_clear_probe,263379334,1,1180.2119000832095,True
geometry_early_optical_clear_probe,263379334,8,1450.7284812758746,False
geometry_early_optical_clear_probe,263379334,9,2082.998261794431,True
geometry_early_optical_clear_probe,263379334,17,2657.3536719019557,True
geometry_early_optical_clear_probe,263379334,20,5256.02602852953,False
geometry_early_optical_clear_probe,263379334,2,5461.22602852953,True
geometry_early_optical_clear_probe,263379334,12,5657.434340813923,False
geometry_early_optical_clear_probe,1943836801,1,5.0,False
geometry_early_optical_clear_probe,1943836801,5,29.0,False
geometry_early_optical_clear_probe,1943836801,7,41.0,False
geometry_early_optical_clear_probe,1943836801,9,53.0,False
geometry_early_optical_clear_probe,1943836801,10,59.0,True
geometry_early_optical_clear_probe,1943836801,13,77.0,True
geometry_early_optical_clear_probe,1943836801,19,113.0,False
geometry_early_optical_clear_probe,1943836801,18,282.2,False
geometry_early_optical_clear_probe,1943836801,15,967.7458761654862,False
geometry_early_optical_clear_probe,1943836801,2,1214.9458761654862,False
geometry_early_optical_clear_probe,1943836801,8,1390.1458761654862,False
geometry_early_optical_clear_probe,1943836801,4,3621.8796627048687,True
geometry_early_optical_clear_probe,2687504732,1,5.0,False
geometry_early_optical_clear_probe,2687504732,6,35.0,True
geometry_early_optical_clear_probe,2687504732,8,47.0,True
geometry_early_optical_clear_probe,2687504732,9,53.0,False
geometry_early_optical_clear_probe,2687504732,10,59.0,True
geometry_early_optical_clear_probe,2687504732,13,77.0,False
geometry_early_optical_clear_probe,2687504732,16,294.2,False
geometry_early_optical_clear_probe,2687504732,7,348.2,False
geometry_early_optical_clear_probe,2687504732,2,950.44211945366,True
geometry_early_optical_clear_probe,2687504732,12,998.44211945366,False
geometry_early_optical_clear_probe,2687504732,18,1203.64211945366,True
geometry_early_optical_clear_probe,2687504732,3,1433.84211945366,True
geometry_early_optical_clear_probe,2687504732,15,3861.368378750209,True
geometry_early_optical_clear_probe,2687504732,19,4984.322708190069,True
geometry_early_optical_clear_probe,2687504732,11,5364.722708190068,False
geometry_early_optical_clear_probe,3385527476,3,17.0,False
geometry_early_optical_clear_probe,3385527476,4,23.0,False
geometry_early_optical_clear_probe,3385527476,11,65.0,False
geometry_early_optical_clear_probe,3385527476,20,119.0,False
geometry_early_optical_clear_probe,3385527476,18,282.2,True
geometry_early_optical_clear_probe,3385527476,5,360.2,False
geometry_early_optical_clear_probe,3385527476,7,591.1963645849552,False
geometry_early_optical_clear_probe,3385527476,19,1242.5985880587402,True
geometry_early_optical_clear_probe,3385527476,16,2546.262550408872,False
geometry_early_optical_clear_probe,3385527476,6,2928.371215484344,True
geometry_early_optical_clear_probe,3385527476,10,2946.371215484344,False
geometry_early_optical_clear_probe,3385527476,15,3428.7712154843434,False
geometry_early_optical_clear_probe,2700503261,1,5.0,True
geometry_early_optical_clear_probe,2700503261,5,29.0,False
geometry_early_optical_clear_probe,2700503261,7,41.0,True
geometry_early_optical_clear_probe,2700503261,11,65.0,False
geometry_early_optical_clear_probe,2700503261,13,77.0,False
geometry_early_optical_clear_probe,2700503261,15,89.0,True
geometry_early_optical_clear_probe,2700503261,17,288.2,False
geometry_early_optical_clear_probe,2700503261,4,366.2,True
geometry_early_optical_clear_probe,2700503261,12,2089.4129411566682,False
geometry_early_optical_clear_probe,2700503261,20,2362.411373315294,True
geometry_early_optical_clear_probe,2700503261,9,3088.9987436953415,True
geometry_early_optical_clear_probe,2700503261,18,3330.1987436953414,False
geometry_early_optical_clear_probe,2700503261,19,3336.1987436953414,False
geometry_early_optical_clear_probe,2700503261,3,3553.398743695341,True
geometry_early_optical_clear_probe,2700503261,8,5064.593833388184,True
geometry_early_optical_clear_probe,1998331278,1,5.0,False
geometry_early_optical_clear_probe,1998331278,6,35.0,True
geometry_early_optical_clear_probe,1998331278,14,306.2,True
geometry_early_optical_clear_probe,1998331278,13,312.2,True
geometry_early_optical_clear_probe,1998331278,7,571.4,True
geometry_early_optical_clear_probe,1998331278,17,1575.0550393150847,False
geometry_early_optical_clear_probe,1998331278,12,1780.2550393150848,True
geometry_early_optical_clear_probe,1998331278,15,2057.455039315085,True
geometry_early_optical_clear_probe,1998331278,16,2063.455039315085,True
geometry_early_optical_clear_probe,1998331278,2,2322.6550393150847,True
geometry_early_optical_clear_probe,1998331278,19,2851.470093526085,True
geometry_early_optical_clear_probe,2017160290,1,5.0,False
geometry_early_optical_clear_probe,2017160290,5,29.0,True
geometry_early_optical_clear_probe,2017160290,14,83.0,False
geometry_early_optical_clear_probe,2017160290,17,101.0,True
geometry_early_optical_clear_probe,2017160290,18,107.0,True
geometry_early_optical_clear_probe,2017160290,16,294.2,False
geometry_early_optical_clear_probe,2017160290,13,312.2,False
geometry_early_optical_clear_probe,2017160290,10,330.2,False
geometry_early_optical_clear_probe,2017160290,6,354.2,True
geometry_early_optical_clear_probe,2017160290,11,1357.9674264712805,True
geometry_early_optical_clear_probe,2017160290,9,2209.2737261590946,False
geometry_early_optical_clear_probe,2017160290,7,2468.4737261590944,False
geometry_early_optical_clear_probe,2017160290,3,2486.4737261590944,True
geometry_early_optical_clear_probe,2017160290,12,3942.6578034650165,False
geometry_early_optical_clear_probe,3153171332,4,23.0,True
geometry_early_optical_clear_probe,3153171332,7,41.0,True
geometry_early_optical_clear_probe,3153171332,17,101.0,False
geometry_early_optical_clear_probe,3153171332,14,306.2,True
geometry_early_optical_clear_probe,3153171332,10,330.2,False
geometry_early_optical_clear_probe,3153171332,2,378.2,True
geometry_early_optical_clear_probe,3153171332,12,836.5999999999999,True
geometry_early_optical_clear_probe,3153171332,5,1379.0,True
geometry_early_optical_clear_probe,3153171332,8,2360.264462112547,False
geometry_early_optical_clear_probe,3153171332,20,2571.4644621125467,True
geometry_early_optical_clear_probe,2344060914,4,23.0,True
geometry_early_optical_clear_probe,2344060914,13,77.0,False
geometry_early_optical_clear_probe,2344060914,16,95.0,False
geometry_early_optical_clear_probe,2344060914,18,107.0,False
geometry_early_optical_clear_probe,2344060914,20,270.2,True
geometry_early_optical_clear_probe,2344060914,15,300.2,True
geometry_early_optical_clear_probe,2344060914,10,330.2,True
geometry_early_optical_clear_probe,2344060914,9,596.6791949090216,False
geometry_early_optical_clear_probe,2344060914,11,608.6791949090216,True
geometry_early_optical_clear_probe,2344060914,14,758.0869924844174,False
geometry_early_optical_clear_probe,2344060914,3,2766.477722737443,False
geometry_early_optical_clear_probe,2344060914,19,3677.7306066884375,True
geometry_early_optical_clear_probe,2344060914,6,4738.518009855003,True
geometry_early_optical_clear_probe,2344060914,17,6064.186469716608,True
geometry_early_optical_clear_probe,2344060914,1,7453.467811458082,True
geometry_early_optical_clear_probe,2952767697,3,17.0,False
geometry_early_optical_clear_probe,2952767697,5,29.0,True
geometry_early_optical_clear_probe,2952767697,11,65.0,False
geometry_early_optical_clear_probe,2952767697,12,71.0,True
geometry_early_optical_clear_probe,2952767697,19,113.0,True
geometry_early_optical_clear_probe,2952767697,20,119.0,False
geometry_early_optical_clear_probe,2952767697,17,288.2,False
geometry_early_optical_clear_probe,2952767697,9,336.2,False
geometry_early_optical_clear_probe,2952767697,7,842.5999999999999,True
geometry_early_optical_clear_probe,2952767697,16,1805.846917444671,False
geometry_early_optical_clear_probe,2952767697,10,1835.846917444671,True
geometry_early_optical_clear_probe,2952767697,1,1877.846917444671,True
geometry_early_optical_clear_probe,2952767697,8,2039.7762592930285,True
geometry_early_optical_clear_probe,2952767697,15,2069.7762592930285,False
geometry_early_optical_clear_probe,2952767697,4,2866.3396084414962,True
geometry_early_optical_clear_probe,2952767697,14,4643.467285505099,True
geometry_early_optical_clear_probe,3002119156,4,23.0,False
geometry_early_optical_clear_probe,3002119156,5,29.0,False
geometry_early_optical_clear_probe,3002119156,6,35.0,False
geometry_early_optical_clear_probe,3002119156,8,47.0,False
geometry_early_optical_clear_probe,3002119156,10,59.0,False
geometry_early_optical_clear_probe,3002119156,16,95.0,False
geometry_early_optical_clear_probe,3002119156,2,378.2,False
geometry_early_optical_clear_probe,3002119156,1,1356.4861063250491,True
geometry_early_optical_clear_probe,3002119156,19,2497.0136732388373,True
geometry_early_optical_clear_probe,3002119156,15,4087.7910825005883,True
geometry_early_optical_clear_probe,3002119156,11,5140.221488434591,False
geometry_early_optical_clear_probe,3002119156,7,5945.584589214496,True
geometry_early_optical_clear_probe,3002119156,3,5951.584589214496,True
geometry_early_optical_clear_probe,1188982737,8,47.0,False
geometry_early_optical_clear_probe,1188982737,12,71.0,True
geometry_early_optical_clear_probe,1188982737,16,95.0,False
geometry_early_optical_clear_probe,1188982737,20,119.0,False
geometry_early_optical_clear_probe,1188982737,17,288.2,True
geometry_early_optical_clear_probe,1188982737,14,306.2,False
geometry_early_optical_clear_probe,1188982737,2,2331.4667461676163,True
geometry_early_optical_clear_probe,1188982737,11,3031.0667461676157,False
geometry_early_optical_clear_probe,1188982737,5,3278.2667461676156,True
geometry_early_optical_clear_probe,1188982737,10,3959.866746167615,True
geometry_early_optical_clear_probe,2323507381,6,35.0,True
geometry_early_optical_clear_probe,2323507381,9,53.0,True
geometry_early_optical_clear_probe,2323507381,10,59.0,True
geometry_early_optical_clear_probe,2323507381,13,77.0,False
geometry_early_optical_clear_probe,2323507381,14,83.0,False
geometry_early_optical_clear_probe,2323507381,15,89.0,False
geometry_early_optical_clear_probe,2323507381,17,101.0,False
geometry_early_optical_clear_probe,2323507381,20,270.2,False
geometry_early_optical_clear_probe,2323507381,5,860.5999999999999,True
geometry_early_optical_clear_probe,2323507381,1,1432.1736994299677,False
geometry_early_optical_clear_probe,2323507381,16,1863.7708415994261,True
geometry_early_optical_clear_probe,2323507381,19,2036.62994958628,False
geometry_early_optical_clear_probe,2323507381,18,3764.643117961405,True
geometry_early_optical_clear_probe,2323507381,12,4576.857329452276,False
geometry_early_optical_clear_probe,2323507381,4,4933.257329452275,True
geometry_early_optical_clear_probe,330599529,7,41.0,False
geometry_early_optical_clear_probe,330599529,9,53.0,True
geometry_early_optical_clear_probe,330599529,16,95.0,False
geometry_early_optical_clear_probe,330599529,18,107.0,False
geometry_early_optical_clear_probe,330599529,12,318.2,True
geometry_early_optical_clear_probe,330599529,6,354.2,False
geometry_early_optical_clear_probe,330599529,10,589.4,True
geometry_early_optical_clear_probe,330599529,20,794.5999999999999,False
geometry_early_optical_clear_probe,330599529,19,1968.035689040399,False
geometry_early_optical_clear_probe,330599529,8,2022.035689040399,False
geometry_early_optical_clear_probe,330599529,5,5591.264472468085,True
geometry_early_optical_clear_probe,2670207079,2,11.0,True
geometry_early_optical_clear_probe,2670207079,15,89.0,False
geometry_early_optical_clear_probe,2670207079,16,95.0,False
geometry_early_optical_clear_probe,2670207079,17,101.0,False
geometry_early_optical_clear_probe,2670207079,8,342.2,True
geometry_early_optical_clear_probe,2670207079,7,348.2,False
geometry_early_optical_clear_probe,2670207079,3,372.2,False
geometry_early_optical_clear_probe,2670207079,1,384.2,True
geometry_early_optical_clear_probe,2670207079,12,633.2119237100464,True
geometry_early_optical_clear_probe,2670207079,20,1755.5353365720941,True
geometry_early_optical_clear_probe,2670207079,11,4214.363243777813,False
geometry_early_optical_clear_probe,4193638861,2,11.0,True
geometry_early_optical_clear_probe,4193638861,6,35.0,True
geometry_early_optical_clear_probe,4193638861,15,89.0,True
geometry_early_optical_clear_probe,4193638861,17,101.0,True
geometry_early_optical_clear_probe,4193638861,20,270.2,False
geometry_early_optical_clear_probe,4193638861,8,342.2,True
geometry_early_optical_clear_probe,4193638861,7,348.2,False
geometry_early_optical_clear_probe,4193638861,1,384.2,False
geometry_early_optical_clear_probe,4193638861,9,594.6079212448161,True
geometry_early_optical_clear_probe,4193638861,11,606.6079212448161,False
geometry_early_optical_clear_probe,4193638861,4,1553.9827402352003,False
geometry_early_optical_clear_probe,4193638861,12,1589.9827402352003,False
geometry_early_optical_clear_probe,4193638861,14,1601.9827402352003,False
geometry_early_optical_clear_probe,4193638861,3,4502.9949630288265,False
geometry_early_optical_clear_probe,4193638861,18,5316.169018005626,True
geometry_early_optical_clear_probe,3809847180,4,23.0,False
geometry_early_optical_clear_probe,3809847180,5,29.0,True
geometry_early_optical_clear_probe,3809847180,6,35.0,False
geometry_early_optical_clear_probe,3809847180,14,83.0,False
geometry_early_optical_clear_probe,3809847180,16,95.0,True
geometry_early_optical_clear_probe,3809847180,15,1067.6818857737528,True
geometry_early_optical_clear_probe,3809847180,1,2182.847912817767,True
geometry_early_optical_clear_probe,3809847180,8,4588.751712505921,True
geometry_early_optical_clear_probe,3809847180,7,4769.951712505921,True
geometry_early_optical_clear_probe,3809847180,12,4799.951712505921,True
geometry_early_optical_clear_probe,1897446591,3,17.0,False
geometry_early_optical_clear_probe,1897446591,10,59.0,False
geometry_early_optical_clear_probe,1897446591,12,71.0,False
geometry_early_optical_clear_probe,1897446591,20,119.0,False
geometry_early_optical_clear_probe,1897446591,6,354.2,False
geometry_early_optical_clear_probe,1897446591,9,983.3186665472984,False
geometry_early_optical_clear_probe,1897446591,5,1007.3186665472984,True
geometry_early_optical_clear_probe,1897446591,18,4901.775985485322,True
geometry_early_optical_clear_probe,1897446591,14,5067.9906300373,False
geometry_early_optical_clear_probe,1897446591,4,6674.64676622318,True
geometry_early_optical_clear_probe,25904965,9,53.0,True
geometry_early_optical_clear_probe,25904965,12,71.0,True
geometry_early_optical_clear_probe,25904965,19,113.0,True
geometry_early_optical_clear_probe,25904965,14,306.2,False
geometry_early_optical_clear_probe,25904965,10,1250.748086573343,True
geometry_early_optical_clear_probe,25904965,4,1473.948086573343,False
geometry_early_optical_clear_probe,25904965,13,2040.3480865733432,True
geometry_early_optical_clear_probe,25904965,8,2510.748086573343,False
geometry_early_optical_clear_probe,25904965,11,2522.748086573343,False
geometry_early_optical_clear_probe,25904965,18,4437.18310326958,True
geometry_early_optical_clear_probe,25904965,2,4672.38310326958,False
geometry_early_optical_clear_probe,25904965,15,4726.38310326958,True
geometry_early_optical_clear_probe,25904965,3,5583.984894667606,False
geometry_early_optical_clear_probe,25904965,16,5625.984894667606,False
geometry_early_optical_clear_probe,25904965,1,5849.1848946676055,True
geometry_early_optical_clear_probe,1704494116,11,65.0,False
geometry_early_optical_clear_probe,1704494116,12,71.0,False
geometry_early_optical_clear_probe,1704494116,18,107.0,False
geometry_early_optical_clear_probe,1704494116,19,113.0,True
geometry_early_optical_clear_probe,1704494116,5,360.2,False
geometry_early_optical_clear_probe,1704494116,2,378.2,False
geometry_early_optical_clear_probe,1704494116,13,607.4,False
geometry_early_optical_clear_probe,1704494116,7,2308.040397659867,False
geometry_early_optical_clear_probe,1704494116,15,4327.841113592729,True
geometry_early_optical_clear_probe,1704494116,16,4995.291079193839,True
geometry_early_optical_clear_probe,2380833411,2,11.0,False
geometry_early_optical_clear_probe,2380833411,3,17.0,True
geometry_early_optical_clear_probe,2380833411,4,23.0,False
geometry_early_optical_clear_probe,2380833411,12,71.0,False
geometry_early_optical_clear_probe,2380833411,14,306.2,False
geometry_early_optical_clear_probe,2380833411,5,360.2,False
geometry_early_optical_clear_probe,2380833411,1,384.2,False
geometry_early_optical_clear_probe,2380833411,17,576.8730980867587,True
geometry_early_optical_clear_probe,2380833411,18,1232.3326611033553,True
geometry_early_optical_clear_probe,2380833411,16,1238.3326611033553,False
geometry_early_optical_clear_probe,2380833411,10,1262.3326611033553,False
geometry_early_optical_clear_probe,2380833411,15,1503.5326611033554,True
geometry_early_optical_clear_probe,2380833411,13,2772.4997501519033,False
geometry_early_optical_clear_probe,2380833411,7,3158.899750151903,True
geometry_early_optical_clear_probe,2380833411,11,4422.681973688362,True
geometry_early_optical_clear_probe,2658958831,4,23.0,False
geometry_early_optical_clear_probe,2658958831,7,41.0,False
geometry_early_optical_clear_probe,2658958831,8,47.0,False
geometry_early_optical_clear_probe,2658958831,10,59.0,False
geometry_early_optical_clear_probe,2658958831,13,77.0,False
geometry_early_optical_clear_probe,2658958831,15,89.0,False
geometry_early_optical_clear_probe,2658958831,18,107.0,False
geometry_early_optical_clear_probe,2658958831,16,1539.7283543397423,True
geometry_early_optical_clear_probe,2658958831,1,2432.5283543397422,True
geometry_early_optical_clear_probe,2658958831,5,2949.8238575273253,True
geometry_early_optical_clear_probe,2658958831,6,4644.344196375487,True
geometry_early_optical_clear_probe,2658958831,2,4807.5441963754865,True
geometry_early_optical_clear_probe,2658958831,11,4831.5441963754865,True
geometry_early_optical_clear_probe,2658958831,14,5054.744196375486,False
geometry_early_optical_clear_probe,4144419070,13,77.0,True
geometry_early_optical_clear_probe,4144419070,15,89.0,False
geometry_early_optical_clear_probe,4144419070,16,95.0,False
geometry_early_optical_clear_probe,4144419070,18,107.0,True
geometry_early_optical_clear_probe,4144419070,12,318.2,False
geometry_early_optical_clear_probe,4144419070,7,348.2,True
geometry_early_optical_clear_probe,4144419070,11,826.8080280837769,False
geometry_early_optical_clear_probe,4144419070,20,1681.0567214704506,True
geometry_early_optical_clear_probe,4144419070,3,1898.2567214704507,False
geometry_early_optical_clear_probe,4144419070,1,1910.2567214704507,True
geometry_early_optical_clear_probe,4144419070,6,5384.761585472923,False
geometry_early_optical_clear_probe,4144419070,10,5402.761585472923,True
geometry_early_optical_clear_probe,4144419070,2,7314.7219246429295,True
geometry_early_optical_clear_probe,3618457721,3,17.0,True
geometry_early_optical_clear_probe,3618457721,10,59.0,False
geometry_early_optical_clear_probe,3618457721,14,83.0,True
geometry_early_optical_clear_probe,3618457721,16,95.0,True
geometry_early_optical_clear_probe,3618457721,18,107.0,False
geometry_early_optical_clear_probe,3618457721,19,276.2,False
geometry_early_optical_clear_probe,3618457721,9,336.2,False
geometry_early_optical_clear_probe,3618457721,8,342.2,True
geometry_early_optical_clear_probe,3618457721,2,496.3095099277373,False
geometry_early_optical_clear_probe,3618457721,5,4685.54759851092,False
geometry_early_optical_clear_probe,3618457721,7,5542.347598510919,True
geometry_early_optical_clear_probe,3618457721,11,7706.285618542434,True
geometry_early_optical_clear_probe,585324270,6,35.0,False
geometry_early_optical_clear_probe,585324270,10,59.0,False
geometry_early_optical_clear_probe,585324270,11,65.0,False
geometry_early_optical_clear_probe,585324270,12,71.0,True
geometry_early_optical_clear_probe,585324270,14,83.0,False
geometry_early_optical_clear_probe,585324270,16,95.0,False
geometry_early_optical_clear_probe,585324270,7,944.6319176297227,True
geometry_early_optical_clear_probe,585324270,2,2013.2008033389707,False
geometry_early_optical_clear_probe,585324270,18,2742.80080333897,True
geometry_early_optical_clear_probe,585324270,13,3993.1514183561803,False
geometry_early_optical_clear_probe,585324270,19,4180.35141835618,True
geometry_early_optical_clear_probe,1513429613,1,5.0,False
geometry_early_optical_clear_probe,1513429613,6,35.0,False
geometry_early_optical_clear_probe,1513429613,11,65.0,True
geometry_early_optical_clear_probe,1513429613,7,348.2,True
geometry_early_optical_clear_probe,1513429613,4,366.2,False
geometry_early_optical_clear_probe,1513429613,8,557.4215148339218,True
geometry_early_optical_clear_probe,1513429613,14,928.2880512799298,True
geometry_early_optical_clear_probe,1513429613,15,1535.6651464517197,True
geometry_early_optical_clear_probe,1513429613,13,1541.6651464517197,True
geometry_early_optical_clear_probe,1513429613,10,1553.6651464517197,False
geometry_early_optical_clear_probe,1513429613,9,1559.6651464517197,True
geometry_early_optical_clear_probe,1513429613,19,2369.031011705082,True
geometry_early_optical_clear_probe,1513429613,2,3732.9334081523293,True
geometry_early_optical_clear_probe,1513429613,18,6842.982589228858,True
geometry_early_optical_clear_probe,3353345794,2,11.0,True
geometry_early_optical_clear_probe,3353345794,9,53.0,True
geometry_early_optical_clear_probe,3353345794,13,77.0,False
geometry_early_optical_clear_probe,3353345794,16,95.0,False
geometry_early_optical_clear_probe,3353345794,19,113.0,False
geometry_early_optical_clear_probe,3353345794,11,589.4,True
geometry_early_optical_clear_probe,3353345794,4,1481.0262425206258,False
geometry_early_optical_clear_probe,3353345794,7,1674.2262425206259,True
geometry_early_optical_clear_probe,3353345794,8,1680.2262425206259,False
geometry_early_optical_clear_probe,3353345794,10,1686.2262425206259,True
geometry_early_optical_clear_probe,3353345794,20,1885.426242520626,True
geometry_early_optical_clear_probe,3353345794,17,3732.0885788113733,True
geometry_early_optical_clear_probe,3353345794,5,4033.4934396823355,True
geometry_early_optical_clear_probe,2018622253,6,35.0,False
geometry_early_optical_clear_probe,2018622253,7,41.0,True
geometry_early_optical_clear_probe,2018622253,8,47.0,False
geometry_early_optical_clear_probe,2018622253,19,276.2,False
geometry_early_optical_clear_probe,2018622253,17,288.2,False
geometry_early_optical_clear_probe,2018622253,15,300.2,True
geometry_early_optical_clear_probe,2018622253,12,318.2,True
geometry_early_optical_clear_probe,2018622253,3,1333.5397191153681,True
geometry_early_optical_clear_probe,2018622253,1,1345.5397191153681,False
geometry_early_optical_clear_probe,2018622253,10,4231.77667991725,False
geometry_early_optical_clear_probe,2018622253,13,4989.019801093726,False
geometry_early_optical_clear_probe,3424289025,1,5.0,False
geometry_early_optical_clear_probe,3424289025,3,17.0,False
geometry_early_optical_clear_probe,3424289025,4,23.0,False
geometry_early_optical_clear_probe,3424289025,9,53.0,False
geometry_early_optical_clear_probe,3424289025,10,59.0,False
geometry_early_optical_clear_probe,3424289025,13,77.0,True
geometry_early_optical_clear_probe,3424289025,17,101.0,False
geometry_early_optical_clear_probe,3424289025,19,113.0,True
geometry_early_optical_clear_probe,3424289025,20,119.0,True
geometry_early_optical_clear_probe,3424289025,5,553.5619374056873,True
geometry_early_optical_clear_probe,3424289025,6,559.5619374056873,True
geometry_early_optical_clear_probe,3424289025,12,3675.9281075911067,True
geometry_early_optical_clear_probe,3424289025,2,5120.203354380013,True
geometry_early_optical_clear_probe,3424289025,15,5150.203354380013,False
geometry_early_optical_clear_probe,3424289025,14,5530.603354380012,True
geometry_early_optical_clear_probe,3119336846,1,5.0,False
geometry_early_optical_clear_probe,3119336846,3,17.0,False
geometry_early_optical_clear_probe,3119336846,8,47.0,False
geometry_early_optical_clear_probe,3119336846,11,324.2,False
geometry_early_optical_clear_probe,3119336846,7,552.9131974994832,True
geometry_early_optical_clear_probe,3119336846,17,612.9131974994832,False
geometry_early_optical_clear_probe,3119336846,4,968.7419928427994,False
geometry_early_optical_clear_probe,3119336846,15,1393.5364680412226,True
geometry_early_optical_clear_probe,3119336846,2,2915.025284632451,False
geometry_early_optical_clear_probe,3119336846,18,4256.067046641245,True
geometry_early_optical_clear_probe,3119336846,9,4304.067046641245,False
geometry_early_optical_clear_probe,3119336846,20,6148.250650919646,True
geometry_early_optical_clear_probe,2875994750,4,23.0,False
geometry_early_optical_clear_probe,2875994750,5,29.0,False
geometry_early_optical_clear_probe,2875994750,8,47.0,False
geometry_early_optical_clear_probe,2875994750,17,101.0,False
geometry_early_optical_clear_probe,2875994750,18,107.0,False
geometry_early_optical_clear_probe,2875994750,7,348.2,False
geometry_early_optical_clear_probe,2875994750,6,477.36555639641193,False
geometry_early_optical_clear_probe,2875994750,11,507.36555639641193,True
geometry_early_optical_clear_probe,2875994750,15,1151.3950059470883,True
geometry_early_optical_clear_probe,2875994750,19,3069.0953000746836,False
geometry_early_optical_clear_probe,2875994750,10,4350.085587961668,True
geometry_early_optical_clear_probe,2875994750,9,4977.685587961668,False
geometry_early_optical_clear_probe,2732959076,6,35.0,False
geometry_early_optical_clear_probe,2732959076,19,276.2,True
geometry_early_optical_clear_probe,2732959076,4,366.2,False
geometry_early_optical_clear_probe,2732959076,17,631.4,False
geometry_early_optical_clear_probe,2732959076,9,866.5999999999999,False
geometry_early_optical_clear_probe,2732959076,7,878.5999999999999,False
geometry_early_optical_clear_probe,2732959076,3,890.5999999999999,True
geometry_early_optical_clear_probe,2732959076,1,1053.8,True
geometry_early_optical_clear_probe,2732959076,12,3150.5385638647226,True
geometry_early_optical_clear_probe,2732959076,8,5099.95007305098,True
geometry_early_optical_clear_probe,2862724408,2,11.0,False
geometry_early_optical_clear_probe,2862724408,4,23.0,True
geometry_early_optical_clear_probe,2862724408,5,29.0,False
geometry_early_optical_clear_probe,2862724408,9,53.0,False
geometry_early_optical_clear_probe,2862724408,15,89.0,True
geometry_early_optical_clear_probe,2862724408,20,119.0,False
geometry_early_optical_clear_probe,2862724408,11,324.2,False
geometry_early_optical_clear_probe,2862724408,6,1049.893443710969,False
geometry_early_optical_clear_probe,2862724408,10,1530.72230437028,False
geometry_early_optical_clear_probe,2862724408,12,1866.4087360888784,True
geometry_early_optical_clear_probe,2862724408,18,2084.6239973439215,False
geometry_early_optical_clear_probe,2862724408,13,4104.388002878122,True
geometry_early_optical_clear_probe,2862724408,17,6400.820067068298,False
geometry_early_optical_clear_probe,2862724408,16,7651.20431844856,True
geometry_early_optical_clear_probe,3909314490,2,11.0,False
geometry_early_optical_clear_probe,3909314490,6,35.0,True
geometry_early_optical_clear_probe,3909314490,7,41.0,True
geometry_early_optical_clear_probe,3909314490,10,59.0,True
geometry_early_optical_clear_probe,3909314490,12,71.0,False
geometry_early_optical_clear_probe,3909314490,14,83.0,True
geometry_early_optical_clear_probe,3909314490,17,101.0,True
geometry_early_optical_clear_probe,3909314490,13,601.4,True
geometry_early_optical_clear_probe,3909314490,19,637.4,True
geometry_early_optical_clear_probe,3909314490,20,4356.395346504256,True
geometry_early_optical_clear_probe,3909314490,8,5342.3235098576515,True
geometry_early_optical_clear_probe,2266595431,1,5.0,False
geometry_early_optical_clear_probe,2266595431,7,41.0,False
geometry_early_optical_clear_probe,2266595431,9,53.0,False
geometry_early_optical_clear_probe,2266595431,15,89.0,False
geometry_early_optical_clear_probe,2266595431,18,107.0,False
geometry_early_optical_clear_probe,2266595431,16,294.2,True
geometry_early_optical_clear_probe,2266595431,13,312.2,False
geometry_early_optical_clear_probe,2266595431,4,366.2,False
geometry_early_optical_clear_probe,2266595431,10,2625.072090462374,False
geometry_early_optical_clear_probe,2266595431,6,2637.072090462374,False
geometry_early_optical_clear_probe,2709776970,3,17.0,False
geometry_early_optical_clear_probe,2709776970,6,35.0,False
geometry_early_optical_clear_probe,2709776970,12,71.0,False
geometry_early_optical_clear_probe,2709776970,14,83.0,True
geometry_early_optical_clear_probe,2709776970,19,113.0,False
geometry_early_optical_clear_probe,2709776970,2,563.4150310077154,True
geometry_early_optical_clear_probe,2709776970,7,593.4150310077154,False
geometry_early_optical_clear_probe,2709776970,11,617.4150310077154,False
geometry_early_optical_clear_probe,2709776970,15,2419.878507696779,True
geometry_early_optical_clear_probe,2709776970,1,4491.193036915822,False
geometry_early_optical_clear_probe,2709776970,4,4756.3930369158215,False
geometry_early_optical_clear_probe,2709776970,10,5255.916040454149,False
geometry_early_optical_clear_probe,3817950434,1,5.0,False
geometry_early_optical_clear_probe,3817950434,6,35.0,False
geometry_early_optical_clear_probe,3817950434,9,53.0,True
geometry_early_optical_clear_probe,3817950434,15,89.0,True
geometry_early_optical_clear_probe,3817950434,18,107.0,False
geometry_early_optical_clear_probe,3817950434,20,119.0,True
geometry_early_optical_clear_probe,3817950434,19,276.2,True
geometry_early_optical_clear_probe,3817950434,12,318.2,False
geometry_early_optical_clear_probe,3817950434,11,324.2,True
geometry_early_optical_clear_probe,3817950434,2,890.5999999999999,True
geometry_early_optical_clear_probe,3817950434,7,1853.1672955268657,False
geometry_early_optical_clear_probe,3817950434,14,2447.106678745712,True
geometry_early_optical_clear_probe,3817950434,13,2453.106678745712,True
geometry_early_optical_clear_probe,3817950434,5,3658.396756405445,True
geometry_early_optical_clear_probe,3817950434,10,5771.89597461202,True
geometry_early_optical_clear_probe,3817950434,3,6438.046599127333,False
geometry_early_optical_clear_probe,2983487426,1,5.0,False
geometry_early_optical_clear_probe,2983487426,2,11.0,True
geometry_early_optical_clear_probe,2983487426,5,29.0,False
geometry_early_optical_clear_probe,2983487426,7,41.0,False
geometry_early_optical_clear_probe,2983487426,9,53.0,True
geometry_early_optical_clear_probe,2983487426,15,89.0,False
geometry_early_optical_clear_probe,2983487426,16,95.0,True
geometry_early_optical_clear_probe,2983487426,18,107.0,False
geometry_early_optical_clear_probe,2983487426,8,342.2,True
geometry_early_optical_clear_probe,2983487426,3,372.2,False
geometry_early_optical_clear_probe,2983487426,4,1574.24477269168,False
geometry_early_optical_clear_probe,2983487426,19,2903.0774296531326,True
geometry_early_optical_clear_probe,2983487426,13,6528.043821648798,True
geometry_early_optical_clear_probe,1734381403,3,17.0,False
geometry_early_optical_clear_probe,1734381403,4,23.0,False
geometry_early_optical_clear_probe,1734381403,7,41.0,False
geometry_early_optical_clear_probe,1734381403,8,47.0,False
geometry_early_optical_clear_probe,1734381403,20,270.2,True
geometry_early_optical_clear_probe,1734381403,6,354.2,True
geometry_early_optical_clear_probe,1734381403,5,2124.248852473921,True
geometry_early_optical_clear_probe,1734381403,9,2136.248852473921,False
geometry_early_optical_clear_probe,1734381403,17,2184.248852473921,False
geometry_early_optical_clear_probe,1734381403,18,2365.448852473921,True
geometry_early_optical_clear_probe,1734381403,16,5512.613696327388,True
geometry_early_optical_clear_probe,3083575433,1,5.0,False
geometry_early_optical_clear_probe,3083575433,2,11.0,True
geometry_early_optical_clear_probe,3083575433,5,29.0,False
geometry_early_optical_clear_probe,3083575433,8,47.0,False
geometry_early_optical_clear_probe,3083575433,12,71.0,True
geometry_early_optical_clear_probe,3083575433,16,95.0,False
geometry_early_optical_clear_probe,3083575433,17,288.2,False
geometry_early_optical_clear_probe,3083575433,6,495.7418864138051,True
geometry_early_optical_clear_probe,3083575433,19,763.8642286311056,True
geometry_early_optical_clear_probe,3083575433,18,769.8642286311056,False
geometry_early_optical_clear_probe,3083575433,4,847.8642286311056,True
geometry_early_optical_clear_probe,3083575433,13,1973.096630554991,False
geometry_early_optical_clear_probe,3429520287,2,11.0,False
geometry_early_optical_clear_probe,3429520287,4,23.0,True
geometry_early_optical_clear_probe,3429520287,6,35.0,False
geometry_early_optical_clear_probe,3429520287,14,83.0,False
geometry_early_optical_clear_probe,3429520287,17,101.0,False
geometry_early_optical_clear_probe,3429520287,11,518.240122237886,True
geometry_early_optical_clear_probe,3429520287,19,740.2271326219471,True
geometry_early_optical_clear_probe,3429520287,7,806.2271326219471,False
geometry_early_optical_clear_probe,3429520287,20,3979.997636378233,True
geometry_early_optical_clear_probe,3429520287,1,5319.149457259391,True
geometry_early_optical_clear_probe,3255842909,6,35.0,False
geometry_early_optical_clear_probe,3255842909,7,41.0,False
geometry_early_optical_clear_probe,3255842909,9,53.0,False
geometry_early_optical_clear_probe,3255842909,10,59.0,False
geometry_early_optical_clear_probe,3255842909,13,77.0,False
geometry_early_optical_clear_probe,3255842909,14,83.0,False
geometry_early_optical_clear_probe,3255842909,19,113.0,False
geometry_early_optical_clear_probe,3255842909,15,300.2,False
geometry_early_optical_clear_probe,3255842909,3,372.2,False
geometry_early_optical_clear_probe,3255842909,2,1017.070551911777,False
geometry_early_optical_clear_probe,3255842909,18,3424.205244687679,True
geometry_early_optical_clear_probe,3060093832,1,5.0,True
geometry_early_optical_clear_probe,3060093832,10,59.0,True
geometry_early_optical_clear_probe,3060093832,13,77.0,False
geometry_early_optical_clear_probe,3060093832,16,95.0,False
geometry_early_optical_clear_probe,3060093832,19,113.0,False
geometry_early_optical_clear_probe,3060093832,18,282.2,True
geometry_early_optical_clear_probe,3060093832,4,366.2,True
geometry_early_optical_clear_probe,3060093832,5,564.7600591290994,True
geometry_early_optical_clear_probe,3060093832,3,4561.390110449737,False
geometry_early_optical_clear_probe,3060093832,11,4760.590110449737,False
geometry_early_optical_clear_probe,3060093832,7,5142.300284560855,False
geometry_early_optical_clear_probe,3060093832,17,5184.300284560855,False
geometry_early_optical_clear_probe,3060093832,20,5190.300284560855,False
geometry_early_optical_clear_probe,2991618192,3,17.0,False
geometry_early_optical_clear_probe,2991618192,4,23.0,True
geometry_early_optical_clear_probe,2991618192,8,47.0,False
geometry_early_optical_clear_probe,2991618192,15,89.0,True
geometry_early_optical_clear_probe,2991618192,16,95.0,True
geometry_early_optical_clear_probe,2991618192,6,484.4996305937375,True
geometry_early_optical_clear_probe,2991618192,20,793.8634822091245,False
geometry_early_optical_clear_probe,2991618192,14,829.8634822091245,True
geometry_early_optical_clear_probe,2991618192,1,889.8634822091245,False
geometry_early_optical_clear_probe,2991618192,11,3163.240680609083,True
geometry_early_optical_clear_probe,2991618192,5,5377.96995517348,True
geometry_early_optical_clear_probe,1540878693,2,11.0,True
geometry_early_optical_clear_probe,1540878693,6,35.0,False
geometry_early_optical_clear_probe,1540878693,8,47.0,False
geometry_early_optical_clear_probe,1540878693,9,53.0,False
geometry_early_optical_clear_probe,1540878693,10,59.0,False
geometry_early_optical_clear_probe,1540878693,11,65.0,False
geometry_early_optical_clear_probe,1540878693,14,83.0,True
geometry_early_optical_clear_probe,1540878693,18,282.2,True
geometry_early_optical_clear_probe,1540878693,12,318.2,True
geometry_early_optical_clear_probe,1540878693,20,819.2513363236935,False
geometry_early_optical_clear_probe,1540878693,1,927.2513363236935,False
geometry_early_optical_clear_probe,1540878693,5,5216.858541222616,True
geometry_early_optical_clear_probe,1291483086,4,23.0,False
geometry_early_optical_clear_probe,1291483086,5,29.0,False
geometry_early_optical_clear_probe,1291483086,6,35.0,True
geometry_early_optical_clear_probe,1291483086,14,83.0,True
geometry_early_optical_clear_probe,1291483086,16,95.0,False
geometry_early_optical_clear_probe,1291483086,18,107.0,True
geometry_early_optical_clear_probe,1291483086,8,342.2,True
geometry_early_optical_clear_probe,1291483086,20,754.440066752875,True
geometry_early_optical_clear_probe,1291483086,7,826.440066752875,False
geometry_early_optical_clear_probe,1291483086,10,1055.640066752875,True
geometry_early_optical_clear_probe,1291483086,12,1067.640066752875,False
geometry_early_optical_clear_probe,1291483086,2,3995.995395250779,False
geometry_early_optical_clear_probe,1291483086,15,4031.995395250779,False
geometry_early_optical_clear_probe,1291483086,1,5058.103208668368,True
geometry_early_optical_clear_probe,1442212403,2,11.0,True
geometry_early_optical_clear_probe,1442212403,4,23.0,False
geometry_early_optical_clear_probe,1442212403,9,53.0,False
geometry_early_optical_clear_probe,1442212403,13,77.0,False
geometry_early_optical_clear_probe,1442212403,14,83.0,True
geometry_early_optical_clear_probe,1442212403,18,107.0,False
geometry_early_optical_clear_probe,1442212403,19,113.0,False
geometry_early_optical_clear_probe,1442212403,10,330.2,True
geometry_early_optical_clear_probe,1442212403,12,604.29023937686,True
geometry_early_optical_clear_probe,1442212403,17,1280.8101904916648,False
geometry_early_optical_clear_probe,1442212403,6,1948.271211461439,True
geometry_early_optical_clear_probe,1442212403,3,1960.271211461439,False
geometry_early_optical_clear_probe,3526153132,6,35.0,False
geometry_early_optical_clear_probe,3526153132,15,89.0,False
geometry_early_optical_clear_probe,3526153132,18,107.0,False
geometry_early_optical_clear_probe,3526153132,20,119.0,True
geometry_early_optical_clear_probe,3526153132,12,318.2,True
geometry_early_optical_clear_probe,3526153132,16,816.9522205740277,False
geometry_early_optical_clear_probe,3526153132,4,876.9522205740277,True
geometry_early_optical_clear_probe,3526153132,11,1332.4385764240853,True
geometry_early_optical_clear_probe,3526153132,5,1561.6385764240854,False
geometry_early_optical_clear_probe,3526153132,10,1814.8385764240854,True
geometry_early_optical_clear_probe,3526153132,13,2255.6836832697363,True
geometry_early_optical_clear_probe,3526153132,19,2449.0939425129304,False
geometry_early_optical_clear_probe,3526153132,17,3091.3373998126117,True
geometry_early_optical_clear_probe,3526153132,8,3689.937399812611,True
geometry_early_optical_clear_probe,3526153132,3,4628.15727561458,True
geometry_early_optical_clear_probe,1082103901,3,17.0,True
geometry_early_optical_clear_probe,1082103901,4,23.0,True
geometry_early_optical_clear_probe,1082103901,5,29.0,True
geometry_early_optical_clear_probe,1082103901,11,65.0,True
geometry_early_optical_clear_probe,1082103901,15,89.0,False
geometry_early_optical_clear_probe,1082103901,20,119.0,False
geometry_early_optical_clear_probe,1082103901,18,637.4,True
geometry_early_optical_clear_probe,1082103901,12,843.5173667791822,True
geometry_early_optical_clear_probe,1082103901,6,879.5173667791822,True
geometry_early_optical_clear_probe,1082103901,19,1480.9131263469806,True
geometry_early_optical_clear_probe,1082103901,7,4614.5179533391865,True
geometry_early_optical_clear_probe,890239619,1,5.0,True
geometry_early_optical_clear_probe,890239619,8,47.0,False
geometry_early_optical_clear_probe,890239619,11,65.0,True
geometry_early_optical_clear_probe,890239619,14,83.0,True
geometry_early_optical_clear_probe,890239619,20,270.2,False
geometry_early_optical_clear_probe,890239619,18,282.2,True
geometry_early_optical_clear_probe,890239619,16,769.7384332385852,False
geometry_early_optical_clear_probe,890239619,15,2053.280603319231,False
geometry_early_optical_clear_probe,890239619,17,2668.8806033192304,True
geometry_early_optical_clear_probe,890239619,3,2722.8806033192304,False
geometry_early_optical_clear_probe,890239619,6,2904.0806033192302,False
geometry_early_optical_clear_probe,890239619,9,3088.7383139068497,True
geometry_early_optical_clear_probe,890239619,7,3094.7383139068497,False
geometry_early_optical_clear_probe,890239619,4,3550.616057698844,True
geometry_early_optical_clear_probe,890239619,10,3928.658481659073,False
geometry_early_optical_clear_probe,890239619,5,6508.123324711943,True
geometry_early_optical_clear_probe,3762945177,3,17.0,False
geometry_early_optical_clear_probe,3762945177,20,119.0,True
geometry_early_optical_clear_probe,3762945177,11,324.2,True
geometry_early_optical_clear_probe,3762945177,7,348.2,False
geometry_early_optical_clear_probe,3762945177,5,360.2,False
geometry_early_optical_clear_probe,3762945177,14,613.4,True
geometry_early_optical_clear_probe,3762945177,12,793.7897272866799,False
geometry_early_optical_clear_probe,3762945177,6,829.7897272866799,True
geometry_early_optical_clear_probe,3762945177,4,1847.512805283579,True
geometry_early_optical_clear_probe,3762945177,9,2000.1875290182859,True
geometry_early_optical_clear_probe,2981463106,4,23.0,False
geometry_early_optical_clear_probe,2981463106,11,65.0,True
geometry_early_optical_clear_probe,2981463106,14,83.0,False
geometry_early_optical_clear_probe,2981463106,19,276.2,True
geometry_early_optical_clear_probe,2981463106,17,288.2,False
geometry_early_optical_clear_probe,2981463106,16,294.2,True
geometry_early_optical_clear_probe,2981463106,15,300.2,True
geometry_early_optical_clear_probe,2981463106,20,1356.8842044757187,True
geometry_early_optical_clear_probe,2981463106,5,2950.690939931106,True
geometry_early_optical_clear_probe,2981463106,1,3593.0642229648342,False
geometry_early_optical_clear_probe,2981463106,7,4027.464222964834,True
geometry_early_optical_clear_probe,2981463106,2,4045.464222964834,False
geometry_early_optical_clear_probe,2981463106,10,4683.388090160785,True
geometry_early_optical_clear_probe,2981463106,18,4951.1017591455075,True
geometry_early_optical_clear_probe,2981463106,8,6707.845594068539,True
geometry_early_optical_clear_probe,2981463106,6,8344.324732943187,True
geometry_early_optical_clear_probe,1684377163,1,5.0,False
geometry_early_optical_clear_probe,1684377163,8,47.0,True
geometry_early_optical_clear_probe,1684377163,18,107.0,False
geometry_early_optical_clear_probe,1684377163,13,312.2,True
geometry_early_optical_clear_probe,1684377163,7,571.414559672248,False
geometry_early_optical_clear_probe,1684377163,4,1507.1559339364685,True
geometry_early_optical_clear_probe,1684377163,15,2200.282254868563,True
geometry_early_optical_clear_probe,1684377163,17,3048.8811185077047,True
geometry_early_optical_clear_probe,1684377163,2,3272.0811185077046,False
geometry_early_optical_clear_probe,1684377163,3,3278.0811185077046,True
geometry_early_optical_clear_probe,1684377163,19,3350.0811185077046,False
geometry_early_optical_clear_probe,1684377163,10,4117.5343640909305,True
geometry_early_optical_clear_probe,1849231860,1,5.0,True
geometry_early_optical_clear_probe,1849231860,4,23.0,False
geometry_early_optical_clear_probe,1849231860,13,77.0,True
geometry_early_optical_clear_probe,1849231860,20,270.2,True
geometry_early_optical_clear_probe,1849231860,11,324.2,True
geometry_early_optical_clear_probe,1849231860,6,354.2,False
geometry_early_optical_clear_probe,1849231860,17,631.4,True
geometry_early_optical_clear_probe,1849231860,18,1839.616598271687,True
geometry_early_optical_clear_probe,1849231860,10,1875.616598271687,False
geometry_early_optical_clear_probe,1849231860,15,2128.816598271687,True
geometry_early_optical_clear_probe,1849231860,19,3552.016598271686,True
geometry_early_optical_clear_probe,1849231860,14,5662.876379570803,True
geometry_early_optical_clear_probe,462733054,4,23.0,True
geometry_early_optical_clear_probe,462733054,5,29.0,False
geometry_early_optical_clear_probe,462733054,9,53.0,False
geometry_early_optical_clear_probe,462733054,15,89.0,False
geometry_early_optical_clear_probe,462733054,20,119.0,True
geometry_early_optical_clear_probe,462733054,12,318.2,True
geometry_early_optical_clear_probe,462733054,11,324.2,False
geometry_early_optical_clear_probe,462733054,8,342.2,False
geometry_early_optical_clear_probe,462733054,18,652.3104189420496,True
geometry_early_optical_clear_probe,462733054,19,658.3104189420496,False
geometry_early_optical_clear_probe,462733054,7,1007.3206649951917,False
geometry_early_optical_clear_probe,462733054,3,4886.375546352733,True
geometry_early_optical_clear_probe,1768611853,5,29.0,False
geometry_early_optical_clear_probe,1768611853,12,71.0,True
geometry_early_optical_clear_probe,1768611853,14,83.0,False
geometry_early_optical_clear_probe,1768611853,17,101.0,False
geometry_early_optical_clear_probe,1768611853,10,330.2,False
geometry_early_optical_clear_probe,1768611853,8,342.2,True
geometry_early_optical_clear_probe,1768611853,1,1898.6756733162933,False
geometry_early_optical_clear_probe,1768611853,19,2507.7390796222135,True
geometry_early_optical_clear_probe,1768611853,2,3156.2641572743273,True
geometry_early_optical_clear_probe,1768611853,18,3493.6321534713875,True
geometry_early_optical_clear_probe,1768611853,9,3806.4760623502166,True
geometry_early_optical_clear_probe,1768611853,15,5257.69391749538,False
geometry_early_optical_clear_probe,3480512564,4,23.0,False
geometry_early_optical_clear_probe,3480512564,7,41.0,False
geometry_early_optical_clear_probe,3480512564,14,83.0,True
geometry_early_optical_clear_probe,3480512564,15,300.2,True
geometry_early_optical_clear_probe,3480512564,12,318.2,False
geometry_early_optical_clear_probe,3480512564,8,512.9942759587235,True
geometry_early_optical_clear_probe,3480512564,9,746.3648114679083,True
geometry_early_optical_clear_probe,3480512564,16,1494.1356527996122,True
geometry_early_optical_clear_probe,3480512564,3,1882.9003380724487,False
geometry_early_optical_clear_probe,3480512564,11,3303.32095429879,False
geometry_early_optical_clear_probe,3480512564,19,3327.32095429879,False
geometry_early_optical_clear_probe,3480512564,20,3728.1068851569826,True
geometry_early_optical_clear_probe,3480512564,18,3949.7235209604637,True
geometry_early_optical_clear_probe,3480512564,13,4940.121199126189,True
geometry_early_optical_clear_probe,3480512564,6,4952.121199126189,True
geometry_early_optical_clear_probe,4293044087,2,11.0,False
geometry_early_optical_clear_probe,4293044087,3,17.0,True
geometry_early_optical_clear_probe,4293044087,8,47.0,True
geometry_early_optical_clear_probe,4293044087,10,59.0,False
geometry_early_optical_clear_probe,4293044087,14,83.0,False
geometry_early_optical_clear_probe,4293044087,16,95.0,False
geometry_early_optical_clear_probe,4293044087,20,788.5999999999999,True
geometry_early_optical_clear_probe,4293044087,7,854.5999999999999,True
geometry_early_optical_clear_probe,4293044087,17,1281.97101524275,True
geometry_early_optical_clear_probe,4293044087,11,1559.17101524275,True
geometry_early_optical_clear_probe,4293044087,13,1571.17101524275,False
geometry_early_optical_clear_probe,4293044087,15,1577.17101524275,True
geometry_early_optical_clear_probe,4293044087,4,3594.0834678235406,True
geometry_early_optical_clear_probe,2584713492,2,11.0,True
geometry_early_optical_clear_probe,2584713492,10,59.0,False
geometry_early_optical_clear_probe,2584713492,13,77.0,False
geometry_early_optical_clear_probe,2584713492,16,95.0,False
geometry_early_optical_clear_probe,2584713492,19,113.0,False
geometry_early_optical_clear_probe,2584713492,8,342.2,False
geometry_early_optical_clear_probe,2584713492,12,1242.537781878357,True
geometry_early_optical_clear_probe,2584713492,11,2008.7595284140548,True
geometry_early_optical_clear_probe,2584713492,4,2237.7073786259934,True
geometry_early_optical_clear_probe,2584713492,6,3878.285384434702,True
geometry_early_optical_clear_probe,3846832229,7,41.0,False
geometry_early_optical_clear_probe,3846832229,10,59.0,False
geometry_early_optical_clear_probe,3846832229,17,101.0,False
geometry_early_optical_clear_probe,3846832229,12,318.2,False
geometry_early_optical_clear_probe,3846832229,4,553.4,True
geometry_early_optical_clear_probe,3846832229,20,1614.2,False
geometry_early_optical_clear_probe,3846832229,14,1795.4,True
geometry_early_optical_clear_probe,3846832229,18,2072.6000000000004,True
geometry_early_optical_clear_probe,3846832229,9,2272.8,False
geometry_early_optical_clear_probe,3846832229,3,2731.2,True
geometry_early_optical_clear_probe,3846832229,6,5905.647835319702,True
geometry_early_optical_clear_probe,2912589204,9,53.0,True
geometry_early_optical_clear_probe,2912589204,12,71.0,True
geometry_early_optical_clear_probe,2912589204,15,89.0,False
geometry_early_optical_clear_probe,2912589204,19,276.2,True
geometry_early_optical_clear_probe,2912589204,14,306.2,False
geometry_early_optical_clear_probe,2912589204,11,324.2,True
geometry_early_optical_clear_probe,2912589204,6,1218.4750740178433,True
geometry_early_optical_clear_probe,2912589204,17,1272.4750740178433,True
geometry_early_optical_clear_probe,2912589204,16,1943.5003352525378,True
geometry_early_optical_clear_probe,2912589204,13,1955.5003352525378,False
geometry_early_optical_clear_probe,2912589204,5,2570.7420881821677,True
geometry_early_optical_clear_probe,2912589204,1,2594.7420881821677,True
geometry_early_optical_clear_probe,2912589204,7,7740.057991641757,True
geometry_early_optical_clear_probe,2709116653,2,11.0,False
geometry_early_optical_clear_probe,2709116653,15,89.0,False
geometry_early_optical_clear_probe,2709116653,19,113.0,True
geometry_early_optical_clear_probe,2709116653,20,119.0,False
geometry_early_optical_clear_probe,2709116653,18,282.2,False
geometry_early_optical_clear_probe,2709116653,6,354.2,False
geometry_early_optical_clear_probe,2709116653,4,366.2,True
geometry_early_optical_clear_probe,2709116653,17,631.4,False
geometry_early_optical_clear_probe,2709116653,12,842.5999999999999,True
geometry_early_optical_clear_probe,2709116653,3,1097.3311279701184,True
geometry_early_optical_clear_probe,2709116653,5,1109.3311279701184,False
geometry_early_optical_clear_probe,2709116653,13,1565.1221444601438,True
geometry_early_optical_clear_probe,2709116653,14,2071.522144460144,True
geometry_early_optical_clear_probe,779135114,1,5.0,False
geometry_early_optical_clear_probe,779135114,2,11.0,True
geometry_early_optical_clear_probe,779135114,9,53.0,False
geometry_early_optical_clear_probe,779135114,18,107.0,False
geometry_early_optical_clear_probe,779135114,20,119.0,True
geometry_early_optical_clear_probe,779135114,3,547.4,False
geometry_early_optical_clear_probe,779135114,19,806.5999999999999,True
geometry_early_optical_clear_probe,779135114,7,878.5999999999999,True
geometry_early_optical_clear_probe,779135114,4,896.5999999999999,True
geometry_early_optical_clear_probe,779135114,8,1050.9497492165192,False
geometry_early_optical_clear_probe,779135114,16,1806.8589822010204,True
geometry_early_optical_clear_probe,779135114,12,2006.0589822010204,True
geometry_early_optical_clear_probe,779135114,13,2720.7325529087843,True
geometry_early_optical_clear_probe,3496349438,10,59.0,False
geometry_early_optical_clear_probe,3496349438,13,77.0,True
geometry_early_optical_clear_probe,3496349438,14,83.0,True
geometry_early_optical_clear_probe,3496349438,16,95.0,False
geometry_early_optical_clear_probe,3496349438,18,107.0,False
geometry_early_optical_clear_probe,3496349438,11,324.2,False
geometry_early_optical_clear_probe,3496349438,9,336.2,False
geometry_early_optical_clear_probe,3496349438,12,2669.9407763286513,False
geometry_early_optical_clear_probe,3496349438,15,6163.282940702547,True
geometry_early_optical_clear_probe,3496349438,19,6609.682940702547,False
geometry_early_optical_clear_probe,31525768,7,41.0,False
geometry_early_optical_clear_probe,31525768,8,47.0,False
geometry_early_optical_clear_probe,31525768,10,59.0,False
geometry_early_optical_clear_probe,31525768,12,71.0,False
geometry_early_optical_clear_probe,31525768,13,77.0,False
geometry_early_optical_clear_probe,31525768,14,83.0,False
geometry_early_optical_clear_probe,31525768,15,300.2,False
geometry_early_optical_clear_probe,31525768,17,1132.3464501550716,True
geometry_early_optical_clear_probe,31525768,11,1321.1362592203684,True
geometry_early_optical_clear_probe,31525768,4,4682.876253041637,True
geometry_early_optical_clear_probe,31525768,6,5110.313849876277,False
geometry_early_optical_clear_probe,31525768,1,5140.313849876277,False
geometry_early_optical_clear_probe,4020191555,4,23.0,False
geometry_early_optical_clear_probe,4020191555,5,29.0,False
geometry_early_optical_clear_probe,4020191555,6,35.0,False
geometry_early_optical_clear_probe,4020191555,7,41.0,True
geometry_early_optical_clear_probe,4020191555,11,65.0,False
geometry_early_optical_clear_probe,4020191555,19,113.0,False
geometry_early_optical_clear_probe,4020191555,20,119.0,False
geometry_early_optical_clear_probe,4020191555,3,372.2,True
geometry_early_optical_clear_probe,4020191555,8,1521.323079525706,False
geometry_early_optical_clear_probe,4020191555,1,3641.4020956238846,False
geometry_early_optical_clear_probe,1883840840,2,11.0,False
geometry_early_optical_clear_probe,1883840840,9,53.0,False
geometry_early_optical_clear_probe,1883840840,14,83.0,False
geometry_early_optical_clear_probe,1883840840,17,101.0,False
geometry_early_optical_clear_probe,1883840840,20,119.0,False
geometry_early_optical_clear_probe,1883840840,12,318.2,False
geometry_early_optical_clear_probe,1883840840,6,354.2,True
geometry_early_optical_clear_probe,1883840840,5,360.2,False
geometry_early_optical_clear_probe,1883840840,18,860.8138273086244,False
geometry_early_optical_clear_probe,1883840840,11,902.8138273086244,False
geometry_early_optical_clear_probe,1883840840,3,1111.260243257152,False
geometry_early_optical_clear_probe,1883840840,10,5901.042407581845,True
geometry_early_optical_clear_probe,1883840840,13,6631.788629397087,True
geometry_early_optical_clear_probe,1882887978,2,11.0,False
geometry_early_optical_clear_probe,1882887978,3,17.0,True
geometry_early_optical_clear_probe,1882887978,5,29.0,False
geometry_early_optical_clear_probe,1882887978,10,59.0,False
geometry_early_optical_clear_probe,1882887978,18,107.0,False
geometry_early_optical_clear_probe,1882887978,15,300.2,True
geometry_early_optical_clear_probe,1882887978,7,348.2,False
geometry_early_optical_clear_probe,1882887978,4,366.2,True
geometry_early_optical_clear_probe,1882887978,14,656.5209980843999,False
geometry_early_optical_clear_probe,1882887978,1,927.7209980844,True
geometry_early_optical_clear_probe,1882887978,20,3590.105882423007,False
geometry_early_optical_clear_probe,1882887978,17,3839.4536706089093,True
geometry_early_optical_clear_probe,1244617009,16,95.0,False
geometry_early_optical_clear_probe,1244617009,17,101.0,False
geometry_early_optical_clear_probe,1244617009,19,113.0,True
geometry_early_optical_clear_probe,1244617009,20,119.0,True
geometry_early_optical_clear_probe,1244617009,2,378.2,True
geometry_early_optical_clear_probe,1244617009,13,807.5999999999999,True
geometry_early_optical_clear_probe,1244617009,15,3920.274440201463,False
geometry_early_optical_clear_probe,1244617009,4,3980.274440201463,False
geometry_early_optical_clear_probe,1244617009,1,3992.274440201463,True
geometry_early_optical_clear_probe,1244617009,11,5498.461853630169,True
geometry_early_optical_clear_probe,1244617009,7,6046.7008955391,True
geometry_early_optical_clear_probe,2999820382,2,11.0,True
geometry_early_optical_clear_probe,2999820382,5,29.0,True
geometry_early_optical_clear_probe,2999820382,7,41.0,True
geometry_early_optical_clear_probe,2999820382,15,89.0,False
geometry_early_optical_clear_probe,2999820382,19,113.0,False
geometry_early_optical_clear_probe,2999820382,20,119.0,False
geometry_early_optical_clear_probe,2999820382,18,282.2,False
geometry_early_optical_clear_probe,2999820382,17,575.5771552685663,True
geometry_early_optical_clear_probe,2999820382,10,1286.6339860676974,True
geometry_early_optical_clear_probe,2999820382,4,1723.422143777877,True
geometry_early_optical_clear_probe,2999820382,1,2341.631348083146,True
geometry_early_optical_clear_probe,2999820382,6,2359.631348083146,False
geometry_early_optical_clear_probe,2999820382,13,2401.631348083146,False
geometry_early_optical_clear_probe,2999820382,14,3542.448714411329,True
geometry_early_optical_clear_probe,367334596,1,5.0,False
geometry_early_optical_clear_probe,367334596,2,11.0,True
geometry_early_optical_clear_probe,367334596,9,53.0,True
geometry_early_optical_clear_probe,367334596,19,113.0,False
geometry_early_optical_clear_probe,367334596,13,312.2,True
geometry_early_optical_clear_probe,367334596,10,330.2,True
geometry_early_optical_clear_probe,367334596,6,354.2,False
geometry_early_optical_clear_probe,367334596,18,632.4,True
geometry_early_optical_clear_probe,367334596,3,1227.986909750917,True
geometry_early_optical_clear_probe,367334596,15,1516.9819411819494,False
geometry_early_optical_clear_probe,367334596,5,5052.768552273667,True
geometry_early_optical_clear_probe,367334596,14,5269.968552273667,True
geometry_early_optical_clear_probe,367334596,7,5293.968552273667,True
geometry_early_optical_clear_probe,367334596,16,5909.552902513429,True
geometry_early_optical_clear_probe,367334596,20,6283.404611356962,True
geometry_early_optical_clear_probe,1344961067,1,5.0,True
geometry_early_optical_clear_probe,1344961067,4,23.0,False
geometry_early_optical_clear_probe,1344961067,6,35.0,True
geometry_early_optical_clear_probe,1344961067,7,41.0,False
geometry_early_optical_clear_probe,1344961067,10,59.0,True
geometry_early_optical_clear_probe,1344961067,12,71.0,False
geometry_early_optical_clear_probe,1344961067,14,83.0,True
geometry_early_optical_clear_probe,1344961067,20,270.2,True
geometry_early_optical_clear_probe,1344961067,17,1062.874473492052,True
geometry_early_optical_clear_probe,1344961067,16,2207.5766996094258,True
geometry_early_optical_clear_probe,1344961067,3,2255.5766996094258,True
geometry_early_optical_clear_probe,1344961067,9,2527.9284469561835,True
geometry_early_optical_clear_probe,1344961067,13,2545.9284469561835,False
geometry_early_optical_clear_probe,1344961067,11,3114.780719138539,True
geometry_early_optical_clear_probe,1344961067,8,5012.511557874585,True
geometry_early_optical_clear_probe,1530871127,1,5.0,False
geometry_early_optical_clear_probe,1530871127,5,29.0,False
geometry_early_optical_clear_probe,1530871127,13,77.0,True
geometry_early_optical_clear_probe,1530871127,14,83.0,False
geometry_early_optical_clear_probe,1530871127,15,89.0,True
geometry_early_optical_clear_probe,1530871127,18,107.0,False
geometry_early_optical_clear_probe,1530871127,19,276.2,False
geometry_early_optical_clear_probe,1530871127,8,792.0568175989075,True
geometry_early_optical_clear_probe,1530871127,4,998.1424827797692,True
geometry_early_optical_clear_probe,1530871127,3,1389.7900035355701,True
geometry_early_optical_clear_probe,1530871127,2,2274.8100156998703,False
geometry_early_optical_clear_probe,1334738030,2,11.0,True
geometry_early_optical_clear_probe,1334738030,3,17.0,True
geometry_early_optical_clear_probe,1334738030,11,65.0,True
geometry_early_optical_clear_probe,1334738030,14,83.0,False
geometry_early_optical_clear_probe,1334738030,16,95.0,True
geometry_early_optical_clear_probe,1334738030,20,270.2,True
geometry_early_optical_clear_probe,1334738030,5,360.2,False
geometry_early_optical_clear_probe,1334738030,10,518.092923733341,False
geometry_early_optical_clear_probe,1334738030,13,941.821151932628,True
geometry_early_optical_clear_probe,1334738030,18,1142.4111464405698,False
geometry_early_optical_clear_probe,1334738030,9,1178.4111464405698,True
geometry_early_optical_clear_probe,1334738030,1,4012.3005521416408,True
geometry_early_optical_clear_probe,1334738030,15,4060.3005521416408,False
geometry_early_optical_clear_probe,1334738030,17,4066.3005521416408,True
geometry_early_optical_clear_probe,1334738030,8,5250.1064017136105,False
geometry_early_optical_clear_probe,1334738030,12,6675.18428655861,True
geometry_early_optical_clear_probe,2551108792,4,23.0,False
geometry_early_optical_clear_probe,2551108792,6,35.0,True
geometry_early_optical_clear_probe,2551108792,7,41.0,True
geometry_early_optical_clear_probe,2551108792,18,107.0,False
geometry_early_optical_clear_probe,2551108792,19,113.0,True
geometry_early_optical_clear_probe,2551108792,20,119.0,True
geometry_early_optical_clear_probe,2551108792,8,557.6196654594145,False
geometry_early_optical_clear_probe,2551108792,14,713.5394726716983,False
geometry_early_optical_clear_probe,2551108792,3,2738.181777527684,False
geometry_early_optical_clear_probe,2551108792,17,2798.181777527684,True
geometry_early_optical_clear_probe,2551108792,9,3191.505977132698,False
geometry_early_optical_clear_probe,2551108792,10,3197.505977132698,False
geometry_early_optical_clear_probe,2551108792,12,3209.505977132698,False
geometry_early_optical_clear_probe,2551108792,16,3227.505977132698,False
geometry_early_optical_clear_probe,2551108792,13,6063.949880839505,True
geometry_early_optical_clear_probe,478911564,1,5.0,True
geometry_early_optical_clear_probe,478911564,13,77.0,True
geometry_early_optical_clear_probe,478911564,18,107.0,False
geometry_early_optical_clear_probe,478911564,19,113.0,True
geometry_early_optical_clear_probe,478911564,9,336.2,True
geometry_early_optical_clear_probe,478911564,14,1056.0554322135308,True
geometry_early_optical_clear_probe,478911564,16,2014.855432213531,False
geometry_early_optical_clear_probe,478911564,12,2214.055432213531,False
geometry_early_optical_clear_probe,478911564,11,3698.8556162719397,True
geometry_early_optical_clear_probe,478911564,10,4783.573794368434,False
geometry_early_optical_clear_probe,478911564,15,6696.045253302186,True
geometry_early_optical_clear_probe,3997222552,12,71.0,True
geometry_early_optical_clear_probe,3997222552,15,89.0,True
geometry_early_optical_clear_probe,3997222552,18,107.0,False
geometry_early_optical_clear_probe,3997222552,19,113.0,False
geometry_early_optical_clear_probe,3997222552,20,119.0,True
geometry_early_optical_clear_probe,3997222552,4,366.2,True
geometry_early_optical_clear_probe,3997222552,17,1290.6686504828924,True
geometry_early_optical_clear_probe,3997222552,7,1968.7820840940735,False
geometry_early_optical_clear_probe,3997222552,11,2403.182084094073,False
geometry_early_optical_clear_probe,3997222552,10,2409.182084094073,True
geometry_early_optical_clear_probe,3997222552,8,3313.5681062277863,True
geometry_early_optical_clear_probe,1834972838,7,41.0,True
geometry_early_optical_clear_probe,1834972838,11,65.0,True
geometry_early_optical_clear_probe,1834972838,12,71.0,False
geometry_early_optical_clear_probe,1834972838,13,77.0,True
geometry_early_optical_clear_probe,1834972838,18,107.0,False
geometry_early_optical_clear_probe,1834972838,6,354.2,True
geometry_early_optical_clear_probe,1834972838,3,372.2,True
geometry_early_optical_clear_probe,1834972838,1,936.979942265299,False
geometry_early_optical_clear_probe,1834972838,20,1509.3799422652992,False
geometry_early_optical_clear_probe,1834972838,19,1995.8591108426365,True
geometry_early_optical_clear_probe,1834972838,8,3951.978145372682,True
geometry_early_optical_clear_probe,1834972838,4,7215.773938249673,True
geometry_early_optical_clear_probe,946493220,3,17.0,False
geometry_early_optical_clear_probe,946493220,8,47.0,False
geometry_early_optical_clear_probe,946493220,10,59.0,True
geometry_early_optical_clear_probe,946493220,13,77.0,False
geometry_early_optical_clear_probe,946493220,16,95.0,False
geometry_early_optical_clear_probe,946493220,20,119.0,False
geometry_early_optical_clear_probe,946493220,5,360.2,True
geometry_early_optical_clear_probe,946493220,4,366.2,True
geometry_early_optical_clear_probe,946493220,2,378.2,False
geometry_early_optical_clear_probe,946493220,15,670.1478934313193,False
geometry_early_optical_clear_probe,946493220,6,3071.8159224770175,False
geometry_early_optical_clear_probe,946493220,7,4511.106127803173,True
geometry_early_optical_clear_probe,2684168750,4,23.0,False
geometry_early_optical_clear_probe,2684168750,5,29.0,False
geometry_early_optical_clear_probe,2684168750,10,59.0,True
geometry_early_optical_clear_probe,2684168750,11,65.0,True
geometry_early_optical_clear_probe,2684168750,15,89.0,True
geometry_early_optical_clear_probe,2684168750,19,113.0,False
geometry_early_optical_clear_probe,2684168750,20,119.0,False
geometry_early_optical_clear_probe,2684168750,8,342.2,False
geometry_early_optical_clear_probe,2684168750,6,354.2,False
geometry_early_optical_clear_probe,2684168750,1,384.2,True
geometry_early_optical_clear_probe,2684168750,2,1398.2461363468542,True
geometry_early_optical_clear_probe,2684168750,3,1555.4461363468542,False
geometry_early_optical_clear_probe,2684168750,13,1597.4461363468542,True
geometry_early_optical_clear_probe,2684168750,17,1621.4461363468542,False
geometry_early_optical_clear_probe,2684168750,9,3120.746996130249,True
geometry_early_optical_clear_probe,2684168750,16,6458.527956626927,True
geometry_early_optical_clear_probe,3759056627,5,29.0,False
geometry_early_optical_clear_probe,3759056627,8,47.0,True
geometry_early_optical_clear_probe,3759056627,16,294.2,True
geometry_early_optical_clear_probe,3759056627,14,306.2,True
geometry_early_optical_clear_probe,3759056627,9,336.2,True
geometry_early_optical_clear_probe,3759056627,4,366.2,True
geometry_early_optical_clear_probe,3759056627,19,768.4019728427825,False
geometry_early_optical_clear_probe,3759056627,18,774.4019728427825,True
geometry_early_optical_clear_probe,3759056627,12,2230.307362836651,True
geometry_early_optical_clear_probe,3759056627,15,3171.2809662904524,True
geometry_early_optical_clear_probe,3759056627,17,3671.680966290452,True
geometry_early_optical_clear_probe,3759056627,13,5727.696461713116,True
geometry_early_optical_clear_probe,3759056627,3,5763.696461713116,True
geometry_early_optical_clear_probe,14236472,2,11.0,False
geometry_early_optical_clear_probe,14236472,8,47.0,False
geometry_early_optical_clear_probe,14236472,11,65.0,True
geometry_early_optical_clear_probe,14236472,15,300.2,True
geometry_early_optical_clear_probe,14236472,19,621.7077625247589,True
geometry_early_optical_clear_probe,14236472,20,785.9461735375346,True
geometry_early_optical_clear_probe,14236472,13,827.9461735375346,True
geometry_early_optical_clear_probe,14236472,1,893.9461735375346,False
geometry_early_optical_clear_probe,14236472,17,3152.0073145080164,True
geometry_early_optical_clear_probe,14236472,14,3170.0073145080164,True
geometry_early_optical_clear_probe,14236472,7,3405.207314508016,False
geometry_early_optical_clear_probe,14236472,16,3628.407314508016,False
geometry_early_optical_clear_probe,14236472,12,3646.407314508016,True
geometry_early_optical_clear_probe,377584657,2,11.0,False
geometry_early_optical_clear_probe,377584657,5,29.0,False
geometry_early_optical_clear_probe,377584657,8,47.0,True
geometry_early_optical_clear_probe,377584657,14,83.0,False
geometry_early_optical_clear_probe,377584657,16,95.0,False
geometry_early_optical_clear_probe,377584657,4,366.2,True
geometry_early_optical_clear_probe,377584657,12,627.7901008331462,True
geometry_early_optical_clear_probe,377584657,17,657.7901008331462,True
geometry_early_optical_clear_probe,377584657,3,3460.637091947798,False
geometry_early_optical_clear_probe,377584657,6,3931.0370919477978,True
geometry_early_optical_clear_probe,1977906619,7,41.0,True
geometry_early_optical_clear_probe,1977906619,9,53.0,False
geometry_early_optical_clear_probe,1977906619,11,65.0,False
geometry_early_optical_clear_probe,1977906619,18,107.0,False
geometry_early_optical_clear_probe,1977906619,17,288.2,True
geometry_early_optical_clear_probe,1977906619,15,300.2,False
geometry_early_optical_clear_probe,1977906619,16,796.1164858367885,True
geometry_early_optical_clear_probe,1977906619,6,1707.4254746322,False
geometry_early_optical_clear_probe,1977906619,5,2683.4640579868137,True
geometry_early_optical_clear_probe,1977906619,20,2725.4640579868137,True
geometry_early_optical_clear_probe,1977906619,14,3443.7101206733773,True
geometry_early_optical_clear_probe,4058882952,4,23.0,True
geometry_early_optical_clear_probe,4058882952,10,59.0,True
geometry_early_optical_clear_probe,4058882952,11,65.0,False
geometry_early_optical_clear_probe,4058882952,15,89.0,False
geometry_early_optical_clear_probe,4058882952,1,384.2,False
geometry_early_optical_clear_probe,4058882952,16,776.2920190334239,True
geometry_early_optical_clear_probe,4058882952,13,788.2920190334239,False
geometry_early_optical_clear_probe,4058882952,19,1085.3177623207607,False
geometry_early_optical_clear_probe,4058882952,12,2177.202181473576,True
geometry_early_optical_clear_probe,4058882952,5,2207.202181473576,True
geometry_early_optical_clear_probe,4058882952,18,3009.097959374941,True
geometry_early_optical_clear_probe,4058882952,9,3039.097959374941,True
geometry_early_optical_clear_probe,4058882952,7,4700.169368705404,True
geometry_early_optical_clear_probe,2796221247,4,23.0,True
geometry_early_optical_clear_probe,2796221247,8,47.0,True
geometry_early_optical_clear_probe,2796221247,13,77.0,True
geometry_early_optical_clear_probe,2796221247,18,282.2,True
geometry_early_optical_clear_probe,2796221247,16,294.2,False
geometry_early_optical_clear_probe,2796221247,11,1778.2082521078617,False
geometry_early_optical_clear_probe,2796221247,5,1814.2082521078617,False
geometry_early_optical_clear_probe,2796221247,6,2039.3267713478408,False
geometry_early_optical_clear_probe,2796221247,14,2312.7894101696743,True
geometry_early_optical_clear_probe,2796221247,20,2838.880317937705,False
geometry_early_optical_clear_probe,2796221247,1,6168.201598596735,True
geometry_early_optical_clear_probe,2796221247,7,7475.19953335227,True
geometry_early_optical_clear_probe,2378802914,1,5.0,True
geometry_early_optical_clear_probe,2378802914,8,47.0,False
geometry_early_optical_clear_probe,2378802914,12,71.0,False
geometry_early_optical_clear_probe,2378802914,13,77.0,True
geometry_early_optical_clear_probe,2378802914,18,107.0,False
geometry_early_optical_clear_probe,2378802914,5,564.5854216929424,True
geometry_early_optical_clear_probe,2378802914,10,594.5854216929424,False
geometry_early_optical_clear_probe,2378802914,4,1326.3489134658025,True
geometry_early_optical_clear_probe,2378802914,20,2445.784308762145,True
geometry_early_optical_clear_probe,2378802914,14,2981.210136828715,False
geometry_early_optical_clear_probe,2378802914,3,4566.484288750273,False
geometry_early_optical_clear_probe,2378802914,19,5556.552533503586,True
geometry_early_optical_clear_probe,3244781574,5,29.0,False
geometry_early_optical_clear_probe,3244781574,11,65.0,False
geometry_early_optical_clear_probe,3244781574,17,101.0,False
geometry_early_optical_clear_probe,3244781574,16,294.2,False
geometry_early_optical_clear_probe,3244781574,7,348.2,True
geometry_early_optical_clear_probe,3244781574,4,366.2,True
geometry_early_optical_clear_probe,3244781574,6,872.5999999999999,False
geometry_early_optical_clear_probe,3244781574,8,2283.8,False
geometry_early_optical_clear_probe,3244781574,12,2489.0,False
geometry_early_optical_clear_probe,3244781574,18,2519.0,False
geometry_early_optical_clear_probe,3244781574,19,3894.6111896258835,True
geometry_early_optical_clear_probe,3244781574,2,3942.6111896258835,True
geometry_early_optical_clear_probe,3244781574,20,6586.374345628092,True
geometry_early_optical_clear_probe,3244781574,10,7260.380582006788,True
geometry_early_optical_clear_probe,3244781574,1,7498.874285876874,True
geometry_early_optical_clear_probe,1128907219,5,29.0,False
geometry_early_optical_clear_probe,1128907219,6,35.0,False
geometry_early_optical_clear_probe,1128907219,8,47.0,True
geometry_early_optical_clear_probe,1128907219,11,65.0,False
geometry_early_optical_clear_probe,1128907219,12,71.0,False
geometry_early_optical_clear_probe,1128907219,19,113.0,True
geometry_early_optical_clear_probe,1128907219,14,306.2,True
geometry_early_optical_clear_probe,1128907219,7,733.0482229371312,True
geometry_early_optical_clear_probe,1128907219,20,1132.81623140072,False
geometry_early_optical_clear_probe,1128907219,13,1168.81623140072,True
geometry_early_optical_clear_probe,1128907219,16,1497.999529987211,True
geometry_early_optical_clear_probe,1128907219,18,2514.888205833515,False
geometry_early_optical_clear_probe,1128907219,10,2556.888205833515,True
geometry_early_optical_clear_probe,1128907219,9,2562.888205833515,False
geometry_early_optical_clear_probe,1128907219,2,2586.888205833515,False
geometry_early_optical_clear_probe,1128907219,1,4125.198548791783,True
geometry_early_optical_clear_probe,1448158721,6,35.0,False
geometry_early_optical_clear_probe,1448158721,10,59.0,False
geometry_early_optical_clear_probe,1448158721,12,71.0,False
geometry_early_optical_clear_probe,1448158721,16,95.0,False
geometry_early_optical_clear_probe,1448158721,20,119.0,False
geometry_early_optical_clear_probe,1448158721,4,366.2,False
geometry_early_optical_clear_probe,1448158721,2,555.8475831707065,True
geometry_early_optical_clear_probe,1448158721,3,1151.5422321669682,True
geometry_early_optical_clear_probe,1448158721,11,1451.7640670182004,False
geometry_early_optical_clear_probe,1448158721,7,1680.9640670182005,False
geometry_early_optical_clear_probe,1448158721,14,2322.8114374942497,False
geometry_early_optical_clear_probe,2884917297,2,11.0,False
geometry_early_optical_clear_probe,2884917297,8,47.0,True
geometry_early_optical_clear_probe,2884917297,11,65.0,False
geometry_early_optical_clear_probe,2884917297,12,71.0,True
geometry_early_optical_clear_probe,2884917297,18,107.0,False
geometry_early_optical_clear_probe,2884917297,20,270.2,True
geometry_early_optical_clear_probe,2884917297,10,330.2,False
geometry_early_optical_clear_probe,2884917297,4,366.2,True
geometry_early_optical_clear_probe,2884917297,3,1981.4823459884583,True
geometry_early_optical_clear_probe,2884917297,14,3128.0802513423287,True
geometry_early_optical_clear_probe,2214118459,1,5.0,False
geometry_early_optical_clear_probe,2214118459,8,47.0,False
geometry_early_optical_clear_probe,2214118459,9,53.0,False
geometry_early_optical_clear_probe,2214118459,14,83.0,True
geometry_early_optical_clear_probe,2214118459,17,101.0,False
geometry_early_optical_clear_probe,2214118459,18,107.0,False
geometry_early_optical_clear_probe,2214118459,20,119.0,False
geometry_early_optical_clear_probe,2214118459,5,360.2,True
geometry_early_optical_clear_probe,2214118459,3,855.819573426861,False
geometry_early_optical_clear_probe,2214118459,6,1026.8887456944153,True
geometry_early_optical_clear_probe,2214118459,7,1304.0887456944154,True
geometry_early_optical_clear_probe,2214118459,4,2234.7199250308554,False
geometry_early_optical_clear_probe,2214118459,12,3986.0107902198774,False
geometry_early_optical_clear_probe,4039886951,1,5.0,True
geometry_early_optical_clear_probe,4039886951,7,41.0,False
geometry_early_optical_clear_probe,4039886951,8,47.0,False
geometry_early_optical_clear_probe,4039886951,10,59.0,False
geometry_early_optical_clear_probe,4039886951,13,77.0,True
geometry_early_optical_clear_probe,4039886951,16,95.0,False
geometry_early_optical_clear_probe,4039886951,19,113.0,False
geometry_early_optical_clear_probe,4039886951,20,119.0,True
geometry_early_optical_clear_probe,4039886951,5,360.2,False
geometry_early_optical_clear_probe,4039886951,3,547.4,False
geometry_early_optical_clear_probe,4039886951,14,1884.8389167437988,True
geometry_early_optical_clear_probe,4039886951,4,2197.336391103123,False
geometry_early_optical_clear_probe,4039886951,2,2209.336391103123,True
geometry_early_optical_clear_probe,1721537461,1,5.0,False
geometry_early_optical_clear_probe,1721537461,9,53.0,False
geometry_early_optical_clear_probe,1721537461,18,107.0,False
geometry_early_optical_clear_probe,1721537461,19,113.0,False
geometry_early_optical_clear_probe,1721537461,11,1104.8632723173475,True
geometry_early_optical_clear_probe,1721537461,14,1605.2632723173476,True
geometry_early_optical_clear_probe,1721537461,12,3342.9714473102604,True
geometry_early_optical_clear_probe,1721537461,16,3568.1583401744488,False
geometry_early_optical_clear_probe,1721537461,4,3622.1583401744488,True
geometry_early_optical_clear_probe,1721537461,20,3975.2397556212554,True
geometry_early_optical_clear_probe,1721537461,10,5187.082220062434,True
geometry_early_optical_clear_probe,1721537461,13,6747.774386129732,True
geometry_early_optical_clear_probe,2538243783,3,17.0,False
geometry_early_optical_clear_probe,2538243783,7,41.0,True
geometry_early_optical_clear_probe,2538243783,8,47.0,False
geometry_early_optical_clear_probe,2538243783,9,53.0,False
geometry_early_optical_clear_probe,2538243783,10,59.0,True
geometry_early_optical_clear_probe,2538243783,13,77.0,False
geometry_early_optical_clear_probe,2538243783,14,306.2,True
geometry_early_optical_clear_probe,2538243783,17,552.9922423824796,True
geometry_early_optical_clear_probe,2538243783,18,1564.3669909656765,False
geometry_early_optical_clear_probe,2538243783,5,1618.3669909656765,False
geometry_early_optical_clear_probe,2538243783,6,1952.6099098671104,True
geometry_early_optical_clear_probe,2538243783,16,4298.36552070895,True
geometry_early_optical_clear_probe,2538243783,19,4683.1274602930125,True
geometry_early_optical_clear_probe,2538243783,15,4689.1274602930125,True
geometry_early_optical_clear_probe,2538243783,11,5424.342950877689,False
geometry_early_optical_clear_probe,2538243783,2,5436.342950877689,True
geometry_early_optical_clear_probe,1897592480,4,23.0,True
geometry_early_optical_clear_probe,1897592480,9,53.0,True
geometry_early_optical_clear_probe,1897592480,11,65.0,True
geometry_early_optical_clear_probe,1897592480,14,83.0,True
geometry_early_optical_clear_probe,1897592480,15,300.2,True
geometry_early_optical_clear_probe,1897592480,13,312.2,False
geometry_early_optical_clear_probe,1897592480,18,1664.3992206564662,True
geometry_early_optical_clear_probe,1897592480,10,1873.2556567874299,True
geometry_early_optical_clear_probe,1897592480,12,3372.3411732125383,True
geometry_early_optical_clear_probe,1897592480,1,5787.7606532838445,True
geometry_early_optical_clear_probe,1897592480,19,5847.7606532838445,True
geometry_early_optical_clear_probe,1631513109,4,23.0,True
geometry_early_optical_clear_probe,1631513109,7,41.0,False
geometry_early_optical_clear_probe,1631513109,8,47.0,True
geometry_early_optical_clear_probe,1631513109,11,65.0,False
geometry_early_optical_clear_probe,1631513109,14,83.0,True
geometry_early_optical_clear_probe,1631513109,19,276.2,False
geometry_early_optical_clear_probe,1631513109,3,372.2,True
geometry_early_optical_clear_probe,1631513109,1,484.2755477683635,False
geometry_early_optical_clear_probe,1631513109,20,721.9784715718381,True
geometry_early_optical_clear_probe,1631513109,16,2690.8045526564715,True
geometry_early_optical_clear_probe,1631513109,10,4392.01576061929,False
geometry_early_optical_clear_probe,1631513109,17,4844.415760619289,False
geometry_early_optical_clear_probe,1631513109,5,5317.781639371027,True
geometry_early_optical_clear_probe,1631513109,13,5732.6228475116,False
geometry_early_optical_clear_probe,1631513109,15,5950.812773126046,True
geometry_early_optical_clear_probe,2601092433,5,29.0,False
geometry_early_optical_clear_probe,2601092433,12,71.0,False
geometry_early_optical_clear_probe,2601092433,14,83.0,False
geometry_early_optical_clear_probe,2601092433,19,113.0,True
geometry_early_optical_clear_probe,2601092433,18,282.2,True
geometry_early_optical_clear_probe,2601092433,8,342.2,False
geometry_early_optical_clear_probe,2601092433,9,1063.205061165273,True
geometry_early_optical_clear_probe,2601092433,4,1342.6584390527062,False
geometry_early_optical_clear_probe,2601092433,17,1911.834955532117,True
geometry_early_optical_clear_probe,2601092433,16,1917.834955532117,True
geometry_early_optical_clear_probe,2601092433,6,1959.834955532117,True
geometry_early_optical_clear_probe,2601092433,1,1983.834955532117,False
geometry_early_optical_clear_probe,2601092433,13,4405.437412651564,False
geometry_early_optical_clear_probe,2601092433,7,5200.436702524637,True
geometry_early_optical_clear_probe,139401915,16,95.0,False
geometry_early_optical_clear_probe,139401915,18,107.0,False
geometry_early_optical_clear_probe,139401915,9,336.2,True
geometry_early_optical_clear_probe,139401915,1,384.2,True
geometry_early_optical_clear_probe,139401915,4,576.1925052773407,False
geometry_early_optical_clear_probe,139401915,8,600.1925052773407,False
geometry_early_optical_clear_probe,139401915,17,1122.427092509559,True
geometry_early_optical_clear_probe,139401915,6,1363.6270925095591,False
geometry_early_optical_clear_probe,139401915,5,1369.6270925095591,True
geometry_early_optical_clear_probe,139401915,19,1640.8270925095592,True
geometry_early_optical_clear_probe,139401915,10,1767.6511310032176,True
geometry_early_optical_clear_probe,139401915,12,5617.589933113589,True
geometry_early_optical_clear_probe,3804591206,12,71.0,False
geometry_early_optical_clear_probe,3804591206,14,83.0,False
geometry_early_optical_clear_probe,3804591206,16,294.2,False
geometry_early_optical_clear_probe,3804591206,2,378.2,False
geometry_early_optical_clear_probe,3804591206,20,1865.65818314261,True
geometry_early_optical_clear_probe,3804591206,6,3108.6581831426092,False
geometry_early_optical_clear_probe,3804591206,5,3397.858183142609,True
geometry_early_optical_clear_probe,3804591206,9,5387.153850957072,True
geometry_early_optical_clear_probe,3804591206,1,7726.215735668724,True
geometry_early_optical_clear_probe,3804591206,15,7925.415735668724,True
geometry_early_optical_clear_probe,3384063773,2,11.0,False
geometry_early_optical_clear_probe,3384063773,14,83.0,True
geometry_early_optical_clear_probe,3384063773,15,89.0,False
geometry_early_optical_clear_probe,3384063773,16,95.0,True
geometry_early_optical_clear_probe,3384063773,20,119.0,True
geometry_early_optical_clear_probe,3384063773,18,282.2,True
geometry_early_optical_clear_probe,3384063773,4,366.2,False
geometry_early_optical_clear_probe,3384063773,8,801.3306752880515,True
geometry_early_optical_clear_probe,3384063773,10,1741.8328488476093,True
geometry_early_optical_clear_probe,3384063773,13,1759.8328488476093,True
geometry_early_optical_clear_probe,3384063773,17,1765.8328488476093,False
geometry_early_optical_clear_probe,3384063773,1,2007.0328488476093,False
geometry_early_optical_clear_probe,3708848194,2,11.0,False
geometry_early_optical_clear_probe,3708848194,12,71.0,False
geometry_early_optical_clear_probe,3708848194,13,77.0,False
geometry_early_optical_clear_probe,3708848194,18,107.0,False
geometry_early_optical_clear_probe,3708848194,3,557.5111551211405,False
geometry_early_optical_clear_probe,3708848194,15,623.5111551211405,False
geometry_early_optical_clear_probe,3708848194,9,997.7616419663058,True
geometry_early_optical_clear_probe,3708848194,7,1268.961641966306,False
geometry_early_optical_clear_probe,3708848194,4,1286.961641966306,False
geometry_early_optical_clear_probe,3708848194,5,1456.161641966306,False
geometry_early_optical_clear_probe,3708848194,17,1510.161641966306,False
geometry_early_optical_clear_probe,3708848194,20,1528.161641966306,True
geometry_early_optical_clear_probe,3708848194,1,5259.436655206923,False
geometry_early_optical_clear_probe,3708848194,8,5851.036655206923,True
geometry_early_optical_clear_probe,3708848194,16,5875.036655206923,True
geometry_early_optical_clear_probe,3295248265,6,35.0,False
geometry_early_optical_clear_probe,3295248265,8,47.0,True
geometry_early_optical_clear_probe,3295248265,16,95.0,False
geometry_early_optical_clear_probe,3295248265,20,270.2,False
geometry_early_optical_clear_probe,3295248265,19,276.2,False
geometry_early_optical_clear_probe,3295248265,13,312.2,True
geometry_early_optical_clear_probe,3295248265,7,348.2,False
geometry_early_optical_clear_probe,3295248265,11,607.8636919065508,False
geometry_early_optical_clear_probe,3295248265,9,1566.1575404134503,False
geometry_early_optical_clear_probe,3295248265,1,1602.1575404134503,True
geometry_early_optical_clear_probe,3295248265,3,1711.8286849358478,False
geometry_early_optical_clear_probe,3295248265,5,2693.094607584031,True
geometry_early_optical_clear_probe,3295248265,17,2904.294607584031,True
geometry_early_optical_clear_probe,3295248265,14,2916.294607584031,False
geometry_early_optical_clear_probe,3295248265,12,3237.3085396666584,True
geometry_early_optical_clear_probe,3295248265,10,6070.061374249331,True
geometry_early_optical_clear_probe,832479319,3,17.0,False
geometry_early_optical_clear_probe,832479319,4,23.0,False
geometry_early_optical_clear_probe,832479319,11,65.0,True
geometry_early_optical_clear_probe,832479319,12,71.0,True
geometry_early_optical_clear_probe,832479319,16,95.0,False
geometry_early_optical_clear_probe,832479319,14,306.2,False
geometry_early_optical_clear_probe,832479319,1,384.2,True
geometry_early_optical_clear_probe,832479319,9,571.915567994355,False
geometry_early_optical_clear_probe,832479319,10,577.915567994355,False
geometry_early_optical_clear_probe,832479319,19,1650.6028083153694,False
geometry_early_optical_clear_probe,832479319,7,2049.0028083153693,False
geometry_early_optical_clear_probe,832479319,2,2314.202808315369,False
geometry_early_optical_clear_probe,832479319,6,3218.5155054387046,True
geometry_early_optical_clear_probe,3871170189,14,83.0,False
geometry_early_optical_clear_probe,3871170189,20,270.2,True
geometry_early_optical_clear_probe,3871170189,18,282.2,True
geometry_early_optical_clear_probe,3871170189,4,900.5238569552657,True
geometry_early_optical_clear_probe,3871170189,1,918.5238569552657,True
geometry_early_optical_clear_probe,3871170189,2,1627.791476586339,True
geometry_early_optical_clear_probe,3871170189,11,1844.991476586339,True
geometry_early_optical_clear_probe,3871170189,12,3634.972040167625,True
geometry_early_optical_clear_probe,3871170189,10,3882.172040167625,True
geometry_early_optical_clear_probe,3871170189,3,4332.299078534358,True
geometry_early_optical_clear_probe,3871170189,5,4501.499078534358,False
geometry_early_optical_clear_probe,3871170189,15,5108.924906600928,True
geometry_early_optical_clear_probe,942270366,1,5.0,False
geometry_early_optical_clear_probe,942270366,4,23.0,False
geometry_early_optical_clear_probe,942270366,5,29.0,False
geometry_early_optical_clear_probe,942270366,9,53.0,False
geometry_early_optical_clear_probe,942270366,10,59.0,False
geometry_early_optical_clear_probe,942270366,14,83.0,False
geometry_early_optical_clear_probe,942270366,19,113.0,False
geometry_early_optical_clear_probe,942270366,15,300.2,True
geometry_early_optical_clear_probe,942270366,8,342.2,True
geometry_early_optical_clear_probe,942270366,3,590.1798680702994,False
geometry_early_optical_clear_probe,942270366,18,1329.6345576005613,True
geometry_early_optical_clear_probe,942270366,2,1558.8345576005613,False
geometry_early_optical_clear_probe,942270366,13,1783.2140474671703,True
geometry_early_optical_clear_probe,942270366,16,4246.5639859407165,False
geometry_early_optical_clear_probe,2846990856,12,71.0,True
geometry_early_optical_clear_probe,2846990856,15,89.0,False
geometry_early_optical_clear_probe,2846990856,18,282.2,True
geometry_early_optical_clear_probe,2846990856,17,288.2,True
geometry_early_optical_clear_probe,2846990856,2,541.4,False
geometry_early_optical_clear_probe,2846990856,5,559.4,True
geometry_early_optical_clear_probe,2846990856,13,807.8507869785949,True
geometry_early_optical_clear_probe,2846990856,8,831.8507869785949,True
geometry_early_optical_clear_probe,2846990856,1,1014.7465442125606,True
geometry_early_optical_clear_probe,2846990856,11,2809.6113242077677,False
geometry_early_optical_clear_probe,2846990856,6,2833.6113242077677,False
geometry_early_optical_clear_probe,2846990856,4,3060.370644408383,False
geometry_early_optical_clear_probe,2846990856,10,4307.229950038939,True
geometry_early_optical_clear_probe,2846990856,7,4319.229950038939,True
geometry_early_optical_clear_probe,2846990856,16,4531.595486378842,True
geometry_early_optical_clear_probe,2846990856,19,5205.389153801223,True
geometry_early_optical_clear_probe,1161978510,11,65.0,False
geometry_early_optical_clear_probe,1161978510,16,95.0,False
geometry_early_optical_clear_probe,1161978510,17,101.0,False
geometry_early_optical_clear_probe,1161978510,12,318.2,True
geometry_early_optical_clear_probe,1161978510,8,506.1913831597898,True
geometry_early_optical_clear_probe,1161978510,2,1244.2693895548591,True
geometry_early_optical_clear_probe,1161978510,5,1425.4693895548592,False
geometry_early_optical_clear_probe,1161978510,13,1461.4693895548592,False
geometry_early_optical_clear_probe,1161978510,4,1841.8280603127428,False
geometry_early_optical_clear_probe,1161978510,10,2047.0280603127428,False
geometry_early_optical_clear_probe,1161978510,15,2065.028060312743,True
geometry_early_optical_clear_probe,1161978510,19,2237.242408366449,True
geometry_early_optical_clear_probe,1161978510,18,3027.9007400594874,True
geometry_early_optical_clear_probe,1161978510,1,4374.823326802131,False
geometry_early_optical_clear_probe,3982523010,1,5.0,False
geometry_early_optical_clear_probe,3982523010,4,23.0,False
geometry_early_optical_clear_probe,3982523010,5,29.0,False
geometry_early_optical_clear_probe,3982523010,7,41.0,False
geometry_early_optical_clear_probe,3982523010,11,65.0,False
geometry_early_optical_clear_probe,3982523010,16,95.0,True
geometry_early_optical_clear_probe,3982523010,19,113.0,True
geometry_early_optical_clear_probe,3982523010,2,378.2,True
geometry_early_optical_clear_probe,3982523010,8,532.2861553268409,True
geometry_early_optical_clear_probe,3982523010,10,2265.375770878265,True
geometry_early_optical_clear_probe,3982523010,18,2699.7757708782647,False
geometry_early_optical_clear_probe,3982523010,15,2711.7757708782647,False
geometry_early_optical_clear_probe,3982523010,6,2753.7757708782647,True
geometry_early_optical_clear_probe,3982523010,3,3326.6687160841993,True
geometry_early_optical_clear_probe,3982523010,12,4079.2258512291432,False
geometry_early_optical_clear_probe,3982523010,13,6213.905052277585,True
geometry_early_optical_clear_probe,3529923839,2,11.0,False
geometry_early_optical_clear_probe,3529923839,7,41.0,False
geometry_early_optical_clear_probe,3529923839,13,77.0,False
geometry_early_optical_clear_probe,3529923839,19,276.2,True
geometry_early_optical_clear_probe,3529923839,12,318.2,True
geometry_early_optical_clear_probe,3529923839,6,2460.8744715714492,True
geometry_early_optical_clear_probe,3529923839,4,2472.8744715714492,True
geometry_early_optical_clear_probe,3529923839,16,2895.274471571449,True
geometry_early_optical_clear_probe,3529923839,1,4998.138597544215,True
geometry_early_optical_clear_probe,3529923839,10,6342.3960571788375,True
geometry_early_optical_clear_probe,3945087182,1,5.0,False
geometry_early_optical_clear_probe,3945087182,3,17.0,False
geometry_early_optical_clear_probe,3945087182,5,29.0,False
geometry_early_optical_clear_probe,3945087182,9,53.0,True
geometry_early_optical_clear_probe,3945087182,10,59.0,False
geometry_early_optical_clear_probe,3945087182,12,71.0,False
geometry_early_optical_clear_probe,3945087182,17,101.0,False
geometry_early_optical_clear_probe,3945087182,15,300.2,True
geometry_early_optical_clear_probe,3945087182,4,979.3441511753272,True
geometry_early_optical_clear_probe,3945087182,18,1392.7187632551681,True
geometry_early_optical_clear_probe,3945087182,6,3825.745419339517,False
geometry_early_optical_clear_probe,3945087182,19,4042.945419339517,True
geometry_early_optical_clear_probe,3945087182,20,4305.334368284336,True
geometry_early_optical_clear_probe,4192284297,2,11.0,True
geometry_early_optical_clear_probe,4192284297,15,89.0,False
geometry_early_optical_clear_probe,4192284297,18,107.0,False
geometry_early_optical_clear_probe,4192284297,20,119.0,False
geometry_early_optical_clear_probe,4192284297,5,559.4,True
geometry_early_optical_clear_probe,4192284297,19,2915.439729433374,True
geometry_early_optical_clear_probe,4192284297,14,4926.257759568289,False
geometry_early_optical_clear_probe,4192284297,8,4962.257759568289,False
geometry_early_optical_clear_probe,4192284297,6,5441.172757876947,False
geometry_early_optical_clear_probe,4192284297,3,5989.893426378184,True
geometry_early_optical_clear_probe,4192284297,4,5995.893426378184,True
geometry_early_optical_clear_probe,4192284297,13,6670.948289702746,False
geometry_early_optical_clear_probe,3677352282,1,5.0,False
geometry_early_optical_clear_probe,3677352282,2,11.0,True
geometry_early_optical_clear_probe,3677352282,3,17.0,False
geometry_early_optical_clear_probe,3677352282,7,41.0,False
geometry_early_optical_clear_probe,3677352282,8,47.0,True
geometry_early_optical_clear_probe,3677352282,11,65.0,False
geometry_early_optical_clear_probe,3677352282,12,71.0,False
geometry_early_optical_clear_probe,3677352282,14,83.0,True
geometry_early_optical_clear_probe,3677352282,15,89.0,False
geometry_early_optical_clear_probe,3677352282,19,276.2,False
geometry_early_optical_clear_probe,3677352282,18,282.2,False
geometry_early_optical_clear_probe,3677352282,17,619.4,True
geometry_early_optical_clear_probe,3677352282,5,1447.8890760456463,True
geometry_early_optical_clear_probe,3677352282,6,1968.7433249245423,False
geometry_early_optical_clear_probe,3677352282,16,2527.110026883779,True
geometry_early_optical_clear_probe,3677352282,9,5247.163745569534,False
geometry_early_optical_clear_probe,1093621944,2,11.0,True
geometry_early_optical_clear_probe,1093621944,10,59.0,True
geometry_early_optical_clear_probe,1093621944,11,65.0,True
geometry_early_optical_clear_probe,1093621944,18,107.0,False
geometry_early_optical_clear_probe,1093621944,3,547.4,False
geometry_early_optical_clear_probe,1093621944,8,836.7181681476478,True
geometry_early_optical_clear_probe,1093621944,20,1074.4885411910063,True
geometry_early_optical_clear_probe,1093621944,7,2572.703294953699,False
geometry_early_optical_clear_probe,1093621944,15,3884.0325858150245,False
geometry_early_optical_clear_probe,1093621944,12,4344.3245433541215,True
geometry_early_optical_clear_probe,1093621944,13,4350.3245433541215,True
geometry_early_optical_clear_probe,1093621944,4,4558.308890937421,True
geometry_early_optical_clear_probe,1093621944,5,7473.503386036912,True
geometry_early_optical_clear_probe,1765367673,7,41.0,True
geometry_early_optical_clear_probe,1765367673,9,53.0,True
geometry_early_optical_clear_probe,1765367673,18,107.0,True
geometry_early_optical_clear_probe,1765367673,19,276.2,True
geometry_early_optical_clear_probe,1765367673,2,541.4,True
geometry_early_optical_clear_probe,1765367673,13,601.4,False
geometry_early_optical_clear_probe,1765367673,4,1257.30353039083,True
geometry_early_optical_clear_probe,1765367673,16,2493.30353039083,False
geometry_early_optical_clear_probe,1765367673,15,2686.50353039083,False
geometry_early_optical_clear_probe,1765367673,8,6485.976433029818,True
geometry_early_optical_clear_probe,1357374390,3,17.0,False
geometry_early_optical_clear_probe,1357374390,5,29.0,True
geometry_early_optical_clear_probe,1357374390,14,83.0,False
geometry_early_optical_clear_probe,1357374390,18,107.0,True
geometry_early_optical_clear_probe,1357374390,19,113.0,True
geometry_early_optical_clear_probe,1357374390,8,565.4,True
geometry_early_optical_clear_probe,1357374390,13,756.7682397291263,True
geometry_early_optical_clear_probe,1357374390,15,1145.005357401891,False
geometry_early_optical_clear_probe,1357374390,4,1727.1381689026493,True
geometry_early_optical_clear_probe,1357374390,16,4018.93421903572,True
geometry_early_optical_clear_probe,1357374390,9,4682.53421903572,False
geometry_early_optical_clear_probe,1357374390,7,7109.590036308392,True
geometry_early_optical_clear_probe,97559308,6,35.0,True
geometry_early_optical_clear_probe,97559308,9,53.0,False
geometry_early_optical_clear_probe,97559308,16,95.0,True
geometry_early_optical_clear_probe,97559308,19,113.0,True
geometry_early_optical_clear_probe,97559308,20,119.0,False
geometry_early_optical_clear_probe,97559308,15,300.2,False
geometry_early_optical_clear_probe,97559308,2,378.2,True
geometry_early_optical_clear_probe,97559308,4,553.4,True
geometry_early_optical_clear_probe,97559308,10,1776.6957103365523,True
geometry_early_optical_clear_probe,97559308,7,1794.6957103365523,True
geometry_early_optical_clear_probe,97559308,1,1824.6957103365523,True
geometry_early_optical_clear_probe,97559308,17,2576.5570102788324,False
geometry_early_optical_clear_probe,97559308,8,2624.5570102788324,True
geometry_early_optical_clear_probe,97559308,12,2853.7570102788322,True
geometry_early_optical_clear_probe,97559308,5,4768.3576630180605,True
geometry_early_optical_clear_probe,2001737178,10,59.0,False
geometry_early_optical_clear_probe,2001737178,13,77.0,False
geometry_early_optical_clear_probe,2001737178,18,107.0,True
geometry_early_optical_clear_probe,2001737178,17,810.4279011642917,False
geometry_early_optical_clear_probe,2001737178,15,822.4279011642917,False
geometry_early_optical_clear_probe,2001737178,9,846.4279011642917,True
geometry_early_optical_clear_probe,2001737178,7,858.4279011642917,True
geometry_early_optical_clear_probe,2001737178,6,864.4279011642917,True
geometry_early_optical_clear_probe,2001737178,5,1476.3791042090772,True
geometry_early_optical_clear_probe,2001737178,1,2420.123204820546,False
geometry_early_optical_clear_probe,2001737178,2,3916.523204820545,True
geometry_early_optical_clear_probe,657938026,5,29.0,True
geometry_early_optical_clear_probe,657938026,11,65.0,True
geometry_early_optical_clear_probe,657938026,13,77.0,False
geometry_early_optical_clear_probe,657938026,14,83.0,True
geometry_early_optical_clear_probe,657938026,18,107.0,True
geometry_early_optical_clear_probe,657938026,8,342.2,False
geometry_early_optical_clear_probe,657938026,2,378.2,True
geometry_early_optical_clear_probe,657938026,9,2593.2616730492487,True
geometry_early_optical_clear_probe,657938026,1,4590.813598443859,True
geometry_early_optical_clear_probe,657938026,6,4614.813598443859,True
geometry_early_optical_clear_probe,657938026,20,4668.813598443859,False
geometry_early_optical_clear_probe,657938026,17,5314.12459239113,True
geometry_early_optical_clear_probe,657938026,16,5567.32459239113,True
geometry_early_optical_clear_probe,3299175412,1,5.0,True
geometry_early_optical_clear_probe,3299175412,6,35.0,True
geometry_early_optical_clear_probe,3299175412,7,41.0,False
geometry_early_optical_clear_probe,3299175412,12,71.0,False
geometry_early_optical_clear_probe,3299175412,19,276.2,False
geometry_early_optical_clear_probe,3299175412,18,282.2,True
geometry_early_optical_clear_probe,3299175412,11,324.2,False
geometry_early_optical_clear_probe,3299175412,3,372.2,False
geometry_early_optical_clear_probe,3299175412,8,1026.016197893111,True
geometry_early_optical_clear_probe,3299175412,10,2586.287897339052,True
geometry_early_optical_clear_probe,3299175412,9,3074.2092030561557,True
geometry_early_optical_clear_probe,3299175412,16,4449.291700922141,True
geometry_early_optical_clear_probe,3299175412,17,4455.291700922141,False
geometry_early_optical_clear_probe,3299175412,13,5456.450031366157,True
geometry_early_optical_clear_probe,3299175412,5,6975.328034190001,True
geometry_early_optical_clear_probe,2470799394,1,5.0,False
geometry_early_optical_clear_probe,2470799394,2,11.0,True
geometry_early_optical_clear_probe,2470799394,8,47.0,False
geometry_early_optical_clear_probe,2470799394,12,71.0,False
geometry_early_optical_clear_probe,2470799394,14,83.0,False
geometry_early_optical_clear_probe,2470799394,20,119.0,False
geometry_early_optical_clear_probe,2470799394,19,276.2,False
geometry_early_optical_clear_probe,2470799394,9,336.2,True
geometry_early_optical_clear_probe,2470799394,7,348.2,True
geometry_early_optical_clear_probe,2470799394,3,372.2,False
geometry_early_optical_clear_probe,2470799394,13,2584.990461992903,True
geometry_early_optical_clear_probe,2470799394,6,3182.388062253452,False
geometry_early_optical_clear_probe,2470799394,4,3644.234819363383,True
geometry_early_optical_clear_probe,3307305861,7,41.0,False
geometry_early_optical_clear_probe,3307305861,8,342.2,True
geometry_early_optical_clear_probe,3307305861,3,372.2,False
geometry_early_optical_clear_probe,3307305861,1,535.4,True
geometry_early_optical_clear_probe,3307305861,6,2922.6445348684574,False
geometry_early_optical_clear_probe,3307305861,5,4520.332731896175,False
geometry_early_optical_clear_probe,3307305861,10,5931.532731896174,True
geometry_early_optical_clear_probe,3307305861,18,5979.532731896174,False
geometry_early_optical_clear_probe,3307305861,20,5991.532731896174,True
geometry_early_optical_clear_probe,3307305861,16,6166.732731896173,False
geometry_early_optical_clear_probe,2016826744,1,5.0,False
geometry_early_optical_clear_probe,2016826744,3,17.0,False
geometry_early_optical_clear_probe,2016826744,5,29.0,False
geometry_early_optical_clear_probe,2016826744,9,53.0,True
geometry_early_optical_clear_probe,2016826744,12,71.0,True
geometry_early_optical_clear_probe,2016826744,4,548.4,False
geometry_early_optical_clear_probe,2016826744,17,1615.2,True
geometry_early_optical_clear_probe,2016826744,19,3584.8841181208313,True
geometry_early_optical_clear_probe,2016826744,15,3602.8841181208313,True
geometry_early_optical_clear_probe,2016826744,20,3892.084118120831,True
geometry_early_optical_clear_probe,2016826744,11,4085.284118120831,False
geometry_early_optical_clear_probe,2016826744,10,4537.684118120831,True
geometry_early_optical_clear_probe,2016826744,8,4696.3604351763515,True
geometry_early_optical_clear_probe,2016826744,18,6171.812584587901,True
geometry_early_optical_clear_probe,895581073,8,47.0,False
geometry_early_optical_clear_probe,895581073,10,59.0,False
geometry_early_optical_clear_probe,895581073,11,65.0,False
geometry_early_optical_clear_probe,895581073,12,71.0,False
geometry_early_optical_clear_probe,895581073,14,83.0,False
geometry_early_optical_clear_probe,895581073,15,89.0,False
geometry_early_optical_clear_probe,895581073,18,107.0,False
geometry_early_optical_clear_probe,895581073,19,113.0,True
geometry_early_optical_clear_probe,895581073,7,348.2,False
geometry_early_optical_clear_probe,895581073,20,764.9014862791174,False
geometry_early_optical_clear_probe,895581073,17,1025.3642861555827,False
geometry_early_optical_clear_probe,895581073,6,3729.587450708628,True
geometry_early_optical_clear_probe,663632541,1,5.0,False
geometry_early_optical_clear_probe,663632541,6,35.0,False
geometry_early_optical_clear_probe,663632541,12,71.0,False
geometry_early_optical_clear_probe,663632541,17,101.0,False
geometry_early_optical_clear_probe,663632541,15,300.2,True
geometry_early_optical_clear_probe,663632541,7,803.2272332170915,True
geometry_early_optical_clear_probe,663632541,19,1192.3556592753841,False
geometry_early_optical_clear_probe,663632541,11,1228.3556592753841,True
geometry_early_optical_clear_probe,663632541,8,1246.3556592753841,True
geometry_early_optical_clear_probe,663632541,18,3846.3659456610044,True
geometry_early_optical_clear_probe,663632541,9,3882.3659456610044,True
geometry_early_optical_clear_probe,663632541,13,4488.30520682998,True
geometry_early_optical_clear_probe,663632541,5,4693.50520682998,True
geometry_early_optical_clear_probe,663632541,20,4741.50520682998,False
geometry_early_optical_clear_probe,663632541,10,5240.647555207238,False
geometry_early_optical_clear_probe,663632541,4,6988.990749605458,True
geometry_early_optical_clear_probe,1568093183,2,11.0,False
geometry_early_optical_clear_probe,1568093183,3,17.0,False
geometry_early_optical_clear_probe,1568093183,6,35.0,True
geometry_early_optical_clear_probe,1568093183,10,59.0,False
geometry_early_optical_clear_probe,1568093183,13,77.0,True
geometry_early_optical_clear_probe,1568093183,18,282.2,True
geometry_early_optical_clear_probe,1568093183,11,324.2,True
geometry_early_optical_clear_probe,1568093183,19,1116.312185905572,False
geometry_early_optical_clear_probe,1568093183,12,1152.312185905572,False
geometry_early_optical_clear_probe,1568093183,20,1580.7121859055721,True
geometry_early_optical_clear_probe,1568093183,17,2376.7424413031613,True
geometry_early_optical_clear_probe,1568093183,4,4744.70960402631,False
geometry_early_optical_clear_probe,1568093183,14,4943.90960402631,True
geometry_early_optical_clear_probe,3942403703,3,17.0,True
geometry_early_optical_clear_probe,3942403703,11,65.0,False
geometry_early_optical_clear_probe,3942403703,12,71.0,False
geometry_early_optical_clear_probe,3942403703,17,101.0,False
geometry_early_optical_clear_probe,3942403703,19,768.7909754267326,False
geometry_early_optical_clear_probe,3942403703,9,822.7909754267326,False
geometry_early_optical_clear_probe,3942403703,16,1572.9106185500657,True
geometry_early_optical_clear_probe,3942403703,18,1760.1106185500657,False
geometry_early_optical_clear_probe,3942403703,13,1790.1106185500657,True
geometry_early_optical_clear_probe,3942403703,20,5894.0531464555515,True
geometry_early_optical_clear_probe,3942403703,1,6565.975853226485,True
geometry_early_optical_clear_probe,1478915520,5,29.0,True
geometry_early_optical_clear_probe,1478915520,8,47.0,True
geometry_early_optical_clear_probe,1478915520,10,59.0,False
geometry_early_optical_clear_probe,1478915520,16,95.0,False
geometry_early_optical_clear_probe,1478915520,7,348.2,False
geometry_early_optical_clear_probe,1478915520,17,808.5178228383355,True
geometry_early_optical_clear_probe,1478915520,15,820.5178228383355,False
geometry_early_optical_clear_probe,1478915520,2,886.5178228383355,True
geometry_early_optical_clear_probe,1478915520,18,1229.7291231155948,True
geometry_early_optical_clear_probe,1478915520,3,1927.6976822412742,True
geometry_early_optical_clear_probe,1478915520,11,3609.502024846969,True
geometry_early_optical_clear_probe,1478915520,6,4881.820372643155,True
geometry_early_optical_clear_probe,1478915520,19,4923.820372643155,False
geometry_early_optical_clear_probe,1478915520,1,6028.395515751708,True
geometry_early_optical_clear_probe,1478915520,14,6201.802570613233,True
geometry_early_optical_clear_probe,1478915520,12,7540.227528201443,True
geometry_early_optical_clear_probe,2891644577,5,29.0,False
geometry_early_optical_clear_probe,2891644577,9,53.0,False
geometry_early_optical_clear_probe,2891644577,15,89.0,False
geometry_early_optical_clear_probe,2891644577,17,101.0,False
geometry_early_optical_clear_probe,2891644577,14,306.2,True
geometry_early_optical_clear_probe,2891644577,11,324.2,False
geometry_early_optical_clear_probe,2891644577,10,330.2,False
geometry_early_optical_clear_probe,2891644577,7,348.2,True
geometry_early_optical_clear_probe,2891644577,18,638.2083773487936,False
geometry_early_optical_clear_probe,2891644577,12,1170.8739474478105,True
geometry_early_optical_clear_probe,2891644577,2,1448.0739474478105,True
geometry_early_optical_clear_probe,2891644577,13,1673.5061863507112,True
geometry_early_optical_clear_probe,2891644577,20,2471.5781558538797,True
geometry_early_optical_clear_probe,2891644577,4,3738.4629436687824,True
geometry_early_optical_clear_probe,2891644577,3,4966.209499498587,True
geometry_early_optical_clear_probe,4216740406,2,11.0,False
geometry_early_optical_clear_probe,4216740406,8,47.0,False
geometry_early_optical_clear_probe,4216740406,14,306.2,True
geometry_early_optical_clear_probe,4216740406,1,384.2,True
geometry_early_optical_clear_probe,4216740406,16,630.1063288206988,False
geometry_early_optical_clear_probe,4216740406,17,823.3063288206988,True
geometry_early_optical_clear_probe,4216740406,20,1813.106328820699,False
geometry_early_optical_clear_probe,4216740406,19,1819.106328820699,True
geometry_early_optical_clear_probe,4216740406,4,1897.106328820699,False
geometry_early_optical_clear_probe,4216740406,3,2682.885006086315,False
geometry_early_optical_clear_probe,4216740406,18,4847.338624073685,True
geometry_early_optical_clear_probe,4216740406,10,5082.538624073685,True
geometry_early_optical_clear_probe,4216740406,5,5687.497885766201,False
geometry_early_optical_clear_probe,4216740406,12,6824.040823602194,True
geometry_early_optical_clear_probe,4073769024,10,59.0,False
geometry_early_optical_clear_probe,4073769024,16,95.0,True
geometry_early_optical_clear_probe,4073769024,18,107.0,False
geometry_early_optical_clear_probe,4073769024,7,872.5999999999999,True
geometry_early_optical_clear_probe,4073769024,5,884.5999999999999,False
geometry_early_optical_clear_probe,4073769024,11,1119.8,False
geometry_early_optical_clear_probe,4073769024,15,1343.0,False
geometry_early_optical_clear_probe,4073769024,9,1890.0809417320083,False
geometry_early_optical_clear_probe,4073769024,1,4191.370518973901,True
geometry_early_optical_clear_probe,4073769024,17,5663.993325646999,True
geometry_early_optical_clear_probe,3654673381,5,29.0,True
geometry_early_optical_clear_probe,3654673381,13,77.0,False
geometry_early_optical_clear_probe,3654673381,17,101.0,True
geometry_early_optical_clear_probe,3654673381,19,113.0,True
geometry_early_optical_clear_probe,3654673381,20,119.0,False
geometry_early_optical_clear_probe,3654673381,16,294.2,True
geometry_early_optical_clear_probe,3654673381,14,306.2,False
geometry_early_optical_clear_probe,3654673381,15,1170.6143429334952,True
geometry_early_optical_clear_probe,3654673381,10,2047.8790407328654,True
geometry_early_optical_clear_probe,3654673381,11,4388.327140063476,True
geometry_early_optical_clear_probe,3654673381,18,4551.527140063476,False
geometry_early_optical_clear_probe,3654673381,8,4575.527140063476,True
geometry_early_optical_clear_probe,3654673381,7,5003.927140063475,False
geometry_early_optical_clear_probe,3654673381,1,5033.927140063475,False
geometry_early_optical_clear_probe,3654673381,4,5698.27606934072,True
geometry_early_optical_clear_probe,1037824275,4,23.0,False
geometry_early_optical_clear_probe,1037824275,13,77.0,True
geometry_early_optical_clear_probe,1037824275,18,107.0,False
geometry_early_optical_clear_probe,1037824275,17,782.5658052070029,True
geometry_early_optical_clear_probe,1037824275,19,1214.5659256994961,False
geometry_early_optical_clear_probe,1037824275,3,1456.6091609814493,True
geometry_early_optical_clear_probe,1037824275,11,1981.0091609814494,True
geometry_early_optical_clear_probe,1037824275,16,3097.0091609814485,True
geometry_early_optical_clear_probe,1037824275,14,3852.1943310839474,True
geometry_early_optical_clear_probe,1037824275,20,3870.1943310839474,False
geometry_early_optical_clear_probe,2297163332,1,5.0,False
geometry_early_optical_clear_probe,2297163332,2,11.0,False
geometry_early_optical_clear_probe,2297163332,11,65.0,True
geometry_early_optical_clear_probe,2297163332,16,95.0,False
geometry_early_optical_clear_probe,2297163332,17,101.0,True
geometry_early_optical_clear_probe,2297163332,19,113.0,True
geometry_early_optical_clear_probe,2297163332,14,306.2,True
geometry_early_optical_clear_probe,2297163332,5,595.7569939913326,True
geometry_early_optical_clear_probe,2297163332,3,871.931707414824,False
geometry_early_optical_clear_probe,2297163332,9,1089.9014086661098,False
geometry_early_optical_clear_probe,2297163332,12,1590.3014086661099,True
geometry_early_optical_clear_probe,2297163332,6,1843.50140866611,False
geometry_early_optical_clear_probe,2297163332,4,2006.70140866611,True
geometry_early_optical_clear_probe,370546782,3,17.0,False
geometry_early_optical_clear_probe,370546782,8,47.0,False
geometry_early_optical_clear_probe,370546782,9,53.0,True
geometry_early_optical_clear_probe,370546782,12,71.0,False
geometry_early_optical_clear_probe,370546782,15,89.0,True
geometry_early_optical_clear_probe,370546782,19,113.0,True
geometry_early_optical_clear_probe,370546782,17,288.2,True
geometry_early_optical_clear_probe,370546782,10,330.2,False
geometry_early_optical_clear_probe,370546782,5,360.2,True
geometry_early_optical_clear_probe,370546782,13,996.9769427434578,True
geometry_early_optical_clear_probe,370546782,20,3173.220066722965,True
geometry_early_optical_clear_probe,370546782,11,3215.220066722965,False
geometry_early_optical_clear_probe,370546782,7,3227.220066722965,True
geometry_early_optical_clear_probe,370546782,6,3679.2454663021717,True
geometry_early_optical_clear_probe,370546782,1,3697.2454663021717,True
geometry_early_optical_clear_probe,370546782,16,3890.4454663021716,True
geometry_early_optical_clear_probe,1069723372,6,35.0,True
geometry_early_optical_clear_probe,1069723372,8,47.0,False
geometry_early_optical_clear_probe,1069723372,9,336.2,False
geometry_early_optical_clear_probe,1069723372,13,1138.8737310106512,True
geometry_early_optical_clear_probe,1069723372,15,1150.8737310106512,False
geometry_early_optical_clear_probe,1069723372,20,1332.0737310106513,False
geometry_early_optical_clear_probe,1069723372,10,1392.0737310106513,False
geometry_early_optical_clear_probe,1069723372,17,2388.178835313627,True
geometry_early_optical_clear_probe,1069723372,2,2635.8127975005746,False
geometry_early_optical_clear_probe,1069723372,5,2653.8127975005746,False
geometry_early_optical_clear_probe,1069723372,11,2671.8127975005746,False
geometry_early_optical_clear_probe,1069723372,16,2695.8127975005746,False
geometry_early_optical_clear_probe,1069723372,7,2857.937360547373,True
geometry_early_optical_clear_probe,1069723372,18,4072.963904995375,False
geometry_early_optical_clear_probe,2957938581,2,11.0,False
geometry_early_optical_clear_probe,2957938581,6,35.0,False
geometry_early_optical_clear_probe,2957938581,7,41.0,False
geometry_early_optical_clear_probe,2957938581,10,59.0,False
geometry_early_optical_clear_probe,2957938581,13,77.0,False
geometry_early_optical_clear_probe,2957938581,14,83.0,False
geometry_early_optical_clear_probe,2957938581,17,101.0,False
geometry_early_optical_clear_probe,2957938581,20,119.0,False
geometry_early_optical_clear_probe,2957938581,16,294.2,False
geometry_early_optical_clear_probe,2957938581,11,324.2,True
geometry_early_optical_clear_probe,2957938581,9,1365.9103494740455,True
geometry_early_optical_clear_probe,2957938581,18,1794.3103494740456,True
geometry_early_optical_clear_probe,2957938581,8,3781.5959642291123,False
geometry_early_optical_clear_probe,2957938581,5,4023.789695174132,True
geometry_early_optical_clear_probe,2957938581,15,6951.687172372242,True
geometry_early_optical_clear_probe,1021722509,13,77.0,False
geometry_early_optical_clear_probe,1021722509,20,119.0,False
geometry_early_optical_clear_probe,1021722509,7,348.2,False
geometry_early_optical_clear_probe,1021722509,5,1355.9039224740573,True
geometry_early_optical_clear_probe,1021722509,11,1592.463322069238,True
geometry_early_optical_clear_probe,1021722509,16,1803.6633220692381,True
geometry_early_optical_clear_probe,1021722509,19,3564.063322069237,True
geometry_early_optical_clear_probe,1021722509,14,4227.6633220692365,False
geometry_early_optical_clear_probe,1021722509,8,4742.066100533894,False
geometry_early_optical_clear_probe,1021722509,2,4929.266100533894,False
geometry_early_optical_clear_probe,1021722509,10,4965.266100533894,True
geometry_early_optical_clear_probe,1021722509,15,4983.266100533894,False
geometry_early_optical_clear_probe,1021722509,4,6088.827308264984,True
geometry_early_optical_clear_probe,1732609359,7,41.0,False
geometry_early_optical_clear_probe,1732609359,9,53.0,False
geometry_early_optical_clear_probe,1732609359,14,83.0,False
geometry_early_optical_clear_probe,1732609359,16,95.0,False
geometry_early_optical_clear_probe,1732609359,18,107.0,False
geometry_early_optical_clear_probe,1732609359,20,119.0,False
geometry_early_optical_clear_probe,1732609359,19,276.2,False
geometry_early_optical_clear_probe,1732609359,5,360.2,True
geometry_early_optical_clear_probe,1732609359,17,612.817112498109,False
geometry_early_optical_clear_probe,1732609359,6,1847.2610017847155,True
geometry_early_optical_clear_probe,1732609359,8,4489.695019324832,False
geometry_early_optical_clear_probe,1732609359,1,4676.895019324832,True
geometry_early_optical_clear_probe,1732609359,4,7276.651268791419,True
geometry_early_optical_clear_probe,3566494255,1,5.0,True
geometry_early_optical_clear_probe,3566494255,4,23.0,False
geometry_early_optical_clear_probe,3566494255,12,71.0,False
geometry_early_optical_clear_probe,3566494255,20,119.0,False
geometry_early_optical_clear_probe,3566494255,14,306.2,True
geometry_early_optical_clear_probe,3566494255,11,324.2,True
geometry_early_optical_clear_probe,3566494255,10,330.2,True
geometry_early_optical_clear_probe,3566494255,3,372.2,False
geometry_early_optical_clear_probe,3566494255,5,604.616658773031,False
geometry_early_optical_clear_probe,3566494255,9,628.616658773031,False
geometry_early_optical_clear_probe,3566494255,6,899.8166587730309,True
geometry_early_optical_clear_probe,3566494255,18,2388.592927537393,True
geometry_early_optical_clear_probe,3566494255,7,3473.1815411913444,False
geometry_early_optical_clear_probe,3566494255,13,4303.791809876196,True
geometry_early_optical_clear_probe,3566494255,2,5207.32476183209,True
geometry_early_optical_clear_probe,3566494255,15,7804.154192755832,True
geometry_early_optical_clear_probe,599822702,4,23.0,False
geometry_early_optical_clear_probe,599822702,14,83.0,False
geometry_early_optical_clear_probe,599822702,19,113.0,False
geometry_early_optical_clear_probe,599822702,7,348.2,False
geometry_early_optical_clear_probe,599822702,5,360.2,False
geometry_early_optical_clear_probe,599822702,3,372.2,True
geometry_early_optical_clear_probe,599822702,16,567.2391277296754,True
geometry_early_optical_clear_probe,599822702,10,2178.5528562965005,True
geometry_early_optical_clear_probe,599822702,1,2421.090349590768,True
geometry_early_optical_clear_probe,599822702,9,2445.090349590768,True
geometry_early_optical_clear_probe,599822702,12,2463.090349590768,True
geometry_early_optical_clear_probe,599822702,8,2692.2903495907676,True
geometry_early_optical_clear_probe,599822702,11,3417.9912328856753,True
geometry_early_optical_clear_probe,599822702,2,7124.950060049315,True
geometry_early_optical_clear_probe,2807724865,1,5.0,False
geometry_early_optical_clear_probe,2807724865,6,35.0,False
geometry_early_optical_clear_probe,2807724865,12,71.0,False
geometry_early_optical_clear_probe,2807724865,18,107.0,True
geometry_early_optical_clear_probe,2807724865,20,119.0,False
geometry_early_optical_clear_probe,2807724865,5,360.2,False
geometry_early_optical_clear_probe,2807724865,4,366.2,True
geometry_early_optical_clear_probe,2807724865,13,1427.8885354635315,False
geometry_early_optical_clear_probe,2807724865,3,1481.8885354635315,True
geometry_early_optical_clear_probe,2807724865,19,1900.9402185405875,True
geometry_early_optical_clear_probe,2807724865,11,5017.7690994673685,True
geometry_early_optical_clear_probe,1381406030,9,53.0,False
geometry_early_optical_clear_probe,1381406030,11,65.0,False
geometry_early_optical_clear_probe,1381406030,18,107.0,True
geometry_early_optical_clear_probe,1381406030,20,270.2,True
geometry_early_optical_clear_probe,1381406030,5,698.5152058005906,True
geometry_early_optical_clear_probe,1381406030,12,728.5152058005906,True
geometry_early_optical_clear_probe,1381406030,17,945.7152058005906,False
geometry_early_optical_clear_probe,1381406030,1,1029.7152058005906,True
geometry_early_optical_clear_probe,1381406030,7,2967.040268154734,True
geometry_early_optical_clear_probe,1381406030,15,3003.040268154734,True
geometry_early_optical_clear_probe,3221944023,1,5.0,False
geometry_early_optical_clear_probe,3221944023,4,23.0,True
geometry_early_optical_clear_probe,3221944023,6,35.0,False
geometry_early_optical_clear_probe,3221944023,17,101.0,True
geometry_early_optical_clear_probe,3221944023,18,107.0,False
geometry_early_optical_clear_probe,3221944023,19,113.0,False
geometry_early_optical_clear_probe,3221944023,20,270.2,False
geometry_early_optical_clear_probe,3221944023,8,575.4686117290227,True
geometry_early_optical_clear_probe,3221944023,9,581.4686117290227,True
geometry_early_optical_clear_probe,3221944023,14,1699.6197084411326,False
geometry_early_optical_clear_probe,3221944023,16,2619.7407903951803,True
geometry_early_optical_clear_probe,3221944023,15,2625.7407903951803,True
geometry_early_optical_clear_probe,3221944023,7,2655.7407903951803,True
geometry_early_optical_clear_probe,3221944023,10,3402.4548003223804,False
geometry_early_optical_clear_probe,3221944023,11,4109.620248921014,True
geometry_early_optical_clear_probe,2432937567,4,23.0,False
geometry_early_optical_clear_probe,2432937567,11,65.0,False
geometry_early_optical_clear_probe,2432937567,12,71.0,True
geometry_early_optical_clear_probe,2432937567,10,330.2,False
geometry_early_optical_clear_probe,2432937567,6,810.8895172763328,True
geometry_early_optical_clear_probe,2432937567,19,1082.0895172763328,True
geometry_early_optical_clear_probe,2432937567,8,1299.2895172763328,False
geometry_early_optical_clear_probe,2432937567,3,1323.2895172763328,False
geometry_early_optical_clear_probe,2432937567,1,2110.3072664815045,True
geometry_early_optical_clear_probe,2432937567,14,2363.5072664815043,True
geometry_early_optical_clear_probe,2942783274,2,11.0,False
geometry_early_optical_clear_probe,2942783274,3,17.0,True
geometry_early_optical_clear_probe,2942783274,10,59.0,False
geometry_early_optical_clear_probe,2942783274,15,89.0,True
geometry_early_optical_clear_probe,2942783274,12,318.2,False
geometry_early_optical_clear_probe,2942783274,8,342.2,False
geometry_early_optical_clear_probe,2942783274,4,1044.0777140036073,False
geometry_early_optical_clear_probe,2942783274,19,1230.4910481464365,True
geometry_early_optical_clear_probe,2942783274,18,1236.4910481464365,False
geometry_early_optical_clear_probe,2942783274,17,2985.7334719844775,True
geometry_early_optical_clear_probe,2942783274,14,3432.133471984477,True
geometry_early_optical_clear_probe,2942783274,1,3474.133471984477,False
geometry_early_optical_clear_probe,2942783274,13,5202.663488940585,False
geometry_early_optical_clear_probe,2942783274,7,5783.386104010167,True
geometry_early_optical_clear_probe,162103305,2,11.0,False
geometry_early_optical_clear_probe,162103305,4,23.0,False
geometry_early_optical_clear_probe,162103305,9,53.0,False
geometry_early_optical_clear_probe,162103305,17,101.0,True
geometry_early_optical_clear_probe,162103305,18,107.0,False
geometry_early_optical_clear_probe,162103305,20,119.0,True
geometry_early_optical_clear_probe,162103305,19,276.2,False
geometry_early_optical_clear_probe,162103305,13,312.2,False
geometry_early_optical_clear_probe,162103305,3,372.2,False
geometry_early_optical_clear_probe,162103305,5,553.4,False
geometry_early_optical_clear_probe,162103305,11,589.4,True
geometry_early_optical_clear_probe,162103305,15,2310.0337147621885,True
geometry_early_optical_clear_probe,162103305,10,3033.280520027597,True
geometry_early_optical_clear_probe,162103305,12,3039.280520027597,True
geometry_early_optical_clear_probe,162103305,1,3716.166816120427,True
geometry_early_optical_clear_probe,2317043920,2,11.0,True
geometry_early_optical_clear_probe,2317043920,7,41.0,True
geometry_early_optical_clear_probe,2317043920,9,53.0,False
geometry_early_optical_clear_probe,2317043920,11,65.0,True
geometry_early_optical_clear_probe,2317043920,12,71.0,True
geometry_early_optical_clear_probe,2317043920,16,95.0,False
geometry_early_optical_clear_probe,2317043920,20,119.0,False
geometry_early_optical_clear_probe,2317043920,18,559.572393800684,False
geometry_early_optical_clear_probe,2317043920,3,1209.0082104924375,False
geometry_early_optical_clear_probe,2317043920,10,1841.6828234476252,True
geometry_early_optical_clear_probe,2317043920,13,1847.6828234476252,True
geometry_early_optical_clear_probe,2317043920,17,3525.4648589420613,False
geometry_early_optical_clear_probe,2317043920,6,3861.6906870086314,True
geometry_early_optical_clear_probe,2317043920,19,5094.0805967179585,True
geometry_early_optical_clear_probe,764585242,15,89.0,False
geometry_early_optical_clear_probe,764585242,16,95.0,True
geometry_early_optical_clear_probe,764585242,6,354.2,False
geometry_early_optical_clear_probe,764585242,1,902.546896927407,True
geometry_early_optical_clear_probe,764585242,4,1384.126150134317,True
geometry_early_optical_clear_probe,764585242,18,3217.3896355388156,False
geometry_early_optical_clear_probe,764585242,11,3898.989635538815,False
geometry_early_optical_clear_probe,764585242,8,3916.989635538815,True
geometry_early_optical_clear_probe,764585242,5,3928.989635538815,True
geometry_early_optical_clear_probe,764585242,17,4170.189635538814,True
geometry_early_optical_clear_probe,3810481801,3,17.0,False
geometry_early_optical_clear_probe,3810481801,5,29.0,True
geometry_early_optical_clear_probe,3810481801,13,77.0,False
geometry_early_optical_clear_probe,3810481801,15,89.0,True
geometry_early_optical_clear_probe,3810481801,18,282.2,True
geometry_early_optical_clear_probe,3810481801,12,318.2,False
geometry_early_optical_clear_probe,3810481801,17,631.4,True
geometry_early_optical_clear_probe,3810481801,11,2237.9614865142476,False
geometry_early_optical_clear_probe,3810481801,4,2959.5268554402073,True
geometry_early_optical_clear_probe,3810481801,14,4099.526855440206,True
geometry_early_optical_clear_probe,3810481801,6,5490.566849257165,True
geometry_early_optical_clear_probe,3810481801,16,5526.566849257165,True
geometry_early_optical_clear_probe,3810481801,20,6321.832280857789,True
geometry_early_optical_clear_probe,3810481801,7,7608.938756028069,True
geometry_early_optical_clear_probe,3042830478,1,5.0,False
geometry_early_optical_clear_probe,3042830478,2,11.0,False
geometry_early_optical_clear_probe,3042830478,7,41.0,False
geometry_early_optical_clear_probe,3042830478,8,47.0,True
geometry_early_optical_clear_probe,3042830478,11,65.0,False
geometry_early_optical_clear_probe,3042830478,12,71.0,False
geometry_early_optical_clear_probe,3042830478,16,95.0,False
geometry_early_optical_clear_probe,3042830478,19,113.0,True
geometry_early_optical_clear_probe,3042830478,18,282.2,True
geometry_early_optical_clear_probe,3042830478,17,542.9553457402692,True
geometry_early_optical_clear_probe,3042830478,9,1067.6538672774645,True
geometry_early_optical_clear_probe,3042830478,14,1091.6538672774645,True
geometry_early_optical_clear_probe,3042830478,15,1238.1555420910502,False
geometry_early_optical_clear_probe,3042830478,3,1286.1555420910502,True
geometry_early_optical_clear_probe,3042830478,20,3794.5748351961493,True
geometry_early_optical_clear_probe,1070717654,1,5.0,False
geometry_early_optical_clear_probe,1070717654,2,11.0,False
geometry_early_optical_clear_probe,1070717654,3,17.0,False
geometry_early_optical_clear_probe,1070717654,7,41.0,False
geometry_early_optical_clear_probe,1070717654,15,89.0,False
geometry_early_optical_clear_probe,1070717654,18,282.2,True
geometry_early_optical_clear_probe,1070717654,12,318.2,True
geometry_early_optical_clear_probe,1070717654,9,336.2,True
geometry_early_optical_clear_probe,1070717654,8,556.2936475811646,False
geometry_early_optical_clear_probe,1070717654,19,1566.406369857838,False
geometry_early_optical_clear_probe,1070717654,14,1596.406369857838,True
geometry_early_optical_clear_probe,1070717654,5,1644.406369857838,False
geometry_early_optical_clear_probe,1070717654,20,2953.5930100618457,True
geometry_early_optical_clear_probe,1070717654,6,3309.626760796415,True
geometry_early_optical_clear_probe,1070717654,4,4854.704378125555,True
geometry_early_optical_clear_probe,1198279545,2,11.0,False
geometry_early_optical_clear_probe,1198279545,9,53.0,False
geometry_early_optical_clear_probe,1198279545,12,71.0,False
geometry_early_optical_clear_probe,1198279545,14,83.0,False
geometry_early_optical_clear_probe,1198279545,19,113.0,False
geometry_early_optical_clear_probe,1198279545,17,288.2,True
geometry_early_optical_clear_probe,1198279545,13,623.7522556105254,True
geometry_early_optical_clear_probe,1198279545,10,876.0958209337932,False
geometry_early_optical_clear_probe,1198279545,16,1129.2958209337933,True
geometry_early_optical_clear_probe,1198279545,6,1999.261862147022,True
geometry_early_optical_clear_probe,1198279545,5,2192.4618621470217,False
geometry_early_optical_clear_probe,1198279545,7,2204.4618621470217,True
geometry_early_optical_clear_probe,1198279545,8,2210.4618621470217,False
geometry_early_optical_clear_probe,1198279545,20,2876.347878504551,False
geometry_early_optical_clear_probe,3747367795,7,41.0,True
geometry_early_optical_clear_probe,3747367795,9,53.0,False
geometry_early_optical_clear_probe,3747367795,11,65.0,True
geometry_early_optical_clear_probe,3747367795,14,83.0,False
geometry_early_optical_clear_probe,3747367795,17,101.0,True
geometry_early_optical_clear_probe,3747367795,12,318.2,True
geometry_early_optical_clear_probe,3747367795,3,372.2,True
geometry_early_optical_clear_probe,3747367795,20,637.4,False
geometry_early_optical_clear_probe,3747367795,19,797.7291064898076,True
geometry_early_optical_clear_probe,3747367795,5,1602.0606579327214,True
geometry_early_optical_clear_probe,3747367795,4,1795.2606579327214,True
geometry_early_optical_clear_probe,3747367795,10,2030.4606579327215,False
geometry_early_optical_clear_probe,3747367795,8,2036.4606579327215,True
geometry_early_optical_clear_probe,3747367795,15,6319.218837353128,True
