strategy,seed,channel,first_seen_time_s,directional
deferred,20000,6,35.0,False
deferred,20000,7,41.0,False
deferred,20000,8,47.0,False
deferred,20000,12,71.0,False
deferred,20000,13,77.0,False
deferred,20000,15,89.0,False
deferred,20000,16,95.0,False
deferred,20000,10,299.0,False
deferred,20000,19,353.0,False
deferred,20000,18,1703.0,False
deferred,20000,11,2315.0,False
deferred,20000,5,3485.0,False
deferred,20000,2,5303.0,False
deferred,20001,5,29.0,False
deferred,20001,10,59.0,False
deferred,20001,11,65.0,False
deferred,20001,14,323.0,False
deferred,20001,16,335.0,False
deferred,20001,18,1775.0,False
deferred,20001,6,3707.0,False
deferred,20001,7,3713.0,False
deferred,20001,15,3755.0,False
deferred,20001,20,5057.0,False
deferred,20001,19,5441.0,False
deferred,20001,3,5585.0,False
deferred,20002,11,65.0,False
deferred,20002,19,113.0,False
deferred,20002,20,119.0,False
deferred,20002,13,1757.0,False
deferred,20002,7,2909.0,False
deferred,20002,15,2945.0,False
deferred,20002,18,3191.0,False
deferred,20002,3,3779.0,False
deferred,20002,8,3809.0,False
deferred,20002,5,4793.0,False
deferred,20002,12,5015.0,False
deferred,20002,9,5759.0,False
deferred,20003,1,5.0,False
deferred,20003,2,11.0,False
deferred,20003,6,35.0,False
deferred,20003,8,47.0,False
deferred,20003,11,65.0,False
deferred,20003,13,77.0,False
deferred,20003,14,83.0,False
deferred,20003,20,119.0,False
deferred,20003,4,263.0,False
deferred,20003,15,329.0,False
deferred,20003,9,1571.0,False
deferred,20003,19,2987.0,False
deferred,20003,5,3317.0,False
deferred,20003,16,4445.0,False
deferred,20003,10,5099.0,False
deferred,20003,18,6185.0,False
deferred,20004,5,29.0,False
deferred,20004,6,35.0,False
deferred,20004,7,41.0,False
deferred,20004,9,53.0,False
deferred,20004,18,107.0,False
deferred,20004,19,113.0,False
deferred,20004,1,245.0,False
deferred,20004,3,257.0,False
deferred,20004,16,1679.0,False
deferred,20004,10,4727.0,False
deferred,20005,1,5.0,False
deferred,20005,2,11.0,False
deferred,20005,5,29.0,False
deferred,20005,7,41.0,False
deferred,20005,12,71.0,False
deferred,20005,15,89.0,False
deferred,20005,20,119.0,False
deferred,20005,9,293.0,False
deferred,20005,8,527.0,False
deferred,20005,18,1697.0,False
deferred,20005,16,2339.0,False
deferred,20005,4,3497.0,False
deferred,20005,10,3527.0,False
deferred,20005,17,4697.0,False
deferred,20005,14,6581.0,False
deferred,20006,2,11.0,False
deferred,20006,8,47.0,False
deferred,20006,11,65.0,False
deferred,20006,13,77.0,False
deferred,20006,17,101.0,False
deferred,20006,20,119.0,False
deferred,20006,1,245.0,False
deferred,20006,5,269.0,False
deferred,20006,7,281.0,False
deferred,20006,12,311.0,False
deferred,20006,9,1625.0,False
deferred,20006,16,1649.0,False
deferred,20006,10,2783.0,False
deferred,20006,6,4145.0,False
deferred,20006,18,4169.0,False
deferred,20006,4,4643.0,False
deferred,20007,1,5.0,False
deferred,20007,5,29.0,False
deferred,20007,6,35.0,False
deferred,20007,11,65.0,False
deferred,20007,18,107.0,False
deferred,20007,10,1019.0,False
deferred,20007,13,1757.0,False
deferred,20007,2,4805.0,False
deferred,20007,4,5441.0,False
deferred,20007,12,5471.0,False
deferred,20007,16,5489.0,False
deferred,20008,13,77.0,False
deferred,20008,14,83.0,False
deferred,20008,15,89.0,False
deferred,20008,16,95.0,False
deferred,20008,17,101.0,False
deferred,20008,20,119.0,False
deferred,20008,5,269.0,False
deferred,20008,11,545.0,False
deferred,20008,19,1679.0,False
deferred,20008,1,2849.0,False
deferred,20008,18,4727.0,False
deferred,20008,2,5051.0,False
deferred,20008,7,5075.0,False
deferred,20009,2,11.0,False
deferred,20009,4,23.0,False
deferred,20009,5,29.0,False
deferred,20009,6,35.0,False
deferred,20009,11,65.0,False
deferred,20009,18,107.0,False
deferred,20009,9,293.0,False
deferred,20009,19,353.0,False
deferred,20009,7,2825.0,False
deferred,20009,14,2861.0,False
deferred,20009,12,3257.0,False
deferred,20009,13,5093.0,False
deferred,20010,1,5.0,False
deferred,20010,3,17.0,False
deferred,20010,6,35.0,False
deferred,20010,7,41.0,False
deferred,20010,10,59.0,False
deferred,20010,16,95.0,False
deferred,20010,17,101.0,False
deferred,20010,2,251.0,False
deferred,20010,11,539.0,False
deferred,20010,13,1673.0,False
deferred,20010,9,2321.0,False
deferred,20010,4,2519.0,False
deferred,20010,14,4577.0,False
deferred,20010,19,4799.0,False
deferred,20010,18,5339.0,False
deferred,20011,7,41.0,False
deferred,20011,8,47.0,False
deferred,20011,9,53.0,False
deferred,20011,12,71.0,False
deferred,20011,18,107.0,False
deferred,20011,20,119.0,False
deferred,20011,13,1679.0,False
deferred,20011,19,3017.0,False
deferred,20011,3,4775.0,False
deferred,20011,10,5201.0,False
deferred,20012,2,11.0,False
deferred,20012,4,23.0,False
deferred,20012,11,65.0,False
deferred,20012,15,89.0,False
deferred,20012,13,317.0,False
deferred,20012,19,353.0,False
deferred,20012,20,359.0,False
deferred,20012,12,3713.0,False
deferred,20012,1,4715.0,False
deferred,20012,18,5621.0,False
deferred,20012,16,5813.0,False
deferred,20013,4,23.0,False
deferred,20013,5,29.0,False
deferred,20013,6,35.0,False
deferred,20013,7,41.0,False
deferred,20013,12,71.0,False
deferred,20013,13,77.0,False
deferred,20013,14,83.0,False
deferred,20013,15,89.0,False
deferred,20013,17,101.0,False
deferred,20013,18,107.0,False
deferred,20013,11,305.0,False
deferred,20013,9,3173.0,False
deferred,20013,1,4769.0,False
deferred,20013,3,4781.0,False
deferred,20013,20,5201.0,False
deferred,20014,1,5.0,False
deferred,20014,3,17.0,False
deferred,20014,4,23.0,False
deferred,20014,8,47.0,False
deferred,20014,12,71.0,False
deferred,20014,14,83.0,False
deferred,20014,15,89.0,False
deferred,20014,16,95.0,False
deferred,20014,17,101.0,False
deferred,20014,19,113.0,False
deferred,20014,6,275.0,False
deferred,20014,18,347.0,False
deferred,20014,13,1631.0,False
deferred,20014,9,3389.0,False
deferred,20014,2,4763.0,False
deferred,20015,2,11.0,False
deferred,20015,4,23.0,False
deferred,20015,8,47.0,False
deferred,20015,9,53.0,False
deferred,20015,12,71.0,False
deferred,20015,17,101.0,False
deferred,20015,5,269.0,False
deferred,20015,14,323.0,False
deferred,20015,19,1049.0,False
deferred,20015,13,3653.0,False
deferred,20015,18,4931.0,False
deferred,20015,20,5333.0,False
deferred,20016,1,5.0,False
deferred,20016,3,17.0,False
deferred,20016,5,29.0,False
deferred,20016,9,53.0,False
deferred,20016,10,59.0,False
deferred,20016,11,65.0,False
deferred,20016,14,83.0,False
deferred,20016,4,263.0,False
deferred,20016,12,551.0,False
deferred,20016,16,3149.0,False
deferred,20016,17,3155.0,False
deferred,20016,2,3509.0,False
deferred,20016,8,4637.0,False
deferred,20016,13,4997.0,False
deferred,20017,8,47.0,False
deferred,20017,9,53.0,False
deferred,20017,13,77.0,False
deferred,20017,14,83.0,False
deferred,20017,20,119.0,False
deferred,20017,1,245.0,False
deferred,20017,6,275.0,False
deferred,20017,4,503.0,False
deferred,20017,12,2345.0,False
deferred,20017,10,3599.0,False
deferred,20017,17,3623.0,False
deferred,20017,7,4781.0,False
deferred,20017,11,5153.0,False
deferred,20017,16,5165.0,False
deferred,20018,3,17.0,False
deferred,20018,4,23.0,False
deferred,20018,6,35.0,False
deferred,20018,9,53.0,False
deferred,20018,16,95.0,False
deferred,20018,17,101.0,False
deferred,20018,18,107.0,False
deferred,20018,20,119.0,False
deferred,20018,2,251.0,False
deferred,20018,7,281.0,False
deferred,20018,8,287.0,False
deferred,20018,5,1589.0,False
deferred,20018,1,4385.0,False
deferred,20018,14,4415.0,False
deferred,20018,10,4739.0,False
deferred,20018,15,4931.0,False
deferred,20019,1,5.0,False
deferred,20019,2,11.0,False
deferred,20019,3,17.0,False
deferred,20019,9,53.0,False
deferred,20019,11,65.0,False
deferred,20019,18,107.0,False
deferred,20019,20,119.0,False
deferred,20019,8,1199.0,False
deferred,20019,13,2957.0,False
deferred,20019,16,3605.0,False
deferred,20019,15,4541.0,False
deferred,20019,6,5231.0,False
deferred,20020,4,23.0,False
deferred,20020,6,35.0,False
deferred,20020,7,41.0,False
deferred,20020,14,83.0,False
deferred,20020,17,101.0,False
deferred,20020,18,107.0,False
deferred,20020,11,305.0,False
deferred,20020,13,1673.0,False
deferred,20020,15,2543.0,False
deferred,20020,19,2555.0,False
deferred,20020,5,3131.0,False
deferred,20020,3,4655.0,False
deferred,20020,12,5063.0,False
deferred,20021,1,5.0,False
deferred,20021,3,17.0,False
deferred,20021,7,41.0,False
deferred,20021,9,53.0,False
deferred,20021,10,59.0,False
deferred,20021,13,77.0,False
deferred,20021,6,4901.0,False
deferred,20021,16,4937.0,False
deferred,20021,18,4949.0,False
deferred,20021,12,5327.0,False
deferred,20021,5,5507.0,False
deferred,20022,2,11.0,False
deferred,20022,3,17.0,False
deferred,20022,7,41.0,False
deferred,20022,11,65.0,False
deferred,20022,12,71.0,False
deferred,20022,15,89.0,False
deferred,20022,9,293.0,False
deferred,20022,13,317.0,False
deferred,20022,19,353.0,False
deferred,20022,17,1259.0,False
deferred,20022,5,1631.0,False
deferred,20023,1,5.0,False
deferred,20023,3,17.0,False
deferred,20023,5,29.0,False
deferred,20023,7,41.0,False
deferred,20023,8,47.0,False
deferred,20023,10,59.0,False
deferred,20023,14,83.0,False
deferred,20023,15,329.0,False
deferred,20023,9,1667.0,False
deferred,20023,19,3611.0,False
deferred,20024,1,5.0,False
deferred,20024,3,17.0,False
deferred,20024,4,23.0,False
deferred,20024,7,41.0,False
deferred,20024,17,101.0,False
deferred,20024,20,119.0,False
deferred,20024,5,269.0,False
deferred,20024,12,311.0,False
deferred,20024,2,491.0,False
deferred,20024,10,971.0,False
deferred,20024,8,2447.0,False
deferred,20024,9,3461.0,False
deferred,20024,11,3467.0,False
deferred,20024,13,5027.0,False
deferred,20024,14,5213.0,False
deferred,20025,1,5.0,False
deferred,20025,3,17.0,False
deferred,20025,4,23.0,False
deferred,20025,5,29.0,False
deferred,20025,7,41.0,False
deferred,20025,9,53.0,False
deferred,20025,10,59.0,False
deferred,20025,14,83.0,False
deferred,20025,16,95.0,False
deferred,20025,18,107.0,False
deferred,20025,12,311.0,False
deferred,20025,19,2357.0,False
deferred,20026,1,5.0,False
deferred,20026,2,11.0,False
deferred,20026,3,17.0,False
deferred,20026,7,41.0,False
deferred,20026,9,53.0,False
deferred,20026,10,59.0,False
deferred,20026,18,107.0,False
deferred,20026,19,113.0,False
deferred,20026,5,269.0,False
deferred,20026,12,1703.0,False
deferred,20026,4,3167.0,False
deferred,20026,6,3593.0,False
deferred,20026,11,4613.0,False
deferred,20026,15,5381.0,False
deferred,20026,8,6647.0,False
deferred,20027,4,23.0,False
deferred,20027,12,71.0,False
deferred,20027,16,95.0,False
deferred,20027,17,101.0,False
deferred,20027,20,119.0,False
deferred,20027,8,287.0,False
deferred,20027,19,593.0,False
deferred,20027,11,3113.0,False
deferred,20027,15,3131.0,False
deferred,20027,5,3761.0,False
deferred,20027,2,4841.0,False
deferred,20027,3,5063.0,False
deferred,20027,1,5483.0,False
deferred,20027,14,5549.0,False
deferred,20027,18,5567.0,False
deferred,20028,4,23.0,False
deferred,20028,5,29.0,False
deferred,20028,9,53.0,False
deferred,20028,11,65.0,False
deferred,20028,14,83.0,False
deferred,20028,18,107.0,False
deferred,20028,20,359.0,False
deferred,20028,10,539.0,False
deferred,20028,2,1601.0,False
deferred,20028,6,2267.0,False
deferred,20028,8,2921.0,False
deferred,20029,2,11.0,False
deferred,20029,5,29.0,False
deferred,20029,6,35.0,False
deferred,20029,7,41.0,False
deferred,20029,8,47.0,False
deferred,20029,12,71.0,False
deferred,20029,13,77.0,False
deferred,20029,14,1235.0,False
deferred,20029,17,2555.0,False
deferred,20029,20,5225.0,False
deferred,20030,2,11.0,False
deferred,20030,3,17.0,False
deferred,20030,6,35.0,False
deferred,20030,13,77.0,False
deferred,20030,14,83.0,False
deferred,20030,17,101.0,False
deferred,20030,1,245.0,False
deferred,20030,16,335.0,False
deferred,20030,18,347.0,False
deferred,20030,4,1619.0,False
deferred,20030,20,3539.0,False
deferred,20030,7,4421.0,False
deferred,20030,8,4979.0,False
deferred,20030,11,5345.0,False
deferred,20030,19,5369.0,False
deferred,20031,2,11.0,False
deferred,20031,5,29.0,False
deferred,20031,7,41.0,False
deferred,20031,10,59.0,False
deferred,20031,12,71.0,False
deferred,20031,19,113.0,False
deferred,20031,1,245.0,False
deferred,20031,20,1295.0,False
deferred,20031,9,4715.0,False
deferred,20031,8,4919.0,False
deferred,20031,14,4943.0,False
deferred,20031,16,4955.0,False
deferred,20031,17,5567.0,False
deferred,20031,3,5705.0,False
deferred,20032,2,11.0,False
deferred,20032,6,35.0,False
deferred,20032,11,65.0,False
deferred,20032,13,77.0,False
deferred,20032,17,101.0,False
deferred,20032,18,107.0,False
deferred,20032,3,257.0,False
deferred,20032,7,281.0,False
deferred,20032,15,329.0,False
deferred,20032,8,1199.0,False
deferred,20032,14,2489.0,False
deferred,20032,20,2927.0,False
deferred,20032,4,4427.0,False
deferred,20032,5,4619.0,False
deferred,20033,1,5.0,False
deferred,20033,7,41.0,False
deferred,20033,9,53.0,False
deferred,20033,12,71.0,False
deferred,20033,14,83.0,False
deferred,20033,20,119.0,False
deferred,20033,3,257.0,False
deferred,20033,13,317.0,False
deferred,20033,15,329.0,False
deferred,20033,5,2423.0,False
deferred,20033,6,2831.0,False
deferred,20033,19,2873.0,False
deferred,20033,11,3443.0,False
deferred,20033,8,4523.0,False
deferred,20033,18,5051.0,False
deferred,20034,7,41.0,False
deferred,20034,9,53.0,False
deferred,20034,14,83.0,False
deferred,20034,15,89.0,False
deferred,20034,17,101.0,False
deferred,20034,20,119.0,False
deferred,20034,12,311.0,False
deferred,20034,16,335.0,False
deferred,20034,19,353.0,False
deferred,20034,6,2555.0,False
deferred,20034,4,4673.0,False
deferred,20034,1,4853.0,False
deferred,20035,3,17.0,False
deferred,20035,4,23.0,False
deferred,20035,6,35.0,False
deferred,20035,9,53.0,False
deferred,20035,14,83.0,False
deferred,20035,15,89.0,False
deferred,20035,16,95.0,False
deferred,20035,17,101.0,False
deferred,20035,2,251.0,False
deferred,20035,19,353.0,False
deferred,20035,8,521.0,False
deferred,20035,7,965.0,False
deferred,20035,18,1673.0,False
deferred,20035,12,4397.0,False
deferred,20035,20,6449.0,False
deferred,20036,1,5.0,False
deferred,20036,3,17.0,False
deferred,20036,5,29.0,False
deferred,20036,19,113.0,False
deferred,20036,6,275.0,False
deferred,20036,7,281.0,False
deferred,20036,2,491.0,False
deferred,20036,18,1937.0,False
deferred,20036,17,2993.0,False
deferred,20036,16,3395.0,False
deferred,20036,14,3581.0,False
deferred,20036,12,4727.0,False
deferred,20036,20,4751.0,False
deferred,20037,3,17.0,False
deferred,20037,6,35.0,False
deferred,20037,7,41.0,False
deferred,20037,11,65.0,False
deferred,20037,13,77.0,False
deferred,20037,14,83.0,False
deferred,20037,17,101.0,False
deferred,20037,20,119.0,False
deferred,20037,4,263.0,False
deferred,20037,8,287.0,False
deferred,20037,9,293.0,False
deferred,20037,18,2591.0,False
deferred,20037,10,3605.0,False
deferred,20037,15,3617.0,False
deferred,20037,2,4559.0,False
deferred,20037,1,5243.0,False
deferred,20038,7,41.0,False
deferred,20038,9,53.0,False
deferred,20038,10,59.0,False
deferred,20038,14,83.0,False
deferred,20038,17,101.0,False
deferred,20038,18,107.0,False
deferred,20038,20,119.0,False
deferred,20038,3,257.0,False
deferred,20038,4,1577.0,False
deferred,20038,13,2873.0,False
deferred,20038,19,2903.0,False
deferred,20038,6,4937.0,False
deferred,20039,2,11.0,False
deferred,20039,9,53.0,False
deferred,20039,11,65.0,False
deferred,20039,14,83.0,False
deferred,20039,15,89.0,False
deferred,20039,16,95.0,False
deferred,20039,17,101.0,False
deferred,20039,12,311.0,False
deferred,20039,18,347.0,False
deferred,20039,4,503.0,False
deferred,20039,7,521.0,False
deferred,20039,3,1613.0,False
deferred,20039,6,1631.0,False
deferred,20040,2,11.0,False
deferred,20040,4,23.0,False
deferred,20040,7,41.0,False
deferred,20040,12,71.0,False
deferred,20040,16,95.0,False
deferred,20040,17,101.0,False
deferred,20040,18,107.0,False
deferred,20040,20,119.0,False
deferred,20040,1,245.0,False
deferred,20040,19,353.0,False
deferred,20040,13,3371.0,False
deferred,20040,5,4889.0,False
deferred,20040,10,5261.0,False
deferred,20041,4,23.0,False
deferred,20041,5,29.0,False
deferred,20041,7,41.0,False
deferred,20041,8,47.0,False
deferred,20041,10,59.0,False
deferred,20041,20,119.0,False
deferred,20041,1,245.0,False
deferred,20041,14,323.0,False
deferred,20041,18,581.0,False
deferred,20041,11,2537.0,False
deferred,20041,13,3623.0,False
deferred,20041,17,4865.0,False
deferred,20041,3,5213.0,False
deferred,20041,15,5423.0,False
deferred,20041,6,7145.0,False
deferred,20042,2,11.0,False
deferred,20042,11,65.0,False
deferred,20042,12,71.0,False
deferred,20042,13,77.0,False
deferred,20042,20,119.0,False
deferred,20042,5,269.0,False
deferred,20042,6,275.0,False
deferred,20042,18,587.0,False
deferred,20042,1,2297.0,False
deferred,20042,14,2573.0,False
deferred,20043,11,65.0,False
deferred,20043,12,71.0,False
deferred,20043,16,95.0,False
deferred,20043,17,101.0,False
deferred,20043,19,113.0,False
deferred,20043,6,275.0,False
deferred,20043,13,317.0,False
deferred,20043,8,527.0,False
deferred,20043,15,2915.0,False
deferred,20043,5,5081.0,False
deferred,20044,5,29.0,False
deferred,20044,7,41.0,False
deferred,20044,11,65.0,False
deferred,20044,13,77.0,False
deferred,20044,15,89.0,False
deferred,20044,17,101.0,False
deferred,20044,2,251.0,False
deferred,20044,4,503.0,False
deferred,20044,12,1649.0,False
deferred,20044,14,1661.0,False
deferred,20044,20,3575.0,False
deferred,20044,9,5063.0,False
deferred,20044,10,5069.0,False
deferred,20044,3,5225.0,False
deferred,20044,6,5411.0,False
deferred,20045,2,11.0,False
deferred,20045,5,29.0,False
deferred,20045,7,41.0,False
deferred,20045,12,71.0,False
deferred,20045,13,77.0,False
deferred,20045,11,305.0,False
deferred,20045,14,323.0,False
deferred,20045,17,341.0,False
deferred,20045,6,1649.0,False
deferred,20045,16,3635.0,False
deferred,20046,1,5.0,False
deferred,20046,5,29.0,False
deferred,20046,6,35.0,False
deferred,20046,10,59.0,False
deferred,20046,16,95.0,False
deferred,20046,20,119.0,False
deferred,20046,11,305.0,False
deferred,20046,14,323.0,False
deferred,20046,17,341.0,False
deferred,20046,3,4529.0,False
deferred,20047,2,11.0,False
deferred,20047,7,41.0,False
deferred,20047,8,47.0,False
deferred,20047,13,77.0,False
deferred,20047,14,83.0,False
deferred,20047,16,95.0,False
deferred,20047,20,119.0,False
deferred,20047,5,2957.0,False
deferred,20047,1,3575.0,False
deferred,20047,4,3593.0,False
deferred,20047,18,3653.0,False
deferred,20047,11,5207.0,False
deferred,20047,17,5231.0,False
deferred,20047,19,5237.0,False
deferred,20047,10,5381.0,False
deferred,20048,3,17.0,False
deferred,20048,6,35.0,False
deferred,20048,10,59.0,False
deferred,20048,13,77.0,False
deferred,20048,16,95.0,False
deferred,20048,17,101.0,False
deferred,20048,19,113.0,False
deferred,20048,8,287.0,False
deferred,20048,11,545.0,False
deferred,20048,20,593.0,False
deferred,20048,18,1253.0,False
deferred,20048,4,1619.0,False
deferred,20048,7,1637.0,False
deferred,20048,14,2897.0,False
deferred,20048,5,3425.0,False
deferred,20048,15,3467.0,False
deferred,20049,4,23.0,False
deferred,20049,6,35.0,False
deferred,20049,7,41.0,False
deferred,20049,10,59.0,False
deferred,20049,11,65.0,False
deferred,20049,17,101.0,False
deferred,20049,18,107.0,False
deferred,20049,19,113.0,False
deferred,20049,20,119.0,False
deferred,20049,8,287.0,False
deferred,20049,5,509.0,False
deferred,20049,9,533.0,False
deferred,20049,16,3395.0,False
deferred,20049,1,4421.0,False
deferred,20050,3,17.0,False
deferred,20050,4,23.0,False
deferred,20050,9,53.0,False
deferred,20050,13,77.0,False
deferred,20050,15,89.0,False
deferred,20050,18,107.0,False
deferred,20050,14,1265.0,False
deferred,20050,8,3761.0,False
deferred,20050,5,4823.0,False
deferred,20050,16,4877.0,False
deferred,20050,20,5519.0,False
deferred,20051,1,5.0,False
deferred,20051,2,11.0,False
deferred,20051,5,29.0,False
deferred,20051,16,95.0,False
deferred,20051,19,113.0,False
deferred,20051,20,119.0,False
deferred,20051,4,263.0,False
deferred,20051,14,323.0,False
deferred,20051,10,2429.0,False
deferred,20051,18,3401.0,False
deferred,20051,6,5033.0,False
deferred,20051,12,5261.0,False
deferred,20052,3,17.0,False
deferred,20052,6,35.0,False
deferred,20052,10,59.0,False
deferred,20052,12,71.0,False
deferred,20052,13,77.0,False
deferred,20052,14,83.0,False
deferred,20052,19,113.0,False
deferred,20052,4,263.0,False
deferred,20052,16,1025.0,False
deferred,20052,1,2249.0,False
deferred,20052,7,3497.0,False
deferred,20052,20,5417.0,False
deferred,20053,3,17.0,False
deferred,20053,4,23.0,False
deferred,20053,7,41.0,False
deferred,20053,9,53.0,False
deferred,20053,10,59.0,False
deferred,20053,15,89.0,False
deferred,20053,17,101.0,False
deferred,20053,19,113.0,False
deferred,20053,2,251.0,False
deferred,20053,8,287.0,False
deferred,20053,16,335.0,False
deferred,20053,18,347.0,False
deferred,20053,14,2531.0,False
deferred,20053,13,4517.0,False
deferred,20054,3,17.0,False
deferred,20054,4,23.0,False
deferred,20054,5,29.0,False
deferred,20054,8,47.0,False
deferred,20054,9,53.0,False
deferred,20054,12,71.0,False
deferred,20054,13,77.0,False
deferred,20054,1,3491.0,False
deferred,20054,10,3521.0,False
deferred,20054,20,3575.0,False
deferred,20054,19,5219.0,False
deferred,20055,2,11.0,False
deferred,20055,8,47.0,False
deferred,20055,9,53.0,False
deferred,20055,11,65.0,False
deferred,20055,12,71.0,False
deferred,20055,13,77.0,False
deferred,20055,16,95.0,False
deferred,20055,17,101.0,False
deferred,20055,20,119.0,False
deferred,20055,5,269.0,False
deferred,20055,6,275.0,False
deferred,20055,15,329.0,False
deferred,20055,18,347.0,False
deferred,20055,3,1577.0,False
deferred,20055,10,2423.0,False
deferred,20055,14,3437.0,False
deferred,20056,1,5.0,False
deferred,20056,3,17.0,False
deferred,20056,5,29.0,False
deferred,20056,11,65.0,False
deferred,20056,12,71.0,False
deferred,20056,13,77.0,False
deferred,20056,14,83.0,False
deferred,20056,15,89.0,False
deferred,20056,17,101.0,False
deferred,20056,19,113.0,False
deferred,20056,20,119.0,False
deferred,20056,4,263.0,False
deferred,20056,18,347.0,False
deferred,20056,7,1163.0,False
deferred,20056,6,1565.0,False
deferred,20056,16,3341.0,False
deferred,20057,5,29.0,False
deferred,20057,9,53.0,False
deferred,20057,12,71.0,False
deferred,20057,15,89.0,False
deferred,20057,16,95.0,False
deferred,20057,17,101.0,False
deferred,20057,19,113.0,False
deferred,20057,3,257.0,False
deferred,20057,11,4751.0,False
deferred,20057,10,4955.0,False
deferred,20058,1,5.0,False
deferred,20058,2,11.0,False
deferred,20058,3,17.0,False
deferred,20058,5,29.0,False
deferred,20058,10,59.0,False
deferred,20058,12,71.0,False
deferred,20058,13,77.0,False
deferred,20058,15,89.0,False
deferred,20058,16,95.0,False
deferred,20058,20,119.0,False
deferred,20058,6,275.0,False
deferred,20058,19,353.0,False
deferred,20058,11,3413.0,False
deferred,20058,18,3437.0,False
deferred,20059,7,41.0,False
deferred,20059,9,53.0,False
deferred,20059,11,65.0,False
deferred,20059,14,83.0,False
deferred,20059,10,299.0,False
deferred,20059,12,311.0,False
deferred,20059,2,491.0,False
deferred,20059,4,503.0,False
deferred,20059,15,3089.0,False
deferred,20059,18,3107.0,False
deferred,20059,1,5015.0,False
deferred,20060,7,41.0,False
deferred,20060,10,59.0,False
deferred,20060,14,83.0,False
deferred,20060,15,89.0,False
deferred,20060,16,95.0,False
deferred,20060,1,245.0,False
deferred,20060,11,305.0,False
deferred,20060,19,353.0,False
deferred,20060,9,2297.0,False
deferred,20060,8,2507.0,False
deferred,20060,3,3557.0,False
deferred,20060,6,5189.0,False
deferred,20060,12,5201.0,False
deferred,20060,17,5219.0,False
deferred,20061,6,35.0,False
deferred,20061,7,41.0,False
deferred,20061,16,95.0,False
deferred,20061,5,269.0,False
deferred,20061,10,1739.0,False
deferred,20061,9,2687.0,False
deferred,20061,4,3797.0,False
deferred,20061,14,5129.0,False
deferred,20061,11,5321.0,False
deferred,20061,3,5711.0,False
deferred,20061,17,5759.0,False
deferred,20062,2,11.0,False
deferred,20062,3,17.0,False
deferred,20062,5,29.0,False
deferred,20062,7,41.0,False
deferred,20062,9,53.0,False
deferred,20062,11,65.0,False
deferred,20062,15,89.0,False
deferred,20062,20,119.0,False
deferred,20062,6,2501.0,False
deferred,20062,16,2981.0,False
deferred,20062,19,3635.0,False
deferred,20062,1,4529.0,False
deferred,20062,4,5105.0,False
deferred,20062,8,5471.0,False
deferred,20062,10,5477.0,False
deferred,20063,5,29.0,False
deferred,20063,9,53.0,False
deferred,20063,12,71.0,False
deferred,20063,16,95.0,False
deferred,20063,18,107.0,False
deferred,20063,19,113.0,False
deferred,20063,20,119.0,False
deferred,20063,14,323.0,False
deferred,20063,3,497.0,False
deferred,20063,17,3719.0,False
deferred,20063,1,4901.0,False
deferred,20063,10,4949.0,False
deferred,20063,7,5327.0,False
deferred,20064,6,35.0,False
deferred,20064,11,65.0,False
deferred,20064,12,71.0,False
deferred,20064,15,89.0,False
deferred,20064,4,263.0,False
deferred,20064,7,281.0,False
deferred,20064,3,497.0,False
deferred,20064,10,539.0,False
deferred,20064,19,587.0,False
deferred,20064,17,1247.0,False
deferred,20064,13,4787.0,False
deferred,20064,2,5153.0,False
deferred,20064,5,5165.0,False
deferred,20064,8,5177.0,False
deferred,20064,18,5213.0,False
deferred,20065,3,17.0,False
deferred,20065,7,41.0,False
deferred,20065,9,53.0,False
deferred,20065,13,77.0,False
deferred,20065,16,95.0,False
deferred,20065,19,113.0,False
deferred,20065,20,119.0,False
deferred,20065,18,347.0,False
deferred,20065,11,2915.0,False
deferred,20065,15,2933.0,False
deferred,20065,17,5129.0,False
deferred,20066,5,29.0,False
deferred,20066,6,35.0,False
deferred,20066,11,65.0,False
deferred,20066,14,83.0,False
deferred,20066,20,119.0,False
deferred,20066,2,251.0,False
deferred,20066,19,353.0,False
deferred,20066,4,2921.0,False
deferred,20066,7,3575.0,False
deferred,20066,1,4571.0,False
deferred,20066,10,5189.0,False
deferred,20066,13,5201.0,False
deferred,20066,16,5213.0,False
deferred,20066,3,5357.0,False
deferred,20067,4,23.0,False
deferred,20067,8,47.0,False
deferred,20067,11,65.0,False
deferred,20067,13,77.0,False
deferred,20067,14,83.0,False
deferred,20067,15,89.0,False
deferred,20067,16,95.0,False
deferred,20067,17,101.0,False
deferred,20067,18,107.0,False
deferred,20067,20,119.0,False
deferred,20067,9,293.0,False
deferred,20067,7,977.0,False
deferred,20067,10,2483.0,False
deferred,20067,3,2855.0,False
deferred,20067,6,4403.0,False
deferred,20067,12,4943.0,False
deferred,20068,1,5.0,False
deferred,20068,2,11.0,False
deferred,20068,5,29.0,False
deferred,20068,8,47.0,False
deferred,20068,9,53.0,False
deferred,20068,16,95.0,False
deferred,20068,17,101.0,False
deferred,20068,18,107.0,False
deferred,20068,14,323.0,False
deferred,20068,15,329.0,False
deferred,20068,4,1625.0,False
deferred,20068,10,2291.0,False
deferred,20068,12,2921.0,False
deferred,20068,20,4967.0,False
deferred,20068,11,5117.0,False
deferred,20069,1,5.0,False
deferred,20069,2,11.0,False
deferred,20069,3,17.0,False
deferred,20069,7,41.0,False
deferred,20069,9,53.0,False
deferred,20069,11,65.0,False
deferred,20069,12,71.0,False
deferred,20069,13,77.0,False
deferred,20069,5,269.0,False
deferred,20069,14,2189.0,False
deferred,20069,8,4871.0,False
deferred,20069,18,4901.0,False
deferred,20070,1,5.0,False
deferred,20070,4,23.0,False
deferred,20070,9,53.0,False
deferred,20070,12,71.0,False
deferred,20070,18,107.0,False
deferred,20070,20,119.0,False
deferred,20070,8,287.0,False
deferred,20070,11,305.0,False
deferred,20070,14,1013.0,False
deferred,20070,19,1271.0,False
deferred,20070,15,1703.0,False
deferred,20070,16,1709.0,False
deferred,20070,7,2519.0,False
deferred,20070,3,2903.0,False
deferred,20070,2,3269.0,False
deferred,20071,3,17.0,False
deferred,20071,6,35.0,False
deferred,20071,7,41.0,False
deferred,20071,8,47.0,False
deferred,20071,11,65.0,False
deferred,20071,12,71.0,False
deferred,20071,13,77.0,False
deferred,20071,14,83.0,False
deferred,20071,18,107.0,False
deferred,20071,19,113.0,False
deferred,20071,20,119.0,False
deferred,20071,4,503.0,False
deferred,20071,9,1601.0,False
deferred,20071,15,1625.0,False
deferred,20071,5,3173.0,False
deferred,20071,2,4379.0,False
deferred,20072,4,23.0,False
deferred,20072,7,41.0,False
deferred,20072,9,53.0,False
deferred,20072,19,113.0,False
deferred,20072,1,245.0,False
deferred,20072,3,257.0,False
deferred,20072,5,269.0,False
deferred,20072,16,335.0,False
deferred,20072,10,539.0,False
deferred,20072,20,1661.0,False
deferred,20072,18,2249.0,False
deferred,20072,12,2417.0,False
deferred,20072,14,2429.0,False
deferred,20072,2,4367.0,False
deferred,20072,8,4565.0,False
deferred,20072,11,4907.0,False
deferred,20073,4,23.0,False
deferred,20073,6,35.0,False
deferred,20073,14,83.0,False
deferred,20073,15,89.0,False
deferred,20073,16,95.0,False
deferred,20073,18,107.0,False
deferred,20073,1,245.0,False
deferred,20073,9,293.0,False
deferred,20073,3,977.0,False
deferred,20073,2,1673.0,False
deferred,20073,5,1691.0,False
deferred,20073,13,1733.0,False
deferred,20073,19,3077.0,False
deferred,20073,10,3635.0,False
deferred,20073,17,3659.0,False
deferred,20073,12,4769.0,False
deferred,20074,4,23.0,False
deferred,20074,5,29.0,False
deferred,20074,6,35.0,False
deferred,20074,8,47.0,False
deferred,20074,11,65.0,False
deferred,20074,14,83.0,False
deferred,20074,15,89.0,False
deferred,20074,16,95.0,False
deferred,20074,18,107.0,False
deferred,20074,20,119.0,False
deferred,20074,12,311.0,False
deferred,20074,17,341.0,False
deferred,20074,3,1619.0,False
deferred,20074,10,2513.0,False
deferred,20074,19,2945.0,False
deferred,20074,1,4307.0,False
deferred,20075,3,17.0,False
deferred,20075,4,23.0,False
deferred,20075,5,29.0,False
deferred,20075,9,53.0,False
deferred,20075,10,59.0,False
deferred,20075,14,83.0,False
deferred,20075,20,119.0,False
deferred,20075,13,317.0,False
deferred,20075,19,353.0,False
deferred,20075,16,3533.0,False
deferred,20075,18,5123.0,False
deferred,20075,6,5267.0,False
deferred,20076,3,17.0,False
deferred,20076,8,47.0,False
deferred,20076,9,53.0,False
deferred,20076,13,77.0,False
deferred,20076,16,95.0,False
deferred,20076,17,101.0,False
deferred,20076,18,107.0,False
deferred,20076,19,113.0,False
deferred,20076,6,275.0,False
deferred,20076,4,1151.0,False
deferred,20076,1,2729.0,False
deferred,20076,12,2765.0,False
deferred,20076,7,3305.0,False
deferred,20076,15,4715.0,False
deferred,20077,2,11.0,False
deferred,20077,3,17.0,False
deferred,20077,5,29.0,False
deferred,20077,7,41.0,False
deferred,20077,12,71.0,False
deferred,20077,13,77.0,False
deferred,20077,15,89.0,False
deferred,20077,17,101.0,False
deferred,20077,18,347.0,False
deferred,20077,20,1049.0,False
deferred,20077,11,1223.0,False
deferred,20077,16,3515.0,False
deferred,20077,14,4661.0,False
deferred,20077,9,5021.0,False
deferred,20077,10,5381.0,False
deferred,20077,6,6203.0,False
deferred,20078,1,5.0,False
deferred,20078,4,23.0,False
deferred,20078,7,41.0,False
deferred,20078,9,53.0,False
deferred,20078,10,59.0,False
deferred,20078,14,83.0,False
deferred,20078,18,107.0,False
deferred,20078,20,119.0,False
deferred,20078,6,275.0,False
deferred,20078,8,521.0,False
deferred,20078,15,1679.0,False
deferred,20078,5,2909.0,False
deferred,20078,17,3575.0,False
deferred,20078,12,5423.0,False
deferred,20079,3,17.0,False
deferred,20079,10,59.0,False
deferred,20079,15,89.0,False
deferred,20079,17,101.0,False
deferred,20079,7,281.0,False
deferred,20079,14,1937.0,False
deferred,20079,2,4667.0,False
deferred,20079,13,4931.0,False
deferred,20079,20,4955.0,False
deferred,20079,6,5315.0,False
deferred,20080,1,5.0,False
deferred,20080,2,11.0,False
deferred,20080,3,17.0,False
deferred,20080,7,41.0,False
deferred,20080,8,47.0,False
deferred,20080,15,89.0,False
deferred,20080,17,101.0,False
deferred,20080,19,2459.0,False
deferred,20080,10,3095.0,False
deferred,20080,13,3113.0,False
deferred,20080,4,3749.0,False
deferred,20080,18,3821.0,False
deferred,20080,14,5417.0,False
deferred,20080,6,5567.0,False
deferred,20080,20,5603.0,False
deferred,20081,1,5.0,False
deferred,20081,10,59.0,False
deferred,20081,12,71.0,False
deferred,20081,19,113.0,False
deferred,20081,20,119.0,False
deferred,20081,18,1283.0,False
deferred,20081,15,2399.0,False
deferred,20081,3,4613.0,False
deferred,20081,11,4853.0,False
deferred,20081,2,5399.0,False
deferred,20082,1,5.0,False
deferred,20082,3,17.0,False
deferred,20082,4,23.0,False
deferred,20082,7,41.0,False
deferred,20082,9,53.0,False
deferred,20082,10,59.0,False
deferred,20082,14,83.0,False
deferred,20082,18,107.0,False
deferred,20082,5,269.0,False
deferred,20082,11,305.0,False
deferred,20082,19,353.0,False
deferred,20082,12,1619.0,False
deferred,20082,17,4619.0,False
deferred,20082,2,4925.0,False
deferred,20083,8,47.0,False
deferred,20083,10,59.0,False
deferred,20083,13,77.0,False
deferred,20083,19,113.0,False
deferred,20083,20,119.0,False
deferred,20083,12,311.0,False
deferred,20083,5,2573.0,False
deferred,20083,17,3707.0,False
deferred,20083,3,5279.0,False
deferred,20083,14,5315.0,False
deferred,20083,15,5321.0,False
deferred,20084,1,5.0,False
deferred,20084,5,29.0,False
deferred,20084,6,35.0,False
deferred,20084,8,47.0,False
deferred,20084,13,77.0,False
deferred,20084,15,89.0,False
deferred,20084,17,101.0,False
deferred,20084,4,263.0,False
deferred,20084,16,1955.0,False
deferred,20084,7,2579.0,False
deferred,20084,12,3035.0,False
deferred,20084,19,3665.0,False
deferred,20084,20,3671.0,False
deferred,20084,2,5117.0,False
deferred,20085,2,11.0,False
deferred,20085,4,23.0,False
deferred,20085,10,59.0,False
deferred,20085,11,65.0,False
deferred,20085,13,77.0,False
deferred,20085,15,89.0,False
deferred,20085,16,95.0,False
deferred,20085,20,119.0,False
deferred,20085,5,269.0,False
deferred,20085,12,311.0,False
deferred,20085,17,581.0,False
deferred,20085,19,3149.0,False
deferred,20085,18,3563.0,False
deferred,20086,3,17.0,False
deferred,20086,4,23.0,False
deferred,20086,8,47.0,False
deferred,20086,11,65.0,False
deferred,20086,12,71.0,False
deferred,20086,16,95.0,False
deferred,20086,17,101.0,False
deferred,20086,1,245.0,False
deferred,20086,5,269.0,False
deferred,20086,7,281.0,False
deferred,20086,18,347.0,False
deferred,20086,10,539.0,False
deferred,20087,2,11.0,False
deferred,20087,9,53.0,False
deferred,20087,18,107.0,False
deferred,20087,19,113.0,False
deferred,20087,8,287.0,False
deferred,20087,10,3119.0,False
deferred,20087,6,4847.0,False
deferred,20087,16,5525.0,False
deferred,20087,14,5921.0,False
deferred,20087,7,7505.0,False
deferred,20088,2,11.0,False
deferred,20088,9,53.0,False
deferred,20088,18,107.0,False
deferred,20088,20,119.0,False
deferred,20088,4,263.0,False
deferred,20088,6,989.0,False
deferred,20088,11,2507.0,False
deferred,20088,12,2513.0,False
deferred,20088,14,2933.0,False
deferred,20088,5,3293.0,False
deferred,20088,15,4985.0,False
deferred,20088,10,5333.0,False
deferred,20089,1,5.0,False
deferred,20089,3,17.0,False
deferred,20089,4,23.0,False
deferred,20089,6,35.0,False
deferred,20089,10,59.0,False
deferred,20089,15,89.0,False
deferred,20089,17,101.0,False
deferred,20089,19,113.0,False
deferred,20089,2,251.0,False
deferred,20089,13,1019.0,False
deferred,20089,7,4853.0,False
deferred,20089,5,5417.0,False
deferred,20090,1,5.0,False
deferred,20090,3,17.0,False
deferred,20090,6,35.0,False
deferred,20090,11,65.0,False
deferred,20090,14,83.0,False
deferred,20090,19,593.0,False
deferred,20090,12,1253.0,False
deferred,20090,18,3797.0,False
deferred,20090,10,5039.0,False
deferred,20090,8,5645.0,False
deferred,20091,1,5.0,False
deferred,20091,4,23.0,False
deferred,20091,9,53.0,False
deferred,20091,11,65.0,False
deferred,20091,14,83.0,False
deferred,20091,15,89.0,False
deferred,20091,17,101.0,False
deferred,20091,8,287.0,False
deferred,20091,10,299.0,False
deferred,20091,19,1721.0,False
deferred,20091,6,2987.0,False
deferred,20091,3,3617.0,False
deferred,20091,7,4673.0,False
deferred,20091,12,4889.0,False
deferred,20091,20,4931.0,False
deferred,20091,5,5273.0,False
deferred,20092,1,5.0,False
deferred,20092,2,11.0,False
deferred,20092,5,29.0,False
deferred,20092,7,41.0,False
deferred,20092,8,47.0,False
deferred,20092,18,107.0,False
deferred,20092,19,113.0,False
deferred,20092,10,299.0,False
deferred,20092,13,317.0,False
deferred,20092,4,1637.0,False
deferred,20092,16,2579.0,False
deferred,20092,17,2585.0,False
deferred,20092,6,3545.0,False
deferred,20092,14,4997.0,False
deferred,20093,3,17.0,False
deferred,20093,4,23.0,False
deferred,20093,5,29.0,False
deferred,20093,7,41.0,False
deferred,20093,15,89.0,False
deferred,20093,17,101.0,False
deferred,20093,18,107.0,False
deferred,20093,16,335.0,False
deferred,20093,11,4805.0,False
deferred,20093,12,5207.0,False
deferred,20093,19,5225.0,False
deferred,20093,1,5357.0,False
deferred,20093,8,5381.0,False
deferred,20094,5,29.0,False
deferred,20094,6,35.0,False
deferred,20094,7,41.0,False
deferred,20094,16,95.0,False
deferred,20094,4,263.0,False
deferred,20094,10,1739.0,False
deferred,20094,15,3851.0,False
deferred,20094,19,3869.0,False
deferred,20094,20,3875.0,False
deferred,20094,9,5147.0,False
deferred,20094,11,5153.0,False
deferred,20094,18,5183.0,False
deferred,20094,14,5585.0,False
deferred,20094,2,5729.0,False
deferred,20094,3,5927.0,False
deferred,20094,8,7163.0,False
deferred,20095,3,17.0,False
deferred,20095,7,41.0,False
deferred,20095,12,71.0,False
deferred,20095,13,77.0,False
deferred,20095,14,83.0,False
deferred,20095,15,89.0,False
deferred,20095,20,119.0,False
deferred,20095,1,245.0,False
deferred,20095,2,251.0,False
deferred,20095,8,287.0,False
deferred,20095,16,335.0,False
deferred,20095,18,347.0,False
deferred,20095,19,353.0,False
deferred,20095,17,4763.0,False
deferred,20096,2,11.0,False
deferred,20096,6,35.0,False
deferred,20096,3,257.0,False
deferred,20096,20,359.0,False
deferred,20096,5,1211.0,False
deferred,20096,4,1673.0,False
deferred,20096,15,1733.0,False
deferred,20096,19,1757.0,False
deferred,20096,14,2621.0,False
deferred,20096,1,4529.0,False
deferred,20096,12,4757.0,False
deferred,20096,7,5495.0,False
deferred,20097,2,11.0,False
deferred,20097,6,35.0,False
deferred,20097,12,71.0,False
deferred,20097,8,1967.0,False
deferred,20097,17,3179.0,False
deferred,20097,13,3383.0,False
deferred,20097,3,3791.0,False
deferred,20097,1,5099.0,False
deferred,20097,11,5567.0,False
deferred,20097,16,5585.0,False
deferred,20098,1,5.0,False
deferred,20098,2,11.0,False
deferred,20098,3,17.0,False
deferred,20098,6,35.0,False
deferred,20098,7,41.0,False
deferred,20098,8,47.0,False
deferred,20098,10,59.0,False
deferred,20098,11,65.0,False
deferred,20098,12,71.0,False
deferred,20098,14,83.0,False
deferred,20098,4,263.0,False
deferred,20098,9,293.0,False
deferred,20098,18,1655.0,False
deferred,20098,15,4421.0,False
deferred,20098,19,4985.0,False
deferred,20098,16,5147.0,False
deferred,20099,1,5.0,False
deferred,20099,2,11.0,False
deferred,20099,4,23.0,False
deferred,20099,12,71.0,False
deferred,20099,13,77.0,False
deferred,20099,16,95.0,False
deferred,20099,20,3089.0,False
deferred,20099,6,4997.0,False
deferred,20099,9,5015.0,False
deferred,20099,18,5057.0,False
deferred,20100,3,17.0,False
deferred,20100,4,23.0,False
deferred,20100,10,59.0,False
deferred,20100,14,83.0,False
deferred,20100,16,95.0,False
deferred,20100,20,119.0,False
deferred,20100,12,311.0,False
deferred,20100,17,341.0,False
deferred,20100,18,347.0,False
deferred,20100,11,5399.0,False
deferred,20101,2,11.0,False
deferred,20101,4,23.0,False
deferred,20101,5,29.0,False
deferred,20101,9,53.0,False
deferred,20101,12,71.0,False
deferred,20101,17,101.0,False
deferred,20101,19,113.0,False
deferred,20101,1,245.0,False
deferred,20101,7,281.0,False
deferred,20101,3,1595.0,False
deferred,20101,20,1679.0,False
deferred,20101,15,3491.0,False
deferred,20101,8,4763.0,False
deferred,20101,10,5117.0,False
deferred,20102,9,53.0,False
deferred,20102,10,59.0,False
deferred,20102,11,65.0,False
deferred,20102,14,83.0,False
deferred,20102,19,113.0,False
deferred,20102,15,329.0,False
deferred,20102,3,2297.0,False
deferred,20102,8,3425.0,False
deferred,20102,13,3659.0,False
deferred,20102,18,3683.0,False
deferred,20102,17,4889.0,False
deferred,20102,6,5435.0,False
deferred,20102,16,5459.0,False
deferred,20103,1,5.0,False
deferred,20103,5,29.0,False
deferred,20103,9,53.0,False
deferred,20103,11,65.0,False
deferred,20103,13,77.0,False
deferred,20103,17,341.0,False
deferred,20103,16,2459.0,False
deferred,20103,4,3701.0,False
deferred,20103,8,4967.0,False
deferred,20103,19,5405.0,False
deferred,20103,12,5567.0,False
deferred,20104,2,11.0,False
deferred,20104,7,41.0,False
deferred,20104,16,95.0,False
deferred,20104,17,101.0,False
deferred,20104,1,245.0,False
deferred,20104,3,257.0,False
deferred,20104,15,329.0,False
deferred,20104,14,1637.0,False
deferred,20104,5,3401.0,False
deferred,20104,19,4451.0,False
deferred,20104,6,4595.0,False
deferred,20104,9,4607.0,False
deferred,20104,18,5027.0,False
deferred,20104,11,5195.0,False
deferred,20105,4,23.0,False
deferred,20105,5,29.0,False
deferred,20105,9,53.0,False
deferred,20105,11,65.0,False
deferred,20105,15,89.0,False
deferred,20105,19,113.0,False
deferred,20105,18,347.0,False
deferred,20105,10,1673.0,False
deferred,20105,6,2321.0,False
deferred,20105,20,2603.0,False
deferred,20105,2,3569.0,False
deferred,20105,3,3575.0,False
deferred,20105,12,4595.0,False
deferred,20105,17,4625.0,False
deferred,20105,14,5351.0,False
deferred,20105,16,5357.0,False
deferred,20106,5,29.0,False
deferred,20106,8,47.0,False
deferred,20106,10,59.0,False
deferred,20106,11,65.0,False
deferred,20106,12,71.0,False
deferred,20106,14,83.0,False
deferred,20106,18,107.0,False
deferred,20106,1,953.0,False
deferred,20106,19,3059.0,False
deferred,20106,9,3665.0,False
deferred,20106,7,4883.0,False
deferred,20106,16,5291.0,False
deferred,20107,1,5.0,False
deferred,20107,2,11.0,False
deferred,20107,4,23.0,False
deferred,20107,8,47.0,False
deferred,20107,12,71.0,False
deferred,20107,14,83.0,False
deferred,20107,18,107.0,False
deferred,20107,5,2525.0,False
deferred,20107,6,3611.0,False
deferred,20107,16,3659.0,False
deferred,20107,17,3665.0,False
deferred,20107,3,4865.0,False
deferred,20107,15,4913.0,False
deferred,20107,11,5105.0,False
deferred,20107,7,5273.0,False
deferred,20107,19,5315.0,False
deferred,20108,1,5.0,False
deferred,20108,3,17.0,False
deferred,20108,4,23.0,False
deferred,20108,7,41.0,False
deferred,20108,8,47.0,False
deferred,20108,15,89.0,False
deferred,20108,18,107.0,False
deferred,20108,13,317.0,False
deferred,20108,20,359.0,False
deferred,20108,14,2501.0,False
deferred,20108,11,3089.0,False
deferred,20108,9,5129.0,False
deferred,20108,17,5153.0,False
deferred,20109,2,11.0,False
deferred,20109,4,23.0,False
deferred,20109,6,35.0,False
deferred,20109,11,65.0,False
deferred,20109,13,77.0,False
deferred,20109,17,101.0,False
deferred,20109,8,287.0,False
deferred,20109,20,359.0,False
deferred,20109,7,1673.0,False
deferred,20109,3,1871.0,False
deferred,20109,12,2975.0,False
deferred,20109,1,3137.0,False
deferred,20109,10,3167.0,False
deferred,20109,14,3563.0,False
deferred,20110,2,11.0,False
deferred,20110,3,17.0,False
deferred,20110,7,41.0,False
deferred,20110,8,47.0,False
deferred,20110,11,65.0,False
deferred,20110,13,77.0,False
deferred,20110,12,311.0,False
deferred,20110,15,329.0,False
deferred,20110,19,353.0,False
deferred,20110,1,485.0,False
deferred,20110,16,1001.0,False
deferred,20110,17,4223.0,False
deferred,20110,6,4373.0,False
deferred,20111,5,29.0,False
deferred,20111,6,35.0,False
deferred,20111,8,47.0,False
deferred,20111,9,53.0,False
deferred,20111,11,65.0,False
deferred,20111,12,71.0,False
deferred,20111,18,107.0,False
deferred,20111,3,3815.0,False
deferred,20111,16,3881.0,False
deferred,20111,19,3899.0,False
deferred,20112,1,5.0,False
deferred,20112,8,47.0,False
deferred,20112,11,65.0,False
deferred,20112,12,71.0,False
deferred,20112,13,77.0,False
deferred,20112,18,107.0,False
deferred,20112,5,269.0,False
deferred,20112,17,1013.0,False
deferred,20112,10,1625.0,False
deferred,20112,15,1649.0,False
deferred,20112,19,2885.0,False
deferred,20112,6,4337.0,False
deferred,20112,7,4523.0,False
deferred,20112,16,4547.0,False
deferred,20112,14,4901.0,False
deferred,20112,9,5063.0,False
deferred,20113,2,11.0,False
deferred,20113,5,29.0,False
deferred,20113,10,59.0,False
deferred,20113,16,95.0,False
deferred,20113,17,101.0,False
deferred,20113,19,113.0,False
deferred,20113,20,119.0,False
deferred,20113,14,563.0,False
deferred,20113,12,1667.0,False
deferred,20113,18,1697.0,False
deferred,20113,1,3401.0,False
deferred,20113,8,4541.0,False
deferred,20113,3,5057.0,False
deferred,20113,6,6137.0,False
deferred,20114,2,11.0,False
deferred,20114,6,35.0,False
deferred,20114,8,47.0,False
deferred,20114,9,53.0,False
deferred,20114,10,59.0,False
deferred,20114,15,89.0,False
deferred,20114,4,263.0,False
deferred,20114,12,311.0,False
deferred,20114,13,317.0,False
deferred,20114,17,341.0,False
deferred,20114,20,359.0,False
deferred,20114,18,1643.0,False
deferred,20114,16,4289.0,False
deferred,20114,1,4769.0,False
deferred,20114,14,4805.0,False
deferred,20115,1,5.0,False
deferred,20115,10,59.0,False
deferred,20115,12,71.0,False
deferred,20115,18,107.0,False
deferred,20115,9,293.0,False
deferred,20115,14,557.0,False
deferred,20115,6,1685.0,False
deferred,20115,13,2873.0,False
deferred,20115,3,3281.0,False
deferred,20115,2,4811.0,False
deferred,20115,8,5033.0,False
deferred,20115,19,5075.0,False
deferred,20115,5,5609.0,False
deferred,20116,1,5.0,False
deferred,20116,2,11.0,False
deferred,20116,5,29.0,False
deferred,20116,9,53.0,False
deferred,20116,19,113.0,False
deferred,20116,6,275.0,False
deferred,20116,12,311.0,False
deferred,20116,17,3797.0,False
deferred,20116,8,5471.0,False
deferred,20116,20,5519.0,False
deferred,20117,5,29.0,False
deferred,20117,9,53.0,False
deferred,20117,14,83.0,False
deferred,20117,19,113.0,False
deferred,20117,2,251.0,False
deferred,20117,4,3719.0,False
deferred,20117,7,3731.0,False
deferred,20117,10,3749.0,False
deferred,20117,6,5033.0,False
deferred,20117,18,5093.0,False
deferred,20118,7,41.0,False
deferred,20118,8,47.0,False
deferred,20118,11,65.0,False
deferred,20118,15,89.0,False
deferred,20118,16,95.0,False
deferred,20118,3,257.0,False
deferred,20118,18,2531.0,False
deferred,20118,5,4781.0,False
deferred,20118,4,5183.0,False
deferred,20118,12,5213.0,False
deferred,20118,20,5453.0,False
deferred,20119,1,5.0,False
deferred,20119,7,41.0,False
deferred,20119,9,53.0,False
deferred,20119,12,71.0,False
deferred,20119,3,257.0,False
deferred,20119,6,2495.0,False
deferred,20119,5,4823.0,False
deferred,20119,18,4877.0,False
deferred,20119,4,5225.0,False
deferred,20119,20,5495.0,False
deferred,20120,1,5.0,False
deferred,20120,10,59.0,False
deferred,20120,14,83.0,False
deferred,20120,18,107.0,False
deferred,20120,20,593.0,False
deferred,20120,3,4949.0,False
deferred,20120,12,5417.0,False
deferred,20120,2,5573.0,False
deferred,20120,7,5603.0,False
deferred,20120,6,5807.0,False
deferred,20121,3,17.0,False
deferred,20121,5,29.0,False
deferred,20121,6,35.0,False
deferred,20121,9,53.0,False
deferred,20121,10,59.0,False
deferred,20121,12,71.0,False
deferred,20121,13,77.0,False
deferred,20121,14,83.0,False
deferred,20121,18,107.0,False
deferred,20121,4,263.0,False
deferred,20121,16,335.0,False
deferred,20121,7,2489.0,False
deferred,20121,19,3569.0,False
deferred,20121,2,4457.0,False
deferred,20121,1,4637.0,False
deferred,20121,8,5207.0,False
deferred,20122,1,5.0,False
deferred,20122,4,23.0,False
deferred,20122,8,47.0,False
deferred,20122,9,53.0,False
deferred,20122,15,89.0,False
deferred,20122,19,113.0,False
deferred,20122,11,305.0,False
deferred,20122,13,317.0,False
deferred,20122,3,1631.0,False
deferred,20122,10,1667.0,False
deferred,20122,16,1691.0,False
deferred,20122,20,2597.0,False
deferred,20122,12,3569.0,False
deferred,20122,5,5333.0,False
deferred,20123,4,23.0,False
deferred,20123,6,35.0,False
deferred,20123,7,41.0,False
deferred,20123,9,53.0,False
deferred,20123,15,89.0,False
deferred,20123,20,119.0,False
deferred,20123,10,299.0,False
deferred,20123,12,311.0,False
deferred,20123,1,1187.0,False
deferred,20123,16,1715.0,False
deferred,20123,19,4745.0,False
deferred,20123,8,5081.0,False
deferred,20124,5,29.0,False
deferred,20124,8,47.0,False
deferred,20124,10,59.0,False
deferred,20124,11,65.0,False
deferred,20124,12,71.0,False
deferred,20124,13,77.0,False
deferred,20124,18,107.0,False
deferred,20124,20,359.0,False
deferred,20124,15,1193.0,False
deferred,20124,7,1379.0,False
deferred,20124,2,2189.0,False
deferred,20124,3,4415.0,False
deferred,20124,14,4979.0,False
deferred,20125,1,5.0,False
deferred,20125,2,11.0,False
deferred,20125,5,29.0,False
deferred,20125,6,35.0,False
deferred,20125,13,77.0,False
deferred,20125,14,83.0,False
deferred,20125,17,101.0,False
deferred,20125,20,119.0,False
deferred,20125,3,497.0,False
deferred,20125,10,539.0,False
deferred,20125,15,563.0,False
deferred,20125,4,1673.0,False
deferred,20125,9,3701.0,False
deferred,20125,12,3719.0,False
deferred,20125,8,5675.0,False
deferred,20126,5,29.0,False
deferred,20126,8,47.0,False
deferred,20126,9,53.0,False
deferred,20126,10,59.0,False
deferred,20126,12,71.0,False
deferred,20126,14,83.0,False
deferred,20126,15,89.0,False
deferred,20126,19,113.0,False
deferred,20126,4,263.0,False
deferred,20126,18,347.0,False
deferred,20126,16,569.0,False
deferred,20126,3,1181.0,False
deferred,20126,6,2807.0,False
deferred,20126,20,4985.0,False
deferred,20126,7,5123.0,False
deferred,20127,5,29.0,False
deferred,20127,6,35.0,False
deferred,20127,7,41.0,False
deferred,20127,8,47.0,False
deferred,20127,13,77.0,False
deferred,20127,17,101.0,False
deferred,20127,11,305.0,False
deferred,20127,14,1625.0,False
deferred,20127,20,2903.0,False
deferred,20127,16,3491.0,False
deferred,20128,1,5.0,False
deferred,20128,2,11.0,False
deferred,20128,5,29.0,False
deferred,20128,6,35.0,False
deferred,20128,7,41.0,False
deferred,20128,12,71.0,False
deferred,20128,17,341.0,False
deferred,20128,20,359.0,False
deferred,20128,9,1679.0,False
deferred,20128,19,5039.0,False
deferred,20129,1,5.0,False
deferred,20129,3,17.0,False
deferred,20129,7,41.0,False
deferred,20129,8,47.0,False
deferred,20129,11,65.0,False
deferred,20129,17,101.0,False
deferred,20129,19,113.0,False
deferred,20129,5,269.0,False
deferred,20129,13,1031.0,False
deferred,20129,9,1241.0,False
deferred,20129,10,1247.0,False
deferred,20130,1,5.0,False
deferred,20130,7,41.0,False
deferred,20130,9,53.0,False
deferred,20130,11,65.0,False
deferred,20130,14,83.0,False
deferred,20130,17,101.0,False
deferred,20130,19,113.0,False
deferred,20130,2,251.0,False
deferred,20130,3,257.0,False
deferred,20130,5,269.0,False
deferred,20130,13,317.0,False
deferred,20130,18,1877.0,False
deferred,20131,4,23.0,False
deferred,20131,5,29.0,False
deferred,20131,6,35.0,False
deferred,20131,16,95.0,False
deferred,20131,20,359.0,False
deferred,20131,15,1685.0,False
deferred,20131,13,3629.0,False
deferred,20131,18,3653.0,False
deferred,20131,10,4643.0,False
deferred,20131,17,5453.0,False
deferred,20132,3,17.0,False
deferred,20132,4,23.0,False
deferred,20132,5,29.0,False
deferred,20132,10,59.0,False
deferred,20132,13,77.0,False
deferred,20132,15,89.0,False
deferred,20132,16,95.0,False
deferred,20132,6,275.0,False
deferred,20132,12,311.0,False
deferred,20132,2,491.0,False
deferred,20132,7,1643.0,False
deferred,20132,19,3011.0,False
deferred,20132,18,3215.0,False
deferred,20132,9,5057.0,False
deferred,20132,11,5063.0,False
deferred,20132,17,5261.0,False
deferred,20133,4,23.0,False
deferred,20133,5,29.0,False
deferred,20133,8,47.0,False
deferred,20133,16,95.0,False
deferred,20133,19,113.0,False
deferred,20133,20,119.0,False
deferred,20133,9,293.0,False
deferred,20133,10,539.0,False
deferred,20133,15,2525.0,False
deferred,20133,13,4805.0,False
deferred,20133,11,5201.0,False
deferred,20133,17,5225.0,False
deferred,20134,7,41.0,False
deferred,20134,12,71.0,False
deferred,20134,14,83.0,False
deferred,20134,15,89.0,False
deferred,20134,2,251.0,False
deferred,20134,4,263.0,False
deferred,20134,11,305.0,False
deferred,20134,16,335.0,False
deferred,20134,19,353.0,False
deferred,20134,17,581.0,False
deferred,20134,10,1673.0,False
deferred,20134,13,4433.0,False
deferred,20134,6,4601.0,False
deferred,20134,3,4955.0,False
deferred,20134,5,4961.0,False
deferred,20134,18,4997.0,False
deferred,20135,5,29.0,False
deferred,20135,6,35.0,False
deferred,20135,7,41.0,False
deferred,20135,9,53.0,False
deferred,20135,14,83.0,False
deferred,20135,20,359.0,False
deferred,20135,15,569.0,False
deferred,20135,4,2573.0,False
deferred,20135,18,2645.0,False
deferred,20135,1,5249.0,False
deferred,20135,16,6617.0,False
deferred,20136,8,47.0,False
deferred,20136,9,53.0,False
deferred,20136,12,71.0,False
deferred,20136,14,83.0,False
deferred,20136,4,263.0,False
deferred,20136,18,347.0,False
deferred,20136,7,2315.0,False
deferred,20136,5,4571.0,False
deferred,20136,15,4607.0,False
deferred,20136,1,4757.0,False
deferred,20136,17,4817.0,False
deferred,20136,3,5357.0,False
deferred,20137,4,23.0,False
deferred,20137,6,35.0,False
deferred,20137,8,47.0,False
deferred,20137,10,59.0,False
deferred,20137,15,89.0,False
deferred,20137,11,3737.0,False
deferred,20137,19,3785.0,False
deferred,20137,13,4889.0,False
deferred,20137,12,5549.0,False
deferred,20137,20,5591.0,False
deferred,20138,2,11.0,False
deferred,20138,3,17.0,False
deferred,20138,6,35.0,False
deferred,20138,7,41.0,False
deferred,20138,8,47.0,False
deferred,20138,9,53.0,False
deferred,20138,11,65.0,False
deferred,20138,14,83.0,False
deferred,20138,19,113.0,False
deferred,20138,10,539.0,False
deferred,20138,1,2291.0,False
deferred,20138,20,3263.0,False
deferred,20138,15,5111.0,False
deferred,20139,5,29.0,False
deferred,20139,6,35.0,False
deferred,20139,7,41.0,False
deferred,20139,8,47.0,False
deferred,20139,12,71.0,False
deferred,20139,14,83.0,False
deferred,20139,16,95.0,False
deferred,20139,4,263.0,False
deferred,20139,11,1409.0,False
deferred,20139,19,3551.0,False
deferred,20139,18,5339.0,False
deferred,20140,9,53.0,False
deferred,20140,11,65.0,False
deferred,20140,15,89.0,False
deferred,20140,16,95.0,False
deferred,20140,18,107.0,False
deferred,20140,1,245.0,False
deferred,20140,4,263.0,False
deferred,20140,7,281.0,False
deferred,20140,14,323.0,False
deferred,20140,17,341.0,False
deferred,20140,3,3401.0,False
deferred,20140,8,4577.0,False
deferred,20140,13,4601.0,False
deferred,20140,6,4937.0,False
deferred,20140,10,5327.0,False
deferred,20141,9,53.0,False
deferred,20141,13,77.0,False
deferred,20141,8,287.0,False
deferred,20141,11,305.0,False
deferred,20141,12,311.0,False
deferred,20141,14,2999.0,False
deferred,20141,1,3593.0,False
deferred,20141,4,3611.0,False
deferred,20141,6,3623.0,False
deferred,20141,7,4871.0,False
deferred,20141,19,5279.0,False
deferred,20142,1,5.0,False
deferred,20142,3,17.0,False
deferred,20142,7,41.0,False
deferred,20142,8,47.0,False
deferred,20142,15,89.0,False
deferred,20142,19,113.0,False
deferred,20142,13,317.0,False
deferred,20142,10,1655.0,False
deferred,20142,2,2939.0,False
deferred,20142,20,3647.0,False
deferred,20142,14,5249.0,False
deferred,20143,5,29.0,False
deferred,20143,7,41.0,False
deferred,20143,15,89.0,False
deferred,20143,18,107.0,False
deferred,20143,11,305.0,False
deferred,20143,13,317.0,False
deferred,20143,9,533.0,False
deferred,20143,17,2585.0,False
deferred,20143,1,3581.0,False
deferred,20143,3,4775.0,False
deferred,20143,14,4811.0,False
deferred,20144,2,11.0,False
deferred,20144,9,53.0,False
deferred,20144,10,59.0,False
deferred,20144,11,65.0,False
deferred,20144,1,245.0,False
deferred,20144,19,2639.0,False
deferred,20144,5,3641.0,False
deferred,20144,8,3659.0,False
deferred,20144,20,3713.0,False
deferred,20144,14,4733.0,False
deferred,20144,17,4751.0,False
deferred,20144,12,5339.0,False
deferred,20144,13,5345.0,False
deferred,20144,18,5375.0,False
deferred,20145,3,17.0,False
deferred,20145,4,23.0,False
deferred,20145,9,53.0,False
deferred,20145,10,59.0,False
deferred,20145,12,71.0,False
deferred,20145,19,113.0,False
deferred,20145,14,323.0,False
deferred,20145,1,2501.0,False
deferred,20145,18,3029.0,False
deferred,20145,16,3677.0,False
deferred,20145,11,4835.0,False
deferred,20145,8,5567.0,False
deferred,20145,17,5591.0,False
deferred,20146,4,23.0,False
deferred,20146,5,29.0,False
deferred,20146,6,35.0,False
deferred,20146,9,53.0,False
deferred,20146,10,59.0,False
deferred,20146,14,83.0,False
deferred,20146,15,89.0,False
deferred,20146,18,107.0,False
deferred,20146,19,113.0,False
deferred,20146,2,251.0,False
deferred,20146,1,485.0,False
deferred,20146,3,497.0,False
deferred,20146,8,2555.0,False
deferred,20146,20,3641.0,False
deferred,20146,7,4775.0,False
deferred,20146,13,4991.0,False
deferred,20147,2,11.0,False
deferred,20147,3,17.0,False
deferred,20147,4,23.0,False
deferred,20147,5,29.0,False
deferred,20147,9,53.0,False
deferred,20147,12,71.0,False
deferred,20147,14,83.0,False
deferred,20147,18,107.0,False
deferred,20147,6,275.0,False
deferred,20147,1,485.0,False
deferred,20147,7,2975.0,False
deferred,20147,10,5393.0,False
deferred,20148,6,35.0,False
deferred,20148,13,77.0,False
deferred,20148,14,83.0,False
deferred,20148,18,107.0,False
deferred,20148,3,257.0,False
deferred,20148,12,311.0,False
deferred,20148,7,4775.0,False
deferred,20148,9,4787.0,False
deferred,20148,16,4817.0,False
deferred,20148,10,5003.0,False
deferred,20149,5,29.0,False
deferred,20149,6,35.0,False
deferred,20149,8,47.0,False
deferred,20149,9,53.0,False
deferred,20149,11,65.0,False
deferred,20149,12,71.0,False
deferred,20149,18,107.0,False
deferred,20149,19,113.0,False
deferred,20149,20,119.0,False
deferred,20149,2,2369.0,False
deferred,20149,13,3137.0,False
deferred,20149,15,3791.0,False
deferred,20149,16,4949.0,False
deferred,20149,10,5627.0,False
deferred,20150,2,11.0,False
deferred,20150,3,17.0,False
deferred,20150,5,29.0,False
deferred,20150,6,35.0,False
deferred,20150,14,83.0,False
deferred,20150,9,293.0,False
deferred,20150,15,329.0,False
deferred,20150,18,347.0,False
deferred,20150,10,3581.0,False
deferred,20150,16,5315.0,False
deferred,20151,1,5.0,False
deferred,20151,4,23.0,False
deferred,20151,6,35.0,False
deferred,20151,9,53.0,False
deferred,20151,11,65.0,False
deferred,20151,12,71.0,False
deferred,20151,16,95.0,False
deferred,20151,17,101.0,False
deferred,20151,18,107.0,False
deferred,20151,19,353.0,False
deferred,20151,7,1625.0,False
deferred,20151,14,2483.0,False
deferred,20151,3,4487.0,False
deferred,20151,20,4883.0,False
deferred,20151,15,5045.0,False
deferred,20152,1,5.0,False
deferred,20152,2,11.0,False
deferred,20152,3,17.0,False
deferred,20152,6,35.0,False
deferred,20152,14,83.0,False
deferred,20152,18,107.0,False
deferred,20152,19,113.0,False
deferred,20152,20,119.0,False
deferred,20152,8,287.0,False
deferred,20152,9,293.0,False
deferred,20152,7,2261.0,False
deferred,20152,5,3461.0,False
deferred,20152,12,3485.0,False
deferred,20152,16,3509.0,False
deferred,20152,4,4547.0,False
deferred,20152,10,4913.0,False
deferred,20153,3,17.0,False
deferred,20153,4,23.0,False
deferred,20153,6,35.0,False
deferred,20153,8,47.0,False
deferred,20153,13,77.0,False
deferred,20153,15,89.0,False
deferred,20153,10,299.0,False
deferred,20153,11,305.0,False
deferred,20153,1,953.0,False
deferred,20153,19,2645.0,False
deferred,20153,14,3707.0,False
deferred,20153,12,5375.0,False
deferred,20154,1,5.0,False
deferred,20154,6,35.0,False
deferred,20154,8,47.0,False
deferred,20154,11,65.0,False
deferred,20154,12,71.0,False
deferred,20154,14,83.0,False
deferred,20154,16,95.0,False
deferred,20154,20,119.0,False
deferred,20154,7,281.0,False
deferred,20154,13,1715.0,False
deferred,20154,9,1919.0,False
deferred,20154,2,2555.0,False
deferred,20154,18,5111.0,False
deferred,20155,3,17.0,False
deferred,20155,4,23.0,False
deferred,20155,6,35.0,False
deferred,20155,12,71.0,False
deferred,20155,15,89.0,False
deferred,20155,17,101.0,False
deferred,20155,19,113.0,False
deferred,20155,8,287.0,False
deferred,20155,14,1235.0,False
deferred,20155,16,1679.0,False
deferred,20155,2,1829.0,False
deferred,20155,20,2549.0,False
deferred,20155,1,2879.0,False
deferred,20155,11,3107.0,False
deferred,20155,18,4703.0,False
deferred,20155,7,5003.0,False
deferred,20156,1,5.0,False
deferred,20156,2,11.0,False
deferred,20156,8,47.0,False
deferred,20156,9,53.0,False
deferred,20156,15,89.0,False
deferred,20156,16,95.0,False
deferred,20156,17,101.0,False
deferred,20156,20,119.0,False
deferred,20156,19,593.0,False
deferred,20156,4,1703.0,False
deferred,20156,14,2693.0,False
deferred,20156,11,3695.0,False
deferred,20156,12,3701.0,False
deferred,20156,10,5195.0,False
deferred,20156,18,5213.0,False
deferred,20156,5,5351.0,False
deferred,20157,6,35.0,False
deferred,20157,8,47.0,False
deferred,20157,7,281.0,False
deferred,20157,12,311.0,False
deferred,20157,19,353.0,False
deferred,20157,3,2591.0,False
deferred,20157,4,2597.0,False
deferred,20157,5,3059.0,False
deferred,20157,2,3713.0,False
deferred,20157,16,3785.0,False
deferred,20157,13,5399.0,False
deferred,20157,15,5411.0,False
deferred,20157,10,5585.0,False
deferred,20158,1,5.0,False
deferred,20158,2,11.0,False
deferred,20158,4,23.0,False
deferred,20158,5,29.0,False
deferred,20158,15,89.0,False
deferred,20158,16,95.0,False
deferred,20158,9,293.0,False
deferred,20158,11,305.0,False
deferred,20158,14,995.0,False
deferred,20158,18,1007.0,False
deferred,20158,19,1217.0,False
deferred,20158,17,1607.0,False
deferred,20158,8,3257.0,False
deferred,20158,10,4343.0,False
deferred,20158,12,4697.0,False
deferred,20159,9,53.0,False
deferred,20159,14,83.0,False
deferred,20159,17,101.0,False
deferred,20159,18,107.0,False
deferred,20159,5,269.0,False
deferred,20159,11,305.0,False
deferred,20159,19,353.0,False
deferred,20159,2,3035.0,False
deferred,20159,3,3707.0,False
deferred,20159,10,3743.0,False
deferred,20159,12,4799.0,False
deferred,20159,13,4805.0,False
deferred,20159,16,4817.0,False
deferred,20159,1,5357.0,False
deferred,20159,6,5369.0,False
deferred,20159,20,5609.0,False
deferred,20160,5,29.0,False
deferred,20160,15,89.0,False
deferred,20160,16,95.0,False
deferred,20160,17,101.0,False
deferred,20160,2,251.0,False
deferred,20160,6,275.0,False
deferred,20160,9,293.0,False
deferred,20160,13,317.0,False
deferred,20160,1,959.0,False
deferred,20160,14,3077.0,False
deferred,20160,4,4637.0,False
deferred,20160,20,4703.0,False
deferred,20161,3,17.0,False
deferred,20161,4,23.0,False
deferred,20161,5,29.0,False
deferred,20161,6,35.0,False
deferred,20161,12,71.0,False
deferred,20161,17,101.0,False
deferred,20161,2,491.0,False
deferred,20161,11,3323.0,False
deferred,20161,1,3731.0,False
deferred,20161,16,3809.0,False
deferred,20161,9,5447.0,False
deferred,20162,1,5.0,False
deferred,20162,3,17.0,False
deferred,20162,5,29.0,False
deferred,20162,11,65.0,False
deferred,20162,13,77.0,False
deferred,20162,14,83.0,False
deferred,20162,15,89.0,False
deferred,20162,10,3275.0,False
deferred,20162,20,3755.0,False
deferred,20162,4,4955.0,False
deferred,20162,12,4985.0,False
deferred,20162,19,5009.0,False
deferred,20162,16,5387.0,False
deferred,20162,17,5393.0,False
deferred,20163,8,47.0,False
deferred,20163,10,59.0,False
deferred,20163,11,65.0,False
deferred,20163,18,107.0,False
deferred,20163,19,113.0,False
deferred,20163,20,119.0,False
deferred,20163,13,317.0,False
deferred,20163,9,533.0,False
deferred,20163,3,3215.0,False
deferred,20163,15,3713.0,False
deferred,20163,5,4937.0,False
deferred,20163,1,5321.0,False
deferred,20163,12,5363.0,False
deferred,20163,17,5381.0,False
deferred,20164,3,17.0,False
deferred,20164,8,47.0,False
deferred,20164,9,53.0,False
deferred,20164,14,83.0,False
deferred,20164,17,101.0,False
deferred,20164,20,119.0,False
deferred,20164,1,245.0,False
deferred,20164,7,281.0,False
deferred,20164,16,335.0,False
deferred,20164,11,2987.0,False
deferred,20164,5,3395.0,False
deferred,20164,4,4817.0,False
deferred,20164,15,4853.0,False
deferred,20164,19,5429.0,False
deferred,20165,2,11.0,False
deferred,20165,5,29.0,False
deferred,20165,6,35.0,False
deferred,20165,7,41.0,False
deferred,20165,10,59.0,False
deferred,20165,11,65.0,False
deferred,20165,12,71.0,False
deferred,20165,18,107.0,False
deferred,20165,1,245.0,False
deferred,20165,9,293.0,False
deferred,20165,20,4721.0,False
deferred,20165,4,5225.0,False
deferred,20165,8,5231.0,False
deferred,20166,1,5.0,False
deferred,20166,2,11.0,False
deferred,20166,6,35.0,False
deferred,20166,10,59.0,False
deferred,20166,13,77.0,False
deferred,20166,16,335.0,False
deferred,20166,15,1031.0,False
deferred,20166,18,2387.0,False
deferred,20166,8,3629.0,False
deferred,20166,3,4595.0,False
deferred,20166,7,4811.0,False
deferred,20166,12,4829.0,False
deferred,20166,9,5201.0,False
deferred,20167,4,23.0,False
deferred,20167,9,53.0,False
deferred,20167,10,59.0,False
deferred,20167,11,65.0,False
deferred,20167,18,107.0,False
deferred,20167,19,113.0,False
deferred,20167,3,257.0,False
deferred,20167,12,311.0,False
deferred,20167,13,317.0,False
deferred,20167,6,3545.0,False
deferred,20167,7,3551.0,False
deferred,20167,16,3587.0,False
deferred,20167,20,3611.0,False
deferred,20167,1,4727.0,False
deferred,20167,14,5141.0,False
deferred,20167,15,5147.0,False
deferred,20168,5,29.0,False
deferred,20168,6,35.0,False
deferred,20168,9,53.0,False
deferred,20168,10,59.0,False
deferred,20168,11,65.0,False
deferred,20168,15,89.0,False
deferred,20168,2,251.0,False
deferred,20168,17,341.0,False
deferred,20168,20,599.0,False
deferred,20168,3,1667.0,False
deferred,20168,1,2339.0,False
deferred,20168,8,3017.0,False
deferred,20168,4,4589.0,False
deferred,20168,18,5375.0,False
deferred,20169,1,5.0,False
deferred,20169,3,17.0,False
deferred,20169,4,23.0,False
deferred,20169,5,29.0,False
deferred,20169,17,101.0,False
deferred,20169,19,113.0,False
deferred,20169,15,329.0,False
deferred,20169,18,1241.0,False
deferred,20169,6,2489.0,False
deferred,20169,16,2549.0,False
deferred,20169,14,2957.0,False
deferred,20169,2,3515.0,False
deferred,20169,10,3545.0,False
deferred,20169,11,3551.0,False
deferred,20169,7,4607.0,False
deferred,20169,13,4961.0,False
deferred,20170,1,5.0,False
deferred,20170,3,17.0,False
deferred,20170,5,29.0,False
deferred,20170,10,59.0,False
deferred,20170,11,65.0,False
deferred,20170,17,101.0,False
deferred,20170,16,335.0,False
deferred,20170,2,1607.0,False
deferred,20170,15,5159.0,False
deferred,20170,12,5573.0,False
deferred,20171,2,11.0,False
deferred,20171,4,23.0,False
deferred,20171,5,29.0,False
deferred,20171,7,41.0,False
deferred,20171,8,47.0,False
deferred,20171,16,95.0,False
deferred,20171,19,113.0,False
deferred,20171,20,119.0,False
deferred,20171,12,2699.0,False
deferred,20171,6,3137.0,False
deferred,20171,9,3845.0,False
deferred,20171,17,3887.0,False
deferred,20171,14,4895.0,False
deferred,20171,11,5441.0,False
deferred,20171,18,6653.0,False
deferred,20172,2,11.0,False
deferred,20172,13,77.0,False
deferred,20172,17,101.0,False
deferred,20172,19,113.0,False
deferred,20172,20,119.0,False
deferred,20172,5,269.0,False
deferred,20172,7,1223.0,False
deferred,20172,8,2603.0,False
deferred,20172,14,3071.0,False
deferred,20172,9,5321.0,False
deferred,20173,8,47.0,False
deferred,20173,11,65.0,False
deferred,20173,13,77.0,False
deferred,20173,1,245.0,False
deferred,20173,14,323.0,False
deferred,20173,19,353.0,False
deferred,20173,15,569.0,False
deferred,20173,3,1649.0,False
deferred,20173,4,1655.0,False
deferred,20173,5,1661.0,False
deferred,20173,16,1715.0,False
deferred,20173,7,2969.0,False
deferred,20173,10,3563.0,False
deferred,20173,18,3593.0,False
deferred,20174,6,35.0,False
deferred,20174,7,41.0,False
deferred,20174,16,95.0,False
deferred,20174,11,305.0,False
deferred,20174,17,341.0,False
deferred,20174,18,347.0,False
deferred,20174,20,359.0,False
deferred,20174,12,545.0,False
deferred,20174,15,4859.0,False
deferred,20174,10,5243.0,False
deferred,20175,1,5.0,False
deferred,20175,2,11.0,False
deferred,20175,4,23.0,False
deferred,20175,6,35.0,False
deferred,20175,18,107.0,False
deferred,20175,15,329.0,False
deferred,20175,7,521.0,False
deferred,20175,14,2363.0,False
deferred,20175,20,2387.0,False
deferred,20175,9,3599.0,False
deferred,20175,11,3611.0,False
deferred,20175,19,4829.0,False
deferred,20176,8,47.0,False
deferred,20176,11,65.0,False
deferred,20176,13,77.0,False
deferred,20176,14,83.0,False
deferred,20176,18,107.0,False
deferred,20176,3,257.0,False
deferred,20176,20,1799.0,False
deferred,20176,19,4955.0,False
deferred,20176,4,5525.0,False
deferred,20176,6,5939.0,False
deferred,20177,1,5.0,False
deferred,20177,6,35.0,False
deferred,20177,10,59.0,False
deferred,20177,11,65.0,False
deferred,20177,15,89.0,False
deferred,20177,17,101.0,False
deferred,20177,18,107.0,False
deferred,20177,12,311.0,False
deferred,20177,14,323.0,False
deferred,20177,7,521.0,False
deferred,20177,13,2351.0,False
deferred,20177,9,2975.0,False
deferred,20177,8,3599.0,False
deferred,20177,20,3641.0,False
deferred,20177,2,5093.0,False
deferred,20177,19,5465.0,False
deferred,20178,1,5.0,False
deferred,20178,2,11.0,False
deferred,20178,3,17.0,False
deferred,20178,4,23.0,False
deferred,20178,5,29.0,False
deferred,20178,6,35.0,False
deferred,20178,9,53.0,False
deferred,20178,15,89.0,False
deferred,20178,17,101.0,False
deferred,20178,18,107.0,False
deferred,20178,20,359.0,False
deferred,20178,12,3671.0,False
deferred,20178,14,3683.0,False
deferred,20178,11,4619.0,False
deferred,20178,13,4817.0,False
deferred,20178,10,5327.0,False
deferred,20179,3,17.0,False
deferred,20179,4,23.0,False
deferred,20179,9,53.0,False
deferred,20179,10,59.0,False
deferred,20179,14,83.0,False
deferred,20179,18,107.0,False
deferred,20179,11,305.0,False
deferred,20179,19,1925.0,False
deferred,20179,15,3659.0,False
deferred,20179,17,5135.0,False
deferred,20179,1,5267.0,False
deferred,20179,8,5303.0,False
deferred,20179,6,5489.0,False
deferred,20179,16,5705.0,False
deferred,20180,1,5.0,False
deferred,20180,3,17.0,False
deferred,20180,6,35.0,False
deferred,20180,7,41.0,False
deferred,20180,8,47.0,False
deferred,20180,12,71.0,False
deferred,20180,2,251.0,False
deferred,20180,4,263.0,False
deferred,20180,19,1055.0,False
deferred,20180,20,1919.0,False
deferred,20180,18,2543.0,False
deferred,20180,5,2891.0,False
deferred,20180,11,4775.0,False
deferred,20181,1,5.0,False
deferred,20181,2,11.0,False
deferred,20181,16,335.0,False
deferred,20181,20,359.0,False
deferred,20181,14,563.0,False
deferred,20181,3,1205.0,False
deferred,20181,17,1283.0,False
deferred,20181,11,2357.0,False
deferred,20181,9,2969.0,False
deferred,20181,12,3191.0,False
deferred,20181,18,5453.0,False
deferred,20182,1,5.0,False
deferred,20182,3,17.0,False
deferred,20182,5,29.0,False
deferred,20182,11,65.0,False
deferred,20182,12,71.0,False
deferred,20182,14,83.0,False
deferred,20182,17,101.0,False
deferred,20182,18,107.0,False
deferred,20182,20,119.0,False
deferred,20182,8,287.0,False
deferred,20182,9,293.0,False
deferred,20182,16,1547.0,False
deferred,20182,10,2645.0,False
deferred,20182,19,3209.0,False
deferred,20182,2,4223.0,False
deferred,20182,13,4565.0,False
deferred,20183,4,23.0,False
deferred,20183,6,35.0,False
deferred,20183,8,47.0,False
deferred,20183,10,59.0,False
deferred,20183,11,65.0,False
deferred,20183,17,101.0,False
deferred,20183,15,329.0,False
deferred,20183,20,359.0,False
deferred,20183,14,563.0,False
deferred,20183,5,1667.0,False
deferred,20183,3,3563.0,False
deferred,20183,9,3587.0,False
deferred,20183,2,4751.0,False
deferred,20183,7,4769.0,False
deferred,20183,1,5117.0,False
deferred,20183,18,5165.0,False
deferred,20184,2,11.0,False
deferred,20184,3,17.0,False
deferred,20184,5,29.0,False
deferred,20184,6,35.0,False
deferred,20184,8,47.0,False
deferred,20184,16,95.0,False
deferred,20184,17,101.0,False
deferred,20184,20,119.0,False
deferred,20184,13,317.0,False
deferred,20184,18,347.0,False
deferred,20184,1,1643.0,False
deferred,20184,19,4775.0,False
deferred,20184,12,5171.0,False
deferred,20184,15,5393.0,False
deferred,20185,2,11.0,False
deferred,20185,3,17.0,False
deferred,20185,5,29.0,False
deferred,20185,7,41.0,False
deferred,20185,9,53.0,False
deferred,20185,10,59.0,False
deferred,20185,12,71.0,False
deferred,20185,18,107.0,False
deferred,20185,20,119.0,False
deferred,20185,14,323.0,False
deferred,20185,19,353.0,False
deferred,20185,8,2927.0,False
deferred,20185,13,4685.0,False
deferred,20185,15,4697.0,False
deferred,20185,16,5249.0,False
deferred,20186,5,29.0,False
deferred,20186,7,41.0,False
deferred,20186,10,59.0,False
deferred,20186,14,83.0,False
deferred,20186,15,89.0,False
deferred,20186,17,101.0,False
deferred,20186,18,107.0,False
deferred,20186,20,119.0,False
deferred,20186,1,245.0,False
deferred,20186,6,275.0,False
deferred,20186,16,2267.0,False
deferred,20186,4,2417.0,False
deferred,20186,3,3359.0,False
deferred,20186,8,3365.0,False
deferred,20186,19,4781.0,False
deferred,20187,1,5.0,False
deferred,20187,5,29.0,False
deferred,20187,11,65.0,False
deferred,20187,12,71.0,False
deferred,20187,20,119.0,False
deferred,20187,2,251.0,False
deferred,20187,3,257.0,False
deferred,20187,13,317.0,False
deferred,20187,4,983.0,False
deferred,20187,16,1271.0,False
deferred,20187,15,4535.0,False
deferred,20188,2,11.0,False
deferred,20188,4,23.0,False
deferred,20188,5,29.0,False
deferred,20188,6,35.0,False
deferred,20188,7,41.0,False
deferred,20188,13,77.0,False
deferred,20188,14,83.0,False
deferred,20188,19,113.0,False
deferred,20188,17,2837.0,False
deferred,20188,8,5303.0,False
deferred,20188,16,5543.0,False
deferred,20189,1,5.0,False
deferred,20189,2,11.0,False
deferred,20189,3,17.0,False
deferred,20189,7,41.0,False
deferred,20189,9,53.0,False
deferred,20189,13,77.0,False
deferred,20189,15,89.0,False
deferred,20189,16,95.0,False
deferred,20189,20,119.0,False
deferred,20189,6,509.0,False
deferred,20189,19,581.0,False
deferred,20189,8,3569.0,False
deferred,20189,18,3617.0,False
deferred,20189,10,5159.0,False
deferred,20189,5,5489.0,False
deferred,20189,11,5513.0,False
deferred,20190,4,23.0,False
deferred,20190,5,29.0,False
deferred,20190,6,35.0,False
deferred,20190,13,77.0,False
deferred,20190,15,89.0,False
deferred,20190,7,281.0,False
deferred,20190,17,341.0,False
deferred,20190,20,359.0,False
deferred,20190,10,2633.0,False
deferred,20190,2,3047.0,False
deferred,20190,18,3359.0,False
deferred,20190,1,3719.0,False
deferred,20190,12,5003.0,False
deferred,20191,2,11.0,False
deferred,20191,5,29.0,False
deferred,20191,9,53.0,False
deferred,20191,15,89.0,False
deferred,20191,16,95.0,False
deferred,20191,13,317.0,False
deferred,20191,18,347.0,False
deferred,20191,20,359.0,False
deferred,20191,12,1709.0,False
deferred,20191,11,4859.0,False
deferred,20191,7,5237.0,False
deferred,20191,14,5465.0,False
deferred,20192,2,11.0,False
deferred,20192,11,65.0,False
deferred,20192,14,83.0,False
deferred,20192,15,89.0,False
deferred,20192,16,95.0,False
deferred,20192,18,107.0,False
deferred,20192,20,119.0,False
deferred,20192,1,245.0,False
deferred,20192,5,269.0,False
deferred,20192,10,299.0,False
deferred,20192,7,5207.0,False
deferred,20193,5,29.0,False
deferred,20193,13,77.0,False
deferred,20193,16,95.0,False
deferred,20193,19,113.0,False
deferred,20193,20,119.0,False
deferred,20193,7,281.0,False
deferred,20193,18,347.0,False
deferred,20193,1,1187.0,False
deferred,20193,17,2399.0,False
deferred,20193,2,2969.0,False
deferred,20193,12,3023.0,False
deferred,20193,14,3029.0,False
deferred,20193,15,5177.0,False
deferred,20193,8,5339.0,False
deferred,20193,11,6731.0,False
deferred,20194,2,11.0,False
deferred,20194,3,17.0,False
deferred,20194,7,41.0,False
deferred,20194,9,53.0,False
deferred,20194,12,71.0,False
deferred,20194,13,77.0,False
deferred,20194,16,95.0,False
deferred,20194,18,107.0,False
deferred,20194,19,113.0,False
deferred,20194,20,119.0,False
deferred,20194,14,2975.0,False
deferred,20194,17,3593.0,False
deferred,20194,1,5009.0,False
deferred,20194,10,5039.0,False
deferred,20194,15,5057.0,False
deferred,20195,4,23.0,False
deferred,20195,5,29.0,False
deferred,20195,10,59.0,False
deferred,20195,11,65.0,False
deferred,20195,13,77.0,False
deferred,20195,9,293.0,False
deferred,20195,16,335.0,False
deferred,20195,14,1685.0,False
deferred,20195,19,3437.0,False
deferred,20195,2,3575.0,False
deferred,20195,12,3611.0,False
deferred,20195,18,3635.0,False
deferred,20195,1,5123.0,False
deferred,20196,3,17.0,False
deferred,20196,8,47.0,False
deferred,20196,12,71.0,False
deferred,20196,16,95.0,False
deferred,20196,1,245.0,False
deferred,20196,6,275.0,False
deferred,20196,14,563.0,False
deferred,20196,10,2921.0,False
deferred,20196,17,3161.0,False
deferred,20196,2,3515.0,False
deferred,20196,9,4733.0,False
deferred,20197,3,17.0,False
deferred,20197,4,23.0,False
deferred,20197,10,59.0,False
deferred,20197,14,83.0,False
deferred,20197,11,305.0,False
deferred,20197,16,3131.0,False
deferred,20197,19,3833.0,False
deferred,20197,9,4895.0,False
deferred,20197,13,5501.0,False
deferred,20197,5,5663.0,False
deferred,20197,15,5699.0,False
deferred,20198,3,17.0,False
deferred,20198,5,29.0,False
deferred,20198,6,35.0,False
deferred,20198,10,59.0,False
deferred,20198,11,65.0,False
deferred,20198,12,71.0,False
deferred,20198,9,293.0,False
deferred,20198,1,953.0,False
deferred,20198,19,4745.0,False
deferred,20198,15,5105.0,False
deferred,20198,17,6461.0,False
deferred,20199,1,5.0,False
deferred,20199,3,17.0,False
deferred,20199,6,35.0,False
deferred,20199,10,59.0,False
deferred,20199,14,83.0,False
deferred,20199,18,107.0,False
deferred,20199,20,119.0,False
deferred,20199,4,263.0,False
deferred,20199,12,311.0,False
deferred,20199,11,545.0,False
deferred,20199,2,1181.0,False
deferred,20199,5,1619.0,False
deferred,20199,9,3413.0,False
deferred,20199,13,3419.0,False
deferred,20199,16,3431.0,False
deferred,20199,17,5045.0,False
deferred,20200,1,5.0,False
deferred,20200,3,17.0,False
deferred,20200,8,47.0,False
deferred,20200,9,53.0,False
deferred,20200,11,65.0,False
deferred,20200,12,71.0,False
deferred,20200,15,89.0,False
deferred,20200,20,119.0,False
deferred,20200,2,251.0,False
deferred,20200,14,323.0,False
deferred,20200,4,3605.0,False
deferred,20200,6,3617.0,False
deferred,20200,10,5237.0,False
deferred,20200,16,5603.0,False
deferred,20201,1,5.0,False
deferred,20201,3,17.0,False
deferred,20201,5,29.0,False
deferred,20201,7,41.0,False
deferred,20201,14,83.0,False
deferred,20201,15,89.0,False
deferred,20201,11,305.0,False
deferred,20201,6,1667.0,False
deferred,20201,18,3719.0,False
deferred,20201,4,4919.0,False
deferred,20202,1,5.0,False
deferred,20202,5,29.0,False
deferred,20202,8,47.0,False
deferred,20202,11,65.0,False
deferred,20202,14,83.0,False
deferred,20202,16,95.0,False
deferred,20202,18,107.0,False
deferred,20202,20,119.0,False
deferred,20202,2,251.0,False
deferred,20202,6,275.0,False
deferred,20202,3,497.0,False
deferred,20202,12,551.0,False
deferred,20202,17,2669.0,False
deferred,20202,9,3185.0,False
deferred,20202,10,4583.0,False
deferred,20203,4,23.0,False
deferred,20203,7,41.0,False
deferred,20203,13,77.0,False
deferred,20203,14,83.0,False
deferred,20203,16,95.0,False
deferred,20203,17,101.0,False
deferred,20203,19,113.0,False
deferred,20203,20,359.0,False
deferred,20203,11,1643.0,False
deferred,20203,3,3101.0,False
deferred,20203,12,5063.0,False
deferred,20203,15,5069.0,False
deferred,20204,6,35.0,False
deferred,20204,7,41.0,False
deferred,20204,9,53.0,False
deferred,20204,13,77.0,False
deferred,20204,19,113.0,False
deferred,20204,20,119.0,False
deferred,20204,16,335.0,False
deferred,20204,5,935.0,False
deferred,20204,15,2717.0,False
deferred,20204,3,2867.0,False
deferred,20204,17,4217.0,False
deferred,20204,10,4733.0,False
deferred,20205,4,23.0,False
deferred,20205,5,29.0,False
deferred,20205,15,89.0,False
deferred,20205,16,95.0,False
deferred,20205,17,101.0,False
deferred,20205,18,107.0,False
deferred,20205,20,119.0,False
deferred,20205,3,257.0,False
deferred,20205,10,299.0,False
deferred,20205,9,527.0,False
deferred,20205,11,3509.0,False
deferred,20205,13,3521.0,False
deferred,20206,1,5.0,False
deferred,20206,2,11.0,False
deferred,20206,3,17.0,False
deferred,20206,8,47.0,False
deferred,20206,10,59.0,False
deferred,20206,12,71.0,False
deferred,20206,17,101.0,False
deferred,20206,4,263.0,False
deferred,20206,6,275.0,False
deferred,20206,9,293.0,False
deferred,20206,13,1571.0,False
deferred,20206,11,2927.0,False
deferred,20206,15,3299.0,False
deferred,20206,19,4715.0,False
deferred,20207,1,5.0,False
deferred,20207,3,17.0,False
deferred,20207,13,77.0,False
deferred,20207,14,83.0,False
deferred,20207,16,95.0,False
deferred,20207,18,107.0,False
deferred,20207,8,1211.0,False
deferred,20207,10,1679.0,False
deferred,20207,11,5417.0,False
deferred,20207,15,5633.0,False
deferred,20208,1,5.0,False
deferred,20208,3,17.0,False
deferred,20208,6,35.0,False
deferred,20208,7,41.0,False
deferred,20208,17,101.0,False
deferred,20208,18,107.0,False
deferred,20208,13,317.0,False
deferred,20208,8,3575.0,False
deferred,20208,5,4757.0,False
deferred,20208,9,5147.0,False
deferred,20209,1,5.0,False
deferred,20209,4,23.0,False
deferred,20209,5,29.0,False
deferred,20209,6,35.0,False
deferred,20209,11,65.0,False
deferred,20209,12,71.0,False
deferred,20209,13,77.0,False
deferred,20209,18,107.0,False
deferred,20209,19,113.0,False
deferred,20209,20,119.0,False
deferred,20209,14,323.0,False
deferred,20209,15,329.0,False
deferred,20209,7,521.0,False
deferred,20209,10,1661.0,False
deferred,20209,2,4751.0,False
deferred,20209,3,5321.0,False
deferred,20210,2,11.0,False
deferred,20210,6,35.0,False
deferred,20210,7,41.0,False
deferred,20210,10,59.0,False
deferred,20210,13,77.0,False
deferred,20210,14,83.0,False
deferred,20210,17,101.0,False
deferred,20210,9,1709.0,False
deferred,20210,11,3713.0,False
deferred,20210,20,4997.0,False
deferred,20210,3,5513.0,False
deferred,20211,2,11.0,False
deferred,20211,5,29.0,False
deferred,20211,16,95.0,False
deferred,20211,17,101.0,False
deferred,20211,18,107.0,False
deferred,20211,20,119.0,False
deferred,20211,12,551.0,False
deferred,20211,10,3713.0,False
deferred,20211,14,3737.0,False
deferred,20211,3,4973.0,False
deferred,20211,9,5417.0,False
deferred,20211,15,5441.0,False
deferred,20211,1,5771.0,False
deferred,20212,4,23.0,False
deferred,20212,5,29.0,False
deferred,20212,6,35.0,False
deferred,20212,8,47.0,False
deferred,20212,12,71.0,False
deferred,20212,15,89.0,False
deferred,20212,16,95.0,False
deferred,20212,20,119.0,False
deferred,20212,3,1667.0,False
deferred,20212,1,5627.0,False
deferred,20213,4,23.0,False
deferred,20213,5,29.0,False
deferred,20213,6,35.0,False
deferred,20213,9,53.0,False
deferred,20213,12,71.0,False
deferred,20213,16,95.0,False
deferred,20213,20,119.0,False
deferred,20213,15,1037.0,False
deferred,20213,10,3701.0,False
deferred,20213,8,4775.0,False
deferred,20213,3,5399.0,False
deferred,20213,14,5447.0,False
deferred,20214,6,35.0,False
deferred,20214,9,53.0,False
deferred,20214,12,71.0,False
deferred,20214,15,89.0,False
deferred,20214,16,95.0,False
deferred,20214,20,119.0,False
deferred,20214,4,263.0,False
deferred,20214,11,305.0,False
deferred,20214,14,323.0,False
deferred,20214,10,1007.0,False
deferred,20214,19,1049.0,False
deferred,20214,18,1919.0,False
deferred,20214,3,2873.0,False
deferred,20214,2,4427.0,False
deferred,20214,1,4979.0,False
deferred,20214,7,5009.0,False
deferred,20215,7,41.0,False
deferred,20215,10,59.0,False
deferred,20215,14,83.0,False
deferred,20215,18,107.0,False
deferred,20215,9,293.0,False
deferred,20215,6,1229.0,False
deferred,20215,12,2417.0,False
deferred,20215,11,3077.0,False
deferred,20215,8,4781.0,False
deferred,20215,15,4799.0,False
deferred,20216,7,41.0,False
deferred,20216,8,47.0,False
deferred,20216,9,53.0,False
deferred,20216,15,89.0,False
deferred,20216,3,257.0,False
deferred,20216,13,557.0,False
deferred,20216,11,1685.0,False
deferred,20216,1,2303.0,False
deferred,20216,5,3611.0,False
deferred,20216,6,3617.0,False
deferred,20216,19,3665.0,False
deferred,20216,12,4637.0,False
deferred,20216,14,4829.0,False
deferred,20216,17,4841.0,False
deferred,20216,4,5177.0,False
deferred,20216,20,6449.0,False
deferred,20217,10,59.0,False
deferred,20217,16,95.0,False
deferred,20217,17,101.0,False
deferred,20217,18,107.0,False
deferred,20217,6,275.0,False
deferred,20217,8,287.0,False
deferred,20217,13,317.0,False
deferred,20217,14,323.0,False
deferred,20217,11,545.0,False
deferred,20217,20,1691.0,False
deferred,20217,1,2441.0,False
deferred,20217,12,2489.0,False
deferred,20217,4,4925.0,False
deferred,20217,5,5279.0,False
deferred,20218,3,17.0,False
deferred,20218,5,29.0,False
deferred,20218,9,53.0,False
deferred,20218,11,65.0,False
deferred,20218,12,71.0,False
deferred,20218,14,83.0,False
deferred,20218,17,101.0,False
deferred,20218,18,107.0,False
deferred,20218,2,491.0,False
deferred,20218,7,521.0,False
deferred,20218,13,557.0,False
deferred,20218,15,569.0,False
deferred,20218,4,1187.0,False
deferred,20218,1,2801.0,False
deferred,20218,16,3407.0,False
deferred,20218,10,4763.0,False
deferred,20219,1,5.0,False
deferred,20219,5,29.0,False
deferred,20219,8,47.0,False
deferred,20219,10,59.0,False
deferred,20219,12,71.0,False
deferred,20219,6,275.0,False
deferred,20219,20,1721.0,False
deferred,20219,17,3677.0,False
deferred,20219,11,4667.0,False
deferred,20219,2,5225.0,False
deferred,20220,4,23.0,False
deferred,20220,5,29.0,False
deferred,20220,7,41.0,False
deferred,20220,10,59.0,False
deferred,20220,12,71.0,False
deferred,20220,20,119.0,False
deferred,20220,1,245.0,False
deferred,20220,15,329.0,False
deferred,20220,8,1217.0,False
deferred,20220,9,3539.0,False
deferred,20220,16,5105.0,False
deferred,20220,17,5303.0,False
deferred,20220,3,5447.0,False
deferred,20221,3,17.0,False
deferred,20221,5,29.0,False
deferred,20221,8,47.0,False
deferred,20221,10,59.0,False
deferred,20221,11,65.0,False
deferred,20221,13,77.0,False
deferred,20221,14,83.0,False
deferred,20221,6,275.0,False
deferred,20221,7,281.0,False
deferred,20221,17,341.0,False
deferred,20221,16,1655.0,False
deferred,20221,20,3491.0,False
deferred,20221,12,4943.0,False
deferred,20221,19,4967.0,False
deferred,20222,4,23.0,False
deferred,20222,8,47.0,False
deferred,20222,11,65.0,False
deferred,20222,12,71.0,False
deferred,20222,17,101.0,False
deferred,20222,1,245.0,False
deferred,20222,16,335.0,False
deferred,20222,2,1631.0,False
deferred,20222,19,3551.0,False
deferred,20222,9,4475.0,False
deferred,20223,4,23.0,False
deferred,20223,7,41.0,False
deferred,20223,16,95.0,False
deferred,20223,2,251.0,False
deferred,20223,5,269.0,False
deferred,20223,8,287.0,False
deferred,20223,10,539.0,False
deferred,20223,9,3617.0,False
deferred,20223,13,4673.0,False
deferred,20223,20,5123.0,False
deferred,20223,15,5297.0,False
deferred,20223,18,5315.0,False
deferred,20224,6,35.0,False
deferred,20224,11,65.0,False
deferred,20224,14,83.0,False
deferred,20224,1,485.0,False
deferred,20224,10,2639.0,False
deferred,20224,19,3143.0,False
deferred,20224,20,3149.0,False
deferred,20224,13,4841.0,False
deferred,20224,2,4997.0,False
deferred,20224,12,5045.0,False
deferred,20224,16,5681.0,False
deferred,20225,1,5.0,False
deferred,20225,2,11.0,False
deferred,20225,7,41.0,False
deferred,20225,8,47.0,False
deferred,20225,9,53.0,False
deferred,20225,14,83.0,False
deferred,20225,15,89.0,False
deferred,20225,18,107.0,False
deferred,20225,19,113.0,False
deferred,20225,13,317.0,False
deferred,20225,16,335.0,False
deferred,20225,17,2921.0,False
deferred,20225,11,5279.0,False
deferred,20225,5,5441.0,False
deferred,20226,2,11.0,False
deferred,20226,3,17.0,False
deferred,20226,4,23.0,False
deferred,20226,10,59.0,False
deferred,20226,16,95.0,False
deferred,20226,20,119.0,False
deferred,20226,8,287.0,False
deferred,20226,12,3491.0,False
deferred,20226,19,3755.0,False
deferred,20226,15,4835.0,False
deferred,20226,13,5843.0,False
deferred,20227,4,23.0,False
deferred,20227,17,101.0,False
deferred,20227,18,107.0,False
deferred,20227,2,251.0,False
deferred,20227,5,269.0,False
deferred,20227,6,275.0,False
deferred,20227,12,311.0,False
deferred,20227,16,335.0,False
deferred,20227,19,353.0,False
deferred,20227,10,2441.0,False
deferred,20227,14,3305.0,False
deferred,20227,9,5297.0,False
deferred,20227,20,5537.0,False
deferred,20228,3,17.0,False
deferred,20228,4,23.0,False
deferred,20228,9,53.0,False
deferred,20228,19,113.0,False
deferred,20228,8,287.0,False
deferred,20228,17,341.0,False
deferred,20228,18,347.0,False
deferred,20228,13,1925.0,False
deferred,20228,6,2327.0,False
deferred,20228,7,2981.0,False
deferred,20228,12,3209.0,False
deferred,20228,2,3575.0,False
deferred,20228,5,3587.0,False
deferred,20228,11,3611.0,False
deferred,20228,20,4565.0,False
deferred,20228,1,5045.0,False
deferred,20229,4,23.0,False
deferred,20229,12,71.0,False
deferred,20229,15,89.0,False
deferred,20229,8,287.0,False
deferred,20229,13,317.0,False
deferred,20229,20,359.0,False
deferred,20229,5,3299.0,False
deferred,20229,18,5117.0,False
deferred,20229,3,5471.0,False
deferred,20229,16,5525.0,False
deferred,20229,17,5741.0,False
deferred,20230,4,23.0,False
deferred,20230,7,41.0,False
deferred,20230,9,53.0,False
deferred,20230,11,65.0,False
deferred,20230,12,71.0,False
deferred,20230,13,77.0,False
deferred,20230,14,83.0,False
deferred,20230,19,113.0,False
deferred,20230,20,119.0,False
deferred,20230,17,341.0,False
deferred,20230,16,4583.0,False
deferred,20230,3,5129.0,False
deferred,20230,8,5153.0,False
deferred,20231,7,41.0,False
deferred,20231,12,71.0,False
deferred,20231,16,95.0,False
deferred,20231,17,101.0,False
deferred,20231,20,119.0,False
deferred,20231,3,257.0,False
deferred,20231,4,263.0,False
deferred,20231,10,299.0,False
deferred,20231,13,317.0,False
deferred,20231,19,353.0,False
deferred,20231,9,2291.0,False
deferred,20231,5,2861.0,False
deferred,20231,15,2903.0,False
deferred,20231,2,3431.0,False
deferred,20231,11,4475.0,False
deferred,20231,8,4781.0,False
deferred,20232,2,11.0,False
deferred,20232,3,17.0,False
deferred,20232,5,29.0,False
deferred,20232,10,59.0,False
deferred,20232,13,77.0,False
deferred,20232,14,83.0,False
deferred,20232,15,89.0,False
deferred,20232,17,101.0,False
deferred,20232,18,107.0,False
deferred,20232,20,119.0,False
deferred,20232,6,2921.0,False
deferred,20232,4,3539.0,False
deferred,20232,19,3611.0,False
deferred,20232,8,5039.0,False
deferred,20233,4,23.0,False
deferred,20233,5,29.0,False
deferred,20233,6,35.0,False
deferred,20233,9,53.0,False
deferred,20233,10,59.0,False
deferred,20233,11,65.0,False
deferred,20233,12,71.0,False
deferred,20233,16,95.0,False
deferred,20233,19,113.0,False
deferred,20233,8,287.0,False
deferred,20233,18,347.0,False
deferred,20233,15,1709.0,False
deferred,20233,20,1733.0,False
deferred,20234,4,23.0,False
deferred,20234,5,29.0,False
deferred,20234,9,53.0,False
deferred,20234,10,59.0,False
deferred,20234,14,83.0,False
deferred,20234,17,101.0,False
deferred,20234,20,119.0,False
deferred,20234,6,275.0,False
deferred,20234,11,305.0,False
deferred,20234,12,311.0,False
deferred,20234,13,317.0,False
deferred,20234,19,353.0,False
deferred,20234,7,521.0,False
deferred,20234,2,2177.0,False
deferred,20234,18,2789.0,False
deferred,20234,16,3305.0,False
deferred,20235,5,29.0,False
deferred,20235,6,35.0,False
deferred,20235,7,41.0,False
deferred,20235,9,53.0,False
deferred,20235,18,107.0,False
deferred,20235,11,305.0,False
deferred,20235,14,323.0,False
deferred,20235,17,341.0,False
deferred,20235,13,557.0,False
deferred,20235,8,1595.0,False
deferred,20235,20,1637.0,False
deferred,20235,4,2771.0,False
deferred,20235,2,3317.0,False
deferred,20235,12,3347.0,False
deferred,20235,19,4451.0,False
deferred,20235,16,4931.0,False
deferred,20236,2,11.0,False
deferred,20236,5,29.0,False
deferred,20236,7,41.0,False
deferred,20236,14,83.0,False
deferred,20236,20,119.0,False
deferred,20236,3,257.0,False
deferred,20236,17,341.0,False
deferred,20236,19,353.0,False
deferred,20236,4,3551.0,False
deferred,20236,13,3599.0,False
deferred,20236,11,5561.0,False
deferred,20237,2,11.0,False
deferred,20237,3,17.0,False
deferred,20237,4,23.0,False
deferred,20237,7,41.0,False
deferred,20237,8,47.0,False
deferred,20237,10,59.0,False
deferred,20237,13,77.0,False
deferred,20237,14,83.0,False
deferred,20237,16,95.0,False
deferred,20237,12,311.0,False
deferred,20237,20,1715.0,False
deferred,20237,17,3005.0,False
deferred,20237,5,4715.0,False
deferred,20238,5,29.0,False
deferred,20238,6,35.0,False
deferred,20238,8,47.0,False
deferred,20238,9,53.0,False
deferred,20238,12,71.0,False
deferred,20238,17,101.0,False
deferred,20238,14,323.0,False
deferred,20238,7,521.0,False
deferred,20238,11,2549.0,False
deferred,20238,15,3005.0,False
deferred,20238,16,3227.0,False
deferred,20238,4,5213.0,False
deferred,20238,19,5249.0,False
deferred,20239,2,11.0,False
deferred,20239,3,17.0,False
deferred,20239,4,23.0,False
deferred,20239,9,53.0,False
deferred,20239,10,59.0,False
deferred,20239,14,83.0,False
deferred,20239,15,89.0,False
deferred,20239,18,347.0,False
deferred,20239,13,1247.0,False
deferred,20239,5,1661.0,False
deferred,20239,7,4511.0,False
deferred,20239,12,5093.0,False
deferred,20239,20,5117.0,False
deferred,20240,5,29.0,False
deferred,20240,8,47.0,False
deferred,20240,19,113.0,False
deferred,20240,10,299.0,False
deferred,20240,11,305.0,False
deferred,20240,20,359.0,False
deferred,20240,14,563.0,False
deferred,20240,18,1301.0,False
deferred,20240,15,3137.0,False
deferred,20240,4,3761.0,False
deferred,20240,16,3827.0,False
deferred,20240,1,5051.0,False
deferred,20240,3,5495.0,False
deferred,20240,9,5735.0,False
deferred,20240,12,5957.0,False
deferred,20241,1,5.0,False
deferred,20241,3,17.0,False
deferred,20241,10,59.0,False
deferred,20241,13,77.0,False
deferred,20241,14,83.0,False
deferred,20241,16,95.0,False
deferred,20241,20,119.0,False
deferred,20241,4,263.0,False
deferred,20241,6,275.0,False
deferred,20241,19,3077.0,False
deferred,20241,5,3425.0,False
deferred,20241,7,3437.0,False
deferred,20241,2,4955.0,False
deferred,20241,15,4997.0,False
deferred,20241,17,5183.0,False
deferred,20242,3,17.0,False
deferred,20242,7,41.0,False
deferred,20242,9,53.0,False
deferred,20242,11,65.0,False
deferred,20242,13,77.0,False
deferred,20242,12,311.0,False
deferred,20242,5,1187.0,False
deferred,20242,15,2555.0,False
deferred,20242,19,2579.0,False
deferred,20242,10,4535.0,False
deferred,20242,20,4763.0,False
deferred,20242,6,5099.0,False
deferred,20243,1,5.0,False
deferred,20243,2,11.0,False
deferred,20243,3,17.0,False
deferred,20243,4,23.0,False
deferred,20243,5,29.0,False
deferred,20243,9,53.0,False
deferred,20243,10,59.0,False
deferred,20243,11,65.0,False
deferred,20243,12,71.0,False
deferred,20243,14,83.0,False
deferred,20243,17,101.0,False
deferred,20243,19,113.0,False
deferred,20243,13,317.0,False
deferred,20243,15,1241.0,False
deferred,20243,6,1643.0,False
deferred,20244,3,17.0,False
deferred,20244,5,29.0,False
deferred,20244,10,59.0,False
deferred,20244,11,65.0,False
deferred,20244,12,71.0,False
deferred,20244,14,83.0,False
deferred,20244,18,107.0,False
deferred,20244,19,113.0,False
deferred,20244,2,251.0,False
deferred,20244,20,1061.0,False
deferred,20244,1,2507.0,False
deferred,20244,7,3563.0,False
deferred,20244,6,4517.0,False
deferred,20244,9,5099.0,False
deferred,20245,6,35.0,False
deferred,20245,8,47.0,False
deferred,20245,9,53.0,False
deferred,20245,11,65.0,False
deferred,20245,13,77.0,False
deferred,20245,14,83.0,False
deferred,20245,15,89.0,False
deferred,20245,16,95.0,False
deferred,20245,17,101.0,False
deferred,20245,20,119.0,False
deferred,20245,12,311.0,False
deferred,20245,19,353.0,False
deferred,20245,5,3305.0,False
deferred,20245,2,4385.0,False
deferred,20245,3,4391.0,False
deferred,20245,4,4931.0,False
deferred,20246,1,5.0,False
deferred,20246,7,41.0,False
deferred,20246,13,77.0,False
deferred,20246,14,83.0,False
deferred,20246,17,101.0,False
deferred,20246,19,113.0,False
deferred,20246,20,119.0,False
deferred,20246,3,257.0,False
deferred,20246,8,3617.0,False
deferred,20246,10,3629.0,False
deferred,20246,18,3665.0,False
deferred,20247,1,5.0,False
deferred,20247,3,17.0,False
deferred,20247,5,29.0,False
deferred,20247,6,35.0,False
deferred,20247,9,53.0,False
deferred,20247,14,83.0,False
deferred,20247,15,89.0,False
deferred,20247,17,101.0,False
deferred,20247,18,107.0,False
deferred,20247,20,119.0,False
deferred,20247,11,305.0,False
deferred,20247,2,2597.0,False
deferred,20247,19,3107.0,False
deferred,20247,13,3677.0,False
deferred,20247,4,5291.0,False
deferred,20248,1,5.0,False
deferred,20248,2,11.0,False
deferred,20248,3,17.0,False
deferred,20248,5,29.0,False
deferred,20248,9,53.0,False
deferred,20248,20,119.0,False
deferred,20248,4,263.0,False
deferred,20248,8,287.0,False
deferred,20248,10,299.0,False
deferred,20248,13,317.0,False
deferred,20248,6,983.0,False
deferred,20248,14,2711.0,False
deferred,20248,19,3539.0,False
deferred,20249,9,53.0,False
deferred,20249,16,95.0,False
deferred,20249,18,107.0,False
deferred,20249,1,245.0,False
deferred,20249,5,269.0,False
deferred,20249,8,287.0,False
deferred,20249,14,323.0,False
deferred,20249,20,599.0,False
deferred,20249,11,1691.0,False
deferred,20249,2,4853.0,False
deferred,20249,6,5279.0,False
deferred,20249,17,5321.0,False
deferred,20250,8,47.0,False
deferred,20250,9,53.0,False
deferred,20250,13,77.0,False
deferred,20250,14,83.0,False
deferred,20250,15,89.0,False
deferred,20250,17,101.0,False
deferred,20250,18,107.0,False
deferred,20250,1,245.0,False
deferred,20250,19,353.0,False
deferred,20250,4,1655.0,False
deferred,20250,12,2603.0,False
deferred,20250,10,4817.0,False
deferred,20251,2,11.0,False
deferred,20251,3,17.0,False
deferred,20251,6,35.0,False
deferred,20251,16,95.0,False
deferred,20251,17,101.0,False
deferred,20251,19,113.0,False
deferred,20251,20,119.0,False
deferred,20251,9,293.0,False
deferred,20251,10,299.0,False
deferred,20251,4,947.0,False
deferred,20251,15,4835.0,False
deferred,20251,18,5417.0,False
deferred,20252,1,5.0,False
deferred,20252,2,11.0,False
deferred,20252,5,29.0,False
deferred,20252,11,65.0,False
deferred,20252,12,71.0,False
deferred,20252,13,77.0,False
deferred,20252,15,89.0,False
deferred,20252,17,101.0,False
deferred,20252,8,287.0,False
deferred,20252,20,359.0,False
deferred,20252,14,1265.0,False
deferred,20252,3,2345.0,False
deferred,20252,16,3653.0,False
deferred,20252,10,5147.0,False
deferred,20252,6,5303.0,False
deferred,20252,19,5339.0,False
deferred,20253,7,41.0,False
deferred,20253,11,65.0,False
deferred,20253,14,83.0,False
deferred,20253,15,89.0,False
deferred,20253,16,95.0,False
deferred,20253,20,119.0,False
deferred,20253,4,263.0,False
deferred,20253,12,311.0,False
deferred,20253,18,347.0,False
deferred,20253,9,2297.0,False
deferred,20253,19,4607.0,False
deferred,20253,10,5153.0,False
deferred,20254,1,5.0,False
deferred,20254,3,17.0,False
deferred,20254,4,23.0,False
deferred,20254,5,29.0,False
deferred,20254,6,35.0,False
deferred,20254,8,47.0,False
deferred,20254,9,53.0,False
deferred,20254,15,89.0,False
deferred,20254,16,95.0,False
deferred,20254,20,359.0,False
deferred,20254,7,2561.0,False
deferred,20254,17,3647.0,False
deferred,20254,11,4559.0,False
deferred,20254,12,5117.0,False
deferred,20254,14,5129.0,False
deferred,20255,9,53.0,False
deferred,20255,12,71.0,False
deferred,20255,14,83.0,False
deferred,20255,18,107.0,False
deferred,20255,20,119.0,False
deferred,20255,13,317.0,False
deferred,20255,1,2939.0,False
deferred,20255,15,4703.0,False
deferred,20255,4,4865.0,False
deferred,20255,11,4901.0,False
deferred,20255,5,5489.0,False
deferred,20256,5,29.0,False
deferred,20256,6,35.0,False
deferred,20256,11,65.0,False
deferred,20256,13,77.0,False
deferred,20256,14,83.0,False
deferred,20256,16,95.0,False
deferred,20256,18,107.0,False
deferred,20256,1,245.0,False
deferred,20256,20,593.0,False
deferred,20256,19,1739.0,False
deferred,20256,12,2591.0,False
deferred,20256,10,2987.0,False
deferred,20256,3,3533.0,False
deferred,20256,17,3587.0,False
deferred,20257,2,11.0,False
deferred,20257,3,17.0,False
deferred,20257,6,35.0,False
deferred,20257,8,47.0,False
deferred,20257,12,71.0,False
deferred,20257,18,107.0,False
deferred,20257,19,113.0,False
deferred,20257,11,305.0,False
deferred,20257,20,359.0,False
deferred,20257,1,1601.0,False
deferred,20257,14,1667.0,False
deferred,20257,15,2555.0,False
deferred,20257,5,2933.0,False
deferred,20257,13,4691.0,False
deferred,20258,4,23.0,False
deferred,20258,6,35.0,False
deferred,20258,13,77.0,False
deferred,20258,14,83.0,False
deferred,20258,15,89.0,False
deferred,20258,18,107.0,False
deferred,20258,20,119.0,False
deferred,20258,2,251.0,False
deferred,20258,11,305.0,False
deferred,20258,3,497.0,False
deferred,20258,10,1223.0,False
deferred,20258,1,2489.0,False
deferred,20258,12,2741.0,False
deferred,20258,16,5039.0,False
deferred,20259,4,23.0,False
deferred,20259,8,47.0,False
deferred,20259,11,65.0,False
deferred,20259,13,77.0,False
deferred,20259,15,89.0,False
deferred,20259,17,101.0,False
deferred,20259,19,113.0,False
deferred,20259,18,347.0,False
deferred,20259,2,491.0,False
deferred,20259,14,3473.0,False
deferred,20259,1,3629.0,False
deferred,20259,5,4925.0,False
deferred,20259,3,5309.0,False
deferred,20260,5,29.0,False
deferred,20260,13,77.0,False
deferred,20260,14,83.0,False
deferred,20260,18,107.0,False
deferred,20260,7,281.0,False
deferred,20260,10,299.0,False
deferred,20260,15,563.0,False
deferred,20260,17,575.0,False
deferred,20260,8,3479.0,False
deferred,20260,11,3491.0,False
deferred,20260,4,4631.0,False
deferred,20260,6,5177.0,False
deferred,20260,12,5189.0,False
deferred,20261,3,17.0,False
deferred,20261,6,35.0,False
deferred,20261,16,95.0,False
deferred,20261,17,101.0,False
deferred,20261,8,287.0,False
deferred,20261,9,293.0,False
deferred,20261,2,491.0,False
deferred,20261,18,1769.0,False
deferred,20261,13,3143.0,False
deferred,20261,20,3173.0,False
deferred,20261,11,3353.0,False
deferred,20261,14,3791.0,False
deferred,20261,19,5153.0,False
deferred,20262,1,5.0,False
deferred,20262,2,11.0,False
deferred,20262,6,35.0,False
deferred,20262,7,41.0,False
deferred,20262,16,95.0,False
deferred,20262,17,101.0,False
deferred,20262,18,107.0,False
deferred,20262,19,113.0,False
deferred,20262,9,1619.0,False
deferred,20262,8,3479.0,False
deferred,20262,12,4649.0,False
deferred,20262,5,4997.0,False
deferred,20262,20,5225.0,False
deferred,20263,1,5.0,False
deferred,20263,9,53.0,False
deferred,20263,13,77.0,False
deferred,20263,16,95.0,False
deferred,20263,18,107.0,False
deferred,20263,19,113.0,False
deferred,20263,20,119.0,False
deferred,20263,2,251.0,False
deferred,20263,11,3629.0,False
deferred,20263,10,5501.0,False
deferred,20264,3,17.0,False
deferred,20264,4,23.0,False
deferred,20264,15,89.0,False
deferred,20264,17,101.0,False
deferred,20264,11,305.0,False
deferred,20264,19,353.0,False
deferred,20264,6,515.0,False
deferred,20264,9,3305.0,False
deferred,20264,2,4769.0,False
deferred,20264,1,4967.0,False
deferred,20264,16,5627.0,False
deferred,20265,3,17.0,False
deferred,20265,4,23.0,False
deferred,20265,6,35.0,False
deferred,20265,15,89.0,False
deferred,20265,8,287.0,False
deferred,20265,13,317.0,False
deferred,20265,20,359.0,False
deferred,20265,1,1421.0,False
deferred,20265,10,2555.0,False
deferred,20265,11,2969.0,False
deferred,20265,9,5051.0,False
deferred,20265,7,5225.0,False
deferred,20266,4,23.0,False
deferred,20266,13,77.0,False
deferred,20266,16,95.0,False
deferred,20266,18,107.0,False
deferred,20266,20,119.0,False
deferred,20266,17,1061.0,False
deferred,20266,15,1289.0,False
deferred,20266,11,2681.0,False
deferred,20266,7,3785.0,False
deferred,20266,10,3803.0,False
deferred,20267,5,29.0,False
deferred,20267,10,59.0,False
deferred,20267,12,71.0,False
deferred,20267,14,83.0,False
deferred,20267,16,95.0,False
deferred,20267,17,101.0,False
deferred,20267,2,251.0,False
deferred,20267,19,353.0,False
deferred,20267,6,1583.0,False
deferred,20267,18,1643.0,False
deferred,20267,11,2453.0,False
deferred,20267,4,2831.0,False
deferred,20267,9,2849.0,False
deferred,20267,7,4271.0,False
deferred,20267,8,4277.0,False
deferred,20267,1,4919.0,False
deferred,20268,2,11.0,False
deferred,20268,8,47.0,False
deferred,20268,10,59.0,False
deferred,20268,12,71.0,False
deferred,20268,14,83.0,False
deferred,20268,16,95.0,False
deferred,20268,17,101.0,False
deferred,20268,19,113.0,False
deferred,20268,9,293.0,False
deferred,20268,18,347.0,False
deferred,20268,1,1625.0,False
deferred,20268,15,3629.0,False
deferred,20269,2,11.0,False
deferred,20269,3,17.0,False
deferred,20269,8,47.0,False
deferred,20269,13,77.0,False
deferred,20269,15,89.0,False
deferred,20269,16,95.0,False
deferred,20269,1,245.0,False
deferred,20269,9,293.0,False
deferred,20269,19,353.0,False
deferred,20269,18,1721.0,False
deferred,20269,14,5369.0,False
deferred,20270,3,17.0,False
deferred,20270,4,23.0,False
deferred,20270,7,41.0,False
deferred,20270,12,71.0,False
deferred,20270,16,95.0,False
deferred,20270,17,101.0,False
deferred,20270,18,107.0,False
deferred,20270,19,113.0,False
deferred,20270,10,3749.0,False
deferred,20270,5,5207.0,False
deferred,20270,1,5399.0,False
deferred,20270,14,6809.0,False
deferred,20271,10,59.0,False
deferred,20271,11,65.0,False
deferred,20271,18,107.0,False
deferred,20271,14,323.0,False
deferred,20271,20,1739.0,False
deferred,20271,2,2549.0,False
deferred,20271,9,3035.0,False
deferred,20271,4,3227.0,False
deferred,20271,1,3635.0,False
deferred,20271,6,4655.0,False
deferred,20271,13,5441.0,False
deferred,20272,2,11.0,False
deferred,20272,3,17.0,False
deferred,20272,5,29.0,False
deferred,20272,9,53.0,False
deferred,20272,16,95.0,False
deferred,20272,19,113.0,False
deferred,20272,15,329.0,False
deferred,20272,18,347.0,False
deferred,20272,20,359.0,False
deferred,20272,17,569.0,False
deferred,20272,4,2501.0,False
deferred,20272,7,2519.0,False
deferred,20273,2,11.0,False
deferred,20273,8,47.0,False
deferred,20273,10,59.0,False
deferred,20273,14,83.0,False
deferred,20273,15,89.0,False
deferred,20273,18,107.0,False
deferred,20273,20,119.0,False
deferred,20273,6,275.0,False
deferred,20273,12,311.0,False
deferred,20273,16,335.0,False
deferred,20273,9,2477.0,False
deferred,20273,4,4385.0,False
deferred,20273,5,4571.0,False
deferred,20273,1,4907.0,False
deferred,20273,7,4931.0,False
deferred,20274,1,5.0,False
deferred,20274,4,23.0,False
deferred,20274,5,29.0,False
deferred,20274,9,53.0,False
deferred,20274,10,59.0,False
deferred,20274,11,65.0,False
deferred,20274,12,71.0,False
deferred,20274,15,89.0,False
deferred,20274,17,101.0,False
deferred,20274,20,119.0,False
deferred,20274,8,2813.0,False
deferred,20274,7,4487.0,False
deferred,20275,3,17.0,False
deferred,20275,4,23.0,False
deferred,20275,5,29.0,False
deferred,20275,7,41.0,False
deferred,20275,14,83.0,False
deferred,20275,17,101.0,False
deferred,20275,18,107.0,False
deferred,20275,20,119.0,False
deferred,20275,12,311.0,False
deferred,20275,13,1223.0,False
deferred,20275,8,1409.0,False
deferred,20275,9,3449.0,False
deferred,20275,15,3473.0,False
deferred,20275,16,4625.0,False
deferred,20275,11,4961.0,False
deferred,20276,8,47.0,False
deferred,20276,12,71.0,False
deferred,20276,19,113.0,False
deferred,20276,20,359.0,False
deferred,20276,2,3131.0,False
deferred,20276,9,3887.0,False
deferred,20276,15,3923.0,False
deferred,20276,18,5081.0,False
deferred,20276,6,5675.0,False
deferred,20276,14,5915.0,False
deferred,20277,1,5.0,False
deferred,20277,7,41.0,False
deferred,20277,8,47.0,False
deferred,20277,10,59.0,False
deferred,20277,15,89.0,False
deferred,20277,3,257.0,False
deferred,20277,4,263.0,False
deferred,20277,14,323.0,False
deferred,20277,19,353.0,False
deferred,20277,11,2471.0,False
deferred,20277,13,4691.0,False
deferred,20278,1,5.0,False
deferred,20278,7,41.0,False
deferred,20278,10,59.0,False
deferred,20278,17,101.0,False
deferred,20278,19,113.0,False
deferred,20278,20,119.0,False
deferred,20278,5,269.0,False
deferred,20278,9,995.0,False
deferred,20278,4,1631.0,False
deferred,20278,16,1691.0,False
deferred,20278,2,2885.0,False
deferred,20278,3,3089.0,False
deferred,20278,15,3137.0,False
deferred,20278,11,3503.0,False
deferred,20278,13,4937.0,False
deferred,20278,14,5111.0,False
deferred,20279,3,17.0,False
deferred,20279,4,23.0,False
deferred,20279,6,35.0,False
deferred,20279,8,47.0,False
deferred,20279,12,71.0,False
deferred,20279,19,113.0,False
deferred,20279,5,269.0,False
deferred,20279,20,359.0,False
deferred,20279,16,1715.0,False
deferred,20279,2,3665.0,False
deferred,20279,14,4997.0,False
deferred,20279,11,5393.0,False
deferred,20279,18,5423.0,False
deferred,20279,17,5621.0,False
deferred,20280,3,17.0,False
deferred,20280,8,47.0,False
deferred,20280,16,95.0,False
deferred,20280,18,107.0,False
deferred,20280,4,263.0,False
deferred,20280,5,1643.0,False
deferred,20280,10,2555.0,False
deferred,20280,7,4673.0,False
deferred,20280,13,4907.0,False
deferred,20280,9,5309.0,False
deferred,20280,20,5369.0,False
deferred,20280,19,5555.0,False
deferred,20281,2,11.0,False
deferred,20281,4,23.0,False
deferred,20281,7,41.0,False
deferred,20281,9,53.0,False
deferred,20281,11,65.0,False
deferred,20281,13,77.0,False
deferred,20281,15,89.0,False
deferred,20281,18,107.0,False
deferred,20281,12,1727.0,False
deferred,20281,8,3695.0,False
deferred,20281,19,4937.0,False
deferred,20281,16,5117.0,False
deferred,20281,17,5315.0,False
deferred,20282,2,11.0,False
deferred,20282,11,65.0,False
deferred,20282,12,71.0,False
deferred,20282,13,77.0,False
deferred,20282,16,95.0,False
deferred,20282,18,107.0,False
deferred,20282,3,257.0,False
deferred,20282,20,3161.0,False
deferred,20282,5,3515.0,False
deferred,20282,14,3557.0,False
deferred,20282,17,3569.0,False
deferred,20282,10,4553.0,False
deferred,20282,19,5453.0,False
deferred,20282,7,6629.0,False
deferred,20283,6,35.0,False
deferred,20283,14,83.0,False
deferred,20283,15,89.0,False
deferred,20283,18,107.0,False
deferred,20283,19,113.0,False
deferred,20283,20,119.0,False
deferred,20283,4,263.0,False
deferred,20283,7,1697.0,False
deferred,20283,3,4919.0,False
deferred,20283,11,5345.0,False
deferred,20284,2,11.0,False
deferred,20284,3,17.0,False
deferred,20284,4,23.0,False
deferred,20284,5,29.0,False
deferred,20284,6,35.0,False
deferred,20284,9,53.0,False
deferred,20284,14,83.0,False
deferred,20284,17,341.0,False
deferred,20284,19,353.0,False
deferred,20284,20,1679.0,False
deferred,20284,12,3509.0,False
deferred,20284,16,3533.0,False
deferred,20285,3,17.0,False
deferred,20285,4,23.0,False
deferred,20285,5,29.0,False
deferred,20285,10,59.0,False
deferred,20285,12,71.0,False
deferred,20285,16,95.0,False
deferred,20285,17,101.0,False
deferred,20285,14,323.0,False
deferred,20285,15,329.0,False
deferred,20285,20,1247.0,False
deferred,20285,1,3407.0,False
deferred,20285,18,3473.0,False
deferred,20285,7,5159.0,False
deferred,20286,1,5.0,False
deferred,20286,4,23.0,False
deferred,20286,7,41.0,False
deferred,20286,17,101.0,False
deferred,20286,20,119.0,False
deferred,20286,5,269.0,False
deferred,20286,18,347.0,False
deferred,20286,8,3227.0,False
deferred,20286,3,3431.0,False
deferred,20286,6,3653.0,False
deferred,20286,13,3689.0,False
deferred,20287,2,11.0,False
deferred,20287,8,47.0,False
deferred,20287,12,71.0,False
deferred,20287,13,77.0,False
deferred,20287,15,89.0,False
deferred,20287,20,119.0,False
deferred,20287,3,257.0,False
deferred,20287,10,299.0,False
deferred,20287,11,305.0,False
deferred,20287,14,323.0,False
deferred,20287,16,335.0,False
deferred,20287,6,1607.0,False
deferred,20287,9,3449.0,False
deferred,20287,17,3467.0,False
deferred,20288,3,17.0,False
deferred,20288,6,35.0,False
deferred,20288,15,89.0,False
deferred,20288,18,107.0,False
deferred,20288,13,317.0,False
deferred,20288,14,3323.0,False
deferred,20288,5,3503.0,False
deferred,20288,2,3713.0,False
deferred,20288,10,3761.0,False
deferred,20288,20,5513.0,False
deferred,20288,7,5843.0,False
deferred,20289,7,41.0,False
deferred,20289,12,71.0,False
deferred,20289,5,269.0,False
deferred,20289,9,293.0,False
deferred,20289,19,353.0,False
deferred,20289,4,1607.0,False
deferred,20289,10,2459.0,False
deferred,20289,6,3059.0,False
deferred,20289,11,3485.0,False
deferred,20289,14,3497.0,False
deferred,20289,17,3515.0,False
deferred,20289,18,3521.0,False
deferred,20289,20,4985.0,False
deferred,20290,11,65.0,False
deferred,20290,19,113.0,False
deferred,20290,20,119.0,False
deferred,20290,1,245.0,False
deferred,20290,10,299.0,False
deferred,20290,8,527.0,False
deferred,20290,4,1601.0,False
deferred,20290,15,4493.0,False
deferred,20290,9,4667.0,False
deferred,20290,13,4679.0,False
deferred,20290,5,5045.0,False
deferred,20290,14,5081.0,False
deferred,20290,16,5093.0,False
deferred,20290,3,5237.0,False
deferred,20291,13,77.0,False
deferred,20291,15,89.0,False
deferred,20291,17,101.0,False
deferred,20291,18,107.0,False
deferred,20291,19,113.0,False
deferred,20291,1,245.0,False
deferred,20291,2,251.0,False
deferred,20291,5,269.0,False
deferred,20291,8,287.0,False
deferred,20291,20,359.0,False
deferred,20291,6,1631.0,False
deferred,20291,16,1685.0,False
deferred,20291,14,3503.0,False
deferred,20292,6,35.0,False
deferred,20292,8,47.0,False
deferred,20292,9,53.0,False
deferred,20292,10,59.0,False
deferred,20292,12,71.0,False
deferred,20292,14,83.0,False
deferred,20292,15,89.0,False
deferred,20292,17,101.0,False
deferred,20292,19,113.0,False
deferred,20292,20,119.0,False
deferred,20292,5,269.0,False
deferred,20292,3,497.0,False
deferred,20292,4,977.0,False
deferred,20292,1,2951.0,False
deferred,20292,2,5207.0,False
deferred,20293,5,29.0,False
deferred,20293,17,101.0,False
deferred,20293,18,107.0,False
deferred,20293,1,245.0,False
deferred,20293,2,251.0,False
deferred,20293,6,275.0,False
deferred,20293,8,287.0,False
deferred,20293,15,329.0,False
deferred,20293,16,335.0,False
deferred,20293,11,545.0,False
deferred,20293,7,1205.0,False
deferred,20293,14,3449.0,False
deferred,20293,3,5117.0,False
deferred,20294,4,23.0,False
deferred,20294,6,35.0,False
deferred,20294,11,65.0,False
deferred,20294,12,71.0,False
deferred,20294,14,83.0,False
deferred,20294,15,89.0,False
deferred,20294,1,1685.0,False
deferred,20294,2,2411.0,False
deferred,20294,5,4757.0,False
deferred,20294,13,5003.0,False
deferred,20294,17,5423.0,False
deferred,20294,18,5429.0,False
deferred,20295,13,77.0,False
deferred,20295,15,89.0,False
deferred,20295,9,293.0,False
deferred,20295,16,575.0,False
deferred,20295,19,1541.0,False
deferred,20295,11,1733.0,False
deferred,20295,12,2441.0,False
deferred,20295,10,3755.0,False
deferred,20295,14,3767.0,False
deferred,20295,6,5387.0,False
deferred,20295,3,5753.0,False
deferred,20296,1,5.0,False
deferred,20296,3,17.0,False
deferred,20296,6,35.0,False
deferred,20296,7,41.0,False
deferred,20296,11,65.0,False
deferred,20296,15,89.0,False
deferred,20296,16,95.0,False
deferred,20296,17,101.0,False
deferred,20296,18,107.0,False
deferred,20296,19,113.0,False
deferred,20296,9,293.0,False
deferred,20296,5,509.0,False
deferred,20296,20,587.0,False
deferred,20296,2,1583.0,False
deferred,20296,12,3419.0,False
deferred,20297,2,11.0,False
deferred,20297,3,17.0,False
deferred,20297,4,23.0,False
deferred,20297,9,53.0,False
deferred,20297,18,107.0,False
deferred,20297,19,113.0,False
deferred,20297,10,299.0,False
deferred,20297,20,359.0,False
deferred,20297,5,497.0,False
deferred,20297,7,2273.0,False
deferred,20297,8,3323.0,False
deferred,20297,16,4547.0,False
deferred,20297,6,5081.0,False
deferred,20297,13,5105.0,False
deferred,20297,11,5285.0,False
deferred,20298,4,23.0,False
deferred,20298,5,29.0,False
deferred,20298,6,35.0,False
deferred,20298,12,71.0,False
deferred,20298,15,89.0,False
deferred,20298,17,101.0,False
deferred,20298,18,107.0,False
deferred,20298,19,113.0,False
deferred,20298,20,119.0,False
deferred,20298,9,293.0,False
deferred,20298,14,323.0,False
deferred,20298,1,1565.0,False
deferred,20298,11,1823.0,False
deferred,20298,16,2465.0,False
deferred,20298,7,2837.0,False
deferred,20298,8,4289.0,False
deferred,20299,4,23.0,False
deferred,20299,7,41.0,False
deferred,20299,8,47.0,False
deferred,20299,13,77.0,False
deferred,20299,14,83.0,False
deferred,20299,15,89.0,False
deferred,20299,20,119.0,False
deferred,20299,5,269.0,False
deferred,20299,19,353.0,False
deferred,20299,6,1169.0,False
deferred,20299,18,3431.0,False
deferred,20299,2,4361.0,False
deferred,20300,8,47.0,False
deferred,20300,18,107.0,False
deferred,20300,19,113.0,False
deferred,20300,1,245.0,False
deferred,20300,4,263.0,False
deferred,20300,5,269.0,False
deferred,20300,12,311.0,False
deferred,20300,13,317.0,False
deferred,20300,6,1643.0,False
deferred,20300,17,3035.0,False
deferred,20300,2,3611.0,False
deferred,20300,10,4913.0,False
deferred,20300,9,5507.0,False
deferred,20300,11,5519.0,False
deferred,20301,3,17.0,False
deferred,20301,4,23.0,False
deferred,20301,6,35.0,False
deferred,20301,10,59.0,False
deferred,20301,11,65.0,False
deferred,20301,14,83.0,False
deferred,20301,15,89.0,False
deferred,20301,18,107.0,False
deferred,20301,5,269.0,False
deferred,20301,17,341.0,False
deferred,20301,16,4823.0,False
deferred,20301,1,5375.0,False
deferred,20301,12,5411.0,False
deferred,20301,20,5633.0,False
deferred,20301,2,5765.0,False
deferred,20302,1,5.0,False
deferred,20302,7,41.0,False
deferred,20302,20,119.0,False
deferred,20302,3,257.0,False
deferred,20302,8,287.0,False
deferred,20302,10,299.0,False
deferred,20302,19,353.0,False
deferred,20302,12,1835.0,False
deferred,20302,18,2915.0,False
deferred,20302,16,4511.0,False
deferred,20303,1,5.0,False
deferred,20303,3,17.0,False
deferred,20303,9,53.0,False
deferred,20303,10,59.0,False
deferred,20303,15,89.0,False
deferred,20303,16,95.0,False
deferred,20303,19,113.0,False
deferred,20303,20,119.0,False
deferred,20303,7,281.0,False
deferred,20303,12,311.0,False
deferred,20303,14,1235.0,False
deferred,20303,5,1619.0,False
deferred,20303,4,2825.0,False
deferred,20303,17,3437.0,False
deferred,20303,18,3443.0,False
deferred,20303,11,4853.0,False
deferred,20304,2,11.0,False
deferred,20304,4,23.0,False
deferred,20304,7,41.0,False
deferred,20304,8,47.0,False
deferred,20304,11,65.0,False
deferred,20304,16,95.0,False
deferred,20304,20,119.0,False
deferred,20304,6,2669.0,False
deferred,20304,12,3797.0,False
deferred,20304,19,5411.0,False
deferred,20305,1,5.0,False
deferred,20305,9,53.0,False
deferred,20305,11,65.0,False
deferred,20305,12,71.0,False
deferred,20305,13,77.0,False
deferred,20305,20,119.0,False
deferred,20305,6,275.0,False
deferred,20305,8,521.0,False
deferred,20305,5,3221.0,False
deferred,20305,10,3683.0,False
deferred,20305,15,3701.0,False
deferred,20306,1,5.0,False
deferred,20306,4,23.0,False
deferred,20306,6,35.0,False
deferred,20306,7,41.0,False
deferred,20306,8,47.0,False
deferred,20306,9,53.0,False
deferred,20306,13,77.0,False
deferred,20306,14,83.0,False
deferred,20306,5,269.0,False
deferred,20306,10,299.0,False
deferred,20306,18,347.0,False
deferred,20306,2,491.0,False
deferred,20306,12,3017.0,False
deferred,20306,17,3419.0,False
deferred,20307,2,11.0,False
deferred,20307,6,35.0,False
deferred,20307,7,41.0,False
deferred,20307,12,71.0,False
deferred,20307,15,89.0,False
deferred,20307,18,107.0,False
deferred,20307,20,119.0,False
deferred,20307,9,3143.0,False
deferred,20307,3,5807.0,False
deferred,20307,13,6053.0,False
deferred,20308,2,11.0,False
deferred,20308,9,53.0,False
deferred,20308,10,59.0,False
deferred,20308,14,83.0,False
deferred,20308,18,107.0,False
deferred,20308,4,263.0,False
deferred,20308,7,281.0,False
deferred,20308,15,329.0,False
deferred,20308,16,335.0,False
deferred,20308,20,3797.0,False
deferred,20308,5,5015.0,False
deferred,20308,11,5039.0,False
deferred,20308,12,5465.0,False
deferred,20309,3,17.0,False
deferred,20309,8,47.0,False
deferred,20309,15,89.0,False
deferred,20309,16,95.0,False
deferred,20309,18,107.0,False
deferred,20309,11,305.0,False
deferred,20309,10,1223.0,False
deferred,20309,13,1679.0,False
deferred,20309,5,3581.0,False
deferred,20309,14,3617.0,False
deferred,20309,19,5213.0,False
deferred,20310,1,5.0,False
deferred,20310,5,29.0,False
deferred,20310,6,35.0,False
deferred,20310,8,47.0,False
deferred,20310,9,53.0,False
deferred,20310,10,59.0,False
deferred,20310,17,101.0,False
deferred,20310,18,107.0,False
deferred,20310,19,353.0,False
deferred,20310,14,1709.0,False
deferred,20310,13,2969.0,False
deferred,20310,16,3179.0,False
deferred,20310,4,5039.0,False
deferred,20310,12,5243.0,False
deferred,20311,2,11.0,False
deferred,20311,4,23.0,False
deferred,20311,5,29.0,False
deferred,20311,11,65.0,False
deferred,20311,12,71.0,False
deferred,20311,13,77.0,False
deferred,20311,17,101.0,False
deferred,20311,18,107.0,False
deferred,20311,1,245.0,False
deferred,20311,16,335.0,False
deferred,20311,19,353.0,False
deferred,20311,6,3053.0,False
deferred,20311,3,3671.0,False
deferred,20311,10,4697.0,False
deferred,20311,20,5315.0,False
deferred,20311,15,6851.0,False
deferred,20312,1,5.0,False
deferred,20312,3,17.0,False
deferred,20312,5,29.0,False
deferred,20312,8,47.0,False
deferred,20312,10,59.0,False
deferred,20312,17,101.0,False
deferred,20312,13,557.0,False
deferred,20312,19,593.0,False
deferred,20312,11,3719.0,False
deferred,20312,16,3749.0,False
deferred,20312,15,4763.0,False
deferred,20312,9,4931.0,False
deferred,20312,12,4943.0,False
deferred,20312,18,5159.0,False
deferred,20313,1,5.0,False
deferred,20313,2,11.0,False
deferred,20313,9,53.0,False
deferred,20313,11,65.0,False
deferred,20313,16,95.0,False
deferred,20313,20,119.0,False
deferred,20313,5,1211.0,False
deferred,20313,17,2603.0,False
deferred,20313,13,3017.0,False
deferred,20313,15,3677.0,False
deferred,20313,7,4799.0,False
deferred,20314,1,5.0,False
deferred,20314,6,35.0,False
deferred,20314,7,41.0,False
deferred,20314,8,47.0,False
deferred,20314,9,53.0,False
deferred,20314,10,59.0,False
deferred,20314,16,95.0,False
deferred,20314,17,101.0,False
deferred,20314,18,107.0,False
deferred,20314,19,113.0,False
deferred,20314,11,305.0,False
deferred,20314,13,317.0,False
deferred,20314,4,3569.0,False
deferred,20314,2,4697.0,False
deferred,20314,15,5093.0,False
deferred,20315,11,65.0,False
deferred,20315,13,317.0,False
deferred,20315,8,527.0,False
deferred,20315,4,1697.0,False
deferred,20315,6,2405.0,False
deferred,20315,1,3047.0,False
deferred,20315,12,3749.0,False
deferred,20315,5,4961.0,False
deferred,20315,16,5393.0,False
deferred,20315,17,5399.0,False
deferred,20315,2,5543.0,False
deferred,20316,4,23.0,False
deferred,20316,5,29.0,False
deferred,20316,9,53.0,False
deferred,20316,10,59.0,False
deferred,20316,13,77.0,False
deferred,20316,16,95.0,False
deferred,20316,19,353.0,False
deferred,20316,17,3293.0,False
deferred,20316,8,3677.0,False
deferred,20316,18,4985.0,False
deferred,20316,7,5537.0,False
deferred,20316,1,5711.0,False
deferred,20317,2,11.0,False
deferred,20317,6,35.0,False
deferred,20317,9,53.0,False
deferred,20317,10,59.0,False
deferred,20317,11,65.0,False
deferred,20317,16,95.0,False
deferred,20317,17,101.0,False
deferred,20317,18,107.0,False
deferred,20317,20,119.0,False
deferred,20317,14,3491.0,False
deferred,20317,19,3503.0,False
deferred,20318,1,5.0,False
deferred,20318,4,23.0,False
deferred,20318,5,29.0,False
deferred,20318,6,35.0,False
deferred,20318,8,47.0,False
deferred,20318,11,65.0,False
deferred,20318,20,119.0,False
deferred,20318,2,251.0,False
deferred,20318,19,1709.0,False
deferred,20318,7,3563.0,False
deferred,20318,14,4625.0,False
deferred,20318,17,4643.0,False
deferred,20318,10,5189.0,False
deferred,20319,1,5.0,False
deferred,20319,5,29.0,False
deferred,20319,7,41.0,False
deferred,20319,13,77.0,False
deferred,20319,15,89.0,False
deferred,20319,16,95.0,False
deferred,20319,18,347.0,False
deferred,20319,20,3767.0,False
deferred,20319,11,5435.0,False
deferred,20319,17,5459.0,False
deferred,20319,4,5603.0,False
deferred,20319,8,5615.0,False
deferred,20320,2,11.0,False
deferred,20320,4,23.0,False
deferred,20320,5,29.0,False
deferred,20320,7,41.0,False
deferred,20320,9,53.0,False
deferred,20320,16,95.0,False
deferred,20320,19,113.0,False
deferred,20320,20,119.0,False
deferred,20320,10,1655.0,False
deferred,20320,8,2309.0,False
deferred,20321,5,29.0,False
deferred,20321,6,35.0,False
deferred,20321,9,53.0,False
deferred,20321,10,59.0,False
deferred,20321,12,71.0,False
deferred,20321,20,119.0,False
deferred,20321,18,347.0,False
deferred,20321,7,989.0,False
deferred,20321,13,1247.0,False
deferred,20321,1,2483.0,False
deferred,20321,3,2495.0,False
deferred,20321,14,2957.0,False
deferred,20321,4,3545.0,False
deferred,20321,15,4715.0,False
deferred,20321,17,4901.0,False
deferred,20321,11,5231.0,False
deferred,20322,7,41.0,False
deferred,20322,8,47.0,False
deferred,20322,11,65.0,False
deferred,20322,14,83.0,False
deferred,20322,15,89.0,False
deferred,20322,16,95.0,False
deferred,20322,17,101.0,False
deferred,20322,20,119.0,False
deferred,20322,4,263.0,False
deferred,20322,9,293.0,False
deferred,20322,10,2945.0,False
deferred,20322,18,4577.0,False
deferred,20322,3,4727.0,False
deferred,20322,2,5105.0,False
deferred,20322,19,5345.0,False
deferred,20323,5,29.0,False
deferred,20323,13,77.0,False
deferred,20323,14,83.0,False
deferred,20323,15,89.0,False
deferred,20323,16,95.0,False
deferred,20323,18,107.0,False
deferred,20323,20,119.0,False
deferred,20323,3,257.0,False
deferred,20323,8,287.0,False
deferred,20323,17,341.0,False
deferred,20323,6,1661.0,False
deferred,20323,9,1679.0,False
deferred,20323,7,2333.0,False
deferred,20324,3,17.0,False
deferred,20324,4,23.0,False
deferred,20324,6,35.0,False
deferred,20324,12,71.0,False
deferred,20324,14,83.0,False
deferred,20324,16,95.0,False
deferred,20324,19,113.0,False
deferred,20324,17,1949.0,False
deferred,20324,8,2969.0,False
deferred,20324,9,4481.0,False
deferred,20325,2,11.0,False
deferred,20325,9,53.0,False
deferred,20325,15,89.0,False
deferred,20325,19,113.0,False
deferred,20325,1,245.0,False
deferred,20325,6,275.0,False
deferred,20325,10,299.0,False
deferred,20325,14,2441.0,False
deferred,20325,8,3305.0,False
deferred,20325,16,4817.0,False
deferred,20325,13,5423.0,False
deferred,20325,20,5645.0,False
deferred,20326,2,11.0,False
deferred,20326,3,17.0,False
deferred,20326,5,29.0,False
deferred,20326,7,41.0,False
deferred,20326,11,65.0,False
deferred,20326,12,71.0,False
deferred,20326,16,95.0,False
deferred,20326,17,101.0,False
deferred,20326,18,107.0,False
deferred,20326,20,119.0,False
deferred,20326,1,1571.0,False
deferred,20326,4,1583.0,False
deferred,20326,19,1655.0,False
deferred,20326,10,2855.0,False
deferred,20326,13,4427.0,False
deferred,20326,14,4433.0,False
deferred,20327,1,5.0,False
deferred,20327,6,35.0,False
deferred,20327,7,41.0,False
deferred,20327,12,71.0,False
deferred,20327,14,83.0,False
deferred,20327,16,95.0,False
deferred,20327,17,101.0,False
deferred,20327,19,113.0,False
deferred,20327,20,119.0,False
deferred,20327,5,269.0,False
deferred,20327,11,305.0,False
deferred,20327,15,329.0,False
deferred,20327,13,1241.0,False
deferred,20327,4,4883.0,False
deferred,20327,9,4907.0,False
deferred,20328,2,11.0,False
deferred,20328,3,17.0,False
deferred,20328,5,29.0,False
deferred,20328,13,77.0,False
deferred,20328,14,83.0,False
deferred,20328,16,95.0,False
deferred,20328,6,275.0,False
deferred,20328,18,347.0,False
deferred,20328,4,2561.0,False
deferred,20328,7,2771.0,False
deferred,20328,10,3383.0,False
deferred,20328,19,4559.0,False
deferred,20329,2,11.0,False
deferred,20329,6,35.0,False
deferred,20329,8,47.0,False
deferred,20329,10,59.0,False
deferred,20329,11,65.0,False
deferred,20329,20,119.0,False
deferred,20329,1,1571.0,False
deferred,20329,3,1583.0,False
deferred,20329,13,2459.0,False
deferred,20329,17,3281.0,False
deferred,20329,9,4949.0,False
deferred,20329,7,5123.0,False
deferred,20330,1,5.0,False
deferred,20330,2,11.0,False
deferred,20330,5,29.0,False
deferred,20330,6,35.0,False
deferred,20330,11,65.0,False
deferred,20330,13,77.0,False
deferred,20330,14,83.0,False
deferred,20330,15,89.0,False
deferred,20330,16,95.0,False
deferred,20330,7,281.0,False
deferred,20330,12,3329.0,False
deferred,20330,4,4979.0,False
deferred,20330,20,5045.0,False
deferred,20330,8,5399.0,False
deferred,20331,6,35.0,False
deferred,20331,11,65.0,False
deferred,20331,15,89.0,False
deferred,20331,16,95.0,False
deferred,20331,17,101.0,False
deferred,20331,9,1475.0,False
deferred,20331,8,1703.0,False
deferred,20331,3,2603.0,False
deferred,20331,12,2645.0,False
deferred,20331,19,3767.0,False
deferred,20332,3,17.0,False
deferred,20332,6,35.0,False
deferred,20332,11,65.0,False
deferred,20332,12,71.0,False
deferred,20332,13,77.0,False
deferred,20332,14,83.0,False
deferred,20332,16,95.0,False
deferred,20332,18,107.0,False
deferred,20332,4,3743.0,False
deferred,20332,9,5063.0,False
deferred,20332,8,5453.0,False
deferred,20332,19,5483.0,False
deferred,20333,3,17.0,False
deferred,20333,6,35.0,False
deferred,20333,7,41.0,False
deferred,20333,13,77.0,False
deferred,20333,19,113.0,False
deferred,20333,5,1409.0,False
deferred,20333,8,1637.0,False
deferred,20333,4,3569.0,False
deferred,20333,17,4883.0,False
deferred,20333,1,5219.0,False
deferred,20333,20,5477.0,False
deferred,20334,3,17.0,False
deferred,20334,4,23.0,False
deferred,20334,5,29.0,False
deferred,20334,13,77.0,False
deferred,20334,14,83.0,False
deferred,20334,15,89.0,False
deferred,20334,20,119.0,False
deferred,20334,2,251.0,False
deferred,20334,19,353.0,False
deferred,20334,16,1703.0,False
deferred,20334,9,3209.0,False
deferred,20334,11,3635.0,False
deferred,20334,12,3641.0,False
deferred,20334,18,3653.0,False
deferred,20334,8,4757.0,False
deferred,20334,17,4775.0,False
deferred,20335,1,5.0,False
deferred,20335,6,35.0,False
deferred,20335,8,47.0,False
deferred,20335,9,53.0,False
deferred,20335,10,59.0,False
deferred,20335,14,83.0,False
deferred,20335,16,95.0,False
deferred,20335,4,263.0,False
deferred,20335,7,281.0,False
deferred,20335,13,317.0,False
deferred,20335,3,2819.0,False
deferred,20335,15,3431.0,False
deferred,20335,19,3449.0,False
deferred,20335,20,3455.0,False
deferred,20335,5,4439.0,False
deferred,20336,4,23.0,False
deferred,20336,10,59.0,False
deferred,20336,12,71.0,False
deferred,20336,13,77.0,False
deferred,20336,14,83.0,False
deferred,20336,15,89.0,False
deferred,20336,18,107.0,False
deferred,20336,19,113.0,False
deferred,20336,5,269.0,False
deferred,20336,7,521.0,False
deferred,20336,11,2291.0,False
deferred,20336,6,2867.0,False
deferred,20336,17,2909.0,False
deferred,20336,2,3443.0,False
deferred,20336,9,4871.0,False
deferred,20336,20,4889.0,False
deferred,20337,1,5.0,False
deferred,20337,3,17.0,False
deferred,20337,4,23.0,False
deferred,20337,11,65.0,False
deferred,20337,13,77.0,False
deferred,20337,15,89.0,False
deferred,20337,17,101.0,False
deferred,20337,10,299.0,False
deferred,20337,6,1625.0,False
deferred,20337,8,2489.0,False
deferred,20337,12,3533.0,False
deferred,20337,14,5015.0,False
deferred,20337,18,5027.0,False
deferred,20337,5,5171.0,False
deferred,20338,1,5.0,False
deferred,20338,2,11.0,False
deferred,20338,10,59.0,False
deferred,20338,13,77.0,False
deferred,20338,16,95.0,False
deferred,20338,18,107.0,False
deferred,20338,19,113.0,False
deferred,20338,20,119.0,False
deferred,20338,15,329.0,False
deferred,20338,12,551.0,False
deferred,20338,7,1625.0,False
deferred,20338,3,2465.0,False
deferred,20338,4,2471.0,False
deferred,20338,6,4847.0,False
deferred,20338,5,5015.0,False
deferred,20339,1,5.0,False
deferred,20339,4,23.0,False
deferred,20339,5,29.0,False
deferred,20339,10,59.0,False
deferred,20339,14,83.0,False
deferred,20339,15,89.0,False
deferred,20339,17,101.0,False
deferred,20339,18,107.0,False
deferred,20339,19,113.0,False
deferred,20339,16,335.0,False
deferred,20339,20,359.0,False
deferred,20339,13,2765.0,False
deferred,20339,2,3269.0,False
deferred,20339,6,3281.0,False
deferred,20339,9,3299.0,False
deferred,20339,12,3311.0,False
deferred,20340,1,5.0,False
deferred,20340,3,17.0,False
deferred,20340,4,23.0,False
deferred,20340,9,53.0,False
deferred,20340,11,65.0,False
deferred,20340,12,71.0,False
deferred,20340,16,95.0,False
deferred,20340,18,107.0,False
deferred,20340,19,113.0,False
deferred,20340,20,119.0,False
deferred,20340,10,299.0,False
deferred,20340,14,323.0,False
deferred,20340,15,2357.0,False
deferred,20340,17,3305.0,False
deferred,20340,13,4943.0,False
deferred,20341,6,35.0,False
deferred,20341,9,53.0,False
deferred,20341,12,71.0,False
deferred,20341,15,89.0,False
deferred,20341,16,95.0,False
deferred,20341,19,113.0,False
deferred,20341,20,359.0,False
deferred,20341,4,503.0,False
deferred,20341,14,3071.0,False
deferred,20341,10,3719.0,False
deferred,20341,1,4979.0,False
deferred,20341,3,5411.0,False
deferred,20342,1,5.0,False
deferred,20342,8,47.0,False
deferred,20342,12,71.0,False
deferred,20342,14,83.0,False
deferred,20342,16,95.0,False
deferred,20342,3,257.0,False
deferred,20342,18,347.0,False
deferred,20342,15,5411.0,False
deferred,20342,17,5417.0,False
deferred,20342,19,5429.0,False
deferred,20343,1,5.0,False
deferred,20343,8,47.0,False
deferred,20343,10,59.0,False
deferred,20343,11,65.0,False
deferred,20343,13,77.0,False
deferred,20343,17,101.0,False
deferred,20343,20,119.0,False
deferred,20343,14,323.0,False
deferred,20343,4,503.0,False
deferred,20343,12,3011.0,False
deferred,20343,15,3659.0,False
deferred,20343,3,4601.0,False
deferred,20343,9,4625.0,False
deferred,20343,2,4787.0,False
deferred,20344,3,17.0,False
deferred,20344,5,29.0,False
deferred,20344,7,41.0,False
deferred,20344,8,47.0,False
deferred,20344,9,53.0,False
deferred,20344,11,65.0,False
deferred,20344,12,71.0,False
deferred,20344,16,95.0,False
deferred,20344,10,299.0,False
deferred,20344,13,317.0,False
deferred,20344,18,347.0,False
deferred,20344,1,2885.0,False
deferred,20344,20,3161.0,False
deferred,20344,19,5123.0,False
deferred,20345,2,11.0,False
deferred,20345,5,29.0,False
deferred,20345,6,35.0,False
deferred,20345,10,59.0,False
deferred,20345,11,65.0,False
deferred,20345,13,77.0,False
deferred,20345,19,113.0,False
deferred,20345,12,311.0,False
deferred,20345,7,1205.0,False
deferred,20345,14,2555.0,False
deferred,20345,20,3215.0,False
deferred,20345,15,5069.0,False
deferred,20345,4,5405.0,False
deferred,20345,8,5411.0,False
deferred,20346,1,5.0,False
deferred,20346,2,11.0,False
deferred,20346,4,23.0,False
deferred,20346,7,41.0,False
deferred,20346,10,59.0,False
deferred,20346,12,71.0,False
deferred,20346,14,83.0,False
deferred,20346,15,89.0,False
deferred,20346,18,107.0,False
deferred,20346,20,119.0,False
deferred,20346,3,257.0,False
deferred,20346,6,1691.0,False
deferred,20346,8,2639.0,False
deferred,20346,5,3071.0,False
deferred,20346,11,3527.0,False
deferred,20346,17,5297.0,False
deferred,20347,1,5.0,False
deferred,20347,4,23.0,False
deferred,20347,5,29.0,False
deferred,20347,6,35.0,False
deferred,20347,9,53.0,False
deferred,20347,10,59.0,False
deferred,20347,14,83.0,False
deferred,20347,17,101.0,False
deferred,20347,18,107.0,False
deferred,20347,3,257.0,False
deferred,20347,13,317.0,False
deferred,20347,15,1043.0,False
deferred,20347,19,3203.0,False
deferred,20347,2,3533.0,False
deferred,20347,20,3605.0,False
deferred,20348,2,11.0,False
deferred,20348,4,23.0,False
deferred,20348,6,35.0,False
deferred,20348,7,41.0,False
deferred,20348,9,53.0,False
deferred,20348,15,89.0,False
deferred,20348,1,245.0,False
deferred,20348,3,257.0,False
deferred,20348,12,2555.0,False
deferred,20348,13,2993.0,False
deferred,20348,20,5291.0,False
deferred,20348,16,5639.0,False
deferred,20349,1,5.0,False
deferred,20349,4,23.0,False
deferred,20349,9,53.0,False
deferred,20349,11,65.0,False
deferred,20349,14,83.0,False
deferred,20349,16,95.0,False
deferred,20349,18,107.0,False
deferred,20349,20,119.0,False
deferred,20349,7,281.0,False
deferred,20349,3,1613.0,False
deferred,20349,13,3125.0,False
deferred,20349,15,3539.0,False
deferred,20349,10,4535.0,False
deferred,20349,12,5111.0,False
deferred,20350,1,5.0,False
deferred,20350,2,11.0,False
deferred,20350,10,59.0,False
deferred,20350,11,65.0,False
deferred,20350,13,77.0,False
deferred,20350,14,83.0,False
deferred,20350,16,95.0,False
deferred,20350,4,263.0,False
deferred,20350,19,1721.0,False
deferred,20350,5,5171.0,False
deferred,20351,2,11.0,False
deferred,20351,5,29.0,False
deferred,20351,6,35.0,False
deferred,20351,8,47.0,False
deferred,20351,14,83.0,False
deferred,20351,17,101.0,False
deferred,20351,18,107.0,False
deferred,20351,19,113.0,False
deferred,20351,20,119.0,False
deferred,20351,12,311.0,False
deferred,20351,15,329.0,False
deferred,20351,11,1673.0,False
deferred,20351,1,5147.0,False
deferred,20351,7,5363.0,False
deferred,20352,1,5.0,False
deferred,20352,4,23.0,False
deferred,20352,5,29.0,False
deferred,20352,6,35.0,False
deferred,20352,14,83.0,False
deferred,20352,11,305.0,False
deferred,20352,15,329.0,False
deferred,20352,19,353.0,False
deferred,20352,17,1667.0,False
deferred,20352,20,2297.0,False
deferred,20352,3,2429.0,False
deferred,20352,8,2657.0,False
deferred,20352,9,3461.0,False
deferred,20352,7,4931.0,False
deferred,20352,18,5147.0,False
deferred,20353,7,41.0,False
deferred,20353,8,47.0,False
deferred,20353,9,53.0,False
deferred,20353,10,59.0,False
deferred,20353,12,71.0,False
deferred,20353,15,89.0,False
deferred,20353,3,257.0,False
deferred,20353,17,341.0,False
deferred,20353,16,1259.0,False
deferred,20353,5,1649.0,False
deferred,20353,2,4529.0,False
deferred,20353,4,5105.0,False
deferred,20353,11,6347.0,False
deferred,20354,4,23.0,False
deferred,20354,7,41.0,False
deferred,20354,10,59.0,False
deferred,20354,11,65.0,False
deferred,20354,12,71.0,False
deferred,20354,14,83.0,False
deferred,20354,15,89.0,False
deferred,20354,20,119.0,False
deferred,20354,8,287.0,False
deferred,20354,13,995.0,False
deferred,20354,2,1601.0,False
deferred,20354,19,3389.0,False
deferred,20354,6,4793.0,False
deferred,20354,18,4841.0,False
deferred,20354,9,5399.0,False
deferred,20355,1,5.0,False
deferred,20355,6,35.0,False
deferred,20355,7,41.0,False
deferred,20355,9,53.0,False
deferred,20355,14,83.0,False
deferred,20355,16,95.0,False
deferred,20355,17,101.0,False
deferred,20355,20,119.0,False
deferred,20355,4,263.0,False
deferred,20355,11,305.0,False
deferred,20355,15,2591.0,False
deferred,20355,12,3449.0,False
deferred,20355,5,3629.0,False
deferred,20355,8,4895.0,False
deferred,20355,18,4931.0,False
deferred,20355,13,5285.0,False
deferred,20356,7,41.0,False
deferred,20356,9,53.0,False
deferred,20356,12,71.0,False
deferred,20356,13,77.0,False
deferred,20356,19,113.0,False
deferred,20356,20,119.0,False
deferred,20356,3,257.0,False
deferred,20356,4,263.0,False
deferred,20356,5,269.0,False
deferred,20356,14,323.0,False
deferred,20356,10,527.0,False
deferred,20356,17,4751.0,False
deferred,20356,1,4883.0,False
deferred,20357,1,5.0,False
deferred,20357,2,11.0,False
deferred,20357,7,41.0,False
deferred,20357,10,59.0,False
deferred,20357,11,65.0,False
deferred,20357,15,89.0,False
deferred,20357,16,95.0,False
deferred,20357,18,107.0,False
deferred,20357,4,263.0,False
deferred,20357,19,353.0,False
deferred,20357,13,3551.0,False
deferred,20357,12,5099.0,False
deferred,20357,9,5273.0,False
deferred,20358,2,11.0,False
deferred,20358,3,17.0,False
deferred,20358,4,23.0,False
deferred,20358,6,35.0,False
deferred,20358,11,65.0,False
deferred,20358,12,71.0,False
deferred,20358,5,269.0,False
deferred,20358,10,299.0,False
deferred,20358,13,317.0,False
deferred,20358,17,5201.0,False
deferred,20359,4,23.0,False
deferred,20359,5,29.0,False
deferred,20359,6,35.0,False
deferred,20359,8,47.0,False
deferred,20359,9,53.0,False
deferred,20359,10,59.0,False
deferred,20359,12,71.0,False
deferred,20359,13,77.0,False
deferred,20359,15,89.0,False
deferred,20359,19,113.0,False
deferred,20359,20,119.0,False
deferred,20359,7,281.0,False
deferred,20359,16,2981.0,False
deferred,20359,2,5045.0,False
deferred,20359,11,5057.0,False
deferred,20359,3,5231.0,False
deferred,20360,4,23.0,False
deferred,20360,9,53.0,False
deferred,20360,14,83.0,False
deferred,20360,15,89.0,False
deferred,20360,16,95.0,False
deferred,20360,20,119.0,False
deferred,20360,1,245.0,False
deferred,20360,2,251.0,False
deferred,20360,7,281.0,False
deferred,20360,11,305.0,False
deferred,20360,17,1019.0,False
deferred,20360,8,2417.0,False
deferred,20360,19,3023.0,False
deferred,20360,3,4889.0,False
deferred,20360,5,4895.0,False
deferred,20360,6,4901.0,False
deferred,20361,5,29.0,False
deferred,20361,6,35.0,False
deferred,20361,12,71.0,False
deferred,20361,14,83.0,False
deferred,20361,18,107.0,False
deferred,20361,19,113.0,False
deferred,20361,20,119.0,False
deferred,20361,17,341.0,False
deferred,20361,2,2213.0,False
deferred,20361,16,2285.0,False
deferred,20361,1,4319.0,False
deferred,20361,10,5255.0,False
deferred,20362,4,23.0,False
deferred,20362,6,35.0,False
deferred,20362,8,47.0,False
deferred,20362,11,65.0,False
deferred,20362,13,77.0,False
deferred,20362,14,83.0,False
deferred,20362,19,113.0,False
deferred,20362,2,251.0,False
deferred,20362,7,281.0,False
deferred,20362,15,329.0,False
deferred,20362,16,335.0,False
deferred,20362,3,497.0,False
deferred,20362,17,581.0,False
deferred,20362,18,3419.0,False
deferred,20362,1,5027.0,False
deferred,20362,9,5219.0,False
deferred,20363,1,5.0,False
deferred,20363,4,23.0,False
deferred,20363,5,29.0,False
deferred,20363,12,71.0,False
deferred,20363,13,77.0,False
deferred,20363,14,83.0,False
deferred,20363,17,101.0,False
deferred,20363,18,107.0,False
deferred,20363,20,119.0,False
deferred,20363,19,353.0,False
deferred,20363,11,1709.0,False
deferred,20363,15,1727.0,False
deferred,20363,2,2525.0,False
deferred,20363,6,4709.0,False
deferred,20363,7,4715.0,False
deferred,20363,16,5261.0,False
deferred,20364,2,11.0,False
deferred,20364,3,17.0,False
deferred,20364,9,53.0,False
deferred,20364,10,59.0,False
deferred,20364,15,89.0,False
deferred,20364,16,95.0,False
deferred,20364,17,101.0,False
deferred,20364,5,269.0,False
deferred,20364,12,311.0,False
deferred,20364,20,359.0,False
deferred,20364,18,2501.0,False
deferred,20364,19,3497.0,False
deferred,20364,8,4613.0,False
deferred,20365,1,5.0,False
deferred,20365,3,17.0,False
deferred,20365,4,23.0,False
deferred,20365,7,41.0,False
deferred,20365,8,47.0,False
deferred,20365,11,65.0,False
deferred,20365,16,95.0,False
deferred,20365,18,107.0,False
deferred,20365,19,113.0,False
deferred,20365,2,251.0,False
deferred,20365,13,557.0,False
deferred,20365,9,1205.0,False
deferred,20365,5,1619.0,False
deferred,20365,10,2477.0,False
deferred,20365,6,4577.0,False
deferred,20365,17,5141.0,False
deferred,20366,2,11.0,False
deferred,20366,4,23.0,False
deferred,20366,5,29.0,False
deferred,20366,6,35.0,False
deferred,20366,8,47.0,False
deferred,20366,9,53.0,False
deferred,20366,12,71.0,False
deferred,20366,17,101.0,False
deferred,20366,20,119.0,False
deferred,20366,1,245.0,False
deferred,20366,11,305.0,False
deferred,20366,10,1721.0,False
deferred,20366,15,2429.0,False
deferred,20366,19,3707.0,False
deferred,20366,7,5153.0,False
deferred,20366,18,5183.0,False
deferred,20367,1,5.0,False
deferred,20367,2,11.0,False
deferred,20367,6,35.0,False
deferred,20367,8,47.0,False
deferred,20367,11,65.0,False
deferred,20367,16,95.0,False
deferred,20367,10,299.0,False
deferred,20367,13,317.0,False
deferred,20367,7,2513.0,False
deferred,20367,12,3569.0,False
deferred,20367,4,4721.0,False
deferred,20367,15,4757.0,False
deferred,20367,20,4781.0,False
deferred,20367,17,5141.0,False
deferred,20367,9,5303.0,False
deferred,20368,4,23.0,False
deferred,20368,13,77.0,False
deferred,20368,14,83.0,False
deferred,20368,17,101.0,False
deferred,20368,18,107.0,False
deferred,20368,5,269.0,False
deferred,20368,16,335.0,False
deferred,20368,10,1691.0,False
deferred,20368,1,4829.0,False
deferred,20368,12,5261.0,False
deferred,20368,19,5273.0,False
deferred,20368,15,5453.0,False
deferred,20368,7,5609.0,False
deferred,20369,2,11.0,False
deferred,20369,5,29.0,False
deferred,20369,7,41.0,False
deferred,20369,12,71.0,False
deferred,20369,13,77.0,False
deferred,20369,19,113.0,False
deferred,20369,8,287.0,False
deferred,20369,14,557.0,False
deferred,20369,9,3047.0,False
deferred,20369,6,5429.0,False
deferred,20370,7,41.0,False
deferred,20370,10,59.0,False
deferred,20370,14,83.0,False
deferred,20370,1,953.0,False
deferred,20370,16,1037.0,False
deferred,20370,17,3287.0,False
deferred,20370,20,3743.0,False
deferred,20370,12,4979.0,False
deferred,20370,18,4997.0,False
deferred,20370,9,5369.0,False
deferred,20370,15,5585.0,False
deferred,20370,19,5597.0,False
deferred,20371,1,5.0,False
deferred,20371,4,23.0,False
deferred,20371,9,53.0,False
deferred,20371,10,59.0,False
deferred,20371,16,95.0,False
deferred,20371,19,1055.0,False
deferred,20371,13,1703.0,False
deferred,20371,8,3227.0,False
deferred,20371,11,3665.0,False
deferred,20371,12,4685.0,False
deferred,20371,2,5225.0,False
deferred,20371,14,5261.0,False
deferred,20371,7,5621.0,False
deferred,20372,4,23.0,False
deferred,20372,5,29.0,False
deferred,20372,6,35.0,False
deferred,20372,13,77.0,False
deferred,20372,14,83.0,False
deferred,20372,16,95.0,False
deferred,20372,17,101.0,False
deferred,20372,18,107.0,False
deferred,20372,19,113.0,False
deferred,20372,10,299.0,False
deferred,20372,3,2969.0,False
deferred,20372,7,3215.0,False
deferred,20372,8,3659.0,False
deferred,20373,5,29.0,False
deferred,20373,13,77.0,False
deferred,20373,11,305.0,False
deferred,20373,12,311.0,False
deferred,20373,16,335.0,False
deferred,20373,18,1067.0,False
deferred,20373,10,1943.0,False
deferred,20373,4,3203.0,False
deferred,20373,19,4721.0,False
deferred,20373,7,5291.0,False
deferred,20373,20,5339.0,False
deferred,20374,3,17.0,False
deferred,20374,5,29.0,False
deferred,20374,6,35.0,False
deferred,20374,7,41.0,False
deferred,20374,8,47.0,False
deferred,20374,9,53.0,False
deferred,20374,10,59.0,False
deferred,20374,11,65.0,False
deferred,20374,13,77.0,False
deferred,20374,15,89.0,False
deferred,20374,16,95.0,False
deferred,20374,20,119.0,False
deferred,20374,14,3683.0,False
deferred,20374,2,4769.0,False
deferred,20375,3,17.0,False
deferred,20375,9,53.0,False
deferred,20375,10,59.0,False
deferred,20375,13,77.0,False
deferred,20375,15,89.0,False
deferred,20375,19,113.0,False
deferred,20375,16,2603.0,False
deferred,20375,17,3659.0,False
deferred,20375,4,4799.0,False
deferred,20375,14,5417.0,False
deferred,20375,12,5603.0,False
deferred,20376,3,17.0,False
deferred,20376,7,41.0,False
deferred,20376,8,47.0,False
deferred,20376,20,119.0,False
deferred,20376,1,245.0,False
deferred,20376,11,305.0,False
deferred,20376,16,335.0,False
deferred,20376,2,1643.0,False
deferred,20376,14,1937.0,False
deferred,20376,9,2363.0,False
deferred,20376,6,3005.0,False
deferred,20376,17,3269.0,False
deferred,20376,4,4781.0,False
deferred,20377,3,17.0,False
deferred,20377,4,23.0,False
deferred,20377,5,29.0,False
deferred,20377,6,35.0,False
deferred,20377,7,41.0,False
deferred,20377,8,47.0,False
deferred,20377,14,83.0,False
deferred,20377,16,95.0,False
deferred,20377,17,101.0,False
deferred,20377,19,113.0,False
deferred,20377,9,293.0,False
deferred,20377,11,545.0,False
deferred,20377,2,3023.0,False
deferred,20377,12,3059.0,False
deferred,20377,10,4499.0,False
deferred,20378,3,17.0,False
deferred,20378,4,23.0,False
deferred,20378,6,35.0,False
deferred,20378,9,53.0,False
deferred,20378,16,95.0,False
deferred,20378,17,101.0,False
deferred,20378,1,245.0,False
deferred,20378,15,329.0,False
deferred,20378,18,1055.0,False
deferred,20378,11,1703.0,False
deferred,20378,19,3065.0,False
deferred,20378,20,3719.0,False
deferred,20378,10,5297.0,False
deferred,20379,2,11.0,False
deferred,20379,6,35.0,False
deferred,20379,9,53.0,False
deferred,20379,12,71.0,False
deferred,20379,20,119.0,False
deferred,20379,3,257.0,False
deferred,20379,7,281.0,False
deferred,20379,10,299.0,False
deferred,20379,13,317.0,False
deferred,20379,16,335.0,False
deferred,20379,19,353.0,False
deferred,20379,17,569.0,False
deferred,20379,11,1193.0,False
deferred,20379,15,1601.0,False
deferred,20379,4,3209.0,False
deferred,20379,14,3227.0,False
deferred,20380,1,5.0,False
deferred,20380,4,23.0,False
deferred,20380,11,65.0,False
deferred,20380,19,113.0,False
deferred,20380,2,485.0,False
deferred,20380,8,1655.0,False
deferred,20380,14,1691.0,False
deferred,20380,12,3149.0,False
deferred,20380,18,3179.0,False
deferred,20380,5,3521.0,False
deferred,20380,20,4709.0,False
deferred,20380,6,5201.0,False
deferred,20380,15,5411.0,False
deferred,20381,1,5.0,False
deferred,20381,2,11.0,False
deferred,20381,7,41.0,False
deferred,20381,10,59.0,False
deferred,20381,11,65.0,False
deferred,20381,19,113.0,False
deferred,20381,3,257.0,False
deferred,20381,18,347.0,False
deferred,20381,9,4697.0,False
deferred,20381,20,5345.0,False
deferred,20382,7,41.0,False
deferred,20382,11,65.0,False
deferred,20382,16,95.0,False
deferred,20382,5,269.0,False
deferred,20382,9,293.0,False
deferred,20382,14,323.0,False
deferred,20382,3,497.0,False
deferred,20382,20,587.0,False
deferred,20382,6,3161.0,False
deferred,20382,10,3611.0,False
deferred,20382,1,5453.0,False
deferred,20382,19,5519.0,False
deferred,20382,13,5693.0,False
deferred,20383,1,5.0,False
deferred,20383,2,11.0,False
deferred,20383,4,23.0,False
deferred,20383,5,29.0,False
deferred,20383,8,47.0,False
deferred,20383,17,101.0,False
deferred,20383,10,299.0,False
deferred,20383,18,347.0,False
deferred,20383,15,2429.0,False
deferred,20383,11,4397.0,False
deferred,20383,12,4589.0,False
deferred,20383,14,4601.0,False
deferred,20383,20,4991.0,False
deferred,20384,2,11.0,False
deferred,20384,5,29.0,False
deferred,20384,8,47.0,False
deferred,20384,9,53.0,False
deferred,20384,12,71.0,False
deferred,20384,14,83.0,False
deferred,20384,15,89.0,False
deferred,20384,16,95.0,False
deferred,20384,17,101.0,False
deferred,20384,18,347.0,False
deferred,20384,4,953.0,False
deferred,20384,19,2459.0,False
deferred,20384,1,3353.0,False
deferred,20384,20,3407.0,False
deferred,20385,4,23.0,False
deferred,20385,8,47.0,False
deferred,20385,10,59.0,False
deferred,20385,17,101.0,False
deferred,20385,2,251.0,False
deferred,20385,5,269.0,False
deferred,20385,14,323.0,False
deferred,20385,11,1691.0,False
deferred,20385,6,2327.0,False
deferred,20385,20,2603.0,False
deferred,20386,1,5.0,False
deferred,20386,2,11.0,False
deferred,20386,12,71.0,False
deferred,20386,13,77.0,False
deferred,20386,14,83.0,False
deferred,20386,15,89.0,False
deferred,20386,17,101.0,False
deferred,20386,19,113.0,False
deferred,20386,5,269.0,False
deferred,20386,3,1667.0,False
deferred,20386,8,3065.0,False
deferred,20386,6,3701.0,False
deferred,20386,18,5519.0,False
deferred,20386,11,5681.0,False
deferred,20387,7,41.0,False
deferred,20387,10,59.0,False
deferred,20387,11,65.0,False
deferred,20387,12,71.0,False
deferred,20387,15,89.0,False
deferred,20387,16,95.0,False
deferred,20387,19,113.0,False
deferred,20387,20,359.0,False
deferred,20387,5,1709.0,False
deferred,20387,6,1715.0,False
deferred,20387,13,2711.0,False
deferred,20387,4,5189.0,False
deferred,20387,2,5375.0,False
deferred,20388,1,5.0,False
deferred,20388,5,29.0,False
deferred,20388,9,53.0,False
deferred,20388,11,65.0,False
deferred,20388,15,89.0,False
deferred,20388,16,95.0,False
deferred,20388,17,101.0,False
deferred,20388,19,113.0,False
deferred,20388,2,251.0,False
deferred,20388,3,257.0,False
deferred,20388,14,323.0,False
deferred,20388,20,587.0,False
deferred,20388,13,4499.0,False
deferred,20388,12,4859.0,False
deferred,20388,7,6005.0,False
deferred,20389,11,65.0,False
deferred,20389,15,89.0,False
deferred,20389,18,107.0,False
deferred,20389,20,119.0,False
deferred,20389,1,245.0,False
deferred,20389,8,1697.0,False
deferred,20389,13,2663.0,False
deferred,20389,9,4973.0,False
deferred,20389,12,5393.0,False
deferred,20389,3,5747.0,False
deferred,20390,3,17.0,False
deferred,20390,4,23.0,False
deferred,20390,7,41.0,False
deferred,20390,12,71.0,False
deferred,20390,13,77.0,False
deferred,20390,15,89.0,False
deferred,20390,17,101.0,False
deferred,20390,20,119.0,False
deferred,20390,8,287.0,False
deferred,20390,9,293.0,False
deferred,20390,18,347.0,False
deferred,20390,19,5243.0,False
deferred,20391,1,5.0,False
deferred,20391,6,35.0,False
deferred,20391,7,41.0,False
deferred,20391,9,53.0,False
deferred,20391,11,65.0,False
deferred,20391,12,71.0,False
deferred,20391,13,77.0,False
deferred,20391,18,107.0,False
deferred,20391,15,329.0,False
deferred,20391,17,341.0,False
deferred,20391,10,1613.0,False
deferred,20391,4,2987.0,False
deferred,20391,2,3347.0,False
deferred,20392,1,5.0,False
deferred,20392,4,23.0,False
deferred,20392,7,41.0,False
deferred,20392,8,47.0,False
deferred,20392,12,71.0,False
deferred,20392,13,77.0,False
deferred,20392,15,89.0,False
deferred,20392,16,95.0,False
deferred,20392,6,275.0,False
deferred,20392,20,581.0,False
deferred,20392,3,2123.0,False
deferred,20392,19,2555.0,False
deferred,20392,14,3251.0,False
deferred,20392,17,4283.0,False
deferred,20392,5,4595.0,False
deferred,20393,5,29.0,False
deferred,20393,6,35.0,False
deferred,20393,7,41.0,False
deferred,20393,8,47.0,False
deferred,20393,9,53.0,False
deferred,20393,10,59.0,False
deferred,20393,11,65.0,False
deferred,20393,12,71.0,False
deferred,20393,15,89.0,False
deferred,20393,16,95.0,False
deferred,20393,17,101.0,False
deferred,20393,4,263.0,False
deferred,20393,14,323.0,False
deferred,20393,2,4487.0,False
deferred,20393,13,4721.0,False
deferred,20393,18,5321.0,False
deferred,20394,1,5.0,False
deferred,20394,4,23.0,False
deferred,20394,5,29.0,False
deferred,20394,10,59.0,False
deferred,20394,13,77.0,False
deferred,20394,15,89.0,False
deferred,20394,16,95.0,False
deferred,20394,9,3083.0,False
deferred,20394,14,3107.0,False
deferred,20394,3,4973.0,False
deferred,20395,8,47.0,False
deferred,20395,9,53.0,False
deferred,20395,11,65.0,False
deferred,20395,12,71.0,False
deferred,20395,14,83.0,False
deferred,20395,19,353.0,False
deferred,20395,16,575.0,False
deferred,20395,17,3035.0,False
deferred,20395,7,3209.0,False
deferred,20395,13,4805.0,False
deferred,20395,18,5009.0,False
deferred,20395,2,5333.0,False
deferred,20396,1,5.0,False
deferred,20396,2,11.0,False
deferred,20396,6,35.0,False
deferred,20396,8,47.0,False
deferred,20396,10,59.0,False
deferred,20396,12,71.0,False
deferred,20396,14,83.0,False
deferred,20396,19,113.0,False
deferred,20396,16,335.0,False
deferred,20396,17,341.0,False
deferred,20396,15,563.0,False
deferred,20396,11,1835.0,False
deferred,20396,9,3047.0,False
deferred,20396,4,4499.0,False
deferred,20396,5,4847.0,False
deferred,20397,2,11.0,False
deferred,20397,4,23.0,False
deferred,20397,8,47.0,False
deferred,20397,10,59.0,False
deferred,20397,17,101.0,False
deferred,20397,20,119.0,False
deferred,20397,15,329.0,False
deferred,20397,7,1175.0,False
deferred,20397,13,1853.0,False
deferred,20397,19,2939.0,False
deferred,20397,16,3125.0,False
deferred,20397,5,3479.0,False
deferred,20397,11,3497.0,False
deferred,20397,14,5003.0,False
deferred,20398,1,5.0,False
deferred,20398,6,35.0,False
deferred,20398,10,59.0,False
deferred,20398,12,71.0,False
deferred,20398,13,77.0,False
deferred,20398,15,89.0,False
deferred,20398,16,95.0,False
deferred,20398,20,119.0,False
deferred,20398,19,353.0,False
deferred,20398,4,2945.0,False
deferred,20398,18,3005.0,False
deferred,20398,8,3611.0,False
deferred,20398,9,5177.0,False
deferred,20398,14,5189.0,False
deferred,20399,1,5.0,False
deferred,20399,3,17.0,False
deferred,20399,4,23.0,False
deferred,20399,6,35.0,False
deferred,20399,9,53.0,False
deferred,20399,11,65.0,False
deferred,20399,13,77.0,False
deferred,20399,14,83.0,False
deferred,20399,15,329.0,False
deferred,20399,20,1283.0,False
deferred,20399,10,2315.0,False
deferred,20399,5,4463.0,False
deferred,20399,8,4475.0,False
deferred,20399,2,4643.0,False
deferred,20400,2,11.0,False
deferred,20400,3,17.0,False
deferred,20400,5,29.0,False
deferred,20400,6,35.0,False
deferred,20400,7,41.0,False
deferred,20400,8,47.0,False
deferred,20400,9,53.0,False
deferred,20400,12,71.0,False
deferred,20400,15,89.0,False
deferred,20400,18,107.0,False
deferred,20400,11,1655.0,False
deferred,20400,13,1667.0,False
deferred,20400,14,3353.0,False
deferred,20400,4,3527.0,False
deferred,20400,17,4481.0,False
deferred,20400,16,5303.0,False
deferred,20401,7,41.0,False
deferred,20401,8,47.0,False
deferred,20401,12,71.0,False
deferred,20401,14,83.0,False
deferred,20401,18,107.0,False
deferred,20401,15,329.0,False
deferred,20401,17,341.0,False
deferred,20401,20,359.0,False
deferred,20401,16,3179.0,False
deferred,20401,1,4721.0,False
deferred,20401,3,4733.0,False
deferred,20401,2,5123.0,False
deferred,20401,19,5555.0,False
deferred,20402,1,5.0,False
deferred,20402,2,11.0,False
deferred,20402,7,41.0,False
deferred,20402,10,59.0,False
deferred,20402,11,65.0,False
deferred,20402,12,71.0,False
deferred,20402,13,77.0,False
deferred,20402,17,101.0,False
deferred,20402,20,119.0,False
deferred,20402,5,503.0,False
deferred,20402,8,2495.0,False
deferred,20402,6,3113.0,False
deferred,20402,4,3521.0,False
deferred,20402,16,4535.0,False
deferred,20402,3,5387.0,False
deferred,20402,19,6707.0,False
deferred,20403,3,17.0,False
deferred,20403,4,23.0,False
deferred,20403,6,35.0,False
deferred,20403,9,53.0,False
deferred,20403,10,59.0,False
deferred,20403,13,77.0,False
deferred,20403,16,95.0,False
deferred,20403,1,245.0,False
deferred,20403,11,305.0,False
deferred,20403,20,359.0,False
deferred,20403,2,3113.0,False
deferred,20403,17,3569.0,False
deferred,20403,5,4685.0,False
deferred,20403,14,5087.0,False
deferred,20403,8,5435.0,False
deferred,20403,18,6299.0,False
deferred,20404,1,5.0,False
deferred,20404,2,11.0,False
deferred,20404,5,29.0,False
deferred,20404,8,47.0,False
deferred,20404,9,53.0,False
deferred,20404,10,59.0,False
deferred,20404,16,95.0,False
deferred,20404,17,101.0,False
deferred,20404,18,107.0,False
deferred,20404,19,113.0,False
deferred,20404,12,5543.0,False
deferred,20405,2,11.0,False
deferred,20405,4,23.0,False
deferred,20405,6,35.0,False
deferred,20405,7,41.0,False
deferred,20405,17,101.0,False
deferred,20405,13,317.0,False
deferred,20405,19,353.0,False
deferred,20405,11,1931.0,False
deferred,20405,5,3695.0,False
deferred,20405,3,4721.0,False
deferred,20405,12,7001.0,False
deferred,20406,3,17.0,False
deferred,20406,7,41.0,False
deferred,20406,11,65.0,False
deferred,20406,12,71.0,False
deferred,20406,18,107.0,False
deferred,20406,1,245.0,False
deferred,20406,9,293.0,False
deferred,20406,13,317.0,False
deferred,20406,8,1217.0,False
deferred,20406,5,2939.0,False
deferred,20406,15,3587.0,False
deferred,20406,16,3593.0,False
deferred,20406,2,4487.0,False
deferred,20406,4,5033.0,False
deferred,20406,17,5069.0,False
deferred,20406,10,5219.0,False
deferred,20407,1,5.0,False
deferred,20407,2,11.0,False
deferred,20407,3,17.0,False
deferred,20407,4,23.0,False
deferred,20407,6,35.0,False
deferred,20407,8,47.0,False
deferred,20407,11,65.0,False
deferred,20407,20,119.0,False
deferred,20407,10,299.0,False
deferred,20407,15,329.0,False
deferred,20407,19,353.0,False
deferred,20407,17,1685.0,False
deferred,20407,12,2519.0,False
deferred,20407,14,2531.0,False
deferred,20407,5,4943.0,False
deferred,20407,13,5135.0,False
deferred,20408,3,17.0,False
deferred,20408,10,59.0,False
deferred,20408,15,89.0,False
deferred,20408,20,119.0,False
deferred,20408,13,317.0,False
deferred,20408,14,323.0,False
deferred,20408,18,347.0,False
deferred,20408,6,2915.0,False
deferred,20408,17,2957.0,False
deferred,20408,9,4565.0,False
deferred,20408,12,5153.0,False
deferred,20409,1,5.0,False
deferred,20409,3,17.0,False
deferred,20409,6,35.0,False
deferred,20409,8,47.0,False
deferred,20409,20,119.0,False
deferred,20409,14,323.0,False
deferred,20409,7,1199.0,False
deferred,20409,9,2525.0,False
deferred,20409,15,2987.0,False
deferred,20409,19,3011.0,False
deferred,20409,5,3581.0,False
deferred,20409,10,3593.0,False
deferred,20409,4,4583.0,False
deferred,20409,16,5579.0,False
deferred,20410,1,5.0,False
deferred,20410,6,35.0,False
deferred,20410,8,47.0,False
deferred,20410,12,71.0,False
deferred,20410,16,95.0,False
deferred,20410,18,107.0,False
deferred,20410,4,263.0,False
deferred,20410,10,299.0,False
deferred,20410,9,3011.0,False
deferred,20410,2,4721.0,False
deferred,20410,17,4793.0,False
deferred,20411,5,29.0,False
deferred,20411,8,47.0,False
deferred,20411,9,53.0,False
deferred,20411,1,245.0,False
deferred,20411,4,263.0,False
deferred,20411,6,275.0,False
deferred,20411,3,953.0,False
deferred,20411,16,2741.0,False
deferred,20411,11,3521.0,False
deferred,20411,18,3557.0,False
deferred,20411,10,5093.0,False
deferred,20411,20,5321.0,False
deferred,20411,14,5483.0,False
deferred,20412,4,23.0,False
deferred,20412,7,41.0,False
deferred,20412,9,53.0,False
deferred,20412,12,71.0,False
deferred,20412,18,107.0,False
deferred,20412,10,299.0,False
deferred,20412,13,317.0,False
deferred,20412,14,563.0,False
deferred,20412,16,1661.0,False
deferred,20412,17,3533.0,False
deferred,20412,6,5075.0,False
deferred,20413,6,35.0,False
deferred,20413,9,53.0,False
deferred,20413,13,77.0,False
deferred,20413,15,89.0,False
deferred,20413,7,281.0,False
deferred,20413,11,2597.0,False
deferred,20413,4,3665.0,False
deferred,20413,19,3725.0,False
deferred,20413,2,4895.0,False
deferred,20413,1,5285.0,False
deferred,20414,2,11.0,False
deferred,20414,3,17.0,False
deferred,20414,8,47.0,False
deferred,20414,13,77.0,False
deferred,20414,14,83.0,False
deferred,20414,19,113.0,False
deferred,20414,20,119.0,False
deferred,20414,4,263.0,False
deferred,20414,17,341.0,False
deferred,20414,10,539.0,False
deferred,20414,12,2969.0,False
deferred,20414,15,3617.0,False
deferred,20414,5,5207.0,False
deferred,20414,16,5249.0,False
deferred,20415,4,23.0,False
deferred,20415,9,53.0,False
deferred,20415,11,65.0,False
deferred,20415,12,71.0,False
deferred,20415,14,83.0,False
deferred,20415,17,101.0,False
deferred,20415,18,107.0,False
deferred,20415,8,527.0,False
deferred,20415,7,1211.0,False
deferred,20415,10,2537.0,False
deferred,20415,2,5147.0,False
deferred,20415,13,5177.0,False
deferred,20416,1,5.0,False
deferred,20416,8,47.0,False
deferred,20416,13,77.0,False
deferred,20416,17,101.0,False
deferred,20416,3,257.0,False
deferred,20416,10,539.0,False
deferred,20416,11,545.0,False
deferred,20416,6,3683.0,False
deferred,20416,4,4973.0,False
deferred,20416,16,5423.0,False
deferred,20417,3,17.0,False
deferred,20417,5,29.0,False
deferred,20417,7,41.0,False
deferred,20417,8,47.0,False
deferred,20417,17,101.0,False
deferred,20417,19,113.0,False
deferred,20417,20,119.0,False
deferred,20417,6,275.0,False
deferred,20417,10,299.0,False
deferred,20417,14,323.0,False
deferred,20417,15,3425.0,False
deferred,20417,11,5129.0,False
deferred,20417,13,5327.0,False
deferred,20418,3,17.0,False
deferred,20418,4,23.0,False
deferred,20418,6,35.0,False
deferred,20418,14,83.0,False
deferred,20418,16,95.0,False
deferred,20418,18,107.0,False
deferred,20418,17,341.0,False
deferred,20418,7,1463.0,False
deferred,20418,20,1769.0,False
deferred,20418,11,2645.0,False
deferred,20418,1,3035.0,False
deferred,20418,9,3713.0,False
deferred,20419,4,23.0,False
deferred,20419,5,29.0,False
deferred,20419,13,77.0,False
deferred,20419,15,89.0,False
deferred,20419,16,335.0,False
deferred,20419,11,545.0,False
deferred,20419,17,1265.0,False
deferred,20419,7,1445.0,False
deferred,20419,8,3305.0,False
deferred,20419,19,4859.0,False
deferred,20419,3,5003.0,False
deferred,20420,5,29.0,False
deferred,20420,11,65.0,False
deferred,20420,14,83.0,False
deferred,20420,19,113.0,False
deferred,20420,2,251.0,False
deferred,20420,8,527.0,False
deferred,20420,1,1601.0,False
deferred,20420,18,3533.0,False
deferred,20420,10,4673.0,False
deferred,20420,3,5405.0,False
deferred,20421,5,29.0,False
deferred,20421,6,35.0,False
deferred,20421,8,47.0,False
deferred,20421,13,77.0,False
deferred,20421,15,89.0,False
deferred,20421,16,95.0,False
deferred,20421,17,101.0,False
deferred,20421,19,113.0,False
deferred,20421,20,119.0,False
deferred,20421,1,245.0,False
deferred,20421,7,281.0,False
deferred,20421,9,293.0,False
deferred,20421,18,1037.0,False
deferred,20421,14,2339.0,False
deferred,20421,3,3569.0,False
deferred,20421,10,3599.0,False
deferred,20422,3,17.0,False
deferred,20422,5,29.0,False
deferred,20422,6,35.0,False
deferred,20422,7,41.0,False
deferred,20422,8,47.0,False
deferred,20422,10,59.0,False
deferred,20422,14,83.0,False
deferred,20422,15,89.0,False
deferred,20422,16,95.0,False
deferred,20422,18,107.0,False
deferred,20422,11,305.0,False
deferred,20422,4,1613.0,False
deferred,20422,20,2903.0,False
deferred,20422,19,3281.0,False
deferred,20422,12,4481.0,False
deferred,20423,12,71.0,False
deferred,20423,13,77.0,False
deferred,20423,16,95.0,False
deferred,20423,19,113.0,False
deferred,20423,20,119.0,False
deferred,20423,4,263.0,False
deferred,20423,17,2981.0,False
deferred,20423,18,3203.0,False
deferred,20423,7,3575.0,False
deferred,20423,15,4619.0,False
deferred,20424,5,29.0,False
deferred,20424,6,35.0,False
deferred,20424,7,41.0,False
deferred,20424,8,47.0,False
deferred,20424,10,59.0,False
deferred,20424,16,95.0,False
deferred,20424,17,101.0,False
deferred,20424,20,119.0,False
deferred,20424,12,311.0,False
deferred,20424,19,353.0,False
deferred,20424,13,5555.0,False
deferred,20425,4,23.0,False
deferred,20425,10,59.0,False
deferred,20425,11,65.0,False
deferred,20425,12,71.0,False
deferred,20425,18,107.0,False
deferred,20425,1,245.0,False
deferred,20425,9,293.0,False
deferred,20425,13,317.0,False
deferred,20425,2,491.0,False
deferred,20425,20,593.0,False
deferred,20425,16,1265.0,False
deferred,20425,14,2543.0,False
deferred,20425,19,3179.0,False
deferred,20425,8,4667.0,False
deferred,20425,15,5057.0,False
deferred,20426,2,11.0,False
deferred,20426,3,17.0,False
deferred,20426,4,23.0,False
deferred,20426,7,41.0,False
deferred,20426,9,53.0,False
deferred,20426,15,89.0,False
deferred,20426,17,101.0,False
deferred,20426,12,311.0,False
deferred,20426,18,347.0,False
deferred,20426,1,3509.0,False
deferred,20426,11,4811.0,False
deferred,20426,16,5243.0,False
deferred,20427,3,17.0,False
deferred,20427,9,53.0,False
deferred,20427,16,95.0,False
deferred,20427,17,101.0,False
deferred,20427,4,263.0,False
deferred,20427,15,329.0,False
deferred,20427,10,2381.0,False
deferred,20427,14,2405.0,False
deferred,20427,13,3071.0,False
deferred,20427,20,4877.0,False
deferred,20427,11,5231.0,False
deferred,20427,12,5429.0,False
deferred,20428,3,17.0,False
deferred,20428,5,29.0,False
deferred,20428,7,41.0,False
deferred,20428,16,95.0,False
deferred,20428,18,107.0,False
deferred,20428,19,113.0,False
deferred,20428,20,119.0,False
deferred,20428,6,3287.0,False
deferred,20428,15,3779.0,False
deferred,20428,10,5597.0,False
deferred,20429,3,17.0,False
deferred,20429,4,23.0,False
deferred,20429,9,53.0,False
deferred,20429,11,65.0,False
deferred,20429,16,95.0,False
deferred,20429,18,107.0,False
deferred,20429,19,113.0,False
deferred,20429,5,509.0,False
deferred,20429,6,2891.0,False
deferred,20429,8,4715.0,False
deferred,20429,7,5105.0,False
deferred,20430,1,5.0,False
deferred,20430,4,23.0,False
deferred,20430,6,35.0,False
deferred,20430,8,47.0,False
deferred,20430,9,53.0,False
deferred,20430,10,59.0,False
deferred,20430,12,71.0,False
deferred,20430,15,89.0,False
deferred,20430,17,101.0,False
deferred,20430,7,521.0,False
deferred,20430,16,575.0,False
deferred,20430,19,593.0,False
deferred,20430,5,1625.0,False
deferred,20430,13,2921.0,False
deferred,20430,11,3503.0,False
deferred,20430,18,5111.0,False
deferred,20431,9,53.0,False
deferred,20431,10,59.0,False
deferred,20431,12,71.0,False
deferred,20431,13,77.0,False
deferred,20431,16,95.0,False
deferred,20431,19,113.0,False
deferred,20431,20,119.0,False
deferred,20431,14,323.0,False
deferred,20431,6,1637.0,False
deferred,20431,15,2339.0,False
deferred,20431,17,2975.0,False
deferred,20431,18,3557.0,False
deferred,20431,4,5357.0,False
deferred,20432,1,5.0,False
deferred,20432,2,11.0,False
deferred,20432,4,23.0,False
deferred,20432,7,41.0,False
deferred,20432,8,47.0,False
deferred,20432,11,65.0,False
deferred,20432,15,89.0,False
deferred,20432,12,311.0,False
deferred,20432,18,347.0,False
deferred,20432,13,551.0,False
deferred,20432,3,1613.0,False
deferred,20432,17,1679.0,False
deferred,20432,20,1691.0,False
deferred,20432,19,3287.0,False
deferred,20432,9,4481.0,False
deferred,20433,2,11.0,False
deferred,20433,3,17.0,False
deferred,20433,8,47.0,False
deferred,20433,17,101.0,False
deferred,20433,4,263.0,False
deferred,20433,14,323.0,False
deferred,20433,19,353.0,False
deferred,20433,15,563.0,False
deferred,20433,16,569.0,False
deferred,20433,5,1625.0,False
deferred,20433,13,2309.0,False
deferred,20433,10,2495.0,False
deferred,20433,12,3467.0,False
deferred,20433,6,4853.0,False
deferred,20433,20,4895.0,False
deferred,20434,2,11.0,False
deferred,20434,3,17.0,False
deferred,20434,4,23.0,False
deferred,20434,5,29.0,False
deferred,20434,7,41.0,False
deferred,20434,8,47.0,False
deferred,20434,11,65.0,False
deferred,20434,14,83.0,False
deferred,20434,15,89.0,False
deferred,20434,16,2453.0,False
deferred,20434,20,3089.0,False
deferred,20434,10,3443.0,False
deferred,20434,12,4949.0,False
deferred,20434,13,4955.0,False
deferred,20435,6,35.0,False
deferred,20435,7,41.0,False
deferred,20435,9,53.0,False
deferred,20435,10,59.0,False
deferred,20435,12,71.0,False
deferred,20435,17,101.0,False
deferred,20435,2,251.0,False
deferred,20435,3,257.0,False
deferred,20435,13,317.0,False
deferred,20435,15,4661.0,False
deferred,20435,8,5027.0,False
deferred,20435,20,5267.0,False
deferred,20436,1,5.0,False
deferred,20436,4,23.0,False
deferred,20436,7,41.0,False
deferred,20436,10,59.0,False
deferred,20436,15,89.0,False
deferred,20436,16,95.0,False
deferred,20436,17,101.0,False
deferred,20436,20,119.0,False
deferred,20436,9,293.0,False
deferred,20436,18,347.0,False
deferred,20436,19,1073.0,False
deferred,20436,2,2357.0,False
deferred,20436,5,2981.0,False
deferred,20436,3,3539.0,False
deferred,20436,8,3563.0,False
deferred,20436,11,3569.0,False
deferred,20437,4,23.0,False
deferred,20437,5,29.0,False
deferred,20437,6,35.0,False
deferred,20437,7,41.0,False
deferred,20437,13,77.0,False
deferred,20437,14,83.0,False
deferred,20437,15,89.0,False
deferred,20437,16,95.0,False
deferred,20437,19,113.0,False
deferred,20437,8,1001.0,False
deferred,20437,3,3161.0,False
deferred,20437,11,3605.0,False
deferred,20437,2,4385.0,False
deferred,20437,12,4811.0,False
deferred,20437,9,5147.0,False
deferred,20437,1,5303.0,False
deferred,20438,7,41.0,False
deferred,20438,13,77.0,False
deferred,20438,16,95.0,False
deferred,20438,19,113.0,False
deferred,20438,20,119.0,False
deferred,20438,15,329.0,False
deferred,20438,10,1211.0,False
deferred,20438,12,1223.0,False
deferred,20438,3,4553.0,False
deferred,20438,11,5387.0,False
deferred,20439,3,17.0,False
deferred,20439,5,29.0,False
deferred,20439,6,35.0,False
deferred,20439,8,47.0,False
deferred,20439,9,53.0,False
deferred,20439,11,65.0,False
deferred,20439,14,83.0,False
deferred,20439,15,89.0,False
deferred,20439,19,113.0,False
deferred,20439,13,1211.0,False
deferred,20439,7,1631.0,False
deferred,20439,10,3509.0,False
deferred,20439,1,4607.0,False
deferred,20439,12,4637.0,False
deferred,20439,18,4655.0,False
deferred,20439,20,4667.0,False
deferred,20440,3,17.0,False
deferred,20440,11,65.0,False
deferred,20440,12,71.0,False
deferred,20440,17,101.0,False
deferred,20440,4,263.0,False
deferred,20440,13,317.0,False
deferred,20440,20,359.0,False
deferred,20440,7,3047.0,False
deferred,20440,5,5405.0,False
deferred,20440,14,5849.0,False
deferred,20441,3,17.0,False
deferred,20441,5,29.0,False
deferred,20441,9,53.0,False
deferred,20441,14,83.0,False
deferred,20441,15,89.0,False
deferred,20441,17,101.0,False
deferred,20441,20,119.0,False
deferred,20441,4,263.0,False
deferred,20441,13,317.0,False
deferred,20441,2,491.0,False
deferred,20441,11,545.0,False
deferred,20441,18,3581.0,False
deferred,20441,12,4583.0,False
deferred,20442,2,11.0,False
deferred,20442,3,17.0,False
deferred,20442,4,23.0,False
deferred,20442,10,59.0,False
deferred,20442,11,65.0,False
deferred,20442,12,71.0,False
deferred,20442,13,77.0,False
deferred,20442,20,119.0,False
deferred,20442,15,569.0,False
deferred,20442,7,2321.0,False
deferred,20442,8,2549.0,False
deferred,20442,9,4685.0,False
deferred,20442,19,4925.0,False
deferred,20442,17,5297.0,False
deferred,20443,3,17.0,False
deferred,20443,4,23.0,False
deferred,20443,7,41.0,False
deferred,20443,10,59.0,False
deferred,20443,12,71.0,False
deferred,20443,14,83.0,False
deferred,20443,17,101.0,False
deferred,20443,18,107.0,False
deferred,20443,20,119.0,False
deferred,20443,6,275.0,False
deferred,20443,13,317.0,False
deferred,20443,16,335.0,False
deferred,20443,8,1649.0,False
deferred,20443,11,3455.0,False
deferred,20443,19,4763.0,False
deferred,20444,2,11.0,False
deferred,20444,9,53.0,False
deferred,20444,10,59.0,False
deferred,20444,11,65.0,False
deferred,20444,12,71.0,False
deferred,20444,14,83.0,False
deferred,20444,17,101.0,False
deferred,20444,18,107.0,False
deferred,20444,19,113.0,False
deferred,20444,6,2339.0,False
deferred,20444,15,5147.0,False
deferred,20445,1,5.0,False
deferred,20445,9,53.0,False
deferred,20445,14,83.0,False
deferred,20445,17,101.0,False
deferred,20445,19,113.0,False
deferred,20445,3,257.0,False
deferred,20445,15,329.0,False
deferred,20445,4,3263.0,False
deferred,20445,16,3335.0,False
deferred,20445,10,5369.0,False
deferred,20445,13,5585.0,False
deferred,20446,4,23.0,False
deferred,20446,10,59.0,False
deferred,20446,12,71.0,False
deferred,20446,13,77.0,False
deferred,20446,6,275.0,False
deferred,20446,18,347.0,False
deferred,20446,1,1661.0,False
deferred,20446,2,3245.0,False
deferred,20446,9,3725.0,False
deferred,20446,7,4745.0,False
deferred,20446,8,4949.0,False
deferred,20447,1,5.0,False
deferred,20447,3,17.0,False
deferred,20447,5,29.0,False
deferred,20447,7,41.0,False
deferred,20447,8,47.0,False
deferred,20447,9,53.0,False
deferred,20447,10,59.0,False
deferred,20447,11,65.0,False
deferred,20447,12,71.0,False
deferred,20447,16,95.0,False
deferred,20447,20,593.0,False
deferred,20447,13,1223.0,False
deferred,20447,14,1229.0,False
deferred,20447,15,1235.0,False
deferred,20447,2,2849.0,False
deferred,20447,4,3425.0,False
deferred,20448,4,23.0,False
deferred,20448,9,53.0,False
deferred,20448,11,65.0,False
deferred,20448,12,71.0,False
deferred,20448,15,89.0,False
deferred,20448,16,95.0,False
deferred,20448,17,101.0,False
deferred,20448,6,515.0,False
deferred,20448,8,2405.0,False
deferred,20448,10,4973.0,False
deferred,20449,5,29.0,False
deferred,20449,12,71.0,False
deferred,20449,13,77.0,False
deferred,20449,15,89.0,False
deferred,20449,16,95.0,False
deferred,20449,20,119.0,False
deferred,20449,4,263.0,False
deferred,20449,11,305.0,False
deferred,20449,9,533.0,False
deferred,20449,8,1217.0,False
deferred,20449,17,2543.0,False
deferred,20449,1,4637.0,False
deferred,20449,6,4661.0,False
deferred,20449,14,4685.0,False
deferred,20450,12,71.0,False
deferred,20450,19,353.0,False
deferred,20450,16,2447.0,False
deferred,20450,17,2687.0,False
deferred,20450,8,3107.0,False
deferred,20450,5,3551.0,False
deferred,20450,2,3755.0,False
deferred,20450,9,3797.0,False
deferred,20450,20,5525.0,False
deferred,20450,4,5663.0,False
deferred,20450,15,5705.0,False
deferred,20451,4,23.0,False
deferred,20451,16,95.0,False
deferred,20451,17,101.0,False
deferred,20451,18,107.0,False
deferred,20451,3,257.0,False
deferred,20451,8,287.0,False
deferred,20451,10,299.0,False
deferred,20451,12,311.0,False
deferred,20451,14,323.0,False
deferred,20451,15,2831.0,False
deferred,20451,7,3401.0,False
deferred,20451,19,3443.0,False
deferred,20451,20,3449.0,False
deferred,20451,9,4523.0,False
deferred,20451,6,5189.0,False
deferred,20452,1,5.0,False
deferred,20452,5,29.0,False
deferred,20452,6,35.0,False
deferred,20452,9,53.0,False
deferred,20452,13,77.0,False
deferred,20452,15,89.0,False
deferred,20452,16,95.0,False
deferred,20452,17,101.0,False
deferred,20452,20,119.0,False
deferred,20452,3,257.0,False
deferred,20452,4,263.0,False
deferred,20452,8,287.0,False
deferred,20452,10,299.0,False
deferred,20452,11,3245.0,False
deferred,20452,14,4673.0,False
deferred,20453,3,17.0,False
deferred,20453,4,23.0,False
deferred,20453,13,77.0,False
deferred,20453,17,101.0,False
deferred,20453,19,353.0,False
deferred,20453,20,359.0,False
deferred,20453,6,1661.0,False
deferred,20453,15,3629.0,False
deferred,20453,5,4805.0,False
deferred,20453,11,5237.0,False
deferred,20453,7,5405.0,False
deferred,20453,8,5411.0,False
deferred,20454,2,11.0,False
deferred,20454,4,23.0,False
deferred,20454,5,29.0,False
deferred,20454,9,53.0,False
deferred,20454,10,59.0,False
deferred,20454,12,71.0,False
deferred,20454,13,77.0,False
deferred,20454,14,83.0,False
deferred,20454,17,101.0,False
deferred,20454,19,113.0,False
deferred,20454,15,1217.0,False
deferred,20454,8,1613.0,False
deferred,20454,16,5141.0,False
deferred,20454,3,5291.0,False
deferred,20455,3,17.0,False
deferred,20455,4,23.0,False
deferred,20455,5,29.0,False
deferred,20455,12,71.0,False
deferred,20455,13,77.0,False
deferred,20455,17,341.0,False
deferred,20455,11,545.0,False
deferred,20455,14,1685.0,False
deferred,20455,15,3575.0,False
deferred,20455,9,5093.0,False
deferred,20456,1,5.0,False
deferred,20456,3,17.0,False
deferred,20456,7,41.0,False
deferred,20456,9,53.0,False
deferred,20456,13,77.0,False
deferred,20456,14,83.0,False
deferred,20456,17,101.0,False
deferred,20456,18,107.0,False
deferred,20456,19,113.0,False
deferred,20456,4,263.0,False
deferred,20456,6,275.0,False
deferred,20456,11,305.0,False
deferred,20456,16,335.0,False
deferred,20456,15,4571.0,False
deferred,20456,10,4919.0,False
deferred,20457,1,5.0,False
deferred,20457,8,47.0,False
deferred,20457,13,77.0,False
deferred,20457,15,89.0,False
deferred,20457,17,101.0,False
deferred,20457,3,257.0,False
deferred,20457,6,275.0,False
deferred,20457,12,311.0,False
deferred,20457,2,491.0,False
deferred,20457,4,503.0,False
deferred,20457,7,3503.0,False
deferred,20457,9,3515.0,False
deferred,20457,14,3539.0,False
deferred,20457,16,3545.0,False
deferred,20457,18,3551.0,False
deferred,20457,19,5045.0,False
deferred,20458,2,11.0,False
deferred,20458,12,71.0,False
deferred,20458,16,95.0,False
deferred,20458,10,1001.0,False
deferred,20458,15,3707.0,False
deferred,20458,19,3725.0,False
deferred,20458,6,4745.0,False
deferred,20458,9,4763.0,False
deferred,20458,11,4769.0,False
deferred,20458,4,5375.0,False
deferred,20458,8,5399.0,False
deferred,20458,18,5633.0,False
deferred,20459,5,29.0,False
deferred,20459,6,35.0,False
deferred,20459,9,53.0,False
deferred,20459,12,71.0,False
deferred,20459,13,77.0,False
deferred,20459,19,113.0,False
deferred,20459,8,287.0,False
deferred,20459,17,1037.0,False
deferred,20459,18,2987.0,False
deferred,20459,16,3611.0,False
deferred,20459,20,3629.0,False
deferred,20459,10,4811.0,False
deferred,20459,3,5177.0,False
deferred,20459,15,5585.0,False
deferred,20460,1,5.0,False
deferred,20460,3,17.0,False
deferred,20460,4,23.0,False
deferred,20460,7,41.0,False
deferred,20460,10,59.0,False
deferred,20460,11,65.0,False
deferred,20460,5,269.0,False
deferred,20460,15,329.0,False
deferred,20460,20,359.0,False
deferred,20460,12,2321.0,False
deferred,20460,2,3491.0,False
deferred,20460,18,4547.0,False
deferred,20460,8,4895.0,False
deferred,20460,14,5105.0,False
deferred,20460,17,5291.0,False
deferred,20461,4,23.0,False
deferred,20461,6,35.0,False
deferred,20461,8,47.0,False
deferred,20461,11,65.0,False
deferred,20461,12,71.0,False
deferred,20461,14,83.0,False
deferred,20461,15,89.0,False
deferred,20461,17,101.0,False
deferred,20461,2,251.0,False
deferred,20461,5,269.0,False
deferred,20461,7,281.0,False
deferred,20461,16,1229.0,False
deferred,20461,3,1601.0,False
deferred,20461,19,2861.0,False
deferred,20461,20,4325.0,False
deferred,20461,10,4481.0,False
deferred,20462,3,17.0,False
deferred,20462,4,23.0,False
deferred,20462,6,35.0,False
deferred,20462,15,89.0,False
deferred,20462,9,293.0,False
deferred,20462,13,317.0,False
deferred,20462,18,347.0,False
deferred,20462,14,3317.0,False
deferred,20462,12,3515.0,False
deferred,20462,11,4721.0,False
deferred,20462,17,4733.0,False
deferred,20462,1,5063.0,False
deferred,20462,5,5075.0,False
deferred,20462,10,5465.0,False
deferred,20463,4,23.0,False
deferred,20463,12,71.0,False
deferred,20463,14,83.0,False
deferred,20463,17,101.0,False
deferred,20463,19,113.0,False
deferred,20463,7,281.0,False
deferred,20463,11,305.0,False
deferred,20463,5,2309.0,False
deferred,20463,16,3659.0,False
deferred,20463,10,4853.0,False
deferred,20464,1,5.0,False
deferred,20464,3,17.0,False
deferred,20464,5,29.0,False
deferred,20464,10,59.0,False
deferred,20464,12,71.0,False
deferred,20464,13,77.0,False
deferred,20464,15,89.0,False
deferred,20464,19,113.0,False
deferred,20464,8,287.0,False
deferred,20464,11,2501.0,False
deferred,20464,18,5075.0,False
deferred,20465,2,11.0,False
deferred,20465,9,53.0,False
deferred,20465,11,65.0,False
deferred,20465,16,95.0,False
deferred,20465,19,113.0,False
deferred,20465,6,275.0,False
deferred,20465,10,2363.0,False
deferred,20465,14,2387.0,False
deferred,20465,1,3233.0,False
deferred,20465,8,3701.0,False
deferred,20465,12,5321.0,False
deferred,20466,7,41.0,False
deferred,20466,8,47.0,False
deferred,20466,10,59.0,False
deferred,20466,16,95.0,False
deferred,20466,18,107.0,False
deferred,20466,20,119.0,False
deferred,20466,3,257.0,False
deferred,20466,19,353.0,False
deferred,20466,2,491.0,False
deferred,20466,15,569.0,False
deferred,20466,13,1697.0,False
deferred,20466,1,3521.0,False
deferred,20466,11,3557.0,False
deferred,20466,4,4259.0,False
deferred,20466,17,5147.0,False
deferred,20466,9,5285.0,False
deferred,20467,1,5.0,False
deferred,20467,3,17.0,False
deferred,20467,12,71.0,False
deferred,20467,17,101.0,False
deferred,20467,2,251.0,False
deferred,20467,4,263.0,False
deferred,20467,5,269.0,False
deferred,20467,6,275.0,False
deferred,20467,13,317.0,False
deferred,20467,14,557.0,False
deferred,20467,7,965.0,False
deferred,20467,11,2327.0,False
deferred,20467,16,2699.0,False
deferred,20467,19,4583.0,False
deferred,20468,2,11.0,False
deferred,20468,3,17.0,False
deferred,20468,5,29.0,False
deferred,20468,6,35.0,False
deferred,20468,7,41.0,False
deferred,20468,11,65.0,False
deferred,20468,15,89.0,False
deferred,20468,19,113.0,False
deferred,20468,1,245.0,False
deferred,20468,4,263.0,False
deferred,20468,14,323.0,False
deferred,20468,10,1655.0,False
deferred,20468,8,2471.0,False
deferred,20468,9,3395.0,False
deferred,20468,13,3407.0,False
deferred,20468,12,5027.0,False
deferred,20469,5,29.0,False
deferred,20469,8,47.0,False
deferred,20469,18,107.0,False
deferred,20469,19,113.0,False
deferred,20469,10,299.0,False
deferred,20469,20,359.0,False
deferred,20469,3,497.0,False
deferred,20469,11,1697.0,False
deferred,20469,16,2597.0,False
deferred,20469,4,2969.0,False
deferred,20469,6,4601.0,False
deferred,20469,17,5045.0,False
deferred,20470,1,5.0,False
deferred,20470,3,17.0,False
deferred,20470,4,23.0,False
deferred,20470,6,35.0,False
deferred,20470,7,41.0,False
deferred,20470,8,47.0,False
deferred,20470,12,71.0,False
deferred,20470,13,77.0,False
deferred,20470,15,89.0,False
deferred,20470,17,101.0,False
deferred,20470,18,107.0,False
deferred,20470,5,1619.0,False
deferred,20470,2,3491.0,False
deferred,20470,16,3551.0,False
deferred,20471,2,11.0,False
deferred,20471,6,35.0,False
deferred,20471,10,59.0,False
deferred,20471,12,71.0,False
deferred,20471,13,77.0,False
deferred,20471,15,89.0,False
deferred,20471,17,101.0,False
deferred,20471,20,119.0,False
deferred,20471,9,3215.0,False
deferred,20471,18,3671.0,False
deferred,20471,19,3677.0,False
deferred,20471,7,4859.0,False
deferred,20471,3,5237.0,False
deferred,20472,12,71.0,False
deferred,20472,18,107.0,False
deferred,20472,20,119.0,False
deferred,20472,9,1685.0,False
deferred,20472,14,3287.0,False
deferred,20472,17,3749.0,False
deferred,20472,13,4835.0,False
deferred,20472,15,5483.0,False
deferred,20472,3,5639.0,False
deferred,20472,6,5657.0,False
deferred,20473,1,5.0,False
deferred,20473,5,29.0,False
deferred,20473,12,71.0,False
deferred,20473,17,101.0,False
deferred,20473,18,107.0,False
deferred,20473,19,113.0,False
deferred,20473,2,251.0,False
deferred,20473,10,299.0,False
deferred,20473,11,305.0,False
deferred,20473,13,551.0,False
deferred,20473,6,2393.0,False
deferred,20473,16,4943.0,False
deferred,20473,7,5093.0,False
deferred,20474,3,17.0,False
deferred,20474,8,47.0,False
deferred,20474,9,53.0,False
deferred,20474,11,65.0,False
deferred,20474,14,83.0,False
deferred,20474,16,95.0,False
deferred,20474,20,119.0,False
deferred,20474,18,347.0,False
deferred,20474,2,1871.0,False
deferred,20474,5,3011.0,False
deferred,20474,1,5117.0,False
deferred,20475,2,11.0,False
deferred,20475,3,17.0,False
deferred,20475,4,23.0,False
deferred,20475,7,41.0,False
deferred,20475,8,47.0,False
deferred,20475,10,59.0,False
deferred,20475,14,83.0,False
deferred,20475,16,95.0,False
deferred,20475,20,119.0,False
deferred,20475,12,311.0,False
deferred,20475,11,545.0,False
deferred,20475,19,593.0,False
deferred,20475,6,2477.0,False
deferred,20475,17,2957.0,False
deferred,20476,4,23.0,False
deferred,20476,5,29.0,False
deferred,20476,6,35.0,False
deferred,20476,9,53.0,False
deferred,20476,11,65.0,False
deferred,20476,13,77.0,False
deferred,20476,14,83.0,False
deferred,20476,15,89.0,False
deferred,20476,20,119.0,False
deferred,20476,1,245.0,False
deferred,20476,3,257.0,False
deferred,20477,4,23.0,False
deferred,20477,7,41.0,False
deferred,20477,10,59.0,False
deferred,20477,12,71.0,False
deferred,20477,16,95.0,False
deferred,20477,18,107.0,False
deferred,20477,3,1697.0,False
deferred,20477,13,2711.0,False
deferred,20477,5,3125.0,False
deferred,20477,15,3185.0,False
deferred,20477,14,3809.0,False
deferred,20477,6,4727.0,False
deferred,20477,9,4925.0,False
deferred,20478,4,23.0,False
deferred,20478,7,41.0,False
deferred,20478,16,95.0,False
deferred,20478,17,101.0,False
deferred,20478,2,251.0,False
deferred,20478,15,329.0,False
deferred,20478,19,353.0,False
deferred,20478,8,527.0,False
deferred,20478,20,3683.0,False
deferred,20478,18,5111.0,False
deferred,20478,10,5273.0,False
deferred,20479,4,23.0,False
deferred,20479,5,29.0,False
deferred,20479,13,77.0,False
deferred,20479,9,293.0,False
deferred,20479,14,323.0,False
deferred,20479,19,1727.0,False
deferred,20479,10,2573.0,False
deferred,20479,20,2621.0,False
deferred,20479,11,4607.0,False
deferred,20479,16,5201.0,False
deferred,20479,3,5543.0,False
deferred,20480,5,29.0,False
deferred,20480,7,41.0,False
deferred,20480,20,119.0,False
deferred,20480,12,311.0,False
deferred,20480,18,1055.0,False
deferred,20480,10,1709.0,False
deferred,20480,16,1745.0,False
deferred,20480,2,4763.0,False
deferred,20480,8,4787.0,False
deferred,20480,19,5225.0,False
deferred,20481,1,5.0,False
deferred,20481,6,35.0,False
deferred,20481,18,107.0,False
deferred,20481,19,113.0,False
deferred,20481,8,287.0,False
deferred,20481,2,953.0,False
deferred,20481,12,1223.0,False
deferred,20481,4,3041.0,False
deferred,20481,9,3455.0,False
deferred,20481,17,3497.0,False
deferred,20481,11,4613.0,False
deferred,20481,13,4619.0,False
deferred,20481,14,4625.0,False
deferred,20481,5,4961.0,False
deferred,20481,10,4979.0,False
deferred,20481,7,5153.0,False
deferred,20482,1,5.0,False
deferred,20482,6,35.0,False
deferred,20482,8,47.0,False
deferred,20482,15,89.0,False
deferred,20482,16,95.0,False
deferred,20482,17,101.0,False
deferred,20482,2,251.0,False
deferred,20482,18,347.0,False
deferred,20482,4,1193.0,False
deferred,20482,9,5261.0,False
deferred,20483,1,5.0,False
deferred,20483,5,29.0,False
deferred,20483,6,35.0,False
deferred,20483,8,47.0,False
deferred,20483,17,101.0,False
deferred,20483,18,347.0,False
deferred,20483,19,2321.0,False
deferred,20483,15,2951.0,False
deferred,20483,13,4739.0,False
deferred,20483,2,5279.0,False
deferred,20484,3,17.0,False
deferred,20484,4,23.0,False
deferred,20484,7,41.0,False
deferred,20484,11,65.0,False
deferred,20484,12,71.0,False
deferred,20484,13,77.0,False
deferred,20484,18,107.0,False
deferred,20484,20,119.0,False
deferred,20484,2,251.0,False
deferred,20484,1,4775.0,False
deferred,20484,6,5177.0,False
deferred,20484,19,5225.0,False
deferred,20484,9,5381.0,False
deferred,20484,10,5579.0,False
deferred,20485,8,47.0,False
deferred,20485,11,65.0,False
deferred,20485,15,89.0,False
deferred,20485,18,107.0,False
deferred,20485,20,119.0,False
deferred,20485,5,269.0,False
deferred,20485,12,2417.0,False
deferred,20485,10,3095.0,False
deferred,20485,16,3341.0,False
deferred,20485,9,3737.0,False
deferred,20485,13,5267.0,False
deferred,20485,14,5273.0,False
deferred,20486,1,5.0,False
deferred,20486,2,11.0,False
deferred,20486,3,17.0,False
deferred,20486,4,23.0,False
deferred,20486,5,29.0,False
deferred,20486,7,41.0,False
deferred,20486,8,47.0,False
deferred,20486,15,89.0,False
deferred,20486,17,101.0,False
deferred,20486,18,107.0,False
deferred,20486,6,275.0,False
deferred,20486,11,305.0,False
deferred,20486,14,3047.0,False
deferred,20486,12,3671.0,False
deferred,20486,19,3689.0,False
deferred,20486,16,5261.0,False
deferred,20487,1,5.0,False
deferred,20487,5,29.0,False
deferred,20487,7,41.0,False
deferred,20487,9,53.0,False
deferred,20487,12,71.0,False
deferred,20487,13,77.0,False
deferred,20487,14,83.0,False
deferred,20487,20,119.0,False
deferred,20487,4,263.0,False
deferred,20487,17,3029.0,False
deferred,20487,15,3653.0,False
deferred,20487,11,4637.0,False
deferred,20487,8,4823.0,False
deferred,20488,1,5.0,False
deferred,20488,16,95.0,False
deferred,20488,17,101.0,False
deferred,20488,20,119.0,False
deferred,20488,4,1673.0,False
deferred,20488,14,2663.0,False
deferred,20488,8,3485.0,False
deferred,20488,2,3665.0,False
deferred,20488,3,3671.0,False
deferred,20488,5,3677.0,False
deferred,20488,13,3725.0,False
deferred,20488,10,5279.0,False
deferred,20488,11,5285.0,False
deferred,20488,12,5291.0,False
deferred,20489,1,5.0,False
deferred,20489,4,23.0,False
deferred,20489,13,77.0,False
deferred,20489,17,101.0,False
deferred,20489,18,107.0,False
deferred,20489,16,575.0,False
deferred,20489,19,593.0,False
deferred,20489,12,1229.0,False
deferred,20489,5,4577.0,False
deferred,20489,9,4601.0,False
deferred,20489,14,5381.0,False
deferred,20489,7,6275.0,False
deferred,20490,4,23.0,False
deferred,20490,5,29.0,False
deferred,20490,7,41.0,False
deferred,20490,14,83.0,False
deferred,20490,16,95.0,False
deferred,20490,18,107.0,False
deferred,20490,19,113.0,False
deferred,20490,11,305.0,False
deferred,20490,9,533.0,False
deferred,20490,17,2345.0,False
deferred,20490,8,2945.0,False
deferred,20490,1,3527.0,False
deferred,20490,6,4487.0,False
deferred,20490,10,5021.0,False
deferred,20490,15,5039.0,False
deferred,20490,20,5051.0,False
deferred,20491,1,5.0,False
deferred,20491,2,11.0,False
deferred,20491,4,23.0,False
deferred,20491,7,41.0,False
deferred,20491,8,47.0,False
deferred,20491,10,59.0,False
deferred,20491,12,71.0,False
deferred,20491,14,83.0,False
deferred,20491,16,95.0,False
deferred,20491,13,545.0,False
deferred,20491,11,4769.0,False
deferred,20491,18,5171.0,False
deferred,20492,4,23.0,False
deferred,20492,8,47.0,False
deferred,20492,11,65.0,False
deferred,20492,16,95.0,False
deferred,20492,19,113.0,False
deferred,20492,20,119.0,False
deferred,20492,15,1037.0,False
deferred,20492,10,1709.0,False
deferred,20492,12,1721.0,False
deferred,20492,18,1985.0,False
deferred,20492,9,2393.0,False
deferred,20492,2,3617.0,False
deferred,20492,17,3677.0,False
deferred,20492,3,5087.0,False
deferred,20492,5,5099.0,False
deferred,20493,4,23.0,False
deferred,20493,7,41.0,False
deferred,20493,10,59.0,False
deferred,20493,12,71.0,False
deferred,20493,13,77.0,False
deferred,20493,15,89.0,False
deferred,20493,16,95.0,False
deferred,20493,17,101.0,False
deferred,20493,18,107.0,False
deferred,20493,19,113.0,False
deferred,20493,11,545.0,False
deferred,20493,14,3053.0,False
deferred,20493,6,4793.0,False
deferred,20494,1,5.0,False
deferred,20494,6,35.0,False
deferred,20494,7,41.0,False
deferred,20494,12,71.0,False
deferred,20494,13,77.0,False
deferred,20494,18,107.0,False
deferred,20494,19,113.0,False
deferred,20494,4,263.0,False
deferred,20494,17,341.0,False
deferred,20494,8,1001.0,False
deferred,20494,11,5159.0,False
deferred,20495,6,35.0,False
deferred,20495,8,47.0,False
deferred,20495,12,71.0,False
deferred,20495,17,101.0,False
deferred,20495,1,3023.0,False
deferred,20495,10,3065.0,False
deferred,20495,15,3095.0,False
deferred,20495,9,3713.0,False
deferred,20495,19,4757.0,False
deferred,20495,16,4937.0,False
deferred,20495,20,5339.0,False
deferred,20496,2,11.0,False
deferred,20496,5,29.0,False
deferred,20496,6,35.0,False
deferred,20496,13,77.0,False
deferred,20496,18,107.0,False
deferred,20496,19,113.0,False
deferred,20496,10,299.0,False
deferred,20496,14,323.0,False
deferred,20496,16,1019.0,False
deferred,20496,3,1607.0,False
deferred,20496,7,3077.0,False
deferred,20496,15,5231.0,False
deferred,20497,3,17.0,False
deferred,20497,17,101.0,False
deferred,20497,18,107.0,False
deferred,20497,13,317.0,False
deferred,20497,19,353.0,False
deferred,20497,1,485.0,False
deferred,20497,8,1673.0,False
deferred,20497,9,3215.0,False
deferred,20497,15,3665.0,False
deferred,20497,11,5267.0,False
deferred,20497,2,5423.0,False
deferred,20498,3,17.0,False
deferred,20498,4,23.0,False
deferred,20498,6,35.0,False
deferred,20498,16,95.0,False
deferred,20498,15,563.0,False
deferred,20498,11,1661.0,False
deferred,20498,8,2747.0,False
deferred,20498,12,3629.0,False
deferred,20498,2,5051.0,False
deferred,20498,9,5267.0,False
deferred,20499,1,5.0,False
deferred,20499,10,59.0,False
deferred,20499,11,65.0,False
deferred,20499,13,77.0,False
deferred,20499,14,83.0,False
deferred,20499,20,119.0,False
deferred,20499,4,263.0,False
deferred,20499,5,269.0,False
deferred,20499,7,1619.0,False
deferred,20499,6,3539.0,False
deferred,20499,3,4553.0,False
deferred,20499,12,4775.0,False
deferred,20499,2,5123.0,False
