strategy,seed,channel,first_seen_time_s,directional
belief,2000,2,11.0,True
belief,2000,4,23.0,True
belief,2000,6,579.0,True
belief,2000,11,609.0,True
belief,2000,16,639.0,True
belief,2000,9,1141.0,True
belief,2000,13,1165.0,True
belief,2000,17,1189.0,True
belief,2000,5,1444.2053236182082,True
belief,2000,15,1498.2053236182082,True
belief,2000,7,1722.2053236182082,True
belief,2000,3,5013.883927509072,True
belief,2000,18,5509.883927509072,True
belief,2001,3,17.0,True
belief,2001,4,23.0,True
belief,2001,5,29.0,True
belief,2001,17,101.0,True
belief,2001,20,391.0,True
belief,2001,1,910.5102301232358,True
belief,2001,19,1012.5102301232358,True
belief,2001,14,1502.510230123236,True
belief,2001,10,2368.5028371346057,True
belief,2001,15,3208.5440890169675,True
belief,2001,18,3462.5440890169675,True
belief,2001,12,4006.668096417995,True
belief,2001,2,4908.668096417995,True
belief,2001,11,4944.668096417995,True
belief,2002,1,5.0,True
belief,2002,2,11.0,True
belief,2002,10,59.0,True
belief,2002,20,119.0,True
belief,2002,5,301.0,True
belief,2002,7,585.0,True
belief,2002,16,639.0,True
belief,2002,11,1778.672926840741,True
belief,2002,12,2032.672926840741,True
belief,2002,9,2516.6729268407407,True
belief,2002,13,2534.6729268407407,True
belief,2002,15,2546.6729268407407,True
belief,2002,4,3322.076968204956,True
belief,2002,14,4517.685382258855,True
belief,2002,17,4529.685382258855,True
belief,2003,16,95.0,True
belief,2003,14,355.0,True
belief,2003,8,591.0,True
belief,2003,13,621.0,True
belief,2003,15,633.0,True
belief,2003,2,1371.0,True
belief,2003,18,1467.0,True
belief,2003,10,1749.3124618005722,True
belief,2003,12,1761.3124618005722,True
belief,2003,20,4455.250728657457,True
belief,2004,6,35.0,True
belief,2004,4,295.0,True
belief,2004,7,857.0,True
belief,2004,3,1105.0,True
belief,2004,9,1413.0,True
belief,2004,5,1661.0,True
belief,2004,11,1697.0,True
belief,2004,12,1703.0,True
belief,2004,1,1909.0,True
belief,2004,15,3521.6445026958722,True
belief,2004,13,4717.91968944737,True
belief,2004,8,5101.2561101435795,True
belief,2004,19,5143.2561101435795,True
belief,2004,20,6144.868949995676,True
belief,2005,1,5.0,True
belief,2005,3,17.0,True
belief,2005,15,89.0,True
belief,2005,17,101.0,True
belief,2005,8,591.0,True
belief,2005,7,857.0,True
belief,2005,13,893.0,True
belief,2005,16,911.0,True
belief,2005,6,1123.0,True
belief,2005,14,1171.0,True
belief,2005,2,1651.5203002003577,True
belief,2005,4,4359.564876105868,True
belief,2005,11,6317.49341200638,True
belief,2006,12,343.0,True
belief,2006,5,573.0,True
belief,2006,11,609.0,True
belief,2006,17,917.0,True
belief,2006,18,923.0,True
belief,2006,8,1135.0,True
belief,2006,2,1371.0,True
belief,2006,3,1377.0,True
belief,2006,4,1383.0,True
belief,2006,10,1691.0,True
belief,2006,14,2972.2926231136894,True
belief,2006,13,5517.92628131578,True
belief,2006,19,6205.724098673527,True
belief,2006,20,7309.6976666720075,True
belief,2007,2,11.0,True
belief,2007,14,83.0,True
belief,2007,18,107.0,True
belief,2007,8,319.0,True
belief,2007,17,373.0,True
belief,2007,7,585.0,True
belief,2007,6,984.4251390970528,True
belief,2007,12,1430.8144166253762,True
belief,2007,19,3087.8326105578885,True
belief,2007,3,4321.545417766433,True
belief,2007,1,8500.179314069714,True
belief,2008,6,35.0,True
belief,2008,13,77.0,True
belief,2008,14,83.0,True
belief,2008,19,113.0,True
belief,2008,3,289.0,True
belief,2008,18,651.0,True
belief,2008,7,1303.8907289769004,True
belief,2008,4,1745.3334964673431,True
belief,2008,8,2017.3334964673431,True
belief,2008,16,3195.0067554592883,True
belief,2008,2,6482.539368453685,True
belief,2009,3,17.0,True
belief,2009,11,65.0,True
belief,2009,20,119.0,True
belief,2009,10,331.0,True
belief,2009,14,355.0,True
belief,2009,5,603.2987324635588,True
belief,2009,2,851.2987324635588,True
belief,2009,15,923.2987324635588,True
belief,2009,17,2264.8766341492046,True
belief,2009,6,3332.0879267293794,True
belief,2009,4,4222.171135011456,True
belief,2009,18,4530.171135011456,True
belief,2010,8,47.0,True
belief,2010,9,53.0,True
belief,2010,12,71.0,True
belief,2010,13,77.0,True
belief,2010,14,83.0,True
belief,2010,19,1095.2577902944095,True
belief,2010,17,1343.2577902944095,True
belief,2010,4,1537.2577902944095,True
belief,2010,15,4715.611634476233,True
belief,2010,16,4945.611634476233,True
belief,2010,5,7596.157835493961,True
belief,2011,1,5.0,True
belief,2011,10,59.0,True
belief,2011,14,83.0,True
belief,2011,17,101.0,True
belief,2011,8,319.0,True
belief,2011,18,379.0,True
belief,2011,5,573.0,True
belief,2011,4,839.0,True
belief,2011,20,1207.0,True
belief,2011,11,1699.2206913851414,True
belief,2011,9,2017.9682165964246,True
belief,2011,12,2029.9682165964246,True
belief,2011,6,2253.9682165964246,True
belief,2011,15,3884.8160503011895,True
belief,2012,1,5.0,True
belief,2012,5,29.0,True
belief,2012,6,307.0,True
belief,2012,9,869.0,True
belief,2012,12,887.0,True
belief,2012,16,911.0,True
belief,2012,7,1129.0,True
belief,2012,11,4914.293100368713,True
belief,2012,10,5815.736002100358,True
belief,2012,14,9463.008385702962,True
belief,2013,1,5.0,True
belief,2013,2,11.0,True
belief,2013,5,29.0,True
belief,2013,7,41.0,True
belief,2013,11,65.0,True
belief,2013,19,113.0,True
belief,2013,20,119.0,True
belief,2013,12,343.0,True
belief,2013,15,1443.2047057823588,True
belief,2013,9,1946.3925463133887,True
belief,2013,10,1952.3925463133887,True
belief,2013,13,1964.3925463133887,True
belief,2013,17,4157.565990188808,True
belief,2014,8,47.0,True
belief,2014,12,71.0,True
belief,2014,13,77.0,True
belief,2014,16,95.0,True
belief,2014,19,113.0,True
belief,2014,7,752.1603775608435,True
belief,2014,11,776.1603775608435,True
belief,2014,14,782.1603775608435,True
belief,2014,15,1048.1603775608435,True
belief,2014,1,1236.1603775608435,True
belief,2014,10,3700.537262495093,True
belief,2014,18,6175.597907794822,True
belief,2015,5,29.0,True
belief,2015,6,35.0,True
belief,2015,7,41.0,True
belief,2015,12,71.0,True
belief,2015,14,83.0,True
belief,2015,2,555.0,True
belief,2015,3,1262.5184524330593,True
belief,2015,10,1298.5184524330593,True
belief,2015,19,1346.5184524330593,True
belief,2015,16,1699.0490782794277,True
belief,2015,1,2135.0490782794277,True
belief,2015,9,2171.0490782794277,True
belief,2015,20,3543.2951445338367,True
belief,2015,17,3755.2951445338367,True
belief,2015,13,5366.675686298116,True
belief,2016,5,29.0,True
belief,2016,17,101.0,True
belief,2016,19,113.0,True
belief,2016,8,319.0,True
belief,2016,9,325.0,True
belief,2016,12,343.0,True
belief,2016,13,349.0,True
belief,2016,3,566.2562437123207,True
belief,2016,10,874.2562437123207,True
belief,2016,15,904.2562437123207,True
belief,2016,14,1587.844545443716,True
belief,2016,20,1874.6297869445818,True
belief,2016,11,2080.6297869445816,True
belief,2016,2,4807.050867945309,True
belief,2016,18,5249.050867945309,True
belief,2017,8,47.0,True
belief,2017,14,83.0,True
belief,2017,15,89.0,True
belief,2017,17,373.0,True
belief,2017,12,615.0,True
belief,2017,7,857.0,True
belief,2017,9,1141.0,True
belief,2017,19,1473.0,True
belief,2017,2,2655.139543738188,True
belief,2017,11,8109.042783413211,True
belief,2017,13,8977.070398057414,True
belief,2018,12,71.0,True
belief,2018,14,83.0,True
belief,2018,17,101.0,True
belief,2018,18,107.0,True
belief,2018,1,549.0,True
belief,2018,5,573.0,True
belief,2018,13,621.0,True
belief,2018,4,1176.2551820748185,True
belief,2018,7,1188.2551820748185,True
belief,2018,9,1584.6544963272593,True
belief,2018,11,2692.6130442776453,True
belief,2018,10,4162.446130064135,True
belief,2018,2,5022.446130064135,True
belief,2018,19,5862.4975103670295,True
belief,2019,8,47.0,True
belief,2019,13,77.0,True
belief,2019,15,89.0,True
belief,2019,16,95.0,True
belief,2019,11,337.0,True
belief,2019,17,373.0,True
belief,2019,7,585.0,True
belief,2019,9,597.0,True
belief,2019,2,1099.0,True
belief,2019,5,1117.0,True
belief,2019,6,1395.0,True
belief,2019,14,1443.0,True
belief,2019,20,1479.0,True
belief,2019,19,3348.2572604737247,True
belief,2019,4,5298.682858182014,True
belief,2019,10,5316.682858182014,True
belief,2020,3,17.0,True
belief,2020,8,47.0,True
belief,2020,11,65.0,True
belief,2020,15,89.0,True
belief,2020,20,119.0,True
belief,2020,16,367.0,True
belief,2020,19,657.623265022067,True
belief,2020,2,827.623265022067,True
belief,2020,9,1129.623265022067,True
belief,2020,4,1365.623265022067,True
belief,2020,6,1377.623265022067,True
belief,2020,18,2217.7291114486857,True
belief,2020,10,2423.7291114486857,True
belief,2020,7,3352.4229981533117,True
belief,2021,2,11.0,True
belief,2021,5,29.0,True
belief,2021,6,35.0,True
belief,2021,8,47.0,True
belief,2021,10,59.0,True
belief,2021,14,83.0,True
belief,2021,17,101.0,True
belief,2021,15,361.0,True
belief,2021,1,791.4748083726415,True
belief,2021,13,857.4748083726415,True
belief,2021,16,869.4748083726415,True
belief,2021,20,887.4748083726415,True
belief,2021,9,1087.4748083726415,True
belief,2021,12,2118.0097913564564,True
belief,2021,11,2950.0365587741044,True
belief,2021,18,4510.823063748325,True
belief,2022,7,313.0,True
belief,2022,14,355.0,True
belief,2022,6,579.0,True
belief,2022,10,603.0,True
belief,2022,11,609.0,True
belief,2022,12,887.0,True
belief,2022,15,1177.0,True
belief,2022,1,1365.0,True
belief,2022,9,1413.0,True
belief,2022,13,1437.0,True
belief,2022,3,2201.7800901799737,True
belief,2022,2,2727.7800901799737,True
belief,2022,20,3283.301889512029,True
belief,2022,18,7251.327731546906,True
belief,2023,5,29.0,True
belief,2023,15,89.0,True
belief,2023,12,343.0,True
belief,2023,17,373.0,True
belief,2023,3,561.0,True
belief,2023,9,597.0,True
belief,2023,11,1416.4700164102287,True
belief,2023,2,1634.4700164102287,True
belief,2023,18,1724.4700164102287,True
belief,2023,19,1730.4700164102287,True
belief,2023,13,1960.4700164102287,True
belief,2023,4,4259.4118468380775,True
belief,2023,20,7405.856966193536,True
belief,2024,12,71.0,True
belief,2024,9,325.0,True
belief,2024,5,573.0,True
belief,2024,10,875.0,True
belief,2024,14,899.0,True
belief,2024,20,935.0,True
belief,2024,4,1407.1965098459436,True
belief,2024,7,1691.1965098459436,True
belief,2024,15,1733.1965098459436,True
belief,2024,13,2371.0582104746154,True
belief,2024,6,3964.0620965769813,True
belief,2024,8,3976.0620965769813,True
belief,2024,19,4018.0620965769813,True
belief,2025,3,17.0,True
belief,2025,6,35.0,True
belief,2025,10,59.0,True
belief,2025,11,65.0,True
belief,2025,13,77.0,True
belief,2025,18,107.0,True
belief,2025,2,283.0,True
belief,2025,14,627.0,True
belief,2025,19,2193.9038680612875,True
belief,2025,17,2435.9038680612875,True
belief,2025,16,2683.9038680612875,True
belief,2025,4,4032.44757761971,True
belief,2025,7,4504.4475776197105,True
belief,2025,1,7655.532347730619,True
belief,2026,14,83.0,True
belief,2026,19,113.0,True
belief,2026,15,361.0,True
belief,2026,7,857.0,True
belief,2026,11,881.0,True
belief,2026,10,1147.0,True
belief,2026,17,1461.0,True
belief,2026,8,1679.0,True
belief,2026,4,1927.0,True
belief,2026,9,2229.4217854709814,True
belief,2027,1,5.0,True
belief,2027,3,17.0,True
belief,2027,15,89.0,True
belief,2027,17,101.0,True
belief,2027,19,929.0,True
belief,2027,14,2248.350970630154,True
belief,2027,7,2466.350970630154,True
belief,2027,13,6178.4972401372825,True
belief,2027,16,6190.4972401372825,True
belief,2027,11,7586.611270660424,True
belief,2028,5,29.0,True
belief,2028,6,35.0,True
belief,2028,10,59.0,True
belief,2028,11,65.0,True
belief,2028,19,385.0,True
belief,2028,18,1467.0,True
belief,2028,20,1479.0,True
belief,2028,3,1921.216415963713,True
belief,2028,4,1927.216415963713,True
belief,2028,1,4205.8385582668125,True
belief,2028,9,4241.8385582668125,True
belief,2028,12,6088.247642169445,True
belief,2029,9,53.0,True
belief,2029,17,101.0,True
belief,2029,13,349.0,True
belief,2029,15,361.0,True
belief,2029,4,963.5017779746654,True
belief,2029,7,981.5017779746654,True
belief,2029,19,1047.5017779746654,True
belief,2029,20,1319.5017779746654,True
belief,2029,3,1774.6360046124648,True
belief,2029,14,2100.6360046124646,True
belief,2029,16,2372.6360046124646,True
belief,2029,18,5715.417823377419,True
belief,2029,6,8724.573702432193,True
belief,2029,8,8942.573702432193,True
belief,2029,5,9142.573702432193,True
belief,2030,7,41.0,True
belief,2030,10,59.0,True
belief,2030,17,101.0,True
belief,2030,8,319.0,True
belief,2030,11,337.0,True
belief,2030,5,927.2533249044872,True
belief,2030,1,1169.2533249044873,True
belief,2030,13,1235.2533249044873,True
belief,2030,12,1495.2533249044873,True
belief,2030,20,2974.688319104386,True
belief,2030,16,4873.996942859838,True
belief,2030,3,6606.440435426295,True
belief,2031,5,29.0,True
belief,2031,6,35.0,True
belief,2031,7,41.0,True
belief,2031,8,47.0,True
belief,2031,15,89.0,True
belief,2031,2,836.1937941174763,True
belief,2031,9,872.1937941174763,True
belief,2031,4,1265.434386044521,True
belief,2031,19,1603.434386044521,True
belief,2031,16,1845.434386044521,True
belief,2031,10,2075.434386044521,True
belief,2031,13,2093.434386044521,True
belief,2031,14,2099.434386044521,True
belief,2031,12,3499.9824960122155,True
belief,2031,11,6733.533529636389,True
belief,2032,14,83.0,True
belief,2032,17,101.0,True
belief,2032,6,307.0,True
belief,2032,15,361.0,True
belief,2032,3,566.2232016840325,True
belief,2032,10,608.2232016840325,True
belief,2032,19,656.2232016840325,True
belief,2032,4,838.2232016840325,True
belief,2032,13,1158.2232016840326,True
belief,2032,18,3194.2350964608318,True
belief,2032,7,3376.2350964608318,True
belief,2032,20,3424.2350964608318,True
belief,2032,9,4127.7573146591485,True
belief,2032,11,4357.7573146591485,True
belief,2032,2,6603.772208960612,True
belief,2032,1,8758.792501124246,True
belief,2033,18,107.0,True
belief,2033,19,113.0,True
belief,2033,5,845.0,True
belief,2033,12,1703.0,True
belief,2033,14,1981.0,True
belief,2033,15,1987.0,True
belief,2033,17,1999.0,True
belief,2033,2,3489.5972652926807,True
belief,2033,7,3519.5972652926807,True
belief,2033,11,3959.6958668381335,True
belief,2033,6,4183.695866838134,True
belief,2033,13,4479.695866838134,True
belief,2033,4,6135.0525549497,True
belief,2034,4,23.0,True
belief,2034,10,59.0,True
belief,2034,12,71.0,True
belief,2034,15,89.0,True
belief,2034,16,95.0,True
belief,2034,17,101.0,True
belief,2034,20,119.0,True
belief,2034,2,1534.8701092689066,True
belief,2034,5,2110.7910628845607,True
belief,2034,1,2571.053719907371,True
belief,2035,8,47.0,True
belief,2035,11,65.0,True
belief,2035,16,95.0,True
belief,2035,17,101.0,True
belief,2035,18,379.0,True
belief,2035,3,561.0,True
belief,2035,13,621.0,True
belief,2035,20,663.0,True
belief,2035,14,973.7206610279035,True
belief,2035,6,1191.7206610279036,True
belief,2035,2,1433.7206610279036,True
belief,2035,12,1987.290301300007,True
belief,2035,5,2205.290301300007,True
belief,2035,10,3164.7423800185466,True
belief,2035,19,3530.6168342242513,True
belief,2035,15,6587.38772773587,True
belief,2036,2,11.0,True
belief,2036,19,113.0,True
belief,2036,1,277.0,True
belief,2036,5,573.0,True
belief,2036,14,627.0,True
belief,2036,9,1141.0,True
belief,2036,13,1165.0,True
belief,2036,20,1479.0,True
belief,2036,7,2630.488083031747,True
belief,2036,17,6366.946399767975,True
belief,2037,1,5.0,True
belief,2037,10,59.0,True
belief,2037,16,95.0,True
belief,2037,19,113.0,True
belief,2037,7,313.0,True
belief,2037,12,343.0,True
belief,2037,5,847.0967612486288,True
belief,2037,2,1095.0967612486288,True
belief,2037,15,1173.0967612486288,True
belief,2037,11,1843.9857823741884,True
belief,2037,14,5175.107525914649,True
belief,2037,18,6579.952772570058,True
belief,2038,6,35.0,True
belief,2038,16,95.0,True
belief,2038,2,283.0,True
belief,2038,5,573.0,True
belief,2038,17,645.0,True
belief,2038,1,1116.376520486349,True
belief,2038,3,1388.376520486349,True
belief,2038,19,1750.376520486349,True
belief,2038,8,1950.376520486349,True
belief,2038,4,3534.079224375227,True
belief,2039,9,53.0,True
belief,2039,14,83.0,True
belief,2039,18,107.0,True
belief,2039,3,289.0,True
belief,2039,8,319.0,True
belief,2039,17,373.0,True
belief,2039,20,391.0,True
belief,2039,6,579.0,True
belief,2039,1,1128.9494581965891,True
belief,2039,10,1176.9494581965891,True
belief,2039,5,4348.557469874122,True
belief,2039,2,4560.557469874122,True
belief,2039,4,5513.701121205616,True
belief,2039,13,6526.136012255005,True
belief,2039,11,6732.136012255005,True
belief,2040,6,35.0,True
belief,2040,10,59.0,True
belief,2040,1,1635.3304737513786,True
belief,2040,12,1695.3304737513786,True
belief,2040,14,1707.3304737513786,True
belief,2040,11,2125.0074283228564,True
belief,2040,20,2179.0074283228564,True
belief,2040,3,2609.0074283228564,True
belief,2040,4,2615.0074283228564,True
belief,2040,17,4947.669910814004,True
belief,2040,16,5706.611808453495,True
belief,2040,18,5712.611808453495,True
belief,2040,9,7784.905890041237,True
belief,2041,2,11.0,True
belief,2041,3,17.0,True
belief,2041,4,23.0,True
belief,2041,9,53.0,True
belief,2041,17,101.0,True
belief,2041,20,119.0,True
belief,2041,19,1638.029987773586,True
belief,2041,15,2412.029987773586,True
belief,2041,10,2902.029987773586,True
belief,2041,5,8126.487334822152,True
belief,2042,2,11.0,True
belief,2042,9,53.0,True
belief,2042,10,59.0,True
belief,2042,14,83.0,True
belief,2042,15,89.0,True
belief,2042,17,101.0,True
belief,2042,1,821.0,True
belief,2042,4,839.0,True
belief,2042,8,863.0,True
belief,2042,7,2088.0509307797442,True
belief,2042,11,2112.0509307797442,True
belief,2042,12,2118.0509307797442,True
belief,2042,5,3151.1587310995933,True
belief,2042,13,4319.16644173575,True
belief,2042,19,5626.472793133299,True
belief,2042,18,6444.472793133299,True
belief,2043,5,29.0,True
belief,2043,8,47.0,True
belief,2043,14,83.0,True
belief,2043,16,95.0,True
belief,2043,20,119.0,True
belief,2043,6,597.1573593900025,True
belief,2043,19,669.1573593900025,True
belief,2043,9,875.1573593900025,True
belief,2043,18,923.1573593900025,True
belief,2043,3,2013.4258765029792,True
belief,2043,7,2527.425876502979,True
belief,2043,17,4599.821537059149,True
belief,2043,11,6489.910975414232,True
belief,2044,13,77.0,True
belief,2044,16,367.0,True
belief,2044,1,549.0,True
belief,2044,2,555.0,True
belief,2044,7,585.0,True
belief,2044,9,1691.1110931933263,True
belief,2044,18,2643.1204899849304,True
belief,2044,4,2825.1204899849304,True
belief,2044,11,2861.1204899849304,True
belief,2044,17,6804.421064253462,True
belief,2045,10,331.0,True
belief,2045,3,833.0,True
belief,2045,7,857.0,True
belief,2045,11,881.0,True
belief,2045,18,923.0,True
belief,2045,17,1189.0,True
belief,2045,8,1916.6208123582055,True
belief,2045,4,2666.2248634568073,True
belief,2045,12,5186.597533987137,True
belief,2045,2,5386.597533987137,True
belief,2045,14,5422.597533987137,True
belief,2046,1,5.0,True
belief,2046,11,65.0,True
belief,2046,2,283.0,True
belief,2046,15,361.0,True
belief,2046,3,561.0,True
belief,2046,6,579.0,True
belief,2046,13,621.0,True
belief,2046,20,663.0,True
belief,2046,14,899.0,True
belief,2046,5,3264.412810099524,True
belief,2046,8,3282.412810099524,True
belief,2046,10,4107.027017128161,True
belief,2046,12,5167.041863259311,True
belief,2046,7,6627.041863259311,True
belief,2047,3,17.0,True
belief,2047,4,23.0,True
belief,2047,7,41.0,True
belief,2047,8,47.0,True
belief,2047,19,113.0,True
belief,2047,2,283.0,True
belief,2047,20,391.0,True
belief,2047,1,563.1967495367,True
belief,2047,5,587.1967495367,True
belief,2047,13,629.1967495367,True
belief,2047,18,924.2103556395492,True
belief,2047,6,2522.7024979956573,True
belief,2047,16,3123.066363416651,True
belief,2047,14,3347.066363416651,True
belief,2047,17,5011.7847236994285,True
belief,2048,6,35.0,True
belief,2048,16,95.0,True
belief,2048,1,277.0,True
belief,2048,2,283.0,True
belief,2048,20,391.0,True
belief,2048,19,1058.9087410852153,True
belief,2048,12,2106.3066114506387,True
belief,2048,4,2566.3066114506387,True
belief,2048,15,3466.249162534746,True
belief,2048,13,5136.477080579771,True
belief,2048,10,5578.477080579771,True
belief,2048,17,6547.65893202416,True
belief,2049,1,5.0,True
belief,2049,4,23.0,True
belief,2049,10,59.0,True
belief,2049,14,83.0,True
belief,2049,18,107.0,True
belief,2049,20,119.0,True
belief,2049,9,325.0,True
belief,2049,6,579.0,True
belief,2049,7,585.0,True
belief,2049,12,615.0,True
belief,2049,3,1787.5047318948116,True
belief,2049,2,2035.5047318948116,True
belief,2049,17,3120.864276098221,True
belief,2049,19,4725.774818459057,True
belief,2050,4,23.0,True
belief,2050,17,101.0,True
belief,2050,19,113.0,True
belief,2050,20,119.0,True
belief,2050,6,307.0,True
belief,2050,7,313.0,True
belief,2050,13,349.0,True
belief,2050,11,619.3131203212918,True
belief,2050,15,3161.3449225198633,True
belief,2050,16,3167.3449225198633,True
belief,2050,14,3627.3449225198633,True
belief,2050,12,4447.833173589156,True
belief,2050,10,4895.833173589156,True
belief,2050,9,5119.833173589156,True
belief,2051,16,95.0,True
belief,2051,9,1345.355234645202,True
belief,2051,18,1393.355234645202,True
belief,2051,2,1569.355234645202,True
belief,2051,11,1623.355234645202,True
belief,2051,14,1641.355234645202,True
belief,2051,20,1671.355234645202,True
belief,2051,3,2498.053155081519,True
belief,2051,7,4236.229712025575,True
belief,2051,15,4762.229712025575,True
belief,2051,17,6496.709228083892,True
belief,2052,3,17.0,True
belief,2052,9,53.0,True
belief,2052,15,89.0,True
belief,2052,11,337.0,True
belief,2052,18,379.0,True
belief,2052,4,567.0,True
belief,2052,6,851.0,True
belief,2052,7,857.0,True
belief,2052,8,863.0,True
belief,2052,10,1263.5718469179085,True
belief,2052,1,3979.456261345331,True
belief,2052,2,3985.456261345331,True
belief,2052,17,4051.456261345331,True
belief,2052,14,4571.185663861224,True
belief,2052,13,7473.791139129932,True
belief,2053,12,71.0,True
belief,2053,14,83.0,True
belief,2053,18,107.0,True
belief,2053,19,113.0,True
belief,2053,20,119.0,True
belief,2053,9,325.0,True
belief,2053,5,586.2713336634055,True
belief,2053,15,640.2713336634055,True
belief,2053,2,953.7646557036107,True
belief,2053,7,1503.7646557036107,True
belief,2053,8,1792.582890332534,True
belief,2053,11,4630.125323136392,True
belief,2054,4,23.0,True
belief,2054,8,47.0,True
belief,2054,14,83.0,True
belief,2054,18,107.0,True
belief,2054,19,113.0,True
belief,2054,9,325.0,True
belief,2054,12,615.0,True
belief,2054,15,633.0,True
belief,2054,6,1560.32093718455,True
belief,2054,10,1584.32093718455,True
belief,2054,3,3106.158491704378,True
belief,2055,3,17.0,True
belief,2055,6,35.0,True
belief,2055,13,77.0,True
belief,2055,14,627.0,True
belief,2055,9,869.0,True
belief,2055,18,1195.0,True
belief,2055,16,2491.503502082945,True
belief,2055,19,3547.312138596002,True
belief,2055,15,5265.312138596002,True
belief,2055,10,6744.536750851034,True
belief,2055,4,7168.536750851034,True
belief,2056,2,11.0,True
belief,2056,16,367.0,True
belief,2056,12,615.0,True
belief,2056,19,1197.8069982167513,True
belief,2056,13,1427.8069982167513,True
belief,2056,14,1433.8069982167513,True
belief,2056,3,1633.8069982167513,True
belief,2056,11,1681.8069982167513,True
belief,2056,4,1948.2549705345073,True
belief,2056,1,2213.722671738711,True
belief,2056,7,3113.0852875350797,True
belief,2056,9,3355.0852875350797,True
belief,2056,17,3609.0852875350797,True
belief,2056,18,3845.0852875350797,True
belief,2057,2,11.0,True
belief,2057,7,41.0,True
belief,2057,9,53.0,True
belief,2057,17,101.0,True
belief,2057,12,343.0,True
belief,2057,10,603.0,True
belief,2057,15,633.0,True
belief,2057,3,1754.320289011568,True
belief,2057,13,1808.320289011568,True
belief,2057,6,2522.853318936217,True
belief,2057,1,2988.853318936217,True
belief,2057,5,3012.853318936217,True
belief,2057,4,3765.5523764216427,True
belief,2057,11,4739.552376421643,True
belief,2057,14,4751.552376421643,True
belief,2058,2,11.0,True
belief,2058,4,295.0,True
belief,2058,8,319.0,True
belief,2058,13,621.0,True
belief,2058,11,1155.1742615190649,True
belief,2058,5,1379.1742615190649,True
belief,2058,10,1409.1742615190649,True
belief,2058,3,2230.7145491656856,True
belief,2058,14,2284.7145491656856,True
belief,2058,7,2502.7145491656856,True
belief,2058,19,3584.7145491656856,True
belief,2059,4,23.0,True
belief,2059,10,59.0,True
belief,2059,11,65.0,True
belief,2059,13,77.0,True
belief,2059,3,833.0,True
belief,2059,18,923.0,True
belief,2059,9,1413.0,True
belief,2059,15,1449.0,True
belief,2059,19,1473.0,True
belief,2059,2,1915.0,True
belief,2059,8,2428.266923926283,True
belief,2059,14,4258.268795624548,True
belief,2059,20,4718.751502754695,True
belief,2060,3,17.0,True
belief,2060,5,29.0,True
belief,2060,8,47.0,True
belief,2060,14,83.0,True
belief,2060,16,95.0,True
belief,2060,2,283.0,True
belief,2060,10,1707.037233279495,True
belief,2060,7,3181.5128243807985,True
belief,2060,1,3641.5128243807985,True
belief,2060,9,3913.5128243807985,True
belief,2060,12,3925.5128243807985,True
belief,2060,15,3937.5128243807985,True
belief,2060,17,4422.77151301763,True
belief,2060,11,6147.155405152151,True
belief,2061,4,23.0,True
belief,2061,16,367.0,True
belief,2061,12,615.0,True
belief,2061,18,651.0,True
belief,2061,10,875.0,True
belief,2061,3,1105.0,True
belief,2061,11,1153.0,True
belief,2061,7,1673.0,True
belief,2061,15,1993.0,True
belief,2061,2,2371.2436523049396,True
belief,2061,20,3005.2436523049396,True
belief,2061,8,3653.6722570071092,True
belief,2062,6,35.0,True
belief,2062,9,53.0,True
belief,2062,12,71.0,True
belief,2062,20,119.0,True
belief,2062,19,929.0,True
belief,2062,1,1166.2109703545398,True
belief,2062,15,1244.2109703545398,True
belief,2062,11,2770.9893975735204,True
belief,2062,3,3738.9893975735204,True
belief,2062,17,4905.696870576417,True
belief,2062,14,8152.676938662979,True
belief,2062,18,8164.676938662979,True
belief,2063,5,29.0,True
belief,2063,10,59.0,True
belief,2063,14,83.0,True
belief,2063,15,89.0,True
belief,2063,16,95.0,True
belief,2063,19,113.0,True
belief,2063,12,343.0,True
belief,2063,4,567.0,True
belief,2063,8,863.0,True
belief,2063,11,1153.0,True
belief,2063,2,3763.875025418817,True
belief,2063,3,6625.5561888113925,True
belief,2063,18,6891.5561888113925,True
belief,2063,9,7079.5561888113925,True
belief,2063,6,8257.659971204715,True
belief,2063,17,8281.659971204715,True
belief,2064,4,23.0,True
belief,2064,13,77.0,True
belief,2064,15,89.0,True
belief,2064,17,101.0,True
belief,2064,19,113.0,True
belief,2064,1,277.0,True
belief,2064,10,331.0,True
belief,2064,20,391.0,True
belief,2064,7,1150.594053693462,True
belief,2064,14,2331.1054106934944,True
belief,2064,8,3295.4674697539353,True
belief,2064,3,3507.4674697539353,True
belief,2064,11,3537.4674697539353,True
belief,2064,5,4942.16159426938,True
belief,2064,16,6570.954298355605,True
belief,2065,5,29.0,True
belief,2065,8,47.0,True
belief,2065,4,295.0,True
belief,2065,3,947.2148634175933,True
belief,2065,10,1786.7126988685757,True
belief,2065,9,2300.712698868576,True
belief,2065,18,2354.712698868576,True
belief,2065,1,2670.2516582218727,True
belief,2065,6,2694.2516582218727,True
belief,2065,14,2730.2516582218727,True
belief,2065,20,3020.2516582218727,True
belief,2065,2,4516.311467097623,True
belief,2065,17,4788.311467097623,True
belief,2065,16,5000.311467097623,True
belief,2065,7,6866.9552826276185,True
belief,2066,2,11.0,True
belief,2066,9,53.0,True
belief,2066,17,101.0,True
belief,2066,18,107.0,True
belief,2066,3,289.0,True
belief,2066,6,307.0,True
belief,2066,20,391.0,True
belief,2066,13,626.9254742406738,True
belief,2066,4,846.4154365650361,True
belief,2066,14,900.4154365650361,True
belief,2066,10,1136.415436565036,True
belief,2066,19,1444.415436565036,True
belief,2066,1,1868.415436565036,True
belief,2066,7,1904.415436565036,True
belief,2066,8,3571.538403947673,True
belief,2067,3,17.0,True
belief,2067,4,23.0,True
belief,2067,9,53.0,True
belief,2067,16,95.0,True
belief,2067,8,319.0,True
belief,2067,11,337.0,True
belief,2067,2,555.0,True
belief,2067,17,645.0,True
belief,2067,7,2192.335906984006,True
belief,2067,20,3641.516928605154,True
belief,2068,1,5.0,True
belief,2068,4,23.0,True
belief,2068,11,65.0,True
belief,2068,13,77.0,True
belief,2068,19,113.0,True
belief,2068,12,343.0,True
belief,2068,3,833.0,True
belief,2068,7,857.0,True
belief,2068,14,1201.2516724393085,True
belief,2068,15,1207.2516724393085,True
belief,2068,16,1213.2516724393085,True
belief,2068,17,2535.274714559757,True
belief,2068,10,3515.3068311726056,True
belief,2068,2,4133.306831172606,True
belief,2068,9,4614.433247464433,True
belief,2068,8,8511.77321810535,True
belief,2069,14,83.0,True
belief,2069,16,95.0,True
belief,2069,18,379.0,True
belief,2069,19,385.0,True
belief,2069,9,1945.9901630234847,True
belief,2069,17,1981.9901630234847,True
belief,2069,10,2746.147442553646,True
belief,2069,12,3006.147442553646,True
belief,2069,6,5704.9690529745185,True
belief,2069,3,5910.9690529745185,True
belief,2069,4,5916.9690529745185,True
belief,2069,20,5964.9690529745185,True
belief,2070,1,5.0,True
belief,2070,4,23.0,True
belief,2070,9,53.0,True
belief,2070,10,59.0,True
belief,2070,11,65.0,True
belief,2070,14,83.0,True
belief,2070,16,95.0,True
belief,2070,19,113.0,True
belief,2070,3,289.0,True
belief,2070,18,379.0,True
belief,2070,2,555.0,True
belief,2070,12,1254.9592219033384,True
belief,2070,13,3175.5572610768554,True
belief,2071,4,23.0,True
belief,2071,19,113.0,True
belief,2071,8,319.0,True
belief,2071,18,379.0,True
belief,2071,9,869.0,True
belief,2071,11,2216.0032940442434,True
belief,2071,6,2718.0032940442434,True
belief,2071,3,3238.0032940442434,True
belief,2071,13,7218.719506545033,True
belief,2071,5,8946.147834435722,True
belief,2072,10,59.0,True
belief,2072,11,65.0,True
belief,2072,13,77.0,True
belief,2072,18,107.0,True
belief,2072,15,361.0,True
belief,2072,20,391.0,True
belief,2072,8,591.0,True
belief,2072,14,627.0,True
belief,2072,9,869.0,True
belief,2072,12,1722.2678352015614,True
belief,2072,17,1746.2678352015614,True
belief,2072,7,4818.852202111247,True
belief,2073,6,35.0,True
belief,2073,7,41.0,True
belief,2073,17,101.0,True
belief,2073,4,839.0,True
belief,2073,16,911.0,True
belief,2073,1,1093.0,True
belief,2073,18,1195.0,True
belief,2073,3,2575.2761276601304,True
belief,2073,2,5160.901179875078,True
belief,2073,5,6718.431676290648,True
belief,2073,19,8479.698877907264,True
belief,2074,2,11.0,True
belief,2074,9,53.0,True
belief,2074,20,119.0,True
belief,2074,1,277.0,True
belief,2074,3,289.0,True
belief,2074,4,295.0,True
belief,2074,8,319.0,True
belief,2074,11,337.0,True
belief,2074,10,885.378002938562,True
belief,2074,15,1169.378002938562,True
belief,2074,5,1369.378002938562,True
belief,2074,17,4189.411179854941,True
belief,2074,14,5217.5466175918555,True
belief,2074,6,5405.5466175918555,True
belief,2074,19,5671.5466175918555,True
belief,2075,11,65.0,True
belief,2075,13,77.0,True
belief,2075,15,89.0,True
belief,2075,4,295.0,True
belief,2075,9,325.0,True
belief,2075,1,838.6866828294746,True
belief,2075,14,1170.6866828294746,True
belief,2075,12,1418.6866828294746,True
belief,2075,19,1714.6866828294746,True
belief,2075,18,1968.6866828294746,True
belief,2075,8,2180.6866828294746,True
belief,2075,16,4339.817449850502,True
belief,2075,2,4769.817449850502,True
belief,2075,20,4847.817449850502,True
belief,2076,1,5.0,True
belief,2076,11,65.0,True
belief,2076,6,307.0,True
belief,2076,9,325.0,True
belief,2076,13,349.0,True
belief,2076,14,355.0,True
belief,2076,3,580.4349248524543,True
belief,2076,8,1758.4109376027498,True
belief,2076,17,3034.41093760275,True
belief,2076,2,3458.41093760275,True
belief,2076,20,3796.41093760275,True
belief,2077,5,301.0,True
belief,2077,8,319.0,True
belief,2077,10,331.0,True
belief,2077,6,851.0,True
belief,2077,15,1177.0,True
belief,2077,7,1401.0,True
belief,2077,17,1461.0,True
belief,2077,20,2398.6018383801347,True
belief,2077,3,3713.716829155342,True
belief,2077,1,5140.171627068213,True
belief,2077,16,5212.171627068213,True
belief,2077,2,6979.015832860314,True
belief,2078,11,65.0,True
belief,2078,17,101.0,True
belief,2078,19,113.0,True
belief,2078,16,367.0,True
belief,2078,10,603.0,True
belief,2078,6,1856.5502329658084,True
belief,2078,13,1898.5502329658084,True
belief,2078,2,2352.5502329658084,True
belief,2078,7,3354.557008557851,True
belief,2078,12,9021.479960309885,True
belief,2079,10,59.0,True
belief,2079,11,65.0,True
belief,2079,20,119.0,True
belief,2079,9,325.0,True
belief,2079,6,851.0,True
belief,2079,7,857.0,True
belief,2079,12,887.0,True
belief,2079,8,2490.456551195364,True
belief,2079,2,2714.456551195364,True
belief,2079,13,3034.456551195364,True
belief,2079,15,3046.456551195364,True
belief,2079,4,3519.208918960894,True
belief,2079,1,5097.166856679066,True
belief,2080,6,579.0,True
belief,2080,8,591.0,True
belief,2080,11,609.0,True
belief,2080,16,639.0,True
belief,2080,17,1189.0,True
belief,2080,14,1443.0,True
belief,2080,19,1745.0,True
belief,2080,13,3207.125992029629,True
belief,2080,7,6734.525354584085,True
belief,2080,10,8218.586119770636,True
belief,2081,6,35.0,True
belief,2081,14,83.0,True
belief,2081,16,95.0,True
belief,2081,17,373.0,True
belief,2081,7,585.0,True
belief,2081,11,881.0,True
belief,2081,18,1195.0,True
belief,2081,3,1839.1437044898482,True
belief,2081,2,3794.89809687939,True
belief,2081,20,3872.89809687939,True
belief,2081,4,4042.89809687939,True
belief,2081,15,5239.659732670005,True
belief,2081,12,5789.886929557748,True
belief,2082,4,23.0,True
belief,2082,10,59.0,True
belief,2082,17,101.0,True
belief,2082,2,283.0,True
belief,2082,6,307.0,True
belief,2082,16,367.0,True
belief,2082,19,385.0,True
belief,2082,20,391.0,True
belief,2082,3,561.0,True
belief,2082,11,992.4880733023988,True
belief,2082,18,1034.4880733023988,True
belief,2082,1,1204.4880733023988,True
belief,2082,9,1252.4880733023988,True
belief,2082,5,1494.4880733023988,True
belief,2082,14,6930.360171784138,True
belief,2083,1,5.0,True
belief,2083,18,107.0,True
belief,2083,20,119.0,True
belief,2083,4,295.0,True
belief,2083,9,1141.0,True
belief,2083,11,1425.0,True
belief,2083,17,1461.0,True
belief,2083,12,1703.0,True
belief,2083,3,7429.567260709157,True
belief,2083,5,7435.567260709157,True
belief,2084,2,11.0,True
belief,2084,18,107.0,True
belief,2084,20,391.0,True
belief,2084,1,941.2680489740806,True
belief,2084,7,977.2680489740806,True
belief,2084,8,983.2680489740806,True
belief,2084,11,1001.2680489740806,True
belief,2084,3,1219.2680489740806,True
belief,2084,9,1255.2680489740806,True
belief,2084,13,1279.2680489740806,True
belief,2084,15,2459.5269406064835,True
belief,2084,16,2719.5269406064835,True
belief,2084,19,6196.402563045956,True
belief,2085,6,35.0,True
belief,2085,17,101.0,True
belief,2085,7,313.0,True
belief,2085,10,331.0,True
belief,2085,3,833.0,True
belief,2085,12,887.0,True
belief,2085,2,1099.0,True
belief,2085,11,1425.0,True
belief,2085,1,1637.0,True
belief,2085,8,3680.018892843763,True
belief,2086,3,17.0,True
belief,2086,6,35.0,True
belief,2086,9,53.0,True
belief,2086,12,71.0,True
belief,2086,2,283.0,True
belief,2086,11,337.0,True
belief,2086,19,385.0,True
belief,2086,10,603.0,True
belief,2086,15,633.0,True
belief,2086,14,1167.0185305337054,True
belief,2086,8,1397.0185305337054,True
belief,2086,18,1457.0185305337054,True
belief,2086,7,5696.182174717975,True
belief,2086,13,5714.182174717975,True
belief,2086,16,7037.927816247128,True
belief,2087,2,11.0,True
belief,2087,11,65.0,True
belief,2087,12,71.0,True
belief,2087,10,603.0,True
belief,2087,1,1365.0,True
belief,2087,15,1449.0,True
belief,2087,9,1956.1013068275752,True
belief,2087,4,4245.445583798359,True
belief,2087,3,5794.145807277706,True
belief,2087,5,6720.145807277706,True
belief,2087,8,8575.584047456396,True
belief,2088,9,53.0,True
belief,2088,13,77.0,True
belief,2088,16,95.0,True
belief,2088,19,113.0,True
belief,2088,2,283.0,True
belief,2088,11,337.0,True
belief,2088,14,355.0,True
belief,2088,17,373.0,True
belief,2088,20,391.0,True
belief,2088,12,1028.4845825116258,True
belief,2088,18,1064.4845825116258,True
belief,2088,1,1228.4845825116258,True
belief,2088,7,2080.3946870105256,True
belief,2088,4,2560.3483169844317,True
belief,2089,2,11.0,True
belief,2089,5,29.0,True
belief,2089,6,35.0,True
belief,2089,10,59.0,True
belief,2089,11,65.0,True
belief,2089,15,89.0,True
belief,2089,20,119.0,True
belief,2089,14,627.0,True
belief,2089,13,1048.7134819120126,True
belief,2089,19,1078.7134819120126,True
belief,2089,9,1284.7134819120126,True
belief,2089,4,3073.4039005006252,True
belief,2089,7,3670.999820371286,True
belief,2089,12,3918.999820371286,True
belief,2089,17,4166.999820371286,True
belief,2089,18,4172.999820371286,True
belief,2090,1,5.0,True
belief,2090,16,95.0,True
belief,2090,2,283.0,True
belief,2090,12,343.0,True
belief,2090,20,391.0,True
belief,2090,19,711.651968774204,True
belief,2090,4,887.651968774204,True
belief,2090,14,2033.8718699303033,True
belief,2090,5,2612.052777536951,True
belief,2090,7,2624.052777536951,True
belief,2090,8,3882.5569430364344,True
belief,2091,8,47.0,True
belief,2091,12,71.0,True
belief,2091,14,83.0,True
belief,2091,16,95.0,True
belief,2091,20,119.0,True
belief,2091,18,652.7790791514965,True
belief,2091,13,1173.337185467231,True
belief,2091,5,2416.2668440296825,True
belief,2091,3,2900.2668440296825,True
belief,2091,17,4034.3501092056613,True
belief,2091,9,4240.350109205661,True
belief,2091,19,4575.499891609001,True
belief,2092,3,17.0,True
belief,2092,7,41.0,True
belief,2092,10,59.0,True
belief,2092,12,71.0,True
belief,2092,15,89.0,True
belief,2092,16,95.0,True
belief,2092,18,107.0,True
belief,2092,20,119.0,True
belief,2092,9,734.7393428510709,True
belief,2092,11,740.7393428510709,True
belief,2092,14,1064.3762714209909,True
belief,2092,19,1094.3762714209909,True
belief,2092,13,1717.3889201978873,True
belief,2092,2,2165.3889201978873,True
belief,2092,17,5804.017778277134,True
belief,2092,4,6549.927115168255,True
belief,2093,8,47.0,True
belief,2093,12,71.0,True
belief,2093,19,113.0,True
belief,2093,18,379.0,True
belief,2093,4,567.0,True
belief,2093,6,579.0,True
belief,2093,7,980.6106724203481,True
belief,2093,5,1631.3996979184183,True
belief,2093,3,1879.3996979184183,True
belief,2093,13,2447.3996979184185,True
belief,2093,16,2465.3996979184185,True
belief,2093,1,6142.1615729444175,True
belief,2093,11,7100.89879912126,True
belief,2094,2,11.0,True
belief,2094,17,373.0,True
belief,2094,5,573.0,True
belief,2094,16,923.4594600807148,True
belief,2094,1,1105.459460080715,True
belief,2094,13,1171.459460080715,True
belief,2094,6,1655.459460080715,True
belief,2094,10,2962.8071751870275,True
belief,2094,20,3022.8071751870275,True
belief,2094,12,3753.9820605658097,True
belief,2095,4,23.0,True
belief,2095,5,29.0,True
belief,2095,6,35.0,True
belief,2095,8,47.0,True
belief,2095,9,53.0,True
belief,2095,14,355.0,True
belief,2095,11,966.19009700372,True
belief,2095,7,2827.7884433033937,True
belief,2095,15,3105.7884433033937,True
belief,2095,20,3377.7884433033937,True
belief,2095,12,3724.182078914297,True
belief,2095,13,3730.182078914297,True
belief,2095,16,5053.783294841756,True
belief,2095,18,5271.783294841756,True
belief,2096,10,59.0,True
belief,2096,12,71.0,True
belief,2096,1,277.0,True
belief,2096,6,307.0,True
belief,2096,14,627.0,True
belief,2096,20,663.0,True
belief,2096,7,3261.3056151872174,True
belief,2096,19,4065.3056151872174,True
belief,2096,5,4247.305615187217,True
belief,2096,4,4549.47234548649,True
belief,2097,8,47.0,True
belief,2097,18,107.0,True
belief,2097,20,119.0,True
belief,2097,2,555.0,True
belief,2097,3,561.0,True
belief,2097,16,1475.4652573548224,True
belief,2097,9,2490.729696823614,True
belief,2097,6,2738.729696823614,True
belief,2097,13,3034.729696823614,True
belief,2097,4,7207.153863052347,True
belief,2098,7,41.0,True
belief,2098,12,71.0,True
belief,2098,16,367.0,True
belief,2098,19,385.0,True
belief,2098,6,851.0,True
belief,2098,15,905.0,True
belief,2098,17,1454.0653056202827,True
belief,2098,18,1726.0653056202827,True
belief,2098,20,4876.846545518198,True
belief,2098,4,5052.846545518198,True
belief,2098,9,5347.953626743324,True
belief,2099,9,53.0,True
belief,2099,12,71.0,True
belief,2099,16,95.0,True
belief,2099,19,113.0,True
belief,2099,20,119.0,True
belief,2099,18,379.0,True
belief,2099,5,573.0,True
belief,2099,1,1724.126411768444,True
belief,2099,10,2032.126411768444,True
belief,2099,13,2466.2493865628726,True
belief,2099,4,2966.0196808765336,True
belief,2099,11,3002.0196808765336,True
belief,2099,14,3613.192969028178,True
belief,2099,15,3619.192969028178,True
belief,2099,7,4191.118548852635,True
belief,2099,17,5665.990327084808,True
belief,2100,6,35.0,True
belief,2100,19,113.0,True
belief,2100,10,331.0,True
belief,2100,2,560.1474257809666,True
belief,2100,3,566.1474257809666,True
belief,2100,14,632.1474257809666,True
belief,2100,15,638.1474257809666,True
belief,2100,18,922.1474257809666,True
belief,2100,20,1194.1474257809666,True
belief,2100,1,2805.3643259984833,True
belief,2100,16,2895.3643259984833,True
belief,2100,13,3137.3643259984833,True
belief,2100,4,3854.562116549418,True
belief,2100,17,3920.562116549418,True
belief,2100,7,6986.139060099819,True
belief,2100,9,8104.411311761316,True
belief,2101,10,59.0,True
belief,2101,11,65.0,True
belief,2101,19,113.0,True
belief,2101,20,119.0,True
belief,2101,13,349.0,True
belief,2101,14,355.0,True
belief,2101,17,373.0,True
belief,2101,4,572.3062965990115,True
belief,2101,5,578.3062965990115,True
belief,2101,1,1086.3062965990116,True
belief,2101,12,1152.3062965990116,True
belief,2101,2,1358.3062965990116,True
belief,2101,6,2324.433929350697,True
belief,2101,9,3634.4851669075924,True
belief,2101,3,4424.578270554417,True
belief,2102,4,23.0,True
belief,2102,11,65.0,True
belief,2102,14,83.0,True
belief,2102,17,645.0,True
belief,2102,19,929.0,True
belief,2102,7,1129.0,True
belief,2102,3,1515.5937152823324,True
belief,2102,10,1557.5937152823324,True
belief,2102,2,2041.5937152823324,True
belief,2102,20,2675.5937152823326,True
belief,2102,15,3715.7025765840276,True
belief,2102,18,4828.798605130171,True
belief,2103,3,17.0,True
belief,2103,6,35.0,True
belief,2103,7,41.0,True
belief,2103,10,59.0,True
belief,2103,11,65.0,True
belief,2103,8,319.0,True
belief,2103,2,827.0,True
belief,2103,5,845.0,True
belief,2103,14,1805.7406445349181,True
belief,2103,12,2318.2605564735895,True
belief,2103,16,2342.2605564735895,True
belief,2103,9,4064.2809272917543,True
belief,2103,1,4264.280927291755,True
belief,2103,18,4324.280927291755,True
belief,2103,19,5763.201906929243,True
belief,2103,17,6169.201906929243,True
belief,2104,7,41.0,True
belief,2104,12,71.0,True
belief,2104,3,561.0,True
belief,2104,16,1021.3878733118761,True
belief,2104,19,1039.387873311876,True
belief,2104,11,1529.387873311876,True
belief,2104,9,1777.387873311876,True
belief,2104,20,1837.387873311876,True
belief,2104,13,3404.2625271433008,True
belief,2104,15,3416.2625271433008,True
belief,2104,17,7214.701657217468,True
belief,2105,13,77.0,True
belief,2105,20,119.0,True
belief,2105,1,277.0,True
belief,2105,10,331.0,True
belief,2105,14,641.2351590872915,True
belief,2105,18,931.2351590872915,True
belief,2105,8,1137.2351590872915,True
belief,2105,2,2059.9216381018455,True
belief,2105,16,2137.9216381018455,True
belief,2105,19,5326.102025799124,True
belief,2105,15,5556.102025799124,True
belief,2106,5,29.0,True
belief,2106,19,385.0,True
belief,2106,18,923.0,True
belief,2106,4,1111.0,True
belief,2106,12,1159.0,True
belief,2106,16,1183.0,True
belief,2106,15,1449.0,True
belief,2106,3,1649.0,True
belief,2106,7,1673.0,True
belief,2106,1,3797.1358077120462,True
belief,2106,2,4275.135807712046,True
belief,2106,9,4535.135807712046,True
belief,2106,11,4547.135807712046,True
belief,2107,1,5.0,True
belief,2107,2,11.0,True
belief,2107,8,47.0,True
belief,2107,17,101.0,True
belief,2107,13,349.0,True
belief,2107,18,379.0,True
belief,2107,15,633.0,True
belief,2107,20,663.0,True
belief,2107,7,876.4774749634241,True
belief,2107,3,1278.820943662136,True
belief,2107,19,2292.667444623721,True
belief,2107,9,2976.667444623721,True
belief,2107,14,3000.667444623721,True
belief,2107,16,3429.4690759766104,True
belief,2107,12,5388.571958737557,True
belief,2107,11,6878.306846735756,True
belief,2108,2,11.0,True
belief,2108,7,41.0,True
belief,2108,13,77.0,True
belief,2108,19,113.0,True
belief,2108,3,289.0,True
belief,2108,6,307.0,True
belief,2108,17,644.1085615830909,True
belief,2108,5,844.1085615830909,True
belief,2108,11,874.1085615830909,True
belief,2108,9,1152.2995840961394,True
belief,2108,12,1950.2995840961394,True
belief,2108,18,2637.568192296012,True
belief,2108,15,4415.987443825851,True
belief,2108,4,5724.732635083916,True
belief,2108,8,6255.07767166412,True
belief,2108,10,7461.07767166412,True
belief,2109,4,23.0,True
belief,2109,5,29.0,True
belief,2109,11,65.0,True
belief,2109,17,101.0,True
belief,2109,6,307.0,True
belief,2109,7,313.0,True
belief,2109,10,331.0,True
belief,2109,18,379.0,True
belief,2109,20,391.0,True
belief,2109,13,644.571523429242,True
belief,2109,2,1494.5328465654177,True
belief,2109,14,1554.5328465654177,True
belief,2109,8,3733.5319857357417,True
belief,2110,1,5.0,True
belief,2110,17,101.0,True
belief,2110,10,603.0,True
belief,2110,3,833.0,True
belief,2110,8,1135.0,True
belief,2110,2,1521.9278886021839,True
belief,2110,19,3906.3715061256703,True
belief,2110,6,4088.3715061256703,True
belief,2110,14,4633.337286621248,True
belief,2110,16,4645.337286621248,True
belief,2111,10,59.0,True
belief,2111,12,71.0,True
belief,2111,18,107.0,True
belief,2111,1,277.0,True
belief,2111,13,621.0,True
belief,2111,6,986.4030882265711,True
belief,2111,17,1046.403088226571,True
belief,2111,16,1300.403088226571,True
belief,2111,4,1494.403088226571,True
belief,2111,9,1524.403088226571,True
belief,2111,15,1554.403088226571,True
belief,2111,8,3830.805569947488,True
belief,2112,1,5.0,True
belief,2112,15,89.0,True
belief,2112,4,295.0,True
belief,2112,8,591.0,True
belief,2112,10,603.0,True
belief,2112,20,1207.0,True
belief,2112,2,1371.0,True
belief,2112,6,1395.0,True
belief,2112,16,1721.0,True
belief,2112,9,6335.690874707366,True
belief,2113,9,53.0,True
belief,2113,11,65.0,True
belief,2113,12,71.0,True
belief,2113,13,77.0,True
belief,2113,18,107.0,True
belief,2113,19,385.0,True
belief,2113,20,3597.385322925943,True
belief,2113,14,3815.385322925943,True
belief,2113,6,4033.385322925943,True
belief,2113,15,4565.385322925943,True
belief,2114,1,5.0,True
belief,2114,4,23.0,True
belief,2114,16,95.0,True
belief,2114,15,1008.1358700253492,True
belief,2114,9,1492.135870025349,True
belief,2114,13,1516.135870025349,True
belief,2114,17,1794.135870025349,True
belief,2114,7,2000.135870025349,True
belief,2114,6,2254.135870025349,True
belief,2114,5,3782.0469880912215,True
belief,2114,8,8252.903989494542,True
belief,2115,5,29.0,True
belief,2115,7,41.0,True
belief,2115,8,47.0,True
belief,2115,10,59.0,True
belief,2115,3,289.0,True
belief,2115,19,385.0,True
belief,2115,12,615.1272192732696,True
belief,2115,14,627.1272192732696,True
belief,2115,1,1347.1272192732695,True
belief,2115,6,3374.538209326382,True
belief,2115,16,5790.714983314992,True
belief,2115,13,6002.714983314992,True
belief,2116,1,5.0,True
belief,2116,5,29.0,True
belief,2116,19,113.0,True
belief,2116,20,119.0,True
belief,2116,11,337.0,True
belief,2116,6,592.6200835848258,True
belief,2116,13,634.6200835848258,True
belief,2116,14,1172.6200835848258,True
belief,2116,16,1450.6200835848258,True
belief,2116,7,1731.8599279845089,True
belief,2116,9,2003.8599279845089,True
belief,2116,8,2517.859927984509,True
belief,2116,12,2792.2786967824295,True
belief,2116,3,5398.170686017473,True
belief,2117,11,65.0,True
belief,2117,12,71.0,True
belief,2117,18,107.0,True
belief,2117,5,301.0,True
belief,2117,20,391.0,True
belief,2117,15,633.0,True
belief,2117,3,833.0,True
belief,2117,7,1129.0,True
belief,2117,16,1183.0,True
belief,2117,19,5064.057988406841,True
belief,2117,9,5618.45425533601,True
belief,2118,1,5.0,True
belief,2118,7,313.0,True
belief,2118,4,567.0,True
belief,2118,19,929.0,True
belief,2118,12,1159.0,True
belief,2118,13,1165.0,True
belief,2118,15,1449.0,True
belief,2118,14,1715.0,True
belief,2118,20,1751.0,True
belief,2118,5,3274.6006866808266,True
belief,2118,17,3848.6006866808266,True
belief,2118,16,6423.580663337639,True
belief,2118,18,8365.221608881435,True
belief,2119,8,47.0,True
belief,2119,12,71.0,True
belief,2119,18,107.0,True
belief,2119,19,113.0,True
belief,2119,16,367.0,True
belief,2119,17,1176.501358774352,True
belief,2119,9,1660.501358774352,True
belief,2119,13,1684.501358774352,True
belief,2119,4,4779.27969789494,True
belief,2119,7,6187.359176624158,True
belief,2119,1,8698.257103140866,True
belief,2120,7,41.0,True
belief,2120,19,113.0,True
belief,2120,12,343.0,True
belief,2120,13,349.0,True
belief,2120,14,355.0,True
belief,2120,8,862.8135799911174,True
belief,2120,11,880.8135799911174,True
belief,2120,6,1388.8135799911174,True
belief,2120,5,1648.8135799911174,True
belief,2120,16,4665.326812332558,True
belief,2120,15,4907.326812332558,True
belief,2120,20,5911.326812332558,True
belief,2120,9,7262.064705562256,True
belief,2120,4,9130.775983128715,True
belief,2121,1,5.0,True
belief,2121,10,59.0,True
belief,2121,15,89.0,True
belief,2121,17,101.0,True
belief,2121,4,295.0,True
belief,2121,12,343.0,True
belief,2121,2,555.0,True
belief,2121,14,627.0,True
belief,2121,20,1207.0,True
belief,2121,8,1577.9847692782766,True
belief,2121,16,4477.945228953891,True
belief,2122,3,17.0,True
belief,2122,4,23.0,True
belief,2122,5,29.0,True
belief,2122,6,35.0,True
belief,2122,7,41.0,True
belief,2122,15,89.0,True
belief,2122,10,331.0,True
belief,2122,19,385.0,True
belief,2122,17,1169.08733582575,True
belief,2122,11,2082.654145184689,True
belief,2122,2,2288.654145184689,True
belief,2122,14,2596.654145184689,True
belief,2122,12,4078.0521616020355,True
belief,2123,6,35.0,True
belief,2123,8,47.0,True
belief,2123,20,119.0,True
belief,2123,17,373.0,True
belief,2123,3,561.0,True
belief,2123,18,651.0,True
belief,2123,2,988.0055649145824,True
belief,2123,14,1314.0055649145825,True
belief,2123,1,1502.0055649145825,True
belief,2123,9,1804.0055649145825,True
belief,2123,4,2300.0055649145825,True
belief,2123,7,2944.902375183275,True
belief,2123,11,3216.902375183275,True
belief,2123,15,5023.074392758902,True
belief,2123,19,5832.996396495095,True
belief,2124,7,41.0,True
belief,2124,11,65.0,True
belief,2124,13,77.0,True
belief,2124,18,107.0,True
belief,2124,20,119.0,True
belief,2124,9,325.0,True
belief,2124,8,738.7474427155157,True
belief,2124,5,1252.7474427155157,True
belief,2124,2,3428.3745150215373,True
belief,2124,6,4651.165619601594,True
belief,2125,3,17.0,True
belief,2125,1,1181.2197998777106,True
belief,2125,2,1187.2197998777106,True
belief,2125,9,1755.2197998777106,True
belief,2125,11,1767.2197998777106,True
belief,2125,19,2081.2197998777106,True
belief,2125,10,2825.3406353231667,True
belief,2125,12,3091.3406353231667,True
belief,2125,4,4331.340635323167,True
belief,2125,16,4391.340635323167,True
belief,2125,20,5647.053925293367,True
belief,2125,8,7155.831338380888,True
belief,2126,5,29.0,True
belief,2126,8,47.0,True
belief,2126,12,71.0,True
belief,2126,17,101.0,True
belief,2126,20,119.0,True
belief,2126,4,295.0,True
belief,2126,13,349.0,True
belief,2126,3,1302.1767108540255,True
belief,2126,18,1646.1767108540255,True
belief,2126,10,2553.6685404456703,True
belief,2126,9,6304.266332943119,True
belief,2127,4,23.0,True
belief,2127,8,47.0,True
belief,2127,14,83.0,True
belief,2127,20,119.0,True
belief,2127,19,385.0,True
belief,2127,17,917.0,True
belief,2127,3,1105.0,True
belief,2127,2,1371.0,True
belief,2127,11,3787.6076527755304,True
belief,2127,6,4271.60765277553,True
belief,2128,3,17.0,True
belief,2128,11,65.0,True
belief,2128,13,77.0,True
belief,2128,2,283.0,True
belief,2128,9,604.1888777336687,True
belief,2128,8,864.1888777336687,True
belief,2128,18,918.1888777336687,True
belief,2128,19,1456.1888777336687,True
belief,2128,7,1656.1888777336687,True
belief,2128,14,2512.1534769627856,True
belief,2129,1,5.0,True
belief,2129,4,23.0,True
belief,2129,12,71.0,True
belief,2129,14,83.0,True
belief,2129,18,107.0,True
belief,2129,19,113.0,True
belief,2129,10,1359.5861288858184,True
belief,2129,16,1389.5861288858184,True
belief,2129,7,1595.5861288858184,True
belief,2129,5,4282.027678731001,True
belief,2129,2,6097.769290833018,True
belief,2130,1,5.0,True
belief,2130,3,17.0,True
belief,2130,10,59.0,True
belief,2130,14,83.0,True
belief,2130,15,89.0,True
belief,2130,5,301.0,True
belief,2130,12,343.0,True
belief,2130,18,379.0,True
belief,2130,20,672.6679586243665,True
belief,2130,6,876.0382344608084,True
belief,2130,19,1552.9135108344258,True
belief,2131,16,95.0,True
belief,2131,9,325.0,True
belief,2131,12,343.0,True
belief,2131,5,573.0,True
belief,2131,20,663.0,True
belief,2131,3,833.0,True
belief,2131,7,1129.0,True
belief,2131,11,2032.0828145367993,True
belief,2131,18,2062.0828145367996,True
belief,2131,4,2250.0828145367996,True
belief,2131,15,3142.537337807387,True
belief,2131,13,3595.803533987214,True
belief,2131,6,5091.152962165542,True
belief,2131,10,7835.605810891031,True
belief,2131,17,8295.605810891031,True
belief,2132,1,5.0,True
belief,2132,6,35.0,True
belief,2132,17,101.0,True
belief,2132,3,289.0,True
belief,2132,5,301.0,True
belief,2132,14,355.0,True
belief,2132,18,379.0,True
belief,2132,11,609.0,True
belief,2132,9,919.2098109100433,True
belief,2132,10,4265.5702234961645,True
belief,2132,13,4571.742156442813,True
belief,2132,4,4759.742156442813,True
belief,2132,15,4795.742156442813,True
belief,2133,2,11.0,True
belief,2133,12,71.0,True
belief,2133,13,77.0,True
belief,2133,17,645.0,True
belief,2133,15,905.0,True
belief,2133,8,2015.7229201811201,True
belief,2133,3,2245.72292018112,True
belief,2133,18,2583.72292018112,True
belief,2133,11,3701.5949070324914,True
belief,2133,1,5678.6602072144215,True
belief,2134,6,35.0,True
belief,2134,11,65.0,True
belief,2134,12,71.0,True
belief,2134,17,101.0,True
belief,2134,18,107.0,True
belief,2134,2,555.0,True
belief,2134,19,657.0,True
belief,2134,3,833.0,True
belief,2134,10,1147.0,True
belief,2134,9,1504.4387442179157,True
belief,2134,14,2184.5018621794898,True
belief,2134,5,2656.5018621794898,True
belief,2134,1,2904.184083058148,True
belief,2135,4,23.0,True
belief,2135,1,277.0,True
belief,2135,2,283.0,True
belief,2135,11,609.0,True
belief,2135,19,657.0,True
belief,2135,12,887.0,True
belief,2135,6,1123.0,True
belief,2135,10,1147.0,True
belief,2135,14,1171.0,True
belief,2135,8,1830.1833133508342,True
belief,2135,5,2078.1833133508344,True
belief,2135,9,2459.5959922366055,True
belief,2135,3,5938.80657944945,True
belief,2135,16,6212.660782469927,True
belief,2136,17,101.0,True
belief,2136,10,331.0,True
belief,2136,11,337.0,True
belief,2136,8,591.0,True
belief,2136,12,615.0,True
belief,2136,18,923.0,True
belief,2136,15,1294.840380122636,True
belief,2136,1,1482.840380122636,True
belief,2136,5,3770.6179710532197,True
belief,2136,20,5428.47852510918,True
belief,2136,2,7038.530962290879,True
belief,2137,1,5.0,True
belief,2137,3,17.0,True
belief,2137,4,23.0,True
belief,2137,13,621.0,True
belief,2137,10,1148.756786143239,True
belief,2137,6,1656.756786143239,True
belief,2137,8,2327.521814353944,True
belief,2137,12,2345.521814353944,True
belief,2137,20,2393.521814353944,True
belief,2137,7,2581.521814353944,True
belief,2137,14,2617.521814353944,True
belief,2137,18,3343.4614457919447,True
belief,2137,19,4747.4974193025,True
belief,2137,2,6354.2555861564515,True
belief,2138,4,23.0,True
belief,2138,10,59.0,True
belief,2138,11,65.0,True
belief,2138,16,95.0,True
belief,2138,13,349.0,True
belief,2138,17,373.0,True
belief,2138,14,627.0,True
belief,2138,20,663.0,True
belief,2138,19,1060.6180252829276,True
belief,2138,7,1520.6180252829276,True
belief,2138,18,1574.6180252829276,True
belief,2138,2,3473.6662430406745,True
belief,2138,12,3521.6662430406745,True
belief,2138,5,5860.59853886586,True
belief,2139,3,17.0,True
belief,2139,4,23.0,True
belief,2139,5,29.0,True
belief,2139,8,591.0,True
belief,2139,9,597.0,True
belief,2139,18,923.0,True
belief,2139,15,1379.7335965062916,True
belief,2139,1,1577.304872890688,True
belief,2139,12,1625.304872890688,True
belief,2139,20,1927.304872890688,True
belief,2139,2,3941.0701953949783,True
belief,2139,17,4237.070195394978,True
belief,2139,16,4894.858844413923,True
belief,2139,11,5922.646180660737,True
belief,2139,10,6552.646180660737,True
belief,2140,1,5.0,True
belief,2140,2,11.0,True
belief,2140,19,113.0,True
belief,2140,4,295.0,True
belief,2140,5,301.0,True
belief,2140,7,1129.0,True
belief,2140,12,1159.0,True
belief,2140,20,1207.0,True
belief,2140,18,1467.0,True
belief,2140,14,1715.0,True
belief,2140,3,2323.8242061606725,True
belief,2140,17,4940.260588662127,True
belief,2140,9,5486.359674239943,True
belief,2140,11,7156.349593717487,True
belief,2141,1,5.0,True
belief,2141,2,11.0,True
belief,2141,8,591.0,True
belief,2141,19,657.0,True
belief,2141,15,905.0,True
belief,2141,3,1247.77100408877,True
belief,2141,10,1555.77100408877,True
belief,2141,16,2123.77100408877,True
belief,2141,4,2655.5954229069093,True
belief,2141,14,2975.5954229069093,True
belief,2141,18,3678.7386009315705,True
belief,2141,12,5885.597794243291,True
belief,2141,17,6437.094342316909,True
belief,2142,1,5.0,True
belief,2142,2,11.0,True
belief,2142,8,47.0,True
belief,2142,14,83.0,True
belief,2142,17,101.0,True
belief,2142,18,107.0,True
belief,2142,3,289.0,True
belief,2142,4,839.0,True
belief,2142,12,2285.000847516036,True
belief,2142,6,2924.6010105900637,True
belief,2142,16,2978.6010105900637,True
belief,2142,20,5425.291839790022,True
belief,2142,5,5583.291839790022,True
belief,2142,11,5819.291839790022,True
belief,2142,9,8209.764742827196,True
belief,2143,9,53.0,True
belief,2143,11,65.0,True
belief,2143,16,95.0,True
belief,2143,3,289.0,True
belief,2143,13,621.0,True
belief,2143,15,633.0,True
belief,2143,20,663.0,True
belief,2143,1,821.0,True
belief,2143,17,917.0,True
belief,2143,7,1129.0,True
belief,2143,12,1159.0,True
belief,2143,2,2175.0,True
belief,2143,4,2453.0,True
belief,2143,10,5841.675951853818,True
belief,2144,4,23.0,True
belief,2144,14,83.0,True
belief,2144,18,107.0,True
belief,2144,20,119.0,True
belief,2144,12,343.0,True
belief,2144,15,361.0,True
belief,2144,16,367.0,True
belief,2144,2,830.848747043761,True
belief,2144,8,1126.848747043761,True
belief,2144,10,1138.848747043761,True
belief,2144,19,1192.848747043761,True
belief,2144,3,1368.848747043761,True
belief,2144,17,1446.848747043761,True
belief,2144,5,1783.9649686334412,True
belief,2144,7,2742.7581099989225,True
belief,2144,11,4758.052806946241,True
belief,2145,5,301.0,True
belief,2145,10,331.0,True
belief,2145,15,361.0,True
belief,2145,18,379.0,True
belief,2145,11,609.0,True
belief,2145,17,927.434206249286,True
belief,2145,20,1310.9207440159669,True
belief,2145,3,1713.6140264212313,True
belief,2145,6,1973.6140264212313,True
belief,2145,7,2895.874947394468,True
belief,2145,2,3119.874947394468,True
belief,2145,14,5688.541536146773,True
belief,2145,9,5963.581539403453,True
belief,2146,18,107.0,True
belief,2146,5,301.0,True
belief,2146,6,307.0,True
belief,2146,11,617.2159769458932,True
belief,2146,2,1361.215976945893,True
belief,2146,3,1367.215976945893,True
belief,2146,7,1391.215976945893,True
belief,2146,15,1439.215976945893,True
belief,2146,12,1687.215976945893,True
belief,2146,17,1717.215976945893,True
belief,2146,10,2207.215976945893,True
belief,2146,14,2231.215976945893,True
belief,2146,8,3002.2539773854455,True
belief,2146,1,4459.724468685175,True
belief,2146,19,4967.724468685175,True
belief,2146,16,5185.724468685175,True
belief,2147,4,23.0,True
belief,2147,8,47.0,True
belief,2147,12,71.0,True
belief,2147,20,119.0,True
belief,2147,1,277.0,True
belief,2147,16,367.0,True
belief,2147,6,579.0,True
belief,2147,14,4084.4147870935485,True
belief,2147,2,5201.710113559238,True
belief,2147,17,5261.710113559238,True
belief,2147,7,6543.755686239816,True
belief,2148,10,59.0,True
belief,2148,13,77.0,True
belief,2148,1,277.0,True
belief,2148,16,367.0,True
belief,2148,17,373.0,True
belief,2148,20,391.0,True
belief,2148,3,1105.0,True
belief,2148,15,1177.0,True
belief,2148,6,1395.0,True
belief,2148,18,1467.0,True
belief,2148,12,4409.918792551473,True
belief,2148,5,5275.918792551473,True
belief,2148,9,7305.75705011936,True
belief,2149,1,5.0,True
belief,2149,6,35.0,True
belief,2149,9,53.0,True
belief,2149,11,65.0,True
belief,2149,12,71.0,True
belief,2149,14,83.0,True
belief,2149,4,295.0,True
belief,2149,18,379.0,True
belief,2149,17,697.0726240759838,True
belief,2149,5,917.1438807234719,True
belief,2149,16,2303.078749580243,True
belief,2149,15,3094.2625943665953,True
belief,2149,10,5690.208367678866,True
belief,2149,19,5714.208367678866,True
belief,2149,13,5926.208367678866,True
belief,2149,20,6717.687219223995,True
belief,2150,7,41.0,True
belief,2150,14,83.0,True
belief,2150,19,113.0,True
belief,2150,10,331.0,True
belief,2150,12,343.0,True
belief,2150,16,367.0,True
belief,2150,15,633.0,True
belief,2150,5,909.1019526721287,True
belief,2150,1,1417.1019526721288,True
belief,2150,2,1694.139187596035,True
belief,2150,18,3726.6661297089513,True
belief,2150,3,4750.197182806451,True
belief,2150,11,4792.197182806451,True
belief,2151,10,59.0,True
belief,2151,19,113.0,True
belief,2151,2,283.0,True
belief,2151,3,289.0,True
belief,2151,15,633.0,True
belief,2151,20,663.0,True
belief,2151,6,851.0,True
belief,2151,7,857.0,True
belief,2151,12,1637.7253838079369,True
belief,2151,13,2163.725383807937,True
belief,2151,14,2169.725383807937,True
belief,2151,16,2175.725383807937,True
belief,2151,17,3733.787043528721,True
belief,2151,4,4596.415335054216,True
belief,2152,1,5.0,True
belief,2152,6,35.0,True
belief,2152,12,71.0,True
belief,2152,17,101.0,True
belief,2152,20,119.0,True
belief,2152,14,355.0,True
belief,2152,10,603.0,True
belief,2152,5,852.5996403782467,True
belief,2152,8,1136.5996403782467,True
belief,2152,15,1178.5996403782467,True
belief,2152,19,1202.5996403782467,True
belief,2152,13,1574.6551855886164,True
belief,2152,9,2559.1028508229692,True
belief,2153,4,23.0,True
belief,2153,7,41.0,True
belief,2153,8,47.0,True
belief,2153,18,107.0,True
belief,2153,17,2161.1078033618414,True
belief,2153,9,2373.1078033618414,True
belief,2153,10,2639.1078033618414,True
belief,2153,14,2663.1078033618414,True
belief,2153,5,2904.9697980804717,True
belief,2153,1,5308.081491944442,True
belief,2154,10,59.0,True
belief,2154,2,283.0,True
belief,2154,15,361.0,True
belief,2154,16,367.0,True
belief,2154,12,615.0,True
belief,2154,9,1326.1798094388694,True
belief,2154,17,1916.4683319094895,True
belief,2154,8,2394.4683319094893,True
belief,2154,19,2708.4683319094893,True
belief,2154,7,3659.9549477336004,True
belief,2154,11,4155.9549477336,True
belief,2154,14,4173.9549477336,True
belief,2154,5,4373.9549477336,True
belief,2154,13,4409.9549477336,True
belief,2154,18,4427.9549477336,True
belief,2155,12,71.0,True
belief,2155,6,307.0,True
belief,2155,20,391.0,True
belief,2155,13,1155.2242125829234,True
belief,2155,4,1639.2242125829234,True
belief,2155,15,1699.2242125829234,True
belief,2155,19,1723.2242125829234,True
belief,2155,9,2201.2242125829234,True
belief,2155,14,2757.2242125829234,True
belief,2155,8,2993.2242125829234,True
belief,2156,6,35.0,True
belief,2156,10,59.0,True
belief,2156,15,89.0,True
belief,2156,16,95.0,True
belief,2156,11,609.0,True
belief,2156,14,627.0,True
belief,2156,20,663.0,True
belief,2156,18,923.0,True
belief,2156,19,2452.6720468811677,True
belief,2156,4,3178.7965489559206,True
belief,2156,13,3456.7965489559206,True
belief,2156,17,3468.7965489559206,True
belief,2156,1,4365.098940629536,True
belief,2156,7,8189.638114423696,True
belief,2156,8,8195.638114423695,True
belief,2157,7,41.0,True
belief,2157,12,71.0,True
belief,2157,15,89.0,True
belief,2157,19,113.0,True
belief,2157,3,289.0,True
belief,2157,6,307.0,True
belief,2157,17,373.0,True
belief,2157,18,651.0,True
belief,2157,8,2997.689460829228,True
belief,2157,11,3939.442457708625,True
belief,2157,13,4193.442457708625,True
belief,2157,9,4435.643313094093,True
belief,2157,4,6786.2208447292105,True
belief,2157,10,7509.260537942843,True
belief,2157,16,7533.260537942843,True
belief,2157,2,8542.082925583953,True
belief,2158,5,29.0,True
belief,2158,8,47.0,True
belief,2158,10,59.0,True
belief,2158,13,77.0,True
belief,2158,3,724.346196934983,True
belief,2158,7,748.346196934983,True
belief,2158,15,784.346196934983,True
belief,2158,9,1014.346196934983,True
belief,2158,12,1026.346196934983,True
belief,2158,16,1050.346196934983,True
belief,2158,14,1298.346196934983,True
belief,2158,17,1934.6533319462453,True
belief,2158,11,2278.9432012233624,True
belief,2158,19,5082.120926307392,True
belief,2159,8,47.0,True
belief,2159,18,107.0,True
belief,2159,14,355.0,True
belief,2159,19,385.0,True
belief,2159,3,950.7172019758605,True
belief,2159,1,1204.7172019758605,True
belief,2159,5,1494.7172019758605,True
belief,2159,10,1524.7172019758605,True
belief,2159,17,1560.7172019758605,True
belief,2159,2,1742.7172019758605,True
belief,2159,4,2740.536057950711,True
belief,2159,6,8140.528393114268,True
belief,2160,3,17.0,True
belief,2160,11,65.0,True
belief,2160,9,325.0,True
belief,2160,10,331.0,True
belief,2160,15,361.0,True
belief,2160,5,573.0,True
belief,2160,16,639.0,True
belief,2160,1,1180.2003813986962,True
belief,2160,19,1548.2003813986962,True
belief,2160,14,4255.422525341037,True
belief,2160,8,7065.475277573443,True
belief,2160,13,7313.475277573443,True
belief,2161,6,35.0,True
belief,2161,12,71.0,True
belief,2161,15,89.0,True
belief,2161,16,95.0,True
belief,2161,17,101.0,True
belief,2161,18,107.0,True
belief,2161,5,301.0,True
belief,2161,9,325.0,True
belief,2161,11,609.0,True
belief,2161,4,1537.6190959721603,True
belief,2161,14,1585.6190959721603,True
belief,2161,2,2626.147029187479,True
belief,2161,1,4210.365274077195,True
belief,2161,8,4488.365274077195,True
belief,2161,10,7906.069811431417,True
belief,2162,20,119.0,True
belief,2162,8,319.0,True
belief,2162,9,325.0,True
belief,2162,11,337.0,True
belief,2162,15,361.0,True
belief,2162,16,1612.921339317457,True
belief,2162,14,1866.921339317457,True
belief,2162,10,2562.5463541185763,True
belief,2162,13,2580.5463541185763,True
belief,2162,4,2780.5463541185763,True
belief,2162,6,3034.5463541185763,True
belief,2162,7,3524.5463541185763,True
belief,2162,19,3808.5463541185763,True
belief,2162,3,3978.5463541185763,True
belief,2163,7,41.0,True
belief,2163,11,65.0,True
belief,2163,12,71.0,True
belief,2163,14,83.0,True
belief,2163,15,89.0,True
belief,2163,20,119.0,True
belief,2163,13,731.4147363437374,True
belief,2163,17,755.4147363437374,True
belief,2163,18,2362.2962330046876,True
belief,2163,3,2544.2962330046876,True
belief,2163,4,2550.2962330046876,True
belief,2163,10,4506.860947513423,True
belief,2163,16,4760.860947513423,True
belief,2163,6,5768.466755071574,True
belief,2164,11,65.0,True
belief,2164,14,83.0,True
belief,2164,9,325.0,True
belief,2164,7,890.1891806961369,True
belief,2164,5,1144.1891806961369,True
belief,2164,18,1216.1891806961369,True
belief,2164,8,1428.1891806961369,True
belief,2164,20,1494.1891806961369,True
belief,2164,3,5627.328930902371,True
belief,2164,4,5633.328930902371,True
belief,2164,1,5851.328930902371,True
belief,2164,15,6377.328930902371,True
belief,2165,3,17.0,True
belief,2165,6,35.0,True
belief,2165,11,337.0,True
belief,2165,20,391.0,True
belief,2165,12,1667.8359695687202,True
belief,2165,19,1963.8359695687202,True
belief,2165,10,2169.8359695687204,True
belief,2165,16,2453.8359695687204,True
belief,2165,9,3905.8359695687204,True
belief,2165,1,5260.90897145261,True
belief,2165,13,5888.05830921207,True
belief,2165,15,6136.05830921207,True
belief,2165,18,6881.228592979788,True
belief,2166,8,47.0,True
belief,2166,11,65.0,True
belief,2166,19,113.0,True
belief,2166,3,289.0,True
belief,2166,4,295.0,True
belief,2166,6,579.0,True
belief,2166,14,627.0,True
belief,2166,18,651.0,True
belief,2166,12,887.0,True
belief,2166,13,1989.2619638926212,True
belief,2166,17,2581.422528725082,True
belief,2167,4,23.0,True
belief,2167,8,47.0,True
belief,2167,14,83.0,True
belief,2167,1,549.0,True
belief,2167,7,868.4992602221325,True
belief,2167,9,1412.4992602221325,True
belief,2167,15,1442.4992602221325,True
belief,2167,11,1976.8679626251874,True
belief,2167,3,2244.78208243939,True
belief,2167,6,2256.78208243939,True
belief,2167,20,4642.135891239094,True
belief,2167,16,4854.135891239094,True
belief,2167,10,5302.135891239094,True
belief,2167,17,5332.135891239094,True
belief,2168,1,5.0,True
belief,2168,6,35.0,True
belief,2168,10,59.0,True
belief,2168,11,65.0,True
belief,2168,13,77.0,True
belief,2168,14,355.0,True
belief,2168,7,585.0,True
belief,2168,9,869.0,True
belief,2168,12,887.0,True
belief,2168,19,929.0,True
belief,2168,20,935.0,True
belief,2168,17,2702.324951312303,True
belief,2168,3,3413.171475061711,True
belief,2168,4,3892.111330663029,True
belief,2168,18,4170.111330663029,True
belief,2168,5,5156.183175832524,True
belief,2169,6,35.0,True
belief,2169,15,89.0,True
belief,2169,19,385.0,True
belief,2169,5,573.0,True
belief,2169,1,821.0,True
belief,2169,18,923.0,True
belief,2169,7,1559.8414298224745,True
belief,2169,11,1583.8414298224745,True
belief,2169,10,1843.8414298224745,True
belief,2169,12,1855.8414298224745,True
belief,2169,20,2240.442072157488,True
belief,2169,8,6395.361225273412,True
belief,2170,6,35.0,True
belief,2170,15,89.0,True
belief,2170,17,101.0,True
belief,2170,18,107.0,True
belief,2170,10,331.0,True
belief,2170,5,876.7478328017125,True
belief,2170,3,1130.7478328017125,True
belief,2170,14,1196.7478328017125,True
belief,2170,20,1492.7478328017125,True
belief,2170,11,1896.9051996190283,True
belief,2170,2,2438.182141274965,True
belief,2170,1,4050.9879707471646,True
belief,2170,4,6078.399204473547,True
belief,2170,19,6562.399204473547,True
belief,2170,9,6968.243590602876,True
belief,2170,7,8955.514468504518,True
belief,2171,2,11.0,True
belief,2171,7,41.0,True
belief,2171,13,77.0,True
belief,2171,18,107.0,True
belief,2171,10,603.0,True
belief,2171,20,663.0,True
belief,2171,17,1461.0,True
belief,2171,15,2821.5836148309772,True
belief,2171,3,4259.618658304066,True
belief,2171,19,6240.004558615074,True
belief,2171,9,8060.053379637517,True
belief,2172,1,5.0,True
belief,2172,6,35.0,True
belief,2172,16,95.0,True
belief,2172,17,101.0,True
belief,2172,18,107.0,True
belief,2172,20,119.0,True
belief,2172,3,289.0,True
belief,2172,9,325.0,True
belief,2172,11,337.0,True
belief,2172,19,2556.1944283623734,True
belief,2172,13,3022.1944283623734,True
belief,2172,5,4837.420543867478,True
belief,2172,15,5115.420543867478,True
belief,2172,8,5321.420543867478,True
belief,2173,7,41.0,True
belief,2173,14,83.0,True
belief,2173,18,107.0,True
belief,2173,2,283.0,True
belief,2173,4,295.0,True
belief,2173,8,591.0,True
belief,2173,16,1183.0,True
belief,2173,6,1395.0,True
belief,2173,12,1431.0,True
belief,2173,20,1479.0,True
belief,2173,10,1691.0,True
belief,2173,15,2105.697275139273,True
belief,2173,17,5328.664365473842,True
belief,2173,19,5334.664365473842,True
belief,2173,1,9965.792641094238,True
belief,2174,1,5.0,True
belief,2174,10,59.0,True
belief,2174,16,95.0,True
belief,2174,7,1301.146036877876,True
belief,2174,9,1313.146036877876,True
belief,2174,5,1555.146036877876,True
belief,2174,11,1591.146036877876,True
belief,2174,2,1958.1513746829187,True
belief,2174,12,2278.1513746829187,True
belief,2174,8,5919.024709380576,True
belief,2175,11,65.0,True
belief,2175,16,95.0,True
belief,2175,20,119.0,True
belief,2175,4,295.0,True
belief,2175,17,645.0,True
belief,2175,2,913.9983021589607,True
belief,2175,3,919.9983021589607,True
belief,2175,15,985.9983021589607,True
belief,2175,10,3099.2559985807407,True
belief,2175,13,4491.25599858074,True
belief,2175,9,4703.25599858074,True
belief,2175,6,7174.828319205738,True
belief,2176,10,59.0,True
belief,2176,16,95.0,True
belief,2176,6,307.0,True
belief,2176,3,1104.1548132209134,True
belief,2176,4,1551.0552591671687,True
belief,2176,18,1883.0552591671687,True
belief,2176,11,2107.0552591671685,True
belief,2176,1,2922.964716976995,True
belief,2176,5,4294.6812103740385,True
belief,2176,19,4360.6812103740385,True
belief,2176,14,5803.762001899099,True
belief,2177,15,89.0,True
belief,2177,19,113.0,True
belief,2177,20,119.0,True
belief,2177,1,277.0,True
belief,2177,3,289.0,True
belief,2177,16,367.0,True
belief,2177,5,573.0,True
belief,2177,13,621.0,True
belief,2177,18,651.0,True
belief,2177,7,1128.6986061151429,True
belief,2177,12,1158.6986061151429,True
belief,2177,2,1630.6986061151429,True
belief,2177,4,1916.3744126203999,True
belief,2177,10,2561.832811452245,True
belief,2177,8,3803.6014168485103,True
belief,2178,5,29.0,True
belief,2178,19,113.0,True
belief,2178,20,119.0,True
belief,2178,8,319.0,True
belief,2178,9,325.0,True
belief,2178,12,343.0,True
belief,2178,15,361.0,True
belief,2178,7,948.225719889945,True
belief,2178,16,1380.219584274406,True
belief,2178,14,2348.9103096734316,True
belief,2178,13,5354.188798741627,True
belief,2178,2,5754.188798741627,True
belief,2178,10,5778.188798741627,True
belief,2178,17,6020.188798741627,True
belief,2178,6,7090.069308114692,True
belief,2179,2,11.0,True
belief,2179,6,35.0,True
belief,2179,8,47.0,True
belief,2179,17,101.0,True
belief,2179,5,573.0,True
belief,2179,10,875.0,True
belief,2179,14,899.0,True
belief,2179,16,1463.0346875033556,True
belief,2179,15,1717.0346875033556,True
belief,2179,11,2536.174177230858,True
belief,2179,19,2967.797945028703,True
belief,2179,18,5220.322186593411,True
belief,2180,6,35.0,True
belief,2180,12,71.0,True
belief,2180,16,95.0,True
belief,2180,14,355.0,True
belief,2180,20,391.0,True
belief,2180,2,566.9146607172615,True
belief,2180,13,632.9146607172615,True
belief,2180,17,916.9146607172615,True
belief,2180,1,1092.9146607172615,True
belief,2180,11,3530.130629897645,True
belief,2180,19,8590.97452539516,True
belief,2181,1,5.0,True
belief,2181,5,29.0,True
belief,2181,9,53.0,True
belief,2181,12,71.0,True
belief,2181,16,95.0,True
belief,2181,17,101.0,True
belief,2181,18,107.0,True
belief,2181,19,113.0,True
belief,2181,3,2930.017714610414,True
belief,2181,20,3511.4427407527137,True
belief,2181,8,5712.091823123728,True
belief,2182,4,23.0,True
belief,2182,10,59.0,True
belief,2182,14,355.0,True
belief,2182,9,1794.323988833566,True
belief,2182,12,1806.323988833566,True
belief,2182,17,1830.323988833566,True
belief,2182,7,2042.323988833566,True
belief,2182,20,2108.323988833566,True
belief,2182,5,2290.323988833566,True
belief,2182,8,2308.323988833566,True
belief,2182,15,3985.2887208406673,True
belief,2182,2,4863.288720840667,True
belief,2183,4,23.0,True
belief,2183,14,83.0,True
belief,2183,15,89.0,True
belief,2183,12,343.0,True
belief,2183,19,385.0,True
belief,2183,1,1207.4337964334356,True
belief,2183,2,1213.4337964334356,True
belief,2183,11,1698.2172919739517,True
belief,2183,5,2182.2172919739514,True
belief,2183,7,3416.4959346362616,True
belief,2183,9,3428.4959346362616,True
belief,2183,10,3701.0238727340293,True
belief,2183,13,5010.831360144909,True
belief,2183,16,5261.797519367893,True
belief,2184,1,5.0,True
belief,2184,4,23.0,True
belief,2184,7,41.0,True
belief,2184,19,113.0,True
belief,2184,5,301.0,True
belief,2184,3,1376.7671537378792,True
belief,2184,14,1984.829441653554,True
belief,2184,8,2468.829441653554,True
belief,2184,18,3478.924620817699,True
belief,2184,15,4948.924620817699,True
belief,2185,6,35.0,True
belief,2185,9,53.0,True
belief,2185,1,277.0,True
belief,2185,14,355.0,True
belief,2185,16,367.0,True
belief,2185,20,663.0,True
belief,2185,10,2043.0461314863783,True
belief,2185,8,2563.0461314863783,True
belief,2185,15,4086.3357390611204,True
belief,2185,12,4316.33573906112,True
belief,2185,13,7176.738764080315,True
belief,2185,4,7370.738764080315,True
belief,2186,10,59.0,True
belief,2186,19,113.0,True
belief,2186,8,319.0,True
belief,2186,9,597.0,True
belief,2186,1,821.0,True
belief,2186,13,2271.7406303882863,True
belief,2186,3,3917.8034286251777,True
belief,2186,16,4751.803428625178,True
belief,2186,4,5193.803428625178,True
belief,2186,6,5459.803428625178,True
belief,2187,3,17.0,True
belief,2187,4,23.0,True
belief,2187,5,29.0,True
belief,2187,10,59.0,True
belief,2187,18,107.0,True
belief,2187,12,343.0,True
belief,2187,16,367.0,True
belief,2187,19,2048.267175749345,True
belief,2187,6,4364.66571560849,True
belief,2187,1,5280.117175227548,True
belief,2188,9,53.0,True
belief,2188,10,59.0,True
belief,2188,12,71.0,True
belief,2188,19,113.0,True
belief,2188,18,379.0,True
belief,2188,8,591.0,True
belief,2188,16,639.0,True
belief,2188,3,869.6542041440898,True
belief,2188,2,1123.6542041440898,True
belief,2188,11,1177.6542041440898,True
belief,2188,13,1189.6542041440898,True
belief,2188,7,1413.6542041440898,True
belief,2188,1,1637.6542041440898,True
belief,2188,20,3322.4023270297466,True
belief,2188,4,5933.553189624092,True
belief,2188,17,6181.553189624092,True
belief,2189,4,23.0,True
belief,2189,7,41.0,True
belief,2189,9,53.0,True
belief,2189,10,59.0,True
belief,2189,18,107.0,True
belief,2189,8,599.3440016188983,True
belief,2189,17,1451.3440016188983,True
belief,2189,16,4933.573698115636,True
belief,2189,19,4939.573698115636,True
belief,2189,12,5388.383754074974,True
belief,2190,2,11.0,True
belief,2190,3,17.0,True
belief,2190,5,29.0,True
belief,2190,6,35.0,True
belief,2190,7,41.0,True
belief,2190,10,59.0,True
belief,2190,14,83.0,True
belief,2190,17,101.0,True
belief,2190,19,113.0,True
belief,2190,15,361.0,True
belief,2190,18,1851.7626613802754,True
belief,2190,8,3165.677142223105,True
belief,2190,9,5324.92142964599,True
belief,2190,12,5760.92142964599,True
belief,2191,19,113.0,True
belief,2191,4,295.0,True
belief,2191,8,319.0,True
belief,2191,18,379.0,True
belief,2191,16,917.3515303095041,True
belief,2191,11,1578.0867783611868,True
belief,2191,13,1590.0867783611868,True
belief,2191,5,2329.669072284469,True
belief,2191,9,2589.669072284469,True
belief,2191,20,2879.669072284469,True
belief,2191,12,3333.669072284469,True
belief,2192,2,11.0,True
belief,2192,5,29.0,True
belief,2192,11,65.0,True
belief,2192,20,119.0,True
belief,2192,9,325.0,True
belief,2192,19,385.0,True
belief,2192,1,549.0,True
belief,2192,10,603.0,True
belief,2192,7,1631.5872165916755,True
belief,2192,4,2271.678947473444,True
belief,2192,6,2519.678947473444,True
belief,2192,8,4192.0179307118615,True
belief,2192,15,4819.596663232319,True
belief,2192,16,5919.2137743984,True
belief,2192,17,5925.2137743984,True
belief,2192,12,7662.745669131647,True
belief,2193,1,5.0,True
belief,2193,2,11.0,True
belief,2193,3,17.0,True
belief,2193,17,101.0,True
belief,2193,6,844.8859633171451,True
belief,2193,8,856.8859633171451,True
belief,2193,9,2184.4676180490414,True
belief,2193,11,2196.4676180490414,True
belief,2193,4,2910.4676180490414,True
belief,2193,19,2988.4676180490414,True
belief,2193,20,2994.4676180490414,True
belief,2193,13,3200.4676180490414,True
belief,2193,7,5451.9833094817495,True
belief,2193,15,5481.9833094817495,True
belief,2194,4,23.0,True
belief,2194,14,83.0,True
belief,2194,19,113.0,True
belief,2194,1,549.0,True
belief,2194,9,1643.4954930362508,True
belief,2194,15,1679.4954930362508,True
belief,2194,16,2475.53993998399,True
belief,2194,5,3023.874732126462,True
belief,2194,11,3307.874732126462,True
belief,2194,6,4269.874732126462,True
belief,2194,18,4329.874732126462,True
belief,2194,13,4559.874732126462,True
belief,2194,12,8728.237108086756,True
belief,2195,6,35.0,True
belief,2195,7,41.0,True
belief,2195,11,65.0,True
belief,2195,17,101.0,True
belief,2195,18,107.0,True
belief,2195,16,367.0,True
belief,2195,5,924.7106547526773,True
belief,2195,15,1250.7106547526773,True
belief,2195,8,1474.7106547526773,True
belief,2195,20,1806.7106547526773,True
belief,2195,4,1982.7106547526773,True
belief,2195,12,2030.7106547526773,True
belief,2195,13,2536.6519333615643,True
belief,2195,2,2730.6519333615643,True
belief,2195,3,5399.628267366714,True
belief,2196,2,11.0,True
belief,2196,6,35.0,True
belief,2196,11,65.0,True
belief,2196,15,89.0,True
belief,2196,4,295.0,True
belief,2196,9,325.0,True
belief,2196,7,2692.9415277447133,True
belief,2196,1,2910.9415277447133,True
belief,2196,12,3374.550761232122,True
belief,2196,17,5220.550761232122,True
belief,2197,4,23.0,True
belief,2197,8,47.0,True
belief,2197,12,71.0,True
belief,2197,14,83.0,True
belief,2197,19,113.0,True
belief,2197,3,289.0,True
belief,2197,13,349.0,True
belief,2197,1,549.0,True
belief,2197,6,579.0,True
belief,2197,7,585.0,True
belief,2197,5,845.0,True
belief,2197,10,1535.9810732529515,True
belief,2197,16,2466.167283232068,True
belief,2197,15,2708.167283232068,True
belief,2197,18,5364.722413726249,True
belief,2198,1,5.0,True
belief,2198,2,11.0,True
belief,2198,3,17.0,True
belief,2198,9,53.0,True
belief,2198,18,107.0,True
belief,2198,19,113.0,True
belief,2198,14,355.0,True
belief,2198,5,580.421991212239,True
belief,2198,6,586.421991212239,True
belief,2198,7,863.3033323706981,True
belief,2198,13,893.3033323706981,True
belief,2198,15,1165.3033323706982,True
belief,2198,8,1389.3033323706982,True
belief,2198,16,2114.383066742346,True
belief,2198,17,8322.228586080993,True
belief,2199,12,71.0,True
belief,2199,17,101.0,True
belief,2199,6,307.0,True
belief,2199,19,385.0,True
belief,2199,5,875.4918639370931,True
belief,2199,9,899.4918639370931,True
belief,2199,14,929.4918639370931,True
belief,2199,7,1153.491863937093,True
belief,2199,16,1473.491863937093,True
belief,2199,1,1649.491863937093,True
belief,2199,3,1661.491863937093,True
belief,2199,4,4262.296221944433,True
belief,2199,11,6032.87665527085,True
belief,2199,2,7165.6972742253465,True
belief,2199,15,7843.249461632609,True
belief,2200,4,23.0,True
belief,2200,16,95.0,True
belief,2200,18,107.0,True
belief,2200,20,119.0,True
belief,2200,13,349.0,True
belief,2200,19,385.0,True
belief,2200,6,579.0,True
belief,2200,7,585.0,True
belief,2200,17,1411.1933729847426,True
belief,2200,2,3194.0492833226313,True
belief,2200,14,3490.0492833226313,True
belief,2200,12,5785.634696669867,True
belief,2201,4,23.0,True
belief,2201,9,53.0,True
belief,2201,16,95.0,True
belief,2201,1,277.0,True
belief,2201,8,972.0482191167481,True
belief,2201,18,1026.048219116748,True
belief,2201,5,1220.048219116748,True
belief,2201,6,1226.048219116748,True
belief,2201,15,1274.048219116748,True
belief,2201,19,1298.048219116748,True
belief,2201,12,1522.048219116748,True
belief,2201,7,2309.304243679345,True
belief,2201,10,2321.304243679345,True
belief,2201,20,2375.304243679345,True
belief,2201,2,4940.376573784837,True
belief,2201,14,6555.426810430357,True
belief,2202,12,71.0,True
belief,2202,17,101.0,True
belief,2202,18,107.0,True
belief,2202,19,113.0,True
belief,2202,20,391.0,True
belief,2202,9,621.2662843600609,True
belief,2202,14,651.2662843600609,True
belief,2202,16,663.2662843600609,True
belief,2202,5,6672.432348119899,True
belief,2202,3,7332.432348119899,True
belief,2203,3,17.0,True
belief,2203,7,41.0,True
belief,2203,1,277.0,True
belief,2203,9,325.0,True
belief,2203,15,361.0,True
belief,2203,6,584.0704147310214,True
belief,2203,13,620.0704147310214,True
belief,2203,16,638.0704147310214,True
belief,2203,20,928.0704147310214,True
belief,2203,10,1134.0704147310214,True
belief,2203,19,1720.0704147310214,True
belief,2203,2,4524.0440956140465,True
belief,2203,17,5778.034850986087,True
belief,2203,4,5942.034850986087,True
belief,2204,1,5.0,True
belief,2204,11,65.0,True
belief,2204,16,367.0,True
belief,2204,18,379.0,True
belief,2204,9,597.0,True
belief,2204,3,1105.0,True
belief,2204,8,1135.0,True
belief,2204,6,1395.0,True
belief,2204,20,2645.165717148091,True
belief,2204,7,4901.5851389448835,True
belief,2205,1,5.0,True
belief,2205,5,29.0,True
belief,2205,13,77.0,True
belief,2205,15,89.0,True
belief,2205,2,555.0,True
belief,2205,20,945.7404676510184,True
belief,2205,7,1215.8966512976963,True
belief,2205,14,2186.9566857722466,True
belief,2205,4,2729.0962235981688,True
belief,2205,11,3356.2276751359477,True
belief,2205,18,3380.2276751359477,True
belief,2205,9,3816.2276751359477,True
belief,2205,17,3846.2276751359477,True
belief,2205,6,7696.34244972183,True
belief,2206,4,23.0,True
belief,2206,13,77.0,True
belief,2206,16,95.0,True
belief,2206,19,113.0,True
belief,2206,20,119.0,True
belief,2206,8,591.0,True
belief,2206,5,888.1663270846287,True
belief,2206,15,1236.497297207475,True
belief,2206,17,2411.8686798665385,True
belief,2206,9,2611.8686798665385,True
belief,2206,14,2865.8686798665385,True
belief,2206,3,3053.8686798665385,True
belief,2206,10,3077.8686798665385,True
belief,2207,9,325.0,True
belief,2207,17,373.0,True
belief,2207,11,609.0,True
belief,2207,3,833.0,True
belief,2207,1,1093.0,True
belief,2207,6,1123.0,True
belief,2207,8,1135.0,True
belief,2207,5,1389.0,True
belief,2207,13,1437.0,True
belief,2207,16,1455.0,True
belief,2207,20,1479.0,True
belief,2207,19,2466.2349910559333,True
belief,2207,14,4662.581369872406,True
belief,2207,2,5304.692252815334,True
belief,2207,7,5322.692252815334,True
belief,2208,2,11.0,True
belief,2208,7,41.0,True
belief,2208,4,295.0,True
belief,2208,15,361.0,True
belief,2208,20,1421.349987248796,True
belief,2208,11,1887.349987248796,True
belief,2208,16,2177.349987248796,True
belief,2208,3,4678.636458077009,True
belief,2208,1,4920.636458077009,True
belief,2208,12,7938.141507219174,True
belief,2209,4,23.0,True
belief,2209,6,307.0,True
belief,2209,14,355.0,True
belief,2209,8,591.0,True
belief,2209,18,651.0,True
belief,2209,15,1177.0,True
belief,2209,17,2656.3148079172784,True
belief,2209,20,2674.3148079172784,True
belief,2209,5,6132.0310831281095,True
belief,2209,2,9577.86072876457,True
belief,2210,2,11.0,True
belief,2210,4,23.0,True
belief,2210,10,59.0,True
belief,2210,16,95.0,True
belief,2210,17,101.0,True
belief,2210,1,277.0,True
belief,2210,6,307.0,True
belief,2210,12,622.3099969956875,True
belief,2210,19,2256.3768686862913,True
belief,2210,14,2734.3768686862913,True
belief,2210,20,3378.1861279977384,True
belief,2210,3,3569.5159411708805,True
belief,2210,13,3617.5159411708805,True
belief,2210,9,3829.5159411708805,True
belief,2210,8,5106.193618781112,True
belief,2211,2,11.0,True
belief,2211,7,41.0,True
belief,2211,8,47.0,True
belief,2211,14,83.0,True
belief,2211,15,89.0,True
belief,2211,4,295.0,True
belief,2211,3,969.3360874747076,True
belief,2211,13,1029.3360874747077,True
belief,2211,16,1035.3360874747077,True
belief,2211,19,1694.831657680213,True
belief,2211,1,2343.3274496800127,True
belief,2211,6,3502.5571527515513,True
belief,2211,11,3922.2317121439537,True
belief,2211,12,4798.021827706419,True
belief,2212,11,65.0,True
belief,2212,14,83.0,True
belief,2212,1,277.0,True
belief,2212,3,289.0,True
belief,2212,20,391.0,True
belief,2212,9,1174.6304602802452,True
belief,2212,19,1525.9517530823161,True
belief,2212,5,1973.9517530823161,True
belief,2212,7,1985.9517530823161,True
belief,2212,17,2033.9517530823161,True
belief,2212,2,3239.3558359862136,True
belief,2212,12,3293.3558359862136,True
belief,2212,15,4826.094847946863,True
belief,2212,18,5552.150922638404,True
belief,2213,3,17.0,True
belief,2213,8,47.0,True
belief,2213,13,77.0,True
belief,2213,6,579.0,True
belief,2213,12,887.0,True
belief,2213,14,899.0,True
belief,2213,17,917.0,True
belief,2213,5,1117.0,True
belief,2213,18,1195.0,True
belief,2213,20,1207.0,True
belief,2213,2,1498.2851569925078,True
belief,2213,11,5003.890290422697,True
belief,2214,6,35.0,True
belief,2214,16,95.0,True
belief,2214,19,113.0,True
belief,2214,20,663.0,True
belief,2214,13,1019.9793942478491,True
belief,2214,2,1485.979394247849,True
belief,2214,5,1503.979394247849,True
belief,2214,7,1515.979394247849,True
belief,2214,17,1835.979394247849,True
belief,2214,12,2234.441377413759,True
belief,2214,15,4608.05983146429,True
belief,2214,4,7796.839956536135,True
belief,2215,2,283.0,True
belief,2215,18,379.0,True
belief,2215,15,633.0,True
belief,2215,8,996.0322179676982,True
belief,2215,17,1050.0322179676982,True
belief,2215,19,1056.0322179676982,True
belief,2215,7,1256.0322179676982,True
belief,2215,14,2362.032217967698,True
belief,2215,13,3947.0470753255786,True
belief,2215,20,3977.0470753255786,True
belief,2215,6,8127.4646543265935,True
belief,2216,9,53.0,True
belief,2216,12,71.0,True
belief,2216,13,77.0,True
belief,2216,4,295.0,True
belief,2216,5,301.0,True
belief,2216,17,373.0,True
belief,2216,18,379.0,True
belief,2216,6,579.0,True
belief,2216,14,899.0,True
belief,2216,19,929.0,True
belief,2216,16,3770.5671864597543,True
belief,2216,8,4200.567186459754,True
belief,2216,11,4218.567186459754,True
belief,2216,15,5297.217223357772,True
belief,2217,3,17.0,True
belief,2217,7,41.0,True
belief,2217,17,101.0,True
belief,2217,6,579.0,True
belief,2217,9,1063.4780932585481,True
belief,2217,16,1105.4780932585481,True
belief,2217,4,1293.4780932585481,True
belief,2217,14,2653.478093258548,True
belief,2217,15,4230.944151715916,True
belief,2217,12,5428.944151715916,True
belief,2217,19,5704.264958520861,True
belief,2218,12,71.0,True
belief,2218,15,89.0,True
belief,2218,13,349.0,True
belief,2218,19,385.0,True
belief,2218,18,923.0,True
belief,2218,20,1319.9090353679549,True
belief,2218,10,1531.9090353679549,True
belief,2218,9,1791.9090353679549,True
belief,2218,17,2365.909035367955,True
belief,2218,3,4111.588863034505,True
belief,2219,2,11.0,True
belief,2219,10,59.0,True
belief,2219,15,89.0,True
belief,2219,20,119.0,True
belief,2219,7,313.0,True
belief,2219,19,657.0,True
belief,2219,5,845.0,True
belief,2219,1,1377.22204523837,True
belief,2219,8,2214.98791706431,True
belief,2219,14,2250.98791706431,True
belief,2219,18,3115.2069935832005,True
belief,2219,6,3303.2069935832005,True
belief,2219,3,3898.0424805078105,True
belief,2219,13,5557.932099957109,True
belief,2219,12,6725.303742485009,True
belief,2220,8,47.0,True
belief,2220,13,77.0,True
belief,2220,17,101.0,True
belief,2220,7,313.0,True
belief,2220,2,555.0,True
belief,2220,4,567.0,True
belief,2220,6,579.0,True
belief,2220,20,935.0,True
belief,2220,9,1141.0,True
belief,2220,3,1649.0,True
belief,2220,11,1697.0,True
belief,2220,16,2609.6669919546707,True
belief,2220,5,3640.004723574829,True
belief,2220,15,3682.004723574829,True
belief,2221,1,5.0,True
belief,2221,12,71.0,True
belief,2221,20,119.0,True
belief,2221,2,283.0,True
belief,2221,3,289.0,True
belief,2221,19,656.2148876384872,True
belief,2221,7,850.2148876384872,True
belief,2221,9,1128.2148876384872,True
belief,2221,17,1442.2148876384872,True
belief,2221,6,1642.2148876384872,True
belief,2221,10,1666.2148876384872,True
belief,2221,18,1714.2148876384872,True
belief,2221,16,3151.8804976171928,True
belief,2221,8,4837.566342441262,True
belief,2221,15,5091.566342441262,True
belief,2222,3,17.0,True
belief,2222,9,53.0,True
belief,2222,20,119.0,True
belief,2222,1,277.0,True
belief,2222,14,355.0,True
belief,2222,5,987.3346233082798,True
belief,2222,2,1235.3346233082798,True
belief,2222,18,1579.3346233082798,True
belief,2222,7,3481.6898953955924,True
belief,2222,6,5110.226557146953,True
belief,2222,4,5570.226557146953,True
belief,2223,8,47.0,True
belief,2223,14,83.0,True
belief,2223,15,89.0,True
belief,2223,17,101.0,True
belief,2223,16,367.0,True
belief,2223,5,573.0,True
belief,2223,12,615.0,True
belief,2223,1,850.7581820256894,True
belief,2223,19,1218.7581820256894,True
belief,2223,7,3152.973935856311,True
belief,2223,13,3176.973935856311,True
belief,2223,11,3844.3654503000353,True
belief,2223,20,4403.816668416384,True
belief,2223,2,4561.816668416384,True
belief,2223,9,4585.816668416384,True
belief,2224,9,53.0,True
belief,2224,16,95.0,True
belief,2224,1,277.0,True
belief,2224,6,307.0,True
belief,2224,10,331.0,True
belief,2224,20,391.0,True
belief,2224,3,960.1366251091765,True
belief,2224,2,1214.1366251091765,True
belief,2224,4,1226.1366251091765,True
belief,2224,17,1298.1366251091765,True
belief,2224,13,3960.206144348076,True
belief,2224,12,4450.206144348076,True
belief,2224,7,6244.588308720212,True
belief,2224,11,7645.080702465584,True
belief,2224,8,8388.677524601926,True
belief,2225,6,307.0,True
belief,2225,9,325.0,True
belief,2225,14,627.0,True
belief,2225,5,1244.2208036716859,True
belief,2225,1,1486.2208036716859,True
belief,2225,2,1758.2208036716859,True
belief,2225,7,1788.2208036716859,True
belief,2225,13,2356.2208036716856,True
belief,2225,15,4719.427730257006,True
belief,2225,11,8828.414952938441,True
belief,2225,20,9746.681804599184,True
belief,2226,5,29.0,True
belief,2226,11,65.0,True
belief,2226,15,89.0,True
belief,2226,17,373.0,True
belief,2226,6,579.0,True
belief,2226,12,2509.1506033200276,True
belief,2226,7,2993.1506033200276,True
belief,2226,4,3235.1506033200276,True
belief,2226,9,3259.1506033200276,True
belief,2226,3,3598.854639949409,True
belief,2227,1,5.0,True
belief,2227,3,17.0,True
belief,2227,13,77.0,True
belief,2227,18,107.0,True
belief,2227,2,283.0,True
belief,2227,5,301.0,True
belief,2227,11,337.0,True
belief,2227,12,343.0,True
belief,2227,4,566.1265246537016,True
belief,2227,14,3086.4951183475064,True
belief,2227,20,3122.4951183475064,True
belief,2227,15,3559.3393153766515,True
belief,2227,19,3577.3393153766515,True
belief,2227,9,4546.991258128507,True
belief,2227,17,4582.991258128507,True
belief,2227,10,8074.049888224347,True
belief,2228,20,119.0,True
belief,2228,14,355.0,True
belief,2228,4,567.0,True
belief,2228,15,633.0,True
belief,2228,1,821.0,True
belief,2228,3,1105.0,True
belief,2228,8,1407.0,True
belief,2228,6,2072.0160199316165,True
belief,2228,12,2108.0160199316165,True
belief,2228,17,4995.298162526793,True
belief,2228,9,6082.389277211336,True
belief,2228,10,7604.380112332391,True
belief,2229,5,29.0,True
belief,2229,9,53.0,True
belief,2229,12,71.0,True
belief,2229,6,1123.0,True
belief,2229,17,1183.0,True
belief,2229,2,1365.0,True
belief,2229,11,1713.165631565295,True
belief,2229,8,1961.165631565295,True
belief,2229,14,3300.4934243183357,True
belief,2229,20,5210.074979674096,True
belief,2229,1,5368.074979674096,True
belief,2229,4,5380.074979674096,True
belief,2229,18,6142.074979674096,True
belief,2230,6,35.0,True
belief,2230,7,41.0,True
belief,2230,12,71.0,True
belief,2230,10,331.0,True
belief,2230,11,1237.5716909463845,True
belief,2230,15,2193.4991858029707,True
belief,2230,18,2465.4991858029707,True
belief,2230,19,2471.4991858029707,True
belief,2230,16,3466.598434678676,True
belief,2230,14,4071.1850054147967,True
belief,2230,13,7105.291325014008,True
belief,2231,2,11.0,True
belief,2231,5,29.0,True
belief,2231,11,65.0,True
belief,2231,1,277.0,True
belief,2231,4,567.0,True
belief,2231,8,591.0,True
belief,2231,13,621.0,True
belief,2231,17,645.0,True
belief,2231,7,1178.3460834311406,True
belief,2231,6,1438.3460834311406,True
belief,2231,19,1510.3460834311406,True
belief,2231,3,1952.3460834311406,True
belief,2231,9,4311.561044517243,True
belief,2231,12,4323.561044517243,True
belief,2231,15,4837.561044517243,True
belief,2231,16,5091.561044517243,True
belief,2232,12,71.0,True
belief,2232,14,83.0,True
belief,2232,15,89.0,True
belief,2232,19,113.0,True
belief,2232,8,319.0,True
belief,2232,20,391.0,True
belief,2232,2,1386.7357743149385,True
belief,2232,11,2160.1821809983153,True
belief,2232,17,2184.1821809983153,True
belief,2232,16,2426.1821809983153,True
belief,2232,6,2874.1821809983153,True
belief,2232,5,4980.767978435067,True
belief,2232,13,5488.767978435067,True
belief,2232,9,6012.7211588646205,True
belief,2232,7,6236.7211588646205,True
belief,2233,16,95.0,True
belief,2233,19,113.0,True
belief,2233,20,391.0,True
belief,2233,9,597.0,True
belief,2233,17,645.0,True
belief,2233,5,845.0,True
belief,2233,4,1111.0,True
belief,2233,10,1147.0,True
belief,2233,13,1437.0,True
belief,2233,3,1784.299212562689,True
belief,2233,18,1868.299212562689,True
belief,2233,15,3297.8655879298362,True
belief,2233,7,3766.8076768311216,True
belief,2233,8,8494.07815062092,True
belief,2234,4,23.0,True
belief,2234,5,29.0,True
belief,2234,18,107.0,True
belief,2234,7,313.0,True
belief,2234,17,373.0,True
belief,2234,15,915.9091549365426,True
belief,2234,1,1276.6575035200285,True
belief,2234,19,1372.6575035200285,True
belief,2234,2,1542.6575035200285,True
belief,2234,8,1572.6575035200285,True
belief,2234,9,1578.6575035200285,True
belief,2234,14,1608.6575035200285,True
belief,2234,10,3670.280894369125,True
belief,2234,13,3688.280894369125,True
belief,2234,6,4973.511060955449,True
belief,2234,3,7621.648725683897,True
belief,2235,1,5.0,True
belief,2235,14,83.0,True
belief,2235,5,301.0,True
belief,2235,11,337.0,True
belief,2235,19,385.0,True
belief,2235,6,579.0,True
belief,2235,9,869.0,True
belief,2235,15,1272.287072941007,True
belief,2235,10,2029.4281841501968,True
belief,2235,4,2259.428184150197,True
belief,2235,7,2791.428184150197,True
belief,2235,3,7672.212620459829,True
belief,2236,1,5.0,True
belief,2236,17,101.0,True
belief,2236,20,119.0,True
belief,2236,10,331.0,True
belief,2236,2,555.0,True
belief,2236,4,567.0,True
belief,2236,13,621.0,True
belief,2236,11,1161.2124800633887,True
belief,2236,19,1203.2124800633887,True
belief,2236,5,1391.2124800633887,True
belief,2236,6,1397.2124800633887,True
belief,2236,15,1717.2124800633887,True
belief,2236,8,2210.825155880317,True
belief,2236,12,2234.825155880317,True
belief,2237,3,17.0,True
belief,2237,11,65.0,True
belief,2237,15,89.0,True
belief,2237,4,567.0,True
belief,2237,14,899.0,True
belief,2237,7,1435.796134079669,True
belief,2237,8,1973.796134079669,True
belief,2237,9,2451.061967067236,True
belief,2237,19,4509.535497078963,True
belief,2237,12,4721.535497078963,True
belief,2238,5,29.0,True
belief,2238,6,35.0,True
belief,2238,14,83.0,True
belief,2238,16,95.0,True
belief,2238,4,295.0,True
belief,2238,15,950.1058533656023,True
belief,2238,18,968.1058533656023,True
belief,2238,7,1428.1058533656023,True
belief,2238,11,1452.1058533656023,True
belief,2238,9,1699.1650798640537,True
belief,2238,12,1717.1650798640537,True
belief,2238,8,3330.908099079772,True
belief,2238,13,4322.908099079772,True
belief,2238,17,5489.519195248807,True
belief,2238,2,6293.1335632664905,True
belief,2239,4,23.0,True
belief,2239,6,35.0,True
belief,2239,11,65.0,True
belief,2239,13,349.0,True
belief,2239,8,591.0,True
belief,2239,14,899.0,True
belief,2239,15,905.0,True
belief,2239,7,1401.0,True
belief,2239,2,2210.4315426111525,True
belief,2239,9,2246.4315426111525,True
belief,2239,17,2294.4315426111525,True
belief,2239,19,6817.844431940339,True
belief,2240,5,29.0,True
belief,2240,18,107.0,True
belief,2240,2,283.0,True
belief,2240,3,289.0,True
belief,2240,6,307.0,True
belief,2240,7,585.0,True
belief,2240,10,875.0,True
belief,2240,13,893.0,True
belief,2240,17,917.0,True
belief,2240,20,1315.0137753374377,True
belief,2240,19,1771.408684163438,True
belief,2240,1,1935.408684163438,True
belief,2240,14,6026.98975286758,True
belief,2240,15,6308.85768469221,True
belief,2240,12,6767.2703606954965,True
belief,2240,11,10631.415037763174,True
belief,2241,2,11.0,True
belief,2241,12,71.0,True
belief,2241,13,77.0,True
belief,2241,15,89.0,True
belief,2241,16,95.0,True
belief,2241,19,113.0,True
belief,2241,5,301.0,True
belief,2241,3,612.1212874695893,True
belief,2241,7,636.1212874695893,True
belief,2241,18,696.1212874695893,True
belief,2241,1,990.8241047004697,True
belief,2241,10,1564.8241047004697,True
belief,2241,17,4648.254135391818,True
belief,2241,20,6651.6271503122,True
belief,2242,2,11.0,True
belief,2242,7,41.0,True
belief,2242,14,83.0,True
belief,2242,13,349.0,True
belief,2242,19,385.0,True
belief,2242,8,591.0,True
belief,2242,10,875.0,True
belief,2242,16,911.0,True
belief,2242,17,917.0,True
belief,2242,11,1153.0,True
belief,2242,5,1389.0,True
belief,2242,15,1721.0,True
belief,2242,9,1957.0,True
belief,2242,1,6847.606919885234,True
belief,2243,3,17.0,True
belief,2243,5,29.0,True
belief,2243,6,35.0,True
belief,2243,14,83.0,True
belief,2243,15,89.0,True
belief,2243,2,283.0,True
belief,2243,12,615.0,True
belief,2243,8,3497.057398854712,True
belief,2243,13,3769.057398854712,True
belief,2243,20,3811.057398854712,True
belief,2243,11,4012.593165592363,True
belief,2243,19,4054.593165592363,True
belief,2243,17,7141.377161399445,True
belief,2244,5,29.0,True
belief,2244,6,35.0,True
belief,2244,14,83.0,True
belief,2244,15,89.0,True
belief,2244,20,119.0,True
belief,2244,2,283.0,True
belief,2244,11,337.0,True
belief,2244,19,659.7788906955748,True
belief,2244,18,919.7788906955748,True
belief,2244,1,1089.7788906955748,True
belief,2244,3,1367.7788906955748,True
belief,2244,9,5332.5423884567845,True
belief,2244,7,5839.126338844232,True
belief,2244,8,6425.341268018269,True
belief,2245,2,11.0,True
belief,2245,1,549.0,True
belief,2245,5,845.0,True
belief,2245,7,857.0,True
belief,2245,13,893.0,True
belief,2245,4,1578.7871263601412,True
belief,2245,16,1644.7871263601412,True
belief,2245,19,1662.7871263601412,True
belief,2245,12,2262.8401751639785,True
belief,2245,9,3523.7501668587365,True
belief,2245,14,4049.7501668587365,True
belief,2246,5,29.0,True
belief,2246,14,83.0,True
belief,2246,17,101.0,True
belief,2246,16,367.0,True
belief,2246,18,379.0,True
belief,2246,15,633.0,True
belief,2246,2,1037.1819833134987,True
belief,2246,10,1079.1819833134987,True
belief,2246,1,1290.3528071865412,True
belief,2246,20,1380.3528071865412,True
belief,2246,11,2067.241857858474,True
belief,2246,9,2297.241857858474,True
belief,2246,19,2569.241857858474,True
belief,2246,4,4640.3591646718505,True
belief,2246,3,7651.873618628497,True
belief,2247,13,77.0,True
belief,2247,16,95.0,True
belief,2247,18,107.0,True
belief,2247,20,119.0,True
belief,2247,12,615.0,True
belief,2247,10,875.0,True
belief,2247,7,1129.0,True
belief,2247,5,1415.0957838524064,True
belief,2247,8,1433.0957838524064,True
belief,2247,1,1657.0957838524064,True
belief,2247,3,1669.0957838524064,True
belief,2247,11,1717.0957838524064,True
belief,2247,4,2956.6754442233273,True
belief,2247,17,7895.917967612783,True
belief,2248,3,17.0,True
belief,2248,4,23.0,True
belief,2248,11,65.0,True
belief,2248,16,95.0,True
belief,2248,10,331.0,True
belief,2248,15,1351.0709344838992,True
belief,2248,9,1835.0709344838992,True
belief,2248,17,2131.0709344838992,True
belief,2248,18,2137.0709344838992,True
belief,2248,1,2570.1999857765973,True
belief,2248,6,2842.1999857765973,True
belief,2248,13,2884.1999857765973,True
belief,2249,5,29.0,True
belief,2249,8,47.0,True
belief,2249,10,59.0,True
belief,2249,16,95.0,True
belief,2249,17,101.0,True
belief,2249,1,277.0,True
belief,2249,19,966.8587100469575,True
belief,2249,12,1389.432373788867,True
belief,2249,3,1618.9761958612594,True
belief,2249,18,4123.697587948976,True
belief,2249,20,4546.817389124741,True
belief,2249,2,5606.51291976357,True
belief,2250,3,17.0,True
belief,2250,10,59.0,True
belief,2250,16,95.0,True
belief,2250,19,113.0,True
belief,2250,18,675.4195199309094,True
belief,2250,8,888.2164991208499,True
belief,2250,20,954.2164991208499,True
belief,2250,9,1154.21649912085,True
belief,2250,13,2048.272680896171,True
belief,2250,6,2780.3550813137504,True
belief,2250,17,2834.3550813137504,True
belief,2250,2,5263.510782153175,True
belief,2250,15,6717.905444514746,True
belief,2251,3,17.0,True
belief,2251,7,41.0,True
belief,2251,10,59.0,True
belief,2251,15,89.0,True
belief,2251,19,113.0,True
belief,2251,11,609.0,True
belief,2251,4,1111.0,True
belief,2251,13,5433.670137738827,True
belief,2251,20,7293.6398797454385,True
belief,2251,8,7475.6398797454385,True
belief,2252,11,65.0,True
belief,2252,14,83.0,True
belief,2252,4,567.0,True
belief,2252,7,585.0,True
belief,2252,10,603.0,True
belief,2252,15,633.0,True
belief,2252,6,1123.0,True
belief,2252,18,1195.0,True
belief,2252,2,2472.5328777596005,True
belief,2252,12,4833.799907328245,True
belief,2252,3,5493.799907328245,True
belief,2253,3,17.0,True
belief,2253,8,47.0,True
belief,2253,13,77.0,True
belief,2253,15,361.0,True
belief,2253,11,613.4123196895492,True
belief,2253,5,849.4123196895492,True
belief,2253,2,1097.4123196895493,True
belief,2253,1,1434.923595209546,True
belief,2253,12,1494.923595209546,True
belief,2253,20,2340.3188745222424,True
belief,2253,14,3542.483194483606,True
belief,2253,19,4050.483194483606,True
belief,2253,16,7425.656845192454,True
belief,2254,5,29.0,True
belief,2254,7,41.0,True
belief,2254,20,119.0,True
belief,2254,9,325.0,True
belief,2254,2,555.0,True
belief,2254,18,651.0,True
belief,2254,1,1632.0131723784095,True
belief,2254,17,2314.351765750375,True
belief,2254,3,2496.351765750375,True
belief,2254,11,4253.923707815945,True
belief,2254,8,4812.901617019092,True
belief,2255,1,5.0,True
belief,2255,9,53.0,True
belief,2255,13,77.0,True
belief,2255,19,113.0,True
belief,2255,20,391.0,True
belief,2255,7,590.8936319500631,True
belief,2255,12,1261.417963879277,True
belief,2255,11,1515.417963879277,True
belief,2255,15,1539.417963879277,True
belief,2255,16,1545.417963879277,True
belief,2255,18,1817.417963879277,True
belief,2255,2,1987.417963879277,True
belief,2255,6,2011.417963879277,True
belief,2255,3,2412.6449082683584,True
belief,2255,5,2424.6449082683584,True
belief,2256,19,113.0,True
belief,2256,6,307.0,True
belief,2256,15,361.0,True
belief,2256,8,591.0,True
belief,2256,20,2899.9556212086145,True
belief,2256,9,3099.9556212086145,True
belief,2256,18,3927.9556212086145,True
belief,2256,17,4429.9556212086145,True
belief,2256,3,7253.18988125893,True
belief,2256,1,7483.18988125893,True
belief,2257,4,295.0,True
belief,2257,17,373.0,True
belief,2257,8,591.0,True
belief,2257,18,651.0,True
belief,2257,7,857.0,True
belief,2257,1,1637.0,True
belief,2257,15,1721.0,True
belief,2257,5,1933.0,True
belief,2257,13,2265.701450093979,True
belief,2257,10,4443.990449284589,True
belief,2258,3,17.0,True
belief,2258,4,23.0,True
belief,2258,11,65.0,True
belief,2258,9,325.0,True
belief,2258,8,591.0,True
belief,2258,14,2439.1198935671923,True
belief,2258,17,2457.1198935671923,True
belief,2258,20,3237.1198935671923,True
belief,2258,16,5615.82316491526,True
belief,2258,10,6069.82316491526,True
belief,2259,10,59.0,True
belief,2259,13,77.0,True
belief,2259,7,585.0,True
belief,2259,17,645.0,True
belief,2259,20,2628.489674438244,True
belief,2259,4,2804.489674438244,True
belief,2259,19,3130.489674438244,True
belief,2259,9,3336.489674438244,True
belief,2259,12,3354.489674438244,True
belief,2259,6,3832.489674438244,True
belief,2260,14,83.0,True
belief,2260,17,101.0,True
belief,2260,18,107.0,True
belief,2260,19,113.0,True
belief,2260,13,911.0789554422017,True
belief,2260,3,1383.0789554422017,True
belief,2260,5,1395.0789554422017,True
belief,2260,9,1685.0789554422017,True
belief,2260,8,2364.2349254296605,True
belief,2260,2,4139.789412957959,True
belief,2260,7,4169.789412957959,True
belief,2260,11,5930.505817528816,True
belief,2261,5,29.0,True
belief,2261,17,101.0,True
belief,2261,18,107.0,True
belief,2261,4,567.0,True
belief,2261,13,1014.5207760935925,True
belief,2261,15,1026.5207760935925,True
belief,2261,16,1032.5207760935925,True
belief,2261,14,1552.5207760935925,True
belief,2261,7,2623.500089728199,True
belief,2261,3,2918.656605294251,True
belief,2261,9,2954.656605294251,True
belief,2261,2,4868.526264547309,True
belief,2262,4,23.0,True
belief,2262,15,361.0,True
belief,2262,18,379.0,True
belief,2262,9,869.0,True
belief,2262,20,935.0,True
belief,2262,19,1201.0,True
belief,2262,3,1453.1810595306845,True
belief,2262,10,1489.1810595306845,True
belief,2262,13,1507.1810595306845,True
belief,2262,17,2063.1810595306843,True
belief,2262,5,2455.9507277430275,True
belief,2262,8,4285.775561222658,True
belief,2262,16,4557.775561222658,True
belief,2262,1,4733.775561222658,True
belief,2262,6,6946.594389148634,True
belief,2262,7,6952.594389148634,True
belief,2263,9,53.0,True
belief,2263,2,283.0,True
belief,2263,6,307.0,True
belief,2263,5,573.0,True
belief,2263,10,603.0,True
belief,2263,18,923.0,True
belief,2263,3,1105.0,True
belief,2263,1,1365.0,True
belief,2263,8,3001.3615143494726,True
belief,2263,15,5722.937803857356,True
belief,2264,12,71.0,True
belief,2264,13,77.0,True
belief,2264,14,83.0,True
belief,2264,15,89.0,True
belief,2264,1,277.0,True
belief,2264,2,283.0,True
belief,2264,6,307.0,True
belief,2264,8,319.0,True
belief,2264,17,373.0,True
belief,2264,19,385.0,True
belief,2264,10,1220.8071420304236,True
belief,2264,18,1262.8071420304236,True
belief,2264,4,1450.8071420304236,True
belief,2264,11,1988.8071420304236,True
belief,2264,5,5969.7259591107595,True
belief,2264,7,5975.7259591107595,True
belief,2265,12,71.0,True
belief,2265,18,107.0,True
belief,2265,19,385.0,True
belief,2265,9,597.0,True
belief,2265,17,645.0,True
belief,2265,1,821.0,True
belief,2265,6,1503.0312847029497,True
belief,2265,14,1545.0312847029497,True
belief,2265,10,2059.03128470295,True
belief,2265,13,5044.844390086698,True
belief,2266,2,11.0,True
belief,2266,10,59.0,True
belief,2266,15,89.0,True
belief,2266,16,367.0,True
belief,2266,17,373.0,True
belief,2266,19,922.6363913701315,True
belief,2266,3,1098.6363913701316,True
belief,2266,18,1182.6363913701316,True
belief,2266,7,1440.0870821767649,True
belief,2266,11,1464.0870821767649,True
belief,2266,1,1664.0870821767649,True
belief,2266,4,1682.0870821767649,True
belief,2266,5,2763.9173023323174,True
belief,2266,8,2781.9173023323174,True
belief,2266,9,2787.9173023323174,True
belief,2266,13,3987.441937169748,True
belief,2267,10,59.0,True
belief,2267,5,301.0,True
belief,2267,7,313.0,True
belief,2267,9,325.0,True
belief,2267,3,1215.3370919852214,True
belief,2267,13,1269.3370919852214,True
belief,2267,20,1577.3370919852214,True
belief,2267,11,2055.3370919852214,True
belief,2267,1,2267.3370919852214,True
belief,2267,15,3096.531958347181,True
belief,2267,17,3108.531958347181,True
belief,2267,16,3864.531958347181,True
belief,2267,18,3876.531958347181,True
belief,2267,2,8825.761947545105,True
belief,2268,7,41.0,True
belief,2268,9,53.0,True
belief,2268,11,65.0,True
belief,2268,18,107.0,True
belief,2268,8,319.0,True
belief,2268,13,621.0,True
belief,2268,16,639.0,True
belief,2268,19,657.0,True
belief,2268,5,2710.821611596569,True
belief,2268,20,4886.9475813544805,True
belief,2268,17,6254.9475813544805,True
belief,2269,6,35.0,True
belief,2269,8,47.0,True
belief,2269,9,53.0,True
belief,2269,20,391.0,True
belief,2269,15,633.0,True
belief,2269,3,833.0,True
belief,2269,7,857.0,True
belief,2269,1,1093.0,True
belief,2269,4,1760.7791140817503,True
belief,2269,12,1802.7791140817503,True
belief,2269,17,1832.7791140817503,True
belief,2269,19,1844.7791140817503,True
belief,2269,18,3436.1816851709636,True
belief,2269,10,4812.350064373343,True
belief,2270,5,29.0,True
belief,2270,12,71.0,True
belief,2270,20,119.0,True
belief,2270,3,289.0,True
belief,2270,17,373.0,True
belief,2270,13,622.8398073269493,True
belief,2270,7,858.8398073269493,True
belief,2270,2,1463.588127852635,True
belief,2270,19,1807.588127852635,True
belief,2270,10,2985.383339434685,True
belief,2270,14,3003.383339434685,True
belief,2270,6,5699.023260703946,True
belief,2271,12,71.0,True
belief,2271,20,391.0,True
belief,2271,2,555.0,True
belief,2271,3,1105.0,True
belief,2271,10,1147.0,True
belief,2271,5,1383.0,True
belief,2271,9,1407.0,True
belief,2271,13,1425.0,True
belief,2271,18,2443.2288274465764,True
belief,2271,8,4299.962624834725,True
belief,2271,17,5157.3202684048165,True
belief,2271,11,7369.547055195901,True
belief,2271,14,7587.547055195901,True
belief,2272,11,65.0,True
belief,2272,16,95.0,True
belief,2272,9,325.0,True
belief,2272,15,961.775526734702,True
belief,2272,2,2571.8473581068047,True
belief,2272,14,2631.8473581068047,True
belief,2272,3,2825.8473581068047,True
belief,2272,18,3139.8473581068047,True
belief,2272,5,3333.8473581068047,True
belief,2272,6,4691.337930439373,True
belief,2272,8,4703.337930439373,True
belief,2272,19,8908.630572358847,True
belief,2273,3,17.0,True
belief,2273,4,23.0,True
belief,2273,6,35.0,True
belief,2273,8,47.0,True
belief,2273,14,83.0,True
belief,2273,18,107.0,True
belief,2273,19,113.0,True
belief,2273,2,283.0,True
belief,2273,5,301.0,True
belief,2273,16,367.0,True
belief,2273,1,629.5099776252409,True
belief,2273,10,1053.0087654725414,True
belief,2273,15,1083.0087654725414,True
belief,2273,9,1307.0087654725414,True
belief,2273,7,1555.0087654725414,True
belief,2273,11,1855.6335623461132,True
belief,2274,3,17.0,True
belief,2274,4,23.0,True
belief,2274,14,83.0,True
belief,2274,19,113.0,True
belief,2274,20,119.0,True
belief,2274,13,349.0,True
belief,2274,18,651.0,True
belief,2274,1,938.1588308828506,True
belief,2274,6,2332.9722510264496,True
belief,2274,7,2338.9722510264496,True
belief,2274,9,2350.9722510264496,True
belief,2274,10,2356.9722510264496,True
belief,2274,16,2988.0947868757744,True
belief,2274,17,3230.0947868757744,True
belief,2274,15,6584.91258347125,True
belief,2275,4,23.0,True
belief,2275,6,35.0,True
belief,2275,8,47.0,True
belief,2275,11,65.0,True
belief,2275,12,71.0,True
belief,2275,7,313.0,True
belief,2275,16,367.0,True
belief,2275,14,632.0018046838034,True
belief,2275,1,1086.0018046838034,True
belief,2275,20,1188.0018046838034,True
belief,2275,9,1440.3833119549956,True
belief,2275,5,1670.3833119549956,True
belief,2275,3,2645.8259005878217,True
belief,2275,17,3287.6963770352927,True
belief,2276,3,17.0,True
belief,2276,9,53.0,True
belief,2276,13,77.0,True
belief,2276,15,89.0,True
belief,2276,17,101.0,True
belief,2276,19,113.0,True
belief,2276,14,355.0,True
belief,2276,8,1451.1173786906625,True
belief,2276,5,1681.1173786906625,True
belief,2276,6,1687.1173786906625,True
belief,2276,7,2441.03187306168,True
belief,2276,18,3263.563097290765,True
belief,2276,4,3669.563097290765,True
belief,2277,1,5.0,True
belief,2277,14,83.0,True
belief,2277,2,283.0,True
belief,2277,3,289.0,True
belief,2277,9,325.0,True
belief,2277,10,603.0,True
belief,2277,12,1594.2978384516841,True
belief,2277,19,1630.2978384516841,True
belief,2277,11,1842.2978384516841,True
belief,2277,17,4580.421486552644,True
belief,2277,16,7066.271766917992,True
belief,2277,4,7242.271766917992,True
belief,2278,3,17.0,True
belief,2278,10,59.0,True
belief,2278,19,113.0,True
belief,2278,12,615.0,True
belief,2278,17,645.0,True
belief,2278,1,1376.5632732455704,True
belief,2278,8,2174.5632732455706,True
belief,2278,5,2410.5632732455706,True
belief,2278,9,2434.5632732455706,True
belief,2278,2,4890.563273245571,True
belief,2278,6,7332.992685445729,True
belief,2279,6,35.0,True
belief,2279,7,41.0,True
belief,2279,13,77.0,True
belief,2279,18,107.0,True
belief,2279,5,301.0,True
belief,2279,8,319.0,True
belief,2279,14,355.0,True
belief,2279,2,827.0,True
belief,2279,19,929.0,True
belief,2279,10,1147.0,True
belief,2279,20,2414.1806518063277,True
belief,2279,16,3656.1131640387493,True
belief,2279,17,4572.170110867247,True
belief,2280,1,5.0,True
belief,2280,3,17.0,True
belief,2280,20,391.0,True
belief,2280,10,603.0,True
belief,2280,16,911.0,True
belief,2280,17,917.0,True
belief,2280,2,1099.0,True
belief,2280,14,1171.0,True
belief,2280,7,1524.6399211868165,True
belief,2280,12,1554.6399211868165,True
belief,2280,6,2050.6399211868165,True
belief,2280,13,2483.2656334699077,True
belief,2280,4,4759.248020581686,True
belief,2280,9,4777.248020581686,True
belief,2280,5,5455.248020581686,True
belief,2280,8,6862.699999948293,True
belief,2281,1,5.0,True
belief,2281,19,113.0,True
belief,2281,3,289.0,True
belief,2281,18,651.0,True
belief,2281,4,1581.5246529138462,True
belief,2281,8,4070.4371965322916,True
belief,2281,16,4118.437196532292,True
belief,2281,7,4910.398132934206,True
belief,2281,20,4976.398132934206,True
belief,2281,17,5206.398132934206,True
belief,2281,2,6355.14312759794,True
belief,2281,9,6809.14312759794,True
belief,2282,1,5.0,True
belief,2282,4,23.0,True
belief,2282,12,71.0,True
belief,2282,2,283.0,True
belief,2282,5,301.0,True
belief,2282,14,355.0,True
belief,2282,19,1743.8999688803015,True
belief,2282,3,2079.8177418312284,True
belief,2282,7,2103.8177418312284,True
belief,2282,13,2133.8177418312284,True
belief,2282,16,4340.971820416287,True
belief,2283,9,53.0,True
belief,2283,15,89.0,True
belief,2283,20,119.0,True
belief,2283,19,385.0,True
belief,2283,11,609.0,True
belief,2283,13,1275.7489197222385,True
belief,2283,4,2872.7149327605166,True
belief,2283,12,5033.241994889839,True
belief,2283,10,7255.51599660171,True
belief,2283,8,8082.268589751846,True
belief,2284,4,23.0,True
belief,2284,15,89.0,True
belief,2284,18,107.0,True
belief,2284,19,113.0,True
belief,2284,1,277.0,True
belief,2284,2,283.0,True
belief,2284,10,603.0,True
belief,2284,11,609.0,True
belief,2284,16,923.2019937500704,True
belief,2284,7,1135.2019937500704,True
belief,2284,12,1165.2019937500704,True
belief,2284,14,1177.2019937500704,True
belief,2285,5,29.0,True
belief,2285,10,59.0,True
belief,2285,12,71.0,True
belief,2285,14,83.0,True
belief,2285,15,89.0,True
belief,2285,16,95.0,True
belief,2285,17,373.0,True
belief,2285,4,1111.0,True
belief,2285,13,1165.0,True
belief,2285,20,1207.0,True
belief,2285,2,2349.213353720742,True
belief,2285,3,2620.539855751739,True
belief,2285,6,3317.005536678064,True
belief,2285,9,3695.9197386080027,True
belief,2285,11,4024.251388698046,True
belief,2286,2,11.0,True
belief,2286,11,65.0,True
belief,2286,16,367.0,True
belief,2286,12,615.0,True
belief,2286,7,1289.0134357974384,True
belief,2286,19,1349.0134357974384,True
belief,2286,5,1537.0134357974384,True
belief,2286,17,1597.0134357974384,True
belief,2286,8,2595.0134357974384,True
belief,2286,14,2625.0134357974384,True
belief,2286,1,2822.500179870053,True
belief,2286,13,3155.4805718207635,True
belief,2286,18,3663.4805718207635,True
belief,2287,6,35.0,True
belief,2287,8,47.0,True
belief,2287,11,65.0,True
belief,2287,4,295.0,True
belief,2287,14,355.0,True
belief,2287,15,361.0,True
belief,2287,9,597.0,True
belief,2287,17,645.0,True
belief,2287,16,905.0,True
belief,2287,5,1111.0,True
belief,2287,12,1147.0,True
belief,2287,18,1880.8550167591884,True
belief,2287,7,2392.9264408312,True
belief,2287,1,4231.276531837271,True
belief,2287,19,4291.276531837271,True
belief,2288,6,35.0,True
belief,2288,11,65.0,True
belief,2288,20,119.0,True
belief,2288,1,277.0,True
belief,2288,2,283.0,True
belief,2288,19,385.0,True
belief,2288,3,953.25695432928,True
belief,2288,8,983.25695432928,True
belief,2288,13,1007.25695432928,True
belief,2288,17,1031.25695432928,True
belief,2288,10,1261.25695432928,True
belief,2288,18,1303.25695432928,True
belief,2288,12,1663.0567441391404,True
belief,2288,5,7059.567871869748,True
belief,2289,1,5.0,True
belief,2289,11,65.0,True
belief,2289,13,77.0,True
belief,2289,16,95.0,True
belief,2289,20,119.0,True
belief,2289,6,307.0,True
belief,2289,3,561.0,True
belief,2289,9,597.0,True
belief,2289,12,2122.3614072712394,True
belief,2289,17,2152.3614072712394,True
belief,2289,7,3635.0159635232644,True
belief,2289,14,6086.723894919628,True
belief,2289,2,6474.723894919628,True
belief,2289,8,6492.723894919628,True
belief,2289,15,7463.867443308329,True
belief,2290,4,23.0,True
belief,2290,5,29.0,True
belief,2290,7,41.0,True
belief,2290,8,47.0,True
belief,2290,19,113.0,True
belief,2290,6,307.0,True
belief,2290,9,325.0,True
belief,2290,20,1298.0692925077806,True
belief,2290,1,2828.3569920472182,True
belief,2290,17,2894.3569920472182,True
belief,2290,3,3818.9620193981627,True
belief,2290,16,3866.9620193981627,True
belief,2290,11,4454.371492006632,True
belief,2290,2,5071.843784177887,True
belief,2290,18,6856.947906216639,True
belief,2291,2,11.0,True
belief,2291,4,23.0,True
belief,2291,5,29.0,True
belief,2291,8,47.0,True
belief,2291,16,95.0,True
belief,2291,6,307.0,True
belief,2291,12,343.0,True
belief,2291,13,349.0,True
belief,2291,14,355.0,True
belief,2291,11,609.0,True
belief,2291,15,633.0,True
belief,2291,3,987.9722446084551,True
belief,2291,19,1331.9722446084552,True
belief,2291,7,1708.3311521186697,True
belief,2291,1,4302.2695622268375,True
belief,2291,10,6625.0036678075485,True
belief,2292,9,53.0,True
belief,2292,17,101.0,True
belief,2292,19,113.0,True
belief,2292,7,313.0,True
belief,2292,15,361.0,True
belief,2292,6,579.0,True
belief,2292,1,821.0,True
belief,2292,4,839.0,True
belief,2292,13,1279.01458874365,True
belief,2292,3,2283.637274145026,True
belief,2292,20,3480.5746397894213,True
belief,2292,5,5337.213898434462,True
belief,2293,6,35.0,True
belief,2293,13,77.0,True
belief,2293,14,83.0,True
belief,2293,15,89.0,True
belief,2293,16,95.0,True
belief,2293,18,107.0,True
belief,2293,2,826.6457731545961,True
belief,2293,12,886.6457731545961,True
belief,2293,3,1110.2961102129157,True
belief,2293,19,1194.2961102129157,True
belief,2293,7,2215.1305694831462,True
belief,2293,10,2475.1305694831462,True
belief,2293,20,5951.772778973783,True
belief,2293,11,6593.772778973783,True
belief,2294,6,35.0,True
belief,2294,10,59.0,True
belief,2294,13,77.0,True
belief,2294,17,101.0,True
belief,2294,18,107.0,True
belief,2294,19,113.0,True
belief,2294,14,355.0,True
belief,2294,16,367.0,True
belief,2294,20,935.0,True
belief,2294,4,1537.0256591932934,True
belief,2294,1,1793.3706794542654,True
belief,2294,7,3138.8199172262794,True
belief,2294,11,4022.355800123153,True
belief,2294,8,4877.406484383864,True
belief,2294,12,5481.703799276586,True
belief,2294,15,5699.703799276586,True
belief,2295,5,29.0,True
belief,2295,13,77.0,True
belief,2295,14,83.0,True
belief,2295,15,89.0,True
belief,2295,16,367.0,True
belief,2295,3,569.4327619387957,True
belief,2295,12,1272.2587694752847,True
belief,2295,2,1992.2587694752847,True
belief,2295,4,2395.791405764613,True
belief,2295,11,2685.791405764613,True
belief,2295,18,6066.78173776556,True
belief,2295,20,6768.78173776556,True
belief,2296,9,53.0,True
belief,2296,11,65.0,True
belief,2296,13,77.0,True
belief,2296,15,89.0,True
belief,2296,18,107.0,True
belief,2296,19,113.0,True
belief,2296,14,627.0,True
belief,2296,16,639.0,True
belief,2296,1,840.9638260282987,True
belief,2296,5,864.9638260282987,True
belief,2296,17,930.9638260282987,True
belief,2296,8,1142.9638260282986,True
belief,2296,7,1507.1679759919934,True
belief,2297,6,35.0,True
belief,2297,12,71.0,True
belief,2297,20,119.0,True
belief,2297,9,597.0,True
belief,2297,10,603.0,True
belief,2297,14,627.0,True
belief,2297,1,1093.0,True
belief,2297,8,1135.0,True
belief,2297,13,1431.0,True
belief,2297,15,1709.0,True
belief,2297,18,3973.724727418081,True
belief,2297,5,4397.724727418081,True
belief,2297,4,5678.597462254919,True
belief,2298,6,35.0,True
belief,2298,12,71.0,True
belief,2298,20,119.0,True
belief,2298,4,840.7216001547757,True
belief,2298,5,846.7216001547757,True
belief,2298,14,1160.7216001547758,True
belief,2298,16,1172.7216001547758,True
belief,2298,3,1366.7216001547758,True
belief,2298,8,1942.4105329031954,True
belief,2298,9,1948.4105329031954,True
belief,2298,7,3321.9605398182694,True
belief,2298,2,6478.495865509509,True
belief,2298,10,6490.495865509509,True
belief,2298,19,8756.299073627482,True
belief,2299,10,59.0,True
belief,2299,15,89.0,True
belief,2299,4,295.0,True
belief,2299,18,379.0,True
belief,2299,2,1099.0,True
belief,2299,7,1129.0,True
belief,2299,20,1207.0,True
belief,2299,5,1940.6411443614886,True
belief,2299,6,1946.6411443614886,True
belief,2299,1,3158.70168156911,True
belief,2299,8,3194.70168156911,True
belief,2300,11,65.0,True
belief,2300,4,295.0,True
belief,2300,5,1117.0,True
belief,2300,7,1129.0,True
belief,2300,9,1141.0,True
belief,2300,2,1371.0,True
belief,2300,13,2011.5750426122634,True
belief,2300,14,4065.997131349311,True
belief,2300,17,5013.536833989385,True
belief,2300,3,5201.536833989385,True
belief,2300,10,5859.589458436941,True
belief,2300,15,6349.589458436941,True
belief,2300,18,7050.852159742577,True
belief,2301,14,83.0,True
belief,2301,2,283.0,True
belief,2301,16,367.0,True
belief,2301,1,549.0,True
belief,2301,18,651.0,True
belief,2301,15,1177.0,True
belief,2301,9,1673.0,True
belief,2301,11,1685.0,True
belief,2301,7,2459.0,True
belief,2301,8,2731.0,True
belief,2301,12,3021.0,True
belief,2301,19,5750.69432067137,True
belief,2302,17,101.0,True
belief,2302,1,277.0,True
belief,2302,9,597.0,True
belief,2302,13,621.0,True
belief,2302,18,651.0,True
belief,2302,20,1207.0,True
belief,2302,2,1653.4527796521,True
belief,2302,14,3376.5636633457684,True
belief,2302,19,3630.5636633457684,True
belief,2302,8,4060.5636633457684,True
belief,2302,11,4072.5636633457684,True
belief,2302,6,4284.563663345769,True
belief,2302,12,4550.563663345769,True
belief,2302,4,4744.563663345769,True
belief,2302,10,5010.563663345769,True
belief,2302,3,5204.563663345769,True
belief,2303,4,23.0,True
belief,2303,10,59.0,True
belief,2303,13,77.0,True
belief,2303,18,107.0,True
belief,2303,3,289.0,True
belief,2303,9,597.0,True
belief,2303,16,911.0,True
belief,2303,15,1450.191582370043,True
belief,2303,2,2186.8650233698827,True
belief,2303,11,3042.24773237261,True
belief,2304,7,41.0,True
belief,2304,10,59.0,True
belief,2304,4,295.0,True
belief,2304,16,367.0,True
belief,2304,8,591.0,True
belief,2304,6,851.0,True
belief,2304,2,1577.4559476350441,True
belief,2304,15,2216.7310051580566,True
belief,2304,11,2446.7310051580566,True
belief,2304,17,3023.6903887278254,True
belief,2304,5,3878.166968753281,True
belief,2304,13,3902.166968753281,True
belief,2304,18,4398.166968753281,True
belief,2304,19,6980.905913226592,True
belief,2305,10,59.0,True
belief,2305,11,65.0,True
belief,2305,15,89.0,True
belief,2305,13,349.0,True
belief,2305,18,379.0,True
belief,2305,5,961.6775506905874,True
belief,2305,17,1356.0681393197146,True
belief,2305,2,3248.0241744653204,True
belief,2305,3,3254.0241744653204,True
belief,2305,9,3290.0241744653204,True
belief,2305,19,3332.0241744653204,True
belief,2306,4,23.0,True
belief,2306,7,41.0,True
belief,2306,11,65.0,True
belief,2306,16,367.0,True
belief,2306,3,1064.0581841270223,True
belief,2306,2,1312.0581841270223,True
belief,2306,13,1620.0581841270223,True
belief,2306,10,1862.0581841270223,True
belief,2306,9,2364.0581841270223,True
belief,2306,19,3291.778519290105,True
belief,2306,8,4843.333554353892,True
belief,2306,14,5339.333554353892,True
belief,2306,5,5681.284892807758,True
belief,2307,12,71.0,True
belief,2307,13,77.0,True
belief,2307,20,119.0,True
belief,2307,11,337.0,True
belief,2307,18,651.0,True
belief,2307,6,1156.8416298247012,True
belief,2307,9,1174.8416298247012,True
belief,2307,10,1180.8416298247012,True
belief,2307,16,1482.8416298247012,True
belief,2307,7,1694.8416298247012,True
belief,2307,15,2008.8416298247012,True
belief,2307,14,3674.840234967145,True
belief,2308,2,11.0,True
belief,2308,3,17.0,True
belief,2308,17,101.0,True
belief,2308,4,295.0,True
belief,2308,5,573.0,True
belief,2308,11,609.0,True
belief,2308,16,1019.9277361692232,True
belief,2308,12,1884.1653047601196,True
belief,2308,7,3558.1197674165287,True
belief,2308,15,5081.373376693681,True
belief,2308,6,5493.373376693681,True
belief,2308,10,6171.373376693681,True
belief,2308,19,6945.563880860524,True
belief,2309,4,23.0,True
belief,2309,5,29.0,True
belief,2309,6,35.0,True
belief,2309,13,77.0,True
belief,2309,14,83.0,True
belief,2309,15,89.0,True
belief,2309,10,331.0,True
belief,2309,12,343.0,True
belief,2309,7,602.8319492051944,True
belief,2309,20,1199.9268650573254,True
belief,2309,9,1399.9268650573254,True
belief,2309,19,2061.956983334717,True
belief,2309,17,5009.522984565356,True
belief,2309,3,6504.276031312384,True
belief,2309,18,6722.276031312384,True
belief,2310,9,325.0,True
belief,2310,13,1165.0,True
belief,2310,20,1479.0,True
belief,2310,10,1691.0,True
belief,2310,14,1715.0,True
belief,2310,19,1745.0,True
belief,2310,18,2338.317153942517,True
belief,2310,6,3298.349440744719,True
belief,2310,1,4236.349440744719,True
belief,2310,4,4738.349440744719,True
belief,2310,17,7648.665618172963,True
belief,2310,3,8042.665618172963,True
belief,2311,11,65.0,True
belief,2311,15,89.0,True
belief,2311,14,355.0,True
belief,2311,3,561.0,True
belief,2311,6,1123.0,True
belief,2311,10,1419.0,True
belief,2311,17,1733.0,True
belief,2311,2,3862.452911762937,True
belief,2311,18,3952.452911762937,True
belief,2311,13,4875.913531560314,True
belief,2311,1,5069.913531560314,True
belief,2312,5,29.0,True
belief,2312,9,53.0,True
belief,2312,12,71.0,True
belief,2312,15,89.0,True
belief,2312,16,95.0,True
belief,2312,1,277.0,True
belief,2312,8,319.0,True
belief,2312,6,988.6223021668097,True
belief,2312,7,1654.5706956680337,True
belief,2312,17,2116.672484739418,True
belief,2312,11,2675.2983313635414,True
belief,2312,4,4275.810951814827,True
belief,2312,18,4541.810951814827,True
belief,2312,19,4547.810951814827,True
belief,2312,3,6143.243634655834,True
belief,2313,7,41.0,True
belief,2313,10,59.0,True
belief,2313,12,71.0,True
belief,2313,17,101.0,True
belief,2313,18,107.0,True
belief,2313,20,119.0,True
belief,2313,2,283.0,True
belief,2313,11,1934.4148103741759,True
belief,2313,15,3940.8621656098453,True
belief,2313,19,4194.862165609846,True
belief,2313,4,4370.862165609846,True
belief,2313,14,4418.862165609846,True
belief,2313,16,4430.862165609846,True
belief,2313,3,4848.862165609846,True
belief,2313,8,6058.102967604014,True
belief,2313,13,7782.162842062599,True
belief,2314,7,41.0,True
belief,2314,13,77.0,True
belief,2314,15,89.0,True
belief,2314,16,95.0,True
belief,2314,11,337.0,True
belief,2314,20,928.065386966306,True
belief,2314,2,1092.065386966306,True
belief,2314,10,1134.065386966306,True
belief,2314,19,1454.065386966306,True
belief,2314,1,3592.1108040613303,True
belief,2314,9,5786.504895968839,True
belief,2315,8,47.0,True
belief,2315,16,95.0,True
belief,2315,18,107.0,True
belief,2315,19,113.0,True
belief,2315,14,355.0,True
belief,2315,4,567.0,True
belief,2315,7,1319.2792465150037,True
belief,2315,1,1543.2792465150037,True
belief,2315,17,1633.2792465150037,True
belief,2315,15,1875.2792465150037,True
belief,2315,20,3224.676239114294,True
belief,2315,3,3388.676239114294,True
belief,2315,10,5576.564344497909,True
belief,2315,2,5764.564344497909,True
belief,2315,9,8988.760318600898,True
belief,2316,4,23.0,True
belief,2316,6,35.0,True
belief,2316,8,47.0,True
belief,2316,13,77.0,True
belief,2316,20,119.0,True
belief,2316,3,289.0,True
belief,2316,2,555.0,True
belief,2316,1,821.0,True
belief,2316,10,875.0,True
belief,2316,17,917.0,True
belief,2316,15,1250.7114064302812,True
belief,2316,9,1884.210723117747,True
belief,2316,7,2796.5373087265993,True
belief,2316,19,6170.947830613005,True
belief,2316,5,6552.947830613005,True
belief,2317,5,29.0,True
belief,2317,17,101.0,True
belief,2317,16,367.0,True
belief,2317,19,385.0,True
belief,2317,4,574.393971937613,True
belief,2317,6,580.393971937613,True
belief,2317,11,610.393971937613,True
belief,2317,3,957.7315311430119,True
belief,2317,18,1041.731531143012,True
belief,2317,8,1501.731531143012,True
belief,2317,12,1525.731531143012,True
belief,2317,14,1537.731531143012,True
belief,2317,9,4106.171939860554,True
belief,2318,3,17.0,True
belief,2318,12,343.0,True
belief,2318,14,355.0,True
belief,2318,2,555.0,True
belief,2318,4,839.0,True
belief,2318,15,905.0,True
belief,2318,10,2374.055304654098,True
belief,2318,19,2422.055304654098,True
belief,2318,13,2894.055304654098,True
belief,2318,11,4860.062603263123,True
belief,2319,6,35.0,True
belief,2319,20,119.0,True
belief,2319,4,295.0,True
belief,2319,9,325.0,True
belief,2319,2,1371.0,True
belief,2319,1,2067.654863146685,True
belief,2319,14,4285.268964022384,True
belief,2319,13,5354.970897640885,True
belief,2319,16,6050.970897640885,True
belief,2319,10,6922.970897640885,True
belief,2320,2,11.0,True
belief,2320,6,35.0,True
belief,2320,3,289.0,True
belief,2320,7,313.0,True
belief,2320,1,821.0,True
belief,2320,15,1291.6054101203047,True
belief,2320,9,2147.052817689308,True
belief,2320,18,2201.052817689308,True
belief,2320,12,3698.825302391719,True
belief,2320,14,6517.860471865752,True
belief,2320,4,7034.2469224769175,True
belief,2320,20,7094.2469224769175,True
belief,2320,10,9290.128869866128,True
belief,2321,1,5.0,True
belief,2321,4,23.0,True
belief,2321,17,373.0,True
belief,2321,13,626.9020048024386,True
belief,2321,3,1370.9020048024386,True
belief,2321,9,1400.9020048024386,True
belief,2321,7,1925.433226544009,True
belief,2321,16,1979.433226544009,True
belief,2321,15,3765.963834348618,True
belief,2321,2,4443.963834348619,True
belief,2321,6,4703.963834348619,True
belief,2321,10,6432.748339455184,True
belief,2322,1,5.0,True
belief,2322,7,41.0,True
belief,2322,10,59.0,True
belief,2322,16,95.0,True
belief,2322,19,113.0,True
belief,2322,18,379.0,True
belief,2322,6,578.5906797326754,True
belief,2322,15,1008.8924583963342,True
belief,2322,5,1214.8924583963342,True
belief,2322,12,1614.601263671693,True
belief,2322,4,3520.027799751309,True
belief,2322,11,3792.027799751309,True
belief,2322,20,4203.572286063706,True
belief,2322,14,5871.774730900222,True
belief,2322,3,6935.40173659302,True
belief,2323,2,11.0,True
belief,2323,10,59.0,True
belief,2323,13,77.0,True
belief,2323,16,95.0,True
belief,2323,17,101.0,True
belief,2323,6,307.0,True
belief,2323,1,549.0,True
belief,2323,12,615.0,True
belief,2323,19,657.0,True
belief,2323,4,1383.0,True
belief,2323,15,1449.0,True
belief,2323,20,1751.0,True
belief,2323,8,4434.650629584856,True
belief,2323,11,5487.935616088481,True
belief,2323,5,6088.483723088414,True
belief,2324,11,65.0,True
belief,2324,2,283.0,True
belief,2324,8,319.0,True
belief,2324,14,355.0,True
belief,2324,16,367.0,True
belief,2324,18,379.0,True
belief,2324,20,391.0,True
belief,2324,10,1264.153973005425,True
belief,2324,5,1494.153973005425,True
belief,2324,4,2188.5421235314075,True
belief,2324,9,2218.5421235314075,True
belief,2324,13,4931.37772131107,True
belief,2324,15,4943.37772131107,True
belief,2324,7,6923.215675633389,True
belief,2325,1,5.0,True
belief,2325,5,29.0,True
belief,2325,13,77.0,True
belief,2325,20,119.0,True
belief,2325,15,361.0,True
belief,2325,7,667.7674661701949,True
belief,2325,18,733.7674661701949,True
belief,2325,3,970.2550339337151,True
belief,2325,4,976.2550339337151,True
belief,2325,8,2490.9984764023106,True
belief,2325,9,6460.285968183216,True
belief,2325,14,6484.285968183216,True
belief,2325,2,6890.285968183216,True
belief,2325,19,7398.285968183216,True
belief,2326,2,11.0,True
belief,2326,8,47.0,True
belief,2326,6,307.0,True
belief,2326,10,331.0,True
belief,2326,20,1745.701714144785,True
belief,2326,5,1921.701714144785,True
belief,2326,14,1975.701714144785,True
belief,2326,15,1981.701714144785,True
belief,2326,17,5298.099316456839,True
belief,2326,4,6201.983426848118,True
belief,2326,13,6243.983426848118,True
belief,2326,18,7119.486389452847,True
belief,2326,16,10602.638267189399,True
belief,2327,5,29.0,True
belief,2327,11,65.0,True
belief,2327,16,95.0,True
belief,2327,9,325.0,True
belief,2327,18,379.0,True
belief,2327,6,1395.0,True
belief,2327,3,1649.0,True
belief,2327,20,2320.350455566032,True
belief,2327,4,2490.350455566032,True
belief,2327,12,4037.232079415689,True
belief,2327,2,5181.232079415689,True
belief,2328,7,41.0,True
belief,2328,8,47.0,True
belief,2328,9,53.0,True
belief,2328,11,65.0,True
belief,2328,13,77.0,True
belief,2328,10,331.0,True
belief,2328,19,385.0,True
belief,2328,2,1104.2319542887594,True
belief,2328,16,1182.2319542887594,True
belief,2328,6,1846.1312113219972,True
belief,2328,18,7230.998888524501,True
belief,2329,8,47.0,True
belief,2329,14,83.0,True
belief,2329,3,289.0,True
belief,2329,9,325.0,True
belief,2329,4,567.0,True
belief,2329,12,1159.0,True
belief,2329,16,1183.0,True
belief,2329,2,1371.0,True
belief,2329,5,1389.0,True
belief,2329,6,1395.0,True
belief,2329,7,2877.7822895769887,True
belief,2329,18,4225.4933076921025,True
belief,2329,1,5558.537233987931,True
belief,2329,13,6670.839822097103,True
belief,2330,11,65.0,True
belief,2330,14,83.0,True
belief,2330,2,283.0,True
belief,2330,15,657.9873238597253,True
belief,2330,4,863.9873238597253,True
belief,2330,3,1117.9873238597252,True
belief,2330,6,1135.9873238597252,True
belief,2330,9,1413.9873238597252,True
belief,2330,8,1927.9873238597252,True
belief,2330,20,2507.987323859725,True
belief,2330,5,2975.3898984142606,True
belief,2330,1,5327.564578660109,True
belief,2331,4,23.0,True
belief,2331,18,107.0,True
belief,2331,13,349.0,True
belief,2331,7,585.0,True
belief,2331,11,609.0,True
belief,2331,19,1201.0,True
belief,2331,15,1449.0,True
belief,2331,9,1685.0,True
belief,2331,17,2655.0354236268463,True
belief,2331,6,2855.0354236268463,True
belief,2331,1,5305.932254161257,True
belief,2331,8,6797.380622010082,True
belief,2332,5,29.0,True
belief,2332,9,53.0,True
belief,2332,10,59.0,True
belief,2332,19,113.0,True
belief,2332,13,349.0,True
belief,2332,15,361.0,True
belief,2332,6,3042.9983759421507,True
belief,2332,4,3278.9983759421507,True
belief,2332,14,3700.585968924036,True
belief,2332,7,3918.585968924036,True
belief,2332,18,6697.765917758767,True
belief,2333,4,23.0,True
belief,2333,5,29.0,True
belief,2333,6,35.0,True
belief,2333,16,95.0,True
belief,2333,8,319.0,True
belief,2333,9,325.0,True
belief,2333,18,651.0,True
belief,2333,10,2878.792374354944,True
belief,2333,20,3657.625002465872,True
belief,2333,2,4765.625002465872,True
belief,2334,1,5.0,True
belief,2334,3,17.0,True
belief,2334,12,71.0,True
belief,2334,14,83.0,True
belief,2334,11,337.0,True
belief,2334,17,373.0,True
belief,2334,4,961.7427266063023,True
belief,2334,8,1534.5979452676468,True
belief,2334,7,1776.5979452676468,True
belief,2334,9,1788.5979452676468,True
belief,2334,19,2387.3027675320113,True
belief,2334,15,2891.4919115444472,True
belief,2334,13,3357.4919115444472,True
belief,2334,10,5697.407347111516,True
belief,2335,3,17.0,True
belief,2335,8,47.0,True
belief,2335,10,59.0,True
belief,2335,14,83.0,True
belief,2335,19,113.0,True
belief,2335,11,337.0,True
belief,2335,18,379.0,True
belief,2335,4,583.7742327408841,True
belief,2335,6,1165.0699803214454,True
belief,2335,12,2294.269124031939,True
belief,2335,15,2306.269124031939,True
belief,2335,1,2854.524723593572,True
belief,2335,2,3993.202953505424,True
belief,2335,9,6952.948418189755,True
belief,2336,14,83.0,True
belief,2336,18,107.0,True
belief,2336,13,913.3792773395126,True
belief,2336,17,931.3792773395126,True
belief,2336,3,1119.3792773395126,True
belief,2336,8,2916.2300036878282,True
belief,2336,15,4915.077843485897,True
belief,2336,1,5339.077843485897,True
belief,2336,11,6238.469232913411,True
belief,2336,12,6244.469232913411,True
belief,2336,5,8135.400061845501,True
belief,2336,10,8159.400061845501,True
belief,2336,19,8443.133945109355,True
belief,2337,14,83.0,True
belief,2337,20,119.0,True
belief,2337,2,283.0,True
belief,2337,6,307.0,True
belief,2337,19,385.0,True
belief,2337,12,615.0,True
belief,2337,3,833.0,True
belief,2337,9,869.0,True
belief,2337,10,1147.0,True
belief,2337,13,1165.0,True
belief,2337,17,1189.0,True
belief,2337,8,1407.0,True
belief,2337,5,2203.9365565957905,True
belief,2337,16,3715.2727255109744,True
belief,2338,2,11.0,True
belief,2338,12,71.0,True
belief,2338,13,77.0,True
belief,2338,17,101.0,True
belief,2338,18,107.0,True
belief,2338,19,113.0,True
belief,2338,20,119.0,True
belief,2338,4,295.0,True
belief,2338,5,301.0,True
belief,2338,10,331.0,True
belief,2338,14,1437.9504959550684,True
belief,2338,16,3233.466715777553,True
belief,2338,9,3905.466715777553,True
belief,2338,11,5319.37377559439,True
belief,2339,2,11.0,True
belief,2339,3,17.0,True
belief,2339,4,23.0,True
belief,2339,13,77.0,True
belief,2339,14,83.0,True
belief,2339,17,101.0,True
belief,2339,16,367.0,True
belief,2339,18,379.0,True
belief,2339,9,997.2451046070507,True
belief,2339,15,1750.7024162235075,True
belief,2339,11,2136.0462221475077,True
belief,2339,12,2142.0462221475077,True
belief,2339,6,2354.0462221475077,True
belief,2339,7,2360.0462221475077,True
belief,2339,10,2774.6146532152084,True
belief,2340,9,53.0,True
belief,2340,15,89.0,True
belief,2340,5,301.0,True
belief,2340,12,1176.8525543698624,True
belief,2340,4,1400.8525543698624,True
belief,2340,10,1430.8525543698624,True
belief,2340,11,1436.8525543698624,True
belief,2340,16,1466.8525543698624,True
belief,2340,13,2531.7174581329796,True
belief,2340,19,5714.322950111378,True
belief,2340,6,5896.322950111378,True
belief,2341,18,107.0,True
belief,2341,3,289.0,True
belief,2341,6,307.0,True
belief,2341,9,325.0,True
belief,2341,13,349.0,True
belief,2341,16,925.5544592734047,True
belief,2341,2,1291.0444490094014,True
belief,2341,12,2131.0444490094014,True
belief,2341,14,2391.0444490094014,True
belief,2341,19,2669.0444490094014,True
belief,2341,15,3940.198744649599,True
belief,2341,4,4774.706326476415,True
belief,2341,8,4792.706326476415,True
belief,2341,7,7816.795416947801,True
belief,2341,11,8264.7954169478,True
belief,2341,17,8276.7954169478,True
belief,2342,9,53.0,True
belief,2342,13,77.0,True
belief,2342,15,89.0,True
belief,2342,19,113.0,True
belief,2342,20,119.0,True
belief,2342,4,295.0,True
belief,2342,5,850.7384059955772,True
belief,2342,17,916.7384059955772,True
belief,2342,10,1406.738405995577,True
belief,2342,2,1636.6399433163213,True
belief,2342,1,2182.4462406649964,True
belief,2342,6,2460.4462406649964,True
belief,2342,7,2466.4462406649964,True
belief,2342,14,3627.7024879819523,True
belief,2343,2,11.0,True
belief,2343,4,23.0,True
belief,2343,10,59.0,True
belief,2343,13,77.0,True
belief,2343,15,89.0,True
belief,2343,16,95.0,True
belief,2343,5,301.0,True
belief,2343,20,663.0,True
belief,2343,18,1655.96869625999,True
belief,2343,6,4346.374652726355,True
belief,2343,8,4358.374652726355,True
belief,2343,17,6637.978785430949,True
belief,2343,11,7055.978785430949,True
belief,2343,19,7775.148949631127,True
belief,2344,4,23.0,True
belief,2344,9,53.0,True
belief,2344,11,65.0,True
belief,2344,15,89.0,True
belief,2344,16,95.0,True
belief,2344,10,331.0,True
belief,2344,6,1877.0172272968375,True
belief,2344,12,1907.0172272968375,True
belief,2344,3,2903.476672046159,True
belief,2344,5,2915.476672046159,True
belief,2344,13,3442.637563197904,True
belief,2344,2,4968.799379430327,True
belief,2344,1,8140.999648230219,True
belief,2345,4,23.0,True
belief,2345,16,95.0,True
belief,2345,6,307.0,True
belief,2345,14,355.0,True
belief,2345,8,591.0,True
belief,2345,20,935.0206980934527,True
belief,2345,7,1389.0206980934527,True
belief,2345,2,1631.0206980934527,True
belief,2345,10,1673.0206980934527,True
belief,2345,5,1909.0206980934527,True
belief,2345,3,2169.0206980934527,True
belief,2345,12,2483.0206980934527,True
belief,2345,18,4174.832355116228,True
belief,2345,11,4647.796526887654,True
belief,2345,17,7006.207200988841,True
belief,2346,3,17.0,True
belief,2346,12,71.0,True
belief,2346,15,89.0,True
belief,2346,16,95.0,True
belief,2346,19,113.0,True
belief,2346,5,857.9848273111764,True
belief,2346,6,863.9848273111764,True
belief,2346,4,1632.6102667070925,True
belief,2346,9,1656.6102667070925,True
belief,2346,13,1932.0953618823658,True
belief,2346,17,1944.0953618823658,True
belief,2346,18,2192.095361882366,True
belief,2346,2,2775.2018125331874,True
belief,2347,1,5.0,True
belief,2347,11,65.0,True
belief,2347,16,95.0,True
belief,2347,8,1442.4801049865578,True
belief,2347,9,1708.4801049865578,True
belief,2347,2,1926.4801049865578,True
belief,2347,17,3794.7811798845223,True
belief,2347,20,4850.186289276549,True
belief,2347,6,5032.186289276549,True
belief,2347,14,5068.186289276549,True
belief,2347,10,5298.186289276549,True
belief,2348,4,23.0,True
belief,2348,6,35.0,True
belief,2348,9,53.0,True
belief,2348,13,77.0,True
belief,2348,18,107.0,True
belief,2348,8,601.735795458679,True
belief,2348,1,1987.886624726624,True
belief,2348,16,2319.886624726624,True
belief,2348,17,2325.886624726624,True
belief,2348,5,4718.192477020339,True
belief,2348,11,6345.070480885203,True
belief,2349,5,29.0,True
belief,2349,9,53.0,True
belief,2349,10,59.0,True
belief,2349,11,65.0,True
belief,2349,12,71.0,True
belief,2349,20,119.0,True
belief,2349,1,277.0,True
belief,2349,4,295.0,True
belief,2349,13,349.0,True
belief,2349,14,355.0,True
belief,2349,17,373.0,True
belief,2349,3,2369.374104254242,True
belief,2349,7,2387.374104254242,True
belief,2349,16,2417.374104254242,True
belief,2349,18,6837.240534523944,True
belief,2350,2,11.0,True
belief,2350,4,23.0,True
belief,2350,5,29.0,True
belief,2350,6,35.0,True
belief,2350,18,107.0,True
belief,2350,8,319.0,True
belief,2350,19,385.0,True
belief,2350,1,554.0674081554303,True
belief,2350,16,638.0674081554303,True
belief,2350,14,1315.3287389748932,True
belief,2350,20,1345.3287389748932,True
belief,2350,7,1533.3287389748932,True
belief,2350,17,4161.391342389039,True
belief,2350,11,6217.480222342958,True
belief,2351,8,47.0,True
belief,2351,10,59.0,True
belief,2351,14,83.0,True
belief,2351,15,89.0,True
belief,2351,2,567.6342160102422,True
belief,2351,1,827.6342160102422,True
belief,2351,13,899.6342160102422,True
belief,2351,16,1177.6342160102422,True
belief,2351,17,1183.6342160102422,True
belief,2351,12,1893.4120021057593,True
belief,2351,9,2248.3256536103063,True
belief,2351,3,2866.7934889327234,True
belief,2351,7,7351.766263855765,True
belief,2352,2,11.0,True
belief,2352,4,23.0,True
belief,2352,18,107.0,True
belief,2352,1,277.0,True
belief,2352,10,331.0,True
belief,2352,20,391.0,True
belief,2352,5,573.0,True
belief,2352,16,911.0,True
belief,2352,3,1105.0,True
belief,2352,17,1189.0,True
belief,2352,11,1425.0,True
belief,2352,8,4080.454210171155,True
belief,2352,6,5767.832823196837,True
belief,2353,3,17.0,True
belief,2353,5,29.0,True
belief,2353,14,83.0,True
belief,2353,20,119.0,True
belief,2353,8,319.0,True
belief,2353,11,637.6561462903449,True
belief,2353,13,915.6561462903449,True
belief,2353,17,939.6561462903449,True
belief,2353,6,1139.6561462903449,True
belief,2353,12,1175.6561462903449,True
belief,2353,2,1387.6561462903449,True
belief,2353,9,1423.6561462903449,True
belief,2353,19,2482.699186491073,True
belief,2353,7,4363.874479078475,True
belief,2354,3,17.0,True
belief,2354,12,71.0,True
belief,2354,17,101.0,True
belief,2354,19,113.0,True
belief,2354,10,331.0,True
belief,2354,13,349.0,True
belief,2354,18,379.0,True
belief,2354,9,597.0,True
belief,2354,8,1020.1466728056517,True
belief,2354,11,1292.1466728056516,True
belief,2354,7,2307.14667280842,True
belief,2354,6,2646.7549462864376,True
belief,2354,20,3399.601757686246,True
belief,2355,1,5.0,True
belief,2355,9,53.0,True
belief,2355,8,1241.726107288417,True
belief,2355,7,1495.726107288417,True
belief,2355,18,1555.726107288417,True
belief,2355,4,2159.531640587242,True
belief,2355,10,2437.531640587242,True
belief,2355,11,3840.767161247337,True
belief,2355,3,5792.511118056435,True
belief,2355,19,6094.511118056435,True
belief,2355,2,7046.171391721638,True
belief,2355,14,7324.171391721638,True
belief,2356,3,17.0,True
belief,2356,9,53.0,True
belief,2356,12,71.0,True
belief,2356,19,113.0,True
belief,2356,20,119.0,True
belief,2356,8,319.0,True
belief,2356,15,361.0,True
belief,2356,16,367.0,True
belief,2356,4,1238.1475802734424,True
belief,2356,5,2568.3248469209107,True
belief,2356,14,2616.3248469209107,True
belief,2356,7,2828.3248469209107,True
belief,2356,13,2858.3248469209107,True
belief,2356,10,3094.3248469209107,True
belief,2356,18,6748.490720884437,True
belief,2356,2,8251.237936234353,True
belief,2357,3,17.0,True
belief,2357,9,53.0,True
belief,2357,13,77.0,True
belief,2357,16,95.0,True
belief,2357,4,295.0,True
belief,2357,5,301.0,True
belief,2357,6,307.0,True
belief,2357,17,373.0,True
belief,2357,19,651.0,True
belief,2357,18,910.0671335307608,True
belief,2357,20,2352.131787596551,True
belief,2357,1,2779.5664117493993,True
belief,2357,12,2815.5664117493993,True
belief,2357,14,3688.4828725737307,True
belief,2357,7,6075.136457059627,True
belief,2357,11,6664.531598886187,True
belief,2358,1,5.0,True
belief,2358,5,29.0,True
belief,2358,16,95.0,True
belief,2358,3,289.0,True
belief,2358,4,295.0,True
belief,2358,12,343.0,True
belief,2358,9,597.0,True
belief,2358,17,1461.0,True
belief,2358,8,1679.0,True
belief,2358,7,2459.487381114088,True
belief,2358,6,2743.440677116459,True
belief,2358,15,3371.8807734465695,True
belief,2358,19,3625.8807734465695,True
belief,2358,18,4327.88077344657,True
belief,2358,14,7993.182954526322,True
belief,2359,3,17.0,True
belief,2359,7,41.0,True
belief,2359,9,53.0,True
belief,2359,17,101.0,True
belief,2359,4,295.0,True
belief,2359,14,355.0,True
belief,2359,16,367.0,True
belief,2359,13,915.9267735676403,True
belief,2359,1,1765.3777558722193,True
belief,2359,12,2073.3777558722195,True
belief,2359,18,3877.1326724314217,True
belief,2359,8,4077.1326724314217,True
belief,2359,2,5349.055827624954,True
belief,2359,10,7805.26884910618,True
belief,2360,6,35.0,True
belief,2360,9,53.0,True
belief,2360,11,65.0,True
belief,2360,14,83.0,True
belief,2360,17,373.0,True
belief,2360,1,879.2983410699253,True
belief,2360,7,1175.2983410699253,True
belief,2360,5,1423.2983410699253,True
belief,2360,2,1665.2983410699253,True
belief,2360,10,1707.2983410699253,True
belief,2360,3,1931.2983410699253,True
belief,2360,16,2803.0927101126545,True
belief,2360,15,5950.774551216311,True
belief,2361,1,5.0,True
belief,2361,2,11.0,True
belief,2361,6,35.0,True
belief,2361,7,41.0,True
belief,2361,9,53.0,True
belief,2361,15,89.0,True
belief,2361,18,107.0,True
belief,2361,20,119.0,True
belief,2361,3,289.0,True
belief,2361,4,295.0,True
belief,2361,10,331.0,True
belief,2361,5,1175.9204876798926,True
belief,2361,8,1181.9204876798926,True
belief,2361,17,1235.9204876798926,True
belief,2361,14,3184.494611964953,True
belief,2361,19,4284.059649287181,True
belief,2362,1,5.0,True
belief,2362,3,17.0,True
belief,2362,5,29.0,True
belief,2362,6,35.0,True
belief,2362,12,71.0,True
belief,2362,17,101.0,True
belief,2362,4,295.0,True
belief,2362,13,761.4619036631811,True
belief,2362,16,1045.4619036631811,True
belief,2362,2,2799.8645401654917,True
belief,2362,18,2871.8645401654917,True
belief,2362,9,3077.8645401654917,True
belief,2362,8,3319.8645401654917,True
belief,2362,19,3615.8645401654917,True
belief,2362,20,3857.8645401654917,True
belief,2363,3,17.0,True
belief,2363,4,23.0,True
belief,2363,20,119.0,True
belief,2363,14,355.0,True
belief,2363,6,579.0,True
belief,2363,11,609.0,True
belief,2363,10,875.0,True
belief,2363,1,1093.0,True
belief,2363,12,1159.0,True
belief,2363,13,1621.4282401407759,True
belief,2363,8,1857.4282401407759,True
belief,2363,16,1905.4282401407759,True
belief,2363,15,2324.853879481843,True
belief,2363,18,5481.094107439127,True
belief,2364,13,77.0,True
belief,2364,16,95.0,True
belief,2364,1,277.0,True
belief,2364,19,385.0,True
belief,2364,17,917.0,True
belief,2364,14,1547.8530903161134,True
belief,2364,6,2031.8530903161134,True
belief,2364,9,2377.231596282162,True
belief,2364,12,3152.8249068186187,True
belief,2364,8,3884.6160460118235,True
belief,2364,10,6239.061288663484,True
belief,2364,2,9414.05252320566,True
belief,2365,2,11.0,True
belief,2365,3,17.0,True
belief,2365,5,29.0,True
belief,2365,18,107.0,True
belief,2365,20,119.0,True
belief,2365,10,331.0,True
belief,2365,14,355.0,True
belief,2365,15,361.0,True
belief,2365,4,566.4703117438414,True
belief,2365,13,620.4703117438414,True
belief,2365,11,1138.5564843608574,True
belief,2365,6,1766.6623374075984,True
belief,2365,17,1832.6623374075984,True
belief,2365,8,4105.248675089791,True
belief,2366,9,53.0,True
belief,2366,13,621.0,True
belief,2366,1,1916.7207993418172,True
belief,2366,2,2188.720799341817,True
belief,2366,6,2478.720799341817,True
belief,2366,4,2732.720799341817,True
belief,2366,8,2756.720799341817,True
belief,2366,15,2792.720799341817,True
belief,2366,20,3794.2822282419556,True
belief,2366,14,5959.0916650038425,True
belief,2366,3,6147.0916650038425,True
belief,2366,17,8400.570812334976,True
belief,2367,20,119.0,True
belief,2367,8,319.0,True
belief,2367,14,355.0,True
belief,2367,16,367.0,True
belief,2367,18,379.0,True
belief,2367,3,968.6271372223687,True
belief,2367,10,1010.6271372223687,True
belief,2367,9,1270.6271372223687,True
belief,2367,17,1312.6271372223687,True
belief,2367,13,1560.6271372223687,True
belief,2367,4,3945.550472230445,True
belief,2367,6,4763.45965594243,True
belief,2367,5,7232.177148133573,True
belief,2368,4,23.0,True
belief,2368,12,71.0,True
belief,2368,20,119.0,True
belief,2368,9,325.0,True
belief,2368,10,331.0,True
belief,2368,15,361.0,True
belief,2368,14,899.0,True
belief,2368,11,1153.0,True
belief,2368,1,1951.6128120427325,True
belief,2368,8,3229.8146471153073,True
belief,2368,17,4685.214527273569,True
belief,2368,3,6585.618834367367,True
belief,2369,4,23.0,True
belief,2369,5,29.0,True
belief,2369,12,71.0,True
belief,2369,19,113.0,True
belief,2369,1,277.0,True
belief,2369,6,573.7202183822066,True
belief,2369,7,579.7202183822066,True
belief,2369,11,603.7202183822066,True
belief,2369,3,827.7202183822066,True
belief,2369,13,1616.0169845728883,True
belief,2369,14,3682.1349297099177,True
belief,2369,8,3888.1349297099177,True
belief,2369,17,3930.1349297099177,True
belief,2370,4,23.0,True
belief,2370,16,95.0,True
belief,2370,3,289.0,True
belief,2370,17,373.0,True
belief,2370,1,1284.1537714724295,True
belief,2370,15,1362.1537714724295,True
belief,2370,20,1386.1537714724295,True
belief,2370,8,2100.1537714724295,True
belief,2370,5,2602.1537714724295,True
belief,2370,11,2638.1537714724295,True
belief,2370,14,5469.8729966994615,True
belief,2370,12,5699.8729966994615,True
belief,2370,19,7055.624981253842,True
belief,2371,1,5.0,True
belief,2371,7,41.0,True
belief,2371,9,53.0,True
belief,2371,15,89.0,True
belief,2371,17,101.0,True
belief,2371,6,307.0,True
belief,2371,11,337.0,True
belief,2371,12,343.0,True
belief,2371,13,944.3447925685033,True
belief,2371,3,1410.3447925685032,True
belief,2371,18,2151.6783088837137,True
belief,2371,20,2163.6783088837137,True
belief,2371,10,3998.940200090508,True
belief,2371,4,5283.865540275946,True
belief,2372,2,11.0,True
belief,2372,3,17.0,True
belief,2372,4,23.0,True
belief,2372,5,29.0,True
belief,2372,6,35.0,True
belief,2372,20,119.0,True
belief,2372,14,355.0,True
belief,2372,16,852.7100180423525,True
belief,2372,8,1064.7100180423527,True
belief,2372,7,1836.8550465002897,True
belief,2372,10,2788.171564808769,True
belief,2372,18,5408.181219853031,True
belief,2372,13,6026.181219853031,True
belief,2372,17,7312.018722479127,True
belief,2373,3,17.0,True
belief,2373,16,95.0,True
belief,2373,9,325.0,True
belief,2373,11,609.0,True
belief,2373,14,1443.0,True
belief,2373,10,1691.0,True
belief,2373,19,2011.0,True
belief,2373,6,3077.7815516291007,True
belief,2373,7,3944.914859524693,True
belief,2373,12,4458.914859524693,True
belief,2373,20,4500.914859524693,True
belief,2373,13,4960.914859524693,True
belief,2373,18,6436.024435082029,True
belief,2374,1,5.0,True
belief,2374,13,77.0,True
belief,2374,11,609.0,True
belief,2374,16,639.0,True
belief,2374,9,869.0,True
belief,2374,15,905.0,True
belief,2374,4,1111.0,True
belief,2374,7,1401.0,True
belief,2374,10,1419.0,True
belief,2374,6,1667.0,True
belief,2374,20,2555.0,True
belief,2374,12,2773.0,True
belief,2375,5,29.0,True
belief,2375,7,41.0,True
belief,2375,10,59.0,True
belief,2375,18,107.0,True
belief,2375,6,850.5446413943573,True
belief,2375,14,898.5446413943573,True
belief,2375,17,1182.5446413943573,True
belief,2375,1,1624.5446413943573,True
belief,2375,20,3049.715406782987,True
belief,2375,4,3358.332460864355,True
belief,2375,12,3642.332460864355,True
belief,2375,13,7146.360730422299,True
belief,2376,3,17.0,True
belief,2376,9,53.0,True
belief,2376,10,59.0,True
belief,2376,14,83.0,True
belief,2376,7,313.0,True
belief,2376,15,361.0,True
belief,2376,6,579.0,True
belief,2376,8,591.0,True
belief,2376,12,615.0,True
belief,2376,16,639.0,True
belief,2376,2,827.0,True
belief,2376,11,881.0,True
belief,2376,13,2918.8484627325765,True
belief,2376,17,3439.8310065019105,True
belief,2376,5,7783.578780451511,True
belief,2377,3,17.0,True
belief,2377,5,29.0,True
belief,2377,9,53.0,True
belief,2377,12,71.0,True
belief,2377,1,277.0,True
belief,2377,17,373.0,True
belief,2377,2,555.0,True
belief,2377,11,3254.659249259114,True
belief,2377,18,3284.659249259114,True
belief,2377,20,3532.659249259114,True
belief,2377,6,4874.321500555937,True
belief,2377,4,5098.321500555937,True
belief,2377,8,5116.321500555937,True
belief,2378,3,17.0,True
belief,2378,9,53.0,True
belief,2378,10,59.0,True
belief,2378,14,83.0,True
belief,2378,15,89.0,True
belief,2378,20,119.0,True
belief,2378,16,367.0,True
belief,2378,2,867.8042934284933,True
belief,2378,18,957.8042934284933,True
belief,2378,5,1151.8042934284933,True
belief,2378,13,1193.8042934284933,True
belief,2378,19,1695.241636622944,True
belief,2378,4,2432.184682865131,True
belief,2378,8,3543.0545993548844,True
belief,2378,12,5950.998408428288,True
belief,2378,11,9016.660498517154,True
belief,2379,9,53.0,True
belief,2379,3,289.0,True
belief,2379,8,319.0,True
belief,2379,13,349.0,True
belief,2379,15,361.0,True
belief,2379,6,579.0,True
belief,2379,1,1427.538226785959,True
belief,2379,7,1457.538226785959,True
belief,2379,11,1747.538226785959,True
belief,2379,17,1783.538226785959,True
belief,2379,14,4834.1474320998595,True
belief,2380,8,47.0,True
belief,2380,12,343.0,True
belief,2380,16,367.0,True
belief,2380,19,385.0,True
belief,2380,1,549.0,True
belief,2380,9,597.0,True
belief,2380,10,603.0,True
belief,2380,6,851.0,True
belief,2380,3,1105.0,True
belief,2380,18,1195.0,True
belief,2380,13,1437.0,True
belief,2380,7,4411.813103411547,True
belief,2380,11,5195.5614759396985,True
belief,2381,1,5.0,True
belief,2381,4,295.0,True
belief,2381,16,367.0,True
belief,2381,2,555.0,True
belief,2381,3,841.3373178085127,True
belief,2381,14,1306.042863486957,True
belief,2381,15,1312.042863486957,True
belief,2381,17,2441.151653935791,True
belief,2381,20,2955.151653935791,True
belief,2381,6,5550.314338726159,True
belief,2381,12,7271.924387970954,True
belief,2382,5,29.0,True
belief,2382,9,53.0,True
belief,2382,10,59.0,True
belief,2382,14,355.0,True
belief,2382,20,391.0,True
belief,2382,17,645.0,True
belief,2382,2,827.0,True
belief,2382,6,851.0,True
belief,2382,12,1159.0,True
belief,2382,8,1407.0,True
belief,2382,13,1437.0,True
belief,2382,7,7856.699600091741,True
belief,2382,15,8560.21546825006,True
belief,2383,4,23.0,True
belief,2383,8,47.0,True
belief,2383,9,53.0,True
belief,2383,11,65.0,True
belief,2383,20,119.0,True
belief,2383,15,361.0,True
belief,2383,18,651.0,True
belief,2383,12,1030.495000613515,True
belief,2383,1,2326.8651840264724,True
belief,2383,5,2344.8651840264724,True
belief,2383,14,2386.8651840264724,True
belief,2383,19,3596.8651840264724,True
belief,2383,6,4425.548598165615,True
belief,2384,3,289.0,True
belief,2384,4,295.0,True
belief,2384,18,379.0,True
belief,2384,16,1720.56187892694,True
belief,2384,14,1974.56187892694,True
belief,2384,5,3186.835052316798,True
belief,2384,7,3198.835052316798,True
belief,2384,10,3470.835052316798,True
belief,2384,11,3476.835052316798,True
belief,2384,19,3772.835052316798,True
belief,2384,2,4855.365484476738,True
belief,2384,1,5333.365484476738,True
belief,2384,9,6451.436730187156,True
belief,2385,3,17.0,True
belief,2385,6,35.0,True
belief,2385,14,83.0,True
belief,2385,16,95.0,True
belief,2385,20,119.0,True
belief,2385,9,325.0,True
belief,2385,10,331.0,True
belief,2385,15,361.0,True
belief,2385,18,379.0,True
belief,2385,1,1457.841229441999,True
belief,2385,11,1505.841229441999,True
belief,2385,5,1729.841229441999,True
belief,2385,17,1789.841229441999,True
belief,2385,4,2225.841229441999,True
belief,2385,19,2297.841229441999,True
belief,2386,9,53.0,True
belief,2386,11,65.0,True
belief,2386,13,77.0,True
belief,2386,14,83.0,True
belief,2386,15,89.0,True
belief,2386,16,95.0,True
belief,2386,2,283.0,True
belief,2386,19,657.0,True
belief,2386,4,1633.814756581644,True
belief,2386,7,2288.0895455320665,True
belief,2386,6,2960.1291108867104,True
belief,2386,8,2972.1291108867104,True
belief,2386,1,3357.699299011924,True
belief,2386,18,8341.352198726669,True
belief,2387,8,47.0,True
belief,2387,13,77.0,True
belief,2387,15,89.0,True
belief,2387,4,295.0,True
belief,2387,7,585.0,True
belief,2387,3,833.0,True
belief,2387,6,1395.0,True
belief,2387,2,1946.3132306121745,True
belief,2387,5,1958.3132306121745,True
belief,2387,9,5283.020635557586,True
belief,2388,8,47.0,True
belief,2388,11,65.0,True
belief,2388,12,71.0,True
belief,2388,1,549.0,True
belief,2388,19,1514.708106927305,True
belief,2388,7,1714.708106927305,True
belief,2388,9,2413.565862011208,True
belief,2388,16,2443.565862011208,True
belief,2388,15,2955.8943081081843,True
belief,2388,13,3669.8943081081843,True
belief,2388,17,5418.763583967349,True
belief,2389,1,5.0,True
belief,2389,4,23.0,True
belief,2389,5,29.0,True
belief,2389,7,41.0,True
belief,2389,9,53.0,True
belief,2389,10,59.0,True
belief,2389,17,373.0,True
belief,2389,2,570.5391470548645,True
belief,2389,15,914.5391470548645,True
belief,2389,13,1168.5391470548645,True
belief,2389,8,1804.7610845706959,True
belief,2389,6,3033.6711800248795,True
belief,2389,14,5610.643976434601,True
belief,2389,16,5822.643976434601,True
belief,2389,11,6936.975053512906,True
belief,2389,12,6942.975053512906,True
belief,2390,8,47.0,True
belief,2390,18,107.0,True
belief,2390,19,113.0,True
belief,2390,7,313.0,True
belief,2390,11,337.0,True
belief,2390,15,361.0,True
belief,2390,12,615.0,True
belief,2390,1,828.2094118423038,True
belief,2390,4,846.2094118423038,True
belief,2390,17,1399.6333211243984,True
belief,2390,20,1665.6333211243984,True
belief,2390,2,2083.633321124398,True
belief,2390,3,2089.633321124398,True
belief,2391,4,23.0,True
belief,2391,9,53.0,True
belief,2391,16,95.0,True
belief,2391,17,101.0,True
belief,2391,19,113.0,True
belief,2391,8,319.0,True
belief,2391,10,331.0,True
belief,2391,13,2327.5921815130896,True
belief,2391,14,2569.5921815130896,True
belief,2391,12,4432.249692776271,True
belief,2391,18,7071.257651807197,True
belief,2392,9,53.0,True
belief,2392,13,77.0,True
belief,2392,16,95.0,True
belief,2392,20,119.0,True
belief,2392,1,588.4856034311209,True
belief,2392,7,624.4856034311209,True
belief,2392,10,642.4856034311209,True
belief,2392,17,1204.985287714387,True
belief,2392,2,1479.0525536488242,True
belief,2392,6,1503.0525536488242,True
belief,2392,4,1745.0525536488242,True
belief,2392,11,2537.052553648824,True
belief,2392,15,2555.052553648824,True
belief,2392,18,2567.052553648824,True
belief,2392,8,3397.910518866394,True
belief,2392,19,3669.910518866394,True
belief,2393,4,23.0,True
belief,2393,10,59.0,True
belief,2393,16,95.0,True
belief,2393,9,325.0,True
belief,2393,13,633.3310618867821,True
belief,2393,5,1105.3310618867822,True
belief,2393,11,2201.270086363229,True
belief,2393,17,2231.270086363229,True
belief,2393,1,4564.763503709017,True
belief,2393,7,6644.340989152647,True
belief,2394,10,59.0,True
belief,2394,18,107.0,True
belief,2394,11,337.0,True
belief,2394,4,567.0,True
belief,2394,13,893.0,True
belief,2394,17,1189.0,True
belief,2394,20,1207.0,True
belief,2394,15,1449.0,True
belief,2394,7,1945.0,True
belief,2394,14,2812.693239743169,True
belief,2394,3,4097.166134700365,True
belief,2394,19,6227.492450217208,True
belief,2394,8,6415.492450217208,True
belief,2395,1,5.0,True
belief,2395,6,35.0,True
belief,2395,8,47.0,True
belief,2395,11,65.0,True
belief,2395,14,83.0,True
belief,2395,9,325.0,True
belief,2395,2,1182.202136431635,True
belief,2395,5,2093.4083084841404,True
belief,2395,13,2377.4083084841404,True
belief,2395,20,2892.8832418090797,True
belief,2395,4,3056.8832418090797,True
belief,2395,18,4160.907916519201,True
belief,2395,19,6220.025796971792,True
belief,2395,10,8607.038244953332,True
belief,2395,17,8637.038244953332,True
belief,2396,1,5.0,True
belief,2396,5,29.0,True
belief,2396,13,77.0,True
belief,2396,19,113.0,True
belief,2396,20,119.0,True
belief,2396,2,283.0,True
belief,2396,10,1014.1634219326784,True
belief,2396,14,1304.1634219326784,True
belief,2396,16,1316.1634219326784,True
belief,2396,7,1794.1634219326784,True
belief,2396,12,2090.1634219326784,True
belief,2396,11,4973.91572146609,True
belief,2396,9,5500.10604370543,True
belief,2396,6,7313.270489644526,True
belief,2397,3,17.0,True
belief,2397,16,95.0,True
belief,2397,18,107.0,True
belief,2397,19,385.0,True
belief,2397,9,866.5975768469963,True
belief,2397,17,914.5975768469963,True
belief,2397,4,1102.5975768469962,True
belief,2397,1,2076.781064634205,True
belief,2397,15,3170.781064634205,True
belief,2397,10,5462.510357455958,True
belief,2398,4,23.0,True
belief,2398,8,47.0,True
belief,2398,10,59.0,True
belief,2398,16,95.0,True
belief,2398,18,107.0,True
belief,2398,6,307.0,True
belief,2398,2,606.4183462608784,True
belief,2398,9,642.4183462608784,True
belief,2398,12,660.4183462608784,True
belief,2398,14,672.4183462608784,True
belief,2398,5,1020.0467838255182,True
belief,2398,15,2260.3010461478216,True
belief,2398,3,2460.3010461478216,True
belief,2398,1,5119.998995117929,True
belief,2399,8,47.0,True
belief,2399,10,59.0,True
belief,2399,6,627.299867700891,True
belief,2399,7,633.299867700891,True
belief,2399,4,881.299867700891,True
belief,2399,9,905.299867700891,True
belief,2399,13,929.299867700891,True
belief,2399,14,935.299867700891,True
belief,2399,15,941.299867700891,True
belief,2399,16,947.299867700891,True
belief,2399,5,1153.299867700891,True
belief,2399,12,4540.386886611322,True
belief,2399,19,4570.386886611322,True
belief,2399,11,4776.386886611322,True
belief,2399,20,5589.41962808134,True
belief,2400,14,83.0,True
belief,2400,16,95.0,True
belief,2400,2,283.0,True
belief,2400,9,325.0,True
belief,2400,17,645.0,True
belief,2400,20,663.0,True
belief,2400,1,821.0,True
belief,2400,3,833.0,True
belief,2400,13,1583.0905427980779,True
belief,2400,19,1613.0905427980779,True
belief,2401,5,29.0,True
belief,2401,7,41.0,True
belief,2401,17,101.0,True
belief,2401,18,107.0,True
belief,2401,20,119.0,True
belief,2401,16,367.0,True
belief,2401,19,2242.6534145852315,True
belief,2401,15,2478.6534145852315,True
belief,2401,14,3573.2022204858786,True
belief,2401,3,4332.021364931708,True
belief,2402,3,17.0,True
belief,2402,5,29.0,True
belief,2402,11,337.0,True
belief,2402,13,349.0,True
belief,2402,14,355.0,True
belief,2402,2,555.0,True
belief,2402,6,579.0,True
belief,2402,10,603.0,True
belief,2402,9,869.0,True
belief,2402,18,923.0,True
belief,2402,1,1365.0,True
belief,2402,16,2534.6836459887872,True
belief,2402,19,3361.181655704869,True
belief,2402,8,6202.39610555572,True
belief,2402,15,6214.39610555572,True
belief,2403,15,633.0,True
belief,2403,17,645.0,True
belief,2403,5,1117.0,True
belief,2403,16,1183.0,True
belief,2403,7,1401.0,True
belief,2403,19,1745.0,True
belief,2403,18,2827.0,True
belief,2403,3,6060.197647457542,True
belief,2403,2,6296.197647457542,True
belief,2403,4,6308.197647457542,True
belief,2404,19,113.0,True
belief,2404,6,307.0,True
belief,2404,12,343.0,True
belief,2404,15,633.0,True
belief,2404,8,863.0,True
belief,2404,9,869.0,True
belief,2404,3,1105.0,True
belief,2404,14,1171.0,True
belief,2404,1,1365.0,True
belief,2404,2,2893.308565958217,True
belief,2404,18,4873.667365804866,True
belief,2404,20,5103.667365804866,True
belief,2404,13,6504.105828119731,True
belief,2405,8,47.0,True
belief,2405,15,89.0,True
belief,2405,16,639.0,True
belief,2405,6,851.0,True
belief,2405,9,1141.0,True
belief,2405,20,1207.0,True
belief,2405,13,1437.0,True
belief,2405,2,1643.0,True
belief,2405,7,3342.0134144053895,True
belief,2405,1,4110.01341440539,True
belief,2405,19,4212.01341440539,True
belief,2406,3,17.0,True
belief,2406,4,23.0,True
belief,2406,9,53.0,True
belief,2406,7,313.0,True
belief,2406,11,611.1267608629264,True
belief,2406,10,871.1267608629264,True
belief,2406,12,1149.1267608629264,True
belief,2406,15,1167.1267608629264,True
belief,2406,8,1923.1267608629264,True
belief,2406,14,2225.1267608629264,True
belief,2406,19,3894.629790020123,True
belief,2406,20,4744.011319751511,True
belief,2406,17,5841.106018959142,True
belief,2407,3,17.0,True
belief,2407,7,41.0,True
belief,2407,14,83.0,True
belief,2407,17,101.0,True
belief,2407,20,119.0,True
belief,2407,4,295.0,True
belief,2407,12,1100.7375935384127,True
belief,2407,8,1332.7809217880426,True
belief,2407,9,2632.0870370649936,True
belief,2407,5,2856.0870370649936,True
belief,2407,6,3131.145841881241,True
belief,2407,10,3149.145841881241,True
belief,2407,11,3556.310106482325,True
belief,2408,4,23.0,True
belief,2408,1,277.0,True
belief,2408,5,301.0,True
belief,2408,10,331.0,True
belief,2408,15,361.0,True
belief,2408,20,391.0,True
belief,2408,6,579.0,True
belief,2408,11,1046.8415768057107,True
belief,2408,8,1538.267787697295,True
belief,2408,16,1822.267787697295,True
belief,2408,2,2252.267787697295,True
belief,2408,17,2324.267787697295,True
belief,2408,14,4106.798312602519,True
belief,2409,6,35.0,True
belief,2409,7,41.0,True
belief,2409,12,71.0,True
belief,2409,4,582.2909956270396,True
belief,2409,10,884.2909956270396,True
belief,2409,3,1108.2909956270396,True
belief,2409,8,1404.2909956270396,True
belief,2409,16,1712.2909956270396,True
belief,2409,1,1894.2909956270396,True
belief,2409,5,1918.2909956270396,True
belief,2409,11,1954.2909956270396,True
belief,2409,18,3793.275330150254,True
belief,2409,9,6448.206060572751,True
belief,2410,9,53.0,True
belief,2410,15,89.0,True
belief,2410,17,101.0,True
belief,2410,19,113.0,True
belief,2410,7,585.0,True
belief,2410,13,621.0,True
belief,2410,18,651.0,True
belief,2410,5,1117.0,True
belief,2410,6,1395.0,True
belief,2410,11,7675.686506045533,True
belief,2411,2,11.0,True
belief,2411,16,95.0,True
belief,2411,18,107.0,True
belief,2411,5,884.8779928644256,True
belief,2411,8,902.8779928644256,True
belief,2411,7,1456.0129049936688,True
belief,2411,10,2236.0129049936686,True
belief,2411,20,3046.0129049936686,True
belief,2411,17,3288.0129049936686,True
belief,2411,1,6268.463223983364,True
belief,2412,7,41.0,True
belief,2412,19,113.0,True
belief,2412,13,349.0,True
belief,2412,3,1565.7209611808273,True
belief,2412,8,1589.7209611808273,True
belief,2412,14,1625.7209611808273,True
belief,2412,16,1903.7209611808273,True
belief,2412,6,2381.7209611808275,True
belief,2412,1,4020.6384035473484,True
belief,2412,11,4298.638403547348,True
belief,2412,15,4635.4815568736485,True
belief,2412,20,6030.862200499284,True
belief,2413,1,5.0,True
belief,2413,16,95.0,True
belief,2413,5,301.0,True
belief,2413,6,307.0,True
belief,2413,11,337.0,True
belief,2413,2,555.0,True
belief,2413,9,1690.7847521752162,True
belief,2413,15,1726.7847521752162,True
belief,2413,4,2460.8910693834114,True
belief,2413,17,4051.3227433288284,True
belief,2413,20,4795.322743328828,True
belief,2413,7,5213.322743328828,True
belief,2413,19,9541.284292266528,True
belief,2414,6,35.0,True
belief,2414,9,53.0,True
belief,2414,12,71.0,True
belief,2414,17,101.0,True
belief,2414,14,355.0,True
belief,2414,16,367.0,True
belief,2414,20,391.0,True
belief,2414,10,603.0,True
belief,2414,3,833.0,True
belief,2414,19,2878.2895814931903,True
belief,2414,18,3128.7379075849153,True
belief,2414,1,3528.7379075849153,True
belief,2414,5,3782.7379075849153,True
belief,2414,4,5596.664187450647,True
belief,2414,15,6281.363734569397,True
belief,2414,8,6657.363734569397,True
belief,2415,3,17.0,True
belief,2415,5,29.0,True
belief,2415,6,35.0,True
belief,2415,8,47.0,True
belief,2415,9,53.0,True
belief,2415,13,77.0,True
belief,2415,16,95.0,True
belief,2415,20,119.0,True
belief,2415,12,343.0,True
belief,2415,19,385.0,True
belief,2415,7,1666.0903536993965,True
belief,2415,2,2469.681594118819,True
belief,2415,14,3737.7151897799185,True
belief,2415,18,3755.7151897799185,True
belief,2415,15,3961.7151897799185,True
belief,2415,10,5728.400427670022,True
belief,2416,3,17.0,True
belief,2416,7,41.0,True
belief,2416,20,119.0,True
belief,2416,11,337.0,True
belief,2416,19,385.0,True
belief,2416,5,626.6074022500361,True
belief,2416,9,644.6074022500361,True
belief,2416,12,928.6074022500361,True
belief,2416,15,946.6074022500361,True
belief,2416,17,958.6074022500361,True
belief,2416,18,964.6074022500361,True
belief,2416,2,1140.607402250036,True
belief,2416,13,1998.607402250036,True
belief,2416,6,2228.607402250036,True
belief,2416,8,2978.4279060933286,True
belief,2416,10,3238.4279060933286,True
belief,2417,4,23.0,True
belief,2417,5,29.0,True
belief,2417,15,89.0,True
belief,2417,14,355.0,True
belief,2417,17,373.0,True
belief,2417,19,657.0,True
belief,2417,16,911.0,True
belief,2417,8,1939.953370483249,True
belief,2417,7,2193.9533704832493,True
belief,2417,1,2423.9533704832493,True
belief,2417,11,2945.570852928172,True
belief,2417,13,2957.570852928172,True
belief,2417,18,6003.526032729066,True
belief,2417,10,6532.236447389445,True
belief,2418,15,89.0,True
belief,2418,18,107.0,True
belief,2418,5,573.0,True
belief,2418,9,869.0,True
belief,2418,13,893.0,True
belief,2418,7,1129.0,True
belief,2418,12,1159.0,True
belief,2418,14,1171.0,True
belief,2418,11,1531.938906933963,True
belief,2418,19,2356.3780958248094,True
belief,2418,20,2616.3780958248094,True
belief,2418,17,3156.954964782876,True
belief,2418,8,3460.154759850828,True
belief,2418,2,4093.1595169231555,True
belief,2418,16,5793.523860641204,True
belief,2418,3,5963.523860641204,True
belief,2419,4,23.0,True
belief,2419,16,95.0,True
belief,2419,17,101.0,True
belief,2419,18,107.0,True
belief,2419,7,988.5276598849478,True
belief,2419,11,1278.5276598849478,True
belief,2419,1,2805.426110758818,True
belief,2419,19,3149.426110758818,True
belief,2419,6,6002.682554959674,True
belief,2419,5,6905.948684281256,True
belief,2420,4,23.0,True
belief,2420,6,35.0,True
belief,2420,13,77.0,True
belief,2420,14,83.0,True
belief,2420,16,95.0,True
belief,2420,12,343.0,True
belief,2420,15,361.0,True
belief,2420,19,385.0,True
belief,2420,2,712.7164821965557,True
belief,2420,8,1124.6395040928603,True
belief,2420,18,1888.8728291799841,True
belief,2420,17,8139.152953687987,True
belief,2421,1,5.0,True
belief,2421,4,23.0,True
belief,2421,10,59.0,True
belief,2421,13,77.0,True
belief,2421,5,1371.5801174030664,True
belief,2421,19,1449.5801174030664,True
belief,2421,14,1673.5801174030664,True
belief,2421,20,3516.2855462150624,True
belief,2421,18,3982.2855462150624,True
belief,2421,9,7313.8655028560415,True
belief,2422,3,17.0,True
belief,2422,8,47.0,True
belief,2422,9,53.0,True
belief,2422,19,113.0,True
belief,2422,1,277.0,True
belief,2422,14,355.0,True
belief,2422,18,379.0,True
belief,2422,10,1036.8262419420892,True
belief,2422,5,2477.4527229847786,True
belief,2422,13,4157.621015665145,True
belief,2422,7,4375.621015665145,True
belief,2422,16,5597.390963032679,True
belief,2422,20,5609.390963032679,True
belief,2423,1,5.0,True
belief,2423,2,11.0,True
belief,2423,4,23.0,True
belief,2423,6,35.0,True
belief,2423,11,65.0,True
belief,2423,13,77.0,True
belief,2423,15,89.0,True
belief,2423,18,107.0,True
belief,2423,19,113.0,True
belief,2423,20,119.0,True
belief,2423,8,319.0,True
belief,2423,5,1012.8550028922002,True
belief,2423,16,2577.532729410623,True
belief,2423,10,3207.1703109740006,True
belief,2423,9,3613.1703109740006,True
belief,2424,3,17.0,True
belief,2424,1,277.0,True
belief,2424,8,319.0,True
belief,2424,19,385.0,True
belief,2424,10,920.8531445904669,True
belief,2424,15,1651.1349185950096,True
belief,2424,18,2431.1349185950094,True
belief,2424,16,2673.1349185950094,True
belief,2424,13,2909.1349185950094,True
belief,2424,5,3369.1349185950094,True
belief,2424,11,3405.1349185950094,True
belief,2424,17,8037.354592472825,True
belief,2425,1,5.0,True
belief,2425,5,29.0,True
belief,2425,6,35.0,True
belief,2425,13,77.0,True
belief,2425,15,89.0,True
belief,2425,16,95.0,True
belief,2425,20,119.0,True
belief,2425,8,598.7529601977392,True
belief,2425,10,876.7529601977392,True
belief,2425,7,1278.301270097626,True
belief,2425,11,2826.346246047163,True
belief,2425,14,3329.7528825879194,True
belief,2426,1,5.0,True
belief,2426,7,41.0,True
belief,2426,11,65.0,True
belief,2426,9,325.0,True
belief,2426,14,355.0,True
belief,2426,6,579.0,True
belief,2426,15,905.0,True
belief,2426,16,911.0,True
belief,2426,18,923.0,True
belief,2426,8,1135.0,True
belief,2426,17,1455.0,True
belief,2426,3,2431.1090420709957,True
belief,2426,19,3282.7173535659713,True
belief,2426,12,3980.535833453524,True
belief,2427,2,11.0,True
belief,2427,1,277.0,True
belief,2427,4,295.0,True
belief,2427,7,313.0,True
belief,2427,17,373.0,True
belief,2427,19,385.0,True
belief,2427,20,391.0,True
belief,2427,18,1098.9704506823425,True
belief,2427,3,1634.4449325773753,True
belief,2427,9,2166.4449325773753,True
belief,2427,14,2196.4449325773753,True
belief,2427,13,2941.6930339410437,True
belief,2427,8,3153.6930339410437,True
belief,2427,11,5239.151896315799,True
belief,2427,5,6586.072341408815,True
belief,2428,3,17.0,True
belief,2428,1,277.0,True
belief,2428,2,283.0,True
belief,2428,10,603.0,True
belief,2428,17,1841.3775231133582,True
belief,2428,19,2385.377523113358,True
belief,2428,6,2839.377523113358,True
belief,2428,4,3093.377523113358,True
belief,2428,5,4948.4420251556185,True
belief,2428,14,5489.216697027748,True
belief,2428,18,6016.725969694311,True
belief,2428,8,6652.725969694311,True
belief,2429,2,11.0,True
belief,2429,7,41.0,True
belief,2429,12,71.0,True
belief,2429,18,107.0,True
belief,2429,3,289.0,True
belief,2429,8,319.0,True
belief,2429,14,355.0,True
belief,2429,4,567.0,True
belief,2429,20,1211.4893117321333,True
belief,2429,16,2224.9175934088767,True
belief,2429,1,4606.97722779691,True
belief,2429,13,4866.97722779691,True
belief,2430,2,11.0,True
belief,2430,6,35.0,True
belief,2430,8,47.0,True
belief,2430,3,944.9495046666996,True
belief,2430,1,1774.9079044193165,True
belief,2430,19,1870.9079044193165,True
belief,2430,5,2746.699457317794,True
belief,2430,18,3819.9435069847536,True
belief,2430,9,4249.943506984753,True
belief,2430,16,4533.943506984753,True
belief,2431,20,119.0,True
belief,2431,8,319.0,True
belief,2431,3,836.0289588515388,True
belief,2431,4,842.0289588515388,True
belief,2431,17,920.0289588515388,True
belief,2431,1,1090.0289588515388,True
belief,2431,5,1380.0289588515388,True
belief,2431,12,1422.0289588515388,True
belief,2431,2,1628.0289588515388,True
belief,2431,11,3658.3404617908523,True
belief,2431,13,3912.3404617908523,True
belief,2431,14,5370.84593616114,True
belief,2431,15,5376.84593616114,True
belief,2432,3,17.0,True
belief,2432,5,29.0,True
belief,2432,14,83.0,True
belief,2432,19,113.0,True
belief,2432,17,373.0,True
belief,2432,18,379.0,True
belief,2432,11,609.0,True
belief,2432,7,857.0,True
belief,2432,15,905.0,True
belief,2432,6,1117.0,True
belief,2432,13,1159.0,True
belief,2432,12,2234.498674766338,True
belief,2432,2,2439.498702205463,True
belief,2432,9,4671.020878720635,True
belief,2432,16,5441.408523480048,True
belief,2433,3,17.0,True
belief,2433,7,41.0,True
belief,2433,8,47.0,True
belief,2433,12,71.0,True
belief,2433,19,113.0,True
belief,2433,9,325.0,True
belief,2433,11,337.0,True
belief,2433,13,349.0,True
belief,2433,10,3023.333034889245,True
belief,2433,16,3053.333034889245,True
belief,2433,17,3469.86320907339,True
belief,2433,20,3481.86320907339,True
belief,2433,5,3771.8173936290477,True
belief,2433,14,4717.896347173078,True
belief,2433,6,5666.514580862828,True
belief,2434,1,5.0,True
belief,2434,5,29.0,True
belief,2434,6,35.0,True
belief,2434,9,53.0,True
belief,2434,15,89.0,True
belief,2434,16,95.0,True
belief,2434,4,295.0,True
belief,2434,10,331.0,True
belief,2434,2,555.0,True
belief,2434,7,1292.824429939365,True
belief,2434,8,1298.824429939365,True
belief,2434,14,4128.317140733801,True
belief,2434,13,7392.649331108518,True
belief,2435,5,29.0,True
belief,2435,8,47.0,True
belief,2435,11,65.0,True
belief,2435,12,71.0,True
belief,2435,19,113.0,True
belief,2435,2,283.0,True
belief,2435,15,361.0,True
belief,2435,9,887.5558528065898,True
belief,2435,14,911.5558528065898,True
belief,2435,13,1171.5558528065899,True
belief,2435,17,1195.5558528065899,True
belief,2435,10,1939.5558528065899,True
belief,2435,6,6223.181477744287,True
belief,2435,7,6229.181477744287,True
belief,2435,3,7332.747035133408,True
belief,2436,9,53.0,True
belief,2436,3,289.0,True
belief,2436,16,367.0,True
belief,2436,17,373.0,True
belief,2436,13,1026.5112461019291,True
belief,2436,19,1062.5112461019291,True
belief,2436,4,1804.3623442963176,True
belief,2436,6,1816.3623442963176,True
belief,2436,11,2094.3623442963176,True
belief,2436,1,2819.0728171745204,True
belief,2436,5,2837.0728171745204,True
belief,2436,18,2903.0728171745204,True
belief,2436,2,3073.0728171745204,True
belief,2436,7,6558.427836883549,True
belief,2436,15,7248.473881006258,True
belief,2436,14,8652.293760298035,True
belief,2437,11,65.0,True
belief,2437,13,77.0,True
belief,2437,16,367.0,True
belief,2437,18,379.0,True
belief,2437,6,850.1169064860524,True
belief,2437,19,922.1169064860524,True
belief,2437,15,1164.1169064860524,True
belief,2437,10,1535.3847821119364,True
belief,2437,17,1825.3847821119364,True
belief,2437,14,2550.9224853554483,True
belief,2437,5,2913.296267978772,True
belief,2437,1,3385.296267978772,True
belief,2437,2,4389.786437813247,True
belief,2437,12,8730.181550477855,True
belief,2438,1,5.0,True
belief,2438,11,65.0,True
belief,2438,5,301.0,True
belief,2438,15,361.0,True
belief,2438,6,579.0,True
belief,2438,4,977.057444838734,True
belief,2438,8,995.057444838734,True
belief,2438,2,1358.2264220060613,True
belief,2438,9,1388.2264220060613,True
belief,2438,19,1442.2264220060613,True
belief,2438,7,3327.5769879855557,True
belief,2438,20,3926.4737486996273,True
belief,2438,12,6125.746289124545,True
belief,2439,16,95.0,True
belief,2439,18,107.0,True
belief,2439,19,113.0,True
belief,2439,4,295.0,True
belief,2439,17,645.0,True
belief,2439,7,1401.455009177434,True
belief,2439,8,2393.625940321383,True
belief,2439,14,2429.625940321383,True
belief,2439,12,3433.625940321383,True
belief,2439,2,7306.125241755754,True
belief,2440,13,77.0,True
belief,2440,17,101.0,True
belief,2440,12,343.0,True
belief,2440,16,367.0,True
belief,2440,19,657.0,True
belief,2440,14,899.0,True
belief,2440,15,905.0,True
belief,2440,6,1123.0,True
belief,2440,11,1153.0,True
belief,2440,5,2042.5597335394693,True
belief,2440,18,2114.5597335394696,True
belief,2440,20,6322.876572893975,True
belief,2440,10,7674.876572893975,True
belief,2441,1,5.0,True
belief,2441,8,47.0,True
belief,2441,11,337.0,True
belief,2441,13,715.7654016306255,True
belief,2441,15,727.7654016306255,True
belief,2441,16,733.7654016306255,True
belief,2441,4,927.7654016306255,True
belief,2441,3,1441.7654016306255,True
belief,2441,9,1471.7654016306255,True
belief,2441,14,1501.7654016306255,True
belief,2441,19,1531.7654016306255,True
belief,2441,20,4174.165178883883,True
belief,2441,12,4737.484101692413,True
belief,2442,4,23.0,True
belief,2442,5,29.0,True
belief,2442,3,289.0,True
belief,2442,13,349.0,True
belief,2442,17,373.0,True
belief,2442,18,379.0,True
belief,2442,1,549.0,True
belief,2442,15,633.0,True
belief,2442,20,1219.5412832138882,True
belief,2442,8,2199.064285579634,True
belief,2442,16,6066.63373675753,True
belief,2442,2,6896.63373675753,True
belief,2443,6,35.0,True
belief,2443,14,83.0,True
belief,2443,18,107.0,True
belief,2443,19,113.0,True
belief,2443,9,597.0,True
belief,2443,13,893.0,True
belief,2443,1,1093.0,True
belief,2443,4,1111.0,True
belief,2443,20,1207.0,True
belief,2443,12,2297.5627791608795,True
belief,2443,17,2321.5627791608795,True
belief,2443,8,4380.128852869622,True
belief,2443,7,8056.016744265271,True
belief,2444,10,59.0,True
belief,2444,18,107.0,True
belief,2444,3,289.0,True
belief,2444,13,349.0,True
belief,2444,14,355.0,True
belief,2444,17,917.0,True
belief,2444,9,1141.0,True
belief,2444,19,1201.0,True
belief,2444,8,1407.0,True
belief,2444,5,2748.274928180175,True
belief,2444,1,3618.9596995166235,True
belief,2444,11,5956.43521753388,True
belief,2444,7,6168.43521753388,True
belief,2445,6,35.0,True
belief,2445,14,83.0,True
belief,2445,15,89.0,True
belief,2445,9,597.0,True
belief,2445,8,975.7339215559218,True
belief,2445,11,1259.7339215559218,True
belief,2445,2,1743.7339215559218,True
belief,2445,12,1797.7339215559218,True
belief,2445,13,2069.733921555922,True
belief,2445,19,2371.733921555922,True
belief,2445,17,3647.3745098802865,True
belief,2445,18,4499.399254509647,True
belief,2445,1,7527.758668986439,True
belief,2446,13,77.0,True
belief,2446,17,101.0,True
belief,2446,1,277.0,True
belief,2446,2,827.0,True
belief,2446,18,1195.0,True
belief,2446,3,1377.0,True
belief,2446,9,1413.0,True
belief,2446,16,1455.0,True
belief,2446,19,1745.0,True
belief,2446,6,2045.1281039288872,True
belief,2446,12,3716.5279550389805,True
belief,2446,5,4693.526131100183,True
belief,2447,4,23.0,True
belief,2447,5,29.0,True
belief,2447,16,95.0,True
belief,2447,1,833.509487474713,True
belief,2447,17,923.509487474713,True
belief,2447,19,935.509487474713,True
belief,2447,9,1141.5094874747128,True
belief,2447,11,1419.5094874747128,True
belief,2447,18,1727.5094874747128,True
belief,2447,10,3556.6158098433634,True
belief,2447,2,3762.6158098433634,True
belief,2447,6,4252.110308247882,True
belief,2447,13,4276.110308247882,True
belief,2447,12,5413.559746108424,True
belief,2447,14,9258.692191068913,True
belief,2448,1,5.0,True
belief,2448,4,23.0,True
belief,2448,5,29.0,True
belief,2448,7,41.0,True
belief,2448,14,83.0,True
belief,2448,15,89.0,True
belief,2448,16,95.0,True
belief,2448,18,107.0,True
belief,2448,11,337.0,True
belief,2448,6,921.2169389385081,True
belief,2448,13,1358.5649671838644,True
belief,2448,17,1624.5649671838644,True
belief,2448,19,2811.8498573376455,True
belief,2448,2,2975.8498573376455,True
belief,2448,8,5192.507451839447,True
belief,2448,3,5609.2608167418975,True
belief,2449,9,53.0,True
belief,2449,19,113.0,True
belief,2449,12,343.0,True
belief,2449,17,1189.0,True
belief,2449,3,1377.0,True
belief,2449,4,1383.0,True
belief,2449,7,1401.0,True
belief,2449,15,5114.8184079714565,True
belief,2449,11,6041.594528250994,True
belief,2449,10,8861.11150464695,True
belief,2450,10,59.0,True
belief,2450,15,89.0,True
belief,2450,17,101.0,True
belief,2450,20,119.0,True
belief,2450,1,277.0,True
belief,2450,6,307.0,True
belief,2450,14,355.0,True
belief,2450,4,1150.1249018210228,True
belief,2450,7,1428.1249018210228,True
belief,2450,5,2480.6103610331816,True
belief,2450,16,3260.6103610331816,True
belief,2450,18,3514.6103610331816,True
belief,2450,3,3926.6103610331816,True
belief,2451,5,29.0,True
belief,2451,15,89.0,True
belief,2451,16,95.0,True
belief,2451,17,373.0,True
belief,2451,18,379.0,True
belief,2451,14,899.0,True
belief,2451,10,1262.2233777724634,True
belief,2451,13,1546.2233777724634,True
belief,2451,20,1848.2233777724634,True
belief,2451,4,2714.7423268189655,True
belief,2451,1,5844.110362052772,True
belief,2452,2,11.0,True
belief,2452,6,35.0,True
belief,2452,5,301.0,True
belief,2452,20,391.0,True
belief,2452,8,591.0,True
belief,2452,7,857.0,True
belief,2452,17,1489.024721732538,True
belief,2452,9,1961.024721732538,True
belief,2452,16,2003.024721732538,True
belief,2452,12,2487.0247217325377,True
belief,2452,19,3671.7405929175025,True
belief,2453,12,71.0,True
belief,2453,15,361.0,True
belief,2453,19,385.0,True
belief,2453,6,1128.2573208069289,True
belief,2453,8,1140.2573208069289,True
belief,2453,16,1182.2573208069289,True
belief,2453,1,2496.6066475576026,True
belief,2453,2,2502.6066475576026,True
belief,2453,18,2586.6066475576026,True
belief,2453,20,3362.931165943271,True
belief,2453,7,3792.931165943271,True
belief,2453,14,5710.576876874778,True
belief,2453,10,6479.312674945852,True
belief,2454,4,23.0,True
belief,2454,11,65.0,True
belief,2454,12,71.0,True
belief,2454,5,301.0,True
belief,2454,13,349.0,True
belief,2454,3,833.0,True
belief,2454,7,1627.2475907322766,True
belief,2454,10,1905.2475907322766,True
belief,2454,17,1941.2475907322766,True
belief,2454,9,4121.27941097398,True
belief,2454,8,4475.933588042856,True
belief,2455,8,47.0,True
belief,2455,10,59.0,True
belief,2455,11,65.0,True
belief,2455,19,113.0,True
belief,2455,17,373.0,True
belief,2455,20,391.0,True
belief,2455,5,573.0,True
belief,2455,6,579.0,True
belief,2455,3,1267.437117197949,True
belief,2455,4,1273.437117197949,True
belief,2455,16,1339.437117197949,True
belief,2455,1,4122.857088159284,True
belief,2455,13,4812.857088159284,True
belief,2456,12,71.0,True
belief,2456,11,337.0,True
belief,2456,14,355.0,True
belief,2456,15,633.0,True
belief,2456,18,651.0,True
belief,2456,3,1105.0,True
belief,2456,8,1135.0,True
belief,2456,2,1371.0,True
belief,2456,19,1473.0,True
belief,2456,4,2205.134291351576,True
belief,2456,1,2806.787397386775,True
belief,2456,13,3881.788520545243,True
belief,2456,17,4623.453894870818,True
belief,2456,10,4835.453894870818,True
belief,2457,10,59.0,True
belief,2457,11,65.0,True
belief,2457,19,113.0,True
belief,2457,4,295.0,True
belief,2457,8,319.0,True
belief,2457,12,343.0,True
belief,2457,20,391.0,True
belief,2457,7,585.0,True
belief,2457,5,845.0,True
belief,2457,3,1105.0,True
belief,2457,9,1141.0,True
belief,2457,16,1644.6817706866602,True
belief,2457,17,1650.6817706866602,True
belief,2457,1,3267.705140395201,True
belief,2457,15,3751.0650058852643,True
belief,2457,2,5255.202398240018,True
belief,2458,1,5.0,True
belief,2458,4,23.0,True
belief,2458,5,29.0,True
belief,2458,6,35.0,True
belief,2458,7,41.0,True
belief,2458,13,77.0,True
belief,2458,18,107.0,True
belief,2458,19,385.0,True
belief,2458,3,1349.3983732691647,True
belief,2458,16,1645.3983732691647,True
belief,2458,20,1669.3983732691647,True
belief,2458,9,2087.398373269165,True
belief,2458,11,3998.3116911809775,True
belief,2458,14,5842.577223684624,True
belief,2458,8,6024.577223684624,True
belief,2459,4,23.0,True
belief,2459,5,29.0,True
belief,2459,8,47.0,True
belief,2459,14,83.0,True
belief,2459,6,307.0,True
belief,2459,16,367.0,True
belief,2459,7,1129.0,True
belief,2459,17,1189.0,True
belief,2459,9,1413.0,True
belief,2459,13,1437.0,True
belief,2459,12,2228.0,True
belief,2459,3,2954.9569457882394,True
belief,2460,1,5.0,True
belief,2460,6,35.0,True
belief,2460,13,77.0,True
belief,2460,17,101.0,True
belief,2460,9,878.5757526063218,True
belief,2460,3,1380.5757526063217,True
belief,2460,18,1730.5757526063217,True
belief,2460,10,4934.497532705442,True
belief,2460,20,5242.497532705442,True
belief,2460,4,5774.295597386583,True
belief,2461,17,101.0,True
belief,2461,1,277.0,True
belief,2461,3,289.0,True
belief,2461,5,301.0,True
belief,2461,11,337.0,True
belief,2461,6,592.5039285958289,True
belief,2461,4,846.5039285958289,True
belief,2461,20,1202.503928595829,True
belief,2461,13,1432.503928595829,True
belief,2461,14,1438.503928595829,True
belief,2461,19,1462.503928595829,True
belief,2461,2,1632.503928595829,True
belief,2461,10,3571.1979416862664,True
belief,2461,12,4939.144630220802,True
belief,2461,7,7183.599657894223,True
belief,2461,16,7219.599657894223,True
belief,2462,9,53.0,True
belief,2462,11,65.0,True
belief,2462,14,83.0,True
belief,2462,6,579.0,True
belief,2462,10,603.0,True
belief,2462,16,639.0,True
belief,2462,17,911.0766499418,True
belief,2462,15,1933.1043262655162,True
belief,2462,2,2881.181771178204,True
belief,2462,19,5726.453493928673,True
belief,2462,4,6809.847327182361,True
belief,2463,8,47.0,True
belief,2463,15,89.0,True
belief,2463,18,107.0,True
belief,2463,1,1799.7297181062663,True
belief,2463,5,3657.1778907096764,True
belief,2463,20,3729.1778907096764,True
belief,2463,10,3929.1778907096764,True
belief,2463,17,3965.1778907096764,True
belief,2463,4,4395.177890709676,True
belief,2463,11,7174.690666852826,True
belief,2464,7,41.0,True
belief,2464,8,47.0,True
belief,2464,12,71.0,True
belief,2464,13,77.0,True
belief,2464,1,277.0,True
belief,2464,4,295.0,True
belief,2464,14,355.0,True
belief,2464,16,367.0,True
belief,2464,17,373.0,True
belief,2464,20,391.0,True
belief,2464,11,609.0,True
belief,2464,9,1648.7526068442946,True
belief,2464,5,5054.235768900788,True
belief,2464,15,5296.235768900788,True
belief,2465,15,89.0,True
belief,2465,16,95.0,True
belief,2465,17,373.0,True
belief,2465,5,845.0,True
belief,2465,13,1347.0850726567705,True
belief,2465,1,1541.0850726567705,True
belief,2465,4,1559.0850726567705,True
belief,2465,9,1589.0850726567705,True
belief,2465,3,1819.0850726567705,True
belief,2465,18,3088.400178407485,True
belief,2465,8,3656.7312536578092,True
belief,2465,19,4307.868351486504,True
belief,2465,2,5083.734426246549,True
belief,2465,10,5119.734426246549,True
belief,2466,3,17.0,True
belief,2466,12,71.0,True
belief,2466,19,113.0,True
belief,2466,20,119.0,True
belief,2466,11,337.0,True
belief,2466,5,850.3682731264196,True
belief,2466,6,856.3682731264196,True
belief,2466,10,2033.6266667083223,True
belief,2466,9,2419.280808159413,True
belief,2466,4,2649.280808159413,True
belief,2466,17,3782.8247359373245,True
belief,2466,7,6818.727766243697,True
belief,2467,3,17.0,True
belief,2467,9,53.0,True
belief,2467,11,65.0,True
belief,2467,19,113.0,True
belief,2467,13,349.0,True
belief,2467,20,391.0,True
belief,2467,1,549.0,True
belief,2467,18,1833.807483897639,True
belief,2467,8,2628.5023707079554,True
belief,2467,17,5295.463241452335,True
belief,2467,7,8118.734964202804,True
belief,2468,2,11.0,True
belief,2468,6,307.0,True
belief,2468,10,331.0,True
belief,2468,18,379.0,True
belief,2468,7,863.6485532197042,True
belief,2468,14,905.6485532197042,True
belief,2468,5,1117.6485532197044,True
belief,2468,12,1691.6485532197044,True
belief,2468,3,3347.961440768434,True
belief,2468,16,3950.1271992694546,True
belief,2468,20,3968.1271992694546,True
belief,2468,11,6832.03063225907,True
belief,2469,10,59.0,True
belief,2469,12,71.0,True
belief,2469,15,89.0,True
belief,2469,7,313.0,True
belief,2469,8,319.0,True
belief,2469,11,337.0,True
belief,2469,4,1176.6008016059468,True
belief,2469,5,1182.6008016059468,True
belief,2469,14,1230.6008016059468,True
belief,2469,20,1532.6008016059468,True
belief,2469,16,3229.8493324945375,True
belief,2469,3,5900.055694341094,True
belief,2470,5,29.0,True
belief,2470,7,41.0,True
belief,2470,8,47.0,True
belief,2470,11,65.0,True
belief,2470,16,95.0,True
belief,2470,1,277.0,True
belief,2470,13,349.0,True
belief,2470,14,355.0,True
belief,2470,17,917.0,True
belief,2470,4,1111.0,True
belief,2470,15,2601.6968155954887,True
belief,2470,6,4480.3879451276225,True
belief,2471,3,17.0,True
belief,2471,4,23.0,True
belief,2471,10,59.0,True
belief,2471,19,113.0,True
belief,2471,8,319.0,True
belief,2471,11,337.0,True
belief,2471,16,367.0,True
belief,2471,14,892.4445155519136,True
belief,2471,5,1370.4445155519136,True
belief,2471,17,1442.4445155519136,True
belief,2471,9,2374.4865615147355,True
belief,2471,18,3718.3458812967083,True
belief,2471,7,8660.252647695452,True
belief,2472,2,11.0,True
belief,2472,18,107.0,True
belief,2472,19,385.0,True
belief,2472,1,554.2597954457117,True
belief,2472,6,584.2597954457117,True
belief,2472,17,916.2597954457117,True
belief,2472,4,1370.2597954457117,True
belief,2472,14,1696.2597954457117,True
belief,2472,12,1950.2597954457117,True
belief,2472,16,2240.2597954457115,True
belief,2472,3,2428.2597954457115,True
belief,2472,9,4757.14915379838,True
belief,2472,7,7016.859713765326,True
belief,2473,4,23.0,True
belief,2473,5,29.0,True
belief,2473,13,77.0,True
belief,2473,3,909.4941894882736,True
belief,2473,10,945.4941894882736,True
belief,2473,20,999.4941894882736,True
belief,2473,1,1417.4941894882736,True
belief,2473,8,2227.4941894882736,True
belief,2473,18,3037.4941894882736,True
belief,2473,15,4011.4941894882736,True
belief,2473,11,4938.092531700203,True
belief,2473,16,5472.874475513477,True
belief,2474,1,5.0,True
belief,2474,7,41.0,True
belief,2474,19,113.0,True
belief,2474,12,343.0,True
belief,2474,17,373.0,True
belief,2474,16,1664.091535951628,True
belief,2474,14,2007.9696053967184,True
belief,2474,13,2485.969605396718,True
belief,2474,6,2807.6313225650524,True
belief,2474,3,3031.6313225650524,True
belief,2474,20,3109.6313225650524,True
belief,2474,4,3279.6313225650524,True
belief,2474,10,3309.6313225650524,True
belief,2474,11,3315.6313225650524,True
belief,2474,15,3817.046416016435,True
belief,2474,18,6314.659844859035,True
belief,2475,2,11.0,True
belief,2475,5,29.0,True
belief,2475,14,83.0,True
belief,2475,10,1141.5245679037857,True
belief,2475,3,1796.9155181092965,True
belief,2475,15,1850.9155181092965,True
belief,2475,9,2583.7225514962142,True
belief,2475,8,2825.7225514962142,True
belief,2475,7,3811.7225514962142,True
belief,2475,11,9310.646215777831,True
belief,2476,4,23.0,True
belief,2476,12,71.0,True
belief,2476,13,77.0,True
belief,2476,16,95.0,True
belief,2476,17,373.0,True
belief,2476,5,638.3609980191906,True
belief,2476,8,656.3609980191906,True
belief,2476,9,662.3609980191906,True
belief,2476,11,674.3609980191906,True
belief,2476,14,958.3609980191906,True
belief,2476,7,1831.8499121501197,True
belief,2476,18,1885.8499121501197,True
belief,2476,15,3651.3256629925722,True
belief,2476,2,4323.389758125867,True
belief,2476,3,4541.389758125867,True
belief,2476,6,4547.389758125867,True
belief,2477,17,101.0,True
belief,2477,18,107.0,True
belief,2477,16,367.0,True
belief,2477,13,621.0,True
belief,2477,11,881.0,True
belief,2477,15,905.0,True
belief,2477,3,1706.7124560277662,True
belief,2477,20,2798.8677228453002,True
belief,2477,14,3270.8677228453002,True
belief,2477,12,3512.8677228453002,True
belief,2477,1,6460.967727775474,True
belief,2478,3,17.0,True
belief,2478,6,35.0,True
belief,2478,9,53.0,True
belief,2478,15,89.0,True
belief,2478,8,319.0,True
belief,2478,5,573.0,True
belief,2478,12,615.0,True
belief,2478,11,881.0,True
belief,2478,4,1244.6669430492198,True
belief,2478,10,1274.6669430492198,True
belief,2478,13,1292.6669430492198,True
belief,2478,18,1588.6669430492198,True
belief,2478,7,2627.5928552061164,True
belief,2478,19,5447.821209574313,True
belief,2478,14,5893.085993785338,True
belief,2479,7,41.0,True
belief,2479,8,47.0,True
belief,2479,12,71.0,True
belief,2479,20,672.6256860207134,True
belief,2479,17,1050.6730145542667,True
belief,2479,1,1226.6730145542667,True
belief,2479,14,1706.9691039838203,True
belief,2479,13,2716.9691039838203,True
belief,2479,5,3734.153708254683,True
belief,2479,11,4260.153708254683,True
belief,2479,2,6606.745394964103,True
belief,2479,4,8239.908274615309,True
belief,2479,16,8717.908274615309,True
belief,2480,1,5.0,True
belief,2480,4,23.0,True
belief,2480,7,41.0,True
belief,2480,9,325.0,True
belief,2480,16,367.0,True
belief,2480,19,385.0,True
belief,2480,5,580.3870485449455,True
belief,2480,3,834.3870485449455,True
belief,2480,18,1184.3870485449456,True
belief,2480,15,1432.3870485449456,True
belief,2480,13,3196.051426773897,True
belief,2480,2,4268.1013241652845,True
belief,2480,14,4322.1013241652845,True
belief,2480,17,5844.268616005725,True
belief,2480,11,6590.025888603686,True
belief,2481,4,23.0,True
belief,2481,12,343.0,True
belief,2481,19,385.0,True
belief,2481,1,549.0,True
belief,2481,2,555.0,True
belief,2481,5,573.0,True
belief,2481,9,597.0,True
belief,2481,18,651.0,True
belief,2481,3,988.6511018429286,True
belief,2481,11,1030.6511018429287,True
belief,2481,20,1084.6511018429287,True
belief,2481,14,3008.395723465403,True
belief,2481,17,4382.596898728857,True
belief,2481,10,4570.596898728857,True
belief,2481,15,4594.596898728857,True
belief,2481,16,6112.576467776991,True
belief,2482,12,71.0,True
belief,2482,6,307.0,True
belief,2482,17,373.0,True
belief,2482,18,379.0,True
belief,2482,16,1038.1708129400715,True
belief,2482,14,1334.695683435524,True
belief,2482,2,1528.695683435524,True
belief,2482,15,1594.695683435524,True
belief,2482,3,1788.695683435524,True
belief,2482,19,5813.77766952514,True
belief,2482,5,5989.77766952514,True
belief,2483,14,83.0,True
belief,2483,19,113.0,True
belief,2483,8,863.0,True
belief,2483,11,1425.0,True
belief,2483,17,1461.0,True
belief,2483,4,1655.0,True
belief,2483,5,1661.0,True
belief,2483,6,1667.0,True
belief,2483,10,1691.0,True
belief,2483,13,1709.0,True
belief,2483,16,1727.0,True
belief,2483,9,3957.1932809386612,True
belief,2483,3,4175.193280938662,True
belief,2483,15,5921.318339626184,True
belief,2484,1,5.0,True
belief,2484,2,11.0,True
belief,2484,8,47.0,True
belief,2484,14,83.0,True
belief,2484,19,113.0,True
belief,2484,10,331.0,True
belief,2484,11,609.0,True
belief,2484,5,1910.2139297645729,True
belief,2484,15,2206.2139297645726,True
belief,2484,16,2212.2139297645726,True
belief,2484,7,2628.246392446773,True
belief,2484,3,3269.3029657216816,True
belief,2484,9,3299.3029657216816,True
belief,2484,20,5579.123025367835,True
belief,2484,13,7517.4111979068375,True
belief,2485,5,29.0,True
belief,2485,9,53.0,True
belief,2485,13,77.0,True
belief,2485,16,95.0,True
belief,2485,19,113.0,True
belief,2485,8,591.0,True
belief,2485,2,827.0,True
belief,2485,12,887.0,True
belief,2485,17,1461.0,True
belief,2485,7,2855.538731322381,True
belief,2486,1,5.0,True
belief,2486,5,29.0,True
belief,2486,6,35.0,True
belief,2486,13,77.0,True
belief,2486,14,83.0,True
belief,2486,17,101.0,True
belief,2486,15,361.0,True
belief,2486,19,385.0,True
belief,2486,20,663.0,True
belief,2486,4,1416.6057332503956,True
belief,2486,11,2462.424617068577,True
belief,2486,9,3045.9279827581713,True
belief,2486,3,4584.815225664781,True
belief,2486,2,5014.815225664781,True
belief,2487,3,17.0,True
belief,2487,9,53.0,True
belief,2487,10,59.0,True
belief,2487,12,71.0,True
belief,2487,13,77.0,True
belief,2487,8,319.0,True
belief,2487,18,379.0,True
belief,2487,7,866.5550121471632,True
belief,2487,16,908.5550121471632,True
belief,2487,17,1688.5550121471633,True
belief,2487,6,2247.9820137510515,True
belief,2487,11,3009.9820137510515,True
belief,2487,19,3541.9820137510515,True
belief,2487,15,6770.7121148652,True
belief,2487,1,8329.415124959389,True
belief,2488,2,11.0,True
belief,2488,8,47.0,True
belief,2488,14,83.0,True
belief,2488,18,107.0,True
belief,2488,20,119.0,True
belief,2488,1,821.4257369414644,True
belief,2488,5,839.4257369414644,True
belief,2488,6,845.4257369414644,True
belief,2488,11,1141.4257369414645,True
belief,2488,15,1431.4257369414645,True
belief,2488,12,1695.4550644335127,True
belief,2488,10,2671.0024974778207,True
belief,2489,8,47.0,True
belief,2489,12,71.0,True
belief,2489,16,95.0,True
belief,2489,4,295.0,True
belief,2489,3,833.0,True
belief,2489,10,875.0,True
belief,2489,18,923.0,True
belief,2489,7,2109.287965484884,True
belief,2489,6,2363.287965484884,True
belief,2489,15,2411.287965484884,True
belief,2489,14,5608.729120703272,True
belief,2490,11,65.0,True
belief,2490,20,119.0,True
belief,2490,1,277.0,True
belief,2490,5,845.0,True
belief,2490,17,917.0,True
belief,2490,18,1815.7742864949287,True
belief,2490,2,2511.7742864949287,True
belief,2490,14,2837.7742864949287,True
belief,2490,10,3638.0651293076207,True
belief,2490,13,4165.4816766576205,True
belief,2490,19,4189.4816766576205,True
belief,2490,16,7601.224774370245,True
belief,2491,1,5.0,True
belief,2491,2,11.0,True
belief,2491,6,35.0,True
belief,2491,7,41.0,True
belief,2491,8,47.0,True
belief,2491,9,53.0,True
belief,2491,16,95.0,True
belief,2491,11,337.0,True
belief,2491,18,379.0,True
belief,2491,5,845.0,True
belief,2491,13,893.0,True
belief,2491,3,1142.7472448109597,True
belief,2491,12,2871.8862868814617,True
belief,2491,14,4474.646581548186,True
belief,2491,4,7994.535666252043,True
belief,2492,1,5.0,True
belief,2492,3,17.0,True
belief,2492,4,23.0,True
belief,2492,5,29.0,True
belief,2492,11,65.0,True
belief,2492,18,107.0,True
belief,2492,6,307.0,True
belief,2492,12,620.5688969239903,True
belief,2492,15,971.2670231119256,True
belief,2492,8,1437.2670231119255,True
belief,2492,2,2390.600182179599,True
belief,2492,16,2444.600182179599,True
belief,2492,14,2904.600182179599,True
belief,2492,9,4208.395455454458,True
belief,2492,10,4214.395455454458,True
belief,2492,7,7216.285071081701,True
belief,2493,3,17.0,True
belief,2493,7,41.0,True
belief,2493,10,59.0,True
belief,2493,18,107.0,True
belief,2493,11,337.0,True
belief,2493,20,391.0,True
belief,2493,5,784.2618836294239,True
belief,2493,6,1298.261883629424,True
belief,2493,12,2090.261883629424,True
belief,2493,17,2374.261883629424,True
belief,2493,16,9421.638090736888,True
belief,2494,1,5.0,True
belief,2494,19,113.0,True
belief,2494,3,289.0,True
belief,2494,6,307.0,True
belief,2494,13,349.0,True
belief,2494,18,651.0,True
belief,2494,11,886.6655325530746,True
belief,2494,4,1110.6655325530746,True
belief,2494,17,1720.6655325530746,True
belief,2494,7,1926.6655325530746,True
belief,2494,2,2895.965667221655,True
belief,2494,12,4337.966324932111,True
belief,2494,14,6208.191323560072,True
belief,2494,20,7672.034825397972,True
belief,2494,16,7872.034825397972,True
belief,2495,5,301.0,True
belief,2495,10,331.0,True
belief,2495,18,379.0,True
belief,2495,20,391.0,True
belief,2495,15,633.0,True
belief,2495,17,645.0,True
belief,2495,19,657.0,True
belief,2495,4,3144.4059279033013,True
belief,2495,14,3458.4059279033013,True
belief,2495,12,4208.405927903301,True
belief,2496,10,59.0,True
belief,2496,15,89.0,True
belief,2496,9,325.0,True
belief,2496,18,379.0,True
belief,2496,2,587.7344274342556,True
belief,2496,19,949.7344274342556,True
belief,2496,8,1155.7344274342556,True
belief,2496,12,1173.7344274342556,True
belief,2496,14,1185.7344274342556,True
belief,2496,1,3514.529535627216,True
belief,2497,1,5.0,True
belief,2497,8,47.0,True
belief,2497,11,65.0,True
belief,2497,16,95.0,True
belief,2497,18,107.0,True
belief,2497,19,113.0,True
belief,2497,5,301.0,True
belief,2497,10,331.0,True
belief,2497,12,343.0,True
belief,2497,2,659.491780701657,True
belief,2497,6,1030.684201019175,True
belief,2497,17,2135.542106259535,True
belief,2497,20,3055.542106259535,True
belief,2498,2,11.0,True
belief,2498,12,71.0,True
belief,2498,16,95.0,True
belief,2498,4,845.1866577586572,True
belief,2498,14,905.1866577586572,True
belief,2498,11,1153.1866577586572,True
belief,2498,20,1201.1866577586572,True
belief,2498,3,1901.2570514374952,True
belief,2498,15,2227.257051437495,True
belief,2498,17,3739.2925265025438,True
belief,2498,8,6676.658218962171,True
belief,2499,1,5.0,True
belief,2499,2,11.0,True
belief,2499,4,23.0,True
belief,2499,8,47.0,True
belief,2499,9,53.0,True
belief,2499,18,107.0,True
belief,2499,3,289.0,True
belief,2499,11,337.0,True
belief,2499,17,373.0,True
belief,2499,7,585.0,True
belief,2499,14,627.0,True
belief,2499,16,1128.9748066863715,True
belief,2499,15,2164.675156789474,True
belief,2499,12,3489.368055637811,True
belief,2499,5,3956.3090571318394,True
belief,2499,6,7573.443764378919,True
