strategy,seed,emitter_count,directional_count,cleared_count,clear_rate,all_cleared,average_localize_clear_time_s,virtual_time_s,movement_time_s,movement_distance_m,measure_time_s,measure_count,no_signal_count,no_signal_rate,direction_count,near_count,channel_switch_count,optical_count,clear_attempt_count,clear_success_count,directional_loss_count,directional_reacquisition_count,mean_first_seen_time_s,max_first_seen_time_s,first_clear_time_s,last_clear_time_s,measurements_before_first_clear,wall_time_s
geometry_early_optical_clear_probe,2536405696,14,14,14,1.0,True,622.0429005825132,8708.600608155184,5987.600608155185,29938.003040775937,2240.0,448,407,0.9084821428571429,41,0,411,14,14,14,12,12,1101.1496726263094,5544.823433294446,741.3045960493246,8708.600608155184,59,1.234613573004026
geometry_early_optical_clear_probe,3148226517,15,15,15,1.0,True,549.1693831181215,8237.540746771821,5650.540746771821,28252.703733859114,2120.0,424,386,0.910377358490566,38,0,389,16,16,15,10,10,2581.8986395627444,7139.078599230162,684.8208620345076,7835.018232127821,59,1.000360998994438
geometry_early_optical_clear_probe,3687940394,14,14,14,1.0,True,626.9202558638924,8776.883582094493,5976.883582094496,29884.417910472486,2305.0,461,424,0.9197396963123644,37,0,425,14,14,14,3,3,3090.402383396191,7000.679744939818,1022.7000710982426,8776.883582094493,76,0.8612417449912755
geometry_early_optical_clear_probe,2786347462,15,15,15,1.0,True,529.5446680664194,7943.170020996291,5972.170020996293,29860.850104981477,1610.0,322,282,0.8757763975155279,40,0,286,15,15,15,10,10,999.16764761827,6338.821018825119,989.1431094302765,6824.199572196005,77,1.124797809010488
geometry_early_optical_clear_probe,3160937056,13,13,13,1.0,True,669.1737835438945,8699.259186070629,6053.259186070629,30266.29593035315,2180.0,436,403,0.9243119266055045,33,0,401,13,13,13,6,6,2375.8166005124835,7212.407449222659,443.978289826005,8557.978658667682,40,0.7928668719978305
geometry_early_optical_clear_probe,1165535844,16,16,16,1.0,True,559.5297844734557,8952.476551575292,6612.476551575291,33062.38275787647,1910.0,382,335,0.8769633507853403,47,0,347,17,17,16,13,13,1382.8809794436638,5196.473583774157,977.6391363323812,8952.476551575292,80,0.9383097969985101
geometry_early_optical_clear_probe,118804943,14,14,14,1.0,True,650.2240979566925,9103.137371393696,6226.137371393697,31130.686856968496,2360.0,472,427,0.9046610169491526,45,0,435,18,18,14,9,9,2488.227855615402,8050.152013158863,459.77534364728734,9103.137371393696,40,1.1801024380110903
geometry_early_optical_clear_probe,3769986099,15,15,15,1.0,True,579.2651833505795,8688.977750258693,6155.97775025869,30779.88875129347,2075.0,415,373,0.8987951807228916,42,0,383,15,15,15,10,10,2034.4137929391918,6266.533693257652,728.9909618975016,8688.977750258693,60,0.924479456996778
geometry_early_optical_clear_probe,2380256217,15,15,15,1.0,True,508.5059444986881,7627.5891674803215,5587.589167480322,27937.945837401618,1665.0,333,291,0.8738738738738738,42,0,300,15,15,15,11,11,1292.0837556598954,4427.4950607905785,500.46836763434334,5421.715285213621,40,0.883255354987341
geometry_early_optical_clear_probe,3946674426,12,12,12,1.0,True,794.1284683626504,9529.541620351805,6470.541620351802,32352.708101759014,2525.0,505,470,0.9306930693069307,35,0,468,14,14,12,12,12,1817.8770510493478,7249.5166074127,779.8775169651624,9529.541620351805,60,0.9431908870028565
geometry_early_optical_clear_probe,4054325814,13,13,13,1.0,True,732.8230988696195,9526.700285305053,6233.70028530505,31168.501426525265,2720.0,544,512,0.9411764705882353,32,0,508,13,13,13,7,7,4062.0413278149276,8571.940050180376,1560.8992777923763,9526.700285305053,120,0.7713289160019485
geometry_early_optical_clear_probe,1486366821,12,12,12,1.0,True,740.5137053411949,8886.164464094338,6083.164464094336,30415.8223204717,2315.0,463,432,0.9330453563714903,31,0,428,12,12,12,6,6,2067.933053885719,7666.176041255821,475.7181310696018,8886.164464094338,40,0.9294974449876463
geometry_early_optical_clear_probe,1924206302,14,14,14,1.0,True,650.5890275205257,9108.24638528736,6586.246385287359,32931.23192643682,2070.0,414,374,0.9033816425120773,40,0,379,15,15,14,11,11,1334.4185969398775,4885.908481753959,441.05054830902026,9108.24638528736,40,1.2791128940007184
geometry_early_optical_clear_probe,3342130364,10,10,10,1.0,True,850.7239879643787,8507.239879643786,5535.239879643787,27676.199398218945,2465.0,493,466,0.9452332657200812,27,0,457,10,10,10,4,4,2070.001296195648,4135.370526547095,1494.9360585952331,8114.844553177912,115,0.7455385749926791
geometry_early_optical_clear_probe,2188971671,12,12,12,1.0,True,761.4324892669393,9137.189871203273,6345.189871203272,31725.949356016383,2305.0,461,426,0.9240780911062907,35,0,424,13,13,12,8,8,2301.6890230045833,7768.728585324432,1036.669739847801,9090.189871203273,79,0.7711392430064734
geometry_early_optical_clear_probe,2996000352,15,15,15,1.0,True,582.870442659705,8743.056639895574,6303.056639895574,31515.283199477875,2000.0,400,360,0.9,40,0,365,15,15,15,12,12,1748.6147015838008,6775.221986159277,676.328429781954,8361.785048354273,59,1.0523934129887493
geometry_early_optical_clear_probe,743085162,10,10,10,1.0,True,905.0025547368517,9050.025547368517,5886.025547368518,29430.127736842594,2620.0,524,495,0.9446564885496184,29,0,488,12,12,10,5,5,1975.199227968052,6141.998891402154,777.4019365219025,8796.046506882081,60,0.9346992729988415
geometry_early_optical_clear_probe,1643992398,14,14,14,1.0,True,576.7713202670795,8074.798483739113,5855.798483739113,29278.99241869558,1820.0,364,327,0.8983516483516484,37,0,329,14,14,14,8,8,1368.5985277733623,3558.6840471781034,501.08703353669125,8074.798483739113,40,0.6522439929976827
geometry_early_optical_clear_probe,3733106468,15,15,15,1.0,True,603.4322424328716,9051.483636493074,6219.483636493073,31097.418182465382,2325.0,465,422,0.9075268817204301,43,0,429,16,16,15,11,11,1557.557231022532,6371.332036650031,495.23288492474705,9022.483636493074,40,1.5603071299992735
geometry_early_optical_clear_probe,450083946,10,10,10,1.0,True,865.0691987855004,8650.691987855003,5629.691987855004,28148.45993927503,2505.0,501,476,0.9500998003992016,25,0,466,10,10,10,7,7,2044.0584188431344,7530.331341433089,1313.8019323930464,8650.691987855003,100,0.7715099900087807
geometry_early_optical_clear_probe,384189133,12,12,12,1.0,True,803.8842659681151,9646.611191617381,6709.611191617381,33548.055958086916,2425.0,485,453,0.934020618556701,32,0,449,13,13,12,11,11,2413.623272395301,5752.4980249368455,1021.5923227249797,9646.611191617381,79,0.9629819380061235
geometry_early_optical_clear_probe,4289448763,15,15,15,1.0,True,547.1809378687317,8207.714068030975,5706.714068030974,28533.570340154885,2050.0,410,374,0.9121951219512195,36,0,376,15,15,15,11,11,1498.5014172556594,6758.796501958132,749.2066797352732,8207.714068030975,59,0.972774590991321
geometry_early_optical_clear_probe,772427875,13,13,13,1.0,True,607.7684276618086,7900.989559603511,5381.989559603511,26909.947798017572,2075.0,415,380,0.9156626506024096,35,0,379,13,13,13,10,10,1522.4211593105322,3802.333065923286,945.915596918043,7315.553671748471,78,0.9177090350131039
geometry_early_optical_clear_probe,3451295233,12,12,12,1.0,True,674.3604251140387,8092.325101368464,5547.325101368464,27736.625506842334,2100.0,420,386,0.919047619047619,34,0,385,12,12,12,6,6,880.3458470259147,3536.049410168188,478.66816751368594,7344.735884425233,40,1.0009128850069828
geometry_early_optical_clear_probe,436967657,15,15,15,1.0,True,553.4040657218185,8301.060985827276,5982.060985827277,29910.304929136404,1900.0,380,342,0.9,38,0,344,15,15,15,7,7,1837.4175909073542,7605.643213393562,998.7926090412349,7929.095527792025,76,0.9283006750047207
geometry_early_optical_clear_probe,1637501198,11,11,11,1.0,True,804.2429160453738,8846.672076499111,5651.672076499112,28258.36038249557,2645.0,529,497,0.9395085066162571,32,0,495,11,11,11,9,9,3115.3461180559902,6179.7567788389015,2049.257269735555,8470.032799676885,152,0.6552364989911439
geometry_early_optical_clear_probe,29406054,15,15,15,1.0,True,625.4101187598869,9381.151781398305,6761.151781398304,33805.758906991534,2145.0,429,380,0.8857808857808858,49,0,394,17,17,15,11,11,2342.4336675342006,8624.161717073821,1008.4481928505367,9381.151781398305,80,1.4100541009975132
geometry_early_optical_clear_probe,452864336,12,12,12,1.0,True,642.3240710440292,7707.88885252835,5291.888852528351,26459.44426264177,1990.0,398,359,0.9020100502512562,39,0,363,13,13,12,8,8,1155.5362567215768,6546.964913887793,491.2123692385202,7707.88885252835,40,0.851094206009293
geometry_early_optical_clear_probe,827384205,11,11,11,1.0,True,823.1024649604705,9054.127114565175,5840.127114565176,29200.635572825893,2665.0,533,504,0.9455909943714822,29,0,494,11,11,11,6,6,2450.6045413225575,7941.621080539527,478.3124349552441,9054.127114565175,40,0.7829347960068844
geometry_early_optical_clear_probe,540886808,15,15,15,1.0,True,571.359354474079,8570.390317111185,6085.390317111187,30426.951585555944,2035.0,407,361,0.8869778869778869,46,0,372,16,16,15,10,10,1369.860695695506,6209.712065782877,485.4961805521158,8570.390317111185,40,1.0305619959981414
geometry_early_optical_clear_probe,2167412286,10,10,10,1.0,True,892.9581608600753,8929.581608600753,6017.581608600751,30087.90804300377,2415.0,483,455,0.9420289855072463,28,0,447,10,10,10,7,7,1574.7114500289063,6008.592369161917,1256.4916295326186,8929.581608600753,94,0.8496776889951434
geometry_early_optical_clear_probe,2487208750,14,14,14,1.0,True,603.7981410114298,8453.173974160018,5793.17397416002,28965.869870800114,2185.0,437,397,0.9084668192219679,40,0,402,15,15,14,4,4,2569.1797539385743,5592.995906196404,1012.4736389650011,8453.173974160018,77,0.6964726969890762
geometry_early_optical_clear_probe,842879609,14,14,14,1.0,True,721.8358471578034,10105.701860209248,7152.701860209249,35763.50930104626,2430.0,486,452,0.9300411522633745,34,0,450,15,15,14,5,5,3452.073083685262,8348.933315807095,486.187016723422,10105.701860209248,40,0.8331198179948842
geometry_early_optical_clear_probe,1696658367,10,10,10,1.0,True,853.7281424877762,8537.281424877761,5444.281424877762,27221.40712438882,2565.0,513,487,0.949317738791423,26,0,478,10,10,10,5,5,2544.67539560237,4602.795152250231,742.1269654537464,8537.281424877761,60,0.6042699129902758
geometry_early_optical_clear_probe,138245329,14,14,14,1.0,True,603.3649574686671,8447.109404561339,6150.109404561337,30750.54702280669,1885.0,377,339,0.8992042440318302,38,0,342,14,14,14,10,10,1228.025723066605,5814.388396799638,1005.4026096835978,7615.584153603789,76,0.7495832489948953
geometry_early_optical_clear_probe,2864901064,14,14,14,1.0,True,660.0362476171933,9240.507466640707,6253.5074666407045,31267.53733320353,2460.0,492,455,0.9247967479674797,37,0,457,14,14,14,11,11,2628.095369338001,7840.064997530095,520.8283422532365,8497.424768124465,40,0.8098254520009505
geometry_early_optical_clear_probe,1292630895,13,13,13,1.0,True,718.3072091464265,9337.993718903545,6826.9937189035445,34134.96859451773,2065.0,413,373,0.9031476997578692,40,0,375,15,15,13,11,11,838.2727758331938,2673.4179888377425,1031.561354974123,9337.993718903545,78,1.068009615992196
geometry_early_optical_clear_probe,1188165900,13,13,13,1.0,True,596.525620567493,7754.833067377409,5407.83306737741,27039.165336887054,1930.0,386,349,0.9041450777202072,37,0,352,13,13,13,7,7,1244.0981053601436,5236.395533938898,436.8480479360208,6212.147206934256,40,0.8170759110071231
geometry_early_optical_clear_probe,2334243662,16,16,16,1.0,True,566.550123899777,9064.801982396431,6390.801982396432,31954.009911982168,2190.0,438,391,0.8926940639269406,47,0,401,17,17,16,14,14,2856.6269346064414,8135.697226421285,778.0011380167907,8800.138235410917,60,0.9092176600097446
geometry_early_optical_clear_probe,43678400,14,14,14,1.0,True,637.9394190371694,8931.151866520371,6551.151866520369,32755.759332601858,1955.0,391,348,0.8900255754475703,43,0,352,15,15,14,12,12,652.6010820222771,1919.6401885230366,403.3696953157878,8931.151866520371,40,1.3149224210064858
geometry_early_optical_clear_probe,1490697439,15,15,15,1.0,True,657.4990111203381,9862.48516680507,7093.485166805068,35467.42583402536,2275.0,455,414,0.9098901098901099,41,0,416,16,16,15,11,11,2591.9812284584314,7421.671140050862,781.8492909582602,9862.48516680507,60,1.0067624939983943
geometry_early_optical_clear_probe,2674492727,11,11,11,1.0,True,834.3218236465381,9177.540060111918,6102.54006011192,30512.70030055962,2545.0,509,479,0.9410609037328095,30,0,472,12,12,11,5,5,2860.347787814766,7570.353889074111,1545.8428778779416,8766.962479757774,115,0.8035455490025925
geometry_early_optical_clear_probe,2639429709,10,10,10,1.0,True,896.3288284633418,8963.288284633418,5775.288284633421,28876.44142316711,2645.0,529,502,0.9489603024574669,27,0,493,10,10,10,8,8,1786.0102640387063,5864.462069438564,712.8811349639084,8963.288284633418,60,0.9045979509974131
geometry_early_optical_clear_probe,2777252819,14,14,14,1.0,True,614.9718891642915,8609.606448300081,5917.606448300082,29588.03224150042,2215.0,443,405,0.9142212189616253,38,0,407,14,14,14,7,7,2446.414954306406,6824.787032229636,433.27978787376566,8444.278085182865,40,0.9532668689935235
geometry_early_optical_clear_probe,4234003872,15,15,15,1.0,True,575.589013821942,8633.83520732913,6221.83520732913,31109.176036645666,1975.0,395,356,0.9012658227848102,39,0,362,15,15,15,8,8,2395.48516186191,6243.1146472285445,939.7604540073988,8604.83520732913,78,0.8539716399973258
geometry_early_optical_clear_probe,3085366518,14,14,14,1.0,True,662.8605602518873,9280.047843526421,6778.047843526423,33890.23921763212,2055.0,411,373,0.9075425790754258,38,0,374,15,15,14,10,10,1715.4890876086974,5541.369020432653,466.0193431338138,9280.047843526421,40,0.9390214300074149
geometry_early_optical_clear_probe,568704512,11,11,11,1.0,True,816.3541837853564,8979.89602163892,5861.896021638921,29309.480108194624,2580.0,516,481,0.9321705426356589,35,0,480,12,12,11,9,9,1167.7410282860403,3527.184038976673,1027.8379716997567,8979.89602163892,80,1.0598180920060258
geometry_early_optical_clear_probe,3029557575,16,16,16,1.0,True,512.5203765334948,8200.326024535916,5969.326024535916,29846.630122679588,1815.0,363,320,0.8815426997245179,43,0,333,17,17,16,9,9,1681.91471219545,4942.103636481895,681.7607827088059,8200.326024535916,59,1.0808916639944073
geometry_early_optical_clear_probe,1170918802,13,13,13,1.0,True,733.8914869221996,9540.589329988596,6600.589329988593,33002.946649942984,2425.0,485,452,0.931958762886598,33,0,450,13,13,13,12,12,1722.2912909212953,4251.063412337521,1331.085767210876,9540.589329988596,100,0.9949877960025333
geometry_early_optical_clear_probe,668789502,15,15,15,1.0,True,597.9362104026502,8969.043156039754,6094.043156039755,30470.215780198778,2360.0,472,432,0.9152542372881356,40,0,437,16,16,15,8,8,2905.694344885038,5264.991353532288,967.0079410131582,8940.043156039754,80,0.8600184710085159
geometry_early_optical_clear_probe,485432678,13,13,13,1.0,True,642.2286204859985,8348.97206631798,5579.972066317981,27899.860331589905,2280.0,456,426,0.9342105263157895,30,0,421,14,14,13,7,7,2659.182997341675,7150.796306552312,515.4286787702853,7906.6355289486555,40,0.7424132289888803
geometry_early_optical_clear_probe,1505802867,15,15,15,1.0,True,508.51945271687964,7627.791790753195,5563.791790753196,27818.958953765992,1685.0,337,299,0.887240356083086,38,0,304,15,15,15,8,8,1277.095513423121,5581.013631538362,683.7921814235249,7627.791790753195,60,0.9263816879974911
geometry_early_optical_clear_probe,3355658202,10,10,10,1.0,True,883.2906502720341,8832.906502720341,5811.906502720339,29059.53251360171,2505.0,501,473,0.9441117764471058,28,0,466,10,10,10,4,4,1507.6326788293666,5760.700544576556,758.7942073997593,8650.032355182837,60,0.722416461998364
geometry_early_optical_clear_probe,861658230,12,12,12,1.0,True,842.9201625502852,10115.041950603423,6798.041950603421,33990.20975301712,2745.0,549,522,0.9508196721311475,27,0,512,12,12,12,9,9,2921.168225778081,8628.673944652097,1313.03346776857,10115.041950603423,98,0.7674872430070536
geometry_early_optical_clear_probe,1188236020,16,16,16,1.0,True,509.49346675352405,8151.895468056385,5653.895468056386,28269.47734028194,2040.0,408,366,0.8970588235294118,42,0,378,16,16,16,13,13,2618.2488112467145,6850.441714935457,726.0663418756333,8151.895468056385,59,1.0693759429996135
geometry_early_optical_clear_probe,3503405129,14,14,14,1.0,True,648.3620112619717,9077.068157667603,6165.0681576676,30825.340788338013,2395.0,479,440,0.918580375782881,39,0,444,15,15,14,11,11,3262.2824545351746,5487.721640647997,1278.8619122219302,8114.128725020476,98,0.9317666389979422
geometry_early_optical_clear_probe,992407358,12,12,12,1.0,True,672.9401909203847,8075.282291044616,5236.282291044617,26181.4114552231,2345.0,469,439,0.9360341151385928,30,0,434,12,12,12,7,7,1389.5270608393691,6047.238727540903,827.238154417713,7515.669327767984,60,0.6830179800017504
geometry_early_optical_clear_probe,3588527199,13,13,13,1.0,True,673.5713713909589,8756.427828082466,6038.4278280824665,30192.13914041235,2235.0,447,404,0.9038031319910514,43,0,415,14,14,13,11,11,1327.4176719491936,3986.379961319578,476.14697163833705,8756.427828082466,40,1.2468770560080884
geometry_early_optical_clear_probe,4114367624,15,15,15,1.0,True,662.864196559623,9942.962948394344,7219.962948394339,36099.814741971706,2235.0,447,407,0.9105145413870246,40,0,410,16,16,15,15,15,2519.0877523973627,8735.166918464382,525.1629642192204,9942.962948394344,40,0.8314139710128075
geometry_early_optical_clear_probe,1866320151,13,13,13,1.0,True,679.2701038034538,8830.5113494449,6029.511349444896,30147.55674722449,2310.0,462,430,0.9307359307359307,32,0,426,13,13,13,8,8,2346.4535957953394,7445.893875623849,429.05775393254487,8602.133736945583,40,0.7359899889997905
geometry_early_optical_clear_probe,2661035102,13,13,13,1.0,True,680.6400381271586,8848.320495653063,6158.320495653062,30791.602478265333,2215.0,443,410,0.9255079006772009,33,0,410,13,13,13,8,8,1788.0333165089592,8066.131031651018,711.6706581652627,8381.295515765189,60,0.9453138300013961
geometry_early_optical_clear_probe,3365728161,11,11,11,1.0,True,782.2034570857221,8604.238027942944,5531.238027942942,27656.190139714727,2545.0,509,482,0.9469548133595285,27,0,473,11,11,11,2,2,3148.180023445239,7448.3725582147645,477.3572428729782,7971.569038450736,40,0.6712251379940426
geometry_early_optical_clear_probe,2034949524,15,15,15,1.0,True,582.8935665115391,8743.403497673087,5916.403497673092,29582.01748836546,2320.0,464,421,0.9073275862068966,43,0,429,16,16,15,13,13,1691.521670814199,5098.224766407132,1287.453870162722,8743.403497673087,95,1.1498470719961915
geometry_early_optical_clear_probe,2270732516,14,14,14,1.0,True,629.5790953456981,8814.107334839773,6089.107334839773,30445.53667419887,2240.0,448,411,0.9174107142857143,37,0,412,15,15,14,7,7,2978.3678245578603,8054.590200961723,524.7534393627396,8557.176914298294,40,0.8424546499882126
geometry_early_optical_clear_probe,2825049974,16,16,16,1.0,True,439.94579911996914,7039.132785919506,5039.132785919507,25195.66392959754,1625.0,325,278,0.8553846153846154,47,0,295,16,16,16,7,7,1493.260234417076,6014.350254802329,714.8852144658649,7039.132785919506,60,1.1605067269993015
geometry_early_optical_clear_probe,921847611,15,15,15,1.0,True,533.7165007427326,8005.747511140989,5819.747511140989,29098.737555704956,1785.0,357,314,0.8795518207282913,43,0,323,16,16,15,9,9,1162.9269855021614,2716.138901492837,485.38382502142144,7976.747511140989,40,1.1037274199916283
geometry_early_optical_clear_probe,874185326,14,14,14,1.0,True,620.6388883924914,8688.94443749488,6181.944437494879,30909.722187474414,2060.0,412,375,0.9101941747572816,37,0,377,14,14,14,6,6,2251.153474721296,7285.490504248582,790.9457988585884,8688.94443749488,60,0.7236836980009684
geometry_early_optical_clear_probe,181377704,11,11,11,1.0,True,811.7601282868861,8929.361411155747,5827.361411155749,29136.807055778754,2570.0,514,486,0.9455252918287937,28,0,477,11,11,11,7,7,1687.4611364991622,4040.2125099318037,404.56860873014637,8929.361411155747,40,0.9393555290007498
geometry_early_optical_clear_probe,408503884,10,10,10,1.0,True,908.2760744192146,9082.760744192146,5962.7607441921455,29813.80372096074,2585.0,517,492,0.9516441005802708,25,0,482,11,11,10,6,6,2165.644150193963,7278.81149831794,455.4233766449988,9082.760744192146,40,0.8402541389950784
geometry_early_optical_clear_probe,1511684171,11,11,11,1.0,True,780.0621371379294,8580.683508517224,5493.683508517224,27468.41754258612,2555.0,511,481,0.9412915851272016,30,0,477,11,11,11,6,6,3241.463366337692,7788.93275341038,420.23991392593865,8580.683508517224,40,0.5894157389993779
geometry_early_optical_clear_probe,3839537,13,13,13,1.0,True,708.282412364553,9207.671360739188,6583.671360739187,32918.356803695955,2165.0,433,399,0.9214780600461894,34,0,394,13,13,13,13,13,1375.929912759952,5985.533326068574,749.2907647954497,9207.671360739188,60,0.9633206659927964
geometry_early_optical_clear_probe,1607858518,10,10,10,1.0,True,1028.2036389021728,10282.036389021727,6917.036389021726,34585.181945108634,2785.0,557,526,0.9443447037701975,31,0,521,13,13,10,7,7,4011.9659857394554,7272.619336562584,980.2046080379646,10282.036389021727,80,0.7508157179981936
geometry_early_optical_clear_probe,1042836138,14,14,14,1.0,True,603.7217662822342,8452.104727951279,5947.10472795128,29735.523639756408,2060.0,412,378,0.9174757281553398,34,0,375,14,14,14,8,8,2186.678922514934,6955.696949844725,407.81723525548625,7906.979122914642,40,0.8397297149931546
geometry_early_optical_clear_probe,1815798965,14,14,14,1.0,True,627.3614798425268,8783.060717795375,6193.060717795378,30965.303588976894,2130.0,426,387,0.9084507042253521,39,0,390,14,14,14,10,10,1445.1094458149812,6367.934703522109,418.07490772404367,8783.060717795375,40,0.9593233589985175
geometry_early_optical_clear_probe,1188663103,11,11,11,1.0,True,797.1019270321248,8768.121197353372,5935.121197353372,29675.605986766874,2345.0,469,438,0.9339019189765458,31,0,433,11,11,11,8,8,990.3621338883072,2041.194490923793,1540.7181136138781,8000.766798604083,113,0.9026914029964246
geometry_early_optical_clear_probe,1202247032,13,13,13,1.0,True,642.1423624222236,8347.850711488907,5706.850711488907,28534.253557444543,2175.0,435,402,0.9241379310344827,33,0,401,13,13,13,11,11,1356.7436144943958,5176.284053263183,1003.1136337740201,8347.850711488907,77,0.867117445988697
geometry_early_optical_clear_probe,3873830507,13,13,13,1.0,True,658.981905869386,8566.764776302018,5725.7647763020195,28628.8238815101,2340.0,468,431,0.9209401709401709,37,0,433,14,14,13,10,10,1586.2434018429801,6409.3758170741385,467.9713144569761,8566.764776302018,40,1.0185072130116168
geometry_early_optical_clear_probe,975501795,11,11,11,1.0,True,722.2014553001272,7944.2160083014,5107.2160083014005,25536.080041507004,2345.0,469,437,0.9317697228144989,32,0,434,12,12,11,4,4,2530.7339623729963,6658.118441438209,1282.631237965593,7944.2160083014,95,0.6031656739942264
geometry_early_optical_clear_probe,4143825515,13,13,13,1.0,True,627.7184166259464,8160.339416137303,5570.3394161373035,27851.69708068653,2135.0,427,391,0.9156908665105387,36,0,390,13,13,13,7,7,1816.2323104487243,6848.419969633808,960.7832898140891,7177.983584684697,76,0.9274647739948705
geometry_early_optical_clear_probe,1977109403,13,13,13,1.0,True,719.066944403589,9347.870277246657,6354.870277246657,31774.351386233302,2470.0,494,462,0.9352226720647774,32,0,458,13,13,13,7,7,2758.4534585275705,6304.615580981201,2756.8154507024374,9347.870277246657,197,0.9254878159990767
geometry_early_optical_clear_probe,1207574128,15,15,15,1.0,True,629.8463570495311,9447.695355742966,6974.695355742964,34873.47677871482,2025.0,405,362,0.8938271604938272,43,0,367,17,17,15,11,11,1574.468101603839,4725.357938295516,480.7888556900863,9447.695355742966,40,0.95095463799953
geometry_early_optical_clear_probe,430201830,14,14,14,1.0,True,663.7930175492255,9293.102245689157,6459.102245689156,32295.51122844579,2330.0,466,424,0.9098712446351931,42,0,428,16,16,14,13,13,1732.1201506943491,7713.081503940829,693.3956960700325,9293.102245689157,60,1.519201813993277
geometry_early_optical_clear_probe,564102308,14,14,14,1.0,True,553.8244031514708,7753.5416441205925,5461.5416441205925,27307.70822060297,1880.0,376,338,0.898936170212766,38,0,342,14,14,14,6,6,1651.757783312425,6291.295143276612,449.3749140602724,7219.578690333394,40,0.8690266089979559
geometry_early_optical_clear_probe,3674441188,13,13,13,1.0,True,675.0685320162031,8775.890916210641,5972.890916210638,29864.454581053214,2310.0,462,426,0.922077922077922,36,0,425,14,14,13,11,11,2121.154563410927,5720.8526375062975,508.8379606889213,8775.890916210641,40,0.821669976998237
geometry_early_optical_clear_probe,3624092685,14,14,14,1.0,True,575.367152032717,8055.140128458037,6034.140128458038,30170.700642290205,1655.0,331,295,0.8912386706948641,36,0,296,14,14,14,7,7,873.3387923674602,3866.092118027785,496.40851933412864,6262.276406440924,40,0.8112441709963605
geometry_early_optical_clear_probe,2419586193,15,15,15,1.0,True,595.9614222930775,8939.421334396162,6276.421334396159,31382.106671980808,2185.0,437,397,0.9084668192219679,40,0,400,16,16,15,11,11,1990.6854123477112,8610.292566873164,499.0332980648041,8939.421334396162,40,0.9135620730085066
geometry_early_optical_clear_probe,431203609,11,11,11,1.0,True,830.4922230724279,9135.414453796708,6164.414453796708,30822.072268983546,2450.0,490,455,0.9285714285714286,35,0,454,15,15,11,9,9,1093.5365731443158,4438.989900619486,702.4826748910427,9135.414453796708,60,0.8908113390061771
geometry_early_optical_clear_probe,3704752127,13,13,13,1.0,True,659.228559133127,8569.971268730651,5915.971268730652,29579.85634365326,2185.0,437,397,0.9084668192219679,40,0,401,14,14,13,10,10,1751.5963049335826,4943.651174685754,716.3217735749982,8569.971268730651,60,0.9390378239913844
geometry_early_optical_clear_probe,751297529,11,11,11,1.0,True,821.5695786303531,9037.265364933884,5933.265364933884,29666.32682466944,2570.0,514,481,0.9357976653696498,33,0,479,11,11,11,6,6,1688.3468759965892,7718.7388935487115,469.32568027458865,8886.307099055544,40,0.8986920869938331
geometry_early_optical_clear_probe,852576044,15,15,15,1.0,True,583.6369072304008,8754.553608456012,6094.553608456016,30472.76804228009,2180.0,436,397,0.9105504587155964,39,0,399,17,17,15,7,7,2897.2323863819247,6041.179148408107,472.5229863332812,8754.553608456012,40,0.9964040810009465
geometry_early_optical_clear_probe,1041188138,11,11,11,1.0,True,730.3328643970467,8033.661508367514,5336.661508367515,26683.307541837585,2230.0,446,415,0.9304932735426009,31,0,412,11,11,11,7,7,968.0227107975917,4636.641239133437,454.9185625618604,7980.661508367514,40,0.9453812599967932
geometry_early_optical_clear_probe,737664153,12,12,12,1.0,True,719.9928037684313,8639.913645221175,5735.913645221173,28679.56822610588,2400.0,480,454,0.9458333333333333,26,0,444,12,12,12,5,5,1822.3833390631328,5837.619707405369,458.63909315653905,8639.913645221175,40,0.7689832869946258
geometry_early_optical_clear_probe,2146349651,14,14,14,1.0,True,634.2121530159874,8878.970142223823,6208.970142223824,31044.85071111913,2195.0,439,401,0.9134396355353075,38,0,405,14,14,14,11,11,1592.3333576412522,4623.211592958779,1022.0772809151069,8562.40308651408,79,0.9332065820053685
geometry_early_optical_clear_probe,1357695755,14,14,14,1.0,True,711.130950700074,9955.833309801035,6754.8333098010335,33774.16654900518,2640.0,528,492,0.9318181818181818,36,0,491,14,14,14,9,9,3046.493508150469,9343.18116807045,448.46040592087996,9920.833309801035,40,0.7805412369925762
geometry_early_optical_clear_probe,1446547000,12,12,12,1.0,True,721.1903529956512,8654.284235947815,5818.284235947814,29091.421179739074,2340.0,468,437,0.9337606837606838,31,0,433,13,13,12,5,5,2240.921418771091,7408.3682662094625,528.8182607884689,8220.83497990961,40,0.7785261139943032
geometry_early_optical_clear_probe,3845653280,12,12,12,1.0,True,761.219958732493,9134.639504789915,6291.639504789911,31458.19752394957,2345.0,469,435,0.9275053304904051,34,0,432,14,14,12,12,12,2007.7637712152937,8244.314777697702,742.8655423806339,8538.478036982722,60,1.0431537539989222
geometry_early_optical_clear_probe,170169153,11,11,11,1.0,True,743.6256175880217,8179.881793468238,5467.881793468239,27339.408967341213,2245.0,449,422,0.9398663697104677,27,0,412,11,11,11,5,5,1593.1709359716167,5692.3983425036495,694.7945749601256,6624.6228131857315,59,0.8166436979954597
geometry_early_optical_clear_probe,2520768554,14,14,14,1.0,True,684.8751426055196,9588.251996477275,6660.251996477275,33301.25998238638,2410.0,482,444,0.921161825726141,38,0,445,15,15,14,8,8,2691.848890998818,6189.242569821384,1554.692590964574,9588.251996477275,116,0.959188205000828
geometry_early_optical_clear_probe,1543558141,11,11,11,1.0,True,832.1512304317944,9153.663534749738,6129.663534749735,30648.31767374869,2505.0,501,471,0.9401197604790419,30,0,464,11,11,11,8,8,2136.586588219853,6637.35037629352,492.3515689731659,9153.663534749738,40,0.9167321249988163
geometry_early_optical_clear_probe,1333390141,10,10,10,1.0,True,894.0563703496671,8940.563703496671,5831.56370349667,29157.818517483367,2580.0,516,492,0.9534883720930233,24,0,479,10,10,10,4,4,2059.547105954406,7096.617133675307,711.9456174303223,8940.563703496671,60,0.7407222420006292
geometry_early_optical_clear_probe,1673989847,15,15,15,1.0,True,636.8995309519893,9553.49296427984,7098.492964279835,35492.46482139919,2010.0,402,354,0.8805970149253731,48,0,367,16,16,15,19,19,1447.4597468086342,6151.838258829669,474.2530899536181,9553.49296427984,40,1.2827261899947189
geometry_early_optical_clear_probe,1694408305,10,10,10,1.0,True,989.0727141321988,9890.727141321988,6380.727141321984,31903.635706609926,2910.0,582,553,0.9501718213058419,29,0,547,11,11,10,10,10,2776.998463080302,6700.405310645285,1600.192503599398,9890.727141321988,120,1.0440542619908229
geometry_early_optical_clear_probe,2386036596,10,10,10,1.0,True,880.2797469948385,8802.797469948386,5884.7974699483875,29423.987349741943,2415.0,483,453,0.937888198757764,30,0,447,12,12,10,9,9,1229.7655377771669,3966.054659403995,972.6913995596813,8802.797469948386,76,0.7757913590030512
geometry_early_optical_clear_probe,4092999278,16,16,16,1.0,True,541.431731693644,8662.907707098304,6290.907707098303,31454.538535491534,1935.0,387,340,0.8785529715762274,47,0,354,17,17,16,11,11,1956.215584610575,7660.776366082822,1055.0487735478455,8662.907707098304,79,1.017208239005413
geometry_early_optical_clear_probe,2191134488,11,11,11,1.0,True,943.3843349716357,10377.227684687992,7090.227684687984,35451.13842343994,2715.0,543,509,0.9373848987108656,34,0,505,15,15,11,9,9,1845.6405089799334,7752.019763760959,718.2305011424014,10377.227684687992,60,1.0345824120013276
geometry_early_optical_clear_probe,2061285715,16,16,16,1.0,True,530.4326538623329,8486.922461797327,6064.922461797326,30324.612308986652,1980.0,396,358,0.9040404040404041,38,0,362,16,16,16,3,3,3210.4567672235294,6280.577001274111,790.8765457235851,8486.922461797327,60,1.0046635219914606
geometry_early_optical_clear_probe,1166728019,14,14,14,1.0,True,600.5744941982632,8408.042918775685,5665.042918775686,28325.21459387844,2255.0,451,411,0.9113082039911308,40,0,415,15,15,14,7,7,2337.2251270426764,7361.808241836081,467.157549119097,7963.565849239078,40,1.014424674998736
geometry_early_optical_clear_probe,3066941647,11,11,11,1.0,True,824.5499834592829,9070.049818052112,6044.049818052112,30220.24909026057,2505.0,501,472,0.9421157684630739,29,0,466,11,11,11,9,9,1525.7871300171587,7052.697013486501,2484.383103859079,9070.049818052112,185,0.9540167130035115
geometry_early_optical_clear_probe,811930159,13,13,13,1.0,True,676.0955541473733,8789.242203915852,6093.242203915851,30466.211019579263,2220.0,444,403,0.9076576576576577,41,0,408,14,14,13,6,6,1756.7491965265197,6272.461696567047,751.5022098053807,8789.242203915852,60,0.8218241170106921
geometry_early_optical_clear_probe,1706997898,10,10,10,1.0,True,928.5337588551522,9285.337588551522,5968.337588551521,29841.687942757613,2750.0,550,525,0.9545454545454546,25,0,514,11,11,10,5,5,3462.5459722130704,8806.428902701393,1037.0946726487275,9285.337588551522,80,0.7130589470034465
geometry_early_optical_clear_probe,3280404747,11,11,11,1.0,True,766.9227749258505,8436.150524184355,5421.150524184359,27105.75262092179,2495.0,499,471,0.9438877755511023,28,0,465,11,11,11,7,7,1928.726530404178,4660.408159665435,3180.1247232033006,8383.150524184355,231,0.6800554469955387
geometry_early_optical_clear_probe,2366845707,16,16,16,1.0,True,498.86184301684,7981.78948826944,5764.789488269442,28823.94744134722,1805.0,361,319,0.8836565096952909,42,0,329,17,17,16,11,11,1625.2135216291492,6789.068525073658,796.7163151616653,7981.78948826944,59,0.999984938011039
geometry_early_optical_clear_probe,2402439210,10,10,10,1.0,True,873.9808198721721,8739.808198721721,5604.80819872172,28024.04099360861,2600.0,520,495,0.9519230769230769,25,0,485,10,10,10,3,3,2808.125656212082,8391.737388341879,397.62476053597163,8739.808198721721,40,0.6360686179978075
geometry_early_optical_clear_probe,1209868994,15,15,15,1.0,True,573.4125053752548,8601.187580628823,6174.187580628821,30870.937903144113,1990.0,398,356,0.8944723618090452,42,0,362,15,15,15,9,9,1439.5438917558943,7178.66670066358,1196.5051052127387,7487.9509364626965,100,1.1264004510012455
geometry_early_optical_clear_probe,1104852756,15,15,15,1.0,True,577.4832405896524,8662.248608844786,6012.248608844786,30061.243044223942,2175.0,435,395,0.9080459770114943,40,0,400,15,15,15,5,5,2822.894657003711,7196.950164529768,462.1579805374967,8633.248608844786,40,0.7919224270008272
geometry_early_optical_clear_probe,678465436,13,13,13,1.0,True,684.5055303969481,8898.571895160325,6108.571895160322,30542.859475801626,2300.0,460,423,0.9195652173913044,37,0,425,13,13,13,8,8,2299.4224867914263,5824.312431709378,1831.7219437546307,8898.571895160325,137,0.7860521779948613
geometry_early_optical_clear_probe,195739792,14,14,14,1.0,True,606.5132526536735,8491.185537151428,5921.18553715143,29605.927685757157,2110.0,422,379,0.8981042654028436,43,0,387,15,15,14,14,14,1541.302939558514,6410.405497109808,991.4760074913054,8491.185537151428,80,1.124166169000091
geometry_early_optical_clear_probe,2398047626,16,16,16,1.0,True,539.3212109162314,8629.139374659702,6129.139374659704,30645.696873298533,2040.0,408,367,0.8995098039215687,41,0,377,17,17,16,9,9,2604.886878485782,6149.8743291030405,1284.1920025279794,8629.139374659702,94,1.0124174259981373
geometry_early_optical_clear_probe,1783462668,10,10,10,1.0,True,885.0477585392251,8850.477585392251,5819.47758539225,29097.387926961266,2515.0,503,477,0.94831013916501,26,0,466,10,10,10,5,5,1689.268656511203,6814.071000031951,423.1598528563686,7629.214013164514,40,0.8806956899934448
geometry_early_optical_clear_probe,72007571,14,14,14,1.0,True,616.2522217302927,8627.531104224097,5797.5311042240955,28987.655521120487,2330.0,466,430,0.9227467811158798,36,0,430,14,14,14,6,6,2634.8034411366066,6611.191654824954,800.7597652241371,8088.240035343599,60,0.6669240629998967
geometry_early_optical_clear_probe,1415444944,13,13,13,1.0,True,709.0928897451597,9218.207566687077,5995.207566687078,29976.037833435395,2660.0,532,495,0.9304511278195489,37,0,498,13,13,13,8,8,1498.261656649956,6863.947359587875,483.2969671365292,9218.207566687077,40,1.4066555419994984
geometry_early_optical_clear_probe,2914220655,15,15,15,1.0,True,559.7810996669388,8396.71649500408,6136.7164950040815,30683.582475020427,1850.0,370,332,0.8972972972972973,38,0,335,15,15,15,8,8,1974.3894268847173,7452.773193500781,785.7615967985332,8396.71649500408,60,0.7592449219955597
geometry_early_optical_clear_probe,196842312,10,10,10,1.0,True,869.0298375985788,8690.298375985787,5614.298375985784,28071.49187992894,2550.0,510,484,0.9490196078431372,26,0,473,11,11,10,4,4,1949.2813470103115,6026.175674498478,686.1891471037618,8251.01678968001,60,0.8891567009995924
geometry_early_optical_clear_probe,2170105760,12,12,12,1.0,True,710.468407141027,8525.620885692324,5669.620885692327,28348.104428461644,2360.0,472,443,0.9385593220338984,29,0,436,12,12,12,3,3,2034.2147265228514,5886.146779514873,473.68077889997573,8525.620885692324,40,0.7018391040037386
geometry_early_optical_clear_probe,2883604698,11,11,11,1.0,True,680.1850575463607,7482.035633009968,4964.0356330099685,24820.178165049845,2080.0,416,389,0.9350961538461539,27,0,383,11,11,11,4,4,1024.8725871574545,4446.444148544027,455.6764395197362,7482.035633009968,40,0.7550949019932887
geometry_early_optical_clear_probe,1508866211,11,11,11,1.0,True,746.7334390094485,8214.067829103933,5388.067829103936,26940.339145519694,2335.0,467,438,0.9379014989293362,29,0,430,13,13,11,5,5,1325.0759918832316,5282.385780267964,534.9255090258932,8011.148583801067,40,0.8502100479963701
geometry_early_optical_clear_probe,4243950455,10,10,10,1.0,True,952.927878680598,9529.27878680598,6235.278786805978,31176.3939340299,2730.0,546,518,0.9487179487179487,28,0,511,11,11,10,6,6,2623.096669783394,7841.52015553734,957.0437298272241,9529.27878680598,77,0.9201744869933464
geometry_early_optical_clear_probe,76016324,15,15,15,1.0,True,593.3945702343125,8900.918553514688,6414.91855351469,32074.592767573457,2035.0,407,367,0.9017199017199017,40,0,373,16,16,15,7,7,2194.381807191936,7724.9549770134545,1014.6211939939976,8900.918553514688,78,0.9582210009975825
geometry_early_optical_clear_probe,2298998239,12,12,12,1.0,True,680.0267510726686,8160.321012872023,5714.321012872025,28571.605064360145,2015.0,403,372,0.9230769230769231,31,0,368,13,13,12,3,3,1304.0792602294957,6017.211552762109,501.84515119912885,8160.321012872023,40,0.8966264439950464
geometry_early_optical_clear_probe,3797418893,16,16,16,1.0,True,533.1369455297461,8530.191128475937,6406.191128475939,32030.9556423797,1725.0,345,302,0.8753623188405797,43,0,313,18,18,16,15,15,1372.4396502127472,6795.206385349159,433.8982735685163,8530.191128475937,40,1.4618558619986288
geometry_early_optical_clear_probe,2473259913,12,12,12,1.0,True,725.7185435720002,8708.622522864001,5791.622522864,28958.11261432002,2410.0,482,455,0.9439834024896265,27,0,447,12,12,12,7,7,2873.896365253299,7645.196209193842,520.1249305016969,8153.66095922302,40,0.5505654550070176
geometry_early_optical_clear_probe,1412593196,13,13,13,1.0,True,662.352723421792,8610.585404483296,5932.585404483299,29662.92702241649,2205.0,441,408,0.9251700680272109,33,0,405,14,14,13,10,10,1710.6045713046126,5986.264721194203,751.9350719779395,8610.585404483296,60,0.8386658770032227
geometry_early_optical_clear_probe,733373671,13,13,13,1.0,True,606.0589474018938,7878.766316224619,5380.76631622462,26903.8315811231,2055.0,411,371,0.902676399026764,40,0,375,14,14,13,10,10,418.8474805477415,1223.9578573401907,450.5534076381947,7837.766316224619,40,1.2750102839927422
geometry_early_optical_clear_probe,2011991089,15,15,15,1.0,True,540.5695482385884,8108.543223578825,5582.5432235788285,27912.716117894142,2070.0,414,373,0.9009661835748792,41,0,381,15,15,15,11,11,2199.810499687117,7562.079408667379,1288.2682542364341,8079.543223578825,98,0.8083194849896245
geometry_early_optical_clear_probe,4117723653,15,15,15,1.0,True,538.6112479640709,8079.168719461063,5604.168719461063,28020.843597305327,2030.0,406,368,0.9064039408866995,38,0,370,15,15,15,10,10,1201.855519786068,5333.1595333179785,687.8448460905447,7763.795424718432,60,0.9949102960090386
geometry_early_optical_clear_probe,417675181,13,13,13,1.0,True,728.1324227166616,9465.7214953166,6608.721495316598,33043.607476583,2355.0,471,440,0.9341825902335457,31,0,434,14,14,13,7,7,3137.6364993908965,8488.51504942369,2235.2392662726943,9002.022437537513,155,0.8434939839935396
geometry_early_optical_clear_probe,1933672629,16,16,16,1.0,True,539.6294047670981,8634.07047627357,6287.070476273571,31435.352381367866,1915.0,383,342,0.8929503916449086,41,0,349,17,17,16,10,10,1770.546829078333,6711.072958075212,475.5337724688624,8414.113011978592,40,1.102803577989107
geometry_early_optical_clear_probe,3105180828,11,11,11,1.0,True,883.1682896830611,9714.851186513672,6601.851186513672,33009.25593256837,2575.0,515,482,0.9359223300970874,33,0,480,12,12,11,10,10,1564.964374067246,8029.008114739705,2350.180378604445,9714.851186513672,177,0.9900489780120552
geometry_early_optical_clear_probe,3783437107,11,11,11,1.0,True,868.9678624523953,9558.646486976348,6210.646486976345,31053.23243488174,2770.0,554,517,0.9332129963898917,37,0,517,13,13,11,9,9,2749.8322380155423,7346.198789931475,1232.7752586705776,9267.905523186673,100,0.862944790002075
geometry_early_optical_clear_probe,2891587149,16,16,16,1.0,True,607.5540980277704,9720.865568444326,6789.865568444324,33949.32784222164,2400.0,480,425,0.8854166666666666,55,0,445,18,18,16,23,23,1473.7989798125725,5707.670827750445,2097.9235384836315,9720.865568444326,155,1.5664201390027301
geometry_early_optical_clear_probe,507206236,13,13,13,1.0,True,663.2020501832124,8621.626652381761,5704.626652381763,28523.133261908828,2405.0,481,443,0.920997920997921,38,0,444,14,14,13,11,11,1641.2786833782977,6432.546970619848,419.9559552390261,8621.626652381761,40,0.9749465019995114
geometry_early_optical_clear_probe,3541605134,15,15,15,1.0,True,568.4552346000697,8526.828519001047,5954.828519001049,29774.14259500525,2110.0,422,379,0.8981042654028436,43,0,387,15,15,15,14,14,1874.1723653000058,6196.422435992926,1466.4785120535337,8526.828519001047,116,1.031189961999189
geometry_early_optical_clear_probe,2214980578,14,14,14,1.0,True,620.895196675379,8692.532753455305,6029.532753455303,30147.66376727653,2190.0,438,400,0.91324200913242,38,0,403,14,14,14,12,12,1994.6848107872775,6476.389109911351,1315.4107781895752,8125.5815703157305,98,1.0412544029968558
geometry_early_optical_clear_probe,74880613,12,12,12,1.0,True,689.1655189381514,8269.986227257818,5636.986227257819,28184.931136289106,2165.0,433,399,0.9214780600461894,34,0,402,14,14,12,8,8,1532.8666285693291,5768.7818267600605,1037.8891770993469,8084.360456193077,79,0.7828553400031524
geometry_early_optical_clear_probe,2326016584,16,16,16,1.0,True,671.3310881373997,10741.297410198395,7981.297410198393,39906.48705099197,2260.0,452,409,0.9048672566371682,43,0,414,18,18,16,10,10,3522.320634296942,7006.025738896186,778.1486441370477,10741.297410198395,60,1.1363332790060667
geometry_early_optical_clear_probe,1245398783,14,14,14,1.0,True,667.6099636952824,9346.539491733954,6460.539491733955,32302.697458669772,2375.0,475,436,0.9178947368421052,39,0,438,15,15,14,11,11,2767.8495704963134,8908.529931346426,783.8276903120113,9137.874694748883,59,0.9840534179966198
geometry_early_optical_clear_probe,1063363618,12,12,12,1.0,True,756.7953153767997,9081.543784521597,5870.5437845215965,29352.71892260799,2655.0,531,501,0.943502824858757,30,0,496,12,12,12,7,7,3434.7831578252117,7574.648070496622,504.95167020318036,8423.316403017576,40,0.8498271889984608
geometry_early_optical_clear_probe,4187998503,12,12,12,1.0,True,812.5790622141882,9750.948746570259,6540.948746570256,32704.743732851297,2655.0,531,500,0.9416195856873822,31,0,495,12,12,12,9,9,3267.0356844205867,8126.296803372855,763.8727604898926,9750.948746570259,60,0.8686260930116987
geometry_early_optical_clear_probe,4192248759,15,15,15,1.0,True,525.2061228186097,7878.091842279146,5612.091842279146,28060.45921139574,1855.0,371,330,0.889487870619946,41,0,336,15,15,15,9,9,1675.1638733407665,6167.789857356237,496.11722373902785,7849.091842279146,40,0.9899677470093593
geometry_early_optical_clear_probe,4018316325,12,12,12,1.0,True,739.5459285688902,8874.551142826682,6085.551142826684,30427.75571413343,2305.0,461,431,0.9349240780911063,30,0,424,12,12,12,7,7,2586.703355255852,8278.660099753522,772.477815423215,8597.805848446458,59,0.7559511239960557
geometry_early_optical_clear_probe,3542899787,13,13,13,1.0,True,712.6139989586179,9263.981986462033,6637.981986462031,33189.90993231018,2165.0,433,397,0.9168591224018475,36,0,396,13,13,13,10,10,1406.696330398868,5823.13082118659,1524.714429998868,9263.981986462033,113,0.956526206995477
geometry_early_optical_clear_probe,691268531,16,16,16,1.0,True,466.202131411672,7459.234102586752,5277.234102586752,26386.170512933768,1775.0,355,307,0.8647887323943662,48,0,324,17,17,16,18,18,1662.144554480636,5302.567847903894,734.0406270091545,7459.234102586752,60,1.2256722820020514
geometry_early_optical_clear_probe,2177652690,16,16,16,1.0,True,524.5781008965183,8393.249614344293,5889.249614344295,29446.248071721482,2045.0,409,368,0.8997555012224939,41,0,376,17,17,16,12,12,2258.0724492246395,7264.098103347357,700.3005420166148,8393.249614344293,59,1.1933753969933605
geometry_early_optical_clear_probe,3478597698,11,11,11,1.0,True,799.1143601566375,8790.257961723013,5700.257961723009,28501.289808615067,2560.0,512,486,0.94921875,26,0,475,11,11,11,5,5,2280.3212615438506,6086.68872085772,1304.042252832021,8194.333450114456,95,0.7252827060001437
geometry_early_optical_clear_probe,402006760,10,10,10,1.0,True,845.9064243313514,8459.064243313514,5361.064243313516,26805.321216567587,2570.0,514,482,0.9377431906614786,32,0,478,10,10,10,5,5,2443.0016876987215,7288.880548346172,477.1244959078738,8459.064243313514,40,0.7497598350018961
geometry_early_optical_clear_probe,4092257991,15,15,15,1.0,True,657.3225254560065,9859.837881840098,7049.837881840098,35249.18940920052,2305.0,461,421,0.913232104121475,40,0,424,17,17,15,6,6,3380.1040070034696,8438.318287130549,751.7182730883217,9859.837881840098,60,0.8809600539971143
geometry_early_optical_clear_probe,3274600359,10,10,10,1.0,True,1008.4943961370518,10084.943961370518,6683.943961370515,33419.71980685258,2820.0,564,534,0.9468085106382979,30,0,528,11,11,10,9,9,2727.70631266227,7598.727035887554,2048.9803317199066,10084.943961370518,147,0.8056949750025524
geometry_early_optical_clear_probe,556803065,13,13,13,1.0,True,633.5810880316518,8236.554144411473,5614.554144411476,28072.770722057376,2160.0,432,399,0.9236111111111112,33,0,397,13,13,13,9,9,1405.5107974393043,6316.912114811609,789.4150623985363,7115.362228758635,60,0.9178099640121218
geometry_early_optical_clear_probe,2994681810,15,15,15,1.0,True,580.9876742083735,8714.815113125602,6230.8151131256,31154.075565628005,2035.0,407,361,0.8869778869778869,46,0,371,16,16,15,9,9,1808.4247397995773,6322.06660916723,494.1794321139557,8714.815113125602,40,1.0110302429966396
geometry_early_optical_clear_probe,2087568034,11,11,11,1.0,True,888.635331095924,9774.988642055165,6714.988642055166,33574.943210275844,2535.0,507,478,0.9428007889546351,29,0,470,11,11,11,8,8,2387.3713117961547,7124.809595430153,2557.8590147798855,9774.988642055165,185,0.8159744830045383
geometry_early_optical_clear_probe,4098992942,12,12,12,1.0,True,730.5138820634708,8766.16658476165,6033.166584761649,30165.832923808255,2255.0,451,422,0.9356984478935698,29,0,415,13,13,12,7,7,2522.7528915427697,7970.987821713038,939.032800735331,8297.585003179876,79,0.8108747719961684
geometry_early_optical_clear_probe,154285086,15,15,15,1.0,True,529.6701702235399,7945.052553353099,5764.0525533531,28820.262766765503,1780.0,356,318,0.8932584269662921,38,0,323,16,16,15,5,5,2024.5133233567162,6257.512523307823,1295.389693688286,7659.541315535933,98,0.6408883539988892
geometry_early_optical_clear_probe,923362522,13,13,13,1.0,True,693.6673080765182,9017.675004994737,6296.675004994741,31483.37502497372,2240.0,448,416,0.9285714285714286,32,0,413,14,14,13,8,8,2058.669280747413,6562.011325372144,500.6221942737832,9017.675004994737,40,0.9567371849989286
geometry_early_optical_clear_probe,2378122708,15,15,15,1.0,True,606.9587975680242,9104.381963520364,6615.381963520364,33076.90981760183,2040.0,408,371,0.9093137254901961,37,0,371,16,16,15,7,7,2243.016776483027,7370.977464602372,1011.4301239147514,9104.381963520364,77,0.8081822509993799
geometry_early_optical_clear_probe,958594041,13,13,13,1.0,True,702.1720938443158,9128.237219976105,6450.237219976104,32251.186099880524,2205.0,441,406,0.9206349206349206,35,0,405,14,14,13,6,6,1932.9446065073694,6042.81309065238,467.06528987721646,9128.237219976105,40,1.026442157002748
geometry_early_optical_clear_probe,949689506,14,14,14,1.0,True,666.632434774275,9332.85408683985,6320.854086839849,31604.270434199254,2480.0,496,456,0.9193548387096774,40,0,459,15,15,14,12,12,2588.6492665520086,8378.586232563837,498.1554343243325,8893.279860032013,40,1.220327671006089
geometry_early_optical_clear_probe,818717565,16,16,16,1.0,True,583.9336500123956,9342.938400198329,6842.938400198329,34214.69200099166,2040.0,408,358,0.8774509803921569,50,0,371,19,19,16,16,16,1901.7943661196573,6658.237923073254,473.21223951332144,9342.938400198329,40,1.1085833710094448
geometry_early_optical_clear_probe,40595826,14,14,14,1.0,True,685.3510519881311,9594.914727833835,6519.914727833834,32599.573639169186,2535.0,507,469,0.9250493096646942,38,0,470,14,14,14,10,10,3171.1506225940752,7396.873065805589,418.26760500185054,9594.914727833835,40,0.8947923020023154
geometry_early_optical_clear_probe,4284793438,13,13,13,1.0,True,648.0397518328575,8424.516773827148,5840.516773827147,29202.583869135753,2125.0,425,390,0.9176470588235294,35,0,391,14,14,13,6,6,1554.5068546802909,4210.771640483517,479.3876274591529,8383.516773827148,40,0.9544324349990347
geometry_early_optical_clear_probe,1951396699,16,16,16,1.0,True,556.7082609785697,8907.332175657115,6589.332175657112,32946.66087828558,1895.0,379,330,0.8707124010554089,49,0,340,17,17,16,13,13,1615.9417917888236,6303.565106497052,435.3519075132318,8907.332175657115,40,1.2158013459993526
geometry_early_optical_clear_probe,1261076306,13,13,13,1.0,True,703.5083102395384,9145.608033114,6549.6080331139965,32748.040165569993,2135.0,427,394,0.9227166276346604,33,0,393,14,14,13,4,4,1934.676047856789,5922.448714684908,756.8160133983979,9145.608033114,59,1.0239126149972435
geometry_early_optical_clear_probe,3010541131,12,12,12,1.0,True,698.7846115672236,8385.415338806682,5647.415338806685,28237.076694033432,2260.0,452,420,0.9292035398230089,32,0,418,12,12,12,7,7,2137.669371949801,5356.6108288440255,1034.759327887099,8385.415338806682,79,0.8143149969982915
geometry_early_optical_clear_probe,1819275543,12,12,12,1.0,True,752.6438459785044,9031.726151742052,5981.726151742052,29908.63075871028,2515.0,503,471,0.9363817097415507,32,0,472,13,13,12,6,6,3033.5647881746595,6803.4797174289415,732.0714676514734,9031.726151742052,60,0.6230154759978177
geometry_early_optical_clear_probe,3267276292,12,12,12,1.0,True,759.2276400763793,9110.731680916551,6060.731680916551,30303.658404582762,2520.0,504,474,0.9404761904761905,30,0,467,13,13,12,12,12,2690.2799977505188,6756.14637491483,1048.2106513944352,8559.385562969213,80,0.9125480850052554
geometry_early_optical_clear_probe,2588467801,15,15,15,1.0,True,700.1079829470524,10501.619744205786,7678.619744205782,38393.09872102892,2320.0,464,419,0.9030172413793104,45,0,425,16,16,15,8,8,3115.685919932921,7983.931203046165,1349.5107553674418,10501.619744205786,98,0.871780311994371
geometry_early_optical_clear_probe,2248685832,16,16,16,1.0,True,582.7675109633097,9324.280175412956,6526.28017541296,32631.40087706481,2290.0,458,417,0.9104803493449781,41,0,425,17,17,16,13,13,3780.6265875930767,8693.386478113893,511.74692919339384,9324.280175412956,40,0.8787941670016153
geometry_early_optical_clear_probe,2132284740,13,13,13,1.0,True,673.2298348714661,8751.98785332906,6228.987853329062,31144.939266645324,2075.0,415,379,0.9132530120481928,36,0,380,14,14,13,5,5,1859.6860021648522,6597.479617880324,464.53957348513745,8751.98785332906,40,0.9537976099963998
geometry_early_optical_clear_probe,4103440419,16,16,16,1.0,True,517.6545428315922,8282.472685305474,5970.472685305476,29852.363426527394,1885.0,377,333,0.883289124668435,44,0,341,18,18,16,9,9,1843.8975390370865,7411.820153120782,444.4875939153538,8282.472685305474,40,0.9650123340106802
geometry_early_optical_clear_probe,1840614840,14,14,14,1.0,True,644.3095392953568,9020.333550134996,5887.333550134998,29436.667750674995,2580.0,516,477,0.9244186046511628,39,0,480,15,15,14,10,10,2339.194393613948,7726.739910847129,470.47434902742225,9020.333550134996,40,1.0204856370110065
geometry_early_optical_clear_probe,3701801489,12,12,12,1.0,True,749.1146439293574,8989.375727152288,6205.375727152289,31026.87863576145,2300.0,460,428,0.9304347826086956,32,0,424,12,12,12,5,5,2151.6848753903782,7768.430542328893,417.7909941202083,8989.375727152288,40,0.8826896859973203
geometry_early_optical_clear_probe,2550673420,15,15,15,1.0,True,552.5774421051323,8288.661631576984,5811.661631576985,29058.308157884923,2030.0,406,365,0.8990147783251231,41,0,372,15,15,15,12,12,1691.3571495416543,7285.257439181526,734.5965380792617,7951.740567888753,60,0.9330121670063818
geometry_early_optical_clear_probe,1563363787,10,10,10,1.0,True,935.958812789657,9359.58812789657,5935.588127896571,29677.940639482866,2840.0,568,541,0.9524647887323944,27,0,531,11,11,10,7,7,3404.8438273548913,6716.98663710748,507.49215118418,9359.58812789657,40,0.6501699630025541
geometry_early_optical_clear_probe,2534085576,13,13,13,1.0,True,825.1052648901066,10726.368443571386,7289.368443571388,36446.84221785694,2835.0,567,529,0.9329805996472663,38,0,531,15,15,13,10,10,2017.1868946380698,7902.4331290365235,718.7659182008218,10726.368443571386,60,0.9433010450011352
geometry_early_optical_clear_probe,1129123482,12,12,12,1.0,True,745.7547358135048,8949.056829762058,5961.056829762057,29805.2841488103,2465.0,493,460,0.9330628803245437,33,0,460,13,13,12,8,8,1929.6637174392617,7876.468739968189,490.6087034610978,8949.056829762058,40,1.1867829440016067
geometry_early_optical_clear_probe,1646105109,13,13,13,1.0,True,700.8982106070339,9111.676737891441,6381.676737891439,31908.383689457212,2250.0,450,416,0.9244444444444444,34,0,412,14,14,13,11,11,1584.757031348054,7116.010400498913,1015.6101646077042,9111.676737891441,78,1.161593038996216
geometry_early_optical_clear_probe,3176227577,16,16,16,1.0,True,602.8354825595959,9645.367720953534,7042.367720953533,35211.838604767676,2135.0,427,381,0.892271662763466,46,0,388,16,16,16,13,13,1945.1664236423778,6676.528618439379,1055.9088417184205,9645.367720953534,80,1.1640646320011
geometry_early_optical_clear_probe,46198259,12,12,12,1.0,True,742.5320022920176,8910.384027504211,6027.38402750421,30136.920137521065,2380.0,476,442,0.9285714285714286,34,0,440,13,13,12,5,5,2945.7427113772615,7536.994664891123,961.3208836402487,8685.906964515327,80,0.6313076939986786
geometry_early_optical_clear_probe,2806330380,10,10,10,1.0,True,976.1490983884585,9761.490983884585,6540.490983884586,32702.454919422948,2665.0,533,507,0.9512195121951219,26,0,497,13,13,10,5,5,2307.0996544228515,7710.824921621533,477.5709331738039,9761.490983884585,40,1.0605118730018148
geometry_early_optical_clear_probe,667355772,11,11,11,1.0,True,753.0443939840308,8283.488333824338,5449.488333824339,27247.4416691217,2345.0,469,440,0.9381663113006397,29,0,434,11,11,11,7,7,1015.1818181818181,1656.2,1749.290862603503,8283.488333824338,134,0.7079176110128174
geometry_early_optical_clear_probe,1816299260,15,15,15,1.0,True,601.7358936808358,9026.038405212537,6337.038405212535,31685.192026062687,2205.0,441,395,0.8956916099773242,46,0,406,16,16,15,16,16,1514.7830264524694,6909.645983068655,1523.2709849767994,8280.47692416167,120,1.3242780180007685
geometry_early_optical_clear_probe,1682785164,15,15,15,1.0,True,593.0467940366985,8895.701910550479,6112.70191055048,30563.50955275241,2285.0,457,416,0.9102844638949672,41,0,420,16,16,15,16,16,2222.661962241495,6671.90357228159,1259.151407288412,8895.701910550479,99,0.9399122400063789
geometry_early_optical_clear_probe,3683500557,14,14,14,1.0,True,618.7793496136652,8662.910894591312,6152.91089459131,30764.554472956563,2060.0,412,372,0.9029126213592233,40,0,377,15,15,14,10,10,1795.6521158386772,6261.8109431419925,755.6700033604359,8221.513378808315,60,0.8751008740073303
geometry_early_optical_clear_probe,1802687319,14,14,14,1.0,True,566.9324417824237,7937.054184953931,5857.054184953931,29285.270924769673,1705.0,341,301,0.8826979472140762,40,0,305,14,14,14,8,8,788.0406345658288,3857.660788187505,481.8621404092833,5599.586146829515,40,1.1491197470022598
geometry_early_optical_clear_probe,3592038646,15,15,15,1.0,True,631.3177341690827,9469.76601253624,6888.766012536237,34443.83006268119,2115.0,423,377,0.8912529550827423,46,0,385,17,17,15,11,11,2008.0432000186242,6502.467291916773,992.8139464126841,9469.76601253624,79,1.2268928589910502
geometry_early_optical_clear_probe,930648573,13,13,13,1.0,True,679.887420559033,8838.53646726743,6233.536467267427,31167.682336337148,2145.0,429,388,0.9044289044289044,41,0,392,14,14,13,14,14,997.944598562224,7003.513753666994,748.9689266160685,7840.264576729623,60,1.2930855070007965
geometry_early_optical_clear_probe,2274007394,10,10,10,1.0,True,877.1166779425841,8771.166779425841,5629.166779425844,28145.83389712922,2605.0,521,491,0.9424184261036468,30,0,487,10,10,10,5,5,2592.9255015254976,7526.952896984955,715.8794207588834,8712.166779425841,60,0.7940197989955777
geometry_early_optical_clear_probe,1827499092,15,15,15,1.0,True,598.4977212746932,8977.465819120398,6511.465819120394,32557.329095601985,2020.0,404,365,0.9034653465346535,39,0,368,16,16,15,9,9,1853.8679776399954,5198.515801321418,405.53238505340414,8189.530143404094,40,1.3259039289987413
geometry_early_optical_clear_probe,3416689996,11,11,11,1.0,True,829.7207878074798,9126.928665882278,6140.928665882274,30704.64332941139,2470.0,494,462,0.9352226720647774,32,0,458,12,12,11,4,4,1991.255709964119,5530.911177622074,2286.75247749801,8655.055850619352,169,0.8657105970050907
geometry_early_optical_clear_probe,3493618837,13,13,13,1.0,True,710.413784193992,9235.379194521896,6351.379194521899,31756.895972609498,2380.0,476,444,0.9327731092436975,32,0,439,13,13,13,8,8,2668.904658009107,8212.7670870939,724.5939007529538,9235.379194521896,60,0.9028348099964205
geometry_early_optical_clear_probe,1865100947,10,10,10,1.0,True,890.214739602615,8902.14739602615,5846.147396026148,29230.73698013076,2535.0,507,482,0.9506903353057199,25,0,471,10,10,10,4,4,2282.403735284196,7317.739185411452,1035.4583714834757,7654.111328539833,80,0.639668777002953
geometry_early_optical_clear_probe,3027937200,16,16,16,1.0,True,537.5757249834586,8601.211599735338,6043.211599735338,30216.057998676693,2090.0,418,370,0.8851674641148325,48,0,385,17,17,16,16,16,1600.475802678563,6995.859867143513,706.4860213279792,8601.211599735338,60,1.0924678440060234
geometry_early_optical_clear_probe,2023727045,11,11,11,1.0,True,828.845871910135,9117.304591011485,6166.3045910114815,30831.52295505742,2435.0,487,454,0.9322381930184805,33,0,455,13,13,11,9,9,2109.762698996831,7857.495675118335,716.7059961378379,8269.894309848203,59,0.9025203689961927
geometry_early_optical_clear_probe,1202748255,11,11,11,1.0,True,741.3070435308018,8154.37747883882,5410.377478838821,27051.887394194106,2270.0,454,428,0.9427312775330396,26,0,419,11,11,11,7,7,1897.197716047823,6443.437432775756,440.44234473477223,8101.37747883882,40,0.7004030709940707
geometry_early_optical_clear_probe,27222511,15,15,15,1.0,True,658.0550725446599,9870.826088169899,7002.826088169898,35014.13044084949,2355.0,471,427,0.9065817409766455,44,0,435,16,16,15,11,11,2596.8025022956717,7881.775965553241,2244.7351891855274,9870.826088169899,165,1.1414758180035278
geometry_early_optical_clear_probe,25277298,14,14,14,1.0,True,588.1455595602107,8234.03783384295,5564.037833842951,27820.189169214766,2195.0,439,399,0.908883826879271,40,0,405,14,14,14,10,10,1631.1917316396573,7176.640132289452,707.2404092189714,7853.511971696298,60,0.8317080800043186
geometry_early_optical_clear_probe,2733838929,12,12,12,1.0,True,731.9640883320499,8783.569059984598,5878.569059984596,29392.84529992299,2400.0,480,448,0.9333333333333333,32,0,445,12,12,12,8,8,1660.8060663308759,4297.030909663702,799.6451957506252,8783.569059984598,60,1.0661407690058695
geometry_early_optical_clear_probe,2073323913,12,12,12,1.0,True,750.87731189765,9010.5277427718,5784.5277427718,28922.638713859007,2665.0,533,502,0.9418386491557224,31,0,498,13,13,12,9,9,2163.999293760508,8335.33525080361,770.740427781103,9010.5277427718,60,0.9895217790035531
geometry_early_optical_clear_probe,1075581365,11,11,11,1.0,True,824.9214819599849,9074.136301559834,5996.136301559834,29980.681507799178,2550.0,510,478,0.9372549019607843,32,0,473,11,11,11,10,10,1937.3229096092823,5342.901763039562,773.0752177261913,8209.095695404121,60,1.1174372670066077
geometry_early_optical_clear_probe,3856674300,10,10,10,1.0,True,918.7732049630725,9187.732049630726,6053.732049630723,30268.66024815363,2600.0,520,491,0.9442307692307692,29,0,484,10,10,10,7,7,1815.5499963138614,5239.042958009092,2749.9883060612733,9128.732049630726,200,0.9050262560049305
geometry_early_optical_clear_probe,1545034196,12,12,12,1.0,True,791.9448131993039,9503.337758391646,6632.337758391645,33161.68879195823,2370.0,474,441,0.930379746835443,33,0,438,13,13,12,9,9,2494.2579541295922,8090.086904008684,518.2441491655577,8645.742225173355,40,0.8452362910029478
geometry_early_optical_clear_probe,4182683894,15,15,15,1.0,True,545.5934391612866,8183.901587419299,6247.9015874193,31239.507937096518,1575.0,315,277,0.8793650793650793,38,0,280,17,17,15,9,9,1404.6027801745274,5343.312911688046,1384.7448647921683,7842.666866402457,94,1.1387456399970688
geometry_early_optical_clear_probe,2300875123,10,10,10,1.0,True,865.4085967697383,8654.085967697383,5425.085967697382,27125.429838486925,2680.0,536,509,0.9496268656716418,27,0,499,10,10,10,5,5,2737.0582526109088,6724.027936039236,1253.5825026443868,8595.085967697383,96,0.7701986739994027
geometry_early_optical_clear_probe,3893342742,11,11,11,1.0,True,779.6578250119434,8576.236075131377,5634.236075131377,28171.1803756569,2430.0,486,456,0.9382716049382716,30,0,451,13,13,11,7,7,1937.6241795241658,5015.8647981911945,690.1000644722312,6858.226640302063,60,0.9777709250047337
geometry_early_optical_clear_probe,2438388301,13,13,13,1.0,True,617.536441076169,8027.973733990197,5351.973733990197,26759.868669951004,2205.0,441,410,0.9297052154195011,31,0,406,13,13,13,4,4,2434.285598508088,7078.311805780654,420.234695787277,8027.973733990197,40,0.6061878229957074
geometry_early_optical_clear_probe,3666522596,12,12,12,1.0,True,756.70312193861,9080.43746326332,6075.437463263321,30377.187316316613,2485.0,497,462,0.9295774647887324,35,0,460,12,12,12,8,8,1774.6719947502904,6672.333281535856,703.135427431037,9080.43746326332,60,0.8356180359987775
geometry_early_optical_clear_probe,139773781,12,12,12,1.0,True,684.3843044544687,8212.611653453625,5772.611653453624,28863.05826726813,2010.0,402,373,0.927860696517413,29,0,370,12,12,12,9,9,1293.595826384811,6251.847979298231,774.2720981432989,6655.51983749449,59,0.6824470739957178
geometry_early_optical_clear_probe,3407293569,15,15,15,1.0,True,601.8356373795094,9027.534560692642,6425.53456069264,32127.67280346322,2130.0,426,382,0.8967136150234741,44,0,391,17,17,15,14,14,1078.53656152644,5183.442717937732,463.16260979012645,9027.534560692642,40,1.1429203590087127
geometry_early_optical_clear_probe,4285895467,13,13,13,1.0,True,678.8220318583901,8824.686414159072,6105.686414159073,30528.432070795378,2240.0,448,416,0.9285714285714286,32,0,414,13,13,13,7,7,2254.726918495115,6108.856346641919,788.8027945589581,8783.686414159072,60,0.743066938011907
geometry_early_optical_clear_probe,886532435,10,10,10,1.0,True,820.668402021992,8206.68402021992,5279.684020219923,26398.420101099626,2425.0,485,457,0.9422680412371134,28,0,449,11,11,10,6,6,943.3056734833851,2066.3641837084633,1040.4091852985425,8147.684020219921,78,0.8805706529965391
geometry_early_optical_clear_probe,1282234173,12,12,12,1.0,True,745.6941617656647,8948.329941187976,6003.329941187976,30016.649705939897,2430.0,486,455,0.9362139917695473,31,0,452,13,13,12,10,10,2407.979811762233,6479.6934431011705,1870.9865455974111,8948.329941187976,138,0.9374498519900953
geometry_early_optical_clear_probe,2893905257,13,13,13,1.0,True,633.3997873098676,8234.19723502828,5561.19723502828,27805.986175141414,2200.0,440,403,0.9159090909090909,37,0,405,14,14,13,10,10,2286.1650130480793,6937.880873705726,524.349188398189,8010.851288951997,40,0.7839251900004456
geometry_early_optical_clear_probe,555671716,12,12,12,1.0,True,826.1114506965263,9913.337408358315,6770.337408358315,33851.68704179157,2595.0,519,482,0.928709055876686,37,0,482,14,14,12,8,8,3253.8232690442474,8103.272690506734,1499.5388317205993,9603.218680823387,118,0.8781019570014905
geometry_early_optical_clear_probe,3047271928,15,15,15,1.0,True,606.7860113958312,9101.79017093747,6731.790170937468,33658.950854687355,1935.0,387,348,0.8992248062015504,39,0,354,17,17,15,12,12,1464.2029576671002,5535.529835452818,457.6377531730611,9101.79017093747,40,0.9881631640018895
geometry_early_optical_clear_probe,3707455057,13,13,13,1.0,True,695.1463984666497,9036.903180066445,6133.903180066447,30669.515900332248,2395.0,479,441,0.9206680584551148,38,0,443,13,13,13,9,9,2064.763913776712,8383.750326991494,769.6560277482349,9036.903180066445,59,1.0444404399895575
geometry_early_optical_clear_probe,3348081933,13,13,13,1.0,True,703.700236280769,9148.103071649997,6371.103071649998,31855.515358250002,2290.0,458,421,0.9192139737991266,37,0,422,13,13,13,8,8,2137.1996282693885,8496.684774304264,704.5677478422981,9148.103071649997,59,0.9304125530034071
geometry_early_optical_clear_probe,3612390597,14,14,14,1.0,True,572.4893376564061,8014.850727189685,5442.850727189687,27214.253635948444,2115.0,423,388,0.91725768321513,35,0,387,14,14,14,6,6,1759.8993579719315,6937.003225539035,1753.3930758639672,7979.850727189685,127,0.8464891109906603
geometry_early_optical_clear_probe,4123799989,10,10,10,1.0,True,854.2801232453805,8542.801232453805,5420.801232453803,27104.006162269026,2590.0,518,495,0.9555984555984556,23,0,482,10,10,10,2,2,3285.8089289321333,8202.654981780452,782.8024244088249,8542.801232453805,60,0.5929671930061886
geometry_early_optical_clear_probe,2703558832,10,10,10,1.0,True,856.4742828283136,8564.742828283135,5733.742828283136,28668.71414141569,2345.0,469,444,0.9466950959488273,25,0,433,11,11,10,5,5,1293.2898086198675,5945.278918256826,503.1015190010395,7557.078093286257,40,0.6965139250096399
geometry_early_optical_clear_probe,2565706003,14,14,14,1.0,True,676.0521522572211,9464.730131601096,6577.730131601096,32888.6506580055,2380.0,476,437,0.9180672268907563,39,0,437,14,14,14,11,11,2980.585141043591,6604.269610990522,432.4442251440906,9464.730131601096,40,0.9849326450057561
geometry_early_optical_clear_probe,1571355422,13,13,13,1.0,True,667.0947885216322,8672.232250781219,6051.232250781217,30256.161253906084,2160.0,432,395,0.9143518518518519,37,0,396,13,13,13,8,8,1722.188480539918,7030.132197429986,490.04093085774196,7851.93946498816,40,0.9314391419902677
geometry_early_optical_clear_probe,3751199600,15,15,15,1.0,True,605.2341696309921,9078.512544464882,6610.512544464881,33052.56272232441,2025.0,405,363,0.8962962962962963,42,0,368,15,15,15,10,10,2171.670092578036,4132.673819111819,515.5730037955628,9078.512544464882,40,0.7612782360083656
geometry_early_optical_clear_probe,1016769246,15,15,15,1.0,True,688.5973205720394,10328.95980858059,7465.9598085805865,37329.79904290295,2350.0,470,426,0.9063829787234042,44,0,432,17,17,15,13,13,2575.184134017341,5421.299358477049,984.0133964067084,10328.95980858059,80,0.8953618599916808
geometry_early_optical_clear_probe,2836519602,15,15,15,1.0,True,642.4125340180792,9636.188010271188,7145.188010271186,35725.94005135594,2040.0,408,368,0.9019607843137255,40,0,373,16,16,15,10,10,1836.5342304482854,5371.669814719897,718.5682523832334,9636.188010271188,59,1.104240889006178
geometry_early_optical_clear_probe,2107439708,16,16,16,1.0,True,624.8577890023544,9997.72462403767,7186.724624037673,35933.62312018834,2300.0,460,411,0.8934782608695652,49,0,425,18,18,16,15,15,3390.7928687728977,7621.75982543576,1274.3413354261982,9997.72462403767,95,0.9665076340024825
geometry_early_optical_clear_probe,2749706104,14,14,14,1.0,True,733.737132080522,10272.319849127307,7256.319849127305,36281.59924563654,2485.0,497,460,0.9255533199195171,37,0,461,14,14,14,13,13,2962.617567275555,7309.640588044883,767.0021121132138,10272.319849127307,60,1.0365036620059982
geometry_early_optical_clear_probe,741189726,10,10,10,1.0,True,913.1240335476954,9131.240335476954,5760.240335476952,28801.201677384775,2795.0,559,536,0.9588550983899821,23,0,523,11,11,10,6,6,2689.7856678564704,5822.2594207504235,463.8594727527824,9131.240335476954,40,0.6346958279900718
geometry_early_optical_clear_probe,3599787175,10,10,10,1.0,True,992.4642952593701,9924.642952593702,6612.642952593699,33063.214762968506,2750.0,550,523,0.9509090909090909,27,0,512,10,10,10,5,5,2424.6216613179463,7601.202340677841,761.6110509062568,9924.642952593702,60,0.7588159739971161
geometry_early_optical_clear_probe,702387613,11,11,11,1.0,True,787.5402721000522,8662.942993100574,6052.942993100575,30264.71496550289,2155.0,431,400,0.9280742459396751,31,0,397,12,12,11,6,6,1153.0650301639523,4591.938818328965,723.4519275556454,8662.942993100574,60,0.9307310920121381
geometry_early_optical_clear_probe,1309996892,12,12,12,1.0,True,864.9729482425208,10379.67537891025,7073.675378910247,35368.37689455125,2735.0,547,511,0.9341864716636198,36,0,508,13,13,12,12,12,2169.4350997829056,4475.910569519276,1495.9416190212569,10379.67537891025,120,0.8139792110014241
geometry_early_optical_clear_probe,2134766538,12,12,12,1.0,True,722.7666264893854,8673.199517872625,6084.199517872623,30420.997589363127,2135.0,427,394,0.9227166276346604,33,0,391,13,13,12,8,8,737.0465985586825,2391.9863942347297,986.2387811415587,6672.760601157697,80,1.219447672003298
geometry_early_optical_clear_probe,738849927,11,11,11,1.0,True,828.9122542937968,9118.034797231765,5818.034797231763,29090.17398615882,2730.0,546,516,0.945054945054945,30,0,512,12,12,11,4,4,3754.3309891033477,7021.811083572744,3756.229167157298,8487.158980770235,275,0.5772632190055447
geometry_early_optical_clear_probe,1326110017,13,13,13,1.0,True,666.1005009965933,8659.306512955713,5822.306512955714,29111.532564778587,2340.0,468,434,0.9273504273504274,34,0,432,13,13,13,7,7,2438.4629627539625,5287.97801693102,1545.4351438990693,8659.306512955713,115,0.8318425350007601
geometry_early_optical_clear_probe,4287981857,14,14,14,1.0,True,613.4715865638809,8588.602211894333,5912.602211894334,29563.01105947168,2200.0,440,404,0.9181818181818182,36,0,406,14,14,14,10,10,1887.5535755689496,7095.103359362354,715.3117951907384,8588.602211894333,60,1.1145399730012286
geometry_early_optical_clear_probe,2193029525,14,14,14,1.0,True,651.2939737375418,9118.115632325585,6486.115632325584,32430.57816162794,2165.0,433,393,0.9076212471131639,40,0,397,14,14,14,5,5,2266.5358619427307,7260.284527582681,489.8900056869072,9118.115632325585,40,0.8031832999986364
geometry_early_optical_clear_probe,2689692820,12,12,12,1.0,True,689.3603481104964,8272.324177325956,5509.324177325958,27546.620886629797,2280.0,456,425,0.9320175438596491,31,0,420,13,13,12,11,11,1161.3889505728405,5132.483109117415,1278.8343307952844,8057.516639073299,99,0.9307820050016744
geometry_early_optical_clear_probe,629651763,13,13,13,1.0,True,713.4576846897173,9274.949900966325,6471.949900966324,32359.749504831627,2310.0,462,428,0.9264069264069265,34,0,425,14,14,13,11,11,1394.3894556543478,4784.959335783061,741.9719278923045,9274.949900966325,60,1.1321195479977177
geometry_early_optical_clear_probe,2316728701,12,12,12,1.0,True,714.8424079251627,8578.108895101952,5463.108895101952,27315.544475509774,2575.0,515,478,0.9281553398058252,37,0,480,12,12,12,8,8,1336.4043943662757,2833.2572966834587,1849.3381390283905,8437.476771804011,140,0.8662194939970504
geometry_early_optical_clear_probe,1093583364,14,14,14,1.0,True,608.7901671793035,8523.062340510249,5704.06234051025,28520.31170255126,2320.0,464,429,0.9245689655172413,35,0,429,14,14,14,11,11,2275.2204816913963,7225.332497028239,461.1067463898981,8189.474215573326,40,0.9703042439941783
geometry_early_optical_clear_probe,2051226501,12,12,12,1.0,True,728.6182400187373,8743.418880224848,5765.418880224848,28827.09440112425,2460.0,492,457,0.9288617886178862,35,0,458,12,12,12,7,7,2366.66448400212,7222.027941022168,759.1081045895468,8519.17467896548,60,0.6482403529953444
geometry_early_optical_clear_probe,1332804183,13,13,13,1.0,True,590.86975768863,7681.30684995219,5336.30684995219,26681.53424976096,1925.0,385,349,0.9064935064935065,36,0,352,14,14,13,12,12,1391.4789229420712,3470.221253870384,501.4140348843748,4897.6471368571965,40,0.6817651360033778
geometry_early_optical_clear_probe,4031912782,11,11,11,1.0,True,844.7329682859993,9292.062651145992,6096.062651145992,30480.313255729976,2645.0,529,501,0.947069943289225,28,0,496,11,11,11,9,9,2099.6724123297236,7877.844093787091,492.1177075592075,8884.142730403835,40,0.7090136589977192
geometry_early_optical_clear_probe,2668080643,10,10,10,1.0,True,904.2588623731017,9042.588623731017,5763.588623731018,28817.943118655097,2720.0,544,517,0.9503676470588235,27,0,509,10,10,10,6,6,3308.762435388835,6427.897316603871,725.4498638348979,9042.588623731017,60,0.5946470079943538
geometry_early_optical_clear_probe,1374857933,16,16,16,1.0,True,480.5226791261018,7688.362866017629,5606.36286601763,28031.81433008817,1695.0,339,292,0.8613569321533924,47,0,304,17,17,16,10,10,1391.5810449725207,4933.510162923255,490.9562464250997,7688.362866017629,40,0.8259346440027002
geometry_early_optical_clear_probe,3296055,10,10,10,1.0,True,937.6813661472095,9376.813661472095,6263.813661472094,31319.06830736048,2580.0,516,491,0.9515503875968992,25,0,480,11,11,10,7,7,2183.44476231659,7519.116153940593,1748.567278841847,9376.813661472095,135,0.6741299549903488
geometry_early_optical_clear_probe,285757789,15,15,15,1.0,True,680.186291728381,10202.794375925714,7538.794375925712,37693.97187962858,2190.0,438,397,0.906392694063927,41,0,399,15,15,15,13,13,1949.4263836902937,7533.552448903747,772.2682978601096,10202.794375925714,59,0.9515463229909074
geometry_early_optical_clear_probe,4196102338,14,14,14,1.0,True,618.5492140887984,8659.688997243178,6175.688997243179,30878.444986215905,2040.0,408,373,0.9142156862745098,35,0,374,14,14,14,9,9,1323.4579608491701,5181.716215313003,801.377365280375,8659.688997243178,60,1.1387008739984594
geometry_early_optical_clear_probe,1884751554,13,13,13,1.0,True,678.5362892081814,8820.971759706359,5922.971759706358,29614.858798531797,2390.0,478,445,0.9309623430962343,33,0,443,13,13,13,10,10,2293.959483270419,7346.1939898016335,999.2223693320142,8455.355111230167,80,0.8134462070011068
geometry_early_optical_clear_probe,1493274792,11,11,11,1.0,True,844.5887085913685,9290.475794505053,6281.475794505054,31407.378972525275,2490.0,498,468,0.9397590361445783,30,0,461,12,12,11,7,7,2024.7544156849183,6007.480280466887,1059.9769061594386,9290.475794505053,79,1.0553762610070407
geometry_early_optical_clear_probe,1005971154,12,12,12,1.0,True,740.373232902041,8884.478794824492,5859.478794824494,29297.393974122486,2500.0,500,472,0.944,28,0,465,12,12,12,7,7,2200.1557226323894,6073.328795852365,574.7811569623143,8884.478794824492,40,0.9502332209958695
geometry_early_optical_clear_probe,3977339510,14,14,14,1.0,True,608.7250649997093,8522.15090999593,5934.150909995928,29670.75454997965,2125.0,425,386,0.908235294117647,39,0,390,15,15,14,3,3,2779.896559108242,6501.02428660112,675.4581409093183,7728.822539112301,58,0.9178085219900822
geometry_early_optical_clear_probe,3238210737,10,10,10,1.0,True,883.851160062862,8838.51160062862,5718.511600628622,28592.558003143124,2585.0,517,488,0.9439071566731141,29,0,482,11,11,10,5,5,2589.311646859539,6393.130082258336,692.1209128457936,8289.301691117102,60,0.863673194005969
geometry_early_optical_clear_probe,1566957698,10,10,10,1.0,True,983.1120604017648,9831.120604017648,6161.120604017649,30805.603020088256,3045.0,609,582,0.9556650246305419,27,0,572,11,11,10,6,6,5124.992018930088,7871.705090505932,2355.0572399202692,9831.120604017648,179,0.5911212819919456
geometry_early_optical_clear_probe,3547289014,16,16,16,1.0,True,611.2141959995894,9779.42713599343,7023.42713599343,35117.13567996717,2255.0,451,400,0.8869179600886918,51,0,412,19,19,16,20,20,1178.7800093074245,7404.099667783458,507.66307045920087,9779.42713599343,40,1.7852136660076212
geometry_early_optical_clear_probe,2822041254,16,16,16,1.0,True,488.8046510269407,7820.874416431051,5689.874416431051,28449.37208215527,1735.0,347,306,0.8818443804034583,41,0,316,16,16,16,11,11,1565.3022177004434,7076.228363227691,771.5917325792241,7820.874416431051,60,1.034394757996779
geometry_early_optical_clear_probe,3845152701,11,11,11,1.0,True,767.2558090022972,8439.813899025268,5538.813899025269,27694.069495126358,2400.0,480,451,0.9395833333333333,29,0,446,11,11,11,4,4,2622.42205720421,7735.038647469313,1779.63787420101,8439.813899025268,132,0.5705342680012109
geometry_early_optical_clear_probe,1969822595,13,13,13,1.0,True,662.3302180443975,8610.292834577167,5504.292834577165,27521.46417288584,2565.0,513,479,0.9337231968810916,34,0,476,13,13,13,14,14,1963.9385711029836,5850.398571761377,2256.4540087216233,7491.666822809022,178,0.798777642994537
geometry_early_optical_clear_probe,2672530545,10,10,10,1.0,True,874.8422491816351,8748.42249181635,5664.422491816352,28322.11245908177,2555.0,511,483,0.9452054794520548,28,0,476,11,11,10,8,8,1699.9991672760327,6571.623458883782,825.3484764166856,8748.42249181635,59,0.6964155199966626
geometry_early_optical_clear_probe,2146008891,14,14,14,1.0,True,581.1668726979958,8136.336217771941,5861.336217771942,29306.68108885972,1865.0,373,335,0.8981233243967829,38,0,337,15,15,14,11,11,1625.8737508521813,6333.178780987922,502.38315610125017,8136.336217771941,40,0.8782447849953314
geometry_early_optical_clear_probe,1611637361,10,10,10,1.0,True,884.4693410825375,8844.693410825375,5589.693410825375,27948.46705412689,2700.0,540,511,0.9462962962962963,29,0,505,10,10,10,9,9,1846.9405579191175,6377.080086650593,1010.780282444044,8844.693410825375,79,0.7234613100008573
geometry_early_optical_clear_probe,2685329452,12,12,12,1.0,True,719.8406088826445,8638.087306591733,5933.087306591732,29665.43653295868,2235.0,447,415,0.9284116331096197,32,0,410,12,12,12,8,8,1513.3345609814503,6494.473138137957,450.7887758691751,8638.087306591733,40,0.8198264459933853
geometry_early_optical_clear_probe,518970618,11,11,11,1.0,True,775.793663942771,8533.730303370481,5862.730303370481,29313.651516852424,2210.0,442,413,0.9343891402714932,29,0,406,11,11,11,6,6,1277.2600494378414,5597.491833612319,512.8548906625557,6275.679202891043,40,0.8751665069867158
geometry_early_optical_clear_probe,1785112364,13,13,13,1.0,True,715.905513286624,9306.771672726112,6718.771672726112,33593.85836363058,2130.0,426,389,0.9131455399061033,37,0,390,14,14,13,8,8,1542.9664802187144,5726.177265393742,768.3366704535315,9306.771672726112,60,0.8694713449949631
geometry_early_optical_clear_probe,1467516440,14,14,14,1.0,True,618.224948317068,8655.149276438951,5771.14927643895,28855.74638219477,2375.0,475,438,0.9221052631578948,37,0,439,14,14,14,12,12,2002.8886036752824,6352.653395360749,1273.5488124123328,8655.149276438951,96,0.804525719009689
geometry_early_optical_clear_probe,2033933523,15,15,15,1.0,True,614.5123413210968,9217.685119816451,6666.685119816446,33333.425599082235,2085.0,417,374,0.8968824940047961,43,0,382,18,18,15,12,12,2024.523118167598,7836.8301468385625,1133.0811820700874,9088.812293457377,78,0.989757653005654
geometry_early_optical_clear_probe,1476308484,12,12,12,1.0,True,726.8104056373982,8721.724867648778,5779.724867648775,28898.624338243888,2430.0,486,448,0.9218106995884774,38,0,449,13,13,12,10,10,2398.0313726031495,6071.21944543476,454.983137572348,7697.839204468952,40,0.8664271380112041
geometry_early_optical_clear_probe,1847965191,15,15,15,1.0,True,548.2087997168873,8223.131995753309,5819.13199575331,29095.65997876655,1965.0,393,352,0.8956743002544529,41,0,361,16,16,15,10,10,1149.2723713274547,4086.8642902320366,511.6549958200618,8007.981232156823,40,0.8957957990060095
geometry_early_optical_clear_probe,961787907,12,12,12,1.0,True,790.6597376884064,9487.916852260876,6640.916852260874,33204.584261304386,2350.0,470,441,0.9382978723404255,29,0,434,13,13,12,8,8,2117.704363571683,5422.862332863559,424.58884449642494,9487.916852260876,40,0.8696461649960838
geometry_early_optical_clear_probe,1371455694,12,12,12,1.0,True,703.8954224233298,8446.745069079958,5579.745069079961,27898.725345399813,2365.0,473,441,0.9323467230443975,32,0,439,13,13,12,9,9,2276.830466113595,7549.519270423091,816.1115239014541,8399.745069079958,60,0.6933576180017553
geometry_early_optical_clear_probe,2549442513,11,11,11,1.0,True,874.0039649876685,9614.043614864353,6416.043614864356,32080.21807432178,2650.0,530,504,0.9509433962264151,26,0,493,11,11,11,5,5,3661.353777794646,7837.3442854689965,501.75831280278874,9614.043614864353,40,0.6487674130039522
geometry_early_optical_clear_probe,3610880536,11,11,11,1.0,True,745.9226635528055,8205.14929908086,5320.149299080862,26600.746495404313,2385.0,477,448,0.939203354297694,29,0,442,12,12,11,4,4,2043.4527268880665,6596.0937357854245,711.9485431478968,7562.874817689981,60,1.0030234709993238
geometry_early_optical_clear_probe,3474101973,10,10,10,1.0,True,891.2310415655995,8912.310415655995,5799.310415655995,28996.552078279983,2580.0,516,490,0.9496124031007752,26,0,480,11,11,10,6,6,1130.4809461016907,2531.3793506097777,418.8498683678536,8912.310415655995,40,0.9259242469997844
geometry_early_optical_clear_probe,681482813,11,11,11,1.0,True,780.8705949500359,8589.576544450394,5719.576544450393,28597.88272225198,2375.0,475,448,0.9431578947368421,27,0,440,11,11,11,7,7,2090.558364303964,7170.11960428914,1013.5252290637818,7964.3376910568695,78,0.8044535130029544
geometry_early_optical_clear_probe,3332964995,12,12,12,1.0,True,709.7334657957766,8516.801589549319,5924.801589549319,29624.00794774661,2140.0,428,394,0.9205607476635514,34,0,392,12,12,12,9,9,797.6064077903355,2664.952943071476,459.4638738765618,6549.945090403845,40,0.9835624520055717
geometry_early_optical_clear_probe,1653967727,15,15,15,1.0,True,605.68856792212,9085.3285188318,6484.3285188318,32421.642594159013,2135.0,427,386,0.9039812646370023,41,0,391,15,15,15,12,12,1823.5925812630935,7885.212799153041,774.0375791171473,8797.121144210863,60,0.8723029999964638
geometry_early_optical_clear_probe,4169705023,10,10,10,1.0,True,885.6462153415354,8856.462153415354,5884.462153415353,29422.310767076768,2460.0,492,462,0.9390243902439024,30,0,456,12,12,10,9,9,1740.2704686299999,5204.8781135476465,1249.7272479019211,7931.653899801216,99,0.7336854050081456
geometry_early_optical_clear_probe,3307182195,10,10,10,1.0,True,880.3190010889748,8803.190010889748,5633.19001088975,28165.950054448753,2630.0,526,498,0.9467680608365019,28,0,490,10,10,10,8,8,1401.1852197013336,6166.909571513555,448.2108660107279,8803.190010889748,40,0.7489727630018024
geometry_early_optical_clear_probe,4099882781,13,13,13,1.0,True,672.3005953365281,8739.907739374865,5905.907739374862,29529.53869687432,2335.0,467,432,0.9250535331905781,35,0,434,13,13,13,8,8,3235.0991240876706,6393.736221076028,477.7864782496633,8739.907739374865,40,0.6083148769976106
geometry_early_optical_clear_probe,3660145321,11,11,11,1.0,True,879.674626873979,9676.42089561377,6389.420895613768,31947.104478068843,2725.0,545,515,0.944954128440367,30,0,507,11,11,11,7,7,3286.6636476834715,7059.615882204071,1801.3846242526374,9676.42089561377,139,0.7681985719973454
geometry_early_optical_clear_probe,3000765699,11,11,11,1.0,True,752.7806378795151,8280.587016674666,5411.587016674664,27057.93508337333,2375.0,475,444,0.9347368421052632,31,0,439,11,11,11,5,5,1701.0252643033155,5623.44874969376,743.0951169201627,6972.814633331712,60,0.8104787679912988
geometry_early_optical_clear_probe,1639019712,14,14,14,1.0,True,558.3894951680801,7817.4529323531215,5489.452932353124,27447.264661765632,1910.0,382,341,0.8926701570680629,41,0,348,14,14,14,9,9,799.0508596716563,3449.4703569085423,977.928634281903,6927.943536997289,77,1.1916296770068584
geometry_early_optical_clear_probe,3887627402,14,14,14,1.0,True,603.2717287082899,8445.804201916058,5692.804201916059,28464.02100958031,2265.0,453,416,0.9183222958057395,37,0,418,14,14,14,5,5,2771.848991564026,7749.166611018715,762.9599868526942,8019.310777055773,60,0.7866048230062006
geometry_early_optical_clear_probe,1642488006,11,11,11,1.0,True,736.9196618887926,8106.116280776719,5243.11628077672,26215.58140388361,2370.0,474,446,0.9409282700421941,28,0,438,11,11,11,4,4,2161.095688812098,7058.311533655234,521.8361263049909,7464.103935551284,40,0.7368615610030247
geometry_early_optical_clear_probe,2564666537,13,13,13,1.0,True,660.5479915173122,8587.123889725059,5907.123889725056,29535.61944862529,2210.0,442,411,0.9298642533936652,31,0,405,13,13,13,9,9,1650.4674191910572,6657.875103291774,1290.44901934596,7247.491121634559,97,0.9534182789939223
geometry_early_optical_clear_probe,2896049366,10,10,10,1.0,True,912.9763463908657,9129.763463908657,5791.763463908657,28958.817319543283,2770.0,554,530,0.9566787003610109,24,0,518,10,10,10,7,7,2759.0823089296864,7890.316616799428,407.81948828122563,9129.763463908657,40,0.7511139869893668
geometry_early_optical_clear_probe,2661416006,11,11,11,1.0,True,837.7968863026912,9215.765749329603,6157.765749329604,30788.82874664803,2530.0,506,473,0.9347826086956522,33,0,470,12,12,11,6,6,2468.261302648339,6698.179417496521,425.9379100671896,9046.896226632933,40,1.0355653449951205
geometry_early_optical_clear_probe,972924032,16,16,16,1.0,True,493.444666878431,7895.114670054896,5739.114670054898,28695.573350274502,1755.0,351,310,0.8831908831908832,41,0,318,17,17,16,13,13,1433.069154088825,6666.321188592314,988.6551635099563,7895.114670054896,80,1.529439360005199
geometry_early_optical_clear_probe,4216214241,13,13,13,1.0,True,661.501710483776,8599.522236289089,5686.522236289089,28432.611181445463,2400.0,480,439,0.9145833333333333,41,0,445,14,14,13,9,9,2010.6828034968164,6907.843204417754,972.9347492847767,8599.522236289089,80,0.8457093519973569
geometry_early_optical_clear_probe,1580122474,13,13,13,1.0,True,701.2642887758043,9116.435754085456,6256.435754085453,31282.178770427265,2355.0,471,439,0.9320594479830149,32,0,434,15,15,13,7,7,2265.389452764845,7241.447767364699,689.8276300864624,9116.435754085456,60,0.7613651199935703
geometry_early_optical_clear_probe,682631524,13,13,13,1.0,True,719.990363566838,9359.874726368895,6658.874726368896,33294.3736318445,2225.0,445,407,0.9146067415730337,38,0,408,14,14,13,12,12,2323.119608332247,8150.807144682936,695.4493125731918,9359.874726368895,60,0.9609660130081465
geometry_early_optical_clear_probe,920126661,14,14,14,1.0,True,755.6156432213744,10578.61900509924,7406.619005099235,37033.09502549619,2610.0,522,484,0.9272030651340997,38,0,486,16,16,14,15,15,2820.141045741771,7920.4040109122825,1288.6883244912706,10578.61900509924,98,1.2730472130060662
geometry_early_optical_clear_probe,1838538053,10,10,10,1.0,True,874.9888253186082,8749.888253186082,5682.888253186079,28414.441265930414,2545.0,509,482,0.9469548133595285,27,0,472,10,10,10,8,8,1655.790124308105,4300.150621540525,2603.633499346265,7767.028310652357,191,0.8442692960088607
geometry_early_optical_clear_probe,2740672694,11,11,11,1.0,True,764.6656161687771,8411.321777856549,5639.32177785655,28196.608889282765,2295.0,459,432,0.9411764705882353,27,0,422,11,11,11,6,6,1521.7125073533136,7456.771374126715,404.36661036271846,8411.321777856549,40,0.7735776339977747
geometry_early_optical_clear_probe,1345697660,10,10,10,1.0,True,939.4858081573454,9394.858081573455,6074.858081573455,30374.290407867284,2755.0,551,527,0.956442831215971,24,0,515,10,10,10,9,9,3286.6698863043675,7589.844438193468,1035.2830926344839,8944.646276403677,80,0.7048587369936286
geometry_early_optical_clear_probe,1388132098,12,12,12,1.0,True,722.9889502083287,8675.867402499944,5757.867402499943,28789.33701249973,2410.0,482,451,0.9356846473029046,31,0,448,12,12,12,9,9,2689.8380662366108,5969.295259396155,997.2926005084049,8077.164365077367,80,0.6436800660012523
geometry_early_optical_clear_probe,1978809780,11,11,11,1.0,True,800.7355897111254,8808.091486822379,6028.091486822377,30140.457434111897,2300.0,460,429,0.9326086956521739,31,0,422,12,12,11,6,6,1205.6259713992729,4131.728605924489,773.2316840939116,8808.091486822379,59,0.956621081000776
geometry_early_optical_clear_probe,2615702719,14,14,14,1.0,True,695.7614906073652,9740.660868503113,6680.660868503114,33403.30434251558,2520.0,504,462,0.9166666666666666,42,0,467,15,15,14,11,11,2658.7929729239904,7828.448728030568,1261.0750120510984,9740.660868503113,100,1.2825238489895128
geometry_early_optical_clear_probe,2873882957,12,12,12,1.0,True,744.3652359801393,8932.382831761672,6294.382831761673,31471.91415880837,2175.0,435,404,0.9287356321839081,31,0,400,13,13,12,4,4,2041.7087391315847,6167.4831158892375,456.7804555290164,8885.382831761672,40,0.7447466919984436
geometry_early_optical_clear_probe,4216934745,10,10,10,1.0,True,813.699669026397,8136.996690263971,5331.996690263973,26659.983451319877,2325.0,465,441,0.9483870967741935,24,0,430,10,10,10,5,5,1214.9342410027418,7451.3160332598045,478.1555182464976,7714.493916455138,40,0.7854823620000388
geometry_early_optical_clear_probe,1913290191,11,11,11,1.0,True,801.7026119806953,8818.728731787649,5914.728731787645,29573.643658938243,2405.0,481,450,0.9355509355509356,31,0,444,11,11,11,10,10,1653.3061231335525,5633.89316097411,1205.3658361022292,7570.9592946517905,98,0.8278082169999834
geometry_early_optical_clear_probe,3090789246,13,13,13,1.0,True,691.6251432792059,8991.126862629677,6080.126862629677,30400.6343131484,2400.0,480,444,0.925,36,0,446,13,13,13,8,8,2799.734612827015,7779.657832156601,1513.5102209906968,8991.126862629677,120,0.9251835089962697
geometry_early_optical_clear_probe,489124155,12,12,12,1.0,True,699.7302894794763,8396.763473753716,5957.763473753714,29788.81736876858,2010.0,402,371,0.9228855721393034,31,0,366,13,13,12,7,7,907.1481965703947,3036.3062601489696,780.6240351752884,7199.991887936801,60,0.8643388000054983
geometry_early_optical_clear_probe,3147545285,16,16,16,1.0,True,545.6930472895842,8731.088756633348,6502.088756633349,32510.44378316674,1815.0,363,319,0.8787878787878788,44,0,328,18,18,16,15,15,1604.5649318080248,4505.282882521246,764.7604502012537,8540.340611608279,59,1.1242207850009436
geometry_early_optical_clear_probe,2910777972,12,12,12,1.0,True,729.0117287415327,8748.140744898392,6079.140744898392,30395.70372449197,2200.0,440,405,0.9204545454545454,35,0,403,14,14,12,7,7,1695.0442197463956,6667.689335167661,1024.0529884702487,8748.140744898392,80,1.0411491030099569
geometry_early_optical_clear_probe,3917484161,15,15,15,1.0,True,578.1190159258978,8671.785238888466,6111.785238888465,30558.92619444233,2095.0,419,373,0.8902147971360382,46,0,384,17,17,15,10,10,2054.610586470297,7960.937973455178,1511.3548254126968,8671.785238888466,119,0.8834976789948996
geometry_early_optical_clear_probe,620176084,14,14,14,1.0,True,625.9727639529362,8763.618695341107,6206.618695341108,31033.093476705548,2100.0,420,378,0.9,42,0,384,15,15,14,15,15,1661.443494536526,6917.844672518879,733.5067536488826,8763.618695341107,60,1.1700305090053007
geometry_early_optical_clear_probe,423764603,16,16,16,1.0,True,606.6402696792208,9706.244314867532,7082.244314867527,35411.221574337644,2145.0,429,383,0.8927738927738927,46,0,396,17,17,16,15,15,2910.5378382231784,6850.772584977212,710.2649037453667,9706.244314867532,60,0.8261396550078643
geometry_early_optical_clear_probe,3751841987,12,12,12,1.0,True,806.8997766973456,9682.797320368147,6701.797320368147,33508.98660184075,2460.0,492,459,0.9329268292682927,33,0,455,14,14,12,8,8,1894.2767281627341,4922.6091807264875,1006.0790621373686,9682.797320368147,78,0.8230416559963487
geometry_early_optical_clear_probe,1110221819,10,10,10,1.0,True,999.1744611854629,9991.744611854629,6509.744611854628,32548.723059273147,2890.0,578,553,0.9567474048442907,25,0,539,11,11,10,8,8,2455.093678056078,7878.4134668216575,1509.553563255087,9991.744611854629,117,0.7666161140077747
geometry_early_optical_clear_probe,566407136,16,16,16,1.0,True,460.7305983824881,7371.68957411981,5109.6895741198105,25548.447870599055,1845.0,369,328,0.8888888888888888,41,0,337,16,16,16,10,10,1801.2246792915328,6036.763677565644,477.37753723101673,7371.68957411981,40,0.8445812779973494
geometry_early_optical_clear_probe,1570612257,16,16,16,1.0,True,502.2557112770925,8036.09138043348,5725.09138043348,28625.456902167414,1885.0,377,332,0.8806366047745358,45,0,346,16,16,16,10,10,2270.3466931751113,7184.242154251551,460.63981851967463,8036.09138043348,40,0.8980454999982612
geometry_early_optical_clear_probe,1883404992,13,13,13,1.0,True,691.2977074383033,8986.870196697942,6083.870196697938,30419.35098348971,2395.0,479,443,0.9248434237995825,36,0,443,13,13,13,8,8,2294.540932662398,6074.549959027771,1254.0245072361959,8437.898897366558,100,0.9747302280011354
geometry_early_optical_clear_probe,1008122683,14,14,14,1.0,True,661.3295167173203,9258.613234042485,6278.613234042487,31393.066170212445,2450.0,490,453,0.9244897959183673,37,0,457,15,15,14,7,7,2932.1216818795906,6222.072539932573,2820.7873766968387,9258.613234042485,209,0.8138230449985713
geometry_early_optical_clear_probe,1493678882,14,14,14,1.0,True,648.1727380419585,9074.418332587418,6239.418332587416,31197.0916629371,2335.0,467,429,0.9186295503211992,38,0,430,14,14,14,11,11,2438.3093950682705,6750.576754577693,1053.9956921086512,9039.418332587418,80,1.0928074999974342
geometry_early_optical_clear_probe,3028625374,13,13,13,1.0,True,708.1107380973596,9205.439595265674,6435.439595265676,32177.197976328393,2285.0,457,423,0.925601750547046,34,0,420,13,13,13,12,12,1340.89049620182,4741.227005164515,1031.1560965085855,9205.439595265674,80,0.7970360890030861
geometry_early_optical_clear_probe,3513128853,12,12,12,1.0,True,727.0237489765254,8724.284987718305,5674.284987718307,28371.424938591554,2520.0,504,471,0.9345238095238095,33,0,470,12,12,12,7,7,2263.426264560671,5996.804217736353,490.38519967062064,8724.284987718305,40,0.749683918998926
geometry_early_optical_clear_probe,2966557194,12,12,12,1.0,True,739.2269746251372,8870.723695501647,6073.723695501646,30368.618477508244,2305.0,461,428,0.928416485900217,33,0,426,14,14,12,12,12,1676.2434889313417,5200.729806894275,1273.0206906469305,8224.942082006686,97,0.9293512250005733
geometry_early_optical_clear_probe,3681466943,10,10,10,1.0,True,905.84818408877,9058.4818408877,5901.481840887698,29507.40920443849,2620.0,524,499,0.9522900763358778,25,0,487,10,10,10,7,7,2997.417393626795,6204.646374248745,457.96877306449363,7859.439529772513,40,0.663140218006447
geometry_early_optical_clear_probe,276462237,16,16,16,1.0,True,480.2287611846019,7683.660178953631,5575.66017895363,27878.300894768166,1715.0,343,302,0.880466472303207,41,0,313,16,16,16,10,10,2206.272724527664,6730.515466024738,469.6082856623545,7683.660178953631,40,0.8922878160083201
geometry_early_optical_clear_probe,2405094614,15,15,15,1.0,True,606.9968149269346,9104.952223904018,6604.952223904019,33024.761119520095,2045.0,409,363,0.8875305623471883,46,0,374,17,17,15,15,15,1738.4775021856622,6633.657309827355,1262.6819341757039,9104.952223904018,95,1.158910216006916
geometry_early_optical_clear_probe,1083465961,15,15,15,1.0,True,600.9703530903458,9014.555296355187,6631.555296355187,33157.77648177594,1950.0,390,347,0.8897435897435897,43,0,355,16,16,15,13,13,1516.070342963667,7372.7662751791995,473.47660209803144,9014.555296355187,40,1.0972534159955103
geometry_early_optical_clear_probe,3693292067,14,14,14,1.0,True,586.686084198245,8213.60517877543,5659.6051787754295,28298.025893877155,2100.0,420,380,0.9047619047619048,40,0,384,14,14,14,8,8,1903.8645718662594,6615.005160262517,498.7015690737358,7588.746667381034,40,0.7532932000030996
geometry_early_optical_clear_probe,254219544,10,10,10,1.0,True,960.7076356641195,9607.076356641195,6228.076356641192,31140.381783205976,2805.0,561,534,0.9518716577540107,27,0,524,10,10,10,5,5,3379.6462024272296,9168.923988542401,1759.2930636345359,9607.076356641195,134,0.8304225409956416
geometry_early_optical_clear_probe,3140018142,15,15,15,1.0,True,557.5310309975941,8362.965464963912,6008.965464963911,30044.82732481957,1930.0,386,346,0.8963730569948186,40,0,349,15,15,15,13,13,1355.662195904348,6821.543456233872,463.5161236589767,7628.168916423774,40,0.9331149210047442
geometry_early_optical_clear_probe,783819458,11,11,11,1.0,True,821.7147329064973,9038.86206197147,6138.862061971466,30694.31030985734,2400.0,480,453,0.94375,27,0,442,12,12,11,7,7,2615.497667015937,6621.477998602776,1038.231917082342,9038.86206197147,80,0.7662601659976644
geometry_early_optical_clear_probe,2581686150,12,12,12,1.0,True,839.1779941086971,10070.135929304366,7051.135929304362,35255.679646521836,2495.0,499,466,0.9338677354709419,33,0,461,13,13,12,13,13,2710.0632459634917,8165.934582173687,1026.0517405141686,10070.135929304366,80,0.8855146849964513
geometry_early_optical_clear_probe,3911034278,14,14,14,1.0,True,579.7986456819892,8117.18103954785,5558.18103954785,27790.905197739263,2105.0,421,385,0.9144893111638955,36,0,384,14,14,14,11,11,1234.1425738482724,2816.646759045767,459.34231189732463,8117.18103954785,40,0.8615584479994141
geometry_early_optical_clear_probe,495057441,15,15,15,1.0,True,600.4215397901224,9006.323096851836,6264.323096851835,31321.615484259186,2250.0,450,414,0.92,36,0,414,16,16,15,8,8,2193.6995800826858,5194.809580011508,1028.0720404813155,8800.784544115986,80,0.9384604359947843
geometry_early_optical_clear_probe,2380806544,14,14,14,1.0,True,626.227350558399,8767.182907817587,6099.182907817588,30495.91453908795,2195.0,439,397,0.9043280182232346,42,0,403,14,14,14,16,16,1318.423153037086,5510.589603727067,1064.208974103058,8767.182907817587,80,1.0417246889992384
geometry_early_optical_clear_probe,1452299527,11,11,11,1.0,True,805.3591443670247,8858.95058803727,5822.950588037272,29114.752940186372,2515.0,503,472,0.9383697813121272,31,0,466,11,11,11,8,8,2588.7868702227192,7312.244313162048,454.8461925811039,8364.747177088107,40,0.7241754199931165
geometry_early_optical_clear_probe,1475320973,12,12,12,1.0,True,668.9188639537077,8027.026367444492,5470.026367444491,27350.131837222467,2110.0,422,389,0.9218009478672986,33,0,387,12,12,12,8,8,1603.7370827011825,4846.263624129784,763.5878729444936,6279.706381146732,60,0.7703570209996542
geometry_early_optical_clear_probe,2256816716,13,13,13,1.0,True,663.5766276551967,8626.496159517557,5656.496159517556,28282.48079758779,2450.0,490,456,0.9306122448979591,34,0,455,13,13,13,9,9,2366.2125584400615,6745.677570131018,479.03730941557717,8159.274888640707,40,1.0417817220004508
geometry_early_optical_clear_probe,1796857712,12,12,12,1.0,True,700.942864848295,8411.31437817954,5614.314378179542,28071.571890897714,2310.0,462,429,0.9285714285714286,33,0,427,12,12,12,6,6,2094.4130149059733,6343.02493309427,1058.0147101145171,8411.31437817954,79,0.7862604270048905
geometry_early_optical_clear_probe,2773388498,16,16,16,1.0,True,459.0157610665877,7344.252177065403,5125.252177065403,25626.260885327025,1805.0,361,317,0.8781163434903048,44,0,331,17,17,16,11,11,1692.0173457859305,6094.919002334747,765.9259035817453,7131.579951795743,59,1.0029971500043757
geometry_early_optical_clear_probe,3149289315,13,13,13,1.0,True,720.3824697398692,9364.9721066183,6335.9721066182965,31679.860533091487,2500.0,500,471,0.942,29,0,464,13,13,13,10,10,2925.1373384811113,6053.536986894347,434.8481479011561,8639.006223934839,40,0.8912017609982286
geometry_early_optical_clear_probe,2258909852,11,11,11,1.0,True,813.6004653932091,8949.6051193253,5817.605119325298,29088.025596626496,2590.0,518,491,0.9478764478764479,27,0,484,12,12,11,4,4,3318.837457151907,7820.156914374331,2273.600025960898,8949.6051193253,174,0.6567841670039343
geometry_early_optical_clear_probe,857943944,12,12,12,1.0,True,709.3658758396969,8512.390510076362,5572.390510076366,27861.952550381826,2430.0,486,458,0.9423868312757202,28,0,450,12,12,12,6,6,2893.1938106391517,5281.94329489556,1046.6618793293796,8272.84969665448,80,0.6839348079956835
geometry_early_optical_clear_probe,1702649279,13,13,13,1.0,True,704.2524765365401,9155.282194975021,6159.282194975023,30796.410974875136,2470.0,494,461,0.9331983805668016,33,0,458,14,14,13,11,11,2208.73699591452,8379.455907936986,1216.0453684767026,9155.282194975021,95,1.0508122280007228
geometry_early_optical_clear_probe,2487860294,12,12,12,1.0,True,665.7592236423454,7989.110683708145,5164.110683708146,25820.553418540745,2330.0,466,434,0.9313304721030042,32,0,432,13,13,12,6,6,2330.5703963529654,7318.773828915437,1039.5322311532093,7602.726042747426,80,0.8803948030108586
geometry_early_optical_clear_probe,1934280257,16,16,16,1.0,True,427.9117189218712,6846.58750274994,4935.5875027499405,24677.937513749715,1550.0,310,267,0.8612903225806452,43,0,281,16,16,16,6,6,1252.0437710258982,6184.719027087516,466.1463542636499,6846.58750274994,40,0.8512679970008321
geometry_early_optical_clear_probe,1085699346,11,11,11,1.0,True,822.5877995954313,9048.465795549744,6128.465795549744,30642.32897774874,2415.0,483,452,0.9358178053830227,31,0,447,12,12,11,9,9,1373.2116441672947,7209.055480024545,733.1866633291902,9048.465795549744,58,1.1081257350015221
geometry_early_optical_clear_probe,1725394275,10,10,10,1.0,True,831.0560158472761,8310.560158472761,5407.560158472761,27037.80079236381,2405.0,481,454,0.9438669438669439,27,0,448,10,10,10,3,3,1900.4595549780338,4391.369967554931,1978.1327184172133,7695.339239404105,151,0.7295363989978796
geometry_early_optical_clear_probe,2410867901,14,14,14,1.0,True,636.7039968568287,8913.855955995601,6131.855955995599,30659.279779978013,2290.0,458,416,0.9082969432314411,42,0,422,14,14,14,14,14,2093.5715233041406,6229.813652442056,1032.9396210316002,8878.855955995601,78,1.160523643004126
geometry_early_optical_clear_probe,920210296,10,10,10,1.0,True,859.7258840360939,8597.258840360939,5525.258840360942,27626.294201804718,2545.0,509,480,0.9430255402750491,29,0,474,11,11,10,8,8,1925.8368837638823,5022.692460575148,1842.456589354932,8597.258840360939,134,0.7395811439928366
geometry_early_optical_clear_probe,2591047431,16,16,16,1.0,True,538.5787338258111,8617.259741212978,6123.25974121298,30616.298706064903,2035.0,407,359,0.8820638820638821,48,0,376,17,17,16,13,13,1974.1901866125577,6698.664680353923,994.5729884713816,8617.259741212978,78,1.5377817940025125
geometry_early_optical_clear_probe,952260225,10,10,10,1.0,True,893.8161905349873,8938.161905349873,6052.161905349871,30260.80952674937,2390.0,478,449,0.9393305439330544,29,0,443,11,11,10,7,7,1617.892786780289,4574.412834775256,1059.8893634771232,8938.161905349873,80,0.7495343539922033
geometry_early_optical_clear_probe,1935756002,11,11,11,1.0,True,857.2257249222887,9429.482974145176,6303.482974145174,31517.414870725886,2585.0,517,488,0.9439071566731141,29,0,480,13,13,11,9,9,2289.3430107548193,6888.358147929347,476.99019449810004,9429.482974145176,40,0.6570929590088781
geometry_early_optical_clear_probe,4084349684,10,10,10,1.0,True,910.522801223979,9105.22801223979,5824.22801223979,29121.140061198956,2720.0,544,515,0.9466911764705882,29,0,508,11,11,10,7,7,2954.830600737315,7803.96612945396,961.7428821202975,9105.22801223979,80,0.6626577290007845
geometry_early_optical_clear_probe,1900412255,16,16,16,1.0,True,517.583572647525,8281.3371623604,5982.337162360398,29911.685811802,1875.0,375,332,0.8853333333333333,43,0,341,17,17,16,8,8,1861.9920935996963,7150.307470340794,2286.138414719333,8281.3371623604,150,1.0573686129937414
geometry_early_optical_clear_probe,3835734009,11,11,11,1.0,True,850.0030317350373,9350.03334908541,6116.03334908541,30580.166745427057,2680.0,536,500,0.9328358208955224,36,0,499,11,11,11,13,13,2269.5693377961215,7292.719780747296,1037.3075963897206,8574.236244954312,80,1.217428353993455
geometry_early_optical_clear_probe,783713892,13,13,13,1.0,True,626.3090151210992,8142.017196574289,5676.01719657429,28380.085982871464,2030.0,406,368,0.9064039408866995,38,0,371,13,13,13,11,11,722.2411102783099,4937.962558043982,473.6008838643529,7926.332812765282,40,1.174407844999223
geometry_early_optical_clear_probe,2994457764,12,12,12,1.0,True,778.8085958778653,9345.703150534384,6126.703150534381,30633.515752671905,2660.0,532,499,0.9379699248120301,33,0,496,13,13,12,7,7,3839.3482504187637,6811.495762922709,1055.7846357389124,9298.703150534384,80,0.9198788490029983
geometry_early_optical_clear_probe,1762785597,11,11,11,1.0,True,800.7656462204258,8808.422108424684,5844.422108424686,29222.110542123424,2455.0,491,465,0.9470468431771895,26,0,454,11,11,11,6,6,2257.9259230043153,6882.6082183668195,515.8726182403637,8808.422108424684,40,0.7899212569900556
geometry_early_optical_clear_probe,3473749478,12,12,12,1.0,True,812.6136366337478,9751.363639604973,6411.363639604972,32056.818198024874,2765.0,553,518,0.9367088607594937,35,0,515,12,12,12,10,10,3243.717142657155,8489.706142055651,2851.4965902452564,9751.363639604973,212,0.8776019970100606
geometry_early_optical_clear_probe,3664567842,12,12,12,1.0,True,742.6845629406902,8912.214755288282,6133.214755288282,30666.07377644142,2295.0,459,430,0.9368191721132898,29,0,424,12,12,12,5,5,3024.4911003157426,6884.275514751724,422.78209640211827,8912.214755288282,40,0.7174134599918034
geometry_early_optical_clear_probe,1681334574,15,15,15,1.0,True,561.9416348971478,8429.124523457216,6075.124523457215,30375.62261728609,1925.0,385,345,0.8961038961038961,40,0,351,16,16,15,18,18,1290.9454675571437,4744.995375169533,708.7884178797023,7723.553064380347,59,1.221171487995889
geometry_early_optical_clear_probe,389464839,15,15,15,1.0,True,586.0467916805034,8790.701875207551,6337.701875207551,31688.509376037768,2005.0,401,355,0.885286783042394,46,0,367,17,17,15,14,14,842.2939601702391,3338.359428798073,506.6189323987381,8790.701875207551,40,1.292777495997143
geometry_early_optical_clear_probe,341762085,12,12,12,1.0,True,769.0625704838981,9228.750845806777,6185.750845806773,30928.754229033886,2515.0,503,467,0.9284294234592445,36,0,468,12,12,12,8,8,3389.1126958920745,7866.783465716618,1248.546507405716,8834.409699321244,100,0.8211078720050864
geometry_early_optical_clear_probe,1118514433,12,12,12,1.0,True,801.7550583622791,9621.060700347349,6709.0607003473515,33545.30350173677,2405.0,481,445,0.9251559251559252,36,0,444,13,13,12,13,13,2282.8141428517997,5785.230803538423,733.4390540176183,9621.060700347349,60,0.8046476729941787
geometry_early_optical_clear_probe,3150009364,13,13,13,1.0,True,690.6068915199829,8977.889589759778,6279.889589759774,31399.447948798876,2225.0,445,414,0.9303370786516854,31,0,408,13,13,13,8,8,2557.9199871822448,7699.495382810502,1293.7621630760682,8936.889589759778,99,0.7764340779976919
geometry_early_optical_clear_probe,1165516591,12,12,12,1.0,True,710.7831688120776,8529.398025744931,5913.39802574493,29566.99012872467,2160.0,432,399,0.9236111111111112,33,0,396,12,12,12,7,7,1168.2347480508295,4713.650038460004,444.78052023900193,8529.398025744931,40,0.8778777880070265
geometry_early_optical_clear_probe,3689632137,15,15,15,1.0,True,547.0129224366954,8205.19383655043,5999.193836550429,29995.96918275216,1805.0,361,325,0.9002770083102493,36,0,326,15,15,15,13,13,1060.637291168566,4082.841845556486,690.0382517199043,8176.19383655043,60,1.1868651050026529
geometry_early_optical_clear_probe,570222211,16,16,16,1.0,True,565.0024131385294,9040.03861021647,6422.03861021647,32110.193051082366,2145.0,429,388,0.9044289044289044,41,0,390,17,17,16,10,10,1897.1917309902726,7033.863006389908,1281.7984637280554,9040.03861021647,97,0.9224348639982054
geometry_early_optical_clear_probe,4075643967,10,10,10,1.0,True,1005.1315017143983,10051.315017143983,6709.31501714398,33546.57508571991,2775.0,555,529,0.9531531531531532,26,0,517,10,10,10,4,4,3571.0433109751402,7855.472475275097,1308.0476365548755,10051.315017143983,98,0.7079577340045944
geometry_early_optical_clear_probe,2625694791,11,11,11,1.0,True,862.9038967089126,9491.942863798038,6277.942863798034,31389.714318990187,2660.0,532,502,0.943609022556391,30,0,496,12,12,11,8,8,1392.2116557393385,3900.719997831641,489.38827374281755,9491.942863798038,40,0.8031815989961615
geometry_early_optical_clear_probe,1437554416,12,12,12,1.0,True,772.7172188728065,9272.606626473678,6123.606626473678,30618.033132368408,2605.0,521,493,0.946257197696737,28,0,484,12,12,12,7,7,3258.1491729788872,8440.576572152799,747.2401294902867,8792.78905602014,59,0.7541830709960777
geometry_early_optical_clear_probe,3688626749,15,15,15,1.0,True,592.7242449962339,8890.863674943508,6270.863674943508,31354.318374717554,2150.0,430,390,0.9069767441860465,40,0,395,15,15,15,7,7,2706.4069145130784,7193.393347662056,987.6692633135051,8890.863674943508,79,0.8512616619991604
geometry_early_optical_clear_probe,1424021510,10,10,10,1.0,True,848.4714908252411,8484.71490825241,5517.714908252408,27588.574541262053,2460.0,492,464,0.943089430894309,28,0,457,10,10,10,6,6,1637.791345558687,5578.737219737625,1538.3814157796278,6398.345064713812,115,0.8099304219940677
geometry_early_optical_clear_probe,303848166,15,15,15,1.0,True,605.4228510414778,9081.342765622167,6643.342765622166,33216.713828110835,2000.0,400,366,0.915,34,0,363,15,15,15,9,9,2443.3646465732118,8012.160107315414,505.56837192251675,8507.007461059951,40,0.9231278049992397
geometry_early_optical_clear_probe,2575431663,13,13,13,1.0,True,635.2437376784741,8258.168589820163,5822.168589820164,29110.842949100832,2005.0,401,367,0.9152119700748129,34,0,366,13,13,13,7,7,1020.826704563554,3107.98678983155,1476.5651422996375,8258.168589820163,104,0.9037166490015807
geometry_early_optical_clear_probe,1751805317,12,12,12,1.0,True,800.5334064562297,9606.400877474756,6583.400877474752,32917.00438737377,2500.0,500,471,0.942,29,0,463,12,12,12,9,9,3135.974578108531,7402.601980335579,1274.5120563192518,9606.400877474756,96,0.7598008009954356
geometry_early_optical_clear_probe,1722318178,12,12,12,1.0,True,706.8826837769217,8482.59220532306,5838.592205323061,29192.96102661531,2180.0,436,396,0.908256880733945,40,0,401,13,13,12,11,11,1315.3906586240653,3500.7638015317175,771.0764755361404,7905.4595403128715,60,0.7828494980058167
geometry_early_optical_clear_probe,837000121,13,13,13,1.0,True,663.4178444594072,8624.431977972294,6047.431977972293,30237.15988986147,2120.0,424,391,0.9221698113207547,33,0,389,14,14,13,8,8,1977.2339882120857,6076.073882904209,452.5958768057456,7737.678892005737,40,0.8800928120035678
geometry_early_optical_clear_probe,3396413996,15,15,15,1.0,True,588.3647311829657,8825.470967744484,5897.470967744484,29487.354838722422,2405.0,481,440,0.9147609147609148,41,0,445,16,16,15,7,7,3070.084048067471,7697.888296224893,971.5198746396652,8641.271129331166,80,0.998249118012609
geometry_early_optical_clear_probe,2614032500,12,12,12,1.0,True,753.6221851502229,9043.466221802675,6274.4662218026715,31372.33110901338,2285.0,457,420,0.9190371991247265,37,0,421,13,13,12,6,6,1826.3928956923828,5744.469534268161,505.8538432766717,9043.466221802675,40,1.066746905009495
geometry_early_optical_clear_probe,3802431456,12,12,12,1.0,True,687.3061187002542,8247.67342440305,5511.6734244030495,27558.367122015254,2260.0,452,419,0.9269911504424779,33,0,416,12,12,12,9,9,1369.9905134288504,6932.651712141013,981.7460704039502,7859.823903083457,78,0.7050729890033836
geometry_early_optical_clear_probe,1407268217,14,14,14,1.0,True,633.5934156761904,8870.307819466665,6081.307819466661,30406.539097333323,2295.0,459,419,0.9128540305010894,40,0,424,14,14,14,10,10,2084.4838195662874,6909.907195627483,679.4728445264559,8870.307819466665,59,1.150042052991921
geometry_early_optical_clear_probe,2820572454,14,14,14,1.0,True,629.3238988630001,8810.534584082001,6228.534584082,31142.672920410005,2120.0,424,388,0.9150943396226415,36,0,389,15,15,14,3,3,2299.5973254201554,5829.221311705604,711.7884280851241,8810.534584082001,60,0.8638627489999635
geometry_early_optical_clear_probe,4141842024,15,15,15,1.0,True,536.7514725187068,8051.272087780602,5781.272087780605,28906.360438903037,1855.0,371,329,0.8867924528301887,42,0,337,16,16,15,9,9,1525.2595116638615,5274.772997302318,499.6330688653766,7775.70196087169,40,1.0867889969958924
geometry_early_optical_clear_probe,856131442,10,10,10,1.0,True,865.9044108144977,8659.044108144977,5595.044108144978,27975.220540724888,2540.0,508,485,0.9547244094488189,23,0,474,10,10,10,3,3,3223.159324852479,6537.939821083871,1759.0192038524401,8600.044108144977,131,0.5682955039956141
geometry_early_optical_clear_probe,2614851883,16,16,16,1.0,True,530.5660640853644,8489.05702536583,6045.0570253658325,30225.28512682918,1995.0,399,355,0.8897243107769424,44,0,366,17,17,16,10,10,2482.6799114822106,6206.545747065949,758.2110785251073,8489.05702536583,60,1.1375872409989825
geometry_early_optical_clear_probe,3850852525,11,11,11,1.0,True,848.8050505812448,9336.855556393693,6321.855556393692,31609.277781968467,2495.0,499,467,0.935871743486974,32,0,465,11,11,11,5,5,2275.10388162479,7986.750527970328,787.0799337592348,8378.906921932612,60,0.7661761950002983
geometry_early_optical_clear_probe,3607916876,10,10,10,1.0,True,869.2091639651857,8692.091639651857,5576.091639651857,27880.458198259294,2585.0,517,489,0.9458413926499033,28,0,481,10,10,10,6,6,1336.2355658029733,7607.431659299214,762.1143720147692,8306.614728001177,60,0.7988800760067534
geometry_early_optical_clear_probe,38455005,14,14,14,1.0,True,630.7057075322751,8829.879905451851,6167.879905451849,30839.39952725926,2190.0,438,402,0.9178082191780822,36,0,402,14,14,14,11,11,2234.474416844173,6524.32086990623,739.1686445818417,8829.879905451851,60,0.9345939420018112
geometry_early_optical_clear_probe,855806045,15,15,15,1.0,True,596.3049749624454,8944.57462443668,6604.574624436677,33022.873122183395,1915.0,383,349,0.9112271540469974,34,0,347,16,16,15,8,8,1887.8731076596275,5839.38076321882,433.0926740264924,8461.506471665929,40,1.0997186729946407
geometry_early_optical_clear_probe,1230728580,14,14,14,1.0,True,656.6038219430195,9192.453507202274,6520.453507202275,32602.267536011397,2200.0,440,405,0.9204545454545454,35,0,402,14,14,14,10,10,2912.893218530057,7229.366207894216,420.93434732294367,9192.453507202274,40,0.9495459390018368
geometry_early_optical_clear_probe,3269527675,10,10,10,1.0,True,947.3116675312976,9473.116675312976,6078.116675312975,30390.58337656489,2815.0,563,533,0.9467140319715808,30,0,530,10,10,10,10,10,2380.828650992619,7682.71905250884,746.3490449386857,9473.116675312976,60,0.9085016690078191
geometry_early_optical_clear_probe,2749750198,10,10,10,1.0,True,1045.6362554807135,10456.362554807136,7021.362554807137,35106.812774035694,2850.0,570,548,0.9614035087719298,22,0,532,11,11,10,4,4,3770.3778586505628,8074.260065690692,436.27727534157725,10456.362554807136,40,0.6696863569959532
geometry_early_optical_clear_probe,2663043259,14,14,14,1.0,True,601.5399050043414,8421.55867006078,5920.55867006078,29602.7933503039,2055.0,411,375,0.9124087591240876,36,0,376,14,14,14,13,13,2027.2946859535891,5091.861580285932,693.0048251629728,7704.335978630814,60,0.9141214130067965
geometry_early_optical_clear_probe,1478078672,14,14,14,1.0,True,671.8985757757673,9406.580060860742,6649.58006086074,33247.90030430371,2265.0,453,416,0.9183222958057395,37,0,419,15,15,14,16,16,1627.305851602557,6592.05369723324,424.51715165710027,9406.580060860742,40,1.1046533890039427
geometry_early_optical_clear_probe,421708806,14,14,14,1.0,True,653.9561444938491,9155.386022913888,6722.386022913885,33611.93011456943,1995.0,399,357,0.8947368421052632,42,0,362,16,16,14,9,9,1531.754384667441,6698.618019766976,711.7111759324702,9155.386022913888,59,0.8778994649910601
geometry_early_optical_clear_probe,1911771918,11,11,11,1.0,True,805.2261831259729,8857.4880143857,6222.488014385699,31112.44007192851,2180.0,436,404,0.926605504587156,32,0,397,12,12,11,10,10,349.8895590742992,1056.4925749086456,755.9507586091825,8857.4880143857,60,1.2869126680016052
geometry_early_optical_clear_probe,3266739150,12,12,12,1.0,True,786.7636382573842,9441.16365908861,6275.1636590886055,31375.818295443034,2615.0,523,488,0.9330783938814532,35,0,485,14,14,12,11,11,2582.164756764441,7046.48351191558,1880.1416631665754,9441.16365908861,136,0.8961243750090944
geometry_early_optical_clear_probe,2316036265,15,15,15,1.0,True,691.6292983355276,10374.439475032914,7549.439475032912,37747.197375164586,2320.0,464,416,0.896551724137931,48,0,427,16,16,15,12,12,2483.4260217685487,6624.949031246153,1033.8514987471897,10374.439475032914,79,1.5246214420039905
geometry_early_optical_clear_probe,500606674,10,10,10,1.0,True,910.9849560588615,9109.849560588615,5943.849560588614,29719.24780294308,2625.0,525,500,0.9523809523809523,25,0,491,10,10,10,7,7,2082.4979378350445,4871.621434331506,1291.1454454630607,8716.072018961682,98,0.8481328049965668
geometry_early_optical_clear_probe,2872121418,15,15,15,1.0,True,505.85618803548516,7587.842820532277,5556.842820532277,27784.214102661394,1660.0,332,290,0.8734939759036144,42,0,296,15,15,15,9,9,1380.6111387545352,4909.741820590162,483.25253328766235,5437.429276914579,40,0.9591071260074386
geometry_early_optical_clear_probe,1243239934,10,10,10,1.0,True,864.384084143554,8643.84084143554,5742.840841435539,28714.2042071777,2400.0,480,452,0.9416666666666667,28,0,445,12,12,10,8,8,1440.7111966765335,5757.901341636609,476.4847005580093,6963.14220252729,40,0.7097523970005568
geometry_early_optical_clear_probe,3338067347,15,15,15,1.0,True,551.4227618831632,8271.341428247448,5970.341428247449,29851.707141237257,1885.0,377,339,0.8992042440318302,38,0,341,15,15,15,11,11,1348.8202405142188,6233.001332375132,469.52392636706736,8081.292985371397,40,1.1974250549974386
geometry_early_optical_clear_probe,2336061955,13,13,13,1.0,True,683.0485622100251,8879.631308730326,6244.631308730326,31223.15654365164,2170.0,434,398,0.9170506912442397,36,0,397,14,14,13,6,6,2346.2664800456305,7146.3166078466365,1237.6565870516438,8879.631308730326,99,0.7409735339897452
geometry_early_optical_clear_probe,1659377733,10,10,10,1.0,True,913.5200468696581,9135.200468696581,6094.200468696579,30471.0023434829,2520.0,504,477,0.9464285714285714,27,0,468,11,11,10,9,9,1647.401001318921,4112.381753425392,1031.1310114586636,9135.200468696581,80,0.922434620995773
geometry_early_optical_clear_probe,952719464,16,16,16,1.0,True,567.2348646696555,9075.757834714488,6478.757834714487,32393.78917357246,2125.0,425,382,0.8988235294117647,43,0,392,16,16,16,12,12,2388.2875129963545,7118.1561603447735,472.5225068853391,9075.757834714488,40,1.0559788359969389
geometry_early_optical_clear_probe,1161033317,12,12,12,1.0,True,762.6116528925454,9151.339834710545,5935.339834710542,29676.699173552723,2660.0,532,501,0.9417293233082706,31,0,496,12,12,12,5,5,3280.806731499673,8463.216630032122,1284.3090288456792,8757.719252000139,98,0.7770682230038801
geometry_early_optical_clear_probe,2143870180,12,12,12,1.0,True,739.1312306674237,8869.574768009084,5749.574768009084,28747.873840045424,2575.0,515,477,0.9262135922330097,38,0,479,14,14,12,9,9,2182.4802360330673,7330.4016814418155,494.5945781241162,8869.574768009084,40,0.8992127700039418
geometry_early_optical_clear_probe,4293859217,15,15,15,1.0,True,591.1894560379582,8867.841840569372,6398.841840569371,31994.20920284686,2020.0,404,363,0.8985148514851485,41,0,368,17,17,15,13,13,1425.5101661285366,5953.8099752730795,736.5446265742245,8867.841840569372,60,1.1095894480095012
geometry_early_optical_clear_probe,1223509145,11,11,11,1.0,True,770.6886068401942,8477.574675242136,5627.5746752421355,28137.873376210682,2360.0,472,443,0.9385593220338984,29,0,435,11,11,11,3,3,2086.5009166942677,5142.40014986126,719.4637517958599,8477.574675242136,60,0.5644018299935851
geometry_early_optical_clear_probe,2756004536,15,15,15,1.0,True,606.3187044309374,9094.78056646406,6452.78056646406,32263.902832320302,2165.0,433,390,0.9006928406466512,43,0,399,16,16,15,9,9,2930.4927298820094,7483.783747255622,1260.7542287362617,8883.50774411452,96,0.7190199930046219
geometry_early_optical_clear_probe,1448837949,12,12,12,1.0,True,706.8095057897949,8481.714069477539,5469.714069477538,27348.570347387697,2490.0,498,470,0.9437751004016064,28,0,462,12,12,12,8,8,2325.6010941873915,7317.479355271649,424.879186734526,7657.009034978106,40,0.8042308639996918
geometry_early_optical_clear_probe,153873402,16,16,16,1.0,True,526.1516409894888,8418.42625583182,5894.4262558318205,29472.13127915911,2065.0,413,373,0.9031476997578692,40,0,379,16,16,16,9,9,2426.521553298654,7072.406602834677,753.9055833015974,8418.42625583182,58,1.0232911720086122
geometry_early_optical_clear_probe,1926243832,14,14,14,1.0,True,578.2668807823635,8095.736330953088,5226.736330953088,26133.681654765445,2360.0,472,431,0.913135593220339,41,0,436,15,15,14,12,12,1387.4226520411125,4255.403406975294,470.20409130790057,8060.736330953088,40,1.051700741998502
geometry_early_optical_clear_probe,868479629,16,16,16,1.0,True,498.15875099070644,7970.540015851303,5484.540015851304,27422.700079256516,2030.0,406,366,0.9014778325123153,40,0,376,16,16,16,11,11,2667.3338163815874,6918.306050791723,410.98954287726247,7970.540015851303,40,0.8407358560070861
geometry_early_optical_clear_probe,2804296331,11,11,11,1.0,True,801.2178410350032,8813.396251385035,5625.3962513850365,28126.981256925188,2640.0,528,501,0.9488636363636364,27,0,493,11,11,11,6,6,3090.4770806003157,8179.6401202459565,765.5088778659218,8813.396251385035,59,0.7878337340080179
geometry_early_optical_clear_probe,829805860,11,11,11,1.0,True,883.155268414986,9714.707952564846,6597.707952564843,32988.53976282423,2580.0,516,490,0.9496124031007752,26,0,479,12,12,11,6,6,2410.8671437319645,8058.894897601115,494.2419707607497,9714.707952564846,40,0.8724348419927992
geometry_early_optical_clear_probe,3283502062,10,10,10,1.0,True,960.263789526082,9602.63789526082,6279.637895260817,31398.189476304095,2750.0,550,523,0.9509090909090909,27,0,514,13,13,10,8,8,2818.8581628915626,6031.146448326964,1841.2932438045405,8657.852813190646,131,0.7907414360088296
geometry_early_optical_clear_probe,3862204489,15,15,15,1.0,True,656.1639436284933,9842.459154427399,7195.4591544274,35977.295772137004,2170.0,434,396,0.9124423963133641,38,0,399,16,16,15,9,9,2510.879219639951,6434.73755668069,737.8495275046384,9842.459154427399,60,0.8962091749999672
geometry_early_optical_clear_probe,49710741,13,13,13,1.0,True,770.5028813742204,10016.537457864864,6897.5374578648625,34487.68728932433,2575.0,515,481,0.9339805825242719,34,0,476,14,14,13,9,9,1725.8522202938632,7758.761816559435,461.5343133382393,10016.537457864864,40,1.1892344020016026
geometry_early_optical_clear_probe,4138959790,15,15,15,1.0,True,591.420981762941,8871.314726444114,6315.314726444114,31576.573632220578,2095.0,419,370,0.883054892601432,49,0,380,17,17,15,13,13,1148.5006919887478,5151.549157894003,518.6428180408744,8871.314726444114,40,0.9884825379995164
geometry_early_optical_clear_probe,3946298071,13,13,13,1.0,True,714.1276705026717,9283.659716534732,6404.659716534728,32023.298582673655,2370.0,474,439,0.9261603375527426,35,0,441,14,14,13,11,11,2172.27817444734,7251.097186728316,446.8880628956826,8712.491077571973,40,0.9196061979891965
geometry_early_optical_clear_probe,1351692792,13,13,13,1.0,True,694.8348489796401,9032.853036735321,6010.85303673532,30054.26518367661,2490.0,498,463,0.929718875502008,35,0,464,14,14,13,8,8,1918.1776351056174,5789.302238978444,541.0520333406483,8769.03901177459,40,0.956731159996707
geometry_early_optical_clear_probe,2953665583,15,15,15,1.0,True,607.2427681499436,9108.641522249154,6408.641522249151,32043.207611245776,2215.0,443,407,0.9187358916478555,36,0,407,16,16,15,7,7,2490.6671586057787,8044.059979978283,451.3150053634482,9108.641522249154,40,0.7417535230051726
geometry_early_optical_clear_probe,2682177082,14,14,14,1.0,True,631.718373438102,8844.057228133428,5868.057228133432,29340.286140667165,2450.0,490,455,0.9285714285714286,35,0,456,14,14,14,10,10,3243.332965362267,6676.584206131828,767.7611418017522,8844.057228133428,60,0.8588787369953934
geometry_early_optical_clear_probe,3990872787,11,11,11,1.0,True,872.2098111962052,9594.307923158258,6457.307923158258,32286.539615791302,2600.0,520,490,0.9423076923076923,30,0,482,11,11,11,9,9,2033.5930180557516,7530.416051269899,490.0268823974992,9594.307923158258,40,0.6898381130013149
geometry_early_optical_clear_probe,1914442859,16,16,16,1.0,True,588.3829099200219,9414.12655872035,6986.126558720345,34930.63279360175,1985.0,397,352,0.8866498740554156,45,0,360,17,17,16,15,15,2420.8594109639043,6456.41980986405,1032.9797567004457,9414.12655872035,79,0.9828024830057984
geometry_early_optical_clear_probe,1362673301,12,12,12,1.0,True,744.4082693596991,8932.89923231639,5691.89923231639,28459.49616158196,2680.0,536,505,0.9421641791044776,31,0,501,12,12,12,7,7,3866.8646676527483,7267.0097930927195,1006.0128995581507,8478.766253885851,80,0.6585786579962587
geometry_early_optical_clear_probe,860381602,10,10,10,1.0,True,848.4671962180234,8484.671962180235,5502.671962180236,27513.35981090118,2470.0,494,469,0.9493927125506073,25,0,459,11,11,10,7,7,2065.607056006309,6709.021166027415,3005.6108490866654,7484.304965809498,213,0.6918686360004358
geometry_early_optical_clear_probe,1622028931,11,11,11,1.0,True,808.8219523077674,8897.041475385442,5865.041475385437,29325.2073769272,2510.0,502,471,0.9382470119521913,31,0,467,11,11,11,10,10,1714.1133697114042,4968.2900428472785,786.1374410006952,7843.205823447956,60,0.9622832040040521
geometry_early_optical_clear_probe,4101250668,12,12,12,1.0,True,755.2419996793274,9062.903996151928,6102.903996151925,30514.519980759636,2440.0,488,453,0.9282786885245902,35,0,454,14,14,12,11,11,2536.039511203969,8589.048135264897,667.915520399695,9062.903996151928,60,0.9255169950047275
geometry_early_optical_clear_probe,3477360527,12,12,12,1.0,True,696.8622995749092,8362.34759489891,5674.3475948989135,28371.737974494587,2220.0,444,411,0.9256756756756757,33,0,408,12,12,12,10,10,1277.774860425879,6697.080933928893,1055.471120728427,8315.34759489891,78,0.8217658909998136
geometry_early_optical_clear_probe,262308626,12,12,12,1.0,True,814.1835336875419,9770.202404250502,6869.202404250496,34346.01202125251,2395.0,479,451,0.941544885177453,28,0,443,13,13,12,8,8,1693.435133231871,7365.725141928911,1013.6444386664149,9770.202404250502,77,0.8506899080093717
geometry_early_optical_clear_probe,674262077,14,14,14,1.0,True,595.0831498955374,8331.164098537523,5867.164098537526,29335.820492687635,2025.0,405,368,0.908641975308642,37,0,369,14,14,14,11,11,1553.8930239243998,7067.147712216538,707.8902063232534,8201.92870707483,60,1.1277883949951502
geometry_early_optical_clear_probe,3752868256,16,16,16,1.0,True,492.03392609612143,7872.542817537943,5893.542817537945,29467.71408768974,1605.0,321,280,0.8722741433021807,41,0,291,17,17,16,9,9,1427.0683177391286,4966.21256572892,936.4504669596795,7872.542817537943,79,1.227091926994035
geometry_early_optical_clear_probe,2767047653,13,13,13,1.0,True,584.560788361532,7599.2902486999155,5329.2902486999155,26646.451243499585,1865.0,373,333,0.8927613941018767,40,0,337,14,14,13,11,11,595.3331883232308,2272.710482734,707.2295547715346,6653.607128583722,60,0.9661275969992857
geometry_early_optical_clear_probe,302198787,13,13,13,1.0,True,648.9545859355869,8436.40961716263,5694.409617162632,28472.048085813163,2260.0,452,416,0.9203539823008849,36,0,417,13,13,13,6,6,879.2781792687599,4097.43194756361,489.9678503164155,8215.479377740494,40,0.8921502620069077
geometry_early_optical_clear_probe,1084440588,11,11,11,1.0,True,781.5483498860353,8597.031848746388,5705.031848746391,28525.15924373197,2395.0,479,450,0.9394572025052192,29,0,442,11,11,11,5,5,2310.493094800656,7679.637494824882,455.26426576303345,8544.031848746388,40,0.6756354929966619
geometry_early_optical_clear_probe,1939684321,15,15,15,1.0,True,560.6042762609585,8409.064143914378,5944.064143914378,29720.320719571893,2020.0,404,362,0.8960396039603961,42,0,367,16,16,15,12,12,1706.3730515325374,5146.929798561468,445.7511692279511,7870.619107694166,40,1.0488687549950555
geometry_early_optical_clear_probe,3670244275,15,15,15,1.0,True,583.902766552972,8758.54149829458,6373.541498294583,31867.707491472927,1955.0,391,350,0.8951406649616368,41,0,355,15,15,15,13,13,970.5620296377625,5996.40538431087,438.61159984057986,8477.48991643428,40,1.0589464689983288
geometry_early_optical_clear_probe,2662169653,15,15,15,1.0,True,595.0031945368669,8925.047918053004,6279.047918053004,31395.239590265028,2165.0,433,391,0.9030023094688222,42,0,397,18,18,15,12,12,1770.5971191005344,6952.784606011379,502.4649502287431,8925.047918053004,40,1.0926843119959813
geometry_early_optical_clear_probe,3041105485,11,11,11,1.0,True,822.2337011048745,9044.57071215362,6026.57071215362,30132.85356076812,2495.0,499,468,0.9378757515030061,31,0,465,12,12,11,5,5,2716.2686995343875,6659.857514340972,1056.532750279566,9044.57071215362,78,0.6141292450047331
geometry_early_optical_clear_probe,1307869827,14,14,14,1.0,True,627.9441989499686,8791.218785299561,6122.218785299559,30611.093926497808,2195.0,439,399,0.908883826879271,40,0,404,14,14,14,7,7,2254.8236718551866,6392.573369856058,1050.4447634131002,7360.90605103193,77,0.7712415960122598
geometry_early_optical_clear_probe,961539285,16,16,16,1.0,True,517.9966274655419,8287.94603944867,5797.946039448668,28989.730197243338,2035.0,407,361,0.8869778869778869,46,0,375,16,16,16,14,14,1635.7681610178656,5067.617104452239,785.3603850045126,8068.47930826976,58,2.008152030000929
geometry_early_optical_clear_probe,4271844624,13,13,13,1.0,True,692.4775075054783,9002.207597571218,6355.207597571219,31776.037987856107,2180.0,436,399,0.9151376146788991,37,0,402,13,13,13,11,11,1899.665156444253,7308.81487039555,509.85401493862173,9002.207597571218,40,0.7691980250092456
geometry_early_optical_clear_probe,3482844316,10,10,10,1.0,True,927.6730771079417,9276.730771079418,6177.730771079416,30888.65385539709,2570.0,514,488,0.9494163424124513,26,0,476,11,11,10,8,8,2353.2210144223427,5523.865523818698,1790.9409934646135,9276.730771079418,140,0.7401409250014694
geometry_early_optical_clear_probe,3115189108,11,11,11,1.0,True,756.6226057683721,8322.848663452092,5453.848663452094,27269.243317260472,2375.0,475,442,0.9305263157894736,33,0,439,11,11,11,7,7,1758.8912294939355,5348.284666345458,1297.3364858482905,8048.497116195949,100,0.7395633359992644
geometry_early_optical_clear_probe,1946706968,15,15,15,1.0,True,581.6759601157678,8725.139401736516,6155.139401736517,30775.697008682597,2110.0,422,384,0.909952606635071,38,0,385,15,15,15,11,11,2307.610244548577,7180.78173253869,422.09130696032673,8520.961152051957,40,1.0388714449945837
geometry_early_optical_clear_probe,1353755902,10,10,10,1.0,True,927.9339522137101,9279.339522137101,6215.339522137096,31076.69761068549,2540.0,508,481,0.9468503937007874,27,0,471,11,11,10,5,5,2738.869441394835,6060.393185851934,806.3811545612714,6990.498684578559,60,0.7584757540025748
geometry_early_optical_clear_probe,1210888197,15,15,15,1.0,True,686.365490564263,10295.482358463945,7371.482358463943,36857.41179231971,2400.0,480,437,0.9104166666666667,43,0,446,16,16,15,9,9,2739.5071955506655,6285.695681448776,527.6248961438828,10295.482358463945,40,0.991984249005327
geometry_early_optical_clear_probe,633671626,12,12,12,1.0,True,679.8952382269337,8158.742858723203,5429.742858723205,27148.714293616038,2255.0,451,413,0.9157427937915743,38,0,414,12,12,12,9,9,1106.8413949157223,4520.970253941378,488.7567289853339,7016.688367942127,40,1.1098554140044143
geometry_early_optical_clear_probe,1900990995,16,16,16,1.0,True,587.2319064984754,9395.710503975606,6706.710503975609,33533.55251987806,2195.0,439,395,0.8997722095671982,44,0,405,19,19,16,9,9,3401.744228815145,7710.192879960518,2343.359669831481,9395.710503975606,153,1.0455251080129528
geometry_early_optical_clear_probe,2998028911,12,12,12,1.0,True,762.2106663362416,9146.5279960349,6200.527996034896,31002.639980174492,2430.0,486,455,0.9362139917695473,31,0,453,13,13,12,7,7,2416.9671398350024,7648.172140641731,796.3122473012743,8605.062398318274,60,0.958627202999196
geometry_early_optical_clear_probe,2812074601,16,16,16,1.0,True,532.1534005257232,8514.454408411571,6254.454408411571,31272.272042057863,1845.0,369,328,0.8888888888888888,41,0,335,16,16,16,12,12,1574.0253004137605,6312.7284021263595,1011.6188060621264,8514.454408411571,80,1.1587323139974615
geometry_early_optical_clear_probe,3719622024,14,14,14,1.0,True,636.7983915942785,8915.1774823199,6524.1774823199,32620.887411599517,1960.0,392,354,0.9030612244897959,38,0,358,15,15,14,11,11,1262.46418552582,3563.03055032015,1026.823013635193,8915.1774823199,80,1.1245908489945577
geometry_early_optical_clear_probe,194866086,16,16,16,1.0,True,556.6701208833261,8906.721934133218,6186.72193413322,30933.609670666116,2230.0,446,406,0.9103139013452914,40,0,410,16,16,16,14,14,3083.0919408504733,8518.649203906823,693.559926353196,8906.721934133218,60,1.0253665000054752
geometry_early_optical_clear_probe,2600189011,11,11,11,1.0,True,818.4950461221689,9003.445507343858,6040.4455073438585,30202.22753671931,2450.0,490,458,0.9346938775510204,32,0,452,13,13,11,7,7,2005.5138216518787,5717.793044993905,493.0341721037846,9003.445507343858,40,1.0006411369977286
geometry_early_optical_clear_probe,1260129932,11,11,11,1.0,True,858.3425083685578,9441.767592054135,6264.767592054135,31323.837960270677,2630.0,526,499,0.9486692015209125,27,0,489,12,12,11,9,9,2402.0270482064416,8038.530010641759,752.797454252528,9441.767592054135,60,1.0320478170033311
geometry_early_optical_clear_probe,299000743,13,13,13,1.0,True,716.3392074915744,9312.409697390467,6227.409697390467,31137.048486952343,2545.0,509,471,0.925343811394892,38,0,472,14,14,13,6,6,2785.091083213961,8343.174229120608,523.9489335157979,8958.94177799104,40,1.0834821839962387
geometry_early_optical_clear_probe,2032421054,16,16,16,1.0,True,522.9710055525193,8367.536088840308,6047.536088840309,30237.68044420155,1895.0,379,338,0.8918205804749341,41,0,345,16,16,16,12,12,1591.0491044171288,6260.736432364013,762.413360881893,8367.536088840308,59,1.019453920001979
geometry_early_optical_clear_probe,1028207904,13,13,13,1.0,True,681.8397432545316,8863.916662308911,6111.9166623089095,30559.58331154457,2270.0,454,421,0.9273127753303965,33,0,417,13,13,13,4,4,1814.0338709949729,6435.240214927151,478.5503940342512,8439.956329532928,40,0.842462582004373
geometry_early_optical_clear_probe,1881839033,16,16,16,1.0,True,495.2748983563422,7924.398373701475,5861.398373701477,29306.99186850739,1680.0,336,290,0.8630952380952381,46,0,303,16,16,16,18,18,761.1792077206875,3430.61052930085,991.304834274328,7924.398373701475,77,1.2270609440020053
geometry_early_optical_clear_probe,3717176550,16,16,16,1.0,True,528.114450131543,8449.831202104688,6337.831202104689,31689.156010523468,1715.0,343,297,0.8658892128279884,46,0,311,18,18,16,13,13,1486.4428911126536,3763.4690686098993,511.64084000760187,8449.831202104688,40,1.1317740410013357
geometry_early_optical_clear_probe,4273770477,11,11,11,1.0,True,791.0406705124431,8701.447375636873,5688.447375636873,28442.236878184383,2495.0,499,474,0.9498997995991983,25,0,463,11,11,11,4,4,2590.052414372178,7106.714996018451,486.23073196089365,7607.505623562849,40,0.6164578989992151
geometry_early_optical_clear_probe,3838426295,10,10,10,1.0,True,888.4852283573716,8884.852283573717,5972.852283573716,29864.261417868598,2415.0,483,458,0.94824016563147,25,0,444,11,11,10,10,10,709.9101203946433,2738.3609141951333,763.7017039899007,8884.852283573717,60,0.8867745400057174
geometry_early_optical_clear_probe,2974136735,15,15,15,1.0,True,562.2791186290066,8434.186779435098,5830.186779435096,29150.933897175484,2135.0,427,388,0.9086651053864169,39,0,391,16,16,15,8,8,2544.37856290258,6951.251193501506,683.8998796724331,8008.596513722288,60,0.924053320006351
geometry_early_optical_clear_probe,3054261321,15,15,15,1.0,True,620.8548539600816,9312.822809401225,6617.822809401223,33089.11404700612,2210.0,442,401,0.9072398190045249,41,0,407,16,16,15,17,17,2121.0513498983355,7243.600132208876,782.6357630300977,9312.822809401225,60,0.982480910999584
geometry_early_optical_clear_probe,3136350967,13,13,13,1.0,True,685.7647506268645,8914.941758149238,5677.941758149241,28389.70879074621,2670.0,534,493,0.9232209737827716,41,0,499,14,14,13,7,7,4008.2564234443125,6928.073257714986,441.0214465219495,8914.941758149238,40,0.8223098189919256
geometry_early_optical_clear_probe,1524986757,12,12,12,1.0,True,717.0429673079216,8604.515607695059,5728.51560769506,28642.578038475312,2375.0,475,444,0.9347368421052632,31,0,438,13,13,12,5,5,2417.232327850406,7080.928137767617,486.9763549248641,8557.515607695059,40,0.8178853470017202
geometry_early_optical_clear_probe,2007686361,14,14,14,1.0,True,623.3109999938996,8726.353999914594,5942.353999914593,29711.769999572964,2290.0,458,420,0.9170305676855895,38,0,424,14,14,14,10,10,3369.058554223604,7966.490112109707,1353.540267924598,8595.033599913855,100,0.8410341989947483
geometry_early_optical_clear_probe,2214480777,14,14,14,1.0,True,551.3229196687562,7718.520875362587,5198.520875362588,25992.604376812946,2070.0,414,375,0.9057971014492754,39,0,380,14,14,14,3,3,2329.2635582702496,5853.655639573409,447.22397529213913,7683.520875362587,40,0.627305542002432
geometry_early_optical_clear_probe,3438477534,15,15,15,1.0,True,573.1730229466231,8597.595344199346,6066.595344199345,30332.976720996743,2070.0,414,373,0.9009661835748792,41,0,380,17,17,15,10,10,2364.244598225203,6118.225701767392,759.3597119968184,8168.221375315655,59,1.0358842449932126
geometry_early_optical_clear_probe,4285853707,12,12,12,1.0,True,733.0871144039273,8797.045372847128,5935.045372847127,29675.226864235658,2360.0,472,440,0.9322033898305084,32,0,436,14,14,12,9,9,1336.0781804419814,4835.029041735178,484.97271565324735,8797.045372847128,40,1.0036189179954818
geometry_early_optical_clear_probe,3516861375,13,13,13,1.0,True,662.2851383600523,8609.70679868068,6005.7067986806815,30028.533993403416,2145.0,429,393,0.916083916083916,36,0,391,14,14,13,7,7,1786.5880304636516,7166.895672614773,505.64156366563407,8609.70679868068,40,0.9137058630003594
geometry_early_optical_clear_probe,4164801658,12,12,12,1.0,True,855.5133544940921,10266.160253929105,7388.160253929102,36940.80126964553,2375.0,475,442,0.9305263157894736,33,0,437,14,14,12,7,7,1993.130820270092,5562.667330922768,1025.9168272273625,10266.160253929105,80,0.8543868420092622
geometry_early_optical_clear_probe,263275510,11,11,11,1.0,True,772.0528968180347,8492.581864998381,5674.581864998382,28372.909324991917,2330.0,466,437,0.9377682403433476,29,0,430,12,12,11,3,3,2511.5839888496103,4869.408237158146,964.7167570312195,6024.227983957734,79,0.7234016149886884
geometry_early_optical_clear_probe,1044631569,11,11,11,1.0,True,766.3315460148887,8429.647006163776,5705.647006163775,28528.235030818887,2255.0,451,423,0.9379157427937915,28,0,414,11,11,11,4,4,2014.2318360474644,6416.446598910102,510.59859154796885,7265.801958476226,40,0.8348485570022603
geometry_early_optical_clear_probe,4110629623,13,13,13,1.0,True,673.662640550702,8757.614327159126,5872.6143271591245,29363.07163579564,2380.0,476,438,0.9201680672268907,38,0,440,13,13,13,9,9,2672.392225994873,7563.668941708789,1592.833571367869,8391.944670465908,120,0.8839638390054461
geometry_early_optical_clear_probe,2871736164,10,10,10,1.0,True,893.40952610782,8934.0952610782,5767.095261078201,28835.47630539102,2625.0,525,491,0.9352380952380952,34,0,489,11,11,10,11,11,1016.3247278681953,7818.264240541068,521.6322273434157,8875.0952610782,40,1.1578300919936737
geometry_early_optical_clear_probe,1813122702,10,10,10,1.0,True,901.28086485249,9012.8086485249,5944.8086485249,29724.043242624506,2545.0,509,485,0.9528487229862476,24,0,473,10,10,10,5,5,2259.779692960266,7060.377380362858,505.05837391450325,7515.178710775284,40,0.677142003987683
geometry_early_optical_clear_probe,2106608985,12,12,12,1.0,True,705.8148431821238,8469.778118185486,5657.778118185491,28288.890590927465,2320.0,464,435,0.9375,29,0,429,13,13,12,2,2,3029.4569143330805,7614.32063654016,1233.801324510874,8469.778118185486,94,0.6508985020045657
geometry_early_optical_clear_probe,3847006986,12,12,12,1.0,True,788.1737935318362,9458.085522382034,6383.085522382032,31915.427611910174,2540.0,508,473,0.9311023622047244,35,0,472,13,13,12,9,9,2652.8993502480857,8184.499892013128,469.1517998235861,8852.155226297378,40,0.974509338993812
geometry_early_optical_clear_probe,1493888600,10,10,10,1.0,True,896.6486634829719,8966.486634829718,5672.486634829718,28362.433174148595,2730.0,546,519,0.9505494505494505,27,0,511,11,11,10,8,8,2061.8507904291937,5060.673933012068,1082.7401543383532,8720.880448781449,80,0.8394273680023616
geometry_early_optical_clear_probe,1597109747,10,10,10,1.0,True,785.8408664028904,7858.408664028903,5023.408664028904,25117.043320144534,2350.0,470,444,0.9446808510638298,26,0,435,10,10,10,5,5,1757.9229204248822,5155.092992620564,757.5233048485445,7799.408664028903,59,0.6490051040018443
geometry_early_optical_clear_probe,4240193211,13,13,13,1.0,True,718.9465971892389,9346.305763460106,6469.305763460104,32346.528817300543,2380.0,476,444,0.9327731092436975,32,0,432,13,13,13,9,9,1838.5754652325045,8058.773084010148,435.66115174621126,9346.305763460106,40,1.3299301289953291
geometry_early_optical_clear_probe,2169388361,11,11,11,1.0,True,847.5360135037557,9322.896148541313,6337.896148541308,31689.48074270656,2470.0,494,465,0.9412955465587044,29,0,457,12,12,11,8,8,1967.8391737386994,6543.543041720616,518.7708325131316,7842.633259203971,40,0.7146511650062166
geometry_early_optical_clear_probe,3745446071,12,12,12,1.0,True,768.6031404506169,9223.237685407403,6266.2376854074,31331.188427037,2445.0,489,453,0.9263803680981595,36,0,452,12,12,12,8,8,1895.7211198685518,4115.49441816485,731.1553186897517,9223.237685407403,60,0.7948295840033097
geometry_early_optical_clear_probe,1000530533,11,11,11,1.0,True,772.2132298111475,8494.345527922622,5799.34552792262,28996.727639613113,2230.0,446,416,0.9327354260089686,30,0,410,11,11,11,9,9,1049.0416080269015,4677.295691544568,544.6838941809647,5230.108902224312,40,1.0320149220060557
geometry_early_optical_clear_probe,2779659610,10,10,10,1.0,True,958.3442014485047,9583.442014485046,6014.442014485047,30072.210072425252,2960.0,592,565,0.9543918918918919,27,0,556,11,11,10,6,6,3532.3745363541448,8992.936203926569,2635.3512745520998,9583.442014485046,200,0.7438561159942765
geometry_early_optical_clear_probe,165765993,12,12,12,1.0,True,730.9563035640958,8771.47564276915,6032.475642769148,30162.37821384576,2260.0,452,422,0.9336283185840708,30,0,416,13,13,12,9,9,1261.7860673765433,6537.737869564254,752.0568674733862,8771.47564276915,60,1.0193325430009281
geometry_early_optical_clear_probe,3024629539,11,11,11,1.0,True,865.2297269669147,9517.526996636061,6079.526996636058,30397.6349831803,2850.0,570,542,0.9508771929824561,28,0,533,11,11,11,10,10,4286.418495240363,7362.705048974088,2357.3393443275554,9464.526996636061,170,0.7191548109985888
geometry_early_optical_clear_probe,947681803,11,11,11,1.0,True,765.6055752452743,8421.661327698017,5394.661327698015,26973.30663849009,2505.0,501,470,0.93812375249501,31,0,464,12,12,11,7,7,2371.345424399958,6781.3686789816065,732.210437454655,7664.704042084613,60,0.6502185739955166
geometry_early_optical_clear_probe,942364505,11,11,11,1.0,True,849.7617243858359,9347.378968244195,6197.378968244191,30986.894841220965,2610.0,522,494,0.946360153256705,28,0,485,11,11,11,11,11,2407.9785721702797,7604.601753737848,1000.1411127337097,7946.449790064617,79,0.8783430939947721
geometry_early_optical_clear_probe,1860807697,13,13,13,1.0,True,688.2492444214256,8947.240177478532,6170.240177478529,30851.20088739266,2290.0,458,424,0.925764192139738,34,0,422,13,13,13,11,11,1593.767110730654,5071.478164298946,467.32529248607625,8947.240177478532,40,0.9612463749945164
geometry_early_optical_clear_probe,444296294,13,13,13,1.0,True,670.4837921305336,8716.289297696938,5889.289297696938,29446.446488484686,2330.0,466,432,0.927038626609442,34,0,432,13,13,13,10,10,2551.6255929048198,5799.393220598197,2558.746693453389,8716.289297696938,190,0.8642003569984809
geometry_early_optical_clear_probe,1521514450,15,15,15,1.0,True,562.1250030697271,8431.875046045907,6173.875046045907,30869.375230229558,1845.0,369,325,0.8807588075880759,44,0,335,16,16,15,11,11,1487.2180730927935,7661.544782564697,493.35356046308175,8006.0330021345135,40,1.0519817970052827
geometry_early_optical_clear_probe,2794793020,10,10,10,1.0,True,920.8456524314786,9208.456524314786,6029.456524314784,30147.28262157394,2635.0,527,498,0.9449715370018975,29,0,491,11,11,10,9,9,2214.6164156226987,6723.399524250379,775.6508938805033,8795.424937523741,60,0.7301595410099253
geometry_early_optical_clear_probe,3790991296,11,11,11,1.0,True,782.1343172976009,8603.47749027361,5822.477490273609,29112.38745136806,2300.0,460,431,0.9369565217391305,29,0,423,12,12,11,6,6,1917.3170161772052,5605.720527391847,466.59981922097336,6962.238503637981,40,0.7320805920026032
geometry_early_optical_clear_probe,1770979993,15,15,15,1.0,True,591.17954919414,8867.6932379121,5998.6932379121,29993.466189560528,2355.0,471,421,0.8938428874734607,50,0,436,16,16,15,8,8,2936.191625342221,7260.666930212933,489.45952346496085,8867.6932379121,40,1.2599232170032337
geometry_early_optical_clear_probe,1032592973,15,15,15,1.0,True,563.587900416671,8453.818506250065,5923.818506250067,29619.092531250346,2075.0,415,375,0.9036144578313253,40,0,380,15,15,15,9,9,2543.16698079352,6265.178855535722,1017.5157542209774,8453.818506250065,79,0.782262164997519
geometry_early_optical_clear_probe,2806708093,16,16,16,1.0,True,559.3929886974186,8950.287819158697,6350.287819158698,31751.439095793503,2125.0,425,385,0.9058823529411765,40,0,389,18,18,16,9,9,2311.912678599923,6594.420501578996,514.0392847529222,8950.287819158697,40,1.0728162080049515
geometry_early_optical_clear_probe,356121845,16,16,16,1.0,True,446.0710683113512,7137.137092981619,5153.13709298162,25765.685464908107,1605.0,321,274,0.8535825545171339,47,0,293,18,18,16,12,12,952.8715166773792,3618.793053240184,498.4825029852923,7137.137092981619,40,1.1300292530067964
geometry_early_optical_clear_probe,1602642518,11,11,11,1.0,True,856.6182002202023,9422.800202422226,6389.800202422221,31949.001012111115,2510.0,502,469,0.9342629482071713,33,0,465,12,12,11,10,10,2285.3716506377355,7261.699639659949,444.0447140892618,9422.800202422226,40,1.0007056860049488
geometry_early_optical_clear_probe,2370282213,10,10,10,1.0,True,908.1476466435518,9081.476466435517,6188.476466435517,30942.382332177604,2395.0,479,450,0.9394572025052192,29,0,442,12,12,10,7,7,1029.4172183229205,7416.249780145817,1030.6022165552831,9081.476466435517,74,0.8146184439974604
geometry_early_optical_clear_probe,4179107393,13,13,13,1.0,True,755.4968312439274,9821.458806171056,6892.4588061710565,34462.294030855286,2410.0,482,448,0.9294605809128631,34,0,445,16,16,13,10,10,2891.210778134712,7469.083753055626,1011.1810103169665,9821.458806171056,76,0.858236116997432
geometry_early_optical_clear_probe,3633133266,13,13,13,1.0,True,708.3905149132377,9209.07669387209,6237.076693872092,31185.383469360484,2450.0,490,454,0.926530612244898,36,0,454,14,14,13,13,13,3167.7768431137974,7801.41790825643,1526.040994945225,9209.07669387209,116,0.8942736629978754
geometry_early_optical_clear_probe,107361366,10,10,10,1.0,True,921.173483142197,9211.73483142197,5940.734831421969,29703.674157109854,2715.0,543,516,0.9502762430939227,27,0,506,10,10,10,6,6,3522.5693728269384,8645.069231729562,1030.0097075227568,9211.73483142197,80,0.6210446940094698
geometry_early_optical_clear_probe,1406050177,10,10,10,1.0,True,844.5983812189146,8445.983812189146,5438.983812189146,27194.919060945747,2495.0,499,474,0.9498997995991983,25,0,462,10,10,10,3,3,1851.781927932203,6913.09021660305,452.67503295798406,8386.983812189146,40,0.6689984979893779
geometry_early_optical_clear_probe,2490616705,15,15,15,1.0,True,625.7744376093385,9386.616564140078,6573.616564140077,32868.082820700394,2310.0,462,420,0.9090909090909091,42,0,425,16,16,15,12,12,2498.477912282258,8313.077454970095,1531.0481443002884,8958.122023878215,120,1.060141032008687
geometry_early_optical_clear_probe,1592227759,12,12,12,1.0,True,715.0349300783918,8580.4191609407,5724.419160940701,28622.09580470352,2360.0,472,442,0.9364406779661016,30,0,436,12,12,12,7,7,2810.8976930482218,6654.373669266549,423.1543343278993,8533.4191609407,40,0.6349428029934643
geometry_early_optical_clear_probe,906185804,15,15,15,1.0,True,571.830794467422,8577.461917011331,5983.461917011331,29917.309585056668,2130.0,426,387,0.9084507042253521,39,0,389,15,15,15,12,12,1677.277601895585,6370.010183020643,405.0541486147027,7994.921348228605,40,1.1733205470081884
geometry_early_optical_clear_probe,2175016536,13,13,13,1.0,True,618.681892223197,8042.86459890156,5815.864598901561,29079.32299450782,1830.0,366,329,0.8989071038251366,37,0,329,14,14,13,8,8,923.396936422184,2069.824633953376,780.644089629993,5281.144502906354,59,1.1638787529955152
geometry_early_optical_clear_probe,136244097,11,11,11,1.0,True,827.408426478475,9101.492691263225,5835.4926912632245,29177.46345631613,2705.0,541,509,0.9408502772643254,32,0,506,11,11,11,5,5,2525.3044151547547,5455.391427783716,2847.804448785273,8879.619778506292,212,0.9105896700057201
geometry_early_optical_clear_probe,4191282335,12,12,12,1.0,True,705.5839353861346,8467.007224633615,5676.007224633617,28380.036123168087,2305.0,461,430,0.9327548806941431,31,0,426,12,12,12,4,4,2360.1777514299315,4305.972432443945,463.3889905284912,8420.007224633615,40,0.6656309370009694
geometry_early_optical_clear_probe,1477370246,16,16,16,1.0,True,645.2656496726972,10324.250394763156,7601.250394763157,38006.251973815786,2235.0,447,408,0.912751677852349,39,0,408,16,16,16,13,13,2537.2041635573137,7503.237222358934,1031.546661110387,10324.250394763156,78,1.0734629010112258
geometry_early_optical_clear_probe,3459802799,14,14,14,1.0,True,604.1963479440386,8458.748871216541,5622.748871216543,28113.744356082723,2335.0,467,430,0.9207708779443254,37,0,431,14,14,14,10,10,1704.249913063097,5429.878174150061,512.88631955203,8458.748871216541,40,0.9885677490092348
geometry_early_optical_clear_probe,3441302644,14,14,14,1.0,True,639.8757708524383,8958.260791934137,6417.260791934134,32086.30395967068,2085.0,417,380,0.9112709832134293,37,0,380,16,16,14,8,8,1841.341190533802,7302.208088370767,1646.4250431346386,8958.260791934137,124,0.9266479430079926
geometry_early_optical_clear_probe,2015446000,11,11,11,1.0,True,874.204405149063,9616.248456639692,6724.24845663969,33621.242283198466,2395.0,479,450,0.9394572025052192,29,0,442,11,11,11,9,9,1147.964248994613,3946.197017480987,725.8725180098345,9616.248456639692,60,0.8642370119923726
geometry_early_optical_clear_probe,4209708442,16,16,16,1.0,True,517.4386970076439,8279.019152122302,5739.0191521223005,28695.09576061152,2080.0,416,376,0.9038461538461539,40,0,380,16,16,16,8,8,2783.702818613899,7991.608867454036,478.4556944379724,8279.019152122302,40,0.9345363110041944
geometry_early_optical_clear_probe,1534389718,14,14,14,1.0,True,624.4209194521575,8741.892872330205,5901.892872330207,29509.464361651048,2335.0,467,429,0.9186295503211992,38,0,432,15,15,14,11,11,2238.436424239989,5792.118124122835,1024.9094709442743,8741.892872330205,80,0.9341942829923937
geometry_early_optical_clear_probe,115054115,13,13,13,1.0,True,674.7359353485573,8771.567159531245,5940.567159531243,29702.83579765623,2335.0,467,432,0.9250535331905781,35,0,431,13,13,13,10,10,1439.8382863238935,4874.171021712488,962.3775773839149,8598.145377087429,78,1.186807146994397
geometry_early_optical_clear_probe,1419412350,15,15,15,1.0,True,619.953947980922,9299.309219713828,6393.309219713827,31966.546098569135,2385.0,477,439,0.9203354297693921,38,0,443,16,16,15,9,9,3939.028219313424,8987.449321954558,991.162643383942,9299.309219713828,80,0.8732793399976799
geometry_early_optical_clear_probe,3860368016,10,10,10,1.0,True,841.3258102986226,8413.258102986227,5543.258102986226,27716.29051493114,2380.0,476,451,0.9474789915966386,25,0,440,10,10,10,4,4,1291.9108768531753,2866.634651921645,949.9341845899625,7167.382370018641,80,0.7450424889975693
geometry_early_optical_clear_probe,2466626378,14,14,14,1.0,True,621.5038628190878,8701.054079467229,5983.054079467227,29915.270397336142,2235.0,447,407,0.9105145413870246,40,0,413,14,14,14,12,12,1650.4892131246077,4655.579248458456,1570.0868186640578,8701.054079467229,112,0.8909252770099556
geometry_early_optical_clear_probe,1291597364,10,10,10,1.0,True,877.7618884457295,8777.618884457295,5472.6188844572935,27363.09442228647,2740.0,548,517,0.9434306569343066,31,0,512,11,11,10,8,8,2093.6431884976805,6966.677785391884,503.2387116611633,8351.478546894872,40,0.73374361799506
geometry_early_optical_clear_probe,1766736089,11,11,11,1.0,True,834.5130510977907,9179.643562075698,6122.643562075695,30613.21781037849,2530.0,506,471,0.9308300395256917,35,0,469,12,12,11,8,8,2090.1625727787136,5810.431372888097,467.47696678677505,9179.643562075698,40,0.7856303959997604
geometry_early_optical_clear_probe,2380890888,12,12,12,1.0,True,761.9967664232281,9143.961197078737,6043.961197078737,30219.805985393697,2565.0,513,483,0.9415204678362573,30,0,475,12,12,12,9,9,2282.0525835787525,6059.170682831341,1373.8194016381492,9143.961197078737,97,0.8200151760102017
geometry_early_optical_clear_probe,1909581360,14,14,14,1.0,True,557.4961901665204,7804.946662331285,5482.946662331286,27414.733311656437,1905.0,381,344,0.9028871391076115,37,0,347,14,14,14,3,3,1978.7663129425275,5905.872530444549,743.3272944117457,7804.946662331285,58,0.7594660339964321
geometry_early_optical_clear_probe,756510345,15,15,15,1.0,True,571.4505331478737,8571.757997218105,6007.757997218105,30038.789986090527,2100.0,420,375,0.8928571428571429,45,0,386,16,16,15,14,14,1887.6548545270293,6897.941663451734,509.9370580116982,7658.984965429881,40,1.0399094949971186
geometry_early_optical_clear_probe,1282992001,16,16,16,1.0,True,535.1335047547577,8562.136076076124,5925.136076076121,29625.680380380614,2160.0,432,388,0.8981481481481481,44,0,397,16,16,16,13,13,2465.597632931532,8096.494096017049,1280.1756208938089,8562.136076076124,99,0.9489047200040659
geometry_early_optical_clear_probe,1017813508,10,10,10,1.0,True,888.8304952290424,8888.304952290424,5884.304952290423,29421.524761452132,2490.0,498,469,0.9417670682730924,29,0,461,11,11,10,8,8,1478.5618480069618,8020.767422210228,1036.3685552376985,8398.83957689587,80,0.8834918520005886
geometry_early_optical_clear_probe,3765503300,10,10,10,1.0,True,850.2416734213459,8502.416734213459,5492.416734213461,27462.083671067307,2495.0,499,471,0.9438877755511023,28,0,465,10,10,10,5,5,1696.243793771524,5645.086853474134,770.8272899047258,8502.416734213459,60,0.685026631996152
geometry_early_optical_clear_probe,1504269544,12,12,12,1.0,True,679.7745511122711,8157.294613347252,5731.294613347252,28656.47306673627,2000.0,400,372,0.93,28,0,366,12,12,12,5,5,1382.7869941211936,5430.150887647387,685.6139755912253,8110.294613347252,59,0.7442455520067597
geometry_early_optical_clear_probe,1192028820,13,13,13,1.0,True,662.5305566914855,8612.89723698931,5756.8972369893145,28784.48618494658,2355.0,471,437,0.9278131634819533,34,0,436,13,13,13,6,6,3250.08121581824,6969.33502068561,515.8013795181228,8612.89723698931,40,0.6404353660036577
geometry_early_optical_clear_probe,2587285451,14,14,14,1.0,True,566.8325718387666,7935.656005742733,5241.656005742732,26208.28002871367,2215.0,443,407,0.9187358916478555,36,0,409,14,14,14,10,10,2260.354114201717,5534.716557147103,1312.1741417242931,7935.656005742733,99,0.7608100100042066
geometry_early_optical_clear_probe,4143345874,14,14,14,1.0,True,631.1747067114476,8836.445893960266,6430.445893960261,32152.229469801332,1970.0,394,359,0.9111675126903553,35,0,360,16,16,14,7,7,1544.1529424192563,6236.658371519573,776.5669134034069,6930.927338811158,57,0.9528554029966472
geometry_early_optical_clear_probe,3590073301,13,13,13,1.0,True,678.8809207320147,8825.45196951619,6394.451969516191,31972.25984758097,1995.0,399,367,0.9197994987468672,32,0,365,15,15,13,10,10,1392.320973657388,8171.216098829596,525.9652842405984,8647.967890563103,40,0.9866168120061047
geometry_early_optical_clear_probe,3293983016,11,11,11,1.0,True,830.8211310630264,9139.03244169329,6027.032441693292,30135.162208466467,2575.0,515,483,0.9378640776699029,32,0,479,12,12,11,5,5,2979.6217476674956,7547.677677651498,759.558799853395,8699.284442746224,58,0.7161151719919872
geometry_early_optical_clear_probe,942398098,13,13,13,1.0,True,747.6615469977859,9719.600110971216,6730.600110971213,33653.00055485608,2465.0,493,459,0.9310344827586207,34,0,456,14,14,13,11,11,2799.099569916054,7312.589167260607,2062.557534583102,9719.600110971216,160,0.7829144990100758
geometry_early_optical_clear_probe,1834032124,14,14,14,1.0,True,550.7781717828535,7710.8944049599495,5401.89440495995,27009.472024799757,1895.0,379,343,0.9050131926121372,36,0,344,14,14,14,9,9,1451.5910314700973,4284.802101230912,506.27976614729346,6974.298821918972,40,0.7998992700013332
geometry_early_optical_clear_probe,1603869297,15,15,15,1.0,True,558.8154639380258,8382.231959070386,5936.231959070387,29681.159795351945,2005.0,401,360,0.8977556109725686,41,0,366,15,15,15,6,6,1904.7741026531542,4889.6933086777335,472.57346663043734,8142.690821328289,40,0.9484774359880248
geometry_early_optical_clear_probe,2561864270,12,12,12,1.0,True,885.6424810395889,10627.709772475067,7291.709772475061,36458.54886237534,2760.0,552,515,0.9329710144927537,37,0,507,15,15,12,14,14,1560.8416831434859,5171.710876863596,721.8059901714932,10627.709772475067,60,1.5122246420069132
geometry_early_optical_clear_probe,3434689727,13,13,13,1.0,True,630.2360872783224,8193.069134618192,5872.069134618192,29360.34567309098,1910.0,382,346,0.9057591623036649,36,0,346,13,13,13,10,10,1499.1363746553345,6141.675748966198,520.7951590738227,7302.130941767197,40,0.845123948995024
geometry_early_optical_clear_probe,978738021,16,16,16,1.0,True,557.4857853510431,8919.77256561669,6080.772565616693,30403.862828083464,2325.0,465,421,0.9053763440860215,44,0,431,17,17,16,11,11,3091.591709624379,7448.849222269566,1827.760100427032,8919.77256561669,138,0.8469103690003976
geometry_early_optical_clear_probe,1769452303,15,15,15,1.0,True,626.1406449313831,9392.109673970746,6877.109673970744,34385.54836985373,2060.0,412,371,0.9004854368932039,41,0,374,17,17,15,12,12,1781.0879412937784,5994.493614347221,804.4390449465149,9392.109673970746,60,1.0622765779990004
geometry_early_optical_clear_probe,280220405,16,16,16,1.0,True,488.02655879684676,7808.424940749548,5426.424940749549,27132.124703747762,1945.0,389,353,0.9074550128534704,36,0,357,16,16,16,11,11,1463.84058276773,7531.679611181796,803.6794625979725,7808.424940749548,59,0.8421654840058181
geometry_early_optical_clear_probe,1468328753,16,16,16,1.0,True,510.8994773283091,8174.391637252946,6059.3916372529475,30296.95818626475,1720.0,344,302,0.877906976744186,42,0,312,17,17,16,10,10,1879.877263109453,7620.3672467250335,438.09334006195263,8174.391637252946,40,1.153669944993453
geometry_early_optical_clear_probe,2759081057,12,12,12,1.0,True,701.3463398330579,8416.156077996695,5784.156077996696,28920.78038998348,2175.0,435,404,0.9287356321839081,31,0,397,12,12,12,3,3,1763.0829842991327,4428.193818895185,731.9468081006136,8416.156077996695,60,0.5872051379992627
geometry_early_optical_clear_probe,391280309,12,12,12,1.0,True,827.96102912985,9935.5323495582,6822.532349558198,34112.661747791004,2570.0,514,479,0.9319066147859922,35,0,477,14,14,12,14,14,2176.073805097495,5671.331953994999,718.4861566184235,9935.5323495582,60,1.061081241001375
geometry_early_optical_clear_probe,3523208893,16,16,16,1.0,True,504.31269436471575,8069.003109835452,5663.003109835452,28315.015549177268,1965.0,393,345,0.8778625954198473,48,0,361,16,16,16,22,22,958.8327765169403,2116.9947315388426,483.36657196030455,8069.003109835452,40,1.4386493869969854
geometry_early_optical_clear_probe,4073757477,16,16,16,1.0,True,510.2072931051517,8163.316689682427,5872.316689682429,29361.58344841215,1860.0,372,324,0.8709677419354839,48,0,345,18,18,16,13,13,2196.600654677062,5897.073476100666,1030.4825208830393,8163.316689682427,77,1.397169974996359
geometry_early_optical_clear_probe,3998434899,11,11,11,1.0,True,836.6785772991436,9203.46435029058,6026.464350290581,30132.321751452928,2630.0,526,497,0.9448669201520913,29,0,492,11,11,11,11,11,2418.5790105419396,7081.078142000568,1349.0085243946226,9150.46435029058,100,0.9344880139979068
geometry_early_optical_clear_probe,278319837,15,15,15,1.0,True,551.0442643798829,8265.663965698242,6025.6639656982425,30128.319828491225,1835.0,367,326,0.888283378746594,41,0,330,15,15,15,12,12,1016.6725786017719,6787.948153175781,512.3740236602027,7391.15754113913,40,1.182049138005823
geometry_early_optical_clear_probe,390120046,15,15,15,1.0,True,560.0435042744449,8400.652564116674,6080.6525641166745,30403.26282058338,1900.0,380,341,0.8973684210526316,39,0,345,15,15,15,9,9,1660.1232165402216,6031.352820411029,744.0592196925577,8029.312088266165,59,0.9932049750059377
geometry_early_optical_clear_probe,3483732860,14,14,14,1.0,True,641.2596230686156,8977.634722960618,6354.634722960615,31773.17361480309,2155.0,431,397,0.9211136890951276,34,0,395,15,15,14,7,7,2351.065247748002,8553.886818434996,440.14838154361547,8784.827729960472,40,0.8039574239955982
geometry_early_optical_clear_probe,1344022786,11,11,11,1.0,True,813.2888812564747,8946.177693821222,6212.177693821221,31060.888469106118,2260.0,452,426,0.9424778761061947,26,0,416,12,12,11,9,9,775.0478103161663,1447.365739184729,502.1650809799248,6631.837158716467,40,0.8603571459971135
geometry_early_optical_clear_probe,94001797,16,16,16,1.0,True,527.5059990425917,8440.095984681468,5885.0959846814685,29425.479923407343,2090.0,418,376,0.8995215311004785,42,0,382,17,17,16,9,9,2338.1994020984166,7034.390979744018,449.3332943478065,8440.095984681468,40,0.8041498349921312
geometry_early_optical_clear_probe,2061623083,10,10,10,1.0,True,884.8009249171668,8848.009249171668,5360.009249171667,26800.046245858353,2895.0,579,549,0.9481865284974094,30,0,543,10,10,10,4,4,3394.793111125852,8285.244095826914,1304.2140281520374,8848.009249171668,99,0.6600948620034615
geometry_early_optical_clear_probe,3676359584,12,12,12,1.0,True,743.4702854204056,8921.643425044867,6340.643425044864,31703.217125224342,2130.0,426,397,0.931924882629108,29,0,391,12,12,12,8,8,1948.7008751267686,6487.110283278594,1261.5451471096685,8921.643425044867,99,1.014802800011239
geometry_early_optical_clear_probe,1814361786,13,13,13,1.0,True,709.2734277530633,9220.554560789822,6458.554560789819,32292.77280394911,2275.0,455,418,0.9186813186813186,37,0,419,14,14,13,15,15,1585.3670662887148,7231.803044759648,1474.8571330103366,9220.554560789822,116,1.3096720229950733
geometry_early_optical_clear_probe,192318342,15,15,15,1.0,True,597.1167001463525,8956.750502195287,6321.750502195286,31608.75251097644,2155.0,431,390,0.9048723897911833,41,0,399,17,17,15,11,11,2156.67692070171,5463.996003067397,1848.9768455467138,8956.750502195287,134,1.071554958994966
geometry_early_optical_clear_probe,524241428,11,11,11,1.0,True,802.3945474814493,8826.340022295943,5934.3400222959435,29671.70011147973,2390.0,478,447,0.9351464435146444,31,0,444,12,12,11,7,7,1777.1134953118244,5866.215309033075,982.5529134640207,6431.787420213484,79,0.825168538998696
geometry_early_optical_clear_probe,3236778850,15,15,15,1.0,True,529.3534882106444,7940.302323159666,5352.302323159666,26761.511615798343,2125.0,425,388,0.9129411764705883,37,0,388,15,15,15,9,9,2014.620630780942,6753.63164583736,457.12074226736263,7779.21338760126,40,0.9439147100056289
geometry_early_optical_clear_probe,2248094196,10,10,10,1.0,True,869.9332259039398,8699.332259039398,5829.332259039397,29146.661295197002,2380.0,476,448,0.9411764705882353,28,0,440,10,10,10,6,6,1021.399563953931,2417.360253718868,1005.5700484053026,7878.65935496188,79,0.8611181760061299
geometry_early_optical_clear_probe,2794090893,11,11,11,1.0,True,855.2253773072291,9407.47915037952,6423.47915037952,32117.395751897617,2470.0,494,466,0.9433198380566802,28,0,456,12,12,11,9,9,2172.4578997807384,8314.819215292868,699.2637707149952,9407.47915037952,59,1.1320135279966053
geometry_early_optical_clear_probe,2354220404,16,16,16,1.0,True,522.3327387572666,8357.323820116266,6125.323820116268,30626.619100581345,1820.0,364,319,0.8763736263736264,45,0,329,17,17,16,11,11,1856.5368142026737,6130.135938511763,443.6482242178608,8357.323820116266,40,1.249956244006171
geometry_early_optical_clear_probe,492286944,10,10,10,1.0,True,854.7102670693912,8547.102670693912,5465.102670693911,27325.513353469563,2555.0,511,487,0.9530332681017613,24,0,477,10,10,10,7,7,1489.3938395708194,3056.832181274874,497.9901034566791,6714.2131768451645,40,0.7005786689987872
geometry_early_optical_clear_probe,643494228,16,16,16,1.0,True,529.2131088896758,8467.409742234813,6203.409742234812,31017.04871117407,1845.0,369,320,0.8672086720867209,49,0,336,17,17,16,15,15,2038.6082615737557,5411.010750071147,483.2279059486901,8467.409742234813,40,1.0165005320013734
geometry_early_optical_clear_probe,1495217878,11,11,11,1.0,True,777.3393287954433,8550.732616749876,5346.732616749876,26733.663083749387,2655.0,531,503,0.9472693032015066,28,0,494,11,11,11,8,8,2034.2599710774814,6699.793844021558,1238.1024098758996,8550.732616749876,97,0.8615003889863146
geometry_early_optical_clear_probe,2858174691,11,11,11,1.0,True,797.5875444060689,8773.462988466757,6081.462988466759,30407.31494233381,2225.0,445,417,0.9370786516853933,28,0,406,13,13,11,6,6,969.8347790722135,3500.5282575884307,747.6668600632161,8773.462988466757,60,0.8149585760111222
geometry_early_optical_clear_probe,1666511176,11,11,11,1.0,True,910.7014697380763,10017.716167118839,6565.716167118833,32828.58083559418,2860.0,572,542,0.9475524475524476,30,0,534,12,12,11,9,9,3839.892050367854,8431.114542601532,531.0829710986714,10017.716167118839,40,0.717075388005469
geometry_early_optical_clear_probe,3943375509,13,13,13,1.0,True,678.1129099775634,8815.467829708325,6012.467829708326,30062.33914854164,2310.0,462,432,0.935064935064935,30,0,428,13,13,13,8,8,2826.6473424332053,8038.647033809386,715.1342887121649,8366.774056674536,60,0.6715122720052022
geometry_early_optical_clear_probe,432026695,13,13,13,1.0,True,680.2871888122137,8843.733454558778,6000.733454558778,30003.667272793908,2335.0,467,431,0.9229122055674518,36,0,434,16,16,13,7,7,2569.909324520085,7903.918283033848,1789.8692136739883,8843.733454558778,131,0.9109064860094804
geometry_early_optical_clear_probe,1676645745,12,12,12,1.0,True,699.2799276747816,8391.35913209738,5497.359132097379,27486.795660486896,2385.0,477,441,0.9245283018867925,36,0,443,14,14,12,11,11,888.1194071258479,2469.665319456132,1209.0453361270743,8391.35913209738,100,1.1074383939994732
geometry_early_optical_clear_probe,2382287555,10,10,10,1.0,True,884.5626570225902,8845.626570225902,5631.626570225902,28158.132851129525,2665.0,533,506,0.949343339587242,27,0,496,11,11,10,5,5,2498.9173247812078,6382.670236278186,432.54661780180805,8634.295138046393,40,0.8956569480069447
geometry_early_optical_clear_probe,4013023236,11,11,11,1.0,True,779.2718901764474,8571.990791940922,5611.990791940923,28059.953959704624,2450.0,490,460,0.9387755102040817,30,0,455,11,11,11,7,7,1257.2746421049585,2653.1480609285063,534.0394296635751,8571.990791940922,40,0.8573819729936076
geometry_early_optical_clear_probe,819179473,14,14,14,1.0,True,638.7148674593335,8942.008144430669,6428.008144430667,32140.040722153346,2060.0,412,373,0.9053398058252428,39,0,378,16,16,14,13,13,1145.6369454532191,3514.2325489400087,679.4606832719683,8942.008144430669,60,1.1810947390040383
geometry_early_optical_clear_probe,3584935476,16,16,16,1.0,True,466.11439702308223,7457.830352369316,5415.830352369315,27079.151761846588,1660.0,332,285,0.858433734939759,47,0,302,16,16,16,8,8,1631.7779810486463,6364.261815465088,462.1266044904007,7457.830352369316,40,0.9074390020105056
geometry_early_optical_clear_probe,2228541926,14,14,14,1.0,True,665.1982203995578,9312.77508559381,6619.775085593808,33098.87542796905,2210.0,442,403,0.9117647058823529,39,0,404,17,17,14,12,12,1595.714319207882,4310.570022829867,508.77944536096766,9312.77508559381,40,1.1285955960047431
geometry_early_optical_clear_probe,607515753,11,11,11,1.0,True,791.5974956018111,8707.572451619923,5737.572451619925,28687.862258099627,2460.0,492,466,0.9471544715447154,26,0,455,11,11,11,2,2,2932.3145756788513,7267.251759126338,446.9896345075956,8498.722491235092,40,0.6631448619882576
geometry_early_optical_clear_probe,1780637023,15,15,15,1.0,True,562.0880932485436,8431.321398728154,6074.321398728154,30371.606993640784,1930.0,386,350,0.9067357512953368,36,0,352,15,15,15,9,9,1822.2647713005679,7598.0014362716465,490.5738913883861,8431.321398728154,40,0.8244790059980005
geometry_early_optical_clear_probe,2159994768,13,13,13,1.0,True,722.4901757522246,9392.37228477892,6305.37228477892,31526.86142389461,2545.0,509,471,0.925343811394892,38,0,474,14,14,13,10,10,2894.6729066042903,6055.663936991697,3345.97079087831,9392.37228477892,246,0.8057704840030055
geometry_early_optical_clear_probe,1004571703,14,14,14,1.0,True,641.5949545448767,8982.329363628274,6131.3293636282715,30656.646818141373,2345.0,469,428,0.9125799573560768,41,0,433,15,15,14,11,11,2321.4305514858734,7264.562581367613,459.2649637534811,8982.329363628274,40,1.1004049009934533
geometry_early_optical_clear_probe,822235642,16,16,16,1.0,True,599.9105210325206,9598.56833652033,6934.5683365203295,34672.841682601655,2180.0,436,389,0.8922018348623854,47,0,398,18,18,16,11,11,1864.1398785439042,6817.414453917207,729.6535020651055,9598.56833652033,60,1.1291846980020637
geometry_early_optical_clear_probe,985387884,10,10,10,1.0,True,892.8606143625784,8928.606143625784,5866.606143625782,29333.030718128928,2540.0,508,483,0.9507874015748031,25,0,472,10,10,10,8,8,1364.9197126182678,2885.820864337966,443.1902613491646,8928.606143625784,40,1.1138812160061207
geometry_early_optical_clear_probe,1992088797,15,15,15,1.0,True,644.0967601493454,9661.451402240182,7126.451402240178,35632.25701120091,2080.0,416,374,0.8990384615384616,42,0,377,16,16,15,16,16,986.3480149057642,3668.6701848864973,1322.0238882621532,9661.451402240182,98,1.647487893991638
geometry_early_optical_clear_probe,674398922,11,11,11,1.0,True,825.4346171369368,9079.780788506305,6022.7807885063,30113.903942531524,2530.0,506,481,0.950592885375494,25,0,469,12,12,11,7,7,2880.606312842192,8529.381378609074,1017.525301922308,8858.922590161552,80,0.8171950549876783
geometry_early_optical_clear_probe,399969389,13,13,13,1.0,True,728.7821583005625,9474.168057907313,6595.168057907312,32975.84028953657,2375.0,475,442,0.9305263157894736,33,0,439,13,13,13,10,10,1404.4595169234965,7261.052262282868,1460.3080006523878,9474.168057907313,116,0.8517045449989382
geometry_early_optical_clear_probe,1737908217,10,10,10,1.0,True,921.0048134919665,9210.048134919665,6089.048134919666,30445.240674598343,2585.0,517,489,0.9458413926499033,28,0,483,11,11,10,9,9,1444.511024902581,4130.540865976411,482.0202543680323,9210.048134919665,40,0.7352125739998883
geometry_early_optical_clear_probe,841246044,12,12,12,1.0,True,728.1207366378958,8737.44883965475,5988.44883965475,29942.244198273762,2270.0,454,420,0.9251101321585903,34,0,419,12,12,12,6,6,1814.1808172024914,5064.246550527406,1285.8105643382196,8523.937131615961,96,0.9234603110089665
geometry_early_optical_clear_probe,2520583455,10,10,10,1.0,True,896.1228499497236,8961.228499497236,5808.228499497238,29041.1424974862,2615.0,523,496,0.9483747609942639,27,0,488,10,10,10,7,7,2165.078831200839,7677.699642113969,1284.2064779300927,8961.228499497236,100,0.7383655000012368
geometry_early_optical_clear_probe,2622929571,13,13,13,1.0,True,621.588087513678,8080.645137677814,5498.645137677815,27493.225688389084,2125.0,425,391,0.92,34,0,389,14,14,13,7,7,2299.287366928377,7392.646328400337,523.7617812200497,7672.467729667229,40,0.788442256001872
geometry_early_optical_clear_probe,3932781862,15,15,15,1.0,True,612.6990841649799,9190.486262474698,6562.4862624747,32812.43131237351,2150.0,430,386,0.8976744186046511,44,0,394,18,18,15,11,11,1991.2385299303785,5188.432910986766,988.4410513017204,9190.486262474698,75,1.2414500790036982
geometry_early_optical_clear_probe,844767136,15,15,15,1.0,True,537.7020499507432,8065.530749261149,5902.530749261149,29512.65374630576,1765.0,353,312,0.8838526912181303,41,0,320,16,16,15,11,11,557.0385690177808,2358.6358671657163,510.6515041481614,8065.530749261149,40,1.0993407839996507
geometry_early_optical_clear_probe,2643936625,11,11,11,1.0,True,784.8323168055864,8633.15548486145,5564.155484861453,27820.777424307267,2540.0,508,482,0.9488188976377953,26,0,474,11,11,11,7,7,2342.030114435452,6520.748116248098,506.61283567544115,8442.501345265642,40,0.6149147959949914
geometry_early_optical_clear_probe,3867118457,10,10,10,1.0,True,850.33927607764,8503.3927607764,5573.392760776399,27866.96380388201,2430.0,486,458,0.9423868312757202,28,0,450,10,10,10,6,6,1450.170726019738,5946.098685077285,1189.3602849692609,8503.3927607764,96,0.6073163730034139
geometry_early_optical_clear_probe,21277169,15,15,15,1.0,True,664.5843999526536,9968.765999289804,7026.765999289808,35133.82999644906,2420.0,484,443,0.9152892561983471,41,0,444,16,16,15,10,10,2871.2966508735385,7707.260610048717,793.4556593842076,9968.765999289804,60,1.0386183509981493
geometry_early_optical_clear_probe,875762680,13,13,13,1.0,True,725.8052983738839,9435.46887886049,6686.468878860488,33432.344394302454,2265.0,453,414,0.9139072847682119,39,0,416,14,14,13,8,8,1760.3407196868015,8264.742238018323,1801.0127327925961,8786.25628161228,128,1.4100186940049753
geometry_early_optical_clear_probe,1370378200,11,11,11,1.0,True,890.7871456738875,9798.658602412763,6435.658602412763,32178.293012063823,2780.0,556,526,0.9460431654676259,30,0,522,13,13,11,8,8,3986.4768123771714,8966.012543382865,2129.2550933026328,9481.222524113515,160,0.7182341189909494
geometry_early_optical_clear_probe,2363786268,13,13,13,1.0,True,706.6305293062966,9186.196880981855,6451.196880981853,32255.984404909283,2255.0,451,415,0.9201773835920177,36,0,415,13,13,13,11,11,2281.5235454580024,6040.363906731462,984.1657135273891,8774.704080997742,79,0.7990900649892865
geometry_early_optical_clear_probe,1520929186,10,10,10,1.0,True,967.1588918924159,9671.588918924159,6116.588918924156,30582.94459462078,2950.0,590,567,0.9610169491525423,23,0,555,10,10,10,8,8,3483.241805542953,7775.704802392642,1064.8937158782044,8855.869940884313,80,0.6936473999958253
geometry_early_optical_clear_probe,2917892880,11,11,11,1.0,True,821.0947090359307,9032.041799395238,6185.041799395237,30925.208996976206,2355.0,471,440,0.9341825902335457,31,0,437,11,11,11,9,9,2037.757231704049,6854.5359359571175,426.9675516075259,9032.041799395238,40,0.901851461007027
geometry_early_optical_clear_probe,3490929224,11,11,11,1.0,True,899.73974500148,9897.13719501628,6536.137195016274,32680.68597508139,2785.0,557,528,0.947935368043088,29,0,521,11,11,11,9,9,3213.197262258193,9532.076352077831,1267.2893139092112,9897.13719501628,100,0.8901566519925836
geometry_early_optical_clear_probe,2790905603,11,11,11,1.0,True,859.2302721102019,9451.53299321222,6109.5329932122195,30547.664966061115,2765.0,553,523,0.945750452079566,30,0,516,13,13,11,10,10,2085.04279394898,5898.308618434158,507.08429164763595,9451.53299321222,40,0.9633735630050069
geometry_early_optical_clear_probe,3841067272,12,12,12,1.0,True,735.7098161862315,8828.517794234778,5997.5177942347755,29987.588971173886,2335.0,467,435,0.9314775160599572,32,0,430,14,14,12,7,7,2452.5650664393943,8396.77572816173,436.4574572315106,8781.517794234778,40,0.7341447560029337
geometry_early_optical_clear_probe,1369457136,14,14,14,1.0,True,599.2640927204535,8389.697298086348,6024.6972980863475,30123.48649043175,1940.0,388,347,0.8943298969072165,41,0,352,15,15,14,13,13,905.8105931526487,4320.466254164011,409.09741364391607,7502.059296785877,40,1.3739754330017604
geometry_early_optical_clear_probe,3635234707,12,12,12,1.0,True,744.9750981801158,8939.70117816139,5862.701178161391,29313.50589080697,2540.0,508,475,0.9350393700787402,33,0,474,13,13,12,7,7,2823.592537720199,6010.903369799021,413.3386951211194,8509.798326347036,40,0.9392814080056269
geometry_early_optical_clear_probe,948498453,13,13,13,1.0,True,657.2923175600622,8544.800128280809,5873.800128280807,29369.00064140405,2200.0,440,406,0.9227272727272727,34,0,406,13,13,13,9,9,1864.3089006555358,7084.012453071811,437.97501100369595,8544.800128280809,40,0.8576384379994124
geometry_early_optical_clear_probe,2744861264,10,10,10,1.0,True,881.3456068425454,8813.456068425454,5500.456068425454,27502.28034212728,2750.0,550,524,0.9527272727272728,26,0,513,10,10,10,2,2,2920.003243603493,7346.978144670595,452.8625334349226,8640.609157233164,40,0.6095888470008504
geometry_early_optical_clear_probe,3718348478,10,10,10,1.0,True,899.401675260107,8994.01675260107,5903.01675260107,29515.08376300537,2565.0,513,488,0.9512670565302144,25,0,476,10,10,10,5,5,1819.6183348627444,7228.632924785601,789.9014163195166,8994.01675260107,59,0.7822403960017255
geometry_early_optical_clear_probe,712905720,13,13,13,1.0,True,605.6509349917628,7873.462154892916,5392.462154892915,26962.310774464582,2040.0,408,372,0.9117647058823529,36,0,373,14,14,13,6,6,1543.6892491113767,5430.142715724088,473.81574934185556,7627.570429540346,40,0.6948855899972841
geometry_early_optical_clear_probe,557376662,12,12,12,1.0,True,721.4854857132141,8657.825828558569,5889.825828558572,29449.129142792866,2285.0,457,425,0.9299781181619255,32,0,420,13,13,12,10,10,1093.6714779210556,4357.099526680058,778.8328350423591,8310.942061298896,59,1.2313401919964235
geometry_early_optical_clear_probe,3563073878,13,13,13,1.0,True,622.2225722401316,8088.893439121712,5620.893439121713,28104.46719560858,2030.0,406,368,0.9064039408866995,38,0,370,14,14,13,6,6,1159.9136658585317,4364.861575876564,706.1025454231741,6754.917015143974,59,1.0961061799898744
geometry_early_optical_clear_probe,2735809163,13,13,13,1.0,True,658.2291663116774,8556.979162051806,6049.979162051808,30249.895810259048,2065.0,413,381,0.9225181598062954,32,0,377,13,13,13,7,7,1429.6473868342216,3752.3998103393596,1017.7715648006672,8556.979162051806,77,0.9987519269925542
geometry_early_optical_clear_probe,1409174386,13,13,13,1.0,True,710.2802232279233,9233.642901963003,6262.642901963,31313.214509815007,2450.0,490,459,0.936734693877551,31,0,453,14,14,13,9,9,2252.7849386105654,7389.49442038895,433.2059305298674,8265.595627882132,40,0.94631221499003
geometry_early_optical_clear_probe,3222363182,14,14,14,1.0,True,667.8130846900604,9349.383185660845,6638.383185660843,33191.91592830423,2230.0,446,404,0.905829596412556,42,0,408,15,15,14,13,13,1572.9835959798675,4917.929681996266,759.1238428577426,9349.383185660845,60,1.6723862350045238
geometry_early_optical_clear_probe,527399909,11,11,11,1.0,True,867.6832620866476,9544.515882953123,5975.51588295312,29877.57941476561,2960.0,592,562,0.9493243243243243,30,0,554,11,11,11,10,10,3093.723993041333,8324.389524654403,502.72741612910295,9544.515882953123,40,0.6528813500044635
geometry_early_optical_clear_probe,2954178693,15,15,15,1.0,True,568.0060802166524,8520.091203249787,5970.091203249789,29850.45601624895,2090.0,418,377,0.9019138755980861,41,0,385,15,15,15,11,11,1401.8358415355458,6310.586337161426,769.3164565473306,8520.091203249787,60,1.0621688579994952
geometry_early_optical_clear_probe,3308486271,11,11,11,1.0,True,889.6003642712126,9785.604006983338,6654.604006983339,33273.02003491671,2590.0,518,489,0.944015444015444,29,0,480,13,13,11,10,10,1601.2887260451528,5688.130686846223,1280.5189370216035,9785.604006983338,98,0.8564120830124011
geometry_early_optical_clear_probe,4162521879,15,15,15,1.0,True,560.6265212117939,8409.397818176909,6005.397818176908,30026.98909088455,1970.0,394,361,0.916243654822335,33,0,359,15,15,15,8,8,2081.2410193505198,6161.06596867948,424.42276575726873,7873.81570912343,40,0.8611668300000019
geometry_early_optical_clear_probe,3491853840,11,11,11,1.0,True,853.6782570393746,9390.46082743312,6208.460827433116,31042.30413716559,2635.0,527,501,0.9506641366223909,26,0,492,11,11,11,10,10,2715.999583377959,7926.232405332469,1548.6486497352837,8206.468942198188,120,0.7578670859948033
geometry_early_optical_clear_probe,3388284524,12,12,12,1.0,True,784.2150697283781,9410.580836740537,6155.580836740535,30777.90418370269,2690.0,538,504,0.9368029739776952,34,0,502,13,13,12,10,10,2636.3350164269746,7794.442191073227,448.9369756416288,9410.580836740537,40,0.992892000998836
geometry_early_optical_clear_probe,2167773896,11,11,11,1.0,True,831.7060808362312,9148.766889198543,6155.76688919854,30778.834445992714,2475.0,495,464,0.9373737373737374,31,0,460,12,12,11,8,8,1213.7646798811647,6776.233710203943,766.1230339585022,8115.866724955972,60,0.9466722500073956
geometry_early_optical_clear_probe,2704493944,11,11,11,1.0,True,872.6315914744434,9598.947506218878,6312.947506218873,31564.73753109438,2720.0,544,514,0.9448529411764706,30,0,508,12,12,11,3,3,4158.9108550184465,6307.303286532315,1215.5333123101902,8339.987220055953,99,0.6816594989941223
geometry_early_optical_clear_probe,3442945505,12,12,12,1.0,True,799.7654371725511,9597.185246070612,6434.185246070608,32170.926230353067,2615.0,523,497,0.9502868068833652,26,0,488,12,12,12,5,5,3439.1024999171946,7911.368019448156,1056.6884147505439,9597.185246070612,78,0.740261888000532
geometry_early_optical_clear_probe,1820656785,11,11,11,1.0,True,857.271589845177,9429.987488296947,6577.987488296952,32889.93744148476,2360.0,472,443,0.9385593220338984,29,0,434,12,12,11,9,9,1832.0549596849785,7358.176121756189,2443.7773537940548,9429.987488296947,180,0.7278231300006155
geometry_early_optical_clear_probe,3398771120,14,14,14,1.0,True,618.9261263985046,8664.965769579065,5993.965769579064,29969.828847895333,2195.0,439,398,0.9066059225512528,41,0,403,15,15,14,12,12,976.7206388698412,5219.249073724549,1284.8390538708225,7649.440900017086,95,1.3358857300045202
geometry_early_optical_clear_probe,2251239269,12,12,12,1.0,True,726.2469328562553,8714.963194275064,6146.963194275063,30734.815971375327,2120.0,424,387,0.9127358490566038,37,0,388,12,12,12,8,8,1021.8619213383985,3364.570171582547,1052.4019117608716,8109.165499483828,77,0.9288321229978465
geometry_early_optical_clear_probe,2897479305,14,14,14,1.0,True,634.5364618837066,8883.510466371892,6383.5104663718885,31917.55233185945,2050.0,410,375,0.9146341463414634,35,0,374,16,16,14,6,6,2857.774484556453,6819.17169984141,1281.0871693932731,7759.758487564336,95,0.8626114060025429
geometry_early_optical_clear_probe,994603729,11,11,11,1.0,True,820.9266215376839,9030.192836914523,5839.192836914522,29195.964184572615,2640.0,528,494,0.9356060606060606,34,0,493,12,12,11,6,6,2605.1199919168744,7774.232842485373,1567.721877321952,9030.192836914523,117,0.7210621889971662
geometry_early_optical_clear_probe,944599551,16,16,16,1.0,True,614.8103288914142,9836.965262262627,7370.965262262626,36854.826311313154,2015.0,403,359,0.890818858560794,44,0,365,18,18,16,13,13,2129.4118236412073,6615.923509934929,502.6141072258998,9836.965262262627,40,1.4625504110008478
geometry_early_optical_clear_probe,3677688438,12,12,12,1.0,True,755.7327636183927,9068.793163420713,6114.793163420712,30573.965817103566,2440.0,488,454,0.930327868852459,34,0,451,13,13,12,7,7,2237.4382677846297,7898.5479544591135,696.9191844538192,8644.369858918239,60,0.84231397799158
geometry_early_optical_clear_probe,3055082874,15,15,15,1.0,True,545.4177909433851,8181.266864150775,5979.266864150775,29896.334320753886,1800.0,360,325,0.9027777777777778,35,0,327,15,15,15,8,8,1249.4106247316647,4796.201320888498,936.4365307175875,8152.266864150775,78,1.049827890994493
geometry_early_optical_clear_probe,555347831,14,14,14,1.0,True,624.777791994141,8746.889087917974,6027.889087917973,30139.445439589872,2235.0,447,408,0.912751677852349,39,0,411,15,15,14,10,10,1663.5157628397494,6419.8129540780765,987.115683681593,7496.302458477036,80,1.2366676410019863
geometry_early_optical_clear_probe,3633805818,14,14,14,1.0,True,691.7538210622207,9684.55349487109,6485.553494871089,32427.767474355463,2635.0,527,485,0.920303605313093,42,0,491,15,15,14,14,14,3179.294302896212,8670.018210879107,736.2600578413474,9684.55349487109,60,0.9528477900021244
geometry_early_optical_clear_probe,2309879444,16,16,16,1.0,True,553.9186952095199,8862.699123352319,6260.699123352318,31303.4956167616,2130.0,426,386,0.9061032863849765,40,0,392,16,16,16,8,8,3163.2474088380864,7675.436447201199,2005.0324134355433,8862.699123352319,149,0.8653560170059791
geometry_early_optical_clear_probe,455723832,11,11,11,1.0,True,805.1685489075224,8856.854037982746,5717.8540379827455,28589.270189913743,2600.0,520,492,0.9461538461538461,28,0,484,11,11,11,6,6,3321.11582119896,7226.693125950415,488.3793629901289,8856.854037982746,40,0.629723774996819
geometry_early_optical_clear_probe,2937054039,15,15,15,1.0,True,474.08066692453355,7111.210003868003,5140.210003868004,25701.05001934003,1605.0,321,282,0.8785046728971962,39,0,288,16,16,15,8,8,871.7962502607581,3657.1946691976113,448.255243544214,6252.955149022359,40,1.0402222970005823
geometry_early_optical_clear_probe,563177212,14,14,14,1.0,True,669.1327780066806,9367.858892093529,6672.858892093527,33364.294460467645,2215.0,443,404,0.9119638826185101,39,0,407,15,15,14,7,7,2799.9029570968523,6533.105555416134,528.3899612254525,9367.858892093529,40,0.9026664659904782
geometry_early_optical_clear_probe,4151214275,12,12,12,1.0,True,755.4451966776857,9065.342360132228,6017.342360132225,30086.711800661127,2520.0,504,473,0.9384920634920635,31,0,468,12,12,12,4,4,3430.8608455854796,6675.201534848745,460.1768268801526,7725.602193661126,40,0.6744075440074084
geometry_early_optical_clear_probe,358079485,15,15,15,1.0,True,568.7968564576648,8531.952846864973,5913.952846864972,29569.764234324866,2150.0,430,387,0.9,43,0,393,15,15,15,9,9,1978.595624745256,7210.84235707014,490.67849146581864,8195.706472216516,40,0.9466989319917047
geometry_early_optical_clear_probe,3451121947,10,10,10,1.0,True,972.110432295662,9721.10432295662,6334.104322956621,31670.521614783116,2805.0,561,531,0.946524064171123,30,0,523,13,13,10,12,12,1085.4021718138097,2187.500229560398,1280.8622230283124,9721.10432295662,97,0.8818053459981456
geometry_early_optical_clear_probe,1151552087,10,10,10,1.0,True,845.7824777494546,8457.824777494547,5694.824777494546,28474.123887472746,2290.0,458,432,0.9432314410480349,26,0,423,10,10,10,5,5,1430.902472686374,5061.372253316386,732.0530241542928,7867.492503068359,59,0.9206598879973171
geometry_early_optical_clear_probe,1194707697,16,16,16,1.0,True,530.5510713648848,8488.817141838157,6028.817141838158,30144.085709190796,2010.0,402,355,0.8830845771144279,47,0,370,16,16,16,11,11,3049.7217741712757,7579.888291970375,1007.4680512952089,8488.817141838157,80,0.876175322002382
geometry_early_optical_clear_probe,2321896805,14,14,14,1.0,True,598.2510371274176,8375.514519783846,5940.514519783845,29702.572598919247,2000.0,400,359,0.8975,41,0,365,14,14,14,12,12,1626.7411909340242,6125.41957312196,509.5627164960244,7219.521304079048,40,0.9999262399942381
geometry_early_optical_clear_probe,1030203643,16,16,16,1.0,True,480.615844208296,7689.853507332736,5521.853507332736,27609.267536663683,1765.0,353,312,0.8838526912181303,41,0,323,16,16,16,12,12,2152.1059435203815,7071.059451776628,991.7857410278331,7689.853507332736,80,1.0300035209947964
geometry_early_optical_clear_probe,3767876442,12,12,12,1.0,True,774.5836217062737,9295.003460475284,6351.003460475285,31755.017302376433,2430.0,486,453,0.9320987654320988,33,0,451,13,13,12,9,9,2241.1642577443567,8518.604254699027,441.8755480174464,9295.003460475284,40,1.032421780997538
geometry_early_optical_clear_probe,2291327261,10,10,10,1.0,True,907.2742592512192,9072.742592512192,6062.742592512191,30313.712962560967,2495.0,499,471,0.9438877755511023,28,0,462,11,11,10,7,7,1667.787881836662,7428.617125644321,497.09986556918045,7981.046151365557,40,1.1196439760096837
geometry_early_optical_clear_probe,3545687191,12,12,12,1.0,True,764.1382874090782,9169.659448908938,6049.659448908937,30248.29724454469,2580.0,516,484,0.937984496124031,32,0,480,12,12,12,10,10,1601.5827662596428,4015.924897820454,1217.316125683248,8573.597702129136,100,1.1108987699990394
geometry_early_optical_clear_probe,3702036774,12,12,12,1.0,True,798.5553096460108,9582.663715752129,6672.663715752128,33363.318578760656,2400.0,480,445,0.9270833333333334,35,0,444,14,14,12,7,7,1750.9941331456823,6654.240871015557,1007.7553333557976,9582.663715752129,78,1.0799719899951015
geometry_early_optical_clear_probe,4183559360,14,14,14,1.0,True,599.6070037976226,8394.498053166717,5789.498053166716,28947.490265833603,2140.0,428,381,0.8901869158878505,47,0,392,15,15,14,10,10,2162.4188918762825,7396.552507521288,1018.1981737934117,8394.498053166717,79,0.8527641929977108
geometry_early_optical_clear_probe,1648029851,11,11,11,1.0,True,803.0746163782441,8833.820780160684,6150.820780160682,30754.10390080344,2220.0,444,412,0.9279279279279279,32,0,408,11,11,11,7,7,1420.434623045103,3599.436835285296,738.7684562726017,8833.820780160684,60,0.8364535040018382
geometry_early_optical_clear_probe,324376651,10,10,10,1.0,True,863.5704832902777,8635.704832902777,5677.7048329027775,28388.5241645139,2450.0,490,462,0.9428571428571428,28,0,458,10,10,10,5,5,1056.620250249533,2206.4005004990663,1017.4755095762566,8370.13196767634,79,0.7831993299914757
geometry_early_optical_clear_probe,2478573915,14,14,14,1.0,True,611.9299352278723,8567.019093190213,6093.019093190213,30465.095465951075,2030.0,406,371,0.9137931034482759,35,0,371,15,15,14,9,9,2479.3203135765766,7416.1047607962655,996.587352958307,8157.044902314794,80,0.9232109720032895
geometry_early_optical_clear_probe,1354875366,10,10,10,1.0,True,812.1055810199664,8121.055810199664,5269.055810199665,26345.27905099834,2365.0,473,445,0.9408033826638478,28,0,437,10,10,10,5,5,1733.84255810063,5169.008076979927,446.19833206567534,8062.055810199664,40,0.8883347170049092
geometry_early_optical_clear_probe,1891907384,16,16,16,1.0,True,592.6990335832379,9483.184537331806,6904.1845373318065,34520.92268665904,2115.0,423,381,0.900709219858156,42,0,384,16,16,16,12,12,2655.7886799921434,7188.712409068657,997.7047413679949,9483.184537331806,78,0.928569305993733
geometry_early_optical_clear_probe,4206714693,10,10,10,1.0,True,871.3511710081906,8713.511710081906,5567.511710081906,27837.558550409532,2610.0,522,495,0.9482758620689655,27,0,486,10,10,10,6,6,3040.023249994401,5981.543093600023,457.9774739523413,8713.511710081906,40,0.6919630949996645
geometry_early_optical_clear_probe,596251070,10,10,10,1.0,True,902.6755678651683,9026.755678651683,5653.755678651683,28268.778393258435,2800.0,560,532,0.95,28,0,523,10,10,10,5,5,2621.629495364681,6657.732957225696,1266.0386938931854,9026.755678651683,98,0.8242842960025882
geometry_early_optical_clear_probe,1964950901,16,16,16,1.0,True,511.83336753477107,8189.333880556337,5935.333880556339,29676.669402781696,1830.0,366,322,0.8797814207650273,44,0,338,18,18,16,13,13,2231.5918865140607,6079.16278491085,776.9814749495096,8189.333880556337,58,1.154419547994621
geometry_early_optical_clear_probe,1448925926,10,10,10,1.0,True,863.2142521492342,8632.142521492342,5481.142521492342,27405.712607461726,2615.0,523,495,0.9464627151051626,28,0,486,10,10,10,5,5,1773.8589292456338,5584.076348073114,1017.4484807239663,8632.142521492342,79,0.8382283219980309
geometry_early_optical_clear_probe,329360706,14,14,14,1.0,True,591.9440277667125,8287.216388733974,5948.216388733976,29741.081943669888,1915.0,383,347,0.9060052219321149,36,0,351,15,15,14,4,4,2211.7976962782027,7746.634714702496,770.1211043117343,8088.608296576352,60,0.679330758008291
geometry_early_optical_clear_probe,1371212184,10,10,10,1.0,True,763.7185952562643,7637.185952562643,4900.185952562645,24500.929762813237,2265.0,453,428,0.9448123620309051,25,0,422,10,10,10,9,9,827.1496535935621,2305.896445313261,745.1267854594539,7401.318544532474,60,0.8512470050045522
geometry_early_optical_clear_probe,1701113765,15,15,15,1.0,True,568.8976370356938,8533.464555535407,6163.464555535406,30817.322777677033,1940.0,388,348,0.8969072164948454,40,0,352,16,16,15,7,7,1613.5622023968417,6789.009810045083,452.2107835777103,7197.148015386022,40,0.9453231980005512
geometry_early_optical_clear_probe,2780958143,11,11,11,1.0,True,821.349506213145,9034.844568344595,5722.844568344594,28614.222841722978,2745.0,549,517,0.941712204007286,32,0,512,11,11,11,5,5,2944.3956548737037,8556.494010671971,974.1486365102841,9034.844568344595,80,0.8105633320083143
geometry_early_optical_clear_probe,3926642306,12,12,12,1.0,True,761.1113637120761,9133.336364544914,6269.33636454491,31346.68182272456,2365.0,473,440,0.9302325581395349,33,0,436,13,13,12,6,6,2003.6094206557543,7358.815619351455,681.111954363571,8110.619810173828,60,0.9326900339947315
geometry_early_optical_clear_probe,1100222260,13,13,13,1.0,True,658.7305898257473,8563.497667734715,5951.497667734714,29757.488338673582,2150.0,430,395,0.9186046511627907,35,0,394,14,14,13,10,10,1739.8913036955669,6323.953316264055,769.2385189453785,8563.497667734715,60,0.7983354720054194
geometry_early_optical_clear_probe,613714224,16,16,16,1.0,True,547.5548077152763,8760.87692344442,6512.876923444422,32564.38461722212,1830.0,366,326,0.8907103825136612,40,0,335,17,17,16,10,10,2535.8143230492424,7078.623598276427,780.1066650246128,8760.87692344442,60,1.0872307769895997
geometry_early_optical_clear_probe,2572116531,11,11,11,1.0,True,774.624891741682,8520.873809158502,5511.873809158502,27559.369045792526,2490.0,498,463,0.929718875502008,35,0,464,11,11,11,8,8,1083.2052726157865,2609.109666462275,966.2010595756409,8520.873809158502,80,0.972486459009815
geometry_early_optical_clear_probe,329323398,12,12,12,1.0,True,758.4506199624357,9101.407439549228,6340.407439549226,31702.03719774614,2280.0,456,423,0.9276315789473685,33,0,418,13,13,12,7,7,1401.7752186985033,6833.034467286653,660.8400484047911,9101.407439549228,60,1.0723844909953186
geometry_early_optical_clear_probe,4131875536,13,13,13,1.0,True,707.2976987320549,9194.870083516713,6252.87008351671,31264.35041758356,2425.0,485,447,0.9216494845360824,38,0,449,14,14,13,10,10,2422.440409500378,7103.533575970496,675.802209123679,9194.870083516713,60,0.7434332539996831
geometry_early_optical_clear_probe,1346081408,12,12,12,1.0,True,722.1753110051186,8666.103732061423,5730.103732061423,28650.518660307123,2425.0,485,448,0.9237113402061856,37,0,448,13,13,12,10,10,2046.0259058149093,6751.309541198939,470.3973738130137,8666.103732061423,40,0.7808836530020926
geometry_early_optical_clear_probe,940248130,11,11,11,1.0,True,806.4116662319575,8870.528328551532,6126.528328551531,30632.641642757673,2265.0,453,423,0.9337748344370861,30,0,418,13,13,11,7,7,1986.7452817747014,7893.339858752415,484.2337039663284,8223.65844617051,40,0.6249268370011123
geometry_early_optical_clear_probe,4275446834,14,14,14,1.0,True,548.630374321065,7680.825240494911,5217.825240494911,26089.126202474567,2020.0,404,366,0.905940594059406,38,0,373,14,14,14,9,9,1834.8329900863848,6371.533293018876,496.9413807996774,6955.930642132617,40,0.8816162010043627
geometry_early_optical_clear_probe,2265311412,16,16,16,1.0,True,439.48131015485774,7031.700962477724,4941.700962477724,24708.50481238863,1700.0,340,297,0.8735294117647059,43,0,310,16,16,16,8,8,1888.2976050221284,6775.471809436496,940.2104288944212,7031.700962477724,78,1.1576699590077624
geometry_early_optical_clear_probe,157877066,15,15,15,1.0,True,552.4315066278742,8286.472599418114,5593.472599418113,27967.362997090575,2210.0,442,399,0.9027149321266968,43,0,408,15,15,15,13,13,2428.365546203339,5244.30882179801,747.797461366858,8286.472599418114,59,0.7225069310079562
geometry_early_optical_clear_probe,3004380262,12,12,12,1.0,True,725.6197747351766,8707.43729682212,5926.4372968221205,29632.18648411062,2295.0,459,424,0.9237472766884531,35,0,423,13,13,12,10,10,1454.010705890564,5216.671018939553,510.11903964866724,8707.43729682212,40,1.0838674459955655
geometry_early_optical_clear_probe,2045455378,12,12,12,1.0,True,714.4458502723925,8573.35020326871,5800.350203268712,29001.75101634357,2290.0,458,422,0.9213973799126638,36,0,420,13,13,12,10,10,885.7425708887849,2824.6459934508416,1221.370584216392,8573.35020326871,100,1.1056646479992196
geometry_early_optical_clear_probe,542312064,14,14,14,1.0,True,581.0268310275344,8134.375634385481,5655.37563438548,28276.87817192742,2030.0,406,368,0.9064039408866995,38,0,373,16,16,14,6,6,1625.1817927710013,5727.714116450396,493.0332151044422,8134.375634385481,40,0.895338203990832
geometry_early_optical_clear_probe,98092175,10,10,10,1.0,True,929.020327420031,9290.20327420031,5890.203274200309,29451.016371001562,2820.0,564,537,0.9521276595744681,27,0,527,11,11,10,10,10,1901.676923402218,4973.790740187573,519.4656944776013,9290.20327420031,40,0.7621079790114891
geometry_early_optical_clear_probe,3010392318,11,11,11,1.0,True,752.8154479589698,8280.969927548667,5660.969927548667,28304.849637743355,2165.0,433,410,0.9468822170900693,23,0,400,11,11,11,4,4,1634.6070772489227,5551.115750359542,446.7978827519597,8280.969927548667,40,0.608541192006669
geometry_early_optical_clear_probe,2919608992,11,11,11,1.0,True,819.5467688506661,9015.014457357327,6293.014457357324,31465.072286786643,2250.0,450,420,0.9333333333333333,30,0,414,12,12,11,8,8,1503.1000144795173,4542.123876479357,1240.8936147875802,8663.653050381195,95,0.850889975001337
geometry_early_optical_clear_probe,1900975345,10,10,10,1.0,True,883.138411761478,8831.38411761478,5762.384117614777,28811.9205880739,2545.0,509,484,0.9508840864440079,25,0,474,10,10,10,9,9,2730.5977022712386,6960.838553221381,1972.9571945221692,8831.38411761478,154,0.7211639739980455
geometry_early_optical_clear_probe,2147789494,13,13,13,1.0,True,659.1251879932802,8568.627443912643,5947.62744391264,29738.13721956321,2160.0,432,398,0.9212962962962963,34,0,396,13,13,13,9,9,1066.852805243072,3210.821851093696,406.73036694647385,7997.33972056686,40,1.2436456639989046
geometry_early_optical_clear_probe,364108963,11,11,11,1.0,True,785.3231559486746,8638.55471543542,5497.554715435424,27487.773577177133,2600.0,520,491,0.9442307692307692,29,0,486,11,11,11,8,8,2912.538477425484,6473.5046503360645,1086.7791338863858,8638.55471543542,80,0.8670150539983297
geometry_early_optical_clear_probe,1238963768,13,13,13,1.0,True,649.5790960457615,8444.5282485949,5645.528248594899,28227.641242974514,2305.0,461,428,0.928416485900217,33,0,426,14,14,13,7,7,2659.7521465500135,5579.6576098699525,1024.4449043488903,8020.008539858573,79,0.8586374849983258
geometry_early_optical_clear_probe,818460560,15,15,15,1.0,True,568.9202206594296,8533.803309891444,6098.803309891443,30494.01654945723,1995.0,399,359,0.899749373433584,40,0,362,16,16,15,6,6,2308.9646426409226,7184.171335866778,527.632908153123,8401.029308225765,40,0.9794419849931728
geometry_early_optical_clear_probe,4108889844,14,14,14,1.0,True,643.3446740929121,9006.82543730077,6491.825437300767,32459.12718650384,2065.0,413,373,0.9031476997578692,40,0,377,15,15,14,13,13,1677.386466660397,7398.154907850329,1739.77922501815,8295.826032949504,138,1.1500558340048883
geometry_early_optical_clear_probe,3425463181,12,12,12,1.0,True,679.7789147510538,8157.346977012645,5565.346977012646,27826.734885063237,2140.0,428,399,0.9322429906542056,29,0,392,12,12,12,2,2,1997.005145264566,7307.133231440853,504.3443083466161,7591.237197242619,40,0.7001734990044497
geometry_early_optical_clear_probe,3285470607,16,16,16,1.0,True,489.5401676045997,7832.642681673595,5542.642681673597,27713.21340836798,1865.0,373,330,0.8847184986595175,43,0,345,16,16,16,9,9,2058.729659453062,6137.279371055434,467.72032841524776,7832.642681673595,40,1.0389655619947007
geometry_early_optical_clear_probe,3722622430,11,11,11,1.0,True,789.4995179374705,8684.494697312175,5496.494697312173,27482.47348656088,2640.0,528,496,0.9393939393939394,32,0,493,11,11,11,9,9,2645.548792101929,5731.34370946555,969.0975974112142,8684.494697312175,79,0.9094288530031918
geometry_early_optical_clear_probe,2742770308,15,15,15,1.0,True,546.2611507470486,8193.91726120573,5957.91726120573,29789.586306028654,1825.0,365,325,0.8904109589041096,40,0,333,16,16,15,11,11,841.8066086845477,5897.536210130289,482.7512057517185,8193.91726120573,40,0.8803664860024583
geometry_early_optical_clear_probe,3183360517,11,11,11,1.0,True,770.9938005540351,8480.931806094386,5748.931806094386,28744.659030471936,2260.0,452,424,0.9380530973451328,28,0,417,11,11,11,4,4,1564.42868672205,6696.276791491244,474.871094800318,8480.931806094386,40,0.8376721270033158
geometry_early_optical_clear_probe,2947763693,12,12,12,1.0,True,683.29246898461,8199.50962781532,5590.50962781532,27952.548139076607,2155.0,431,400,0.9280742459396751,31,0,394,12,12,12,6,6,1649.7089925167336,4396.315755798672,472.16074531634393,8010.657887632147,40,0.6838929429941345
geometry_early_optical_clear_probe,3805991928,14,14,14,1.0,True,591.1664411236653,8276.330175731315,5811.330175731315,29056.650878656586,2020.0,404,368,0.9108910891089109,36,0,369,16,16,14,11,11,1222.312896690785,5494.531148942608,511.3630745875714,6790.293914933981,40,1.0416792610049015
geometry_early_optical_clear_probe,2111885852,12,12,12,1.0,True,695.3228202060122,8343.873842472147,5914.873842472149,29574.36921236075,2005.0,401,372,0.9276807980049875,29,0,364,12,12,12,3,3,1214.182603126281,4550.808476572376,411.1909775781413,7380.133697823201,40,0.8489198460010812
geometry_early_optical_clear_probe,1379994269,11,11,11,1.0,True,736.2088424760842,8098.297267236927,5463.297267236926,27316.486336184644,2175.0,435,409,0.9402298850574713,26,0,402,12,12,11,3,3,2053.5830044654604,7263.338564667658,462.0455193726816,8045.297267236927,40,0.5558437610015972
