strategy,seed,channel,first_seen_time_s,directional
clear_probe,3000,4,23.0,False
clear_probe,3000,5,29.0,False
clear_probe,3000,6,35.0,False
clear_probe,3000,10,59.0,False
clear_probe,3000,11,65.0,False
clear_probe,3000,18,107.0,False
clear_probe,3000,19,113.0,False
clear_probe,3000,20,119.0,False
clear_probe,3000,15,356.0,False
clear_probe,3000,12,602.4063412239734,False
clear_probe,3000,16,626.4063412239734,False
clear_probe,3000,8,920.4374556668521,False
clear_probe,3000,14,956.4374556668521,False
clear_probe,3000,9,1413.669550123257,False
clear_probe,3000,3,1967.6280894212305,False
clear_probe,3001,7,41.0,False
clear_probe,3001,10,59.0,False
clear_probe,3001,11,65.0,False
clear_probe,3001,15,89.0,False
clear_probe,3001,20,119.0,False
clear_probe,3001,5,296.0,False
clear_probe,3001,17,368.0,False
clear_probe,3001,12,643.061761467648,False
clear_probe,3001,8,4096.2341647547055,False
clear_probe,3001,6,4773.179341690648,False
clear_probe,3001,19,5272.433814641047,False
clear_probe,3001,13,5869.433814641047,False
clear_probe,3002,2,11.0,False
clear_probe,3002,3,17.0,False
clear_probe,3002,12,71.0,False
clear_probe,3002,13,77.0,False
clear_probe,3002,15,89.0,False
clear_probe,3002,17,101.0,False
clear_probe,3002,19,113.0,False
clear_probe,3002,20,744.9564513011409,False
clear_probe,3002,14,1455.7605892243423,False
clear_probe,3002,1,3863.9070101598486,False
clear_probe,3002,6,5073.086024779995,False
clear_probe,3003,4,23.0,False
clear_probe,3003,8,47.0,False
clear_probe,3003,9,53.0,False
clear_probe,3003,13,77.0,False
clear_probe,3003,17,101.0,False
clear_probe,3003,18,107.0,False
clear_probe,3003,20,119.0,False
clear_probe,3003,6,302.0,False
clear_probe,3003,15,356.0,False
clear_probe,3003,12,1819.8029345015634,False
clear_probe,3003,19,1855.8029345015634,False
clear_probe,3003,1,2257.5018079174374,False
clear_probe,3003,2,3699.1360241723664,False
clear_probe,3003,3,4752.136024172366,False
clear_probe,3004,10,59.0,False
clear_probe,3004,11,65.0,False
clear_probe,3004,17,101.0,False
clear_probe,3004,18,107.0,False
clear_probe,3004,19,113.0,False
clear_probe,3004,20,119.0,False
clear_probe,3004,6,302.0,False
clear_probe,3004,15,356.0,False
clear_probe,3004,16,362.0,False
clear_probe,3004,1,804.3729829631837,False
clear_probe,3004,7,1950.9560411036994,False
clear_probe,3004,3,2794.0948299628194,False
clear_probe,3004,8,3137.9377154912436,False
clear_probe,3005,1,5.0,False
clear_probe,3005,2,11.0,False
clear_probe,3005,6,35.0,False
clear_probe,3005,13,77.0,False
clear_probe,3005,14,83.0,False
clear_probe,3005,17,101.0,False
clear_probe,3005,19,113.0,False
clear_probe,3005,20,119.0,False
clear_probe,3005,7,308.0,False
clear_probe,3005,4,3811.8206873076115,False
clear_probe,3005,16,3877.8206873076115,False
clear_probe,3005,11,4051.8560107986846,False
clear_probe,3005,12,4057.8560107986846,False
clear_probe,3005,9,5519.934969746203,False
clear_probe,3005,10,5525.934969746203,False
clear_probe,3006,1,5.0,False
clear_probe,3006,4,23.0,False
clear_probe,3006,6,35.0,False
clear_probe,3006,9,53.0,False
clear_probe,3006,14,83.0,False
clear_probe,3006,8,314.0,False
clear_probe,3006,12,338.0,False
clear_probe,3006,3,551.0,False
clear_probe,3006,13,1529.0952087213616,False
clear_probe,3006,17,2726.990726984804,False
clear_probe,3006,20,3568.9404648039954,False
clear_probe,3006,18,4006.9404648039954,False
clear_probe,3006,19,4699.247157009925,False
clear_probe,3006,11,5183.991035938198,False
clear_probe,3006,10,5384.991035938198,False
clear_probe,3007,4,23.0,False
clear_probe,3007,6,35.0,False
clear_probe,3007,7,41.0,False
clear_probe,3007,8,47.0,False
clear_probe,3007,12,71.0,False
clear_probe,3007,13,77.0,False
clear_probe,3007,14,350.0,False
clear_probe,3007,17,368.0,False
clear_probe,3007,19,380.0,False
clear_probe,3007,3,2298.308415826953,False
clear_probe,3007,5,3840.308415826953,False
clear_probe,3007,18,4155.308415826953,False
clear_probe,3007,16,4397.308520214748,False
clear_probe,3007,2,4829.308520214748,False
clear_probe,3007,11,5493.7586819948465,False
clear_probe,3008,1,5.0,False
clear_probe,3008,2,11.0,False
clear_probe,3008,12,71.0,False
clear_probe,3008,15,89.0,False
clear_probe,3008,6,302.0,False
clear_probe,3008,14,350.0,False
clear_probe,3008,16,362.0,False
clear_probe,3008,18,374.0,False
clear_probe,3008,3,567.4895564945244,False
clear_probe,3008,11,3865.8011272207436,False
clear_probe,3008,13,4090.8011272207436,False
clear_probe,3008,10,5864.895898185662,False
clear_probe,3009,1,5.0,False
clear_probe,3009,3,17.0,False
clear_probe,3009,4,23.0,False
clear_probe,3009,5,29.0,False
clear_probe,3009,8,47.0,False
clear_probe,3009,12,71.0,False
clear_probe,3009,13,77.0,False
clear_probe,3009,17,101.0,False
clear_probe,3009,10,326.0,False
clear_probe,3009,11,778.7360457367716,False
clear_probe,3009,14,5608.415853174236,False
clear_probe,3009,19,5857.415853174236,False
clear_probe,3009,20,6669.194710586641,False
clear_probe,3010,2,11.0,False
clear_probe,3010,4,23.0,False
clear_probe,3010,7,41.0,False
clear_probe,3010,11,65.0,False
clear_probe,3010,12,71.0,False
clear_probe,3010,14,83.0,False
clear_probe,3010,16,95.0,False
clear_probe,3010,17,101.0,False
clear_probe,3010,18,107.0,False
clear_probe,3010,1,272.0,False
clear_probe,3010,15,2765.3221144252457,False
clear_probe,3010,13,4406.187948186327,False
clear_probe,3010,19,4424.187948186327,False
clear_probe,3010,3,5450.730717754882,False
clear_probe,3010,20,5681.730717754882,False
clear_probe,3011,6,35.0,False
clear_probe,3011,13,77.0,False
clear_probe,3011,17,101.0,False
clear_probe,3011,19,380.0,False
clear_probe,3011,9,908.91935567176,False
clear_probe,3011,2,3038.907624762863,False
clear_probe,3011,7,3560.963695446624,False
clear_probe,3011,3,4989.611925815822,False
clear_probe,3011,20,5292.611925815822,False
clear_probe,3011,5,5463.611925815822,False
clear_probe,3011,15,5499.611925815822,False
clear_probe,3012,2,11.0,False
clear_probe,3012,4,23.0,False
clear_probe,3012,9,53.0,False
clear_probe,3012,14,83.0,False
clear_probe,3012,16,95.0,False
clear_probe,3012,7,308.0,False
clear_probe,3012,12,338.0,False
clear_probe,3012,20,2703.3977402908135,False
clear_probe,3012,15,3162.0427574487417,False
clear_probe,3012,19,3180.0427574487417,False
clear_probe,3012,5,3998.5468527232997,False
clear_probe,3012,17,4052.5468527232997,False
clear_probe,3013,2,11.0,False
clear_probe,3013,3,17.0,False
clear_probe,3013,4,23.0,False
clear_probe,3013,5,29.0,False
clear_probe,3013,6,35.0,False
clear_probe,3013,7,41.0,False
clear_probe,3013,12,71.0,False
clear_probe,3013,14,83.0,False
clear_probe,3013,19,113.0,False
clear_probe,3013,10,326.0,False
clear_probe,3013,9,2061.2797675187567,False
clear_probe,3013,11,4110.211909540764,False
clear_probe,3013,13,4116.211909540764,False
clear_probe,3013,17,4374.42988480556,False
clear_probe,3013,16,6446.437330238809,False
clear_probe,3014,3,17.0,False
clear_probe,3014,7,41.0,False
clear_probe,3014,11,65.0,False
clear_probe,3014,13,77.0,False
clear_probe,3014,19,113.0,False
clear_probe,3014,4,290.0,False
clear_probe,3014,6,302.0,False
clear_probe,3014,18,2338.736767175319,False
clear_probe,3014,8,5043.474352449522,False
clear_probe,3014,1,6650.917450978648,False
clear_probe,3015,2,11.0,False
clear_probe,3015,3,17.0,False
clear_probe,3015,5,29.0,False
clear_probe,3015,10,59.0,False
clear_probe,3015,11,65.0,False
clear_probe,3015,12,71.0,False
clear_probe,3015,20,119.0,False
clear_probe,3015,9,320.0,False
clear_probe,3015,16,1430.0,False
clear_probe,3015,8,2177.0,False
clear_probe,3015,15,2473.558679705596,False
clear_probe,3015,18,2485.558679705596,False
clear_probe,3015,7,3807.6502094098632,False
clear_probe,3015,19,5736.106388372915,False
clear_probe,3015,6,7032.968537134064,False
clear_probe,3016,3,17.0,False
clear_probe,3016,4,23.0,False
clear_probe,3016,6,35.0,False
clear_probe,3016,8,47.0,False
clear_probe,3016,10,59.0,False
clear_probe,3016,13,77.0,False
clear_probe,3016,14,83.0,False
clear_probe,3016,17,101.0,False
clear_probe,3016,5,296.0,False
clear_probe,3016,15,356.0,False
clear_probe,3016,16,362.0,False
clear_probe,3016,2,552.60938728773,False
clear_probe,3016,20,1044.2838546640392,False
clear_probe,3016,19,1279.0906785157963,False
clear_probe,3016,7,1420.9805038307616,False
clear_probe,3017,1,5.0,False
clear_probe,3017,2,11.0,False
clear_probe,3017,6,35.0,False
clear_probe,3017,10,59.0,False
clear_probe,3017,13,77.0,False
clear_probe,3017,14,83.0,False
clear_probe,3017,16,95.0,False
clear_probe,3017,8,314.0,False
clear_probe,3017,20,1958.0,False
clear_probe,3017,9,3527.585413801841,False
clear_probe,3017,11,4591.897919784243,False
clear_probe,3017,12,4597.897919784243,False
clear_probe,3017,3,4844.67697968069,False
clear_probe,3017,15,5093.67697968069,False
clear_probe,3017,17,6232.247349813681,False
clear_probe,3018,1,5.0,False
clear_probe,3018,20,119.0,False
clear_probe,3018,3,284.0,False
clear_probe,3018,5,296.0,False
clear_probe,3018,11,332.0,False
clear_probe,3018,18,374.0,False
clear_probe,3018,17,1775.3919786830631,False
clear_probe,3018,14,3251.191009203209,False
clear_probe,3018,6,3485.6123407696236,False
clear_probe,3018,7,4684.038404085475,False
clear_probe,3018,9,4921.038404085475,False
clear_probe,3018,2,5116.038404085475,False
clear_probe,3018,12,5152.038404085475,False
clear_probe,3019,2,11.0,False
clear_probe,3019,3,17.0,False
clear_probe,3019,5,29.0,False
clear_probe,3019,6,35.0,False
clear_probe,3019,10,59.0,False
clear_probe,3019,15,89.0,False
clear_probe,3019,16,95.0,False
clear_probe,3019,17,101.0,False
clear_probe,3019,1,272.0,False
clear_probe,3019,12,338.0,False
clear_probe,3019,13,344.0,False
clear_probe,3019,8,1850.0064208190179,False
clear_probe,3020,1,5.0,False
clear_probe,3020,2,11.0,False
clear_probe,3020,3,17.0,False
clear_probe,3020,6,35.0,False
clear_probe,3020,8,47.0,False
clear_probe,3020,9,53.0,False
clear_probe,3020,11,65.0,False
clear_probe,3020,15,89.0,False
clear_probe,3020,7,308.0,False
clear_probe,3020,14,554.2083648570783,False
clear_probe,3020,20,590.2083648570783,False
clear_probe,3020,4,4231.843596804144,False
clear_probe,3020,16,4513.804103481757,False
clear_probe,3021,2,11.0,False
clear_probe,3021,4,23.0,False
clear_probe,3021,17,101.0,False
clear_probe,3021,18,107.0,False
clear_probe,3021,19,113.0,False
clear_probe,3021,20,119.0,False
clear_probe,3021,1,272.0,False
clear_probe,3021,6,302.0,False
clear_probe,3021,9,320.0,False
clear_probe,3021,8,669.3061472439882,False
clear_probe,3021,5,2480.501017100819,False
clear_probe,3021,15,2534.501017100819,False
clear_probe,3021,3,4257.967110288328,False
clear_probe,3021,11,4506.967110288328,False
clear_probe,3022,5,29.0,False
clear_probe,3022,6,35.0,False
clear_probe,3022,10,59.0,False
clear_probe,3022,11,65.0,False
clear_probe,3022,7,779.0610852340941,False
clear_probe,3022,9,1072.0759323804957,False
clear_probe,3022,18,1363.0759323804957,False
clear_probe,3022,14,1582.0759323804957,False
clear_probe,3022,16,1594.0759323804957,False
clear_probe,3022,2,2105.0361394562606,False
clear_probe,3022,4,2117.0361394562606,False
clear_probe,3022,15,2153.0361394562606,False
clear_probe,3022,20,2183.0361394562606,False
clear_probe,3023,1,5.0,False
clear_probe,3023,3,17.0,False
clear_probe,3023,5,29.0,False
clear_probe,3023,6,35.0,False
clear_probe,3023,7,41.0,False
clear_probe,3023,11,65.0,False
clear_probe,3023,12,71.0,False
clear_probe,3023,14,83.0,False
clear_probe,3023,16,95.0,False
clear_probe,3023,2,278.0,False
clear_probe,3023,4,290.0,False
clear_probe,3023,8,314.0,False
clear_probe,3023,9,320.0,False
clear_probe,3023,20,706.154159127064,False
clear_probe,3024,7,41.0,False
clear_probe,3024,8,47.0,False
clear_probe,3024,9,53.0,False
clear_probe,3024,20,119.0,False
clear_probe,3024,11,332.0,False
clear_probe,3024,19,1181.0,False
clear_probe,3024,4,1892.0,False
clear_probe,3024,10,1928.0,False
clear_probe,3024,18,4093.9756349299146,False
clear_probe,3024,16,4312.975634929914,False
clear_probe,3024,1,5971.489015437,False
clear_probe,3025,5,29.0,False
clear_probe,3025,13,77.0,False
clear_probe,3025,18,107.0,False
clear_probe,3025,17,368.0,False
clear_probe,3025,9,1121.0,False
clear_probe,3025,11,1400.0,False
clear_probe,3025,12,2302.201979717584,False
clear_probe,3025,10,3408.51108114745,False
clear_probe,3025,16,3842.70223455779,False
clear_probe,3025,7,4268.849628302286,False
clear_probe,3026,3,17.0,False
clear_probe,3026,6,35.0,False
clear_probe,3026,11,65.0,False
clear_probe,3026,12,71.0,False
clear_probe,3026,13,77.0,False
clear_probe,3026,14,83.0,False
clear_probe,3026,18,107.0,False
clear_probe,3026,20,119.0,False
clear_probe,3026,4,290.0,False
clear_probe,3026,10,326.0,False
clear_probe,3026,1,536.2129644657163,False
clear_probe,3026,16,1906.1552438240317,False
clear_probe,3026,7,2218.9041592704107,False
clear_probe,3026,17,2729.3434613969275,False
clear_probe,3027,2,11.0,False
clear_probe,3027,4,23.0,False
clear_probe,3027,8,47.0,False
clear_probe,3027,9,53.0,False
clear_probe,3027,14,83.0,False
clear_probe,3027,16,95.0,False
clear_probe,3027,7,308.0,False
clear_probe,3027,6,789.6564485068601,False
clear_probe,3027,10,813.6564485068601,False
clear_probe,3027,20,873.6564485068601,False
clear_probe,3027,19,1786.4672735477545,False
clear_probe,3028,2,11.0,False
clear_probe,3028,5,29.0,False
clear_probe,3028,7,41.0,False
clear_probe,3028,10,59.0,False
clear_probe,3028,11,65.0,False
clear_probe,3028,12,71.0,False
clear_probe,3028,13,77.0,False
clear_probe,3028,14,83.0,False
clear_probe,3028,19,113.0,False
clear_probe,3028,9,1826.736971928151,False
clear_probe,3028,18,1868.736971928151,False
clear_probe,3028,20,1880.736971928151,False
clear_probe,3028,17,2099.736971928151,False
clear_probe,3028,1,2240.6478916522447,False
clear_probe,3028,6,5904.130661914956,False
clear_probe,3029,3,17.0,False
clear_probe,3029,4,23.0,False
clear_probe,3029,6,35.0,False
clear_probe,3029,7,41.0,False
clear_probe,3029,13,77.0,False
clear_probe,3029,16,95.0,False
clear_probe,3029,17,101.0,False
clear_probe,3029,20,119.0,False
clear_probe,3029,5,296.0,False
clear_probe,3029,9,1034.9144786629831,False
clear_probe,3029,19,2745.7855959091116,False
clear_probe,3029,1,3814.313861202759,False
clear_probe,3029,2,3820.313861202759,False
clear_probe,3029,18,3874.313861202759,False
clear_probe,3030,1,5.0,False
clear_probe,3030,3,17.0,False
clear_probe,3030,5,29.0,False
clear_probe,3030,8,47.0,False
clear_probe,3030,10,59.0,False
clear_probe,3030,11,65.0,False
clear_probe,3030,12,71.0,False
clear_probe,3030,15,89.0,False
clear_probe,3030,17,101.0,False
clear_probe,3030,13,611.207520014873,False
clear_probe,3030,6,5505.9478047144985,False
clear_probe,3031,1,5.0,False
clear_probe,3031,2,11.0,False
clear_probe,3031,7,41.0,False
clear_probe,3031,8,47.0,False
clear_probe,3031,9,53.0,False
clear_probe,3031,11,65.0,False
clear_probe,3031,13,77.0,False
clear_probe,3031,14,83.0,False
clear_probe,3031,15,89.0,False
clear_probe,3031,16,95.0,False
clear_probe,3031,20,119.0,False
clear_probe,3031,17,1851.266709420938,False
clear_probe,3031,19,2182.6573441640803,False
clear_probe,3031,12,2361.147210848166,False
clear_probe,3031,4,4474.987272395277,False
clear_probe,3032,4,23.0,False
clear_probe,3032,12,71.0,False
clear_probe,3032,14,83.0,False
clear_probe,3032,1,272.0,False
clear_probe,3032,9,320.0,False
clear_probe,3032,20,3234.8246908961346,False
clear_probe,3032,19,4272.824690896135,False
clear_probe,3032,5,4455.824690896135,False
clear_probe,3032,15,5531.427957371763,False
clear_probe,3032,3,6218.265548288975,False
clear_probe,3032,13,6266.265548288975,False
clear_probe,3033,5,29.0,False
clear_probe,3033,7,41.0,False
clear_probe,3033,14,83.0,False
clear_probe,3033,16,95.0,False
clear_probe,3033,20,119.0,False
clear_probe,3033,3,284.0,False
clear_probe,3033,4,290.0,False
clear_probe,3033,10,536.8021646845216,False
clear_probe,3033,15,566.8021646845216,False
clear_probe,3033,1,3448.9206176964108,False
clear_probe,3033,18,4121.646865367438,False
clear_probe,3033,11,4571.447796068728,False
clear_probe,3033,6,4766.447796068728,False
clear_probe,3033,12,4790.447796068728,False
clear_probe,3033,13,4796.447796068728,False
clear_probe,3033,19,4814.447796068728,False
clear_probe,3034,1,5.0,False
clear_probe,3034,2,11.0,False
clear_probe,3034,10,59.0,False
clear_probe,3034,12,71.0,False
clear_probe,3034,15,89.0,False
clear_probe,3034,16,95.0,False
clear_probe,3034,11,332.0,False
clear_probe,3034,17,368.0,False
clear_probe,3034,18,374.0,False
clear_probe,3034,5,1642.758649805468,False
clear_probe,3034,7,1897.758649805468,False
clear_probe,3034,3,3056.982772789931,False
clear_probe,3034,19,3560.982772789931,False
clear_probe,3034,20,3757.6201224414567,False
clear_probe,3035,1,5.0,False
clear_probe,3035,7,41.0,False
clear_probe,3035,10,59.0,False
clear_probe,3035,11,65.0,False
clear_probe,3035,12,71.0,False
clear_probe,3035,13,77.0,False
clear_probe,3035,17,101.0,False
clear_probe,3035,6,302.0,False
clear_probe,3035,14,611.0,False
clear_probe,3035,18,1165.0485504406615,False
clear_probe,3035,9,4081.463465114488,False
clear_probe,3035,8,4294.463465114488,False
clear_probe,3035,20,5621.078390203531,False
clear_probe,3035,3,5761.519349548286,False
clear_probe,3036,1,5.0,False
clear_probe,3036,10,59.0,False
clear_probe,3036,19,113.0,False
clear_probe,3036,20,119.0,False
clear_probe,3036,4,290.0,False
clear_probe,3036,6,302.0,False
clear_probe,3036,9,320.0,False
clear_probe,3036,13,344.0,False
clear_probe,3036,18,374.0,False
clear_probe,3036,2,545.0,False
clear_probe,3036,16,1616.1875082943575,False
clear_probe,3036,15,2033.4129652965926,False
clear_probe,3036,17,5142.688275746608,False
clear_probe,3036,3,5295.688275746608,False
clear_probe,3036,5,5301.688275746608,False
clear_probe,3037,1,5.0,False
clear_probe,3037,4,23.0,False
clear_probe,3037,6,35.0,False
clear_probe,3037,7,41.0,False
clear_probe,3037,8,47.0,False
clear_probe,3037,10,59.0,False
clear_probe,3037,13,77.0,False
clear_probe,3037,15,89.0,False
clear_probe,3037,19,113.0,False
clear_probe,3037,16,362.0,False
clear_probe,3037,20,386.0,False
clear_probe,3037,12,1095.5662528351227,False
clear_probe,3037,14,1654.840007049886,False
clear_probe,3037,18,2798.193957295131,False
clear_probe,3037,3,2968.52468362218,False
clear_probe,3038,2,11.0,False
clear_probe,3038,3,17.0,False
clear_probe,3038,9,53.0,False
clear_probe,3038,15,89.0,False
clear_probe,3038,16,95.0,False
clear_probe,3038,11,1352.2550091840799,False
clear_probe,3038,5,1570.3701475942187,False
clear_probe,3038,13,1618.3701475942187,False
clear_probe,3038,17,1636.3701475942187,False
clear_probe,3038,6,3234.8048349856062,False
clear_probe,3038,19,4893.2350802266155,False
clear_probe,3039,4,23.0,False
clear_probe,3039,7,41.0,False
clear_probe,3039,8,47.0,False
clear_probe,3039,9,53.0,False
clear_probe,3039,11,65.0,False
clear_probe,3039,17,101.0,False
clear_probe,3039,18,107.0,False
clear_probe,3039,13,344.0,False
clear_probe,3039,1,885.7567153302749,False
clear_probe,3039,20,987.7567153302749,False
clear_probe,3040,1,5.0,False
clear_probe,3040,8,47.0,False
clear_probe,3040,10,59.0,False
clear_probe,3040,12,71.0,False
clear_probe,3040,15,89.0,False
clear_probe,3040,18,107.0,False
clear_probe,3040,19,113.0,False
clear_probe,3040,2,278.0,False
clear_probe,3040,9,320.0,False
clear_probe,3040,3,1822.401683065822,False
clear_probe,3040,13,1876.401683065822,False
clear_probe,3040,17,1900.401683065822,False
clear_probe,3040,7,3055.7261797907013,False
clear_probe,3040,4,3740.2803180849833,False
clear_probe,3041,1,5.0,False
clear_probe,3041,3,17.0,False
clear_probe,3041,10,59.0,False
clear_probe,3041,2,278.0,False
clear_probe,3041,4,290.0,False
clear_probe,3041,8,1340.0,False
clear_probe,3041,18,1836.784230287955,False
clear_probe,3041,13,3372.349984493808,False
clear_probe,3041,19,3402.349984493808,False
clear_probe,3041,16,4027.311988236031,False
clear_probe,3042,1,5.0,False
clear_probe,3042,8,47.0,False
clear_probe,3042,9,53.0,False
clear_probe,3042,11,65.0,False
clear_probe,3042,12,71.0,False
clear_probe,3042,14,83.0,False
clear_probe,3042,15,89.0,False
clear_probe,3042,18,107.0,False
clear_probe,3042,19,113.0,False
clear_probe,3042,13,344.0,False
clear_probe,3042,20,386.0,False
clear_probe,3042,17,3653.8641171159006,False
clear_probe,3042,16,3835.1578085090855,False
clear_probe,3043,2,11.0,False
clear_probe,3043,4,23.0,False
clear_probe,3043,7,41.0,False
clear_probe,3043,8,47.0,False
clear_probe,3043,9,53.0,False
clear_probe,3043,13,77.0,False
clear_probe,3043,1,272.0,False
clear_probe,3043,15,356.0,False
clear_probe,3043,12,604.1084173392779,False
clear_probe,3043,17,634.1084173392779,False
clear_probe,3043,14,2052.097921635883,False
clear_probe,3043,18,2070.097921635883,False
clear_probe,3043,11,2710.1479809803623,False
clear_probe,3043,10,5064.532179720815,False
clear_probe,3044,4,23.0,False
clear_probe,3044,5,29.0,False
clear_probe,3044,8,47.0,False
clear_probe,3044,14,83.0,False
clear_probe,3044,16,95.0,False
clear_probe,3044,1,272.0,False
clear_probe,3044,20,386.0,False
clear_probe,3044,17,1560.8829637139395,False
clear_probe,3044,9,2521.9259083787147,False
clear_probe,3044,2,3219.97629104588,False
clear_probe,3044,6,3237.97629104588,False
clear_probe,3044,13,5906.070108768337,False
clear_probe,3044,19,6360.314393430859,False
clear_probe,3045,1,5.0,False
clear_probe,3045,4,23.0,False
clear_probe,3045,5,29.0,False
clear_probe,3045,6,35.0,False
clear_probe,3045,9,53.0,False
clear_probe,3045,10,59.0,False
clear_probe,3045,16,95.0,False
clear_probe,3045,17,101.0,False
clear_probe,3045,8,314.0,False
clear_probe,3045,12,828.3654755567078,False
clear_probe,3045,13,1569.3654755567077,False
clear_probe,3045,14,2273.5822974180446,False
clear_probe,3046,4,23.0,False
clear_probe,3046,6,35.0,False
clear_probe,3046,13,77.0,False
clear_probe,3046,5,296.0,False
clear_probe,3046,9,320.0,False
clear_probe,3046,12,2221.976981735435,False
clear_probe,3046,3,2610.04220305029,False
clear_probe,3046,7,4172.863623168684,False
clear_probe,3046,10,4184.863623168684,False
clear_probe,3046,18,6763.112596233797,False
clear_probe,3047,2,11.0,False
clear_probe,3047,4,23.0,False
clear_probe,3047,11,65.0,False
clear_probe,3047,12,71.0,False
clear_probe,3047,13,77.0,False
clear_probe,3047,16,95.0,False
clear_probe,3047,17,101.0,False
clear_probe,3047,14,350.0,False
clear_probe,3047,19,380.0,False
clear_probe,3047,10,539.3781901280843,False
clear_probe,3047,5,5518.322945852389,False
clear_probe,3047,18,5566.322945852389,False
clear_probe,3048,2,11.0,False
clear_probe,3048,7,41.0,False
clear_probe,3048,8,47.0,False
clear_probe,3048,13,77.0,False
clear_probe,3048,14,83.0,False
clear_probe,3048,3,284.0,False
clear_probe,3048,18,374.0,False
clear_probe,3048,19,624.7018394107564,False
clear_probe,3048,5,1357.7683304544737,False
clear_probe,3048,10,5637.6402090260435,False
clear_probe,3048,17,6841.104880147954,False
clear_probe,3049,2,11.0,False
clear_probe,3049,3,17.0,False
clear_probe,3049,4,23.0,False
clear_probe,3049,7,41.0,False
clear_probe,3049,10,59.0,False
clear_probe,3049,11,65.0,False
clear_probe,3049,13,77.0,False
clear_probe,3049,20,119.0,False
clear_probe,3049,14,1139.0,False
clear_probe,3049,15,1406.0,False
clear_probe,3049,8,4176.259246278863,False
clear_probe,3049,17,4710.259246278863,False
clear_probe,3049,12,5483.470013759802,False
clear_probe,3050,10,59.0,False
clear_probe,3050,11,65.0,False
clear_probe,3050,13,77.0,False
clear_probe,3050,15,89.0,False
clear_probe,3050,20,119.0,False
clear_probe,3050,14,350.0,False
clear_probe,3050,16,362.0,False
clear_probe,3050,17,368.0,False
clear_probe,3050,8,2338.953552506906,False
clear_probe,3050,12,2599.953552506906,False
clear_probe,3050,3,2794.953552506906,False
clear_probe,3050,18,3558.277772794869,False
clear_probe,3050,19,3716.5659478113157,False
clear_probe,3050,7,4624.900779172192,False
clear_probe,3051,1,5.0,False
clear_probe,3051,2,11.0,False
clear_probe,3051,3,17.0,False
clear_probe,3051,4,23.0,False
clear_probe,3051,5,29.0,False
clear_probe,3051,10,59.0,False
clear_probe,3051,14,83.0,False
clear_probe,3051,15,89.0,False
clear_probe,3051,16,95.0,False
clear_probe,3051,17,101.0,False
clear_probe,3051,19,113.0,False
clear_probe,3051,9,320.0,False
clear_probe,3051,13,344.0,False
clear_probe,3051,20,386.0,False
clear_probe,3051,8,581.0,False
clear_probe,3051,7,1463.144528641721,False
clear_probe,3052,1,5.0,False
clear_probe,3052,6,35.0,False
clear_probe,3052,10,59.0,False
clear_probe,3052,20,119.0,False
clear_probe,3052,3,284.0,False
clear_probe,3052,13,344.0,False
clear_probe,3052,8,581.0,False
clear_probe,3052,17,1428.139344886929,False
clear_probe,3052,9,3520.882694377789,False
clear_probe,3052,15,5443.634477427586,False
clear_probe,3053,3,17.0,False
clear_probe,3053,4,23.0,False
clear_probe,3053,5,29.0,False
clear_probe,3053,7,41.0,False
clear_probe,3053,16,95.0,False
clear_probe,3053,2,278.0,False
clear_probe,3053,19,380.0,False
clear_probe,3053,6,569.0,False
clear_probe,3053,18,641.0,False
clear_probe,3053,8,1913.2983407792794,False
clear_probe,3053,1,3388.852682085421,False
clear_probe,3053,13,4336.85268208542,False
clear_probe,3053,10,5290.366781117887,False
clear_probe,3054,6,35.0,False
clear_probe,3054,10,59.0,False
clear_probe,3054,11,65.0,False
clear_probe,3054,16,95.0,False
clear_probe,3054,17,101.0,False
clear_probe,3054,1,272.0,False
clear_probe,3054,8,647.4974799511182,False
clear_probe,3054,14,1547.9820807602846,False
clear_probe,3054,5,1764.783511482455,False
clear_probe,3054,7,5249.04027117256,False
clear_probe,3055,1,5.0,False
clear_probe,3055,3,17.0,False
clear_probe,3055,5,29.0,False
clear_probe,3055,7,41.0,False
clear_probe,3055,10,59.0,False
clear_probe,3055,14,83.0,False
clear_probe,3055,16,95.0,False
clear_probe,3055,17,368.0,False
clear_probe,3055,12,614.3050842643271,False
clear_probe,3055,13,620.3050842643271,False
clear_probe,3055,15,1105.5587346192328,False
clear_probe,3055,19,1123.5587346192328,False
clear_probe,3055,11,1546.6465769193924,False
clear_probe,3055,6,1759.6465769193924,False
clear_probe,3056,3,17.0,False
clear_probe,3056,9,53.0,False
clear_probe,3056,10,59.0,False
clear_probe,3056,11,65.0,False
clear_probe,3056,14,83.0,False
clear_probe,3056,18,107.0,False
clear_probe,3056,19,113.0,False
clear_probe,3056,8,314.0,False
clear_probe,3056,17,635.0,False
clear_probe,3056,1,1606.4276915984658,False
clear_probe,3056,20,3851.92106255345,False
clear_probe,3056,12,4710.050285825383,False
clear_probe,3057,2,11.0,False
clear_probe,3057,4,23.0,False
clear_probe,3057,7,41.0,False
clear_probe,3057,12,71.0,False
clear_probe,3057,15,89.0,False
clear_probe,3057,17,101.0,False
clear_probe,3057,5,296.0,False
clear_probe,3057,11,332.0,False
clear_probe,3057,1,4762.344878885391,False
clear_probe,3057,3,4768.344878885391,False
clear_probe,3057,14,4816.344878885391,False
clear_probe,3057,18,5296.344878885391,False
clear_probe,3057,8,5773.586098017797,False
clear_probe,3057,9,5779.586098017797,False
clear_probe,3058,4,23.0,False
clear_probe,3058,5,29.0,False
clear_probe,3058,8,47.0,False
clear_probe,3058,9,53.0,False
clear_probe,3058,12,71.0,False
clear_probe,3058,17,101.0,False
clear_probe,3058,19,113.0,False
clear_probe,3058,14,350.0,False
clear_probe,3058,6,586.3624404685592,False
clear_probe,3058,11,616.3624404685592,False
clear_probe,3058,16,646.3624404685592,False
clear_probe,3058,20,1372.4477474082578,False
clear_probe,3058,18,4422.1552337667445,False
clear_probe,3058,2,4967.501952986084,False
clear_probe,3059,2,11.0,False
clear_probe,3059,5,29.0,False
clear_probe,3059,7,41.0,False
clear_probe,3059,9,53.0,False
clear_probe,3059,12,71.0,False
clear_probe,3059,20,119.0,False
clear_probe,3059,10,326.0,False
clear_probe,3059,4,1081.6321065273878,False
clear_probe,3059,11,1609.6321065273878,False
clear_probe,3059,15,1633.6321065273878,False
clear_probe,3060,1,5.0,False
clear_probe,3060,8,47.0,False
clear_probe,3060,13,77.0,False
clear_probe,3060,15,89.0,False
clear_probe,3060,16,95.0,False
clear_probe,3060,2,278.0,False
clear_probe,3060,5,296.0,False
clear_probe,3060,17,368.0,False
clear_probe,3060,14,643.4881755298672,False
clear_probe,3060,7,2642.1897681210085,False
clear_probe,3060,9,6117.657230817787,False
clear_probe,3061,4,23.0,False
clear_probe,3061,6,35.0,False
clear_probe,3061,11,65.0,False
clear_probe,3061,18,107.0,False
clear_probe,3061,20,119.0,False
clear_probe,3061,15,356.0,False
clear_probe,3061,17,641.2110658983589,False
clear_probe,3061,1,938.3356621895,False
clear_probe,3061,8,980.3356621895,False
clear_probe,3061,7,1489.4722318728047,False
clear_probe,3061,19,1793.9245422321044,False
clear_probe,3062,9,53.0,False
clear_probe,3062,10,59.0,False
clear_probe,3062,12,71.0,False
clear_probe,3062,13,77.0,False
clear_probe,3062,17,101.0,False
clear_probe,3062,4,290.0,False
clear_probe,3062,11,332.0,False
clear_probe,3062,14,350.0,False
clear_probe,3062,16,362.0,False
clear_probe,3062,2,600.6667360285032,False
clear_probe,3062,7,630.6667360285032,False
clear_probe,3062,18,690.6667360285032,False
clear_probe,3062,15,898.7691219921952,False
clear_probe,3062,8,1198.3433437464396,False
clear_probe,3062,20,1483.3433437464396,False
clear_probe,3062,1,2305.3433437464396,False
clear_probe,3063,1,5.0,False
clear_probe,3063,2,11.0,False
clear_probe,3063,5,29.0,False
clear_probe,3063,8,47.0,False
clear_probe,3063,19,113.0,False
clear_probe,3063,10,326.0,False
clear_probe,3063,11,332.0,False
clear_probe,3063,7,1370.0,False
clear_probe,3063,6,5089.290926049016,False
clear_probe,3063,9,5101.290926049016,False
clear_probe,3063,20,5161.290926049016,False
clear_probe,3063,17,5571.36804209888,False
clear_probe,3064,6,35.0,False
clear_probe,3064,7,41.0,False
clear_probe,3064,8,47.0,False
clear_probe,3064,14,83.0,False
clear_probe,3064,16,95.0,False
clear_probe,3064,20,1454.0,False
clear_probe,3064,15,1958.0,False
clear_probe,3064,2,3913.502204784086,False
clear_probe,3064,18,4418.503034065677,False
clear_probe,3064,13,5117.635076836861,False
clear_probe,3064,5,5603.668182799097,False
clear_probe,3064,10,5621.668182799097,False
clear_probe,3064,19,5657.668182799097,False
clear_probe,3064,9,8134.515902819495,False
clear_probe,3065,2,11.0,False
clear_probe,3065,3,17.0,False
clear_probe,3065,4,23.0,False
clear_probe,3065,7,41.0,False
clear_probe,3065,8,47.0,False
clear_probe,3065,9,53.0,False
clear_probe,3065,11,65.0,False
clear_probe,3065,13,77.0,False
clear_probe,3065,10,326.0,False
clear_probe,3065,5,2060.7424330399253,False
clear_probe,3065,17,4102.205022359077,False
clear_probe,3065,12,5392.5959315630835,False
clear_probe,3065,15,5617.5959315630835,False
clear_probe,3065,6,5806.5959315630835,False
clear_probe,3066,2,11.0,False
clear_probe,3066,4,23.0,False
clear_probe,3066,7,41.0,False
clear_probe,3066,8,47.0,False
clear_probe,3066,11,65.0,False
clear_probe,3066,12,71.0,False
clear_probe,3066,13,77.0,False
clear_probe,3066,10,326.0,False
clear_probe,3066,16,362.0,False
clear_probe,3066,15,1802.172722263488,False
clear_probe,3066,17,1814.172722263488,False
clear_probe,3067,1,5.0,False
clear_probe,3067,3,17.0,False
clear_probe,3067,5,29.0,False
clear_probe,3067,7,41.0,False
clear_probe,3067,15,89.0,False
clear_probe,3067,18,107.0,False
clear_probe,3067,20,119.0,False
clear_probe,3067,8,314.0,False
clear_probe,3067,14,1804.261465431513,False
clear_probe,3067,17,4424.583400457998,False
clear_probe,3067,11,4637.583400457998,False
clear_probe,3068,8,47.0,False
clear_probe,3068,13,77.0,False
clear_probe,3068,16,95.0,False
clear_probe,3068,19,113.0,False
clear_probe,3068,15,356.0,False
clear_probe,3068,18,374.0,False
clear_probe,3068,9,883.7911169787508,False
clear_probe,3068,7,1635.389579261156,False
clear_probe,3068,10,1641.389579261156,False
clear_probe,3068,11,4620.494433843085,False
clear_probe,3068,2,5275.634202435428,False
clear_probe,3068,14,5761.634202435428,False
clear_probe,3069,1,5.0,False
clear_probe,3069,5,29.0,False
clear_probe,3069,7,41.0,False
clear_probe,3069,2,278.0,False
clear_probe,3069,12,338.0,False
clear_probe,3069,14,350.0,False
clear_probe,3069,18,374.0,False
clear_probe,3069,13,896.9804603514594,False
clear_probe,3069,6,3563.96362066976,False
clear_probe,3069,19,4300.319232565666,False
clear_probe,3069,15,4495.319232565666,False
clear_probe,3070,1,5.0,False
clear_probe,3070,3,17.0,False
clear_probe,3070,7,41.0,False
clear_probe,3070,9,53.0,False
clear_probe,3070,19,113.0,False
clear_probe,3070,12,338.0,False
clear_probe,3070,4,573.5195365461387,False
clear_probe,3070,16,645.5195365461387,False
clear_probe,3070,8,2294.078698512844,False
clear_probe,3070,13,2318.078698512844,False
clear_probe,3070,5,3634.017761900864,False
clear_probe,3070,11,3871.160755861129,False
clear_probe,3070,6,4924.603333396905,False
clear_probe,3070,17,4954.603333396905,False
clear_probe,3071,1,5.0,False
clear_probe,3071,4,23.0,False
clear_probe,3071,8,47.0,False
clear_probe,3071,19,380.0,False
clear_probe,3071,7,1618.2084890956307,False
clear_probe,3071,12,2620.8700469194164,False
clear_probe,3071,2,4677.898759477761,False
clear_probe,3071,14,4725.898759477761,False
clear_probe,3071,15,4731.898759477761,False
clear_probe,3071,13,5181.898759477761,False
clear_probe,3072,2,11.0,False
clear_probe,3072,3,17.0,False
clear_probe,3072,4,23.0,False
clear_probe,3072,8,47.0,False
clear_probe,3072,12,71.0,False
clear_probe,3072,14,83.0,False
clear_probe,3072,15,89.0,False
clear_probe,3072,16,95.0,False
clear_probe,3072,6,871.9034639882942,False
clear_probe,3072,19,943.9034639882942,False
clear_probe,3072,18,3487.903463988294,False
clear_probe,3073,1,5.0,False
clear_probe,3073,8,47.0,False
clear_probe,3073,14,83.0,False
clear_probe,3073,18,107.0,False
clear_probe,3073,19,113.0,False
clear_probe,3073,5,296.0,False
clear_probe,3073,6,302.0,False
clear_probe,3073,7,308.0,False
clear_probe,3073,13,1896.514765142151,False
clear_probe,3073,2,2326.809437915393,False
clear_probe,3073,12,4930.20516882137,False
clear_probe,3074,1,5.0,False
clear_probe,3074,2,11.0,False
clear_probe,3074,7,41.0,False
clear_probe,3074,9,53.0,False
clear_probe,3074,10,59.0,False
clear_probe,3074,13,77.0,False
clear_probe,3074,17,101.0,False
clear_probe,3074,20,119.0,False
clear_probe,3074,16,629.0,False
clear_probe,3074,3,1601.7007751572132,False
clear_probe,3074,12,1649.7007751572132,False
clear_probe,3074,15,2414.8475869501885,False
clear_probe,3075,2,11.0,False
clear_probe,3075,3,17.0,False
clear_probe,3075,13,77.0,False
clear_probe,3075,15,89.0,False
clear_probe,3075,17,101.0,False
clear_probe,3075,20,119.0,False
clear_probe,3075,1,272.0,False
clear_probe,3075,12,338.0,False
clear_probe,3075,16,362.0,False
clear_probe,3075,18,374.0,False
clear_probe,3075,19,380.0,False
clear_probe,3075,4,538.3841960127704,False
clear_probe,3075,5,828.7551750213167,False
clear_probe,3075,10,3931.3238283881356,False
clear_probe,3076,3,17.0,False
clear_probe,3076,7,41.0,False
clear_probe,3076,9,53.0,False
clear_probe,3076,10,59.0,False
clear_probe,3076,11,65.0,False
clear_probe,3076,12,71.0,False
clear_probe,3076,14,83.0,False
clear_probe,3076,15,89.0,False
clear_probe,3076,17,101.0,False
clear_probe,3076,18,107.0,False
clear_probe,3076,13,616.2592556965581,False
clear_probe,3076,19,3206.430425713335,False
clear_probe,3076,20,3662.430425713335,False
clear_probe,3076,6,4055.585797750901,False
clear_probe,3077,1,5.0,False
clear_probe,3077,3,17.0,False
clear_probe,3077,7,41.0,False
clear_probe,3077,10,59.0,False
clear_probe,3077,12,71.0,False
clear_probe,3077,5,296.0,False
clear_probe,3077,13,344.0,False
clear_probe,3077,15,356.0,False
clear_probe,3077,16,362.0,False
clear_probe,3077,18,646.9429316841292,False
clear_probe,3077,20,658.9429316841292,False
clear_probe,3077,19,4115.638803060115,False
clear_probe,3078,2,11.0,False
clear_probe,3078,4,23.0,False
clear_probe,3078,7,41.0,False
clear_probe,3078,9,53.0,False
clear_probe,3078,12,71.0,False
clear_probe,3078,13,77.0,False
clear_probe,3078,14,83.0,False
clear_probe,3078,11,332.0,False
clear_probe,3078,20,386.0,False
clear_probe,3078,16,2137.0117114654086,False
clear_probe,3079,1,5.0,False
clear_probe,3079,2,11.0,False
clear_probe,3079,3,17.0,False
clear_probe,3079,9,53.0,False
clear_probe,3079,11,65.0,False
clear_probe,3079,13,77.0,False
clear_probe,3079,5,296.0,False
clear_probe,3079,6,302.0,False
clear_probe,3079,7,888.681929658864,False
clear_probe,3079,8,1149.681929658864,False
clear_probe,3079,14,3459.1801193741962,False
clear_probe,3079,10,5269.477157717131,False
clear_probe,3079,15,5281.477157717131,False
clear_probe,3079,18,5299.477157717131,False
clear_probe,3080,4,23.0,False
clear_probe,3080,5,29.0,False
clear_probe,3080,6,35.0,False
clear_probe,3080,9,53.0,False
clear_probe,3080,12,71.0,False
clear_probe,3080,18,107.0,False
clear_probe,3080,7,308.0,False
clear_probe,3080,13,344.0,False
clear_probe,3080,20,386.0,False
clear_probe,3080,19,1915.4082798666661,False
clear_probe,3080,15,2359.408279866666,False
clear_probe,3080,1,3873.169318748534,False
clear_probe,3080,10,5277.072659885988,False
clear_probe,3081,12,71.0,False
clear_probe,3081,16,95.0,False
clear_probe,3081,17,101.0,False
clear_probe,3081,20,119.0,False
clear_probe,3081,14,350.0,False
clear_probe,3081,18,3776.8050334058635,False
clear_probe,3081,4,3953.8050334058635,False
clear_probe,3081,10,3989.8050334058635,False
clear_probe,3081,1,6096.603898161643,False
clear_probe,3081,5,6114.603898161643,False
clear_probe,3082,1,5.0,False
clear_probe,3082,2,11.0,False
clear_probe,3082,3,17.0,False
clear_probe,3082,4,23.0,False
clear_probe,3082,5,29.0,False
clear_probe,3082,9,53.0,False
clear_probe,3082,15,89.0,False
clear_probe,3082,16,95.0,False
clear_probe,3082,20,119.0,False
clear_probe,3082,12,338.0,False
clear_probe,3082,19,380.0,False
clear_probe,3082,6,1091.0,False
clear_probe,3082,17,1157.0,False
clear_probe,3082,13,2580.468615750464,False
clear_probe,3082,18,2598.468615750464,False
clear_probe,3082,10,5274.113760838725,False
clear_probe,3083,1,5.0,False
clear_probe,3083,4,23.0,False
clear_probe,3083,6,35.0,False
clear_probe,3083,9,53.0,False
clear_probe,3083,12,71.0,False
clear_probe,3083,14,83.0,False
clear_probe,3083,16,95.0,False
clear_probe,3083,17,101.0,False
clear_probe,3083,19,380.0,False
clear_probe,3083,20,386.0,False
clear_probe,3083,18,2222.42158319769,False
clear_probe,3083,13,2435.549445438537,False
clear_probe,3083,10,2668.747670125286,False
clear_probe,3083,15,2686.747670125286,False
clear_probe,3083,2,5152.249431229451,False
clear_probe,3083,7,5176.249431229451,False
clear_probe,3084,4,23.0,False
clear_probe,3084,6,35.0,False
clear_probe,3084,7,41.0,False
clear_probe,3084,8,47.0,False
clear_probe,3084,14,83.0,False
clear_probe,3084,20,119.0,False
clear_probe,3084,9,320.0,False
clear_probe,3084,11,332.0,False
clear_probe,3084,18,886.5759975745086,False
clear_probe,3084,5,1140.7974404373485,False
clear_probe,3084,13,2119.753243145484,False
clear_probe,3084,2,2883.1410506815755,False
clear_probe,3084,16,3736.1365517950376,False
clear_probe,3084,12,4573.436121686758,False
clear_probe,3085,1,5.0,False
clear_probe,3085,5,29.0,False
clear_probe,3085,14,83.0,False
clear_probe,3085,15,89.0,False
clear_probe,3085,17,101.0,False
clear_probe,3085,18,107.0,False
clear_probe,3085,3,284.0,False
clear_probe,3085,11,332.0,False
clear_probe,3085,2,552.399950930789,False
clear_probe,3085,4,3298.9134735188563,False
clear_probe,3086,6,35.0,False
clear_probe,3086,11,65.0,False
clear_probe,3086,15,89.0,False
clear_probe,3086,3,284.0,False
clear_probe,3086,10,2655.635050953086,False
clear_probe,3086,5,3357.513158744328,False
clear_probe,3086,4,4071.6995617838656,False
clear_probe,3086,14,4119.699561783866,False
clear_probe,3086,12,4818.011279986506,False
clear_probe,3086,19,6018.267579999814,False
clear_probe,3086,18,6369.3316471778835,False
clear_probe,3087,1,5.0,False
clear_probe,3087,2,11.0,False
clear_probe,3087,3,17.0,False
clear_probe,3087,8,47.0,False
clear_probe,3087,9,53.0,False
clear_probe,3087,10,59.0,False
clear_probe,3087,12,71.0,False
clear_probe,3087,13,77.0,False
clear_probe,3087,14,83.0,False
clear_probe,3087,15,89.0,False
clear_probe,3087,16,95.0,False
clear_probe,3087,7,308.0,False
clear_probe,3087,4,3211.0874814203366,False
clear_probe,3087,5,6064.35608145711,False
clear_probe,3088,3,17.0,False
clear_probe,3088,6,35.0,False
clear_probe,3088,7,41.0,False
clear_probe,3088,12,71.0,False
clear_probe,3088,13,77.0,False
clear_probe,3088,20,119.0,False
clear_probe,3088,2,545.0,False
clear_probe,3088,18,629.0,False
clear_probe,3088,11,2511.373896133079,False
clear_probe,3088,16,2535.373896133079,False
clear_probe,3088,9,5296.37064714906,False
clear_probe,3088,5,5869.903211137928,False
clear_probe,3088,1,6219.477538530421,False
clear_probe,3089,2,11.0,False
clear_probe,3089,4,23.0,False
clear_probe,3089,6,35.0,False
clear_probe,3089,15,89.0,False
clear_probe,3089,16,362.0,False
clear_probe,3089,10,1394.0,False
clear_probe,3089,9,2456.0,False
clear_probe,3089,8,2669.642382684376,False
clear_probe,3089,20,3258.710193891627,False
clear_probe,3089,7,3553.8864667869584,False
clear_probe,3089,5,3790.8864667869584,False
clear_probe,3090,3,17.0,False
clear_probe,3090,4,23.0,False
clear_probe,3090,5,29.0,False
clear_probe,3090,7,41.0,False
clear_probe,3090,11,65.0,False
clear_probe,3090,12,71.0,False
clear_probe,3090,13,77.0,False
clear_probe,3090,1,272.0,False
clear_probe,3090,2,278.0,False
clear_probe,3090,20,386.0,False
clear_probe,3090,6,1673.615285257426,False
clear_probe,3090,19,2787.362962462548,False
clear_probe,3090,18,4052.3779358199936,False
clear_probe,3091,7,41.0,False
clear_probe,3091,10,59.0,False
clear_probe,3091,18,107.0,False
clear_probe,3091,19,113.0,False
clear_probe,3091,1,272.0,False
clear_probe,3091,14,350.0,False
clear_probe,3091,16,362.0,False
clear_probe,3091,20,2229.578888050844,False
clear_probe,3091,2,2382.578888050844,False
clear_probe,3091,9,3199.38225729369,False
clear_probe,3091,4,3609.9517381609357,False
clear_probe,3092,1,5.0,False
clear_probe,3092,13,77.0,False
clear_probe,3092,15,89.0,False
clear_probe,3092,5,296.0,False
clear_probe,3092,6,302.0,False
clear_probe,3092,18,374.0,False
clear_probe,3092,3,1876.5346002943866,False
clear_probe,3092,4,2308.8569336919186,False
clear_probe,3092,12,2848.8569336919186,False
clear_probe,3092,16,4629.5769344186665,False
clear_probe,3093,1,5.0,False
clear_probe,3093,4,23.0,False
clear_probe,3093,6,35.0,False
clear_probe,3093,8,47.0,False
clear_probe,3093,11,65.0,False
clear_probe,3093,13,77.0,False
clear_probe,3093,14,83.0,False
clear_probe,3093,15,89.0,False
clear_probe,3093,18,107.0,False
clear_probe,3093,5,296.0,False
clear_probe,3093,12,338.0,False
clear_probe,3093,7,1354.4221773609092,False
clear_probe,3093,3,2070.9946486752588,False
clear_probe,3093,9,5882.219086978969,False
clear_probe,3094,2,11.0,False
clear_probe,3094,7,41.0,False
clear_probe,3094,9,53.0,False
clear_probe,3094,11,65.0,False
clear_probe,3094,13,77.0,False
clear_probe,3094,14,83.0,False
clear_probe,3094,17,101.0,False
clear_probe,3094,18,107.0,False
clear_probe,3094,20,119.0,False
clear_probe,3094,19,380.0,False
clear_probe,3094,5,549.4643413360354,False
clear_probe,3094,6,555.4643413360354,False
clear_probe,3094,16,4907.822432674351,False
clear_probe,3094,15,5621.729231388449,False
clear_probe,3095,2,11.0,False
clear_probe,3095,3,17.0,False
clear_probe,3095,4,23.0,False
clear_probe,3095,8,47.0,False
clear_probe,3095,13,77.0,False
clear_probe,3095,18,107.0,False
clear_probe,3095,19,113.0,False
clear_probe,3095,15,356.0,False
clear_probe,3095,11,1633.4325126564895,False
clear_probe,3095,17,2647.66760041437,False
clear_probe,3095,20,2659.66760041437,False
clear_probe,3095,9,3036.518238283325,False
clear_probe,3096,2,11.0,False
clear_probe,3096,4,23.0,False
clear_probe,3096,5,29.0,False
clear_probe,3096,8,47.0,False
clear_probe,3096,11,65.0,False
clear_probe,3096,14,83.0,False
clear_probe,3096,16,95.0,False
clear_probe,3096,19,113.0,False
clear_probe,3096,20,119.0,False
clear_probe,3096,7,308.0,False
clear_probe,3096,9,320.0,False
clear_probe,3096,10,326.0,False
clear_probe,3096,3,556.5114016252916,False
clear_probe,3096,6,568.5114016252916,False
clear_probe,3096,13,3443.1432142055573,False
clear_probe,3096,15,6611.9322267227,False
clear_probe,3097,3,17.0,False
clear_probe,3097,5,29.0,False
clear_probe,3097,8,47.0,False
clear_probe,3097,13,77.0,False
clear_probe,3097,19,113.0,False
clear_probe,3097,11,628.6517247854295,False
clear_probe,3097,15,652.6517247854295,False
clear_probe,3097,10,1666.6517247854295,False
clear_probe,3097,17,1969.6517247854295,False
clear_probe,3097,6,2433.305504520341,False
clear_probe,3097,12,2698.902613711997,False
clear_probe,3097,16,2716.902613711997,False
clear_probe,3097,9,2931.627846105943,False
clear_probe,3097,14,2955.627846105943,False
clear_probe,3097,20,2985.627846105943,False
clear_probe,3098,2,11.0,False
clear_probe,3098,3,17.0,False
clear_probe,3098,4,23.0,False
clear_probe,3098,7,41.0,False
clear_probe,3098,9,53.0,False
clear_probe,3098,11,65.0,False
clear_probe,3098,12,71.0,False
clear_probe,3098,17,101.0,False
clear_probe,3098,13,344.0,False
clear_probe,3098,14,350.0,False
clear_probe,3098,5,2084.369819306179,False
clear_probe,3098,1,2315.369819306179,False
clear_probe,3098,18,2648.369819306179,False
clear_probe,3098,8,4828.346060552351,False
clear_probe,3099,1,5.0,False
clear_probe,3099,3,17.0,False
clear_probe,3099,13,77.0,False
clear_probe,3099,20,119.0,False
clear_probe,3099,10,583.4070424022411,False
clear_probe,3099,17,625.4070424022411,False
clear_probe,3099,4,1300.089618151628,False
clear_probe,3099,2,1543.089618151628,False
clear_probe,3099,11,1585.089618151628,False
clear_probe,3099,16,1891.3725410590475,False
clear_probe,3100,1,5.0,False
clear_probe,3100,5,29.0,False
clear_probe,3100,10,59.0,False
clear_probe,3100,15,89.0,False
clear_probe,3100,16,95.0,False
clear_probe,3100,18,107.0,False
clear_probe,3100,20,119.0,False
clear_probe,3100,6,302.0,False
clear_probe,3100,9,320.0,False
clear_probe,3100,13,612.665681773565,False
clear_probe,3100,8,1320.9214807518051,False
clear_probe,3100,7,4286.461884147444,False
clear_probe,3100,4,4718.461884147444,False
clear_probe,3101,2,11.0,False
clear_probe,3101,5,29.0,False
clear_probe,3101,6,35.0,False
clear_probe,3101,8,47.0,False
clear_probe,3101,10,59.0,False
clear_probe,3101,11,65.0,False
clear_probe,3101,14,83.0,False
clear_probe,3101,16,95.0,False
clear_probe,3101,17,101.0,False
clear_probe,3101,20,119.0,False
clear_probe,3101,4,290.0,False
clear_probe,3101,15,356.0,False
clear_probe,3101,1,1045.5076660871264,False
clear_probe,3101,7,1321.2448514702094,False
clear_probe,3101,13,1345.2448514702094,False
clear_probe,3101,12,3677.7510681955464,False
clear_probe,3102,1,5.0,False
clear_probe,3102,6,35.0,False
clear_probe,3102,11,65.0,False
clear_probe,3102,12,71.0,False
clear_probe,3102,15,89.0,False
clear_probe,3102,18,107.0,False
clear_probe,3102,3,284.0,False
clear_probe,3102,8,314.0,False
clear_probe,3102,16,362.0,False
clear_probe,3102,20,386.0,False
clear_probe,3102,4,569.4688693106128,False
clear_probe,3102,17,635.4688693106128,False
clear_probe,3102,19,3965.4220573057364,False
clear_probe,3103,2,11.0,False
clear_probe,3103,5,29.0,False
clear_probe,3103,6,35.0,False
clear_probe,3103,8,47.0,False
clear_probe,3103,18,107.0,False
clear_probe,3103,19,113.0,False
clear_probe,3103,20,119.0,False
clear_probe,3103,13,344.0,False
clear_probe,3103,17,368.0,False
clear_probe,3103,16,1163.0,False
clear_probe,3103,3,2529.8194146706364,False
clear_probe,3103,10,2553.8194146706364,False
clear_probe,3103,12,2565.8194146706364,False
clear_probe,3104,4,23.0,False
clear_probe,3104,9,53.0,False
clear_probe,3104,10,59.0,False
clear_probe,3104,11,65.0,False
clear_probe,3104,12,71.0,False
clear_probe,3104,13,77.0,False
clear_probe,3104,15,89.0,False
clear_probe,3104,20,575.0667790071298,False
clear_probe,3104,16,2608.6979263458516,False
clear_probe,3104,18,4653.127002668658,False
clear_probe,3105,4,23.0,False
clear_probe,3105,8,47.0,False
clear_probe,3105,18,107.0,False
clear_probe,3105,19,113.0,False
clear_probe,3105,3,284.0,False
clear_probe,3105,6,302.0,False
clear_probe,3105,10,326.0,False
clear_probe,3105,12,338.0,False
clear_probe,3105,2,675.7842043216223,False
clear_probe,3105,14,747.7842043216223,False
clear_probe,3105,20,3475.554871093576,False
clear_probe,3105,11,4324.281538549951,False
clear_probe,3105,15,4782.422429014389,False
clear_probe,3106,2,11.0,False
clear_probe,3106,3,17.0,False
clear_probe,3106,4,23.0,False
clear_probe,3106,7,41.0,False
clear_probe,3106,19,113.0,False
clear_probe,3106,9,320.0,False
clear_probe,3106,20,386.0,False
clear_probe,3106,17,2436.558088478421,False
clear_probe,3106,13,4975.285434007186,False
clear_probe,3106,1,5105.073067409066,False
clear_probe,3107,16,95.0,False
clear_probe,3107,18,107.0,False
clear_probe,3107,19,113.0,False
clear_probe,3107,5,296.0,False
clear_probe,3107,20,386.0,False
clear_probe,3107,9,1915.2270289344146,False
clear_probe,3107,11,1927.2270289344146,False
clear_probe,3107,6,2674.2270289344146,False
clear_probe,3107,12,3927.496332364895,False
clear_probe,3107,2,5929.2088291893815,False
clear_probe,3107,15,5977.2088291893815,False
clear_probe,3108,9,53.0,False
clear_probe,3108,11,65.0,False
clear_probe,3108,12,71.0,False
clear_probe,3108,17,101.0,False
clear_probe,3108,18,107.0,False
clear_probe,3108,10,326.0,False
clear_probe,3108,16,362.0,False
clear_probe,3108,19,1711.8400133369325,False
clear_probe,3108,15,2731.8400133369323,False
clear_probe,3108,8,2956.8400133369323,False
clear_probe,3108,20,4332.921497328363,False
clear_probe,3108,3,4497.921497328363,False
clear_probe,3108,14,4551.921497328363,False
clear_probe,3109,4,23.0,False
clear_probe,3109,8,47.0,False
clear_probe,3109,10,59.0,False
clear_probe,3109,17,101.0,False
clear_probe,3109,19,113.0,False
clear_probe,3109,12,338.0,False
clear_probe,3109,14,350.0,False
clear_probe,3109,13,616.550883516449,False
clear_probe,3109,16,889.550883516449,False
clear_probe,3109,1,1274.1662222261155,False
clear_probe,3109,6,4799.863525744229,False
clear_probe,3109,9,4811.863525744229,False
clear_probe,3109,18,4829.863525744229,False
clear_probe,3109,5,5844.485421793964,False
clear_probe,3109,20,5874.485421793964,False
clear_probe,3109,11,6094.6268475964725,False
clear_probe,3110,8,47.0,False
clear_probe,3110,11,65.0,False
clear_probe,3110,13,77.0,False
clear_probe,3110,14,83.0,False
clear_probe,3110,15,89.0,False
clear_probe,3110,3,284.0,False
clear_probe,3110,5,296.0,False
clear_probe,3110,9,320.0,False
clear_probe,3110,18,374.0,False
clear_probe,3110,19,2656.194416550761,False
clear_probe,3110,10,2850.2183701860117,False
clear_probe,3110,16,3099.2183701860117,False
clear_probe,3110,7,4935.479283407533,False
clear_probe,3110,4,5211.486064066827,False
clear_probe,3110,20,5253.486064066827,False
clear_probe,3110,2,5412.486064066827,False
clear_probe,3111,2,11.0,False
clear_probe,3111,3,17.0,False
clear_probe,3111,7,41.0,False
clear_probe,3111,10,59.0,False
clear_probe,3111,11,65.0,False
clear_probe,3111,12,71.0,False
clear_probe,3111,13,77.0,False
clear_probe,3111,17,101.0,False
clear_probe,3111,20,119.0,False
clear_probe,3111,14,350.0,False
clear_probe,3111,16,1952.447794192825,False
clear_probe,3111,15,2711.4477941928253,False
clear_probe,3111,8,3364.5478143551222,False
clear_probe,3111,1,5257.604191065946,False
clear_probe,3112,6,35.0,False
clear_probe,3112,9,53.0,False
clear_probe,3112,15,89.0,False
clear_probe,3112,14,350.0,False
clear_probe,3112,17,368.0,False
clear_probe,3112,10,587.0,False
clear_probe,3112,16,617.0,False
clear_probe,3112,1,1304.0,False
clear_probe,3112,20,2602.1364969296556,False
clear_probe,3112,4,5047.6521202367785,False
clear_probe,3113,8,47.0,False
clear_probe,3113,9,53.0,False
clear_probe,3113,11,65.0,False
clear_probe,3113,14,83.0,False
clear_probe,3113,16,95.0,False
clear_probe,3113,17,101.0,False
clear_probe,3113,13,344.0,False
clear_probe,3113,18,374.0,False
clear_probe,3113,15,3418.6998133117245,False
clear_probe,3113,6,3874.6998133117245,False
clear_probe,3114,7,41.0,False
clear_probe,3114,8,47.0,False
clear_probe,3114,9,53.0,False
clear_probe,3114,14,83.0,False
clear_probe,3114,16,95.0,False
clear_probe,3114,19,113.0,False
clear_probe,3114,3,3408.8105999108657,False
clear_probe,3114,6,3426.8105999108657,False
clear_probe,3114,18,3486.8105999108657,False
clear_probe,3114,20,3498.8105999108657,False
clear_probe,3114,10,3713.2394212749414,False
clear_probe,3115,3,17.0,False
clear_probe,3115,6,35.0,False
clear_probe,3115,10,59.0,False
clear_probe,3115,12,71.0,False
clear_probe,3115,14,83.0,False
clear_probe,3115,15,89.0,False
clear_probe,3115,17,101.0,False
clear_probe,3115,18,107.0,False
clear_probe,3115,20,119.0,False
clear_probe,3115,2,278.0,False
clear_probe,3115,8,314.0,False
clear_probe,3115,19,380.0,False
clear_probe,3115,4,1719.8780797001725,False
clear_probe,3115,13,1761.8780797001725,False
clear_probe,3115,16,1779.8780797001725,False
clear_probe,3115,7,3575.411869106782,False
clear_probe,3116,2,11.0,False
clear_probe,3116,3,17.0,False
clear_probe,3116,4,23.0,False
clear_probe,3116,10,59.0,False
clear_probe,3116,12,71.0,False
clear_probe,3116,14,83.0,False
clear_probe,3116,17,101.0,False
clear_probe,3116,6,302.0,False
clear_probe,3116,18,374.0,False
clear_probe,3116,20,386.0,False
clear_probe,3116,11,549.0386587361104,False
clear_probe,3116,8,1818.6935248298132,False
clear_probe,3116,16,5767.0790433383645,False
clear_probe,3117,1,5.0,False
clear_probe,3117,5,29.0,False
clear_probe,3117,6,35.0,False
clear_probe,3117,12,71.0,False
clear_probe,3117,14,83.0,False
clear_probe,3117,16,95.0,False
clear_probe,3117,17,101.0,False
clear_probe,3117,19,113.0,False
clear_probe,3117,4,290.0,False
clear_probe,3117,7,308.0,False
clear_probe,3117,18,850.5250722171841,False
clear_probe,3117,20,5745.192379544917,False
clear_probe,3117,10,5939.289468047788,False
clear_probe,3118,1,5.0,False
clear_probe,3118,5,29.0,False
clear_probe,3118,7,41.0,False
clear_probe,3118,8,47.0,False
clear_probe,3118,11,65.0,False
clear_probe,3118,13,77.0,False
clear_probe,3118,14,83.0,False
clear_probe,3118,18,107.0,False
clear_probe,3118,19,113.0,False
clear_probe,3118,10,326.0,False
clear_probe,3118,4,1789.432154099353,False
clear_probe,3118,12,1825.432154099353,False
clear_probe,3118,15,1843.432154099353,False
clear_probe,3118,20,2399.780847651006,False
clear_probe,3118,6,3869.194227651254,False
clear_probe,3118,9,4541.670097661906,False
clear_probe,3119,2,11.0,False
clear_probe,3119,3,17.0,False
clear_probe,3119,4,23.0,False
clear_probe,3119,5,29.0,False
clear_probe,3119,6,35.0,False
clear_probe,3119,10,59.0,False
clear_probe,3119,11,65.0,False
clear_probe,3119,12,71.0,False
clear_probe,3119,19,113.0,False
clear_probe,3119,20,119.0,False
clear_probe,3119,9,320.0,False
clear_probe,3119,16,362.0,False
clear_probe,3119,18,374.0,False
clear_probe,3119,7,2267.295358842588,False
clear_probe,3119,14,2291.295358842588,False
clear_probe,3120,1,5.0,False
clear_probe,3120,5,29.0,False
clear_probe,3120,10,59.0,False
clear_probe,3120,11,65.0,False
clear_probe,3120,14,83.0,False
clear_probe,3120,17,101.0,False
clear_probe,3120,20,119.0,False
clear_probe,3120,6,302.0,False
clear_probe,3120,15,356.0,False
clear_probe,3120,2,3109.9185490405116,False
clear_probe,3120,9,4485.328058635412,False
clear_probe,3120,16,5279.10548411007,False
clear_probe,3120,19,5291.10548411007,False
clear_probe,3120,13,6852.182085601013,False
clear_probe,3121,6,35.0,False
clear_probe,3121,12,71.0,False
clear_probe,3121,16,95.0,False
clear_probe,3121,20,119.0,False
clear_probe,3121,7,308.0,False
clear_probe,3121,11,332.0,False
clear_probe,3121,13,344.0,False
clear_probe,3121,18,374.0,False
clear_probe,3121,19,380.0,False
clear_probe,3121,8,580.3848070656564,False
clear_probe,3121,5,1434.3164314198602,False
clear_probe,3121,10,1996.2864100886025,False
clear_probe,3121,15,2014.2864100886025,False
clear_probe,3121,17,4680.427976013784,False
clear_probe,3121,3,5935.748166413817,False
clear_probe,3122,7,41.0,False
clear_probe,3122,8,47.0,False
clear_probe,3122,11,65.0,False
clear_probe,3122,15,89.0,False
clear_probe,3122,17,101.0,False
clear_probe,3122,3,284.0,False
clear_probe,3122,6,302.0,False
clear_probe,3122,9,320.0,False
clear_probe,3122,16,362.0,False
clear_probe,3122,14,624.1836854214177,False
clear_probe,3122,1,4980.3044486243325,False
clear_probe,3122,4,6064.921124216272,False
clear_probe,3122,2,6277.921124216272,False
clear_probe,3122,5,6518.23560596384,False
clear_probe,3123,1,5.0,False
clear_probe,3123,3,17.0,False
clear_probe,3123,5,29.0,False
clear_probe,3123,8,47.0,False
clear_probe,3123,14,83.0,False
clear_probe,3123,15,89.0,False
clear_probe,3123,16,95.0,False
clear_probe,3123,17,101.0,False
clear_probe,3123,20,119.0,False
clear_probe,3123,2,278.0,False
clear_probe,3123,6,302.0,False
clear_probe,3123,4,516.6790705471473,False
clear_probe,3123,12,897.6207363457102,False
clear_probe,3123,9,2232.551653328961,False
clear_probe,3123,7,5081.636893168872,False
clear_probe,3124,3,17.0,False
clear_probe,3124,10,59.0,False
clear_probe,3124,11,65.0,False
clear_probe,3124,14,83.0,False
clear_probe,3124,15,89.0,False
clear_probe,3124,19,113.0,False
clear_probe,3124,12,2100.179963919335,False
clear_probe,3124,5,3102.179963919335,False
clear_probe,3124,9,3408.391752981916,False
clear_probe,3124,13,4175.719177637386,False
clear_probe,3124,17,6139.66757916289,False
clear_probe,3125,8,47.0,False
clear_probe,3125,11,65.0,False
clear_probe,3125,12,71.0,False
clear_probe,3125,14,83.0,False
clear_probe,3125,15,89.0,False
clear_probe,3125,16,95.0,False
clear_probe,3125,19,113.0,False
clear_probe,3125,20,386.0,False
clear_probe,3125,2,1346.0,False
clear_probe,3125,9,3234.817607118649,False
clear_probe,3126,4,23.0,False
clear_probe,3126,6,35.0,False
clear_probe,3126,15,89.0,False
clear_probe,3126,17,101.0,False
clear_probe,3126,5,1862.0,False
clear_probe,3126,19,1940.0,False
clear_probe,3126,14,2681.0,False
clear_probe,3126,12,4249.118990017197,False
clear_probe,3126,11,6050.335447216409,False
clear_probe,3126,3,7003.28066340565,False
clear_probe,3127,1,5.0,False
clear_probe,3127,5,29.0,False
clear_probe,3127,10,59.0,False
clear_probe,3127,12,71.0,False
clear_probe,3127,14,83.0,False
clear_probe,3127,17,101.0,False
clear_probe,3127,18,107.0,False
clear_probe,3127,20,119.0,False
clear_probe,3127,4,290.0,False
clear_probe,3127,9,320.0,False
clear_probe,3127,7,818.1826943538604,False
clear_probe,3127,6,1065.2385210277578,False
clear_probe,3127,2,1984.3159089387239,False
clear_probe,3127,3,3370.45638955199,False
clear_probe,3127,15,5382.886709598747,False
clear_probe,3127,11,6617.298476643693,False
clear_probe,3128,1,5.0,False
clear_probe,3128,10,59.0,False
clear_probe,3128,11,65.0,False
clear_probe,3128,14,83.0,False
clear_probe,3128,16,95.0,False
clear_probe,3128,9,320.0,False
clear_probe,3128,17,368.0,False
clear_probe,3128,20,386.0,False
clear_probe,3128,19,600.3687945333962,False
clear_probe,3128,4,6139.273418575709,False
clear_probe,3129,4,23.0,False
clear_probe,3129,12,71.0,False
clear_probe,3129,13,77.0,False
clear_probe,3129,17,101.0,False
clear_probe,3129,3,284.0,False
clear_probe,3129,11,332.0,False
clear_probe,3129,18,374.0,False
clear_probe,3129,8,1390.8250917681412,False
clear_probe,3129,1,1771.3060774850821,False
clear_probe,3129,20,4100.9368176891,False
clear_probe,3130,3,17.0,False
clear_probe,3130,6,35.0,False
clear_probe,3130,10,59.0,False
clear_probe,3130,11,65.0,False
clear_probe,3130,13,77.0,False
clear_probe,3130,15,89.0,False
clear_probe,3130,18,107.0,False
clear_probe,3130,4,290.0,False
clear_probe,3130,9,320.0,False
clear_probe,3130,19,380.0,False
clear_probe,3130,7,847.5241162865624,False
clear_probe,3130,1,1085.0635255924326,False
clear_probe,3130,20,1406.0635255924326,False
clear_probe,3130,14,4082.381644705471,False
clear_probe,3130,2,4825.721631983639,False
clear_probe,3130,17,6024.068437456007,False
clear_probe,3131,1,5.0,False
clear_probe,3131,4,23.0,False
clear_probe,3131,6,35.0,False
clear_probe,3131,11,65.0,False
clear_probe,3131,12,71.0,False
clear_probe,3131,13,77.0,False
clear_probe,3131,14,83.0,False
clear_probe,3131,16,95.0,False
clear_probe,3131,20,386.0,False
clear_probe,3131,18,1136.3573723417903,False
clear_probe,3131,15,1763.7770640479703,False
clear_probe,3131,2,4448.00576426583,False
clear_probe,3131,10,4886.00576426583,False
clear_probe,3131,3,5057.00576426583,False
clear_probe,3132,6,35.0,False
clear_probe,3132,8,47.0,False
clear_probe,3132,14,83.0,False
clear_probe,3132,16,95.0,False
clear_probe,3132,17,101.0,False
clear_probe,3132,20,119.0,False
clear_probe,3132,2,278.0,False
clear_probe,3132,7,308.0,False
clear_probe,3132,11,332.0,False
clear_probe,3132,15,2155.93063570633,False
clear_probe,3132,19,2173.93063570633,False
clear_probe,3132,1,4239.277987789308,False
clear_probe,3132,4,4257.277987789308,False
clear_probe,3133,10,59.0,False
clear_probe,3133,14,83.0,False
clear_probe,3133,3,284.0,False
clear_probe,3133,6,302.0,False
clear_probe,3133,11,332.0,False
clear_probe,3133,19,380.0,False
clear_probe,3133,16,1623.7583773909323,False
clear_probe,3133,12,3186.1840527607133,False
clear_probe,3133,8,5234.195304504845,False
clear_probe,3133,17,5714.195304504845,False
clear_probe,3134,1,5.0,False
clear_probe,3134,3,17.0,False
clear_probe,3134,5,29.0,False
clear_probe,3134,9,53.0,False
clear_probe,3134,11,65.0,False
clear_probe,3134,13,77.0,False
clear_probe,3134,14,83.0,False
clear_probe,3134,17,101.0,False
clear_probe,3134,20,119.0,False
clear_probe,3134,12,338.0,False
clear_probe,3134,2,493.2942240916539,False
clear_probe,3134,4,505.2942240916539,False
clear_probe,3134,19,3307.6364115174565,False
clear_probe,3134,7,3501.3387451672106,False
clear_probe,3134,8,3823.8064755992696,False
clear_probe,3134,10,6617.157883123516,False
clear_probe,3135,10,59.0,False
clear_probe,3135,13,77.0,False
clear_probe,3135,15,89.0,False
clear_probe,3135,17,101.0,False
clear_probe,3135,20,119.0,False
clear_probe,3135,6,302.0,False
clear_probe,3135,11,2661.8239909739996,False
clear_probe,3135,19,2697.8239909739996,False
clear_probe,3135,18,3663.8239909739996,False
clear_probe,3135,5,5014.670780075782,False
clear_probe,3135,14,5506.670780075782,False
clear_probe,3135,9,5903.590904537592,False
clear_probe,3135,1,6288.934408302115,False
clear_probe,3136,4,23.0,False
clear_probe,3136,10,59.0,False
clear_probe,3136,16,95.0,False
clear_probe,3136,18,107.0,False
clear_probe,3136,5,296.0,False
clear_probe,3136,17,714.6911310490826,False
clear_probe,3136,2,1116.554441257623,False
clear_probe,3136,11,1158.554441257623,False
clear_probe,3136,13,3903.8156076556793,False
clear_probe,3136,14,4385.31294819078,False
clear_probe,3137,3,17.0,False
clear_probe,3137,4,23.0,False
clear_probe,3137,6,35.0,False
clear_probe,3137,8,47.0,False
clear_probe,3137,12,71.0,False
clear_probe,3137,19,113.0,False
clear_probe,3137,1,272.0,False
clear_probe,3137,7,308.0,False
clear_probe,3137,13,344.0,False
clear_probe,3137,11,691.6245295175463,False
clear_probe,3137,10,2039.998354109419,False
clear_probe,3137,14,3176.71395855396,False
clear_probe,3137,16,3188.71395855396,False
clear_probe,3137,9,3377.71395855396,False
clear_probe,3137,17,3963.386770448769,False
clear_probe,3138,2,11.0,False
clear_probe,3138,5,29.0,False
clear_probe,3138,11,65.0,False
clear_probe,3138,14,83.0,False
clear_probe,3138,17,101.0,False
clear_probe,3138,20,119.0,False
clear_probe,3138,8,314.0,False
clear_probe,3138,16,362.0,False
clear_probe,3138,18,374.0,False
clear_probe,3138,12,1492.6571750713974,False
clear_probe,3138,3,1693.6571750713974,False
clear_probe,3138,7,1717.6571750713974,False
clear_probe,3138,6,1960.6571750713974,False
clear_probe,3138,13,2516.7777079413922,False
clear_probe,3138,9,5438.981251805504,False
clear_probe,3138,10,5444.981251805504,False
clear_probe,3139,1,5.0,False
clear_probe,3139,2,11.0,False
clear_probe,3139,3,17.0,False
clear_probe,3139,4,23.0,False
clear_probe,3139,13,77.0,False
clear_probe,3139,19,113.0,False
clear_probe,3139,8,314.0,False
clear_probe,3139,11,332.0,False
clear_probe,3139,15,356.0,False
clear_probe,3139,14,1095.8864519419117,False
clear_probe,3139,17,1356.8864519419117,False
clear_probe,3139,10,3401.533463710872,False
clear_probe,3139,9,4991.290877499778,False
clear_probe,3140,3,17.0,False
clear_probe,3140,4,23.0,False
clear_probe,3140,7,41.0,False
clear_probe,3140,13,77.0,False
clear_probe,3140,18,374.0,False
clear_probe,3140,19,380.0,False
clear_probe,3140,2,628.6494071096442,False
clear_probe,3140,10,3130.7803670440703,False
clear_probe,3140,16,3160.7803670440703,False
clear_probe,3140,8,3859.7803670440703,False
clear_probe,3141,1,5.0,False
clear_probe,3141,3,17.0,False
clear_probe,3141,7,41.0,False
clear_probe,3141,11,65.0,False
clear_probe,3141,13,77.0,False
clear_probe,3141,14,83.0,False
clear_probe,3141,15,89.0,False
clear_probe,3141,19,113.0,False
clear_probe,3141,12,343.0,False
clear_probe,3141,6,3864.0551397406266,False
clear_probe,3141,18,5075.644796390665,False
clear_probe,3141,2,5441.644796390665,False
clear_probe,3142,1,5.0,False
clear_probe,3142,2,11.0,False
clear_probe,3142,8,47.0,False
clear_probe,3142,15,89.0,False
clear_probe,3142,17,101.0,False
clear_probe,3142,18,107.0,False
clear_probe,3142,20,119.0,False
clear_probe,3142,6,302.0,False
clear_probe,3142,12,338.0,False
clear_probe,3142,19,380.0,False
clear_probe,3142,14,678.132941479977,False
clear_probe,3142,10,1630.4817569131455,False
clear_probe,3142,13,1867.4817569131455,False
clear_probe,3142,4,3849.971441884497,False
clear_probe,3142,16,3885.971441884497,False
clear_probe,3143,2,11.0,False
clear_probe,3143,10,59.0,False
clear_probe,3143,12,71.0,False
clear_probe,3143,20,119.0,False
clear_probe,3143,13,344.0,False
clear_probe,3143,19,380.0,False
clear_probe,3143,9,615.9372393064968,False
clear_probe,3143,8,3237.80043391952,False
clear_probe,3143,5,3693.80043391952,False
clear_probe,3143,14,5110.685505566113,False
clear_probe,3143,17,5803.685505566113,False
clear_probe,3144,5,29.0,False
clear_probe,3144,6,35.0,False
clear_probe,3144,8,47.0,False
clear_probe,3144,10,59.0,False
clear_probe,3144,16,95.0,False
clear_probe,3144,19,113.0,False
clear_probe,3144,1,272.0,False
clear_probe,3144,3,284.0,False
clear_probe,3144,18,641.0,False
clear_probe,3144,7,1145.160904358099,False
clear_probe,3144,15,1193.160904358099,False
clear_probe,3144,13,2556.9367068552683,False
clear_probe,3144,11,3396.108193560599,False
clear_probe,3145,4,23.0,False
clear_probe,3145,6,35.0,False
clear_probe,3145,12,338.0,False
clear_probe,3145,20,386.0,False
clear_probe,3145,9,1388.0,False
clear_probe,3145,19,1448.0,False
clear_probe,3145,15,4615.109127331432,False
clear_probe,3145,3,5272.109127331432,False
clear_probe,3145,14,5320.109127331432,False
clear_probe,3145,2,5503.109127331432,False
clear_probe,3145,11,5539.109127331432,False
clear_probe,3146,1,5.0,False
clear_probe,3146,4,23.0,False
clear_probe,3146,5,29.0,False
clear_probe,3146,6,35.0,False
clear_probe,3146,11,65.0,False
clear_probe,3146,17,101.0,False
clear_probe,3146,18,107.0,False
clear_probe,3146,13,2868.843458885731,False
clear_probe,3146,16,2886.843458885731,False
clear_probe,3146,14,3360.843458885731,False
clear_probe,3147,3,17.0,False
clear_probe,3147,6,35.0,False
clear_probe,3147,11,65.0,False
clear_probe,3147,15,89.0,False
clear_probe,3147,17,101.0,False
clear_probe,3147,18,107.0,False
clear_probe,3147,19,113.0,False
clear_probe,3147,20,119.0,False
clear_probe,3147,10,326.0,False
clear_probe,3147,13,344.0,False
clear_probe,3147,16,362.0,False
clear_probe,3147,1,3714.7016049018844,False
clear_probe,3147,2,4834.972844126187,False
clear_probe,3147,7,5593.5843128388115,False
clear_probe,3148,1,5.0,False
clear_probe,3148,2,11.0,False
clear_probe,3148,5,29.0,False
clear_probe,3148,6,35.0,False
clear_probe,3148,7,41.0,False
clear_probe,3148,8,47.0,False
clear_probe,3148,11,65.0,False
clear_probe,3148,16,95.0,False
clear_probe,3148,17,101.0,False
clear_probe,3148,18,107.0,False
clear_probe,3148,3,284.0,False
clear_probe,3148,13,611.0,False
clear_probe,3148,14,1418.0,False
clear_probe,3148,19,2860.332634310119,False
clear_probe,3148,15,3801.753139559294,False
clear_probe,3148,12,5480.650559281438,False
clear_probe,3149,2,11.0,False
clear_probe,3149,14,83.0,False
clear_probe,3149,15,89.0,False
clear_probe,3149,16,95.0,False
clear_probe,3149,17,101.0,False
clear_probe,3149,3,284.0,False
clear_probe,3149,11,332.0,False
clear_probe,3149,18,374.0,False
clear_probe,3149,4,858.8900534501797,False
clear_probe,3149,9,888.8900534501797,False
clear_probe,3149,19,1140.655100498518,False
clear_probe,3149,13,2811.887642823366,False
clear_probe,3150,4,23.0,False
clear_probe,3150,16,95.0,False
clear_probe,3150,19,113.0,False
clear_probe,3150,2,278.0,False
clear_probe,3150,6,302.0,False
clear_probe,3150,7,308.0,False
clear_probe,3150,12,338.0,False
clear_probe,3150,9,563.4058469033153,False
clear_probe,3150,13,913.6696837261256,False
clear_probe,3150,3,3587.9084430354665,False
clear_probe,3150,15,3635.9084430354665,False
clear_probe,3150,17,3641.9084430354665,False
clear_probe,3150,5,3818.9084430354665,False
clear_probe,3150,20,4805.248268889024,False
clear_probe,3150,1,5756.248268889024,False
clear_probe,3151,3,17.0,False
clear_probe,3151,15,89.0,False
clear_probe,3151,20,119.0,False
clear_probe,3151,1,272.0,False
clear_probe,3151,14,350.0,False
clear_probe,3151,8,2656.5371897426357,False
clear_probe,3151,18,2959.502141749679,False
clear_probe,3151,13,3190.502141749679,False
clear_probe,3151,2,4752.548506893729,False
clear_probe,3151,5,7046.357182484666,False
clear_probe,3152,1,5.0,False
clear_probe,3152,2,11.0,False
clear_probe,3152,6,35.0,False
clear_probe,3152,9,53.0,False
clear_probe,3152,10,59.0,False
clear_probe,3152,12,71.0,False
clear_probe,3152,14,83.0,False
clear_probe,3152,15,89.0,False
clear_probe,3152,16,95.0,False
clear_probe,3152,19,113.0,False
clear_probe,3152,7,308.0,False
clear_probe,3152,8,314.0,False
clear_probe,3152,5,2324.005359294951,False
clear_probe,3152,17,2372.005359294951,False
clear_probe,3153,5,29.0,False
clear_probe,3153,8,47.0,False
clear_probe,3153,9,53.0,False
clear_probe,3153,19,380.0,False
clear_probe,3153,6,855.3891694147403,False
clear_probe,3153,2,1105.3587035874036,False
clear_probe,3153,12,1153.3587035874036,False
clear_probe,3153,16,1687.3587035874036,False
clear_probe,3153,18,1699.3587035874036,False
clear_probe,3153,3,2285.686388457175,False
clear_probe,3154,4,23.0,False
clear_probe,3154,11,65.0,False
clear_probe,3154,12,71.0,False
clear_probe,3154,19,113.0,False
clear_probe,3154,20,119.0,False
clear_probe,3154,13,2185.4660472020373,False
clear_probe,3154,18,2215.4660472020373,False
clear_probe,3154,2,4415.617777020714,False
clear_probe,3154,7,4439.617777020714,False
clear_probe,3154,3,4658.617777020714,False
clear_probe,3154,8,4682.617777020714,False
clear_probe,3155,1,5.0,False
clear_probe,3155,2,11.0,False
clear_probe,3155,5,29.0,False
clear_probe,3155,6,35.0,False
clear_probe,3155,13,77.0,False
clear_probe,3155,16,95.0,False
clear_probe,3155,20,119.0,False
clear_probe,3155,3,284.0,False
clear_probe,3155,4,290.0,False
clear_probe,3155,12,338.0,False
clear_probe,3155,19,719.4791402525436,False
clear_probe,3155,18,1076.6176997363013,False
clear_probe,3155,11,3342.032956194813,False
clear_probe,3155,17,4069.317119487903,False
clear_probe,3155,14,4529.479594893342,False
clear_probe,3156,1,5.0,False
clear_probe,3156,2,11.0,False
clear_probe,3156,7,41.0,False
clear_probe,3156,9,53.0,False
clear_probe,3156,15,89.0,False
clear_probe,3156,19,113.0,False
clear_probe,3156,3,284.0,False
clear_probe,3156,13,344.0,False
clear_probe,3156,18,374.0,False
clear_probe,3156,8,846.7449534478499,False
clear_probe,3156,4,1834.7575604925505,False
clear_probe,3156,6,1846.7575604925505,False
clear_probe,3156,11,1864.7575604925505,False
clear_probe,3156,10,5220.518646799907,False
clear_probe,3156,17,5868.245554378708,False
clear_probe,3157,4,23.0,False
clear_probe,3157,5,29.0,False
clear_probe,3157,6,35.0,False
clear_probe,3157,8,47.0,False
clear_probe,3157,9,53.0,False
clear_probe,3157,10,59.0,False
clear_probe,3157,11,65.0,False
clear_probe,3157,13,77.0,False
clear_probe,3157,18,107.0,False
clear_probe,3157,12,338.0,False
clear_probe,3157,15,356.0,False
clear_probe,3157,3,2588.7385882276853,False
clear_probe,3157,7,3562.6646839475143,False
clear_probe,3157,16,3580.6646839475143,False
clear_probe,3158,1,5.0,False
clear_probe,3158,2,11.0,False
clear_probe,3158,3,17.0,False
clear_probe,3158,8,47.0,False
clear_probe,3158,9,53.0,False
clear_probe,3158,11,65.0,False
clear_probe,3158,14,83.0,False
clear_probe,3158,16,95.0,False
clear_probe,3158,19,113.0,False
clear_probe,3158,17,1111.2519895040373,False
clear_probe,3158,4,1531.9739021463383,False
clear_probe,3158,10,1561.9739021463383,False
clear_probe,3158,12,1567.9739021463383,False
clear_probe,3159,2,11.0,False
clear_probe,3159,5,29.0,False
clear_probe,3159,7,41.0,False
clear_probe,3159,10,59.0,False
clear_probe,3159,18,107.0,False
clear_probe,3159,19,113.0,False
clear_probe,3159,4,290.0,False
clear_probe,3159,14,350.0,False
clear_probe,3159,11,2194.8198916143665,False
clear_probe,3159,9,2882.8711465943575,False
clear_probe,3159,12,2900.8711465943575,False
clear_probe,3159,16,2918.8711465943575,False
clear_probe,3159,6,4990.421253744307,False
clear_probe,3159,13,5647.421253744307,False
clear_probe,3160,5,29.0,False
clear_probe,3160,7,41.0,False
clear_probe,3160,8,47.0,False
clear_probe,3160,9,53.0,False
clear_probe,3160,10,59.0,False
clear_probe,3160,14,83.0,False
clear_probe,3160,16,95.0,False
clear_probe,3160,1,272.0,False
clear_probe,3160,12,338.0,False
clear_probe,3160,13,344.0,False
clear_probe,3160,15,2428.57584621624,False
clear_probe,3160,3,3855.9250336047703,False
clear_probe,3160,11,5126.948324472729,False
clear_probe,3160,2,5522.948324472729,False
clear_probe,3160,4,5528.948324472729,False
clear_probe,3160,18,5570.948324472729,False
clear_probe,3161,1,5.0,False
clear_probe,3161,2,11.0,False
clear_probe,3161,6,35.0,False
clear_probe,3161,8,47.0,False
clear_probe,3161,9,53.0,False
clear_probe,3161,10,59.0,False
clear_probe,3161,11,65.0,False
clear_probe,3161,3,284.0,False
clear_probe,3161,7,308.0,False
clear_probe,3161,15,356.0,False
clear_probe,3161,16,362.0,False
clear_probe,3161,5,2665.7892767754643,False
clear_probe,3161,19,2725.7892767754643,False
clear_probe,3161,14,3871.979608670335,False
clear_probe,3161,12,4091.5446408744165,False
clear_probe,3162,3,17.0,False
clear_probe,3162,4,23.0,False
clear_probe,3162,9,53.0,False
clear_probe,3162,17,101.0,False
clear_probe,3162,11,332.0,False
clear_probe,3162,20,386.0,False
clear_probe,3162,10,587.0,False
clear_probe,3162,13,1551.8626382571506,False
clear_probe,3162,19,3068.4005496417617,False
clear_probe,3162,1,3221.4005496417617,False
clear_probe,3162,16,4603.69924749589,False
clear_probe,3163,6,35.0,False
clear_probe,3163,8,47.0,False
clear_probe,3163,15,89.0,False
clear_probe,3163,19,113.0,False
clear_probe,3163,9,320.0,False
clear_probe,3163,10,326.0,False
clear_probe,3163,13,344.0,False
clear_probe,3163,14,350.0,False
clear_probe,3163,2,556.3124709615427,False
clear_probe,3163,18,998.9048696002053,False
clear_probe,3163,20,1010.9048696002053,False
clear_probe,3163,7,3013.652089017752,False
clear_probe,3164,2,11.0,False
clear_probe,3164,3,17.0,False
clear_probe,3164,7,41.0,False
clear_probe,3164,8,47.0,False
clear_probe,3164,10,59.0,False
clear_probe,3164,11,65.0,False
clear_probe,3164,13,77.0,False
clear_probe,3164,14,83.0,False
clear_probe,3164,18,107.0,False
clear_probe,3164,5,296.0,False
clear_probe,3164,1,780.4074090642381,False
clear_probe,3164,4,792.4074090642381,False
clear_probe,3164,9,810.4074090642381,False
clear_probe,3164,19,852.4074090642381,False
clear_probe,3164,6,3551.2993184305624,False
clear_probe,3164,15,4025.2993184305624,False
clear_probe,3165,9,53.0,False
clear_probe,3165,10,59.0,False
clear_probe,3165,13,77.0,False
clear_probe,3165,15,89.0,False
clear_probe,3165,17,101.0,False
clear_probe,3165,18,107.0,False
clear_probe,3165,19,113.0,False
clear_probe,3165,8,314.0,False
clear_probe,3165,14,350.0,False
clear_probe,3165,3,524.1177327189386,False
clear_probe,3165,12,578.1177327189386,False
clear_probe,3165,1,3280.952398695276,False
clear_probe,3165,2,3505.952398695276,False
clear_probe,3166,2,11.0,False
clear_probe,3166,15,89.0,False
clear_probe,3166,17,101.0,False
clear_probe,3166,18,107.0,False
clear_probe,3166,12,338.0,False
clear_probe,3166,19,1371.8695128672575,False
clear_probe,3166,4,1793.7045586692793,False
clear_probe,3166,10,2088.470289868106,False
clear_probe,3166,1,3012.2908528670123,False
clear_probe,3166,7,3042.2908528670123,False
clear_probe,3166,11,3060.2908528670123,False
clear_probe,3166,9,3984.032852205442,False
clear_probe,3166,8,4964.102238864592,False
clear_probe,3166,13,4970.102238864592,False
clear_probe,3166,14,6298.513643125637,False
clear_probe,3167,3,17.0,False
clear_probe,3167,10,59.0,False
clear_probe,3167,13,77.0,False
clear_probe,3167,19,113.0,False
clear_probe,3167,4,290.0,False
clear_probe,3167,8,314.0,False
clear_probe,3167,16,362.0,False
clear_probe,3167,9,2386.490010883399,False
clear_probe,3167,7,3132.556202984612,False
clear_probe,3167,12,6034.345864835301,False
clear_probe,3168,2,11.0,False
clear_probe,3168,4,23.0,False
clear_probe,3168,9,53.0,False
clear_probe,3168,11,65.0,False
clear_probe,3168,12,71.0,False
clear_probe,3168,13,77.0,False
clear_probe,3168,15,89.0,False
clear_probe,3168,17,101.0,False
clear_probe,3168,18,107.0,False
clear_probe,3168,19,113.0,False
clear_probe,3168,7,3572.142506165966,False
clear_probe,3168,20,5214.565947593325,False
clear_probe,3168,10,5788.505990667467,False
clear_probe,3169,1,5.0,False
clear_probe,3169,4,23.0,False
clear_probe,3169,9,53.0,False
clear_probe,3169,13,77.0,False
clear_probe,3169,14,83.0,False
clear_probe,3169,16,95.0,False
clear_probe,3169,18,107.0,False
clear_probe,3169,6,302.0,False
clear_probe,3169,20,1399.8091625971908,False
clear_probe,3169,19,1648.9880655044233,False
clear_probe,3169,11,2092.9880655044235,False
clear_probe,3169,3,4725.067936003138,False
clear_probe,3169,8,4743.067936003138,False
clear_probe,3169,12,5169.067936003138,False
clear_probe,3170,1,5.0,False
clear_probe,3170,3,17.0,False
clear_probe,3170,4,23.0,False
clear_probe,3170,6,35.0,False
clear_probe,3170,9,53.0,False
clear_probe,3170,11,65.0,False
clear_probe,3170,13,77.0,False
clear_probe,3170,18,107.0,False
clear_probe,3170,19,113.0,False
clear_probe,3170,12,338.0,False
clear_probe,3170,15,630.3567784464667,False
clear_probe,3170,17,642.3567784464667,False
clear_probe,3170,10,3664.5725922459724,False
clear_probe,3171,1,5.0,False
clear_probe,3171,2,11.0,False
clear_probe,3171,10,59.0,False
clear_probe,3171,15,89.0,False
clear_probe,3171,17,101.0,False
clear_probe,3171,18,107.0,False
clear_probe,3171,3,284.0,False
clear_probe,3171,6,302.0,False
clear_probe,3171,16,362.0,False
clear_probe,3171,4,553.5248227017322,False
clear_probe,3171,13,607.5248227017322,False
clear_probe,3171,9,1372.4356557349838,False
clear_probe,3171,11,5665.801496100861,False
clear_probe,3172,4,23.0,False
clear_probe,3172,10,59.0,False
clear_probe,3172,12,71.0,False
clear_probe,3172,13,77.0,False
clear_probe,3172,15,89.0,False
clear_probe,3172,19,113.0,False
clear_probe,3172,7,308.0,False
clear_probe,3172,9,320.0,False
clear_probe,3172,14,350.0,False
clear_probe,3172,18,374.0,False
clear_probe,3172,11,3432.207904144978,False
clear_probe,3172,17,4373.5477414682755,False
clear_probe,3172,1,4521.6003420950765,False
clear_probe,3172,3,5138.071014158476,False
clear_probe,3172,16,5162.071014158476,False
clear_probe,3173,3,17.0,False
clear_probe,3173,4,23.0,False
clear_probe,3173,6,35.0,False
clear_probe,3173,9,53.0,False
clear_probe,3173,13,77.0,False
clear_probe,3173,14,83.0,False
clear_probe,3173,18,107.0,False
clear_probe,3173,19,113.0,False
clear_probe,3173,20,119.0,False
clear_probe,3173,16,362.0,False
clear_probe,3173,17,368.0,False
clear_probe,3173,8,590.0460939846032,False
clear_probe,3173,12,614.0460939846032,False
clear_probe,3173,1,2375.3071670752865,False
clear_probe,3173,10,2612.3071670752865,False
clear_probe,3173,2,4059.904635056328,False
clear_probe,3174,5,29.0,False
clear_probe,3174,6,35.0,False
clear_probe,3174,7,41.0,False
clear_probe,3174,9,53.0,False
clear_probe,3174,15,89.0,False
clear_probe,3174,16,95.0,False
clear_probe,3174,4,622.6840604816505,False
clear_probe,3174,1,5302.232686212964,False
clear_probe,3174,11,6298.232686212964,False
clear_probe,3174,14,6316.232686212964,False
clear_probe,3175,1,5.0,False
clear_probe,3175,3,17.0,False
clear_probe,3175,7,41.0,False
clear_probe,3175,12,71.0,False
clear_probe,3175,13,77.0,False
clear_probe,3175,14,83.0,False
clear_probe,3175,16,95.0,False
clear_probe,3175,19,113.0,False
clear_probe,3175,20,119.0,False
clear_probe,3175,2,278.0,False
clear_probe,3175,5,296.0,False
clear_probe,3175,10,326.0,False
clear_probe,3175,17,368.0,False
clear_probe,3175,18,374.0,False
clear_probe,3175,15,5064.78430381662,False
clear_probe,3175,6,5887.446073438807,False
clear_probe,3176,13,77.0,False
clear_probe,3176,15,89.0,False
clear_probe,3176,16,95.0,False
clear_probe,3176,18,107.0,False
clear_probe,3176,6,302.0,False
clear_probe,3176,12,338.0,False
clear_probe,3176,5,639.0650916329081,False
clear_probe,3176,17,705.0650916329081,False
clear_probe,3176,10,1854.4710952781882,False
clear_probe,3176,7,3555.547893978171,False
clear_probe,3177,6,35.0,False
clear_probe,3177,8,47.0,False
clear_probe,3177,13,77.0,False
clear_probe,3177,17,101.0,False
clear_probe,3177,9,320.0,False
clear_probe,3177,15,356.0,False
clear_probe,3177,20,1448.0,False
clear_probe,3177,5,3698.9582348213453,False
clear_probe,3177,7,3704.9582348213453,False
clear_probe,3177,10,3710.9582348213453,False
clear_probe,3178,1,5.0,False
clear_probe,3178,2,11.0,False
clear_probe,3178,6,35.0,False
clear_probe,3178,7,41.0,False
clear_probe,3178,14,83.0,False
clear_probe,3178,15,89.0,False
clear_probe,3178,13,344.0,False
clear_probe,3178,16,362.0,False
clear_probe,3178,12,1359.5809875178081,False
clear_probe,3178,19,1395.5809875178081,False
clear_probe,3178,5,5182.093919786463,False
clear_probe,3178,18,5224.093919786463,False
clear_probe,3178,17,6525.582350670149,False
clear_probe,3179,3,17.0,False
clear_probe,3179,6,35.0,False
clear_probe,3179,13,77.0,False
clear_probe,3179,16,95.0,False
clear_probe,3179,17,101.0,False
clear_probe,3179,18,107.0,False
clear_probe,3179,20,119.0,False
clear_probe,3179,5,296.0,False
clear_probe,3179,15,356.0,False
clear_probe,3179,1,3110.23352528924,False
clear_probe,3179,12,3863.23352528924,False
clear_probe,3180,1,5.0,False
clear_probe,3180,2,11.0,False
clear_probe,3180,5,29.0,False
clear_probe,3180,10,59.0,False
clear_probe,3180,14,83.0,False
clear_probe,3180,15,89.0,False
clear_probe,3180,17,101.0,False
clear_probe,3180,11,332.0,False
clear_probe,3180,20,596.2755112365091,False
clear_probe,3180,19,1579.25849673226,False
clear_probe,3180,6,3187.6205349342285,False
clear_probe,3180,4,3418.6205349342285,False
clear_probe,3180,7,3614.3491835632594,False
clear_probe,3180,9,4413.162791778164,False
clear_probe,3180,18,4851.162791778164,False
clear_probe,3181,5,29.0,False
clear_probe,3181,6,35.0,False
clear_probe,3181,8,47.0,False
clear_probe,3181,12,71.0,False
clear_probe,3181,13,77.0,False
clear_probe,3181,14,83.0,False
clear_probe,3181,18,107.0,False
clear_probe,3181,19,113.0,False
clear_probe,3181,1,272.0,False
clear_probe,3181,4,290.0,False
clear_probe,3181,7,308.0,False
clear_probe,3181,10,326.0,False
clear_probe,3181,16,628.4209447187917,False
clear_probe,3181,2,3310.858102028006,False
clear_probe,3182,3,17.0,False
clear_probe,3182,6,35.0,False
clear_probe,3182,7,41.0,False
clear_probe,3182,9,53.0,False
clear_probe,3182,17,101.0,False
clear_probe,3182,4,290.0,False
clear_probe,3182,12,338.0,False
clear_probe,3182,18,641.0,False
clear_probe,3182,20,1593.913725334173,False
clear_probe,3182,15,2274.0748430463846,False
clear_probe,3182,11,3371.0934100119525,False
clear_probe,3182,14,3383.0934100119525,False
clear_probe,3182,5,4016.0017523017477,False
clear_probe,3182,10,4040.0017523017477,False
clear_probe,3182,16,4052.0017523017477,False
clear_probe,3182,8,4209.881030962964,False
clear_probe,3183,1,5.0,False
clear_probe,3183,4,23.0,False
clear_probe,3183,9,53.0,False
clear_probe,3183,12,71.0,False
clear_probe,3183,19,113.0,False
clear_probe,3183,6,302.0,False
clear_probe,3183,8,314.0,False
clear_probe,3183,10,326.0,False
clear_probe,3183,15,356.0,False
clear_probe,3183,14,1594.900141012291,False
clear_probe,3183,16,1600.900141012291,False
clear_probe,3183,13,3428.1507981848076,False
clear_probe,3183,11,3866.1507981848076,False
clear_probe,3183,17,5137.60735415687,False
clear_probe,3183,5,5481.591015139178,False
clear_probe,3184,2,11.0,False
clear_probe,3184,3,17.0,False
clear_probe,3184,13,77.0,False
clear_probe,3184,15,89.0,False
clear_probe,3184,16,95.0,False
clear_probe,3184,18,107.0,False
clear_probe,3184,20,119.0,False
clear_probe,3184,17,368.0,False
clear_probe,3184,5,609.1415219199363,False
clear_probe,3184,9,633.1415219199363,False
clear_probe,3184,4,1563.9404597251469,False
clear_probe,3184,12,2133.8788460059077,False
clear_probe,3184,1,2329.1621159010856,False
clear_probe,3185,3,17.0,False
clear_probe,3185,7,41.0,False
clear_probe,3185,10,59.0,False
clear_probe,3185,13,77.0,False
clear_probe,3185,14,83.0,False
clear_probe,3185,15,89.0,False
clear_probe,3185,17,101.0,False
clear_probe,3185,19,113.0,False
clear_probe,3185,20,119.0,False
clear_probe,3185,16,362.0,False
clear_probe,3185,18,374.0,False
clear_probe,3185,2,524.774669394069,False
clear_probe,3185,8,3126.0050710619203,False
clear_probe,3185,9,3357.0050710619203,False
clear_probe,3185,12,4026.0050710619203,False
clear_probe,3185,1,5206.593914539659,False
clear_probe,3186,2,11.0,False
clear_probe,3186,11,65.0,False
clear_probe,3186,13,77.0,False
clear_probe,3186,8,314.0,False
clear_probe,3186,10,326.0,False
clear_probe,3186,3,524.9968178513848,False
clear_probe,3186,4,530.9968178513848,False
clear_probe,3186,9,843.3837531138427,False
clear_probe,3186,19,2078.166212595283,False
clear_probe,3186,7,2286.9785432220615,False
clear_probe,3186,14,3329.751240473125,False
clear_probe,3186,12,3755.751240473125,False
clear_probe,3186,5,4175.751240473125,False
clear_probe,3186,6,5564.208027007216,False
clear_probe,3186,20,5600.208027007216,False
clear_probe,3186,15,5777.208027007216,False
clear_probe,3187,2,11.0,False
clear_probe,3187,5,29.0,False
clear_probe,3187,7,41.0,False
clear_probe,3187,9,53.0,False
clear_probe,3187,11,65.0,False
clear_probe,3187,15,89.0,False
clear_probe,3187,20,119.0,False
clear_probe,3187,12,338.0,False
clear_probe,3187,18,374.0,False
clear_probe,3187,13,545.8038394884029,False
clear_probe,3187,8,3404.131937613558,False
clear_probe,3187,10,3410.131937613558,False
clear_probe,3187,16,3428.131937613558,False
clear_probe,3187,19,3826.486173846037,False
clear_probe,3188,1,5.0,False
clear_probe,3188,6,35.0,False
clear_probe,3188,11,65.0,False
clear_probe,3188,13,77.0,False
clear_probe,3188,15,89.0,False
clear_probe,3188,17,101.0,False
clear_probe,3188,19,113.0,False
clear_probe,3188,20,119.0,False
clear_probe,3188,5,296.0,False
clear_probe,3188,8,580.7851456926693,False
clear_probe,3188,2,918.5585147982787,False
clear_probe,3188,9,960.5585147982787,False
clear_probe,3188,12,972.5585147982787,False
clear_probe,3188,7,2728.377103999215,False
clear_probe,3188,10,3203.431175076141,False
clear_probe,3188,16,3516.080784827552,False
clear_probe,3189,1,5.0,False
clear_probe,3189,3,17.0,False
clear_probe,3189,4,23.0,False
clear_probe,3189,6,35.0,False
clear_probe,3189,8,47.0,False
clear_probe,3189,10,59.0,False
clear_probe,3189,11,65.0,False
clear_probe,3189,15,89.0,False
clear_probe,3189,16,95.0,False
clear_probe,3189,12,338.0,False
clear_probe,3189,20,386.0,False
clear_probe,3189,18,3355.883343675474,False
clear_probe,3189,7,5754.071166536597,False
clear_probe,3189,17,5961.812460069479,False
clear_probe,3190,2,11.0,False
clear_probe,3190,13,77.0,False
clear_probe,3190,14,83.0,False
clear_probe,3190,15,89.0,False
clear_probe,3190,20,119.0,False
clear_probe,3190,3,284.0,False
clear_probe,3190,16,1526.011857254853,False
clear_probe,3190,9,3330.36502000718,False
clear_probe,3190,6,4379.482468988303,False
clear_probe,3190,1,4956.08297480118,False
clear_probe,3190,4,4962.08297480118,False
clear_probe,3191,4,23.0,False
clear_probe,3191,9,53.0,False
clear_probe,3191,10,59.0,False
clear_probe,3191,12,71.0,False
clear_probe,3191,14,83.0,False
clear_probe,3191,18,107.0,False
clear_probe,3191,19,113.0,False
clear_probe,3191,7,308.0,False
clear_probe,3191,11,332.0,False
clear_probe,3191,8,2671.81823419436,False
clear_probe,3191,6,4105.564119735809,False
clear_probe,3191,16,5005.564119735809,False
clear_probe,3192,1,5.0,False
clear_probe,3192,3,17.0,False
clear_probe,3192,9,53.0,False
clear_probe,3192,16,95.0,False
clear_probe,3192,20,119.0,False
clear_probe,3192,2,278.0,False
clear_probe,3192,7,3931.1180148141393,False
clear_probe,3192,5,4174.118014814139,False
clear_probe,3192,4,4423.118014814139,False
clear_probe,3192,17,4501.118014814139,False
clear_probe,3192,18,4744.118014814139,False
clear_probe,3193,1,5.0,False
clear_probe,3193,5,29.0,False
clear_probe,3193,6,35.0,False
clear_probe,3193,8,47.0,False
clear_probe,3193,11,65.0,False
clear_probe,3193,14,83.0,False
clear_probe,3193,16,95.0,False
clear_probe,3193,18,107.0,False
clear_probe,3193,4,1346.0,False
clear_probe,3193,10,2293.0015531371764,False
clear_probe,3193,2,4003.6775451360554,False
clear_probe,3194,2,11.0,False
clear_probe,3194,3,17.0,False
clear_probe,3194,8,47.0,False
clear_probe,3194,13,77.0,False
clear_probe,3194,15,1406.0,False
clear_probe,3194,7,1932.626460533334,False
clear_probe,3194,14,1968.626460533334,False
clear_probe,3194,20,2004.626460533334,False
clear_probe,3194,11,4283.504318360182,False
clear_probe,3194,12,5500.298966601462,False
clear_probe,3195,1,5.0,False
clear_probe,3195,2,11.0,False
clear_probe,3195,3,17.0,False
clear_probe,3195,4,23.0,False
clear_probe,3195,6,35.0,False
clear_probe,3195,10,59.0,False
clear_probe,3195,11,65.0,False
clear_probe,3195,14,83.0,False
clear_probe,3195,19,113.0,False
clear_probe,3195,12,1087.376450999364,False
clear_probe,3195,16,4248.404903015434,False
clear_probe,3195,5,4419.487494743007,False
clear_probe,3195,18,4651.201066422531,False
clear_probe,3196,5,29.0,False
clear_probe,3196,6,35.0,False
clear_probe,3196,7,41.0,False
clear_probe,3196,8,47.0,False
clear_probe,3196,17,101.0,False
clear_probe,3196,16,362.0,False
clear_probe,3196,2,2024.7143328450463,False
clear_probe,3196,4,4044.869517522463,False
clear_probe,3196,10,4554.869517522463,False
clear_probe,3196,11,4560.869517522463,False
clear_probe,3196,13,6090.663653927937,False
clear_probe,3196,14,6321.8433441395855,False
clear_probe,3196,19,6345.8433441395855,False
clear_probe,3196,12,6522.8433441395855,False
clear_probe,3196,15,6540.8433441395855,False
clear_probe,3197,2,11.0,False
clear_probe,3197,3,17.0,False
clear_probe,3197,5,29.0,False
clear_probe,3197,13,77.0,False
clear_probe,3197,14,350.0,False
clear_probe,3197,19,1981.9170951619822,False
clear_probe,3197,20,1987.9170951619822,False
clear_probe,3197,16,2942.634991315177,False
clear_probe,3197,7,4114.3961908770125,False
clear_probe,3197,9,4126.3961908770125,False
clear_probe,3197,11,4622.173174515984,False
clear_probe,3198,1,5.0,False
clear_probe,3198,5,29.0,False
clear_probe,3198,8,47.0,False
clear_probe,3198,11,65.0,False
clear_probe,3198,13,77.0,False
clear_probe,3198,14,83.0,False
clear_probe,3198,18,107.0,False
clear_probe,3198,19,113.0,False
clear_probe,3198,20,119.0,False
clear_probe,3198,2,278.0,False
clear_probe,3198,10,326.0,False
clear_probe,3198,16,362.0,False
clear_probe,3198,17,623.0,False
clear_probe,3198,12,2124.983335200872,False
clear_probe,3199,3,17.0,False
clear_probe,3199,7,41.0,False
clear_probe,3199,14,83.0,False
clear_probe,3199,20,119.0,False
clear_probe,3199,16,362.0,False
clear_probe,3199,11,1385.4722337143808,False
clear_probe,3199,2,2076.448475635563,False
clear_probe,3199,6,2576.8733792107214,False
clear_probe,3199,9,2588.8733792107214,False
clear_probe,3199,15,3098.8733792107214,False
clear_probe,3199,13,5447.6448372272735,False
clear_probe,3200,1,5.0,False
clear_probe,3200,6,35.0,False
clear_probe,3200,10,59.0,False
clear_probe,3200,12,71.0,False
clear_probe,3200,20,119.0,False
clear_probe,3200,4,290.0,False
clear_probe,3200,11,332.0,False
clear_probe,3200,14,350.0,False
clear_probe,3200,15,356.0,False
clear_probe,3200,16,634.4760980927764,False
clear_probe,3200,9,1601.563833163633,False
clear_probe,3200,13,1619.563833163633,False
clear_probe,3200,3,4531.6490717757915,False
clear_probe,3200,17,5013.279555808648,False
clear_probe,3201,1,5.0,False
clear_probe,3201,2,11.0,False
clear_probe,3201,5,29.0,False
clear_probe,3201,7,41.0,False
clear_probe,3201,10,59.0,False
clear_probe,3201,12,71.0,False
clear_probe,3201,20,119.0,False
clear_probe,3201,9,320.0,False
clear_probe,3201,17,368.0,False
clear_probe,3201,4,564.7759275387773,False
clear_probe,3201,19,1863.8438914771787,False
clear_probe,3201,8,3156.3606753285603,False
clear_probe,3201,16,3630.3606753285603,False
clear_probe,3201,15,3843.3606753285603,False
clear_probe,3202,2,11.0,False
clear_probe,3202,13,77.0,False
clear_probe,3202,17,101.0,False
clear_probe,3202,19,113.0,False
clear_probe,3202,20,119.0,False
clear_probe,3202,15,356.0,False
clear_probe,3202,6,2609.992512889269,False
clear_probe,3202,14,2912.992512889269,False
clear_probe,3202,1,3350.992512889269,False
clear_probe,3202,9,3649.44966768871,False
clear_probe,3202,12,3910.44966768871,False
clear_probe,3202,11,5031.165000368884,False
clear_probe,3203,1,5.0,False
clear_probe,3203,2,11.0,False
clear_probe,3203,6,35.0,False
clear_probe,3203,10,59.0,False
clear_probe,3203,16,95.0,False
clear_probe,3203,18,107.0,False
clear_probe,3203,20,119.0,False
clear_probe,3203,8,314.0,False
clear_probe,3203,9,320.0,False
clear_probe,3203,12,338.0,False
clear_probe,3203,4,1358.0,False
clear_probe,3203,14,3497.276923968275,False
clear_probe,3203,7,4196.276923968275,False
clear_probe,3203,17,6374.193341293106,False
clear_probe,3203,11,6516.989446268072,False
clear_probe,3203,13,6736.332777972361,False
clear_probe,3204,9,53.0,False
clear_probe,3204,11,65.0,False
clear_probe,3204,14,83.0,False
clear_probe,3204,17,101.0,False
clear_probe,3204,20,119.0,False
clear_probe,3204,5,2163.428184263842,False
clear_probe,3204,2,5263.890711177033,False
clear_probe,3204,7,5983.7846311914855,False
clear_probe,3204,6,6427.7846311914855,False
clear_probe,3204,1,6859.7846311914855,False
clear_probe,3205,1,5.0,False
clear_probe,3205,2,11.0,False
clear_probe,3205,11,65.0,False
clear_probe,3205,13,77.0,False
clear_probe,3205,15,89.0,False
clear_probe,3205,16,95.0,False
clear_probe,3205,7,308.0,False
clear_probe,3205,9,320.0,False
clear_probe,3205,12,338.0,False
clear_probe,3205,4,1032.1016569949074,False
clear_probe,3205,20,1555.086759357283,False
clear_probe,3205,14,1974.9733728287663,False
clear_probe,3205,5,2163.9733728287665,False
clear_probe,3205,8,2181.9733728287665,False
clear_probe,3205,10,2187.9733728287665,False
clear_probe,3205,3,5701.527952761782,False
clear_probe,3206,4,23.0,False
clear_probe,3206,6,35.0,False
clear_probe,3206,10,59.0,False
clear_probe,3206,11,65.0,False
clear_probe,3206,12,71.0,False
clear_probe,3206,13,77.0,False
clear_probe,3206,16,95.0,False
clear_probe,3206,18,107.0,False
clear_probe,3206,17,368.0,False
clear_probe,3206,9,587.0,False
clear_probe,3206,3,1340.0,False
clear_probe,3206,7,1364.0,False
clear_probe,3206,5,5829.581098383071,False
clear_probe,3206,19,6084.581098383071,False
clear_probe,3207,4,23.0,False
clear_probe,3207,5,29.0,False
clear_probe,3207,7,41.0,False
clear_probe,3207,10,59.0,False
clear_probe,3207,11,65.0,False
clear_probe,3207,17,101.0,False
clear_probe,3207,20,119.0,False
clear_probe,3207,13,344.0,False
clear_probe,3207,1,1091.849767740908,False
clear_probe,3207,2,1097.849767740908,False
clear_probe,3207,9,1628.4009177433854,False
clear_probe,3207,19,1670.4009177433854,False
clear_probe,3207,14,3677.4009177433854,False
clear_probe,3207,12,4121.400917743385,False
clear_probe,3207,18,5772.9426189015885,False
clear_probe,3208,1,5.0,False
clear_probe,3208,3,17.0,False
clear_probe,3208,6,35.0,False
clear_probe,3208,11,65.0,False
clear_probe,3208,13,77.0,False
clear_probe,3208,15,89.0,False
clear_probe,3208,17,101.0,False
clear_probe,3208,20,119.0,False
clear_probe,3208,4,290.0,False
clear_probe,3208,10,667.0666880315748,False
clear_probe,3208,7,2981.0916181482585,False
clear_probe,3208,16,4808.654011246232,False
clear_probe,3208,14,5039.654011246232,False
clear_probe,3208,9,5480.930734524425,False
clear_probe,3208,18,5528.930734524425,False
clear_probe,3209,7,41.0,False
clear_probe,3209,16,95.0,False
clear_probe,3209,9,320.0,False
clear_probe,3209,10,326.0,False
clear_probe,3209,11,332.0,False
clear_probe,3209,14,350.0,False
clear_probe,3209,5,1566.0866158289036,False
clear_probe,3209,15,1863.0866158289036,False
clear_probe,3209,20,4093.933406745397,False
clear_probe,3209,3,4708.9334067453965,False
clear_probe,3209,6,6357.227193777702,False
clear_probe,3210,1,5.0,False
clear_probe,3210,5,29.0,False
clear_probe,3210,8,47.0,False
clear_probe,3210,9,53.0,False
clear_probe,3210,10,59.0,False
clear_probe,3210,11,65.0,False
clear_probe,3210,12,71.0,False
clear_probe,3210,4,290.0,False
clear_probe,3210,7,308.0,False
clear_probe,3210,14,350.0,False
clear_probe,3210,19,380.0,False
clear_probe,3210,20,386.0,False
clear_probe,3210,13,4754.077199104784,False
clear_probe,3210,15,4760.077199104784,False
clear_probe,3210,17,4956.962048646669,False
clear_probe,3211,7,41.0,False
clear_probe,3211,9,53.0,False
clear_probe,3211,13,77.0,False
clear_probe,3211,14,83.0,False
clear_probe,3211,20,119.0,False
clear_probe,3211,1,272.0,False
clear_probe,3211,5,296.0,False
clear_probe,3211,18,3839.559760578028,False
clear_probe,3211,2,3998.559760578028,False
clear_probe,3211,3,4241.559760578028,False
clear_probe,3212,1,5.0,False
clear_probe,3212,4,23.0,False
clear_probe,3212,5,29.0,False
clear_probe,3212,8,47.0,False
clear_probe,3212,12,71.0,False
clear_probe,3212,13,77.0,False
clear_probe,3212,14,83.0,False
clear_probe,3212,17,101.0,False
clear_probe,3212,19,113.0,False
clear_probe,3212,20,119.0,False
clear_probe,3212,2,278.0,False
clear_probe,3212,9,320.0,False
clear_probe,3212,16,362.0,False
clear_probe,3212,18,644.8482263491164,False
clear_probe,3212,6,1394.7514897125423,False
clear_probe,3212,10,2998.566942024335,False
clear_probe,3213,3,17.0,False
clear_probe,3213,4,23.0,False
clear_probe,3213,9,53.0,False
clear_probe,3213,10,59.0,False
clear_probe,3213,14,83.0,False
clear_probe,3213,16,95.0,False
clear_probe,3213,2,278.0,False
clear_probe,3213,15,356.0,False
clear_probe,3213,18,374.0,False
clear_probe,3213,13,1956.454601792306,False
clear_probe,3213,20,3564.383458701288,False
clear_probe,3213,12,4182.267410173716,False
clear_probe,3213,7,5658.081056558726,False
clear_probe,3213,6,6218.645343592003,False
clear_probe,3214,2,11.0,False
clear_probe,3214,5,29.0,False
clear_probe,3214,8,47.0,False
clear_probe,3214,14,83.0,False
clear_probe,3214,15,89.0,False
clear_probe,3214,16,95.0,False
clear_probe,3214,17,101.0,False
clear_probe,3214,20,119.0,False
clear_probe,3214,7,308.0,False
clear_probe,3214,1,2347.412749685468,False
clear_probe,3214,6,2839.412749685468,False
clear_probe,3214,4,4864.539908668086,False
clear_probe,3215,4,23.0,False
clear_probe,3215,5,29.0,False
clear_probe,3215,7,41.0,False
clear_probe,3215,8,47.0,False
clear_probe,3215,10,59.0,False
clear_probe,3215,11,65.0,False
clear_probe,3215,14,83.0,False
clear_probe,3215,15,89.0,False
clear_probe,3215,18,107.0,False
clear_probe,3215,13,344.0,False
clear_probe,3215,16,362.0,False
clear_probe,3215,19,380.0,False
clear_probe,3215,1,618.0167497774305,False
clear_probe,3215,20,726.0167497774305,False
clear_probe,3215,9,3608.8134561925694,False
clear_probe,3216,1,5.0,False
clear_probe,3216,3,17.0,False
clear_probe,3216,5,29.0,False
clear_probe,3216,15,89.0,False
clear_probe,3216,17,101.0,False
clear_probe,3216,20,119.0,False
clear_probe,3216,8,314.0,False
clear_probe,3216,10,326.0,False
clear_probe,3216,16,1511.1634419575923,False
clear_probe,3216,13,1985.1634419575923,False
clear_probe,3216,14,1991.1634419575923,False
clear_probe,3216,6,2265.5060499682586,False
clear_probe,3216,7,2271.5060499682586,False
clear_probe,3216,19,2337.5060499682586,False
clear_probe,3217,2,11.0,False
clear_probe,3217,6,35.0,False
clear_probe,3217,8,47.0,False
clear_probe,3217,18,107.0,False
clear_probe,3217,1,272.0,False
clear_probe,3217,5,296.0,False
clear_probe,3217,14,3887.660258048361,False
clear_probe,3217,3,4338.228587416217,False
clear_probe,3217,12,4386.228587416217,False
clear_probe,3217,7,4580.26636475832,False
clear_probe,3217,13,4616.26636475832,False
clear_probe,3217,17,4640.26636475832,False
clear_probe,3217,15,4871.26636475832,False
clear_probe,3217,20,4895.26636475832,False
clear_probe,3218,2,11.0,False
clear_probe,3218,5,29.0,False
clear_probe,3218,13,77.0,False
clear_probe,3218,15,89.0,False
clear_probe,3218,12,338.0,False
clear_probe,3218,4,1892.0,False
clear_probe,3218,6,3244.9714588407533,False
clear_probe,3218,1,3718.9714588407533,False
clear_probe,3218,10,3766.9714588407533,False
clear_probe,3218,20,4167.8732461144,False
clear_probe,3218,14,5691.370176566612,False
clear_probe,3219,1,5.0,False
clear_probe,3219,3,17.0,False
clear_probe,3219,9,53.0,False
clear_probe,3219,10,59.0,False
clear_probe,3219,15,89.0,False
clear_probe,3219,17,101.0,False
clear_probe,3219,19,113.0,False
clear_probe,3219,20,119.0,False
clear_probe,3219,2,278.0,False
clear_probe,3219,14,350.0,False
clear_probe,3219,16,362.0,False
clear_probe,3219,11,1756.9360260350809,False
clear_probe,3219,13,2242.936026035081,False
clear_probe,3220,1,5.0,False
clear_probe,3220,5,29.0,False
clear_probe,3220,7,41.0,False
clear_probe,3220,11,65.0,False
clear_probe,3220,12,71.0,False
clear_probe,3220,20,119.0,False
clear_probe,3220,15,356.0,False
clear_probe,3220,10,563.7458138429296,False
clear_probe,3220,4,4155.110563206551,False
clear_probe,3220,8,5103.097671022034,False
clear_probe,3220,6,5593.861525761981,False
clear_probe,3221,1,5.0,False
clear_probe,3221,2,11.0,False
clear_probe,3221,3,17.0,False
clear_probe,3221,7,41.0,False
clear_probe,3221,8,47.0,False
clear_probe,3221,9,53.0,False
clear_probe,3221,11,65.0,False
clear_probe,3221,16,95.0,False
clear_probe,3221,17,101.0,False
clear_probe,3221,18,107.0,False
clear_probe,3221,13,344.0,False
clear_probe,3221,15,356.0,False
clear_probe,3221,4,5024.965637830785,False
clear_probe,3222,2,11.0,False
clear_probe,3222,3,17.0,False
clear_probe,3222,5,29.0,False
clear_probe,3222,11,65.0,False
clear_probe,3222,12,71.0,False
clear_probe,3222,19,113.0,False
clear_probe,3222,10,326.0,False
clear_probe,3222,16,362.0,False
clear_probe,3222,13,980.4962193229694,False
clear_probe,3222,17,1004.4962193229694,False
clear_probe,3222,1,4402.3512862871585,False
clear_probe,3222,20,4468.3512862871585,False
clear_probe,3222,6,4652.317044077802,False
clear_probe,3223,2,11.0,False
clear_probe,3223,4,23.0,False
clear_probe,3223,11,65.0,False
clear_probe,3223,12,71.0,False
clear_probe,3223,13,77.0,False
clear_probe,3223,18,107.0,False
clear_probe,3223,14,1151.0,False
clear_probe,3223,10,2161.6024348849896,False
clear_probe,3223,17,2197.6024348849896,False
clear_probe,3223,9,2416.6024348849896,False
clear_probe,3223,8,2671.6024348849896,False
clear_probe,3223,16,4900.383584965478,False
clear_probe,3223,5,5121.248804235376,False
clear_probe,3223,15,5151.248804235376,False
clear_probe,3224,1,5.0,False
clear_probe,3224,2,11.0,False
clear_probe,3224,3,17.0,False
clear_probe,3224,6,35.0,False
clear_probe,3224,8,47.0,False
clear_probe,3224,12,71.0,False
clear_probe,3224,14,83.0,False
clear_probe,3224,15,89.0,False
clear_probe,3224,9,320.0,False
clear_probe,3224,4,785.3621363709012,False
clear_probe,3224,19,1602.7725764719892,False
clear_probe,3224,18,3080.184919790039,False
clear_probe,3224,16,3317.184919790039,False
clear_probe,3224,20,3584.184919790039,False
clear_probe,3224,13,5956.733917137363,False
clear_probe,3225,3,17.0,False
clear_probe,3225,4,23.0,False
clear_probe,3225,8,47.0,False
clear_probe,3225,9,53.0,False
clear_probe,3225,14,83.0,False
clear_probe,3225,15,89.0,False
clear_probe,3225,16,95.0,False
clear_probe,3225,5,296.0,False
clear_probe,3225,13,1313.1351347247123,False
clear_probe,3225,6,2451.9678482349946,False
clear_probe,3225,18,3210.9678482349946,False
clear_probe,3225,20,3689.9744005212547,False
clear_probe,3225,11,4326.493643667971,False
clear_probe,3225,7,5294.804899266115,False
clear_probe,3225,2,6096.50980435648,False
clear_probe,3226,2,11.0,False
clear_probe,3226,3,17.0,False
clear_probe,3226,5,29.0,False
clear_probe,3226,12,71.0,False
clear_probe,3226,16,95.0,False
clear_probe,3226,17,101.0,False
clear_probe,3226,18,107.0,False
clear_probe,3226,19,113.0,False
clear_probe,3226,20,119.0,False
clear_probe,3226,4,290.0,False
clear_probe,3226,9,743.7491378178588,False
clear_probe,3226,13,3458.7016693183245,False
clear_probe,3227,1,5.0,False
clear_probe,3227,9,53.0,False
clear_probe,3227,10,59.0,False
clear_probe,3227,11,65.0,False
clear_probe,3227,12,71.0,False
clear_probe,3227,13,77.0,False
clear_probe,3227,14,83.0,False
clear_probe,3227,15,89.0,False
clear_probe,3227,19,113.0,False
clear_probe,3227,20,119.0,False
clear_probe,3227,2,278.0,False
clear_probe,3227,16,685.9538181837291,False
clear_probe,3227,17,1530.0020754669313,False
clear_probe,3227,3,2508.109750419829,False
clear_probe,3227,8,2751.109750419829,False
clear_probe,3228,3,17.0,False
clear_probe,3228,5,29.0,False
clear_probe,3228,6,35.0,False
clear_probe,3228,2,278.0,False
clear_probe,3228,7,308.0,False
clear_probe,3228,10,326.0,False
clear_probe,3228,18,374.0,False
clear_probe,3228,16,662.2167964881727,False
clear_probe,3228,19,2734.985614883276,False
clear_probe,3228,15,2947.985614883276,False
clear_probe,3228,17,6243.139703007421,False
clear_probe,3229,1,5.0,False
clear_probe,3229,6,35.0,False
clear_probe,3229,10,59.0,False
clear_probe,3229,11,65.0,False
clear_probe,3229,15,89.0,False
clear_probe,3229,16,95.0,False
clear_probe,3229,20,119.0,False
clear_probe,3229,4,290.0,False
clear_probe,3229,12,338.0,False
clear_probe,3229,13,575.6116048778133,False
clear_probe,3229,2,1954.015372485507,False
clear_probe,3229,19,3438.753578454689,False
clear_probe,3229,5,4095.7642183826515,False
clear_probe,3230,1,5.0,False
clear_probe,3230,6,35.0,False
clear_probe,3230,7,41.0,False
clear_probe,3230,15,89.0,False
clear_probe,3230,16,95.0,False
clear_probe,3230,17,101.0,False
clear_probe,3230,14,350.0,False
clear_probe,3230,9,639.2372488148737,False
clear_probe,3230,19,693.2372488148737,False
clear_probe,3230,12,912.2372488148737,False
clear_probe,3230,13,918.2372488148737,False
clear_probe,3230,20,948.2372488148737,False
clear_probe,3230,11,1200.6926357038808,False
clear_probe,3230,3,1381.2814235958667,False
clear_probe,3230,8,1405.2814235958667,False
clear_probe,3230,2,1618.2814235958667,False
clear_probe,3231,1,5.0,False
clear_probe,3231,3,17.0,False
clear_probe,3231,7,41.0,False
clear_probe,3231,8,47.0,False
clear_probe,3231,13,77.0,False
clear_probe,3231,14,83.0,False
clear_probe,3231,20,119.0,False
clear_probe,3231,9,320.0,False
clear_probe,3231,15,356.0,False
clear_probe,3231,10,679.3397957454671,False
clear_probe,3231,4,2175.810022973775,False
clear_probe,3231,2,4662.626768314622,False
clear_probe,3231,11,4686.626768314622,False
clear_probe,3232,3,17.0,False
clear_probe,3232,5,29.0,False
clear_probe,3232,10,59.0,False
clear_probe,3232,14,83.0,False
clear_probe,3232,15,89.0,False
clear_probe,3232,17,101.0,False
clear_probe,3232,18,107.0,False
clear_probe,3232,2,278.0,False
clear_probe,3232,19,651.5338077290147,False
clear_probe,3232,6,3521.485897287588,False
clear_probe,3233,5,29.0,False
clear_probe,3233,9,53.0,False
clear_probe,3233,10,59.0,False
clear_probe,3233,14,83.0,False
clear_probe,3233,17,101.0,False
clear_probe,3233,20,119.0,False
clear_probe,3233,19,380.0,False
clear_probe,3233,4,2703.8326565204875,False
clear_probe,3233,8,4185.832656520487,False
clear_probe,3233,1,4314.057857199501,False
clear_probe,3234,6,35.0,False
clear_probe,3234,10,59.0,False
clear_probe,3234,14,83.0,False
clear_probe,3234,15,89.0,False
clear_probe,3234,18,107.0,False
clear_probe,3234,19,113.0,False
clear_probe,3234,2,278.0,False
clear_probe,3234,3,833.2597769528381,False
clear_probe,3234,11,2349.83508829104,False
clear_probe,3234,17,2373.83508829104,False
clear_probe,3234,7,3541.5488608218225,False
clear_probe,3234,1,4192.548860821822,False
clear_probe,3234,13,4246.548860821822,False
clear_probe,3234,16,4794.752668816493,False
clear_probe,3235,2,11.0,False
clear_probe,3235,3,17.0,False
clear_probe,3235,9,53.0,False
clear_probe,3235,12,71.0,False
clear_probe,3235,15,89.0,False
clear_probe,3235,16,95.0,False
clear_probe,3235,17,101.0,False
clear_probe,3235,5,296.0,False
clear_probe,3235,11,332.0,False
clear_probe,3235,10,544.0085364119898,False
clear_probe,3235,19,592.0085364119898,False
clear_probe,3235,7,2141.6130083309554,False
clear_probe,3235,8,2396.6130083309554,False
clear_probe,3235,20,5243.855345766027,False
clear_probe,3235,18,6890.989642654879,False
clear_probe,3236,1,5.0,False
clear_probe,3236,2,11.0,False
clear_probe,3236,3,17.0,False
clear_probe,3236,4,23.0,False
clear_probe,3236,6,35.0,False
clear_probe,3236,7,41.0,False
clear_probe,3236,10,59.0,False
clear_probe,3236,18,107.0,False
clear_probe,3236,19,113.0,False
clear_probe,3236,8,314.0,False
clear_probe,3236,13,344.0,False
clear_probe,3236,11,576.4641825422129,False
clear_probe,3236,14,841.2407231425195,False
clear_probe,3236,16,853.2407231425195,False
clear_probe,3236,20,877.2407231425195,False
clear_probe,3236,9,4089.494660894748,False
clear_probe,3237,1,5.0,False
clear_probe,3237,7,41.0,False
clear_probe,3237,9,53.0,False
clear_probe,3237,19,113.0,False
clear_probe,3237,20,119.0,False
clear_probe,3237,11,332.0,False
clear_probe,3237,14,350.0,False
clear_probe,3237,5,581.4550324447084,False
clear_probe,3237,16,635.4550324447084,False
clear_probe,3237,2,978.0981779664692,False
clear_probe,3237,4,1741.6887370155775,False
clear_probe,3237,15,2014.6887370155775,False
clear_probe,3237,3,5466.5181218367425,False
clear_probe,3237,10,5490.5181218367425,False
clear_probe,3237,12,5496.5181218367425,False
clear_probe,3237,13,6117.5181218367425,False
clear_probe,3238,1,5.0,False
clear_probe,3238,10,59.0,False
clear_probe,3238,17,101.0,False
clear_probe,3238,4,290.0,False
clear_probe,3238,18,374.0,False
clear_probe,3238,11,1133.0,False
clear_probe,3238,16,2513.292523391001,False
clear_probe,3238,3,2702.292523391001,False
clear_probe,3238,5,2714.292523391001,False
clear_probe,3238,13,4210.3286134808595,False
clear_probe,3238,20,5170.477249608054,False
clear_probe,3238,9,5353.477249608054,False
clear_probe,3238,14,6672.107596021412,False
clear_probe,3239,2,11.0,False
clear_probe,3239,5,29.0,False
clear_probe,3239,7,41.0,False
clear_probe,3239,8,47.0,False
clear_probe,3239,10,59.0,False
clear_probe,3239,11,65.0,False
clear_probe,3239,18,107.0,False
clear_probe,3239,19,380.0,False
clear_probe,3239,20,386.0,False
clear_probe,3239,1,792.2944239615255,False
clear_probe,3239,9,1617.6860922578114,False
clear_probe,3239,3,3233.2412538642598,False
clear_probe,3239,13,3518.2412538642598,False
clear_probe,3239,4,4702.0602759255435,False
clear_probe,3240,2,11.0,False
clear_probe,3240,3,17.0,False
clear_probe,3240,8,47.0,False
clear_probe,3240,10,59.0,False
clear_probe,3240,14,83.0,False
clear_probe,3240,15,89.0,False
clear_probe,3240,19,113.0,False
clear_probe,3240,9,320.0,False
clear_probe,3240,6,574.8427149218321,False
clear_probe,3240,17,1771.3891508425518,False
clear_probe,3240,1,2199.589600998259,False
clear_probe,3240,13,3793.9492897872083,False
clear_probe,3240,16,3799.9492897872083,False
clear_probe,3241,3,17.0,False
clear_probe,3241,5,29.0,False
clear_probe,3241,6,35.0,False
clear_probe,3241,9,53.0,False
clear_probe,3241,12,71.0,False
clear_probe,3241,16,95.0,False
clear_probe,3241,8,314.0,False
clear_probe,3241,10,326.0,False
clear_probe,3241,19,2911.706857423924,False
clear_probe,3241,1,4798.704080496649,False
clear_probe,3241,11,5151.554904990246,False
clear_probe,3241,18,5655.554904990246,False
clear_probe,3242,1,5.0,False
clear_probe,3242,2,11.0,False
clear_probe,3242,3,17.0,False
clear_probe,3242,20,119.0,False
clear_probe,3242,11,332.0,False
clear_probe,3242,12,338.0,False
clear_probe,3242,13,344.0,False
clear_probe,3242,14,350.0,False
clear_probe,3242,6,4165.996958775422,False
clear_probe,3242,10,5088.265433329685,False
clear_probe,3243,7,41.0,False
clear_probe,3243,8,47.0,False
clear_probe,3243,17,101.0,False
clear_probe,3243,1,272.0,False
clear_probe,3243,5,296.0,False
clear_probe,3243,10,326.0,False
clear_probe,3243,3,556.2192351784693,False
clear_probe,3243,6,574.2192351784693,False
clear_probe,3243,13,1817.4233744773285,False
clear_probe,3243,16,2548.188089829197,False
clear_probe,3243,20,4457.544370755714,False
clear_probe,3243,2,4686.703116458563,False
clear_probe,3244,4,23.0,False
clear_probe,3244,6,35.0,False
clear_probe,3244,7,41.0,False
clear_probe,3244,8,47.0,False
clear_probe,3244,12,71.0,False
clear_probe,3244,18,107.0,False
clear_probe,3244,19,113.0,False
clear_probe,3244,15,356.0,False
clear_probe,3244,17,878.9949499472748,False
clear_probe,3244,11,3590.7946347487778,False
clear_probe,3244,2,4179.440458987321,False
clear_probe,3245,1,5.0,False
clear_probe,3245,4,23.0,False
clear_probe,3245,6,35.0,False
clear_probe,3245,7,41.0,False
clear_probe,3245,12,71.0,False
clear_probe,3245,18,107.0,False
clear_probe,3245,19,113.0,False
clear_probe,3245,5,296.0,False
clear_probe,3245,11,1394.0,False
clear_probe,3245,15,1623.0016873351667,False
clear_probe,3245,8,2408.617032732034,False
clear_probe,3245,9,4489.817104739546,False
clear_probe,3245,20,5606.218540826967,False
clear_probe,3246,1,5.0,False
clear_probe,3246,5,29.0,False
clear_probe,3246,6,35.0,False
clear_probe,3246,7,41.0,False
clear_probe,3246,12,71.0,False
clear_probe,3246,18,107.0,False
clear_probe,3246,15,879.9965727498112,False
clear_probe,3246,4,1165.6597880707814,False
clear_probe,3246,11,1195.6597880707814,False
clear_probe,3246,2,1525.2053564994392,False
clear_probe,3246,9,1555.2053564994392,False
clear_probe,3246,3,4645.422739182606,False
clear_probe,3246,13,4675.422739182606,False
clear_probe,3246,19,4699.422739182606,False
clear_probe,3246,20,4705.422739182606,False
clear_probe,3246,10,6285.770899757192,False
clear_probe,3247,1,5.0,False
clear_probe,3247,3,17.0,False
clear_probe,3247,4,23.0,False
clear_probe,3247,5,29.0,False
clear_probe,3247,10,59.0,False
clear_probe,3247,11,65.0,False
clear_probe,3247,13,77.0,False
clear_probe,3247,14,83.0,False
clear_probe,3247,17,101.0,False
clear_probe,3247,18,107.0,False
clear_probe,3247,8,1806.7683541015172,False
clear_probe,3247,19,1854.7683541015172,False
clear_probe,3247,16,3104.834254045232,False
clear_probe,3247,7,4938.514542452503,False
clear_probe,3247,9,5164.926617203999,False
clear_probe,3247,20,5188.926617203999,False
clear_probe,3248,1,5.0,False
clear_probe,3248,3,17.0,False
clear_probe,3248,6,35.0,False
clear_probe,3248,7,41.0,False
clear_probe,3248,15,89.0,False
clear_probe,3248,18,107.0,False
clear_probe,3248,2,278.0,False
clear_probe,3248,16,611.0,False
clear_probe,3248,19,629.0,False
clear_probe,3248,11,838.916574671099,False
clear_probe,3248,13,1336.9165746710992,False
clear_probe,3248,4,5244.3814559632465,False
clear_probe,3248,9,7225.1244490411655,False
clear_probe,3249,1,5.0,False
clear_probe,3249,2,11.0,False
clear_probe,3249,10,59.0,False
clear_probe,3249,11,65.0,False
clear_probe,3249,15,89.0,False
clear_probe,3249,19,113.0,False
clear_probe,3249,4,290.0,False
clear_probe,3249,12,338.0,False
clear_probe,3249,6,4933.743899206777,False
clear_probe,3249,13,4957.743899206777,False
clear_probe,3249,20,4987.743899206777,False
clear_probe,3250,2,11.0,False
clear_probe,3250,4,23.0,False
clear_probe,3250,7,41.0,False
clear_probe,3250,8,47.0,False
clear_probe,3250,14,83.0,False
clear_probe,3250,15,89.0,False
clear_probe,3250,17,101.0,False
clear_probe,3250,19,113.0,False
clear_probe,3250,20,119.0,False
clear_probe,3250,1,272.0,False
clear_probe,3250,3,284.0,False
clear_probe,3250,9,605.0454889020002,False
clear_probe,3250,13,629.0454889020002,False
clear_probe,3250,6,860.6355636644911,False
clear_probe,3251,1,5.0,False
clear_probe,3251,2,11.0,False
clear_probe,3251,5,29.0,False
clear_probe,3251,6,35.0,False
clear_probe,3251,13,77.0,False
clear_probe,3251,16,95.0,False
clear_probe,3251,20,119.0,False
clear_probe,3251,3,284.0,False
clear_probe,3251,17,368.0,False
clear_probe,3251,18,374.0,False
clear_probe,3251,9,1330.145017201022,False
clear_probe,3251,19,1597.145017201022,False
clear_probe,3251,12,3115.3704413728897,False
clear_probe,3251,14,3654.394171495699,False
clear_probe,3251,11,5513.089425985645,False
clear_probe,3251,15,5519.089425985645,False
clear_probe,3252,1,5.0,False
clear_probe,3252,3,17.0,False
clear_probe,3252,5,29.0,False
clear_probe,3252,7,41.0,False
clear_probe,3252,8,47.0,False
clear_probe,3252,10,59.0,False
clear_probe,3252,17,101.0,False
clear_probe,3252,18,107.0,False
clear_probe,3252,19,113.0,False
clear_probe,3252,6,302.0,False
clear_probe,3252,13,344.0,False
clear_probe,3252,14,706.5526559094344,False
clear_probe,3252,15,712.5526559094344,False
clear_probe,3252,11,2365.3667533382168,False
clear_probe,3253,2,11.0,False
clear_probe,3253,5,29.0,False
clear_probe,3253,7,41.0,False
clear_probe,3253,14,83.0,False
clear_probe,3253,16,95.0,False
clear_probe,3253,17,101.0,False
clear_probe,3253,18,107.0,False
clear_probe,3253,19,113.0,False
clear_probe,3253,8,2834.593166999581,False
clear_probe,3253,9,3645.743350619855,False
clear_probe,3253,10,4252.068459912107,False
clear_probe,3253,15,5076.014705365804,False
clear_probe,3253,6,5408.644231024797,False
clear_probe,3253,13,5432.644231024797,False
clear_probe,3254,2,11.0,False
clear_probe,3254,6,35.0,False
clear_probe,3254,9,53.0,False
clear_probe,3254,15,89.0,False
clear_probe,3254,16,95.0,False
clear_probe,3254,20,119.0,False
clear_probe,3254,18,561.3448292430924,False
clear_probe,3254,3,2227.7845021577396,False
clear_probe,3254,12,2845.3391687547387,False
clear_probe,3254,5,4682.44189134661,False
clear_probe,3254,11,5271.465729977102,False
clear_probe,3254,4,5466.465729977102,False
clear_probe,3254,14,5741.085735519801,False
clear_probe,3255,1,5.0,False
clear_probe,3255,6,35.0,False
clear_probe,3255,10,59.0,False
clear_probe,3255,15,89.0,False
clear_probe,3255,11,332.0,False
clear_probe,3255,20,386.0,False
clear_probe,3255,5,2292.5343851182324,False
clear_probe,3255,17,2352.5343851182324,False
clear_probe,3255,14,3525.5343851182324,False
clear_probe,3255,4,5079.110319227512,False
clear_probe,3255,2,6120.110319227512,False
clear_probe,3256,5,29.0,False
clear_probe,3256,10,59.0,False
clear_probe,3256,11,65.0,False
clear_probe,3256,12,71.0,False
clear_probe,3256,15,89.0,False
clear_probe,3256,16,95.0,False
clear_probe,3256,8,581.0,False
clear_probe,3256,9,841.3746617090244,False
clear_probe,3256,14,865.3746617090244,False
clear_probe,3256,6,1062.6980516497595,False
clear_probe,3256,2,1299.6980516497595,False
clear_probe,3256,3,1571.7290890341214,False
clear_probe,3256,19,1649.7290890341214,False
clear_probe,3257,2,11.0,False
clear_probe,3257,3,17.0,False
clear_probe,3257,4,23.0,False
clear_probe,3257,6,35.0,False
clear_probe,3257,7,41.0,False
clear_probe,3257,10,59.0,False
clear_probe,3257,11,65.0,False
clear_probe,3257,12,71.0,False
clear_probe,3257,17,101.0,False
clear_probe,3257,18,107.0,False
clear_probe,3257,20,119.0,False
clear_probe,3257,8,314.0,False
clear_probe,3257,13,344.0,False
clear_probe,3257,15,356.0,False
clear_probe,3257,14,3714.9504085046565,False
clear_probe,3257,1,4335.9504085046565,False
clear_probe,3258,4,23.0,False
clear_probe,3258,8,47.0,False
clear_probe,3258,11,65.0,False
clear_probe,3258,16,95.0,False
clear_probe,3258,18,107.0,False
clear_probe,3258,10,326.0,False
clear_probe,3258,9,2080.5917228279204,False
clear_probe,3258,13,2596.5917228279204,False
clear_probe,3258,1,3219.503483109901,False
clear_probe,3258,7,5734.933223496192,False
clear_probe,3258,19,7330.281909365724,False
clear_probe,3259,1,5.0,False
clear_probe,3259,3,17.0,False
clear_probe,3259,4,23.0,False
clear_probe,3259,11,65.0,False
clear_probe,3259,12,71.0,False
clear_probe,3259,15,89.0,False
clear_probe,3259,19,113.0,False
clear_probe,3259,9,320.0,False
clear_probe,3259,14,350.0,False
clear_probe,3259,16,362.0,False
clear_probe,3259,13,568.9306235164415,False
clear_probe,3259,5,1119.8271835111898,False
clear_probe,3259,2,4762.761599063306,False
clear_probe,3259,17,5183.616608001229,False
clear_probe,3260,4,23.0,False
clear_probe,3260,8,47.0,False
clear_probe,3260,10,59.0,False
clear_probe,3260,11,65.0,False
clear_probe,3260,12,71.0,False
clear_probe,3260,13,77.0,False
clear_probe,3260,16,95.0,False
clear_probe,3260,17,101.0,False
clear_probe,3260,3,284.0,False
clear_probe,3260,9,1693.877842411032,False
clear_probe,3260,15,4014.2739179522214,False
clear_probe,3260,2,4535.873378277236,False
clear_probe,3260,6,6037.21209996805,False
clear_probe,3261,2,11.0,False
clear_probe,3261,7,41.0,False
clear_probe,3261,9,53.0,False
clear_probe,3261,10,59.0,False
clear_probe,3261,11,65.0,False
clear_probe,3261,13,77.0,False
clear_probe,3261,17,101.0,False
clear_probe,3261,18,107.0,False
clear_probe,3261,1,529.1942678096013,False
clear_probe,3261,20,637.1942678096013,False
clear_probe,3261,15,4596.904930041946,False
clear_probe,3261,6,5692.333304651071,False
clear_probe,3261,19,7005.429945360821,False
clear_probe,3262,1,5.0,False
clear_probe,3262,2,11.0,False
clear_probe,3262,4,23.0,False
clear_probe,3262,5,29.0,False
clear_probe,3262,7,41.0,False
clear_probe,3262,19,113.0,False
clear_probe,3262,14,350.0,False
clear_probe,3262,15,1424.0,False
clear_probe,3262,16,1934.7646248584851,False
clear_probe,3262,6,2145.04660470565,False
clear_probe,3262,11,3568.920274259371,False
clear_probe,3262,13,3580.920274259371,False
clear_probe,3262,8,4408.538038293305,False
clear_probe,3263,4,23.0,False
clear_probe,3263,12,71.0,False
clear_probe,3263,14,83.0,False
clear_probe,3263,15,89.0,False
clear_probe,3263,17,101.0,False
clear_probe,3263,20,119.0,False
clear_probe,3263,8,314.0,False
clear_probe,3263,3,2015.4368197701197,False
clear_probe,3263,11,2057.4368197701197,False
clear_probe,3263,16,2533.488300237509,False
clear_probe,3263,2,3411.3116808470077,False
clear_probe,3263,9,4865.470285579286,False
clear_probe,3264,1,5.0,False
clear_probe,3264,2,11.0,False
clear_probe,3264,3,17.0,False
clear_probe,3264,5,29.0,False
clear_probe,3264,6,35.0,False
clear_probe,3264,9,53.0,False
clear_probe,3264,10,59.0,False
clear_probe,3264,13,77.0,False
clear_probe,3264,16,95.0,False
clear_probe,3264,17,101.0,False
clear_probe,3264,19,113.0,False
clear_probe,3264,11,332.0,False
clear_probe,3264,7,936.5104879072994,False
clear_probe,3264,15,3001.7374987888415,False
clear_probe,3264,14,3822.5810731149595,False
clear_probe,3265,12,71.0,False
clear_probe,3265,14,83.0,False
clear_probe,3265,16,95.0,False
clear_probe,3265,17,101.0,False
clear_probe,3265,18,107.0,False
clear_probe,3265,4,290.0,False
clear_probe,3265,10,326.0,False
clear_probe,3265,20,386.0,False
clear_probe,3265,5,2678.478418405786,False
clear_probe,3265,1,2919.2694990813275,False
clear_probe,3265,8,2961.2694990813275,False
clear_probe,3265,6,4811.515396895446,False
clear_probe,3265,11,5060.515396895446,False
clear_probe,3265,15,5084.515396895446,False
clear_probe,3265,13,5337.747425495835,False
clear_probe,3266,2,11.0,False
clear_probe,3266,4,23.0,False
clear_probe,3266,10,59.0,False
clear_probe,3266,14,83.0,False
clear_probe,3266,16,95.0,False
clear_probe,3266,17,101.0,False
clear_probe,3266,3,284.0,False
clear_probe,3266,8,314.0,False
clear_probe,3266,5,1865.8857732491906,False
clear_probe,3266,13,1907.8857732491906,False
clear_probe,3266,11,2369.8857732491906,False
clear_probe,3266,18,3754.825747747701,False
clear_probe,3266,7,5711.0966930773875,False
clear_probe,3267,3,17.0,False
clear_probe,3267,10,59.0,False
clear_probe,3267,11,65.0,False
clear_probe,3267,18,107.0,False
clear_probe,3267,19,113.0,False
clear_probe,3267,8,314.0,False
clear_probe,3267,7,2492.741426976935,False
clear_probe,3267,4,3587.1970940834594,False
clear_probe,3267,5,3830.1970940834594,False
clear_probe,3267,1,4288.577643646611,False
clear_probe,3267,6,4958.888434176878,False
clear_probe,3267,9,4964.888434176878,False
clear_probe,3267,12,4970.888434176878,False
clear_probe,3267,14,5392.406732418088,False
clear_probe,3267,15,5398.406732418088,False
clear_probe,3268,1,5.0,False
clear_probe,3268,3,17.0,False
clear_probe,3268,4,23.0,False
clear_probe,3268,6,35.0,False
clear_probe,3268,9,53.0,False
clear_probe,3268,14,83.0,False
clear_probe,3268,17,101.0,False
clear_probe,3268,19,113.0,False
clear_probe,3268,20,119.0,False
clear_probe,3268,16,589.1995537748289,False
clear_probe,3268,13,828.5497129897599,False
clear_probe,3268,12,3305.748715823776,False
clear_probe,3268,2,3764.63642023548,False
clear_probe,3268,11,4664.928288067602,False
clear_probe,3268,5,4779.167463369784,False
clear_probe,3268,8,4973.0351132585065,False
clear_probe,3269,6,35.0,False
clear_probe,3269,7,41.0,False
clear_probe,3269,8,47.0,False
clear_probe,3269,19,113.0,False
clear_probe,3269,2,278.0,False
clear_probe,3269,9,320.0,False
clear_probe,3269,17,1418.0,False
clear_probe,3269,20,3174.16245587376,False
clear_probe,3269,15,4288.408746676231,False
clear_probe,3269,1,4898.881065260993,False
clear_probe,3269,14,4952.881065260993,False
clear_probe,3269,11,5614.519351261321,False
clear_probe,3270,2,11.0,False
clear_probe,3270,7,41.0,False
clear_probe,3270,14,83.0,False
clear_probe,3270,19,113.0,False
clear_probe,3270,20,119.0,False
clear_probe,3270,1,272.0,False
clear_probe,3270,5,296.0,False
clear_probe,3270,6,302.0,False
clear_probe,3270,11,1989.9717846461622,False
clear_probe,3270,10,4197.548271202944,False
clear_probe,3270,16,4221.548271202944,False
clear_probe,3270,4,4444.507281117521,False
clear_probe,3271,3,17.0,False
clear_probe,3271,5,29.0,False
clear_probe,3271,8,47.0,False
clear_probe,3271,11,65.0,False
clear_probe,3271,12,71.0,False
clear_probe,3271,14,83.0,False
clear_probe,3271,16,95.0,False
clear_probe,3271,18,107.0,False
clear_probe,3271,4,290.0,False
clear_probe,3271,6,302.0,False
clear_probe,3271,20,386.0,False
clear_probe,3271,9,2687.608904974944,False
clear_probe,3271,1,4709.442753813577,False
clear_probe,3272,3,17.0,False
clear_probe,3272,5,29.0,False
clear_probe,3272,7,41.0,False
clear_probe,3272,9,53.0,False
clear_probe,3272,13,77.0,False
clear_probe,3272,16,95.0,False
clear_probe,3272,17,101.0,False
clear_probe,3272,1,272.0,False
clear_probe,3272,4,511.5406986547066,False
clear_probe,3272,6,523.5406986547066,False
clear_probe,3272,20,1300.5747766751485,False
clear_probe,3272,10,3491.0938609448144,False
clear_probe,3272,11,4221.457136323484,False
clear_probe,3273,4,23.0,False
clear_probe,3273,5,29.0,False
clear_probe,3273,11,65.0,False
clear_probe,3273,19,113.0,False
clear_probe,3273,2,278.0,False
clear_probe,3273,10,326.0,False
clear_probe,3273,13,344.0,False
clear_probe,3273,15,356.0,False
clear_probe,3273,3,2649.703085662383,False
clear_probe,3273,6,2898.703085662383,False
clear_probe,3273,9,2916.703085662383,False
clear_probe,3273,18,2964.703085662383,False
clear_probe,3273,17,7286.089817650586,False
clear_probe,3274,4,23.0,False
clear_probe,3274,5,29.0,False
clear_probe,3274,7,41.0,False
clear_probe,3274,16,95.0,False
clear_probe,3274,17,101.0,False
clear_probe,3274,19,113.0,False
clear_probe,3274,1,272.0,False
clear_probe,3274,14,350.0,False
clear_probe,3274,15,356.0,False
clear_probe,3274,18,374.0,False
clear_probe,3274,6,3979.948431511148,False
clear_probe,3274,2,5731.191701369776,False
clear_probe,3275,2,11.0,False
clear_probe,3275,8,47.0,False
clear_probe,3275,9,53.0,False
clear_probe,3275,17,101.0,False
clear_probe,3275,20,119.0,False
clear_probe,3275,16,362.0,False
clear_probe,3275,7,4233.748158624854,False
clear_probe,3275,3,4920.748158624854,False
clear_probe,3275,12,4962.748158624854,False
clear_probe,3275,18,4986.748158624854,False
clear_probe,3276,4,23.0,False
clear_probe,3276,13,77.0,False
clear_probe,3276,15,89.0,False
clear_probe,3276,17,101.0,False
clear_probe,3276,19,113.0,False
clear_probe,3276,20,119.0,False
clear_probe,3276,2,278.0,False
clear_probe,3276,16,1364.091660757835,False
clear_probe,3276,3,2741.0637918643233,False
clear_probe,3276,5,2753.0637918643233,False
clear_probe,3276,12,3231.5022175495255,False
clear_probe,3276,18,3249.5022175495255,False
clear_probe,3276,10,6952.229971404561,False
clear_probe,3277,2,11.0,False
clear_probe,3277,4,23.0,False
clear_probe,3277,5,29.0,False
clear_probe,3277,10,59.0,False
clear_probe,3277,14,83.0,False
clear_probe,3277,17,101.0,False
clear_probe,3277,20,119.0,False
clear_probe,3277,3,284.0,False
clear_probe,3277,16,362.0,False
clear_probe,3277,18,374.0,False
clear_probe,3277,13,1470.37786474614,False
clear_probe,3277,12,2258.872819630792,False
clear_probe,3277,15,5298.838932610645,False
clear_probe,3277,1,5699.636799472364,False
clear_probe,3277,9,5942.636799472364,False
clear_probe,3278,5,29.0,False
clear_probe,3278,6,35.0,False
clear_probe,3278,8,47.0,False
clear_probe,3278,9,53.0,False
clear_probe,3278,12,71.0,False
clear_probe,3278,14,83.0,False
clear_probe,3278,17,591.1246957484025,False
clear_probe,3278,19,1462.8668700234655,False
clear_probe,3278,7,1583.5914605565051,False
clear_probe,3278,3,1848.0903990785596,False
clear_probe,3278,1,4727.106295239348,False
clear_probe,3279,7,41.0,False
clear_probe,3279,8,47.0,False
clear_probe,3279,9,53.0,False
clear_probe,3279,13,77.0,False
clear_probe,3279,14,83.0,False
clear_probe,3279,15,89.0,False
clear_probe,3279,16,95.0,False
clear_probe,3279,18,107.0,False
clear_probe,3279,19,113.0,False
clear_probe,3279,20,119.0,False
clear_probe,3279,2,278.0,False
clear_probe,3279,4,290.0,False
clear_probe,3279,5,3370.040240734328,False
clear_probe,3279,10,4155.811281742271,False
clear_probe,3279,3,5502.331025445377,False
clear_probe,3280,1,5.0,False
clear_probe,3280,5,29.0,False
clear_probe,3280,7,41.0,False
clear_probe,3280,14,83.0,False
clear_probe,3280,18,107.0,False
clear_probe,3280,2,278.0,False
clear_probe,3280,10,1750.5641222166512,False
clear_probe,3280,9,2534.8037173905773,False
clear_probe,3280,12,2552.8037173905773,False
clear_probe,3280,17,2576.8037173905773,False
clear_probe,3281,1,5.0,False
clear_probe,3281,6,35.0,False
clear_probe,3281,9,53.0,False
clear_probe,3281,11,65.0,False
clear_probe,3281,13,77.0,False
clear_probe,3281,17,101.0,False
clear_probe,3281,19,113.0,False
clear_probe,3281,5,296.0,False
clear_probe,3281,7,308.0,False
clear_probe,3281,16,362.0,False
clear_probe,3281,18,374.0,False
clear_probe,3281,4,803.3086852871106,False
clear_probe,3281,8,827.3086852871106,False
clear_probe,3281,15,4573.886221317436,False
clear_probe,3281,12,5224.517791972974,False
clear_probe,3281,20,5248.517791972974,False
clear_probe,3282,2,11.0,False
clear_probe,3282,9,53.0,False
clear_probe,3282,11,65.0,False
clear_probe,3282,18,107.0,False
clear_probe,3282,20,119.0,False
clear_probe,3282,1,272.0,False
clear_probe,3282,13,344.0,False
clear_probe,3282,15,356.0,False
clear_probe,3282,17,368.0,False
clear_probe,3282,6,574.2579255898045,False
clear_probe,3282,16,628.2579255898045,False
clear_probe,3282,4,2118.9543419186966,False
clear_probe,3282,5,2619.167826708563,False
clear_probe,3282,19,3121.4681948184543,False
clear_probe,3282,10,3630.5649545175634,False
clear_probe,3283,1,5.0,False
clear_probe,3283,2,11.0,False
clear_probe,3283,4,23.0,False
clear_probe,3283,5,29.0,False
clear_probe,3283,10,59.0,False
clear_probe,3283,11,65.0,False
clear_probe,3283,14,83.0,False
clear_probe,3283,17,101.0,False
clear_probe,3283,19,113.0,False
clear_probe,3283,20,119.0,False
clear_probe,3283,3,284.0,False
clear_probe,3283,6,302.0,False
clear_probe,3283,12,338.0,False
clear_probe,3283,13,5332.8371495689935,False
clear_probe,3284,5,29.0,False
clear_probe,3284,7,41.0,False
clear_probe,3284,12,71.0,False
clear_probe,3284,13,77.0,False
clear_probe,3284,19,113.0,False
clear_probe,3284,20,119.0,False
clear_probe,3284,11,1400.0,False
clear_probe,3284,10,4116.613967000969,False
clear_probe,3284,6,4341.613967000969,False
clear_probe,3284,1,5641.927437776481,False
clear_probe,3285,1,5.0,False
clear_probe,3285,3,17.0,False
clear_probe,3285,4,23.0,False
clear_probe,3285,10,59.0,False
clear_probe,3285,11,65.0,False
clear_probe,3285,16,95.0,False
clear_probe,3285,17,101.0,False
clear_probe,3285,18,107.0,False
clear_probe,3285,19,113.0,False
clear_probe,3285,6,302.0,False
clear_probe,3285,15,356.0,False
clear_probe,3285,20,386.0,False
clear_probe,3285,13,1897.5351584331818,False
clear_probe,3285,9,2391.789759001925,False
clear_probe,3286,1,5.0,False
clear_probe,3286,2,11.0,False
clear_probe,3286,4,23.0,False
clear_probe,3286,10,59.0,False
clear_probe,3286,11,65.0,False
clear_probe,3286,12,71.0,False
clear_probe,3286,15,89.0,False
clear_probe,3286,20,119.0,False
clear_probe,3286,7,308.0,False
clear_probe,3286,8,314.0,False
clear_probe,3286,9,1378.0224432165332,False
clear_probe,3286,3,1604.4832796946143,False
clear_probe,3286,13,1850.3026743168223,False
clear_probe,3286,17,1868.3026743168223,False
clear_probe,3286,19,2098.529105074689,False
clear_probe,3287,2,11.0,False
clear_probe,3287,7,41.0,False
clear_probe,3287,8,47.0,False
clear_probe,3287,9,53.0,False
clear_probe,3287,10,59.0,False
clear_probe,3287,14,83.0,False
clear_probe,3287,17,101.0,False
clear_probe,3287,19,113.0,False
clear_probe,3287,18,374.0,False
clear_probe,3287,20,386.0,False
clear_probe,3287,3,600.7168416065682,False
clear_probe,3287,13,654.7168416065682,False
clear_probe,3287,15,3947.5019625185046,False
clear_probe,3287,1,4079.6684519098235,False
clear_probe,3287,6,5200.0382244341245,False
clear_probe,3288,3,17.0,False
clear_probe,3288,5,29.0,False
clear_probe,3288,10,59.0,False
clear_probe,3288,14,83.0,False
clear_probe,3288,16,95.0,False
clear_probe,3288,19,113.0,False
clear_probe,3288,4,290.0,False
clear_probe,3288,17,368.0,False
clear_probe,3288,18,374.0,False
clear_probe,3288,12,1139.0,False
clear_probe,3288,9,2478.5936436694187,False
clear_probe,3288,8,3894.3759557061153,False
clear_probe,3288,13,3906.3759557061153,False
clear_probe,3288,20,4772.528372323982,False
clear_probe,3288,15,6366.058940866548,False
clear_probe,3289,2,11.0,False
clear_probe,3289,3,17.0,False
clear_probe,3289,4,23.0,False
clear_probe,3289,5,29.0,False
clear_probe,3289,8,47.0,False
clear_probe,3289,14,83.0,False
clear_probe,3289,13,344.0,False
clear_probe,3289,1,818.1635873219817,False
clear_probe,3289,18,902.1635873219817,False
clear_probe,3289,7,2713.7179760006925,False
clear_probe,3289,15,2927.094556277997,False
clear_probe,3289,6,4363.949505766927,False
clear_probe,3290,2,11.0,False
clear_probe,3290,4,23.0,False
clear_probe,3290,6,35.0,False
clear_probe,3290,10,59.0,False
clear_probe,3290,11,65.0,False
clear_probe,3290,12,71.0,False
clear_probe,3290,13,77.0,False
clear_probe,3290,14,83.0,False
clear_probe,3290,16,95.0,False
clear_probe,3290,20,119.0,False
clear_probe,3290,17,368.0,False
clear_probe,3290,18,3194.7030500318783,False
clear_probe,3290,5,4627.961714411363,False
clear_probe,3291,1,5.0,False
clear_probe,3291,6,35.0,False
clear_probe,3291,9,53.0,False
clear_probe,3291,11,65.0,False
clear_probe,3291,13,77.0,False
clear_probe,3291,15,89.0,False
clear_probe,3291,17,101.0,False
clear_probe,3291,18,107.0,False
clear_probe,3291,20,119.0,False
clear_probe,3291,8,314.0,False
clear_probe,3291,14,350.0,False
clear_probe,3291,4,1306.6867407745708,False
clear_probe,3291,3,2008.1838160528098,False
clear_probe,3291,16,2777.198950367316,False
clear_probe,3291,5,4141.989561845313,False
clear_probe,3291,7,4147.989561845313,False
clear_probe,3292,2,11.0,False
clear_probe,3292,5,29.0,False
clear_probe,3292,8,47.0,False
clear_probe,3292,11,65.0,False
clear_probe,3292,12,71.0,False
clear_probe,3292,14,83.0,False
clear_probe,3292,15,89.0,False
clear_probe,3292,16,95.0,False
clear_probe,3292,7,308.0,False
clear_probe,3292,20,386.0,False
clear_probe,3292,4,1487.75315406648,False
clear_probe,3292,13,2984.5740913928003,False
clear_probe,3292,19,4092.8217995529017,False
clear_probe,3292,1,4264.56763388232,False
clear_probe,3292,10,4630.64056032893,False
clear_probe,3292,6,6323.341607833079,False
clear_probe,3293,1,5.0,False
clear_probe,3293,2,11.0,False
clear_probe,3293,4,23.0,False
clear_probe,3293,5,29.0,False
clear_probe,3293,12,71.0,False
clear_probe,3293,13,77.0,False
clear_probe,3293,8,314.0,False
clear_probe,3293,19,2249.460151183353,False
clear_probe,3293,3,2420.460151183353,False
clear_probe,3293,10,2456.460151183353,False
clear_probe,3293,11,2462.460151183353,False
clear_probe,3293,20,2504.460151183353,False
clear_probe,3293,14,3081.1953713215585,False
clear_probe,3293,15,6395.2971180343,False
clear_probe,3293,17,7290.99522870921,False
clear_probe,3294,8,47.0,False
clear_probe,3294,20,119.0,False
clear_probe,3294,12,338.0,False
clear_probe,3294,19,380.0,False
clear_probe,3294,7,1626.8993143973648,False
clear_probe,3294,18,1929.8993143973648,False
clear_probe,3294,1,4748.128626775509,False
clear_probe,3294,5,4772.128626775509,False
clear_probe,3294,16,4820.128626775509,False
clear_probe,3294,9,5453.201598492459,False
clear_probe,3295,3,17.0,False
clear_probe,3295,5,29.0,False
clear_probe,3295,8,47.0,False
clear_probe,3295,11,65.0,False
clear_probe,3295,12,71.0,False
clear_probe,3295,14,83.0,False
clear_probe,3295,1,272.0,False
clear_probe,3295,13,344.0,False
clear_probe,3295,18,374.0,False
clear_probe,3295,19,380.0,False
clear_probe,3295,20,386.0,False
clear_probe,3295,6,3483.6334048339695,False
clear_probe,3295,2,3872.9199213083816,False
clear_probe,3296,7,41.0,False
clear_probe,3296,9,53.0,False
clear_probe,3296,10,59.0,False
clear_probe,3296,12,71.0,False
clear_probe,3296,17,101.0,False
clear_probe,3296,18,107.0,False
clear_probe,3296,1,2886.7031923583104,False
clear_probe,3296,2,3864.4889197972184,False
clear_probe,3296,3,3870.4889197972184,False
clear_probe,3296,20,5248.160944647892,False
clear_probe,3296,6,5851.160944647892,False
clear_probe,3296,8,5857.160944647892,False
clear_probe,3297,2,11.0,False
clear_probe,3297,4,23.0,False
clear_probe,3297,5,29.0,False
clear_probe,3297,6,35.0,False
clear_probe,3297,8,47.0,False
clear_probe,3297,9,53.0,False
clear_probe,3297,10,59.0,False
clear_probe,3297,14,350.0,False
clear_probe,3297,20,386.0,False
clear_probe,3297,3,766.8786632803719,False
clear_probe,3297,13,2281.481104655072,False
clear_probe,3297,19,4264.593363766019,False
clear_probe,3297,15,5711.992073790729,False
clear_probe,3298,5,29.0,False
clear_probe,3298,8,47.0,False
clear_probe,3298,9,53.0,False
clear_probe,3298,14,83.0,False
clear_probe,3298,16,95.0,False
clear_probe,3298,17,101.0,False
clear_probe,3298,19,113.0,False
clear_probe,3298,15,356.0,False
clear_probe,3298,18,374.0,False
clear_probe,3298,6,1118.576641535645,False
clear_probe,3298,1,1854.3181099678225,False
clear_probe,3298,10,2133.3181099678222,False
clear_probe,3298,20,2175.3181099678222,False
clear_probe,3299,1,5.0,False
clear_probe,3299,2,11.0,False
clear_probe,3299,4,23.0,False
clear_probe,3299,5,29.0,False
clear_probe,3299,6,35.0,False
clear_probe,3299,10,59.0,False
clear_probe,3299,12,71.0,False
clear_probe,3299,17,101.0,False
clear_probe,3299,18,107.0,False
clear_probe,3299,11,332.0,False
clear_probe,3299,16,362.0,False
clear_probe,3299,15,976.6882205879983,False
clear_probe,3299,9,2026.604166000564,False
clear_probe,3299,7,3593.916241434724,False
clear_probe,3300,1,5.0,False
clear_probe,3300,4,23.0,False
clear_probe,3300,6,35.0,False
clear_probe,3300,11,65.0,False
clear_probe,3300,13,77.0,False
clear_probe,3300,17,101.0,False
clear_probe,3300,7,308.0,False
clear_probe,3300,5,525.0078032321167,False
clear_probe,3300,10,850.364101392584,False
clear_probe,3300,15,874.364101392584,False
clear_probe,3300,20,898.364101392584,False
clear_probe,3300,19,1147.364101392584,False
clear_probe,3300,3,6979.235525778917,False
clear_probe,3301,2,11.0,False
clear_probe,3301,3,17.0,False
clear_probe,3301,6,35.0,False
clear_probe,3301,7,41.0,False
clear_probe,3301,15,89.0,False
clear_probe,3301,20,119.0,False
clear_probe,3301,10,326.0,False
clear_probe,3301,13,344.0,False
clear_probe,3301,19,380.0,False
clear_probe,3301,17,3760.9283910818403,False
clear_probe,3301,8,4650.475477006776,False
clear_probe,3302,1,5.0,False
clear_probe,3302,3,17.0,False
clear_probe,3302,5,29.0,False
clear_probe,3302,19,113.0,False
clear_probe,3302,20,119.0,False
clear_probe,3302,18,1118.94004747693,False
clear_probe,3302,17,1877.94004747693,False
clear_probe,3302,12,2102.94004747693,False
clear_probe,3302,4,2992.589768106601,False
clear_probe,3302,2,3678.305401361263,False
clear_probe,3303,1,5.0,False
clear_probe,3303,5,29.0,False
clear_probe,3303,9,53.0,False
clear_probe,3303,15,89.0,False
clear_probe,3303,19,113.0,False
clear_probe,3303,8,314.0,False
clear_probe,3303,10,326.0,False
clear_probe,3303,18,374.0,False
clear_probe,3303,4,557.0,False
clear_probe,3303,6,4606.862812300586,False
clear_probe,3303,11,5074.862812300586,False
clear_probe,3304,3,17.0,False
clear_probe,3304,7,41.0,False
clear_probe,3304,15,89.0,False
clear_probe,3304,18,107.0,False
clear_probe,3304,19,113.0,False
clear_probe,3304,2,278.0,False
clear_probe,3304,17,368.0,False
clear_probe,3304,8,1853.3137588601744,False
clear_probe,3304,12,2250.253799254955,False
clear_probe,3304,16,5874.44381312305,False
clear_probe,3305,1,5.0,False
clear_probe,3305,3,17.0,False
clear_probe,3305,5,29.0,False
clear_probe,3305,8,47.0,False
clear_probe,3305,9,53.0,False
clear_probe,3305,10,59.0,False
clear_probe,3305,13,77.0,False
clear_probe,3305,14,83.0,False
clear_probe,3305,17,101.0,False
clear_probe,3305,20,119.0,False
clear_probe,3305,4,290.0,False
clear_probe,3305,2,662.677722315735,False
clear_probe,3305,12,722.677722315735,False
clear_probe,3305,11,3685.248831855196,False
clear_probe,3306,4,23.0,False
clear_probe,3306,5,29.0,False
clear_probe,3306,6,35.0,False
clear_probe,3306,9,53.0,False
clear_probe,3306,14,83.0,False
clear_probe,3306,2,278.0,False
clear_probe,3306,18,374.0,False
clear_probe,3306,3,624.1832647275049,False
clear_probe,3306,11,666.1832647275049,False
clear_probe,3306,13,1406.0611758252332,False
clear_probe,3306,20,1442.0611758252332,False
clear_probe,3306,8,3692.9260411427776,False
clear_probe,3306,12,4708.667234137745,False
clear_probe,3306,1,5335.667234137745,False
clear_probe,3306,19,6146.403792439637,False
clear_probe,3307,1,5.0,False
clear_probe,3307,2,11.0,False
clear_probe,3307,8,47.0,False
clear_probe,3307,9,53.0,False
clear_probe,3307,13,77.0,False
clear_probe,3307,15,89.0,False
clear_probe,3307,16,95.0,False
clear_probe,3307,7,308.0,False
clear_probe,3307,11,332.0,False
clear_probe,3307,17,368.0,False
clear_probe,3307,14,899.5496025238281,False
clear_probe,3307,6,3498.874511162062,False
clear_probe,3307,10,3504.874511162062,False
clear_probe,3308,4,23.0,False
clear_probe,3308,5,29.0,False
clear_probe,3308,10,59.0,False
clear_probe,3308,13,77.0,False
clear_probe,3308,15,89.0,False
clear_probe,3308,16,95.0,False
clear_probe,3308,18,107.0,False
clear_probe,3308,19,113.0,False
clear_probe,3308,3,284.0,False
clear_probe,3308,6,302.0,False
clear_probe,3308,9,320.0,False
clear_probe,3308,1,4226.631192212811,False
clear_probe,3308,14,4280.631192212811,False
clear_probe,3308,8,4878.530663424471,False
clear_probe,3309,1,5.0,False
clear_probe,3309,5,29.0,False
clear_probe,3309,6,35.0,False
clear_probe,3309,9,53.0,False
clear_probe,3309,10,59.0,False
clear_probe,3309,16,95.0,False
clear_probe,3309,19,113.0,False
clear_probe,3309,20,119.0,False
clear_probe,3309,12,338.0,False
clear_probe,3309,4,2343.352873903912,False
clear_probe,3309,8,3030.352873903912,False
clear_probe,3309,15,4075.5852444242214,False
clear_probe,3309,17,5334.027856058925,False
clear_probe,3310,5,29.0,False
clear_probe,3310,6,35.0,False
clear_probe,3310,10,59.0,False
clear_probe,3310,11,65.0,False
clear_probe,3310,15,89.0,False
clear_probe,3310,18,107.0,False
clear_probe,3310,14,350.0,False
clear_probe,3310,19,380.0,False
clear_probe,3310,2,812.0,False
clear_probe,3310,3,2449.607579807684,False
clear_probe,3310,8,4244.49649775038,False
clear_probe,3310,7,4621.118920680254,False
clear_probe,3311,1,5.0,False
clear_probe,3311,11,65.0,False
clear_probe,3311,20,119.0,False
clear_probe,3311,7,308.0,False
clear_probe,3311,10,326.0,False
clear_probe,3311,4,1203.5299353981197,False
clear_probe,3311,6,3101.01589293298,False
clear_probe,3311,8,5149.177151241302,False
clear_probe,3311,5,5298.226957123083,False
clear_probe,3311,2,5586.799378277675,False
clear_probe,3311,3,5592.799378277675,False
clear_probe,3312,2,11.0,False
clear_probe,3312,7,41.0,False
clear_probe,3312,8,47.0,False
clear_probe,3312,9,53.0,False
clear_probe,3312,11,65.0,False
clear_probe,3312,12,71.0,False
clear_probe,3312,13,77.0,False
clear_probe,3312,17,101.0,False
clear_probe,3312,19,113.0,False
clear_probe,3312,10,326.0,False
clear_probe,3312,20,386.0,False
clear_probe,3312,16,851.2713963635769,False
clear_probe,3312,3,1132.0342795811046,False
clear_probe,3312,1,1622.228553083582,False
clear_probe,3312,18,1688.228553083582,False
clear_probe,3312,6,6240.436780955729,False
clear_probe,3313,2,11.0,False
clear_probe,3313,3,17.0,False
clear_probe,3313,6,35.0,False
clear_probe,3313,7,41.0,False
clear_probe,3313,19,113.0,False
clear_probe,3313,14,350.0,False
clear_probe,3313,20,386.0,False
clear_probe,3313,5,827.841717062024,False
clear_probe,3313,18,1658.841717062024,False
clear_probe,3313,12,3062.4402584417667,False
clear_probe,3313,17,3311.4402584417667,False
clear_probe,3313,4,6016.759772279235,False
clear_probe,3313,9,6034.759772279235,False
clear_probe,3313,13,6259.759772279235,False
clear_probe,3314,2,11.0,False
clear_probe,3314,6,35.0,False
clear_probe,3314,9,53.0,False
clear_probe,3314,12,71.0,False
clear_probe,3314,18,107.0,False
clear_probe,3314,20,119.0,False
clear_probe,3314,3,284.0,False
clear_probe,3314,14,350.0,False
clear_probe,3314,17,368.0,False
clear_probe,3314,1,1340.0,False
clear_probe,3314,5,1364.0,False
clear_probe,3314,16,1430.0,False
clear_probe,3314,19,1448.0,False
clear_probe,3314,10,1617.5916190780854,False
clear_probe,3314,13,4603.258222673463,False
clear_probe,3315,8,47.0,False
clear_probe,3315,9,53.0,False
clear_probe,3315,14,83.0,False
clear_probe,3315,19,113.0,False
clear_probe,3315,4,290.0,False
clear_probe,3315,10,326.0,False
clear_probe,3315,11,332.0,False
clear_probe,3315,16,629.0,False
clear_probe,3315,7,3862.1955512184018,False
clear_probe,3315,5,4432.581041253282,False
clear_probe,3315,12,4450.581041253282,False
clear_probe,3316,1,5.0,False
clear_probe,3316,4,23.0,False
clear_probe,3316,6,35.0,False
clear_probe,3316,16,95.0,False
clear_probe,3316,15,356.0,False
clear_probe,3316,2,637.1166861560246,False
clear_probe,3316,3,643.1166861560246,False
clear_probe,3316,12,691.1166861560246,False
clear_probe,3316,18,727.1166861560246,False
clear_probe,3316,9,2321.89563049952,False
clear_probe,3316,10,2327.89563049952,False
clear_probe,3316,7,2606.3713302021283,False
clear_probe,3316,8,2612.3713302021283,False
clear_probe,3316,19,2660.3713302021283,False
clear_probe,3316,14,4842.7513215339295,False
clear_probe,3316,11,5739.233041203671,False
clear_probe,3317,2,11.0,False
clear_probe,3317,3,17.0,False
clear_probe,3317,7,41.0,False
clear_probe,3317,12,71.0,False
clear_probe,3317,13,77.0,False
clear_probe,3317,16,95.0,False
clear_probe,3317,15,356.0,False
clear_probe,3317,11,1094.151222493486,False
clear_probe,3317,8,1341.1621413035937,False
clear_probe,3317,9,1347.1621413035937,False
clear_probe,3317,6,2030.141223347298,False
clear_probe,3317,17,2072.141223347298,False
clear_probe,3317,20,2090.141223347298,False
clear_probe,3317,4,2300.9769018532106,False
clear_probe,3317,19,5909.650542276558,False
clear_probe,3318,4,23.0,False
clear_probe,3318,9,53.0,False
clear_probe,3318,12,71.0,False
clear_probe,3318,16,95.0,False
clear_probe,3318,10,326.0,False
clear_probe,3318,13,1412.0,False
clear_probe,3318,18,1877.9054308306268,False
clear_probe,3318,3,3147.466695143396,False
clear_probe,3318,2,3381.6511522793708,False
clear_probe,3318,5,3399.6511522793708,False
clear_probe,3318,19,4608.718958150603,False
clear_probe,3318,17,5281.655160672865,False
clear_probe,3319,3,17.0,False
clear_probe,3319,10,59.0,False
clear_probe,3319,12,71.0,False
clear_probe,3319,14,83.0,False
clear_probe,3319,15,89.0,False
clear_probe,3319,16,95.0,False
clear_probe,3319,18,107.0,False
clear_probe,3319,19,113.0,False
clear_probe,3319,17,368.0,False
clear_probe,3319,11,605.5875022301558,False
clear_probe,3319,13,617.5875022301558,False
clear_probe,3319,8,1790.6076846521385,False
clear_probe,3319,9,2039.6076846521385,False
clear_probe,3319,6,2507.6076846521382,False
clear_probe,3319,1,3181.497309541278,False
clear_probe,3319,4,4465.463337630287,False
clear_probe,3320,2,11.0,False
clear_probe,3320,5,29.0,False
clear_probe,3320,7,41.0,False
clear_probe,3320,12,71.0,False
clear_probe,3320,15,89.0,False
clear_probe,3320,16,95.0,False
clear_probe,3320,19,113.0,False
clear_probe,3320,9,320.0,False
clear_probe,3320,4,557.0,False
clear_probe,3320,3,2541.8090157860347,False
clear_probe,3320,6,4752.159006857376,False
clear_probe,3321,2,11.0,False
clear_probe,3321,3,17.0,False
clear_probe,3321,5,29.0,False
clear_probe,3321,9,53.0,False
clear_probe,3321,11,65.0,False
clear_probe,3321,12,71.0,False
clear_probe,3321,13,77.0,False
clear_probe,3321,14,83.0,False
clear_probe,3321,16,95.0,False
clear_probe,3321,4,290.0,False
clear_probe,3321,8,314.0,False
clear_probe,3321,1,1125.2795828234437,False
clear_probe,3321,19,1209.2795828234437,False
clear_probe,3321,15,3569.7819303825445,False
clear_probe,3321,6,5112.832045589195,False
clear_probe,3321,10,5522.326576419761,False
clear_probe,3322,2,11.0,False
clear_probe,3322,9,53.0,False
clear_probe,3322,10,59.0,False
clear_probe,3322,11,65.0,False
clear_probe,3322,13,77.0,False
clear_probe,3322,14,83.0,False
clear_probe,3322,17,101.0,False
clear_probe,3322,20,119.0,False
clear_probe,3322,6,302.0,False
clear_probe,3322,15,616.004130050336,False
clear_probe,3322,4,3956.3457211072214,False
clear_probe,3323,2,11.0,False
clear_probe,3323,3,17.0,False
clear_probe,3323,5,29.0,False
clear_probe,3323,8,47.0,False
clear_probe,3323,10,59.0,False
clear_probe,3323,12,71.0,False
clear_probe,3323,16,95.0,False
clear_probe,3323,17,101.0,False
clear_probe,3323,18,107.0,False
clear_probe,3323,7,308.0,False
clear_probe,3323,9,320.0,False
clear_probe,3323,13,2011.3049592557163,False
clear_probe,3323,11,2284.1076654965977,False
clear_probe,3323,15,2308.1076654965977,False
clear_probe,3323,1,3733.306145887467,False
clear_probe,3324,2,11.0,False
clear_probe,3324,3,17.0,False
clear_probe,3324,5,29.0,False
clear_probe,3324,8,47.0,False
clear_probe,3324,9,53.0,False
clear_probe,3324,11,65.0,False
clear_probe,3324,14,83.0,False
clear_probe,3324,16,95.0,False
clear_probe,3324,4,290.0,False
clear_probe,3324,10,326.0,False
clear_probe,3324,13,344.0,False
clear_probe,3324,18,374.0,False
clear_probe,3324,1,809.864619067732,False
clear_probe,3324,12,1094.8646190677318,False
clear_probe,3324,17,2749.1841869518726,False
clear_probe,3325,2,11.0,False
clear_probe,3325,4,23.0,False
clear_probe,3325,5,29.0,False
clear_probe,3325,6,35.0,False
clear_probe,3325,7,41.0,False
clear_probe,3325,12,71.0,False
clear_probe,3325,14,83.0,False
clear_probe,3325,16,95.0,False
clear_probe,3325,20,119.0,False
clear_probe,3325,3,284.0,False
clear_probe,3325,17,368.0,False
clear_probe,3325,1,2231.233547452252,False
clear_probe,3325,19,3287.233547452252,False
clear_probe,3325,10,3802.586916797734,False
clear_probe,3325,13,3814.586916797734,False
clear_probe,3326,2,11.0,False
clear_probe,3326,5,29.0,False
clear_probe,3326,9,53.0,False
clear_probe,3326,14,83.0,False
clear_probe,3326,1,272.0,False
clear_probe,3326,12,338.0,False
clear_probe,3326,13,344.0,False
clear_probe,3326,18,374.0,False
clear_probe,3326,4,1905.7531531167779,False
clear_probe,3326,7,3915.8200340529825,False
clear_probe,3326,6,4353.820034052982,False
clear_probe,3326,17,4608.820034052982,False
clear_probe,3327,3,17.0,False
clear_probe,3327,5,29.0,False
clear_probe,3327,8,47.0,False
clear_probe,3327,9,53.0,False
clear_probe,3327,12,71.0,False
clear_probe,3327,13,77.0,False
clear_probe,3327,16,95.0,False
clear_probe,3327,17,101.0,False
clear_probe,3327,18,107.0,False
clear_probe,3327,10,326.0,False
clear_probe,3327,19,2982.7338748514517,False
clear_probe,3328,3,17.0,False
clear_probe,3328,5,29.0,False
clear_probe,3328,7,41.0,False
clear_probe,3328,8,47.0,False
clear_probe,3328,10,59.0,False
clear_probe,3328,16,95.0,False
clear_probe,3328,20,119.0,False
clear_probe,3328,9,320.0,False
clear_probe,3328,14,1642.086181406499,False
clear_probe,3328,19,2413.0861814064992,False
clear_probe,3328,4,2584.0861814064992,False
clear_probe,3328,12,3586.45412312697,False
clear_probe,3328,2,3781.45412312697,False
clear_probe,3328,18,4516.45412312697,False
clear_probe,3328,11,4986.712830303639,False
clear_probe,3329,4,23.0,False
clear_probe,3329,8,47.0,False
clear_probe,3329,10,59.0,False
clear_probe,3329,11,65.0,False
clear_probe,3329,14,83.0,False
clear_probe,3329,16,95.0,False
clear_probe,3329,18,107.0,False
clear_probe,3329,20,119.0,False
clear_probe,3329,1,272.0,False
clear_probe,3329,5,296.0,False
clear_probe,3329,12,338.0,False
clear_probe,3329,2,773.2884918826304,False
clear_probe,3330,1,5.0,False
clear_probe,3330,4,23.0,False
clear_probe,3330,7,41.0,False
clear_probe,3330,8,47.0,False
clear_probe,3330,13,77.0,False
clear_probe,3330,9,320.0,False
clear_probe,3330,10,326.0,False
clear_probe,3330,19,3149.616912333367,False
clear_probe,3330,12,3824.616912333367,False
clear_probe,3330,20,5989.065740431361,False
clear_probe,3331,3,17.0,False
clear_probe,3331,5,29.0,False
clear_probe,3331,8,47.0,False
clear_probe,3331,9,53.0,False
clear_probe,3331,11,65.0,False
clear_probe,3331,13,77.0,False
clear_probe,3331,14,83.0,False
clear_probe,3331,2,278.0,False
clear_probe,3331,6,302.0,False
clear_probe,3331,12,338.0,False
clear_probe,3331,15,356.0,False
clear_probe,3331,17,368.0,False
clear_probe,3331,1,501.9784677402499,False
clear_probe,3331,7,3001.8053318523334,False
clear_probe,3331,19,3043.8053318523334,False
clear_probe,3331,18,3411.077894170579,False
clear_probe,3332,5,29.0,False
clear_probe,3332,6,35.0,False
clear_probe,3332,7,41.0,False
clear_probe,3332,12,71.0,False
clear_probe,3332,13,77.0,False
clear_probe,3332,10,326.0,False
clear_probe,3332,1,547.8369817773012,False
clear_probe,3332,15,625.8369817773012,False
clear_probe,3332,18,2196.1264896217563,False
clear_probe,3332,17,5152.5736757383775,False
clear_probe,3333,1,5.0,False
clear_probe,3333,5,29.0,False
clear_probe,3333,6,35.0,False
clear_probe,3333,9,53.0,False
clear_probe,3333,12,71.0,False
clear_probe,3333,8,314.0,False
clear_probe,3333,17,368.0,False
clear_probe,3333,18,374.0,False
clear_probe,3333,13,2668.100273208636,False
clear_probe,3333,16,5542.104609323456,False
clear_probe,3333,2,5932.104609323456,False
clear_probe,3334,7,41.0,False
clear_probe,3334,12,71.0,False
clear_probe,3334,16,95.0,False
clear_probe,3334,19,113.0,False
clear_probe,3334,20,119.0,False
clear_probe,3334,4,527.1878582467381,False
clear_probe,3334,2,781.8285242689112,False
clear_probe,3334,3,787.8285242689112,False
clear_probe,3334,15,859.8285242689112,False
clear_probe,3334,18,871.8285242689112,False
clear_probe,3334,11,1090.8285242689112,False
clear_probe,3335,1,5.0,False
clear_probe,3335,2,11.0,False
clear_probe,3335,4,23.0,False
clear_probe,3335,10,59.0,False
clear_probe,3335,17,101.0,False
clear_probe,3335,20,119.0,False
clear_probe,3335,13,344.0,False
clear_probe,3335,16,362.0,False
clear_probe,3335,19,380.0,False
clear_probe,3335,18,2508.8821972667643,False
clear_probe,3335,15,2712.6801948011025,False
clear_probe,3335,6,3009.2916635137276,False
clear_probe,3335,12,3039.2916635137276,False
clear_probe,3335,14,3045.2916635137276,False
clear_probe,3336,1,5.0,False
clear_probe,3336,10,59.0,False
clear_probe,3336,15,89.0,False
clear_probe,3336,4,290.0,False
clear_probe,3336,13,344.0,False
clear_probe,3336,17,368.0,False
clear_probe,3336,3,1352.0,False
clear_probe,3336,14,2421.009460979623,False
clear_probe,3336,9,4197.566012854477,False
clear_probe,3336,16,5139.566012854477,False
clear_probe,3336,12,7420.346695772928,False
clear_probe,3337,2,11.0,False
clear_probe,3337,4,23.0,False
clear_probe,3337,5,29.0,False
clear_probe,3337,8,47.0,False
clear_probe,3337,9,53.0,False
clear_probe,3337,15,89.0,False
clear_probe,3337,17,101.0,False
clear_probe,3337,10,326.0,False
clear_probe,3337,7,2914.917947391324,False
clear_probe,3337,18,2950.917947391324,False
clear_probe,3337,20,2962.917947391324,False
clear_probe,3338,5,29.0,False
clear_probe,3338,8,47.0,False
clear_probe,3338,9,53.0,False
clear_probe,3338,12,71.0,False
clear_probe,3338,15,89.0,False
clear_probe,3338,16,95.0,False
clear_probe,3338,18,107.0,False
clear_probe,3338,20,119.0,False
clear_probe,3338,1,272.0,False
clear_probe,3338,6,302.0,False
clear_probe,3338,10,326.0,False
clear_probe,3338,14,1885.6934438900903,False
clear_probe,3338,13,2577.6132195226032,False
clear_probe,3338,3,2890.5827389076208,False
clear_probe,3338,11,2926.5827389076208,False
clear_probe,3338,17,2956.5827389076208,False
clear_probe,3339,2,11.0,False
clear_probe,3339,5,29.0,False
clear_probe,3339,12,71.0,False
clear_probe,3339,15,89.0,False
clear_probe,3339,16,95.0,False
clear_probe,3339,17,101.0,False
clear_probe,3339,20,119.0,False
clear_probe,3339,19,380.0,False
clear_probe,3339,14,2359.6315645651275,False
clear_probe,3339,4,3460.6315645651275,False
clear_probe,3339,10,3490.6315645651275,False
clear_probe,3339,13,4429.868056365003,False
clear_probe,3339,9,5203.232795140567,False
clear_probe,3340,3,17.0,False
clear_probe,3340,5,29.0,False
clear_probe,3340,6,35.0,False
clear_probe,3340,7,41.0,False
clear_probe,3340,12,71.0,False
clear_probe,3340,17,101.0,False
clear_probe,3340,19,113.0,False
clear_probe,3340,1,272.0,False
clear_probe,3340,9,320.0,False
clear_probe,3340,10,326.0,False
clear_probe,3340,13,344.0,False
clear_probe,3340,14,2391.6801279554666,False
clear_probe,3340,8,4613.6365182242625,False
clear_probe,3341,1,5.0,False
clear_probe,3341,2,11.0,False
clear_probe,3341,6,35.0,False
clear_probe,3341,9,53.0,False
clear_probe,3341,10,59.0,False
clear_probe,3341,12,71.0,False
clear_probe,3341,13,77.0,False
clear_probe,3341,14,83.0,False
clear_probe,3341,16,95.0,False
clear_probe,3341,17,101.0,False
clear_probe,3341,11,332.0,False
clear_probe,3341,20,826.2018727950342,False
clear_probe,3341,4,1062.5529275987308,False
clear_probe,3341,8,3434.1849133971455,False
clear_probe,3341,7,4271.344087075688,False
clear_probe,3342,1,5.0,False
clear_probe,3342,3,17.0,False
clear_probe,3342,4,23.0,False
clear_probe,3342,5,29.0,False
clear_probe,3342,7,41.0,False
clear_probe,3342,8,47.0,False
clear_probe,3342,10,59.0,False
clear_probe,3342,13,77.0,False
clear_probe,3342,16,95.0,False
clear_probe,3342,18,107.0,False
clear_probe,3342,15,2035.1725025924966,False
clear_probe,3342,12,3655.168691079083,False
clear_probe,3342,2,4241.61196951675,False
clear_probe,3342,14,4277.61196951675,False
clear_probe,3342,20,4301.61196951675,False
clear_probe,3343,1,5.0,False
clear_probe,3343,19,380.0,False
clear_probe,3343,7,847.0212471761646,False
clear_probe,3343,2,3166.0212471761647,False
clear_probe,3343,8,4694.84378756329,False
clear_probe,3343,10,4955.84378756329,False
clear_probe,3343,18,5003.84378756329,False
clear_probe,3343,20,5258.84378756329,False
clear_probe,3343,11,5509.745738760734,False
clear_probe,3343,16,5539.745738760734,False
clear_probe,3344,3,17.0,False
clear_probe,3344,4,23.0,False
clear_probe,3344,15,89.0,False
clear_probe,3344,16,95.0,False
clear_probe,3344,7,308.0,False
clear_probe,3344,9,320.0,False
clear_probe,3344,17,368.0,False
clear_probe,3344,1,1707.2099102921054,False
clear_probe,3344,6,2223.209910292105,False
clear_probe,3344,13,2253.209910292105,False
clear_probe,3344,19,2283.209910292105,False
clear_probe,3344,12,3271.8365650329433,False
clear_probe,3344,2,3781.002375939359,False
clear_probe,3344,11,4864.002375939359,False
clear_probe,3344,10,5277.7812903371805,False
clear_probe,3345,2,11.0,False
clear_probe,3345,3,17.0,False
clear_probe,3345,6,35.0,False
clear_probe,3345,9,53.0,False
clear_probe,3345,14,83.0,False
clear_probe,3345,17,101.0,False
clear_probe,3345,4,290.0,False
clear_probe,3345,11,332.0,False
clear_probe,3345,15,356.0,False
clear_probe,3345,13,611.0,False
clear_probe,3345,20,1094.7639879422027,False
clear_probe,3345,7,2951.7046799844447,False
clear_probe,3345,1,3489.3658033093902,False
clear_probe,3345,8,3721.5197385762654,False
clear_probe,3345,18,3970.5197385762654,False
clear_probe,3345,19,4466.0071611218145,False
clear_probe,3346,3,17.0,False
clear_probe,3346,4,23.0,False
clear_probe,3346,7,41.0,False
clear_probe,3346,10,59.0,False
clear_probe,3346,17,101.0,False
clear_probe,3346,1,272.0,False
clear_probe,3346,19,380.0,False
clear_probe,3346,20,386.0,False
clear_probe,3346,14,2783.1358480158506,False
clear_probe,3346,15,2789.1358480158506,False
clear_probe,3346,11,4198.6111425849,False
clear_probe,3346,2,6874.4828749670005,False
clear_probe,3347,3,17.0,False
clear_probe,3347,5,29.0,False
clear_probe,3347,8,47.0,False
clear_probe,3347,13,77.0,False
clear_probe,3347,14,83.0,False
clear_probe,3347,16,95.0,False
clear_probe,3347,19,380.0,False
clear_probe,3347,10,1922.0,False
clear_probe,3347,17,3468.720804020191,False
clear_probe,3347,11,5198.941028103185,False
clear_probe,3347,12,5204.941028103185,False
clear_probe,3347,7,5666.941028103185,False
clear_probe,3348,12,71.0,False
clear_probe,3348,16,95.0,False
clear_probe,3348,18,107.0,False
clear_probe,3348,9,320.0,False
clear_probe,3348,13,344.0,False
clear_probe,3348,15,356.0,False
clear_probe,3348,4,1524.4397537293974,False
clear_probe,3348,17,1590.4397537293974,False
clear_probe,3348,8,4135.254628494544,False
clear_probe,3348,2,4891.413399505024,False
clear_probe,3348,7,4915.413399505024,False
clear_probe,3349,1,5.0,False
clear_probe,3349,5,29.0,False
clear_probe,3349,10,59.0,False
clear_probe,3349,11,65.0,False
clear_probe,3349,13,77.0,False
clear_probe,3349,18,107.0,False
clear_probe,3349,17,368.0,False
clear_probe,3349,4,1508.282557917794,False
clear_probe,3349,12,1544.282557917794,False
clear_probe,3349,19,1574.282557917794,False
clear_probe,3349,8,2050.0085137380747,False
clear_probe,3349,16,2080.0085137380747,False
clear_probe,3349,20,2098.0085137380747,False
clear_probe,3349,7,2367.6431051024447,False
clear_probe,3350,5,29.0,False
clear_probe,3350,7,41.0,False
clear_probe,3350,9,53.0,False
clear_probe,3350,12,71.0,False
clear_probe,3350,14,83.0,False
clear_probe,3350,17,101.0,False
clear_probe,3350,18,107.0,False
clear_probe,3350,19,113.0,False
clear_probe,3350,20,119.0,False
clear_probe,3350,6,568.0223548173137,False
clear_probe,3350,1,1309.0223548173137,False
clear_probe,3350,2,2541.0284569266482,False
clear_probe,3350,3,5005.159150088758,False
clear_probe,3351,3,17.0,False
clear_probe,3351,7,41.0,False
clear_probe,3351,10,59.0,False
clear_probe,3351,11,65.0,False
clear_probe,3351,16,95.0,False
clear_probe,3351,5,296.0,False
clear_probe,3351,15,356.0,False
clear_probe,3351,8,581.0,False
clear_probe,3351,9,805.9550187640531,False
clear_probe,3351,17,1127.6963004693466,False
clear_probe,3351,12,1487.5984412398695,False
clear_probe,3351,6,3701.536659274432,False
clear_probe,3351,18,5798.1332975021205,False
clear_probe,3352,1,5.0,False
clear_probe,3352,8,47.0,False
clear_probe,3352,10,59.0,False
clear_probe,3352,11,65.0,False
clear_probe,3352,17,101.0,False
clear_probe,3352,20,119.0,False
clear_probe,3352,12,338.0,False
clear_probe,3352,15,356.0,False
clear_probe,3352,13,866.0,False
clear_probe,3352,3,1771.09967094278,False
clear_probe,3352,2,2068.901384256123,False
clear_probe,3352,18,2122.901384256123,False
clear_probe,3352,14,2323.901384256123,False
clear_probe,3352,19,2341.901384256123,False
clear_probe,3353,3,17.0,False
clear_probe,3353,7,41.0,False
clear_probe,3353,10,59.0,False
clear_probe,3353,12,71.0,False
clear_probe,3353,14,83.0,False
clear_probe,3353,17,101.0,False
clear_probe,3353,11,332.0,False
clear_probe,3353,20,386.0,False
clear_probe,3353,8,4668.905945591661,False
clear_probe,3353,18,4704.905945591661,False
clear_probe,3353,19,6730.656981254398,False
clear_probe,3354,2,11.0,False
clear_probe,3354,4,23.0,False
clear_probe,3354,5,29.0,False
clear_probe,3354,12,71.0,False
clear_probe,3354,13,77.0,False
clear_probe,3354,16,95.0,False
clear_probe,3354,17,101.0,False
clear_probe,3354,6,302.0,False
clear_probe,3354,19,380.0,False
clear_probe,3354,7,1382.577891803946,False
clear_probe,3355,2,11.0,False
clear_probe,3355,7,41.0,False
clear_probe,3355,8,47.0,False
clear_probe,3355,14,83.0,False
clear_probe,3355,20,119.0,False
clear_probe,3355,3,284.0,False
clear_probe,3355,18,374.0,False
clear_probe,3355,4,1328.0,False
clear_probe,3355,11,2667.419193035794,False
clear_probe,3355,9,2904.419193035794,False
clear_probe,3355,10,2910.419193035794,False
clear_probe,3355,15,4400.707439048679,False
clear_probe,3355,17,5603.8496284700495,False
clear_probe,3355,6,6901.134457491129,False
clear_probe,3356,5,29.0,False
clear_probe,3356,6,35.0,False
clear_probe,3356,9,53.0,False
clear_probe,3356,12,71.0,False
clear_probe,3356,14,83.0,False
clear_probe,3356,15,89.0,False
clear_probe,3356,17,101.0,False
clear_probe,3356,19,113.0,False
clear_probe,3356,20,119.0,False
clear_probe,3356,3,284.0,False
clear_probe,3356,11,332.0,False
clear_probe,3356,4,1524.3136968467825,False
clear_probe,3356,7,1542.3136968467825,False
clear_probe,3356,18,5497.338207044165,False
clear_probe,3357,6,35.0,False
clear_probe,3357,10,59.0,False
clear_probe,3357,13,77.0,False
clear_probe,3357,14,83.0,False
clear_probe,3357,16,95.0,False
clear_probe,3357,20,119.0,False
clear_probe,3357,3,284.0,False
clear_probe,3357,11,816.4398975748667,False
clear_probe,3357,17,852.4398975748667,False
clear_probe,3357,1,3548.648655204834,False
clear_probe,3357,19,3620.648655204834,False
clear_probe,3357,12,4058.648655204834,False
clear_probe,3357,18,6464.761022110896,False
clear_probe,3357,15,7127.248548857068,False
clear_probe,3358,3,17.0,False
clear_probe,3358,4,23.0,False
clear_probe,3358,6,35.0,False
clear_probe,3358,8,47.0,False
clear_probe,3358,9,53.0,False
clear_probe,3358,11,65.0,False
clear_probe,3358,12,71.0,False
clear_probe,3358,16,95.0,False
clear_probe,3358,19,113.0,False
clear_probe,3358,20,119.0,False
clear_probe,3358,17,3080.9486749019748,False
clear_probe,3358,5,3312.106173914943,False
clear_probe,3358,18,5066.064736169597,False
clear_probe,3358,13,6916.234570089395,False
clear_probe,3359,2,11.0,False
clear_probe,3359,3,17.0,False
clear_probe,3359,4,23.0,False
clear_probe,3359,6,35.0,False
clear_probe,3359,7,41.0,False
clear_probe,3359,9,53.0,False
clear_probe,3359,10,59.0,False
clear_probe,3359,11,65.0,False
clear_probe,3359,14,83.0,False
clear_probe,3359,17,101.0,False
clear_probe,3359,18,107.0,False
clear_probe,3359,19,113.0,False
clear_probe,3359,20,119.0,False
clear_probe,3359,12,610.8267853703769,False
clear_probe,3359,16,1730.5322727654911,False
clear_probe,3360,3,17.0,False
clear_probe,3360,9,53.0,False
clear_probe,3360,11,65.0,False
clear_probe,3360,13,77.0,False
clear_probe,3360,15,89.0,False
clear_probe,3360,18,107.0,False
clear_probe,3360,19,113.0,False
clear_probe,3360,4,290.0,False
clear_probe,3360,8,314.0,False
clear_probe,3360,14,350.0,False
clear_probe,3360,6,568.157940942026,False
clear_probe,3360,17,1003.5447895458271,False
clear_probe,3360,7,3023.988205751356,False
clear_probe,3360,12,3503.988205751356,False
clear_probe,3361,8,47.0,False
clear_probe,3361,12,71.0,False
clear_probe,3361,14,83.0,False
clear_probe,3361,18,107.0,False
clear_probe,3361,4,290.0,False
clear_probe,3361,16,362.0,False
clear_probe,3361,17,368.0,False
clear_probe,3361,13,1145.0,False
clear_probe,3361,1,1340.0,False
clear_probe,3361,7,1773.0139803623642,False
clear_probe,3361,3,4279.821475097027,False
clear_probe,3361,9,5620.244952936014,False
clear_probe,3362,2,11.0,False
clear_probe,3362,4,23.0,False
clear_probe,3362,8,47.0,False
clear_probe,3362,9,53.0,False
clear_probe,3362,14,83.0,False
clear_probe,3362,15,89.0,False
clear_probe,3362,19,113.0,False
clear_probe,3362,17,568.4558928797796,False
clear_probe,3362,3,3628.8925658628127,False
clear_probe,3362,10,4132.892565862812,False
clear_probe,3362,18,5521.530687886718,False
clear_probe,3363,3,17.0,False
clear_probe,3363,5,29.0,False
clear_probe,3363,9,53.0,False
clear_probe,3363,10,59.0,False
clear_probe,3363,12,71.0,False
clear_probe,3363,16,95.0,False
clear_probe,3363,18,107.0,False
clear_probe,3363,2,542.6820417686012,False
clear_probe,3363,6,566.6820417686012,False
clear_probe,3363,7,572.6820417686012,False
clear_probe,3363,15,947.5675992556859,False
clear_probe,3363,8,2613.637027845481,False
clear_probe,3363,20,3378.886843779518,False
clear_probe,3363,13,4509.80358835455,False
clear_probe,3363,11,5416.876952093916,False
clear_probe,3363,4,5588.8108103475215,False
clear_probe,3364,3,17.0,False
clear_probe,3364,5,29.0,False
clear_probe,3364,10,59.0,False
clear_probe,3364,12,71.0,False
clear_probe,3364,13,77.0,False
clear_probe,3364,14,83.0,False
clear_probe,3364,19,113.0,False
clear_probe,3364,7,581.318061971196,False
clear_probe,3364,8,1376.5115588722417,False
clear_probe,3364,17,1661.5115588722417,False
clear_probe,3364,15,4991.000707100372,False
clear_probe,3364,16,5209.316953007092,False
clear_probe,3365,5,29.0,False
clear_probe,3365,9,53.0,False
clear_probe,3365,10,59.0,False
clear_probe,3365,12,71.0,False
clear_probe,3365,13,77.0,False
clear_probe,3365,15,89.0,False
clear_probe,3365,18,107.0,False
clear_probe,3365,1,272.0,False
clear_probe,3365,16,362.0,False
clear_probe,3365,3,506.27350121931823,False
clear_probe,3365,17,584.2735012193182,False
clear_probe,3365,20,4400.568785727745,False
clear_probe,3366,1,5.0,False
clear_probe,3366,3,17.0,False
clear_probe,3366,5,29.0,False
clear_probe,3366,8,47.0,False
clear_probe,3366,13,77.0,False
clear_probe,3366,15,89.0,False
clear_probe,3366,17,101.0,False
clear_probe,3366,18,107.0,False
clear_probe,3366,2,278.0,False
clear_probe,3366,4,290.0,False
clear_probe,3366,7,308.0,False
clear_probe,3366,12,338.0,False
clear_probe,3366,11,1995.5293660414516,False
clear_probe,3366,16,2019.5293660414516,False
clear_probe,3366,20,3720.8530656632065,False
clear_probe,3367,1,5.0,False
clear_probe,3367,6,35.0,False
clear_probe,3367,9,53.0,False
clear_probe,3367,10,59.0,False
clear_probe,3367,11,65.0,False
clear_probe,3367,14,83.0,False
clear_probe,3367,16,95.0,False
clear_probe,3367,18,107.0,False
clear_probe,3367,19,113.0,False
clear_probe,3367,20,119.0,False
clear_probe,3367,3,284.0,False
clear_probe,3367,13,344.0,False
clear_probe,3367,15,356.0,False
clear_probe,3367,8,1689.3868581322424,False
clear_probe,3367,4,3596.669911820482,False
clear_probe,3368,1,5.0,False
clear_probe,3368,2,11.0,False
clear_probe,3368,4,23.0,False
clear_probe,3368,5,29.0,False
clear_probe,3368,11,65.0,False
clear_probe,3368,13,77.0,False
clear_probe,3368,14,83.0,False
clear_probe,3368,18,107.0,False
clear_probe,3368,6,302.0,False
clear_probe,3368,10,1988.0477304357912,False
clear_probe,3368,3,2955.044058472446,False
clear_probe,3368,9,3484.9953127098347,False
clear_probe,3368,7,4103.772891359505,False
clear_probe,3368,19,4647.704118936721,False
clear_probe,3368,17,4788.738657818899,False
clear_probe,3369,4,23.0,False
clear_probe,3369,5,29.0,False
clear_probe,3369,6,35.0,False
clear_probe,3369,7,41.0,False
clear_probe,3369,10,59.0,False
clear_probe,3369,13,77.0,False
clear_probe,3369,17,101.0,False
clear_probe,3369,20,119.0,False
clear_probe,3369,1,272.0,False
clear_probe,3369,11,332.0,False
clear_probe,3369,12,338.0,False
clear_probe,3369,14,350.0,False
clear_probe,3369,19,959.5057398620563,False
clear_probe,3369,2,3033.9947875382045,False
clear_probe,3369,15,4774.00343378501,False
clear_probe,3370,1,5.0,False
clear_probe,3370,2,11.0,False
clear_probe,3370,11,65.0,False
clear_probe,3370,15,89.0,False
clear_probe,3370,17,101.0,False
clear_probe,3370,4,290.0,False
clear_probe,3370,12,338.0,False
clear_probe,3370,16,362.0,False
clear_probe,3370,10,1308.6677388904166,False
clear_probe,3370,14,1575.6677388904166,False
clear_probe,3370,19,5332.495240468426,False
clear_probe,3370,6,5509.495240468426,False
clear_probe,3371,7,41.0,False
clear_probe,3371,8,47.0,False
clear_probe,3371,11,65.0,False
clear_probe,3371,12,71.0,False
clear_probe,3371,14,83.0,False
clear_probe,3371,15,89.0,False
clear_probe,3371,20,119.0,False
clear_probe,3371,13,344.0,False
clear_probe,3371,4,557.0,False
clear_probe,3371,16,1209.394244198309,False
clear_probe,3371,2,1641.394244198309,False
clear_probe,3371,5,1873.696077023029,False
clear_probe,3371,18,1921.696077023029,False
clear_probe,3371,3,3754.9118655108455,False
clear_probe,3371,10,3778.9118655108455,False
clear_probe,3371,1,4012.8062565496302,False
clear_probe,3372,4,23.0,False
clear_probe,3372,7,41.0,False
clear_probe,3372,9,53.0,False
clear_probe,3372,12,71.0,False
clear_probe,3372,13,77.0,False
clear_probe,3372,15,89.0,False
clear_probe,3372,17,101.0,False
clear_probe,3372,19,113.0,False
clear_probe,3372,6,302.0,False
clear_probe,3372,14,646.4893603775879,False
clear_probe,3372,18,664.4893603775879,False
clear_probe,3372,8,987.4003707502116,False
clear_probe,3372,1,2841.387708572142,False
clear_probe,3372,11,2877.387708572142,False
clear_probe,3373,2,11.0,False
clear_probe,3373,4,23.0,False
clear_probe,3373,11,65.0,False
clear_probe,3373,14,83.0,False
clear_probe,3373,17,101.0,False
clear_probe,3373,18,107.0,False
clear_probe,3373,19,113.0,False
clear_probe,3373,9,320.0,False
clear_probe,3373,10,326.0,False
clear_probe,3373,15,2241.1579370973877,False
clear_probe,3373,1,4215.8334960447155,False
clear_probe,3373,6,4239.8334960447155,False
clear_probe,3373,8,4251.8334960447155,False
clear_probe,3373,12,4263.8334960447155,False
clear_probe,3374,3,17.0,False
clear_probe,3374,7,41.0,False
clear_probe,3374,15,89.0,False
clear_probe,3374,17,101.0,False
clear_probe,3374,18,107.0,False
clear_probe,3374,10,326.0,False
clear_probe,3374,16,362.0,False
clear_probe,3374,6,1897.3382217661717,False
clear_probe,3374,11,1921.3382217661717,False
clear_probe,3374,5,6290.40771326959,False
clear_probe,3374,1,7042.335026248035,False
clear_probe,3375,1,5.0,False
clear_probe,3375,5,29.0,False
clear_probe,3375,6,35.0,False
clear_probe,3375,7,41.0,False
clear_probe,3375,11,65.0,False
clear_probe,3375,13,77.0,False
clear_probe,3375,16,95.0,False
clear_probe,3375,17,101.0,False
clear_probe,3375,19,113.0,False
clear_probe,3375,4,290.0,False
clear_probe,3375,14,350.0,False
clear_probe,3375,15,356.0,False
clear_probe,3376,3,17.0,False
clear_probe,3376,4,23.0,False
clear_probe,3376,5,29.0,False
clear_probe,3376,7,41.0,False
clear_probe,3376,8,47.0,False
clear_probe,3376,11,65.0,False
clear_probe,3376,12,71.0,False
clear_probe,3376,14,83.0,False
clear_probe,3376,17,101.0,False
clear_probe,3376,18,107.0,False
clear_probe,3376,19,113.0,False
clear_probe,3376,10,940.0553040846961,False
clear_probe,3376,2,1336.7997271996405,False
clear_probe,3376,6,1342.7997271996405,False
clear_probe,3376,16,1384.7997271996405,False
clear_probe,3377,9,53.0,False
clear_probe,3377,10,59.0,False
clear_probe,3377,15,89.0,False
clear_probe,3377,17,101.0,False
clear_probe,3377,7,308.0,False
clear_probe,3377,11,332.0,False
clear_probe,3377,18,374.0,False
clear_probe,3377,13,612.4295049655279,False
clear_probe,3377,16,630.4295049655279,False
clear_probe,3377,4,2072.686679096998,False
clear_probe,3377,1,3217.311181842334,False
clear_probe,3377,2,3223.311181842334,False
clear_probe,3377,5,4654.572854457721,False
clear_probe,3377,14,4690.572854457721,False
clear_probe,3377,19,4702.572854457721,False
clear_probe,3378,1,5.0,False
clear_probe,3378,3,17.0,False
clear_probe,3378,6,35.0,False
clear_probe,3378,7,41.0,False
clear_probe,3378,11,65.0,False
clear_probe,3378,14,83.0,False
clear_probe,3378,16,95.0,False
clear_probe,3378,17,101.0,False
clear_probe,3378,9,320.0,False
clear_probe,3378,20,386.0,False
clear_probe,3378,10,2668.5674059683115,False
clear_probe,3378,12,4402.390278753759,False
clear_probe,3378,2,4596.440677474041,False
clear_probe,3378,4,5938.974620010751,False
clear_probe,3378,13,5962.974620010751,False
clear_probe,3378,19,5986.974620010751,False
clear_probe,3379,2,11.0,False
clear_probe,3379,6,35.0,False
clear_probe,3379,7,41.0,False
clear_probe,3379,8,47.0,False
clear_probe,3379,10,59.0,False
clear_probe,3379,11,65.0,False
clear_probe,3379,13,77.0,False
clear_probe,3379,15,89.0,False
clear_probe,3379,16,95.0,False
clear_probe,3379,19,113.0,False
clear_probe,3379,20,119.0,False
clear_probe,3379,17,628.2615099696028,False
clear_probe,3379,18,634.2615099696028,False
clear_probe,3379,1,1064.5858687695254,False
clear_probe,3379,3,2262.2780186124123,False
clear_probe,3379,9,2940.8167392473556,False
clear_probe,3380,4,23.0,False
clear_probe,3380,5,29.0,False
clear_probe,3380,7,41.0,False
clear_probe,3380,20,119.0,False
clear_probe,3380,2,278.0,False
clear_probe,3380,11,332.0,False
clear_probe,3380,13,344.0,False
clear_probe,3380,6,579.0976582110275,False
clear_probe,3380,8,2945.4172335653648,False
clear_probe,3380,1,4117.4808840182795,False
clear_probe,3380,14,4159.4808840182795,False
clear_probe,3381,6,35.0,False
clear_probe,3381,10,59.0,False
clear_probe,3381,11,65.0,False
clear_probe,3381,15,89.0,False
clear_probe,3381,19,113.0,False
clear_probe,3381,2,278.0,False
clear_probe,3381,16,362.0,False
clear_probe,3381,20,386.0,False
clear_probe,3381,17,1954.3509463415867,False
clear_probe,3381,13,3060.1578288021415,False
clear_probe,3381,7,4417.50750112326,False
clear_probe,3382,2,11.0,False
clear_probe,3382,3,17.0,False
clear_probe,3382,5,29.0,False
clear_probe,3382,7,41.0,False
clear_probe,3382,8,47.0,False
clear_probe,3382,11,65.0,False
clear_probe,3382,14,83.0,False
clear_probe,3382,16,95.0,False
clear_probe,3382,20,119.0,False
clear_probe,3382,15,356.0,False
clear_probe,3382,4,556.9637989882132,False
clear_probe,3382,6,3709.2022460625126,False
clear_probe,3382,1,4141.537354994629,False
clear_probe,3382,13,4183.537354994629,False
clear_probe,3383,2,11.0,False
clear_probe,3383,5,29.0,False
clear_probe,3383,6,35.0,False
clear_probe,3383,10,59.0,False
clear_probe,3383,14,83.0,False
clear_probe,3383,18,107.0,False
clear_probe,3383,20,119.0,False
clear_probe,3383,4,290.0,False
clear_probe,3383,12,338.0,False
clear_probe,3383,16,1614.0982290332825,False
clear_probe,3383,11,2141.0068292565084,False
clear_probe,3383,13,2147.0068292565084,False
clear_probe,3383,17,2165.0068292565084,False
clear_probe,3383,19,2171.0068292565084,False
clear_probe,3383,1,5014.807554429256,False
clear_probe,3384,6,35.0,False
clear_probe,3384,8,47.0,False
clear_probe,3384,11,65.0,False
clear_probe,3384,17,101.0,False
clear_probe,3384,19,380.0,False
clear_probe,3384,5,2628.4126645894903,False
clear_probe,3384,13,3186.4126645894903,False
clear_probe,3384,20,4328.976400483467,False
clear_probe,3384,18,6842.832534499806,False
clear_probe,3384,1,7220.832534499806,False
clear_probe,3385,7,41.0,False
clear_probe,3385,10,59.0,False
clear_probe,3385,11,65.0,False
clear_probe,3385,14,83.0,False
clear_probe,3385,16,95.0,False
clear_probe,3385,17,101.0,False
clear_probe,3385,20,119.0,False
clear_probe,3385,4,1835.53094715202,False
clear_probe,3385,5,1841.53094715202,False
clear_probe,3385,3,2041.527804055687,False
clear_probe,3385,8,3845.431499354937,False
clear_probe,3385,13,3869.431499354937,False
clear_probe,3385,12,6010.868931709162,False
clear_probe,3386,3,17.0,False
clear_probe,3386,4,23.0,False
clear_probe,3386,7,41.0,False
clear_probe,3386,10,59.0,False
clear_probe,3386,11,65.0,False
clear_probe,3386,12,71.0,False
clear_probe,3386,14,83.0,False
clear_probe,3386,15,1424.0,False
clear_probe,3386,18,1442.0,False
clear_probe,3386,13,5830.785155756628,False
clear_probe,3387,2,11.0,False
clear_probe,3387,8,47.0,False
clear_probe,3387,10,59.0,False
clear_probe,3387,11,65.0,False
clear_probe,3387,12,71.0,False
clear_probe,3387,14,83.0,False
clear_probe,3387,15,89.0,False
clear_probe,3387,13,344.0,False
clear_probe,3387,19,380.0,False
clear_probe,3387,4,1307.8281060926536,False
clear_probe,3387,17,2566.2872549400126,False
clear_probe,3387,6,3463.47101105774,False
clear_probe,3387,1,4610.131049146399,False
clear_probe,3387,3,4622.131049146399,False
clear_probe,3387,18,4670.131049146399,False
clear_probe,3388,1,5.0,False
clear_probe,3388,3,17.0,False
clear_probe,3388,7,41.0,False
clear_probe,3388,9,53.0,False
clear_probe,3388,18,107.0,False
clear_probe,3388,19,113.0,False
clear_probe,3388,20,119.0,False
clear_probe,3388,6,302.0,False
clear_probe,3388,10,546.9963285703354,False
clear_probe,3388,2,1458.739465774973,False
clear_probe,3388,8,2860.1601001235517,False
clear_probe,3389,7,41.0,False
clear_probe,3389,11,65.0,False
clear_probe,3389,17,101.0,False
clear_probe,3389,8,314.0,False
clear_probe,3389,10,326.0,False
clear_probe,3389,12,338.0,False
clear_probe,3389,20,386.0,False
clear_probe,3389,18,1175.8244255804432,False
clear_probe,3389,2,3148.482633958761,False
clear_probe,3389,4,3160.482633958761,False
clear_probe,3389,19,3220.482633958761,False
clear_probe,3389,5,4788.660842613491,False
clear_probe,3389,13,4806.660842613491,False
clear_probe,3389,15,5037.660842613491,False
clear_probe,3389,9,5436.777656890454,False
clear_probe,3390,1,5.0,False
clear_probe,3390,2,11.0,False
clear_probe,3390,8,47.0,False
clear_probe,3390,9,53.0,False
clear_probe,3390,10,59.0,False
clear_probe,3390,20,119.0,False
clear_probe,3390,18,374.0,False
clear_probe,3390,19,380.0,False
clear_probe,3390,17,635.0,False
clear_probe,3390,6,1314.7175790105518,False
clear_probe,3390,7,3872.3128019959154,False
clear_probe,3390,13,4132.351404311741,False
clear_probe,3391,7,41.0,False
clear_probe,3391,9,53.0,False
clear_probe,3391,10,59.0,False
clear_probe,3391,3,284.0,False
clear_probe,3391,4,290.0,False
clear_probe,3391,20,386.0,False
clear_probe,3391,12,1738.63411765373,False
clear_probe,3391,11,2421.3382061569,False
clear_probe,3391,13,2433.3382061569,False
clear_probe,3391,6,2883.3382061569,False
clear_probe,3391,16,4622.532179621011,False
clear_probe,3391,14,5696.819615290582,False
clear_probe,3391,18,5714.819615290582,False
clear_probe,3392,6,35.0,False
clear_probe,3392,11,65.0,False
clear_probe,3392,20,119.0,False
clear_probe,3392,13,344.0,False
clear_probe,3392,15,356.0,False
clear_probe,3392,18,374.0,False
clear_probe,3392,1,1920.278918097106,False
clear_probe,3392,19,2496.278918097106,False
clear_probe,3392,16,3998.414273330733,False
clear_probe,3392,7,4181.414273330733,False
clear_probe,3393,1,5.0,False
clear_probe,3393,3,17.0,False
clear_probe,3393,8,47.0,False
clear_probe,3393,9,53.0,False
clear_probe,3393,12,71.0,False
clear_probe,3393,15,89.0,False
clear_probe,3393,14,350.0,False
clear_probe,3393,2,1346.0,False
clear_probe,3393,11,2051.748115288692,False
clear_probe,3393,4,2852.286617747302,False
clear_probe,3393,7,4353.895350272784,False
clear_probe,3393,19,4407.895350272784,False
clear_probe,3393,13,6316.206659965787,False
clear_probe,3394,1,5.0,False
clear_probe,3394,3,17.0,False
clear_probe,3394,5,29.0,False
clear_probe,3394,9,53.0,False
clear_probe,3394,12,71.0,False
clear_probe,3394,16,95.0,False
clear_probe,3394,19,113.0,False
clear_probe,3394,13,652.666175077353,False
clear_probe,3394,20,694.666175077353,False
clear_probe,3394,2,2126.0612784815617,False
clear_probe,3394,11,2168.0612784815617,False
clear_probe,3394,4,3776.666451856164,False
clear_probe,3395,2,11.0,False
clear_probe,3395,5,29.0,False
clear_probe,3395,8,47.0,False
clear_probe,3395,11,65.0,False
clear_probe,3395,19,113.0,False
clear_probe,3395,20,119.0,False
clear_probe,3395,16,362.0,False
clear_probe,3395,9,587.0,False
clear_probe,3395,3,788.3773417899623,False
clear_probe,3395,1,2335.363208158734,False
clear_probe,3395,14,3390.422065952212,False
clear_probe,3396,2,11.0,False
clear_probe,3396,3,17.0,False
clear_probe,3396,6,35.0,False
clear_probe,3396,7,41.0,False
clear_probe,3396,11,65.0,False
clear_probe,3396,15,89.0,False
clear_probe,3396,16,95.0,False
clear_probe,3396,19,113.0,False
clear_probe,3396,9,320.0,False
clear_probe,3396,13,724.7691083345865,False
clear_probe,3396,20,760.7691083345865,False
clear_probe,3396,18,1103.5969398546329,False
clear_probe,3396,12,4197.240421465723,False
clear_probe,3396,4,5368.954091136405,False
clear_probe,3397,3,17.0,False
clear_probe,3397,4,23.0,False
clear_probe,3397,6,35.0,False
clear_probe,3397,8,47.0,False
clear_probe,3397,11,65.0,False
clear_probe,3397,12,71.0,False
clear_probe,3397,14,83.0,False
clear_probe,3397,16,95.0,False
clear_probe,3397,17,101.0,False
clear_probe,3397,20,119.0,False
clear_probe,3397,5,296.0,False
clear_probe,3397,18,374.0,False
clear_probe,3397,10,2273.3877118036007,False
clear_probe,3397,13,4834.341563056303,False
clear_probe,3397,19,5473.341563056303,False
clear_probe,3398,1,5.0,False
clear_probe,3398,2,11.0,False
clear_probe,3398,7,41.0,False
clear_probe,3398,9,53.0,False
clear_probe,3398,14,83.0,False
clear_probe,3398,3,284.0,False
clear_probe,3398,6,302.0,False
clear_probe,3398,10,326.0,False
clear_probe,3398,17,368.0,False
clear_probe,3398,5,1485.289486840164,False
clear_probe,3398,18,2581.145665552863,False
clear_probe,3398,8,2758.145665552863,False
clear_probe,3398,16,4415.158596768372,False
clear_probe,3398,11,4811.158596768372,False
clear_probe,3398,13,5585.158596768372,False
clear_probe,3398,20,5603.158596768372,False
clear_probe,3399,3,17.0,False
clear_probe,3399,5,29.0,False
clear_probe,3399,11,65.0,False
clear_probe,3399,13,77.0,False
clear_probe,3399,17,101.0,False
clear_probe,3399,18,107.0,False
clear_probe,3399,4,2234.877020123129,False
clear_probe,3399,15,2300.877020123129,False
clear_probe,3399,19,2312.877020123129,False
clear_probe,3399,7,4181.065581164159,False
clear_probe,3399,16,4455.101628211329,False
clear_probe,3400,1,5.0,False
clear_probe,3400,3,17.0,False
clear_probe,3400,5,29.0,False
clear_probe,3400,9,53.0,False
clear_probe,3400,10,59.0,False
clear_probe,3400,11,65.0,False
clear_probe,3400,13,77.0,False
clear_probe,3400,2,278.0,False
clear_probe,3400,6,302.0,False
clear_probe,3400,14,350.0,False
clear_probe,3400,16,362.0,False
clear_probe,3400,7,3637.647131224063,False
clear_probe,3400,19,4898.501394511752,False
clear_probe,3400,12,5466.302483395075,False
clear_probe,3400,18,5484.302483395075,False
clear_probe,3401,9,53.0,False
clear_probe,3401,12,71.0,False
clear_probe,3401,14,83.0,False
clear_probe,3401,15,89.0,False
clear_probe,3401,17,101.0,False
clear_probe,3401,20,119.0,False
clear_probe,3401,1,1997.1058659479825,False
clear_probe,3401,19,2081.1058659479822,False
clear_probe,3401,16,3213.5363173606515,False
clear_probe,3401,11,3729.2316923955455,False
clear_probe,3401,3,3912.2316923955455,False
clear_probe,3401,2,4125.231692395546,False
clear_probe,3401,18,4568.091504577403,False
clear_probe,3402,1,5.0,False
clear_probe,3402,5,29.0,False
clear_probe,3402,7,41.0,False
clear_probe,3402,10,59.0,False
clear_probe,3402,13,77.0,False
clear_probe,3402,14,83.0,False
clear_probe,3402,16,95.0,False
clear_probe,3402,17,101.0,False
clear_probe,3402,2,278.0,False
clear_probe,3402,3,284.0,False
clear_probe,3402,4,290.0,False
clear_probe,3402,12,1909.6217126256226,False
clear_probe,3402,20,2543.6482003843576,False
clear_probe,3402,8,2701.426524946874,False
clear_probe,3402,11,2719.426524946874,False
clear_probe,3402,15,3151.3605162402673,False
clear_probe,3403,3,17.0,False
clear_probe,3403,8,47.0,False
clear_probe,3403,9,53.0,False
clear_probe,3403,12,71.0,False
clear_probe,3403,14,83.0,False
clear_probe,3403,15,89.0,False
clear_probe,3403,18,107.0,False
clear_probe,3403,19,113.0,False
clear_probe,3403,7,842.4529192548086,False
clear_probe,3403,2,1844.4529192548086,False
clear_probe,3404,5,29.0,False
clear_probe,3404,7,41.0,False
clear_probe,3404,10,59.0,False
clear_probe,3404,11,65.0,False
clear_probe,3404,12,71.0,False
clear_probe,3404,17,101.0,False
clear_probe,3404,20,119.0,False
clear_probe,3404,13,344.0,False
clear_probe,3404,3,2322.9417497190047,False
clear_probe,3404,8,3102.715253185938,False
clear_probe,3404,9,3618.580676326574,False
clear_probe,3404,19,3660.580676326574,False
clear_probe,3404,16,4591.556643630367,False
clear_probe,3405,7,41.0,False
clear_probe,3405,8,47.0,False
clear_probe,3405,10,59.0,False
clear_probe,3405,13,77.0,False
clear_probe,3405,18,107.0,False
clear_probe,3405,17,368.0,False
clear_probe,3405,12,1852.2207453713845,False
clear_probe,3405,16,1870.2207453713845,False
clear_probe,3405,6,2003.9208616026303,False
clear_probe,3405,5,2776.0608419829045,False
clear_probe,3405,19,4317.799084576131,False
clear_probe,3406,3,17.0,False
clear_probe,3406,6,35.0,False
clear_probe,3406,9,53.0,False
clear_probe,3406,16,95.0,False
clear_probe,3406,17,101.0,False
clear_probe,3406,18,107.0,False
clear_probe,3406,4,290.0,False
clear_probe,3406,15,356.0,False
clear_probe,3406,8,581.0,False
clear_probe,3406,20,1390.898715245545,False
clear_probe,3406,5,5288.303812354647,False
clear_probe,3406,7,5294.303812354647,False
clear_probe,3407,5,29.0,False
clear_probe,3407,11,65.0,False
clear_probe,3407,13,344.0,False
clear_probe,3407,10,601.7666381772036,False
clear_probe,3407,14,619.7666381772036,False
clear_probe,3407,6,2399.5904800591093,False
clear_probe,3407,8,2411.5904800591093,False
clear_probe,3407,7,4787.999097929518,False
clear_probe,3407,19,5291.999097929518,False
clear_probe,3407,4,6299.41513422239,False
clear_probe,3408,1,5.0,False
clear_probe,3408,5,29.0,False
clear_probe,3408,8,47.0,False
clear_probe,3408,11,65.0,False
clear_probe,3408,14,83.0,False
clear_probe,3408,16,95.0,False
clear_probe,3408,17,101.0,False
clear_probe,3408,19,113.0,False
clear_probe,3408,20,119.0,False
clear_probe,3408,7,308.0,False
clear_probe,3408,10,2299.101229754427,False
clear_probe,3408,4,2727.676551683686,False
clear_probe,3408,6,2733.676551683686,False
clear_probe,3408,13,2751.676551683686,False
clear_probe,3408,15,3183.676551683686,False
clear_probe,3408,12,4520.763958739418,False
clear_probe,3409,1,5.0,False
clear_probe,3409,2,11.0,False
clear_probe,3409,3,17.0,False
clear_probe,3409,5,29.0,False
clear_probe,3409,6,35.0,False
clear_probe,3409,7,41.0,False
clear_probe,3409,10,59.0,False
clear_probe,3409,11,65.0,False
clear_probe,3409,13,77.0,False
clear_probe,3409,14,83.0,False
clear_probe,3409,19,113.0,False
clear_probe,3409,4,290.0,False
clear_probe,3409,17,1288.3875015103051,False
clear_probe,3409,16,2421.7894244980957,False
clear_probe,3409,20,2433.7894244980957,False
clear_probe,3409,15,2844.732176161881,False
clear_probe,3410,2,11.0,False
clear_probe,3410,3,17.0,False
clear_probe,3410,10,59.0,False
clear_probe,3410,16,95.0,False
clear_probe,3410,18,107.0,False
clear_probe,3410,20,119.0,False
clear_probe,3410,12,338.0,False
clear_probe,3410,13,344.0,False
clear_probe,3410,15,891.0021016443341,False
clear_probe,3410,17,1122.6529155388703,False
clear_probe,3410,8,6427.879771582491,False
clear_probe,3410,4,6616.879771582491,False
clear_probe,3411,2,11.0,False
clear_probe,3411,7,41.0,False
clear_probe,3411,10,59.0,False
clear_probe,3411,18,107.0,False
clear_probe,3411,11,332.0,False
clear_probe,3411,9,1469.7641947496913,False
clear_probe,3411,3,2452.6487119372764,False
clear_probe,3411,6,2716.411678015207,False
clear_probe,3411,17,2770.411678015207,False
clear_probe,3411,16,3517.411678015207,False
clear_probe,3412,1,5.0,False
clear_probe,3412,2,11.0,False
clear_probe,3412,9,53.0,False
clear_probe,3412,10,59.0,False
clear_probe,3412,12,71.0,False
clear_probe,3412,14,83.0,False
clear_probe,3412,16,95.0,False
clear_probe,3412,7,308.0,False
clear_probe,3412,8,314.0,False
clear_probe,3412,6,575.2043362269056,False
clear_probe,3412,13,611.2043362269056,False
clear_probe,3412,15,623.2043362269056,False
clear_probe,3412,3,4304.568759218073,False
clear_probe,3413,1,5.0,False
clear_probe,3413,2,11.0,False
clear_probe,3413,3,17.0,False
clear_probe,3413,4,23.0,False
clear_probe,3413,8,47.0,False
clear_probe,3413,9,53.0,False
clear_probe,3413,14,83.0,False
clear_probe,3413,16,95.0,False
clear_probe,3413,19,113.0,False
clear_probe,3413,20,119.0,False
clear_probe,3413,5,296.0,False
clear_probe,3413,6,302.0,False
clear_probe,3413,12,338.0,False
clear_probe,3413,15,356.0,False
clear_probe,3413,10,3845.8826130653592,False
clear_probe,3413,13,4904.781153004737,False
clear_probe,3414,2,11.0,False
clear_probe,3414,3,17.0,False
clear_probe,3414,4,23.0,False
clear_probe,3414,6,35.0,False
clear_probe,3414,14,83.0,False
clear_probe,3414,17,101.0,False
clear_probe,3414,8,314.0,False
clear_probe,3414,12,338.0,False
clear_probe,3414,16,362.0,False
clear_probe,3414,9,3253.904636184089,False
clear_probe,3414,13,4415.200714758072,False
clear_probe,3414,11,4882.362334813831,False
clear_probe,3414,15,5094.462706015436,False
clear_probe,3415,9,53.0,False
clear_probe,3415,12,71.0,False
clear_probe,3415,16,95.0,False
clear_probe,3415,17,101.0,False
clear_probe,3415,18,107.0,False
clear_probe,3415,19,113.0,False
clear_probe,3415,11,332.0,False
clear_probe,3415,20,386.0,False
clear_probe,3415,1,544.4200532778898,False
clear_probe,3415,8,3279.2759360999275,False
clear_probe,3415,6,4748.625131801472,False
clear_probe,3415,7,4754.625131801472,False
clear_probe,3416,3,17.0,False
clear_probe,3416,4,23.0,False
clear_probe,3416,20,119.0,False
clear_probe,3416,6,302.0,False
clear_probe,3416,15,356.0,False
clear_probe,3416,18,374.0,False
clear_probe,3416,19,380.0,False
clear_probe,3416,2,628.158533509694,False
clear_probe,3416,16,706.158533509694,False
clear_probe,3416,5,901.158533509694,False
clear_probe,3416,7,2667.167418140621,False
clear_probe,3416,17,3443.703237931229,False
clear_probe,3416,1,3608.9426109720557,False
clear_probe,3416,9,5091.8703690081165,False
clear_probe,3417,3,17.0,False
clear_probe,3417,4,23.0,False
clear_probe,3417,11,65.0,False
clear_probe,3417,12,71.0,False
clear_probe,3417,13,77.0,False
clear_probe,3417,19,113.0,False
clear_probe,3417,9,320.0,False
clear_probe,3417,15,356.0,False
clear_probe,3417,17,368.0,False
clear_probe,3417,7,582.0512040965912,False
clear_probe,3417,20,2862.5080886140468,False
clear_probe,3417,18,3166.6783443239956,False
clear_probe,3418,3,17.0,False
clear_probe,3418,4,23.0,False
clear_probe,3418,12,71.0,False
clear_probe,3418,16,95.0,False
clear_probe,3418,19,113.0,False
clear_probe,3418,14,350.0,False
clear_probe,3418,17,2740.970297164482,False
clear_probe,3418,5,3433.970297164482,False
clear_probe,3418,6,3439.970297164482,False
clear_probe,3418,10,3684.118130116163,False
clear_probe,3418,2,5175.392185592718,False
clear_probe,3419,1,5.0,False
clear_probe,3419,4,23.0,False
clear_probe,3419,6,35.0,False
clear_probe,3419,7,41.0,False
clear_probe,3419,9,53.0,False
clear_probe,3419,11,65.0,False
clear_probe,3419,12,71.0,False
clear_probe,3419,13,77.0,False
clear_probe,3419,3,284.0,False
clear_probe,3419,16,4685.358898247121,False
clear_probe,3419,15,4994.884576140767,False
clear_probe,3420,1,5.0,False
clear_probe,3420,5,29.0,False
clear_probe,3420,7,41.0,False
clear_probe,3420,10,59.0,False
clear_probe,3420,11,65.0,False
clear_probe,3420,13,77.0,False
clear_probe,3420,14,83.0,False
clear_probe,3420,15,89.0,False
clear_probe,3420,16,95.0,False
clear_probe,3420,18,107.0,False
clear_probe,3420,12,338.0,False
clear_probe,3420,3,1630.3033153531073,False
clear_probe,3420,8,3429.8921367365115,False
clear_probe,3421,6,35.0,False
clear_probe,3421,7,41.0,False
clear_probe,3421,9,53.0,False
clear_probe,3421,11,65.0,False
clear_probe,3421,12,71.0,False
clear_probe,3421,13,77.0,False
clear_probe,3421,15,356.0,False
clear_probe,3421,20,386.0,False
clear_probe,3421,10,2037.1529390183016,False
clear_probe,3421,3,2250.1529390183014,False
clear_probe,3421,1,4287.7073170787835,False
clear_probe,3421,5,4305.7073170787835,False
clear_probe,3421,18,4612.983120333349,False
clear_probe,3422,1,5.0,False
clear_probe,3422,2,11.0,False
clear_probe,3422,12,71.0,False
clear_probe,3422,16,95.0,False
clear_probe,3422,19,113.0,False
clear_probe,3422,6,905.4819732493776,False
clear_probe,3422,7,1288.0109586854835,False
clear_probe,3422,3,1533.1261326889773,False
clear_probe,3422,5,1545.1261326889773,False
clear_probe,3422,13,1587.1261326889773,False
clear_probe,3422,18,2210.986340914825,False
clear_probe,3422,4,2381.986340914825,False
clear_probe,3422,8,2399.986340914825,False
clear_probe,3422,10,2648.986340914825,False
clear_probe,3422,11,2654.986340914825,False
clear_probe,3422,14,2666.986340914825,False
clear_probe,3423,5,29.0,False
clear_probe,3423,7,41.0,False
clear_probe,3423,8,47.0,False
clear_probe,3423,13,77.0,False
clear_probe,3423,16,95.0,False
clear_probe,3423,18,107.0,False
clear_probe,3423,20,119.0,False
clear_probe,3423,6,302.0,False
clear_probe,3423,10,326.0,False
clear_probe,3423,15,356.0,False
clear_probe,3423,11,892.5577539030431,False
clear_probe,3423,19,940.5577539030431,False
clear_probe,3423,2,4122.943310216639,False
clear_probe,3423,12,4760.688168618546,False
clear_probe,3423,14,5180.688168618546,False
clear_probe,3424,5,29.0,False
clear_probe,3424,7,41.0,False
clear_probe,3424,8,47.0,False
clear_probe,3424,12,71.0,False
clear_probe,3424,17,101.0,False
clear_probe,3424,20,119.0,False
clear_probe,3424,6,302.0,False
clear_probe,3424,3,1133.8884736469108,False
clear_probe,3424,13,1175.8884736469108,False
clear_probe,3424,4,1585.5049710988474,False
clear_probe,3424,16,4659.733178438509,False
clear_probe,3424,2,6595.923892352685,False
clear_probe,3425,3,17.0,False
clear_probe,3425,6,35.0,False
clear_probe,3425,9,53.0,False
clear_probe,3425,10,59.0,False
clear_probe,3425,13,77.0,False
clear_probe,3425,14,83.0,False
clear_probe,3425,15,89.0,False
clear_probe,3425,16,362.0,False
clear_probe,3425,1,586.9367257895642,False
clear_probe,3425,2,592.9367257895642,False
clear_probe,3425,11,2410.1439985758257,False
clear_probe,3426,2,11.0,False
clear_probe,3426,3,17.0,False
clear_probe,3426,4,23.0,False
clear_probe,3426,6,35.0,False
clear_probe,3426,8,47.0,False
clear_probe,3426,9,53.0,False
clear_probe,3426,18,107.0,False
clear_probe,3426,11,332.0,False
clear_probe,3426,14,558.6746524664231,False
clear_probe,3426,17,2101.3729469106315,False
clear_probe,3426,10,2569.3729469106315,False
clear_probe,3426,12,2581.3729469106315,False
clear_probe,3427,2,11.0,False
clear_probe,3427,11,65.0,False
clear_probe,3427,17,101.0,False
clear_probe,3427,19,113.0,False
clear_probe,3427,3,284.0,False
clear_probe,3427,4,290.0,False
clear_probe,3427,15,356.0,False
clear_probe,3427,16,362.0,False
clear_probe,3427,7,580.0045642714283,False
clear_probe,3427,8,1322.0533426138088,False
clear_probe,3427,18,3616.3975416161093,False
clear_probe,3427,1,3775.3975416161093,False
clear_probe,3428,1,5.0,False
clear_probe,3428,3,17.0,False
clear_probe,3428,4,23.0,False
clear_probe,3428,5,29.0,False
clear_probe,3428,7,41.0,False
clear_probe,3428,13,77.0,False
clear_probe,3428,16,95.0,False
clear_probe,3428,2,278.0,False
clear_probe,3428,11,913.9930198813062,False
clear_probe,3428,8,1191.1061014571621,False
clear_probe,3428,15,3861.231344851388,False
clear_probe,3428,10,4068.231344851388,False
clear_probe,3429,1,5.0,False
clear_probe,3429,2,11.0,False
clear_probe,3429,6,35.0,False
clear_probe,3429,9,53.0,False
clear_probe,3429,11,65.0,False
clear_probe,3429,15,89.0,False
clear_probe,3429,19,113.0,False
clear_probe,3429,12,338.0,False
clear_probe,3429,13,344.0,False
clear_probe,3429,4,1316.0,False
clear_probe,3429,10,1346.0,False
clear_probe,3429,20,1637.0,False
clear_probe,3429,7,2032.8578057236361,False
clear_probe,3429,14,2062.8578057236364,False
clear_probe,3429,17,2311.8578057236364,False
clear_probe,3430,5,29.0,False
clear_probe,3430,10,59.0,False
clear_probe,3430,11,65.0,False
clear_probe,3430,18,107.0,False
clear_probe,3430,7,308.0,False
clear_probe,3430,13,344.0,False
clear_probe,3430,15,623.0,False
clear_probe,3430,19,2202.2470939582577,False
clear_probe,3430,2,3678.8656031455475,False
clear_probe,3430,20,5570.192338167567,False
clear_probe,3431,7,41.0,False
clear_probe,3431,10,59.0,False
clear_probe,3431,11,65.0,False
clear_probe,3431,12,71.0,False
clear_probe,3431,18,107.0,False
clear_probe,3431,19,113.0,False
clear_probe,3431,6,302.0,False
clear_probe,3431,9,320.0,False
clear_probe,3431,2,4471.35187157206,False
clear_probe,3431,5,4726.35187157206,False
clear_probe,3431,14,4750.35187157206,False
clear_probe,3432,4,23.0,False
clear_probe,3432,15,89.0,False
clear_probe,3432,17,1703.0,False
clear_probe,3432,8,2458.673731414659,False
clear_probe,3432,19,2512.673731414659,False
clear_probe,3432,14,4496.270009478192,False
clear_probe,3432,7,4703.270009478192,False
clear_probe,3432,10,5678.525471576331,False
clear_probe,3432,9,6724.52954864167,False
clear_probe,3432,16,7429.90814293972,False
clear_probe,3433,5,29.0,False
clear_probe,3433,7,41.0,False
clear_probe,3433,8,47.0,False
clear_probe,3433,9,53.0,False
clear_probe,3433,12,71.0,False
clear_probe,3433,13,77.0,False
clear_probe,3433,15,89.0,False
clear_probe,3433,1,272.0,False
clear_probe,3433,14,872.9291976926826,False
clear_probe,3433,20,902.9291976926826,False
clear_probe,3433,11,1618.9400269477476,False
clear_probe,3433,3,2731.5295695289033,False
clear_probe,3434,1,5.0,False
clear_probe,3434,13,77.0,False
clear_probe,3434,9,320.0,False
clear_probe,3434,19,380.0,False
clear_probe,3434,8,581.0,False
clear_probe,3434,14,617.0,False
clear_probe,3434,7,1914.0023754160504,False
clear_probe,3434,5,3744.123330726757,False
clear_probe,3434,6,4786.2329056607805,False
clear_probe,3434,18,4840.2329056607805,False
clear_probe,3434,20,4852.2329056607805,False
clear_probe,3434,12,5520.234856926649,False
clear_probe,3435,1,5.0,False
clear_probe,3435,7,41.0,False
clear_probe,3435,9,53.0,False
clear_probe,3435,11,65.0,False
clear_probe,3435,19,113.0,False
clear_probe,3435,10,2694.6387792552478,False
clear_probe,3435,16,2730.6387792552478,False
clear_probe,3435,8,3447.6387792552478,False
clear_probe,3435,4,3938.6402563099173,False
clear_probe,3435,14,4335.952535181608,False
clear_probe,3436,1,5.0,False
clear_probe,3436,3,17.0,False
clear_probe,3436,5,29.0,False
clear_probe,3436,8,47.0,False
clear_probe,3436,10,59.0,False
clear_probe,3436,14,83.0,False
clear_probe,3436,17,101.0,False
clear_probe,3436,18,107.0,False
clear_probe,3436,19,113.0,False
clear_probe,3436,20,119.0,False
clear_probe,3436,4,290.0,False
clear_probe,3436,11,332.0,False
clear_probe,3436,6,576.139748467253,False
clear_probe,3436,12,3453.139748467253,False
clear_probe,3436,13,4642.4282888410025,False
clear_probe,3436,7,6071.339523695425,False
clear_probe,3437,2,11.0,False
clear_probe,3437,3,17.0,False
clear_probe,3437,4,23.0,False
clear_probe,3437,6,35.0,False
clear_probe,3437,10,59.0,False
clear_probe,3437,17,101.0,False
clear_probe,3437,18,107.0,False
clear_probe,3437,19,113.0,False
clear_probe,3437,11,332.0,False
clear_probe,3437,15,1473.256420488488,False
clear_probe,3437,14,1751.7495744621808,False
clear_probe,3437,9,4443.3408363802,False
clear_probe,3437,13,5940.502010664478,False
clear_probe,3438,2,11.0,False
clear_probe,3438,3,17.0,False
clear_probe,3438,4,23.0,False
clear_probe,3438,11,65.0,False
clear_probe,3438,20,119.0,False
clear_probe,3438,5,296.0,False
clear_probe,3438,17,368.0,False
clear_probe,3438,10,868.6801234167656,False
clear_probe,3438,8,3228.0599374648873,False
clear_probe,3438,12,3246.0599374648873,False
clear_probe,3438,9,5584.812653168044,False
clear_probe,3439,4,23.0,False
clear_probe,3439,5,29.0,False
clear_probe,3439,10,59.0,False
clear_probe,3439,11,65.0,False
clear_probe,3439,13,77.0,False
clear_probe,3439,14,83.0,False
clear_probe,3439,17,101.0,False
clear_probe,3439,6,302.0,False
clear_probe,3439,19,380.0,False
clear_probe,3439,20,1425.9568877775137,False
clear_probe,3439,3,1596.5474954660647,False
clear_probe,3439,9,3496.2423805712183,False
clear_probe,3439,8,4945.600198281183,False
clear_probe,3439,18,5413.600198281183,False
clear_probe,3439,7,7540.286333470535,False
clear_probe,3440,1,5.0,False
clear_probe,3440,2,11.0,False
clear_probe,3440,6,35.0,False
clear_probe,3440,7,41.0,False
clear_probe,3440,8,47.0,False
clear_probe,3440,10,59.0,False
clear_probe,3440,19,113.0,False
clear_probe,3440,20,119.0,False
clear_probe,3440,4,290.0,False
clear_probe,3440,9,320.0,False
clear_probe,3440,15,356.0,False
clear_probe,3440,16,362.0,False
clear_probe,3440,17,3372.340620341661,False
clear_probe,3440,3,4127.544435385211,False
clear_probe,3440,5,4340.544435385211,False
clear_probe,3440,12,4352.544435385211,False
clear_probe,3441,3,17.0,False
clear_probe,3441,6,35.0,False
clear_probe,3441,8,47.0,False
clear_probe,3441,12,71.0,False
clear_probe,3441,15,89.0,False
clear_probe,3441,17,368.0,False
clear_probe,3441,2,2050.7780835328886,False
clear_probe,3441,20,2146.7780835328886,False
clear_probe,3441,10,2857.7780835328886,False
clear_probe,3441,18,2899.7780835328886,False
clear_probe,3441,11,4216.449567305713,False
clear_probe,3441,14,4234.449567305713,False
clear_probe,3441,4,6272.487413514057,False
clear_probe,3442,1,5.0,False
clear_probe,3442,3,17.0,False
clear_probe,3442,4,23.0,False
clear_probe,3442,8,47.0,False
clear_probe,3442,12,71.0,False
clear_probe,3442,13,77.0,False
clear_probe,3442,15,89.0,False
clear_probe,3442,17,101.0,False
clear_probe,3442,6,302.0,False
clear_probe,3442,9,320.0,False
clear_probe,3442,16,362.0,False
clear_probe,3442,19,380.0,False
clear_probe,3442,7,2022.0264312972943,False
clear_probe,3442,20,2339.191906958979,False
clear_probe,3442,2,5719.741641524772,False
clear_probe,3442,14,5755.741641524772,False
clear_probe,3443,7,41.0,False
clear_probe,3443,12,71.0,False
clear_probe,3443,18,107.0,False
clear_probe,3443,10,326.0,False
clear_probe,3443,13,344.0,False
clear_probe,3443,14,350.0,False
clear_probe,3443,15,356.0,False
clear_probe,3443,3,570.8669937034091,False
clear_probe,3443,5,582.8669937034091,False
clear_probe,3443,16,3288.122667503241,False
clear_probe,3443,9,3489.122667503241,False
clear_probe,3443,4,3933.122667503241,False
clear_probe,3443,11,3963.122667503241,False
clear_probe,3443,20,6439.152918383573,False
clear_probe,3444,2,11.0,False
clear_probe,3444,7,41.0,False
clear_probe,3444,15,89.0,False
clear_probe,3444,20,119.0,False
clear_probe,3444,12,338.0,False
clear_probe,3444,13,611.0,False
clear_probe,3444,11,922.7468647564245,False
clear_probe,3444,1,2043.2324532601813,False
clear_probe,3444,16,3985.8159412360524,False
clear_probe,3444,5,5178.249275344228,False
clear_probe,3445,1,5.0,False
clear_probe,3445,5,29.0,False
clear_probe,3445,12,71.0,False
clear_probe,3445,19,113.0,False
clear_probe,3445,11,332.0,False
clear_probe,3445,13,344.0,False
clear_probe,3445,15,356.0,False
clear_probe,3445,18,374.0,False
clear_probe,3445,16,2737.9820083883847,False
clear_probe,3445,14,6610.083738969326,False
clear_probe,3446,6,35.0,False
clear_probe,3446,11,65.0,False
clear_probe,3446,13,77.0,False
clear_probe,3446,14,83.0,False
clear_probe,3446,17,101.0,False
clear_probe,3446,20,119.0,False
clear_probe,3446,8,314.0,False
clear_probe,3446,5,568.0809577238731,False
clear_probe,3446,9,853.0809577238731,False
clear_probe,3446,2,2776.2667043971296,False
clear_probe,3446,3,3873.3399168402907,False
clear_probe,3446,4,4064.979352284669,False
clear_probe,3446,18,4106.9793522846685,False
clear_probe,3447,3,17.0,False
clear_probe,3447,5,29.0,False
clear_probe,3447,11,65.0,False
clear_probe,3447,12,71.0,False
clear_probe,3447,14,83.0,False
clear_probe,3447,15,89.0,False
clear_probe,3447,16,95.0,False
clear_probe,3447,9,320.0,False
clear_probe,3447,20,1169.0,False
clear_probe,3447,4,2739.9866386055496,False
clear_probe,3447,1,3880.5356023266177,False
clear_probe,3447,6,4692.3147304698805,False
clear_probe,3447,8,4704.3147304698805,False
clear_probe,3447,19,5285.868387910366,False
clear_probe,3448,4,23.0,False
clear_probe,3448,13,77.0,False
clear_probe,3448,14,83.0,False
clear_probe,3448,19,113.0,False
clear_probe,3448,20,119.0,False
clear_probe,3448,1,272.0,False
clear_probe,3448,10,326.0,False
clear_probe,3448,12,338.0,False
clear_probe,3448,8,581.0,False
clear_probe,3448,17,4928.346081042024,False
clear_probe,3448,3,5998.044935715454,False
clear_probe,3448,16,6587.090521827524,False
clear_probe,3449,15,89.0,False
clear_probe,3449,16,95.0,False
clear_probe,3449,17,101.0,False
clear_probe,3449,1,272.0,False
clear_probe,3449,7,308.0,False
clear_probe,3449,13,344.0,False
clear_probe,3449,19,380.0,False
clear_probe,3449,6,860.6087965979693,False
clear_probe,3449,3,2392.4790206224,False
clear_probe,3449,10,3157.9350754211105,False
clear_probe,3449,14,5322.7446875331425,False
clear_probe,3450,1,5.0,False
clear_probe,3450,6,35.0,False
clear_probe,3450,8,47.0,False
clear_probe,3450,9,53.0,False
clear_probe,3450,13,77.0,False
clear_probe,3450,14,83.0,False
clear_probe,3450,18,107.0,False
clear_probe,3450,4,290.0,False
clear_probe,3450,5,296.0,False
clear_probe,3450,20,386.0,False
clear_probe,3451,2,11.0,False
clear_probe,3451,3,17.0,False
clear_probe,3451,12,71.0,False
clear_probe,3451,13,77.0,False
clear_probe,3451,19,380.0,False
clear_probe,3451,7,816.9351218929799,False
clear_probe,3451,6,3635.188985058693,False
clear_probe,3451,16,3970.497164761524,False
clear_probe,3451,18,3982.497164761524,False
clear_probe,3451,1,7424.070029814846,False
clear_probe,3452,9,53.0,False
clear_probe,3452,11,65.0,False
clear_probe,3452,13,77.0,False
clear_probe,3452,14,83.0,False
clear_probe,3452,16,95.0,False
clear_probe,3452,3,284.0,False
clear_probe,3452,4,634.8576595305669,False
clear_probe,3452,8,658.8576595305669,False
clear_probe,3452,19,718.8576595305669,False
clear_probe,3452,7,1450.712622122273,False
clear_probe,3452,20,1504.712622122273,False
clear_probe,3452,10,2972.512666374164,False
clear_probe,3452,12,3361.5315288246443,False
clear_probe,3452,18,4657.907281845901,False
clear_probe,3452,6,5053.907281845901,False
clear_probe,3452,15,5284.907281845901,False
clear_probe,3453,5,29.0,False
clear_probe,3453,13,77.0,False
clear_probe,3453,16,95.0,False
clear_probe,3453,17,101.0,False
clear_probe,3453,12,338.0,False
clear_probe,3453,10,593.0,False
clear_probe,3453,9,1376.0,False
clear_probe,3453,11,1910.0,False
clear_probe,3453,1,3131.984039913134,False
clear_probe,3453,8,4721.602274513253,False
clear_probe,3453,14,6273.621470396807,False
clear_probe,3454,1,5.0,False
clear_probe,3454,2,11.0,False
clear_probe,3454,5,29.0,False
clear_probe,3454,8,47.0,False
clear_probe,3454,13,77.0,False
clear_probe,3454,16,95.0,False
clear_probe,3454,17,101.0,False
clear_probe,3454,19,113.0,False
clear_probe,3454,20,119.0,False
clear_probe,3454,14,555.2624143204688,False
clear_probe,3454,11,3355.99001831415,False
clear_probe,3454,10,3846.88232274562,False
clear_probe,3454,7,5309.201863570116,False
clear_probe,3454,3,5492.258048090507,False
clear_probe,3455,13,77.0,False
clear_probe,3455,15,89.0,False
clear_probe,3455,16,95.0,False
clear_probe,3455,17,101.0,False
clear_probe,3455,20,119.0,False
clear_probe,3455,1,272.0,False
clear_probe,3455,8,314.0,False
clear_probe,3455,18,2075.6236546526934,False
clear_probe,3455,11,3006.481676098378,False
clear_probe,3455,14,3024.481676098378,False
clear_probe,3455,7,3251.297091274242,False
clear_probe,3455,9,5383.709926466187,False
clear_probe,3455,5,5584.709926466187,False
clear_probe,3455,4,6216.892363458688,False
clear_probe,3456,14,83.0,False
clear_probe,3456,15,89.0,False
clear_probe,3456,17,101.0,False
clear_probe,3456,18,107.0,False
clear_probe,3456,20,119.0,False
clear_probe,3456,5,296.0,False
clear_probe,3456,12,338.0,False
clear_probe,3456,3,820.4917994071676,False
clear_probe,3456,19,1107.5120800078034,False
clear_probe,3456,9,1356.8925842554572,False
clear_probe,3456,1,1557.8925842554572,False
clear_probe,3456,6,1765.5440524970525,False
clear_probe,3456,8,1777.5440524970525,False
clear_probe,3456,13,3839.2174380223432,False
clear_probe,3456,10,5350.088322997878,False
clear_probe,3456,16,5362.088322997878,False
clear_probe,3457,7,41.0,False
clear_probe,3457,9,53.0,False
clear_probe,3457,13,77.0,False
clear_probe,3457,16,95.0,False
clear_probe,3457,10,326.0,False
clear_probe,3457,17,368.0,False
clear_probe,3457,3,551.0,False
clear_probe,3457,20,1709.570948737859,False
clear_probe,3457,2,2152.5011486926046,False
clear_probe,3457,18,2702.2893716653075,False
clear_probe,3457,11,2891.2893716653075,False
clear_probe,3457,5,3311.2893716653075,False
clear_probe,3458,4,23.0,False
clear_probe,3458,5,29.0,False
clear_probe,3458,9,53.0,False
clear_probe,3458,10,59.0,False
clear_probe,3458,13,77.0,False
clear_probe,3458,14,83.0,False
clear_probe,3458,15,89.0,False
clear_probe,3458,19,113.0,False
clear_probe,3458,20,119.0,False
clear_probe,3458,11,332.0,False
clear_probe,3458,2,591.0634729017047,False
clear_probe,3458,1,3342.2024859088783,False
clear_probe,3458,12,3372.2024859088783,False
clear_probe,3458,16,4250.761537968018,False
clear_probe,3459,1,5.0,False
clear_probe,3459,2,11.0,False
clear_probe,3459,6,35.0,False
clear_probe,3459,19,113.0,False
clear_probe,3459,20,653.0,False
clear_probe,3459,7,1631.0,False
clear_probe,3459,16,1946.0,False
clear_probe,3459,14,3800.651247268236,False
clear_probe,3459,17,3812.651247268236,False
clear_probe,3459,15,4090.445996897431,False
clear_probe,3459,3,4261.4459968974315,False
clear_probe,3460,5,29.0,False
clear_probe,3460,15,89.0,False
clear_probe,3460,16,95.0,False
clear_probe,3460,17,101.0,False
clear_probe,3460,20,119.0,False
clear_probe,3460,12,338.0,False
clear_probe,3460,19,380.0,False
clear_probe,3460,1,765.8093786449525,False
clear_probe,3460,9,2203.420137632279,False
clear_probe,3460,13,2227.420137632279,False
clear_probe,3461,1,5.0,False
clear_probe,3461,2,11.0,False
clear_probe,3461,4,23.0,False
clear_probe,3461,8,47.0,False
clear_probe,3461,9,53.0,False
clear_probe,3461,10,59.0,False
clear_probe,3461,13,77.0,False
clear_probe,3461,15,89.0,False
clear_probe,3461,16,95.0,False
clear_probe,3461,19,113.0,False
clear_probe,3461,6,568.8962128983198,False
clear_probe,3461,18,2894.944211326876,False
clear_probe,3461,5,3225.2463562270527,False
clear_probe,3461,12,3249.2463562270527,False
clear_probe,3461,20,5363.584611253821,False
clear_probe,3462,3,17.0,False
clear_probe,3462,6,35.0,False
clear_probe,3462,7,41.0,False
clear_probe,3462,8,47.0,False
clear_probe,3462,9,53.0,False
clear_probe,3462,11,65.0,False
clear_probe,3462,13,77.0,False
clear_probe,3462,14,83.0,False
clear_probe,3462,15,89.0,False
clear_probe,3462,18,107.0,False
clear_probe,3462,19,113.0,False
clear_probe,3462,1,523.2121462313388,False
clear_probe,3462,4,541.2121462313388,False
clear_probe,3462,16,4568.03084699431,False
clear_probe,3462,10,4763.03084699431,False
clear_probe,3463,2,11.0,False
clear_probe,3463,4,23.0,False
clear_probe,3463,8,47.0,False
clear_probe,3463,9,53.0,False
clear_probe,3463,10,59.0,False
clear_probe,3463,14,83.0,False
clear_probe,3463,15,89.0,False
clear_probe,3463,16,95.0,False
clear_probe,3463,17,101.0,False
clear_probe,3463,20,5686.262462903165,False
clear_probe,3463,18,6337.262462903165,False
clear_probe,3464,7,41.0,False
clear_probe,3464,8,47.0,False
clear_probe,3464,10,59.0,False
clear_probe,3464,11,65.0,False
clear_probe,3464,12,71.0,False
clear_probe,3464,15,89.0,False
clear_probe,3464,17,101.0,False
clear_probe,3464,1,272.0,False
clear_probe,3464,16,362.0,False
clear_probe,3464,20,386.0,False
clear_probe,3464,2,3105.3843923956897,False
clear_probe,3464,5,3123.3843923956897,False
clear_probe,3464,4,4482.17012166985,False
clear_probe,3464,6,4488.17012166985,False
clear_probe,3464,3,6332.4792185160795,False
clear_probe,3465,3,17.0,False
clear_probe,3465,7,41.0,False
clear_probe,3465,13,77.0,False
clear_probe,3465,15,89.0,False
clear_probe,3465,16,95.0,False
clear_probe,3465,19,113.0,False
clear_probe,3465,17,368.0,False
clear_probe,3465,11,647.1512369960479,False
clear_probe,3465,20,695.1512369960479,False
clear_probe,3465,14,3869.7823318267365,False
clear_probe,3465,12,5373.0482382234495,False
clear_probe,3466,1,5.0,False
clear_probe,3466,3,17.0,False
clear_probe,3466,4,23.0,False
clear_probe,3466,11,65.0,False
clear_probe,3466,17,101.0,False
clear_probe,3466,20,119.0,False
clear_probe,3466,5,296.0,False
clear_probe,3466,12,338.0,False
clear_probe,3466,19,380.0,False
clear_probe,3466,8,866.6166739156795,False
clear_probe,3466,9,1093.271323967879,False
clear_probe,3466,13,1111.271323967879,False
clear_probe,3466,10,1785.257425336377,False
clear_probe,3467,7,41.0,False
clear_probe,3467,10,59.0,False
clear_probe,3467,11,65.0,False
clear_probe,3467,18,107.0,False
clear_probe,3467,19,113.0,False
clear_probe,3467,9,320.0,False
clear_probe,3467,20,652.397643552266,False
clear_probe,3467,8,2650.4313470472443,False
clear_probe,3467,12,2662.4313470472443,False
clear_probe,3467,13,2668.4313470472443,False
clear_probe,3467,6,4385.191898565123,False
clear_probe,3467,16,4721.361411985857,False
clear_probe,3468,2,11.0,False
clear_probe,3468,12,71.0,False
clear_probe,3468,13,77.0,False
clear_probe,3468,17,101.0,False
clear_probe,3468,20,119.0,False
clear_probe,3468,6,302.0,False
clear_probe,3468,18,374.0,False
clear_probe,3468,1,547.9201260433698,False
clear_probe,3468,11,601.9201260433698,False
clear_probe,3468,7,1173.0571188190536,False
clear_probe,3468,14,1203.0571188190536,False
clear_probe,3468,9,1444.348866056366,False
clear_probe,3468,10,1450.348866056366,False
clear_probe,3468,19,1486.348866056366,False
clear_probe,3468,16,3505.5516435665286,False
clear_probe,3469,1,5.0,False
clear_probe,3469,2,11.0,False
clear_probe,3469,7,41.0,False
clear_probe,3469,8,47.0,False
clear_probe,3469,9,53.0,False
clear_probe,3469,10,59.0,False
clear_probe,3469,12,71.0,False
clear_probe,3469,14,83.0,False
clear_probe,3469,16,95.0,False
clear_probe,3469,17,101.0,False
clear_probe,3469,18,107.0,False
clear_probe,3469,13,344.0,False
clear_probe,3469,19,380.0,False
clear_probe,3469,11,658.6369792090683,False
clear_probe,3469,15,1802.874868867863,False
clear_probe,3469,5,2350.4067513503796,False
clear_probe,3470,2,11.0,False
clear_probe,3470,6,35.0,False
clear_probe,3470,7,41.0,False
clear_probe,3470,11,65.0,False
clear_probe,3470,15,89.0,False
clear_probe,3470,19,113.0,False
clear_probe,3470,3,284.0,False
clear_probe,3470,14,2438.0,False
clear_probe,3470,13,2693.0,False
clear_probe,3470,20,2735.0,False
clear_probe,3470,10,3772.6318149485446,False
clear_probe,3470,12,3778.6318149485446,False
clear_probe,3470,4,5206.56507622496,False
clear_probe,3470,5,5665.006670923851,False
clear_probe,3471,8,47.0,False
clear_probe,3471,10,59.0,False
clear_probe,3471,11,65.0,False
clear_probe,3471,13,77.0,False
clear_probe,3471,15,89.0,False
clear_probe,3471,17,101.0,False
clear_probe,3471,1,272.0,False
clear_probe,3471,19,380.0,False
clear_probe,3471,3,2183.3046197514495,False
clear_probe,3471,14,3097.9160884640746,False
clear_probe,3471,2,4985.28801850807,False
clear_probe,3471,7,5009.28801850807,False
clear_probe,3472,2,11.0,False
clear_probe,3472,6,35.0,False
clear_probe,3472,10,59.0,False
clear_probe,3472,12,71.0,False
clear_probe,3472,13,77.0,False
clear_probe,3472,1,272.0,False
clear_probe,3472,19,380.0,False
clear_probe,3472,7,1879.930135629315,False
clear_probe,3472,9,2389.930135629315,False
clear_probe,3472,14,4517.18169282311,False
clear_probe,3472,15,6492.932652928296,False
clear_probe,3473,6,35.0,False
clear_probe,3473,10,59.0,False
clear_probe,3473,11,65.0,False
clear_probe,3473,13,77.0,False
clear_probe,3473,14,83.0,False
clear_probe,3473,16,95.0,False
clear_probe,3473,17,101.0,False
clear_probe,3473,1,272.0,False
clear_probe,3473,18,374.0,False
clear_probe,3473,19,380.0,False
clear_probe,3473,20,386.0,False
clear_probe,3473,4,1687.878644973412,False
clear_probe,3473,8,5579.578281052487,False
clear_probe,3473,9,5585.578281052487,False
clear_probe,3473,12,6086.263770751422,False
clear_probe,3473,5,7136.050899943682,False
clear_probe,3474,6,35.0,False
clear_probe,3474,11,65.0,False
clear_probe,3474,12,71.0,False
clear_probe,3474,15,89.0,False
clear_probe,3474,16,95.0,False
clear_probe,3474,17,101.0,False
clear_probe,3474,19,113.0,False
clear_probe,3474,20,119.0,False
clear_probe,3474,3,284.0,False
clear_probe,3474,4,290.0,False
clear_probe,3474,8,314.0,False
clear_probe,3474,18,374.0,False
clear_probe,3474,10,5273.5182355235265,False
clear_probe,3474,2,5669.5182355235265,False
clear_probe,3475,1,5.0,False
clear_probe,3475,2,11.0,False
clear_probe,3475,6,35.0,False
clear_probe,3475,13,77.0,False
clear_probe,3475,18,107.0,False
clear_probe,3475,19,113.0,False
clear_probe,3475,3,284.0,False
clear_probe,3475,9,320.0,False
clear_probe,3475,15,356.0,False
clear_probe,3475,5,563.0,False
clear_probe,3475,4,914.6412486306868,False
clear_probe,3475,12,962.6412486306868,False
clear_probe,3475,8,2421.3093825611745,False
clear_probe,3475,10,2627.122566247612,False
clear_probe,3475,7,2837.5987769202393,False
clear_probe,3475,17,3662.164752470359,False
clear_probe,3476,1,5.0,False
clear_probe,3476,4,23.0,False
clear_probe,3476,5,29.0,False
clear_probe,3476,6,35.0,False
clear_probe,3476,13,77.0,False
clear_probe,3476,19,113.0,False
clear_probe,3476,20,119.0,False
clear_probe,3476,10,326.0,False
clear_probe,3476,12,605.0,False
clear_probe,3476,2,2345.028545151675,False
clear_probe,3476,14,2687.112668245734,False
clear_probe,3476,18,2711.112668245734,False
clear_probe,3476,11,3378.10004425408,False
clear_probe,3476,16,3390.10004425408,False
clear_probe,3476,17,4907.299045099427,False
clear_probe,3476,3,6499.033479609376,False
clear_probe,3477,3,17.0,False
clear_probe,3477,4,23.0,False
clear_probe,3477,8,47.0,False
clear_probe,3477,10,59.0,False
clear_probe,3477,14,83.0,False
clear_probe,3477,17,101.0,False
clear_probe,3477,18,107.0,False
clear_probe,3477,20,119.0,False
clear_probe,3477,5,296.0,False
clear_probe,3477,11,332.0,False
clear_probe,3477,16,362.0,False
clear_probe,3477,6,808.8552795578184,False
clear_probe,3477,7,814.8552795578184,False
clear_probe,3477,9,2836.02471094448,False
clear_probe,3478,4,23.0,False
clear_probe,3478,5,29.0,False
clear_probe,3478,6,35.0,False
clear_probe,3478,10,59.0,False
clear_probe,3478,11,65.0,False
clear_probe,3478,15,89.0,False
clear_probe,3478,13,2359.1868345637226,False
clear_probe,3478,1,2809.1868345637226,False
clear_probe,3478,9,2851.1868345637226,False
clear_probe,3478,12,5318.0743762705615,False
clear_probe,3478,14,5324.0743762705615,False
clear_probe,3478,16,5336.0743762705615,False
clear_probe,3479,7,41.0,False
clear_probe,3479,11,65.0,False
clear_probe,3479,12,71.0,False
clear_probe,3479,17,101.0,False
clear_probe,3479,18,107.0,False
clear_probe,3479,19,113.0,False
clear_probe,3479,3,284.0,False
clear_probe,3479,20,386.0,False
clear_probe,3479,4,593.807831798878,False
clear_probe,3479,14,932.793939203059,False
clear_probe,3479,16,2595.06569757843,False
clear_probe,3480,5,29.0,False
clear_probe,3480,6,35.0,False
clear_probe,3480,7,41.0,False
clear_probe,3480,9,53.0,False
clear_probe,3480,10,59.0,False
clear_probe,3480,12,71.0,False
clear_probe,3480,13,77.0,False
clear_probe,3480,17,101.0,False
clear_probe,3480,19,113.0,False
clear_probe,3480,20,119.0,False
clear_probe,3480,2,278.0,False
clear_probe,3480,3,284.0,False
clear_probe,3480,4,290.0,False
clear_probe,3480,14,3617.550312056955,False
clear_probe,3481,1,5.0,False
clear_probe,3481,8,47.0,False
clear_probe,3481,9,53.0,False
clear_probe,3481,12,71.0,False
clear_probe,3481,16,95.0,False
clear_probe,3481,4,290.0,False
clear_probe,3481,5,296.0,False
clear_probe,3481,6,302.0,False
clear_probe,3481,7,586.1692545481353,False
clear_probe,3481,13,1645.5320408440705,False
clear_probe,3481,15,2333.6608823862703,False
clear_probe,3481,19,2357.6608823862703,False
clear_probe,3481,18,2570.324359493251,False
clear_probe,3481,11,3108.4455143960863,False
clear_probe,3482,6,35.0,False
clear_probe,3482,10,59.0,False
clear_probe,3482,17,101.0,False
clear_probe,3482,20,119.0,False
clear_probe,3482,9,320.0,False
clear_probe,3482,11,332.0,False
clear_probe,3482,16,362.0,False
clear_probe,3482,8,581.0,False
clear_probe,3482,5,2598.5843938427533,False
clear_probe,3482,19,5564.877156581664,False
clear_probe,3482,14,6014.877156581664,False
clear_probe,3482,3,6428.877156581664,False
clear_probe,3483,1,5.0,False
clear_probe,3483,4,23.0,False
clear_probe,3483,6,35.0,False
clear_probe,3483,7,41.0,False
clear_probe,3483,9,53.0,False
clear_probe,3483,15,89.0,False
clear_probe,3483,11,332.0,False
clear_probe,3483,10,2043.3413688562414,False
clear_probe,3483,13,2055.3413688562414,False
clear_probe,3483,19,2681.493698904965,False
clear_probe,3483,3,2824.2873830957824,False
clear_probe,3483,12,3885.9448290195373,False
clear_probe,3483,16,5495.343013559386,False
clear_probe,3484,2,11.0,False
clear_probe,3484,6,35.0,False
clear_probe,3484,7,41.0,False
clear_probe,3484,13,77.0,False
clear_probe,3484,14,83.0,False
clear_probe,3484,18,107.0,False
clear_probe,3484,1,272.0,False
clear_probe,3484,4,530.034930191649,False
clear_probe,3484,10,560.034930191649,False
clear_probe,3484,20,876.2539308819796,False
clear_probe,3484,12,2525.4622475364386,False
clear_probe,3484,17,2555.4622475364386,False
clear_probe,3484,5,3763.464586881994,False
clear_probe,3484,11,3793.464586881994,False
clear_probe,3484,16,5459.624257679884,False
clear_probe,3485,1,5.0,False
clear_probe,3485,4,23.0,False
clear_probe,3485,10,59.0,False
clear_probe,3485,12,71.0,False
clear_probe,3485,20,119.0,False
clear_probe,3485,15,356.0,False
clear_probe,3485,7,3059.3858102474956,False
clear_probe,3485,11,3830.3858102474956,False
clear_probe,3485,17,3860.3858102474956,False
clear_probe,3485,3,4572.506174379262,False
clear_probe,3486,2,11.0,False
clear_probe,3486,6,35.0,False
clear_probe,3486,18,107.0,False
clear_probe,3486,19,113.0,False
clear_probe,3486,9,320.0,False
clear_probe,3486,7,2444.0,False
clear_probe,3486,11,4712.770075970376,False
clear_probe,3486,20,5483.770075970376,False
clear_probe,3486,4,5891.770075970376,False
clear_probe,3486,8,5903.770075970376,False
clear_probe,3486,1,6538.599531689385,False
clear_probe,3487,4,23.0,False
clear_probe,3487,5,29.0,False
clear_probe,3487,6,35.0,False
clear_probe,3487,8,47.0,False
clear_probe,3487,9,53.0,False
clear_probe,3487,10,59.0,False
clear_probe,3487,18,107.0,False
clear_probe,3487,3,284.0,False
clear_probe,3487,12,338.0,False
clear_probe,3487,14,350.0,False
clear_probe,3487,16,362.0,False
clear_probe,3487,1,2271.4417084476718,False
clear_probe,3488,1,5.0,False
clear_probe,3488,5,29.0,False
clear_probe,3488,11,65.0,False
clear_probe,3488,13,77.0,False
clear_probe,3488,14,83.0,False
clear_probe,3488,16,95.0,False
clear_probe,3488,19,113.0,False
clear_probe,3488,7,308.0,False
clear_probe,3488,10,326.0,False
clear_probe,3488,18,374.0,False
clear_probe,3488,6,891.6004824144368,False
clear_probe,3488,3,1694.9061787168241,False
clear_probe,3488,12,1748.9061787168241,False
clear_probe,3488,4,4711.577018271426,False
clear_probe,3488,8,4954.577018271426,False
clear_probe,3488,17,4984.577018271426,False
clear_probe,3489,5,29.0,False
clear_probe,3489,13,77.0,False
clear_probe,3489,17,101.0,False
clear_probe,3489,2,278.0,False
clear_probe,3489,9,2350.99152478894,False
clear_probe,3489,10,3139.99152478894,False
clear_probe,3489,16,4490.923550155565,False
clear_probe,3489,14,4733.580671621876,False
clear_probe,3489,20,4763.580671621876,False
clear_probe,3489,7,4912.83267349223,False
clear_probe,3490,1,5.0,False
clear_probe,3490,5,29.0,False
clear_probe,3490,6,35.0,False
clear_probe,3490,9,53.0,False
clear_probe,3490,11,65.0,False
clear_probe,3490,13,77.0,False
clear_probe,3490,16,95.0,False
clear_probe,3490,18,107.0,False
clear_probe,3490,19,380.0,False
clear_probe,3490,3,546.850939908462,False
clear_probe,3490,14,4071.2865726826503,False
clear_probe,3490,7,4278.28657268265,False
clear_probe,3490,10,4296.28657268265,False
clear_probe,3490,20,4906.033139398772,False
clear_probe,3491,1,5.0,False
clear_probe,3491,2,11.0,False
clear_probe,3491,7,41.0,False
clear_probe,3491,10,59.0,False
clear_probe,3491,14,83.0,False
clear_probe,3491,16,95.0,False
clear_probe,3491,20,119.0,False
clear_probe,3491,19,703.1512269553899,False
clear_probe,3491,13,2242.570874532299,False
clear_probe,3491,11,4572.658284119787,False
clear_probe,3492,1,5.0,False
clear_probe,3492,2,11.0,False
clear_probe,3492,3,17.0,False
clear_probe,3492,8,47.0,False
clear_probe,3492,9,53.0,False
clear_probe,3492,10,59.0,False
clear_probe,3492,14,83.0,False
clear_probe,3492,17,101.0,False
clear_probe,3492,19,113.0,False
clear_probe,3492,5,296.0,False
clear_probe,3492,11,1459.6087719434654,False
clear_probe,3492,18,1501.6087719434654,False
clear_probe,3492,12,2177.3687332284285,False
clear_probe,3492,16,2195.3687332284285,False
clear_probe,3492,20,2213.3687332284285,False
clear_probe,3492,7,4434.511154630115,False
clear_probe,3493,5,29.0,False
clear_probe,3493,7,41.0,False
clear_probe,3493,8,314.0,False
clear_probe,3493,12,338.0,False
clear_probe,3493,3,2557.887876024927,False
clear_probe,3493,6,2575.887876024927,False
clear_probe,3493,16,4227.7557176621385,False
clear_probe,3493,4,5185.035477960688,False
clear_probe,3493,19,5245.035477960688,False
clear_probe,3493,13,5446.035477960688,False
clear_probe,3494,1,5.0,False
clear_probe,3494,3,17.0,False
clear_probe,3494,9,53.0,False
clear_probe,3494,14,83.0,False
clear_probe,3494,16,95.0,False
clear_probe,3494,17,101.0,False
clear_probe,3494,20,119.0,False
clear_probe,3494,4,290.0,False
clear_probe,3494,18,374.0,False
clear_probe,3494,2,655.1649640991585,False
clear_probe,3494,10,2429.1558437997483,False
clear_probe,3494,12,2441.1558437997483,False
clear_probe,3494,15,2453.1558437997483,False
clear_probe,3494,13,3715.2154663239007,False
clear_probe,3495,11,65.0,False
clear_probe,3495,16,95.0,False
clear_probe,3495,17,101.0,False
clear_probe,3495,18,107.0,False
clear_probe,3495,1,272.0,False
clear_probe,3495,7,308.0,False
clear_probe,3495,8,314.0,False
clear_probe,3495,14,350.0,False
clear_probe,3495,15,2790.1214442099836,False
clear_probe,3495,12,4047.237088353434,False
clear_probe,3495,9,4527.237088353434,False
clear_probe,3495,20,4581.237088353434,False
clear_probe,3495,5,5250.237088353434,False
clear_probe,3496,11,65.0,False
clear_probe,3496,12,71.0,False
clear_probe,3496,15,89.0,False
clear_probe,3496,20,119.0,False
clear_probe,3496,10,326.0,False
clear_probe,3496,8,587.6446145753476,False
clear_probe,3496,14,617.6446145753476,False
clear_probe,3496,19,647.6446145753476,False
clear_probe,3496,6,3880.81552619724,False
clear_probe,3496,9,3892.81552619724,False
clear_probe,3496,2,4266.594453604015,False
clear_probe,3496,16,4726.06798978476,False
clear_probe,3496,7,5317.06798978476,False
clear_probe,3496,3,5494.06798978476,False
clear_probe,3497,1,5.0,False
clear_probe,3497,2,11.0,False
clear_probe,3497,3,17.0,False
clear_probe,3497,6,35.0,False
clear_probe,3497,8,47.0,False
clear_probe,3497,9,53.0,False
clear_probe,3497,10,59.0,False
clear_probe,3497,17,101.0,False
clear_probe,3497,18,107.0,False
clear_probe,3497,14,350.0,False
clear_probe,3497,16,362.0,False
clear_probe,3497,7,1418.7035893721113,False
clear_probe,3497,20,2895.2573571567114,False
clear_probe,3497,12,3084.2573571567114,False
clear_probe,3497,19,5921.915129578335,False
clear_probe,3498,2,11.0,False
clear_probe,3498,4,23.0,False
clear_probe,3498,5,29.0,False
clear_probe,3498,7,41.0,False
clear_probe,3498,11,65.0,False
clear_probe,3498,12,71.0,False
clear_probe,3498,14,83.0,False
clear_probe,3498,15,89.0,False
clear_probe,3498,17,101.0,False
clear_probe,3498,18,107.0,False
clear_probe,3498,6,2121.528741898281,False
clear_probe,3498,20,4004.116869714121,False
clear_probe,3498,10,5110.697328429008,False
clear_probe,3499,5,29.0,False
clear_probe,3499,7,41.0,False
clear_probe,3499,15,89.0,False
clear_probe,3499,18,107.0,False
clear_probe,3499,9,2029.65140335579,False
clear_probe,3499,10,2035.65140335579,False
clear_probe,3499,11,2041.65140335579,False
clear_probe,3499,20,2801.6604159361787,False
clear_probe,3499,13,6047.482635730051,False
clear_probe,3499,2,7218.1884585252765,False
