strategy,seed,emitter_count,directional_count,cleared_count,clear_rate,all_cleared,average_localize_clear_time_s,virtual_time_s,movement_time_s,movement_distance_m,measure_time_s,measure_count,no_signal_count,no_signal_rate,direction_count,near_count,channel_switch_count,optical_count,clear_attempt_count,clear_success_count,directional_loss_count,directional_reacquisition_count,mean_first_seen_time_s,max_first_seen_time_s,first_clear_time_s,last_clear_time_s,measurements_before_first_clear,wall_time_s
clear_probe,0,16,8,16,1.0,True,520.1020597557826,8321.632956092522,5748.632956092522,28743.164780462608,2080.0,416,355,0.8533653846153846,61,0,413,16,16,16,6,6,1633.4302756214104,6782.898402722852,490.4637186641315,8321.632956092522,40,0.08828180999989854
clear_probe,1,11,7,11,1.0,True,890.3233233572909,9793.5565569302,6573.5565569302025,32867.782784651004,2640.0,528,486,0.9204545454545454,42,0,525,11,11,11,6,6,1743.3859030405524,6741.190332942387,1319.9869784557202,9793.5565569302,98,0.06775291600206401
clear_probe,2,16,6,16,1.0,True,591.8305107763993,9469.288172422388,6509.288172422385,32546.44086211193,2405.0,481,421,0.8752598752598753,60,0,475,16,16,16,7,7,2474.195365173565,5112.839478204235,1033.6309582310344,9469.288172422388,80,0.09103690500342054
clear_probe,3,11,2,11,1.0,True,722.5034241441742,7947.537665585916,4899.537665585918,24497.68832792959,2495.0,499,453,0.9078156312625251,46,0,498,11,11,11,2,2,2411.45762553616,6549.498980098676,1750.6791874398764,7623.9830335527695,137,0.046544504002667964
clear_probe,4,11,5,11,1.0,True,826.652854372844,9093.181398101284,5849.181398101283,29245.90699050642,2660.0,532,489,0.9191729323308271,43,0,529,11,11,11,7,7,1897.6159991981926,5463.360835020952,3677.0418794916563,9093.181398101284,272,0.04506773399771191
clear_probe,5,14,6,14,1.0,True,669.7333743044853,9376.267240262794,6434.267240262793,32171.33620131397,2395.0,479,430,0.8977035490605428,49,0,477,14,14,14,9,9,2731.5520927518664,5426.457428708041,1818.1265583866993,9376.267240262794,140,0.08338218200515257
clear_probe,6,16,6,16,1.0,True,523.4614511832892,8375.383218932628,5873.383218932628,29366.916094663145,2020.0,404,335,0.8292079207920792,69,0,402,16,16,16,8,8,1096.3163509630326,5475.30822145328,502.7389155774529,8375.383218932628,40,0.08570629899622872
clear_probe,7,12,7,12,1.0,True,690.4424665838795,8285.309599006554,5310.309599006555,26551.547995032775,2430.0,486,442,0.9094650205761317,44,0,485,12,12,12,7,7,2482.44474534153,6207.055787647114,2000.3282122706578,8285.309599006554,153,0.05724230800115038
clear_probe,8,11,6,10,0.9090909090909091,False,782.1854775893738,7821.854775893738,4994.854775893738,24974.27387946869,2315.0,463,432,0.9330453563714903,31,0,462,10,10,10,3,3,2351.712009506412,4278.918957335769,726.2713812523642,7507.3147832803015,60,0.03070223100075964
clear_probe,9,13,8,13,1.0,True,731.7701716794891,9513.012231833358,6150.012231833358,30750.06115916678,2750.0,550,507,0.9218181818181819,43,0,548,13,13,13,9,9,2636.044012452158,6216.411717307945,489.11577981176504,9513.012231833358,40,0.05285564299992984
clear_probe,10,14,8,14,1.0,True,647.2075514988012,9060.905720983217,5745.905720983218,28729.528604916108,2705.0,541,479,0.8853974121996303,62,0,540,14,14,14,9,9,1808.397696952886,5047.783878670201,3925.2492465730984,9060.905720983217,300,0.06153959599760128
clear_probe,11,13,8,13,1.0,True,767.1443467420316,9972.876507646411,7012.8765076464115,35064.382538232065,2415.0,483,434,0.8985507246376812,49,0,480,13,13,13,13,13,1503.6828224891663,5324.736533975548,733.7348583470529,9972.876507646411,59,0.07498624800064135
clear_probe,12,13,10,13,1.0,True,714.3608147642258,9286.690591934936,6404.690591934936,32023.452959674683,2350.0,470,428,0.9106382978723404,42,0,467,13,13,13,10,10,1776.234847157712,4825.15989013893,491.2435141061389,9286.690591934936,40,0.08411407200037502
clear_probe,13,12,6,12,1.0,True,815.7232964693909,9788.679557632691,6773.679557632695,33868.39778816348,2465.0,493,454,0.920892494929006,39,0,490,12,12,12,7,7,1908.9280579709791,7481.18700868467,776.8433221086632,9788.679557632691,60,0.04307144099584548
clear_probe,14,10,6,10,1.0,True,824.8716149623103,8248.716149623104,5325.716149623104,26628.580748115517,2395.0,479,445,0.9290187891440501,34,0,478,10,10,10,4,4,1321.6178877051925,3044.4312274981107,403.94169435937135,7616.381669945615,40,0.039506205001089256
clear_probe,15,11,5,11,1.0,True,881.1709148073237,9692.88006288056,6500.88006288056,32504.400314402803,2615.0,523,482,0.9216061185468452,41,0,522,11,11,11,6,6,2005.5498822616958,7586.333682814012,1755.398523545633,9692.88006288056,138,0.09638256700418424
clear_probe,16,12,8,12,1.0,True,720.4764870703971,8645.717844844765,5922.717844844764,29613.589224223826,2220.0,444,404,0.9099099099099099,40,0,443,12,12,12,6,6,1718.785355254943,4527.998693803507,524.7521508905238,8026.183412811235,40,0.04035685499547981
clear_probe,17,14,8,14,1.0,True,636.1114643774555,8905.560501284377,5831.560501284377,29157.80250642189,2505.0,501,444,0.8862275449101796,57,0,499,14,14,14,8,8,3021.0215977179787,6943.552311604981,1550.8480493243965,8905.560501284377,117,0.09242199400614481
clear_probe,18,11,4,11,1.0,True,816.5513367639104,8982.064704403014,5886.064704403015,29430.323522015067,2535.0,507,455,0.8974358974358975,52,0,506,11,11,11,3,3,1388.2142926631377,4541.965798262845,2026.1024995929724,8982.064704403014,153,0.09126292300061323
clear_probe,19,15,10,15,1.0,True,657.6875413907809,9865.313120861714,6915.313120861714,34576.56560430857,2400.0,480,423,0.88125,57,0,475,15,15,15,6,6,3380.63782147192,7254.28689263057,448.98378313357387,9865.313120861714,40,0.14264304599782918
clear_probe,20,15,6,15,1.0,True,505.2921468942615,7579.382203413923,4913.382203413921,24566.911017069615,2160.0,432,376,0.8703703703703703,56,0,431,15,15,15,4,4,2321.1848409162276,6194.625397065496,501.9904123080294,7003.554901798602,40,0.04818871000315994
clear_probe,21,11,5,11,1.0,True,745.5655284292236,8201.22081272146,5243.220812721459,26216.104063607294,2420.0,484,443,0.9152892561983471,41,0,483,11,11,11,6,6,1739.5302814253175,5543.507423222736,466.4593564062068,8201.22081272146,40,0.046184406004613265
clear_probe,22,11,2,11,1.0,True,665.2352964795543,7317.5882612750975,4527.5882612750975,22637.941306375484,2280.0,456,419,0.918859649122807,37,0,455,11,11,11,1,1,1894.1745286419964,5240.6747616331295,719.3933322121983,6989.788266268293,60,0.051224315000581555
clear_probe,23,16,9,16,1.0,True,587.4960540270907,9399.936864433452,6849.936864433453,34249.684322167275,2060.0,412,354,0.8592233009708737,58,0,410,16,16,16,9,9,1548.6061994373863,6071.372148404949,1498.8333434968235,9399.936864433452,117,0.0761177989988937
clear_probe,24,15,10,15,1.0,True,651.9087871415267,9778.6318071229,6742.631807122899,33713.1590356145,2470.0,494,443,0.8967611336032388,51,0,491,15,15,15,10,10,2195.1154310157162,6297.678145157956,1208.9736937949199,9778.6318071229,97,0.08447372400405584
clear_probe,25,13,7,13,1.0,True,652.3271908416898,8480.253480941967,5680.253480941966,28401.267404709833,2280.0,456,406,0.8903508771929824,50,0,455,13,13,13,8,8,478.82218397463737,2497.6108102782573,510.8329947836284,8480.253480941967,40,0.06026238599588396
clear_probe,26,15,7,15,1.0,True,590.1271071579197,8851.906607368795,6047.906607368794,30239.533036843965,2275.0,455,399,0.8769230769230769,56,0,454,15,15,15,8,8,2049.5527771137954,5924.643370099729,453.24033488166896,8851.906607368795,40,0.06791961300041294
clear_probe,27,15,6,15,1.0,True,519.4152537039176,7791.228805558764,5233.228805558762,26166.144027793816,2070.0,414,358,0.8647342995169082,56,0,413,15,15,15,7,7,1736.1861486197276,5771.187100125424,523.300445590628,7791.228805558764,40,0.05188585800351575
clear_probe,28,10,6,10,1.0,True,853.7457962959885,8537.457962959885,5428.457962959885,27142.28981479942,2550.0,510,477,0.9352941176470588,33,0,509,10,10,10,7,7,470.87002903666024,1860.442764744376,481.6410238406226,7827.495133941537,40,0.038213957006519195
clear_probe,29,14,7,14,1.0,True,741.6622334068674,10383.271267696144,7378.271267696142,36891.35633848072,2450.0,490,437,0.8918367346938776,53,0,485,14,14,14,7,7,1918.6780479916054,6936.396851249297,762.1706040277918,10383.271267696144,60,0.10747686400281964
clear_probe,30,14,5,14,1.0,True,616.6302341080379,8632.82327751253,5659.823277512531,28299.116387562644,2420.0,484,433,0.8946280991735537,51,0,483,14,14,14,5,5,3013.0996808741816,7357.178388302981,1537.3505361176833,8632.82327751253,120,0.05499747999419924
clear_probe,31,10,5,10,1.0,True,862.5686987169626,8625.686987169625,5564.6869871696235,27823.43493584812,2510.0,502,459,0.9143426294820717,43,0,501,10,10,10,7,7,318.6787397385004,879.5957991283346,458.74753210903236,7466.077184876,40,0.04280681700038258
clear_probe,32,10,6,10,1.0,True,877.5345723444289,8775.345723444289,5594.34572344429,27971.72861722145,2610.0,522,488,0.9348659003831418,34,0,521,10,10,10,5,5,2996.459329149508,8039.171565184151,1744.9644347851222,8775.345723444289,133,0.032192471000598744
clear_probe,33,14,6,14,1.0,True,704.7033785467812,9865.847299654937,6996.847299654938,34984.23649827469,2335.0,467,414,0.8865096359743041,53,0,464,14,14,14,13,13,1066.2582885059287,5115.7845383163285,467.78001383009047,9865.847299654937,40,0.08034231000056025
clear_probe,34,14,10,14,1.0,True,700.170240702935,9802.383369841089,6812.383369841087,34061.91684920544,2435.0,487,435,0.893223819301848,52,0,485,14,14,14,16,16,1303.9547155858331,7353.300730761513,507.24872845484845,9802.383369841089,40,0.07481853099307045
clear_probe,35,14,9,14,1.0,True,742.97789620889,10401.69054692446,7287.690546924459,36438.452734622304,2540.0,508,458,0.9015748031496063,50,0,504,14,14,14,12,12,2761.7025006598874,7709.667277341373,2577.3183456678876,10401.69054692446,188,0.0768051179984468
clear_probe,36,12,7,12,1.0,True,840.8887854059159,10090.665424870991,7143.66542487099,35718.32712435495,2410.0,482,438,0.9087136929460581,44,0,477,12,12,12,7,7,2064.3947411048885,8252.903394408091,430.46870354063634,10090.665424870991,40,0.07724337100080447
clear_probe,37,15,9,15,1.0,True,681.5664861820848,10223.497292731272,6967.497292731268,34837.48646365635,2655.0,531,473,0.8907721280602636,58,0,526,15,15,15,16,16,1303.478604959454,5069.767527065382,1523.867894525041,10223.497292731272,120,0.1557633580014226
clear_probe,38,15,9,15,1.0,True,553.5440901632229,8303.161352448344,5769.161352448344,28845.806762241722,2050.0,410,355,0.8658536585365854,55,0,409,15,15,15,9,9,2351.494913006261,6252.693855930756,803.7411600715145,8303.161352448344,60,0.048587903002044186
clear_probe,39,11,4,11,1.0,True,777.594356505264,8553.537921557905,5499.537921557905,27497.68960778952,2500.0,500,462,0.924,38,0,499,11,11,11,3,3,2288.4318725538074,6432.329532349753,737.5647702531049,8553.537921557905,60,0.04553188100544503
clear_probe,40,13,5,13,1.0,True,563.8348943941784,7329.853627124319,5033.853627124319,25169.268135621594,1860.0,372,321,0.8629032258064516,51,0,371,13,13,13,3,3,835.1801023587955,2571.1691960453118,432.1955215423772,7329.853627124319,40,0.04583074399852194
clear_probe,41,13,9,13,1.0,True,755.844917762711,9825.983930915243,6828.983930915244,34144.91965457621,2445.0,489,440,0.8997955010224948,49,0,487,13,13,13,11,11,2273.2846559271916,6651.881732388378,743.7115553941263,9825.983930915243,60,0.05523351699957857
clear_probe,42,15,6,15,1.0,True,624.4531721944196,9366.797582916293,6283.797582916296,31418.987914581478,2510.0,502,437,0.8705179282868526,65,0,498,15,15,15,11,11,1787.07260682057,6555.563668290708,520.6467308598617,9366.797582916293,40,0.13959489899571054
clear_probe,43,10,8,10,1.0,True,878.9753407652646,8789.753407652646,5662.753407652647,28313.767038263235,2565.0,513,477,0.9298245614035088,36,0,512,10,10,10,8,8,2687.943636227309,5442.8491439303425,448.5995400087695,7026.7513578696935,40,0.044383198001014534
clear_probe,44,13,7,13,1.0,True,746.0213856371321,9698.278013282717,6951.278013282715,34756.39006641357,2240.0,448,400,0.8928571428571429,48,0,442,13,13,13,10,10,935.1778231593964,4161.27794469864,523.896436872775,9698.278013282717,40,0.13926222000009147
clear_probe,45,12,6,12,1.0,True,717.3643441405899,8608.372129687079,5687.37212968708,28436.860648435395,2385.0,477,433,0.9077568134171907,44,0,476,12,12,12,9,9,1612.153372952581,4957.033141825718,744.0154418131798,8205.79000245963,60,0.042231552994053345
clear_probe,46,10,4,10,1.0,True,881.9429998935487,8819.429998935488,5464.429998935486,27322.14999467743,2755.0,551,505,0.9165154264972777,46,0,550,10,10,10,10,10,1776.5,4271.0,4716.1686766020875,8552.008987982086,350,0.060164105001604185
clear_probe,47,12,5,12,1.0,True,746.5217506604968,8958.261007925961,5853.261007925962,29266.305039629813,2540.0,508,465,0.9153543307086615,43,0,505,12,12,12,6,6,2622.0438829785917,6244.234912541069,1733.330648851871,8958.261007925961,134,0.0721968099969672
clear_probe,48,14,5,14,1.0,True,587.9671778997516,8231.540490596522,5595.540490596523,27977.702452982612,2140.0,428,382,0.8925233644859814,46,0,426,14,14,14,7,7,1192.0461679731754,6235.688267159104,474.1941975964953,8231.540490596522,40,0.06516143699991517
clear_probe,49,10,6,10,1.0,True,822.785863441895,8227.85863441895,5220.858634418949,26104.29317209474,2465.0,493,452,0.9168356997971603,41,0,492,10,10,10,7,7,727.864730148253,2685.9863030784045,449.6746953257205,8227.85863441895,40,0.040460427000653
clear_probe,50,13,5,13,1.0,True,644.3155158437328,8376.101705968525,5420.101705968524,27100.508529842627,2410.0,482,428,0.8879668049792531,54,0,481,13,13,13,4,4,2175.7352565506562,6538.434279405895,1804.3778869271423,8334.101705968525,136,0.055079835998185445
clear_probe,51,11,4,11,1.0,True,731.3249860582936,8044.57484664123,5116.5748466412315,25582.874233206156,2395.0,479,437,0.9123173277661796,42,0,478,11,11,11,3,3,1541.4300382079155,6532.731661327299,476.1536344689191,8044.57484664123,40,0.037957064996589907
clear_probe,52,12,6,12,1.0,True,742.6238115295046,8911.485738354055,5840.485738354053,29202.42869177027,2510.0,502,462,0.9203187250996016,40,0,501,12,12,12,7,7,2370.9368907592057,8082.6704993811345,1853.4224637348368,8911.485738354055,138,0.04950933600048302
clear_probe,53,14,6,14,1.0,True,580.7541392628708,8130.557949680192,5571.557949680192,27857.789748400966,2075.0,415,363,0.8746987951807229,52,0,414,14,14,14,7,7,2645.3338668919164,6730.073995656282,498.1153121603504,8130.557949680192,40,0.07632661800016649
clear_probe,54,11,8,11,1.0,True,974.3343009677454,10717.6773106452,7075.6773106452,35378.38655322601,2990.0,598,550,0.919732441471572,48,0,597,11,11,11,16,16,1942.1558639326902,5391.428625814898,1791.6075369769442,10717.6773106452,140,0.1540558130000136
clear_probe,55,10,5,10,1.0,True,837.9769071971307,8379.769071971306,5120.769071971308,25603.84535985654,2675.0,535,503,0.9401869158878504,32,0,534,10,10,10,4,4,2712.3214897694097,6132.616155763429,794.3109085448798,8075.464709760933,60,0.03755493700009538
clear_probe,56,16,10,16,1.0,True,575.6931561585535,9211.090498536856,6534.090498536855,32670.452492684268,2165.0,433,365,0.8429561200923787,68,0,432,16,16,16,14,14,2198.714785599427,6069.213273025661,417.43765552074206,9211.090498536856,40,0.11837175300024683
clear_probe,57,10,5,10,1.0,True,821.9243376237046,8219.243376237046,5284.243376237046,26421.216881185228,2405.0,481,444,0.9230769230769231,37,0,480,10,10,10,3,3,1829.8738439264603,7928.1276446320935,1546.2456673960062,8219.243376237046,119,0.05660099100350635
clear_probe,58,14,10,14,1.0,True,681.346909039384,9538.856726551376,6254.856726551376,31274.283632756877,2680.0,536,480,0.8955223880597015,56,0,534,14,14,14,19,19,1341.4319558632358,5341.023281441126,524.8889063412473,9538.856726551376,40,0.14094542100065155
clear_probe,59,11,5,11,1.0,True,870.6191757272683,9576.810932999952,6261.81093299995,31309.054664999745,2720.0,544,501,0.9209558823529411,43,0,540,11,11,11,5,5,2743.5588931726993,5552.670462189598,2006.1192281099632,9576.810932999952,158,0.0961858260052395
clear_probe,60,12,5,12,1.0,True,700.4870016976287,8405.844020371544,6006.844020371543,30034.22010185771,1950.0,390,349,0.8948717948717949,41,0,389,12,12,12,3,3,1111.0973708702422,4351.866015312155,451.8692838197505,8405.844020371544,40,0.052127178001683205
clear_probe,61,13,9,13,1.0,True,708.5043203296643,9210.556164285636,6404.556164285633,32022.78082142816,2285.0,457,411,0.899343544857768,46,0,456,13,13,13,11,11,1702.4945883986543,6714.196329945048,719.7832879538407,9210.556164285636,60,0.0853724139960832
clear_probe,62,14,7,14,1.0,True,647.4917034156007,9064.88384781841,6061.88384781841,30309.419239092043,2445.0,489,435,0.8895705521472392,54,0,488,14,14,14,6,6,3153.064529885093,6606.33644221136,3174.6830484848706,9064.88384781841,238,0.0671465739942505
clear_probe,63,13,7,13,1.0,True,644.5719261180946,8379.435039535228,5611.435039535228,28057.17519767614,2255.0,451,411,0.9113082039911308,40,0,448,13,13,13,10,10,1644.1032772507047,6575.954592825331,475.38552099083654,8379.435039535228,40,0.06817781700374326
clear_probe,64,13,5,13,1.0,True,671.8120934305852,8733.557214597608,5796.557214597606,28982.786072988034,2395.0,479,426,0.8893528183716075,53,0,477,13,13,13,7,7,1283.237008011912,4810.678571736118,3823.012903666132,8733.557214597608,285,0.09788567000214243
clear_probe,65,13,5,13,1.0,True,690.687789677371,8978.941265805823,5950.941265805823,29754.706329029108,2470.0,494,443,0.8967611336032388,51,0,493,13,13,13,3,3,2062.5601603051527,5298.910247072585,1272.8270967523383,8978.941265805823,97,0.04957200199714862
clear_probe,66,10,7,10,1.0,True,959.2294082572835,9592.294082572835,5940.294082572836,29701.47041286418,3005.0,601,561,0.9334442595673876,40,0,597,10,10,10,12,12,2144.2594116784553,4201.835758572556,1835.4153239217712,9592.294082572835,138,0.12659802899725037
clear_probe,67,10,6,10,1.0,True,943.2268904152194,9432.268904152193,5826.268904152191,29131.34452076095,2965.0,593,555,0.9359190556492412,38,0,591,10,10,10,6,6,3054.0919497872987,4957.319916312164,2825.4021629327626,9432.268904152193,220,0.05120519399497425
clear_probe,68,15,7,15,1.0,True,652.3744961144978,9785.617441717466,6718.617441717468,33593.087208587334,2495.0,499,443,0.8877755511022044,56,0,497,15,15,15,9,9,3084.7609868584304,6824.823626519161,3690.847231925757,9785.617441717466,279,0.09671713399438886
clear_probe,69,15,9,15,1.0,True,590.66553063815,8859.98295957225,6241.982959572246,31209.91479786124,2125.0,425,373,0.8776470588235294,52,0,418,15,15,15,10,10,1143.7217822347045,3847.5455154271026,497.4290462789876,8859.98295957225,40,0.10015479299909202
clear_probe,70,10,3,10,1.0,True,895.79482992318,8957.9482992318,5932.948299231803,29664.74149615902,2480.0,496,453,0.9133064516129032,43,0,495,10,10,10,4,4,1498.0879022156666,5561.856469436516,1806.1660832836358,8957.9482992318,140,0.05213430900039384
clear_probe,71,12,5,12,1.0,True,684.3561015946942,8212.27321913633,5525.273219136329,27626.36609568165,2190.0,438,396,0.9041095890410958,42,0,437,12,12,12,3,3,1556.8371600784494,5665.466594901923,1744.017009158682,8212.27321913633,136,0.04145774800417712
clear_probe,72,10,8,10,1.0,True,964.0788618480049,9640.788618480048,5763.788618480047,28818.94309240024,3190.0,638,597,0.9357366771159875,41,0,637,10,10,10,14,14,2457.3476663649653,5584.492221216551,3929.2743254171246,9640.788618480048,300,0.06427662199712358
clear_probe,73,12,8,12,1.0,True,763.6210311995568,9163.452374394681,5843.45237439468,29217.261871973406,2720.0,544,500,0.9191176470588235,44,0,540,12,12,12,8,8,3262.119413876216,7763.268656372224,441.7867673202887,9163.452374394681,40,0.05070188600075198
clear_probe,74,16,7,16,1.0,True,472.31920730858224,7557.107316937316,5330.107316937316,26650.536584686575,1790.0,358,303,0.8463687150837989,55,0,357,16,16,16,5,5,1466.3610601085672,5997.965499368047,523.3466226252197,7207.728797469852,40,0.046544837998226285
clear_probe,75,13,8,13,1.0,True,773.3919040126727,10054.094752164745,6669.0947521647395,33345.4737608237,2770.0,554,507,0.9151624548736462,47,0,550,13,13,13,11,11,1781.6136296919294,5911.02401113328,1331.0217021789945,10054.094752164745,100,0.13312779000261799
clear_probe,76,12,6,12,1.0,True,724.9074081173671,8698.888897408406,5783.888897408408,28919.444487042038,2380.0,476,439,0.9222689075630253,37,0,475,12,12,12,7,7,1796.7798982659344,8068.23488586765,2444.142712929731,8413.904223787398,168,0.049477189997560345
clear_probe,77,16,7,16,1.0,True,575.8776540911117,9214.042465457787,6509.042465457787,32545.21232728893,2190.0,438,377,0.860730593607306,61,0,435,16,16,16,12,12,963.875800558906,5193.534772695296,707.576168304475,9214.042465457787,60,0.1012440999984392
clear_probe,78,16,10,16,1.0,True,558.6281495405801,8938.050392649282,6231.050392649283,31155.25196324641,2190.0,438,380,0.867579908675799,58,0,437,16,16,16,8,8,2940.063381996256,5975.51521631287,416.1623533842405,8938.050392649282,40,0.10066802700021071
clear_probe,79,11,3,11,1.0,True,738.5345499571506,8123.880049528657,5321.880049528658,26609.40024764329,2290.0,458,407,0.888646288209607,51,0,457,11,11,11,2,2,608.2755495044563,3092.0310445490195,1788.673683891287,6868.216329032207,133,0.050689310002780985
clear_probe,80,12,6,12,1.0,True,782.7488762460952,9392.986514953142,6312.986514953139,31564.932574765695,2520.0,504,458,0.9087301587301587,46,0,500,12,12,12,9,9,1707.7989930005608,7349.335490273585,432.1015354448854,9392.986514953142,40,0.12386090299696662
clear_probe,81,14,6,14,1.0,True,693.2625975292063,9705.676365408888,6685.676365408888,33428.381827044446,2460.0,492,437,0.8882113821138211,55,0,490,14,14,14,8,8,2782.9942088154557,7208.774485305718,1820.3755376890635,9705.676365408888,134,0.12865201699605677
clear_probe,82,11,8,11,1.0,True,872.4368511311278,9596.805362442406,6249.805362442406,31249.02681221203,2745.0,549,504,0.9180327868852459,45,0,547,11,11,11,13,13,1180.3890403733224,8011.279444106545,3911.305779639807,9596.805362442406,286,0.09731776399712544
clear_probe,83,13,6,13,1.0,True,725.45598278899,9430.92777625687,6224.92777625687,31124.638881284358,2620.0,524,466,0.8893129770992366,58,0,521,13,13,13,7,7,1789.4917912325993,5483.696118411806,773.2562892030509,9430.92777625687,60,0.10483796600601636
clear_probe,84,15,8,15,1.0,True,603.6573135551157,9054.859703326736,6142.859703326732,30714.298516633666,2365.0,473,412,0.8710359408033826,61,0,472,15,15,15,8,8,2420.642062881379,6004.27473370124,1012.0764865498473,9054.859703326736,80,0.09843431199988117
clear_probe,85,11,5,11,1.0,True,788.9401344999493,8678.341479499442,5523.341479499442,27616.707397497208,2585.0,517,476,0.9206963249516441,41,0,515,11,11,11,5,5,2268.336727779643,4824.258506253563,1028.4202170830827,8678.341479499442,80,0.07858100500016008
clear_probe,86,16,11,16,1.0,True,609.7347195745368,9755.75551319259,6908.755513192587,34543.77756596294,2310.0,462,392,0.8484848484848485,70,0,457,16,16,16,18,18,967.4988948995376,4228.425827534591,802.1586481575846,9755.75551319259,60,0.15938464400096564
clear_probe,87,11,6,11,1.0,True,920.5411590280357,10125.952749308393,6887.952749308392,34439.76374654196,2655.0,531,483,0.9096045197740112,48,0,528,11,11,11,14,14,1780.8022781316963,4198.4496169372505,1334.7948100403096,10125.952749308393,100,0.0845715109971934
clear_probe,88,13,11,13,1.0,True,859.801785369108,11177.423209798404,7949.4232097983995,39747.11604899201,2640.0,528,482,0.9128787878787878,46,0,523,13,13,13,16,16,3020.117044364241,8772.691544344863,1506.6358506017114,11177.423209798404,119,0.11128542299411492
clear_probe,89,10,7,10,1.0,True,981.8560420303827,9818.560420303827,6453.560420303828,32267.802101519137,2765.0,553,516,0.9330922242314648,37,0,550,10,10,10,14,14,2119.498005178451,7095.209476203235,758.1264527147989,9818.560420303827,60,0.07392703700315906
clear_probe,90,11,8,11,1.0,True,754.9272292721412,8304.199521993552,5264.199521993553,26320.997609967766,2490.0,498,460,0.9236947791164659,38,0,495,11,11,11,8,8,1624.0371931879104,4301.920535772412,1504.564568130133,8304.199521993552,118,0.06742023100377992
clear_probe,91,10,2,10,1.0,True,823.1229638095753,8231.229638095752,4942.229638095753,24711.148190478776,2700.0,540,500,0.9259259259259259,40,0,539,10,10,10,3,3,2167.832924546433,6645.260763744795,1016.3816529390857,7637.8197792210885,80,0.042907208000542596
clear_probe,92,13,3,13,1.0,True,632.7438850926277,8225.67050620416,5827.67050620416,29138.35253102079,1945.0,389,341,0.8766066838046273,48,0,388,13,13,13,2,2,1422.9321753784834,6752.937647223444,516.1465902459222,7724.541297062428,40,0.07088092699996196
clear_probe,93,16,8,16,1.0,True,562.6552708496839,9002.484333594943,6593.484333594941,32967.421667974704,1945.0,389,334,0.8586118251928021,55,0,384,16,16,16,11,11,880.6425978332642,6549.931587217534,402.3940456099548,9002.484333594943,40,0.18562895899958676
clear_probe,94,14,9,14,1.0,True,707.3731519249437,9903.224126949211,6777.2241269492115,33886.12063474606,2550.0,510,463,0.907843137254902,47,0,506,14,14,14,8,8,2586.831299404979,6405.052780140696,1782.869646214905,9903.224126949211,138,0.0933241460006684
clear_probe,95,16,11,16,1.0,True,592.165892079627,9474.654273274033,6816.654273274031,34083.27136637014,2150.0,430,371,0.8627906976744186,59,0,428,16,16,16,9,9,1681.1054742806082,6312.506393357466,449.25797241076356,9474.654273274033,40,0.06541096799628576
clear_probe,96,12,4,12,1.0,True,784.0231288549317,9408.27754625918,6327.27754625918,31636.38773129591,2520.0,504,457,0.9067460317460317,47,0,501,12,12,12,3,3,2172.1052536882976,5406.361026133537,2380.5312069662727,9408.27754625918,180,0.0716279849948478
clear_probe,97,11,4,11,1.0,True,740.0960275480637,8141.0563030287,5291.056303028701,26455.281515143506,2330.0,466,430,0.9227467811158798,36,0,465,11,11,11,4,4,1808.0528676410074,5704.596771825096,1824.1476250114122,8141.0563030287,136,0.052113828001893125
clear_probe,98,12,6,12,1.0,True,658.917497793747,7907.009973524964,4944.009973524964,24720.049867624824,2420.0,484,440,0.9090909090909091,44,0,483,12,12,12,8,8,1496.0672813431763,4150.341039476108,1046.9096571987743,7907.009973524964,80,0.05720967699744506
clear_probe,99,13,8,13,1.0,True,690.6275343186845,8978.1579461429,6161.157946142897,30805.789730714496,2295.0,459,412,0.8976034858387799,47,0,457,13,13,13,10,10,1894.3595722264608,5297.107871219212,528.1745378855901,8978.1579461429,40,0.0825522759987507
clear_probe,100,11,4,11,1.0,True,728.4166040131901,8012.582644145091,5210.58264414509,26052.913220725455,2290.0,458,417,0.9104803493449781,41,0,457,11,11,11,2,2,911.5951254727446,3338.0608050842798,723.3304369674543,7152.248005784119,59,0.042817694004043005
clear_probe,101,14,11,14,1.0,True,623.7146857793654,8732.005600911116,5803.005600911116,29015.028004555574,2385.0,477,430,0.9014675052410901,47,0,474,14,14,14,11,11,2045.1632722614752,5964.230004145839,665.8568794500363,8732.005600911116,60,0.0937205250011175
clear_probe,102,11,6,11,1.0,True,802.3695397136994,8826.064936850693,5688.064936850694,28440.324684253457,2570.0,514,468,0.9105058365758755,46,0,513,11,11,11,10,10,703.4852571630851,4276.66071992351,1532.9156512627778,8826.064936850693,118,0.06330063900531968
clear_probe,103,15,9,15,1.0,True,618.2034245298318,9273.051367947477,6212.051367947476,31060.256839737387,2490.0,498,446,0.8955823293172691,52,0,496,15,15,15,8,8,2753.6456658170496,6140.828978399184,1535.7859667284827,9273.051367947477,117,0.05515971100248862
clear_probe,104,10,8,10,1.0,True,1047.0830506862335,10470.830506862336,6707.830506862337,33539.15253431168,3095.0,619,580,0.9369951534733441,39,0,618,10,10,10,17,17,3278.2353449948832,6869.29714587429,3133.9732470468202,10470.830506862336,235,0.055702780999126844
clear_probe,105,14,6,14,1.0,True,687.9552438973958,9631.37341456354,6414.373414563543,32071.86707281772,2625.0,525,468,0.8914285714285715,57,0,522,14,14,14,12,12,2276.526329698264,5807.873102342142,779.3827656502951,9631.37341456354,60,0.12422432099992875
clear_probe,106,15,7,15,1.0,True,534.2339910644409,8013.509865966614,5541.509865966615,27707.549329833066,2000.0,400,340,0.85,60,0,397,15,15,15,8,8,726.3189960336858,2097.616152223937,701.363729031468,8013.509865966614,60,0.13384103999851504
clear_probe,107,11,4,11,1.0,True,751.1727090351792,8262.89979938697,5331.899799386971,26659.498996934853,2400.0,480,442,0.9208333333333333,38,0,476,11,11,11,4,4,2051.7958959084194,7720.325655551925,737.2722297620186,8262.89979938697,60,0.05868564499542117
clear_probe,108,11,5,11,1.0,True,705.6156104380005,7761.771714818005,5007.7717148180045,25038.85857409002,2250.0,450,409,0.9088888888888889,41,0,449,11,11,11,5,5,1173.843152099516,4941.921740251123,704.3425704647577,7470.927332113762,60,0.039520985999843106
clear_probe,109,12,6,12,1.0,True,712.6827732937539,8552.193279525047,5601.193279525046,28005.966397625227,2410.0,482,437,0.9066390041493776,45,0,481,12,12,12,6,6,1343.6828551372607,7052.094119492877,534.8202102648636,8552.193279525047,40,0.038877792001585476
clear_probe,110,13,6,13,1.0,True,660.1711912912893,8582.225486786761,5686.225486786761,28431.127433933805,2360.0,472,431,0.913135593220339,41,0,471,13,13,13,6,6,2216.040825364378,7907.019645571762,457.0903282480434,8582.225486786761,40,0.03349220300151501
clear_probe,111,16,5,16,1.0,True,490.8017857056963,7852.828571291141,5387.828571291139,26939.142856455695,1990.0,398,334,0.8391959798994975,64,0,395,16,16,16,5,5,1587.551314056816,5454.35759579977,792.3901539740755,7852.828571291141,60,0.06872456199926091
clear_probe,112,13,6,13,1.0,True,687.0364301009237,8931.473591312008,5963.473591312008,29817.367956560036,2420.0,484,437,0.9028925619834711,47,0,483,13,13,13,7,7,1567.8008980403824,4333.5184082923115,470.6819469504566,8931.473591312008,40,0.049908834997040685
clear_probe,113,10,4,10,1.0,True,852.4378374144933,8524.378374144933,5385.378374144933,26926.89187072467,2575.0,515,473,0.9184466019417475,42,0,514,10,10,10,1,1,2414.312170471826,7180.811066576747,692.0376907237995,8524.378374144933,60,0.06042618100036634
clear_probe,114,11,3,11,1.0,True,715.90067525718,7874.90742782898,4928.90742782898,24644.5371391449,2410.0,482,439,0.9107883817427386,43,0,481,11,11,11,2,2,2030.9905011330748,5404.146080905673,1518.8415406065037,7208.604552604506,119,0.04454364799312316
clear_probe,115,12,4,12,1.0,True,682.7028770723829,8192.434524868595,5457.434524868594,27287.172624342973,2230.0,446,397,0.8901345291479821,49,0,445,12,12,12,6,6,1025.0147519017517,5615.846802157521,754.4923427148962,8192.434524868595,60,0.046991035000246484
clear_probe,116,16,13,16,1.0,True,687.0517145571002,10992.827432913604,7833.827432913605,39169.137164568034,2570.0,514,455,0.8852140077821011,59,0,509,16,16,16,11,11,2892.747112861548,6766.324773463633,490.38742822338963,10992.827432913604,40,0.11985861900029704
clear_probe,117,11,7,11,1.0,True,824.999342004341,9074.99276204775,5955.99276204775,29779.96381023876,2555.0,511,467,0.913894324853229,44,0,509,11,11,11,8,8,1105.9771749861857,6057.0591993875505,446.79139450674677,9074.99276204775,40,0.05551184099749662
clear_probe,118,15,6,15,1.0,True,547.7521580726167,8216.28237108925,5485.282371089251,27426.411855446248,2215.0,443,380,0.8577878103837472,63,0,441,15,15,15,7,7,800.2347143997893,1691.127567508965,466.6277434340833,8216.28237108925,40,0.05706745500356192
clear_probe,119,12,10,12,1.0,True,802.985437723581,9635.825252682971,6376.825252682971,31884.126263414862,2670.0,534,489,0.9157303370786517,45,0,529,12,12,12,15,15,3054.3244916617477,7056.452731331709,698.7655866854649,9635.825252682971,60,0.14172718199552037
clear_probe,120,14,7,14,1.0,True,654.9847786826979,9169.78690155777,6166.786901557771,30833.93450778885,2445.0,489,442,0.9038854805725971,47,0,488,14,14,14,10,10,1758.9710755759456,5537.354174979035,3802.886708105167,9169.78690155777,279,0.048868098994717
clear_probe,121,10,4,10,1.0,True,836.6034661289759,8366.03466128976,5312.03466128976,26560.173306448793,2505.0,501,459,0.9161676646706587,42,0,499,10,10,10,7,7,951.699547575388,4696.199542196183,463.41313836490076,8366.03466128976,40,0.08008226399397245
clear_probe,122,14,5,14,1.0,True,596.8920665513011,8356.488931718215,5395.488931718218,26977.444658591092,2410.0,482,436,0.9045643153526971,46,0,481,14,14,14,3,3,3010.4538523959427,7321.447234150843,1305.5031568218767,8112.684055787138,100,0.041162191999319475
clear_probe,123,10,7,10,1.0,True,833.9937037161866,8339.937037161866,5308.937037161864,26544.685185809314,2485.0,497,457,0.9195171026156942,40,0,496,10,10,10,9,9,1292.427319473762,3442.8662559793997,1791.2020029262767,8339.937037161866,139,0.07840871100052027
clear_probe,124,12,7,12,1.0,True,752.6303934678732,9031.564721614479,6128.564721614479,30642.82360807238,2370.0,474,425,0.8966244725738397,49,0,473,12,12,12,9,9,1982.8980958351815,5429.491849574633,1561.591317160429,9031.564721614479,120,0.056405837000056636
clear_probe,125,11,6,11,1.0,True,811.8066370529621,8929.873007582582,5587.873007582583,27939.365037912918,2740.0,548,507,0.9251824817518248,41,0,547,11,11,11,8,8,2394.605548021296,6132.378333310344,1811.712723043604,8580.449642232788,140,0.04402520599978743
clear_probe,126,14,9,14,1.0,True,692.199530240731,9690.793423370233,6970.793423370232,34853.96711685116,2210.0,442,388,0.8778280542986425,54,0,440,14,14,14,10,10,2012.876900968744,5844.017956809111,486.27628908901187,9690.793423370233,40,0.09682279299886432
clear_probe,127,10,2,10,1.0,True,828.3128080588543,8283.128080588544,5102.128080588544,25510.64040294272,2610.0,522,482,0.9233716475095786,40,0,521,10,10,10,4,4,2893.7096860817696,5604.364517853541,2618.824811764648,7998.203218490987,200,0.06287751499621663
clear_probe,128,16,8,16,1.0,True,487.85656941395314,7805.70511062325,5404.70511062325,27023.52555311627,1935.0,387,332,0.8578811369509044,55,0,386,16,16,16,10,10,670.680063544919,4414.838424132322,407.1539719223666,7805.70511062325,40,0.044801775002270006
clear_probe,129,14,8,14,1.0,True,609.0483827741782,8526.677358838495,5861.677358838493,29308.386794192473,2165.0,433,381,0.8799076212471132,52,0,430,14,14,14,12,12,1806.3605181455484,4951.27293552057,795.3183070200351,8526.677358838495,60,0.08655394300149055
clear_probe,130,14,7,14,1.0,True,546.2778047737318,7647.889266832244,4950.889266832244,24754.446334161228,2190.0,438,381,0.8698630136986302,57,0,437,14,14,14,8,8,1678.7899142900048,6867.658784394396,474.6663141219098,7250.5226810466,40,0.048398671999166254
clear_probe,131,12,4,12,1.0,True,725.8678400576333,8710.4140806916,5739.414080691598,28697.070403457994,2430.0,486,438,0.9012345679012346,48,0,481,12,12,12,7,7,2039.7188995022495,4971.742840258235,497.9819416208609,8710.4140806916,40,0.12282833600329468
clear_probe,132,13,7,13,1.0,True,737.436383210859,9586.672981741167,6271.672981741167,31358.364908705837,2710.0,542,487,0.8985239852398524,55,0,540,13,13,13,9,9,1994.1275776945472,5749.414415791648,1522.31510181686,9586.672981741167,120,0.0905334160052007
clear_probe,133,13,6,13,1.0,True,724.6304107297947,9420.19533948733,6248.195339487331,31240.97669743665,2590.0,518,462,0.8918918918918919,56,0,517,13,13,13,7,7,2461.5077409537266,4939.697755702347,2627.8137767416456,9420.19533948733,200,0.0884351670028991
clear_probe,134,13,2,13,1.0,True,646.971636340373,8410.63127242485,5580.631272424848,27903.156362124242,2305.0,461,415,0.9002169197396963,46,0,460,13,13,13,5,5,1256.9313610807224,5118.508600187648,664.4943500828329,8410.63127242485,60,0.05830170399713097
clear_probe,135,15,8,15,1.0,True,588.4453140344114,8826.67971051617,6042.679710516168,30213.39855258083,2260.0,452,395,0.8738938053097345,57,0,449,15,15,15,7,7,1639.5596664888317,6644.972870998561,801.5613685294896,8826.67971051617,60,0.07943669400265208
clear_probe,136,14,8,14,1.0,True,622.1538482053578,8710.15387487501,5991.153874875011,29955.76937437505,2210.0,442,393,0.8891402714932126,49,0,439,14,14,14,8,8,1719.9531454362134,5878.197718042114,1262.2373228055844,8710.15387487501,100,0.07474033399921609
clear_probe,137,10,4,10,1.0,True,852.1978880017774,8521.978880017774,5436.978880017775,27184.89440008887,2530.0,506,469,0.9268774703557312,37,0,505,10,10,10,4,4,1716.0777682939595,5427.137187248389,782.5482796960547,7629.593569977962,60,0.04559302800043952
clear_probe,138,11,4,11,1.0,True,751.465222973116,8266.117452704277,5314.117452704276,26570.587263521385,2415.0,483,445,0.9213250517598344,38,0,482,11,11,11,5,5,865.8419502410579,4256.158017805017,514.2860782633152,8266.117452704277,40,0.034683160003623925
clear_probe,139,10,5,10,1.0,True,935.1939775227153,9351.939775227152,6071.939775227148,30359.698876135746,2695.0,539,504,0.935064935064935,35,0,535,10,10,10,7,7,1722.9402819543034,6421.686034031266,738.190755211155,9351.939775227152,60,0.11494504399888683
clear_probe,140,16,6,16,1.0,True,552.7318579502426,8843.70972720388,6215.709727203881,31078.548636019405,2125.0,425,365,0.8588235294117647,60,0,423,16,16,16,8,8,1832.2624828076944,4334.866861728113,736.5161040875137,8843.70972720388,60,0.05032743199990364
clear_probe,141,14,8,14,1.0,True,595.2747190955353,8333.846067337494,5900.846067337493,29504.230336687466,1970.0,394,343,0.8705583756345178,51,0,393,14,14,14,10,10,1152.035653986839,5681.277422906612,437.686856317727,8333.846067337494,40,0.05956542299827561
clear_probe,142,14,7,14,1.0,True,617.6840702578922,8647.576983610492,5692.576983610492,28462.884918052456,2405.0,481,430,0.893970893970894,51,0,480,14,14,14,12,12,2228.5766189940914,5788.732472876139,1058.4108651198849,8219.014274621686,79,0.049350435998348985
clear_probe,143,11,2,11,1.0,True,802.0303735755399,8822.33410933094,6220.334109330938,31101.67054665469,2125.0,425,383,0.9011764705882352,42,0,422,11,11,11,2,2,403.58384505636405,934.696747879856,526.6353041005802,8822.33410933094,40,0.06088037000154145
clear_probe,144,13,6,13,1.0,True,536.0998586469345,6969.298162410149,4703.298162410149,23516.490812050753,1835.0,367,322,0.8773841961852861,45,0,366,13,13,13,6,6,1245.1507513145477,5696.6111367574895,710.9715853969051,6384.751288788252,60,0.035847769999236334
clear_probe,145,16,7,16,1.0,True,623.2691341361462,9972.30614617834,7197.30614617834,35986.530730891696,2250.0,450,394,0.8755555555555555,56,0,445,16,16,16,6,6,3174.70031402043,7768.88622448467,726.2980952112707,9972.30614617834,60,0.07529493599577108
clear_probe,146,11,6,11,1.0,True,764.2951747271732,8407.246921998905,5647.246921998906,28236.234609994524,2255.0,451,412,0.9135254988913526,39,0,450,11,11,11,8,8,1040.798572338264,4148.998102098485,781.7975710013451,8407.246921998905,60,0.05159386399463983
clear_probe,147,14,6,14,1.0,True,724.9009738181277,10148.613633453788,6782.6136334537905,33913.06816726893,2750.0,550,494,0.8981818181818182,56,0,546,14,14,14,8,8,1104.9659925660687,3964.063759897333,422.4353449953827,10148.613633453788,40,0.1608731029991759
clear_probe,148,13,3,13,1.0,True,587.8585133431577,7642.1606734610505,5262.1606734610505,26310.803367305256,1930.0,386,334,0.8652849740932642,52,0,385,13,13,13,4,4,247.3922298818732,1399.0494942321757,511.6870020311728,5999.580662885214,40,0.05822019100014586
clear_probe,149,10,7,10,1.0,True,922.5190645528052,9225.190645528051,5924.1906455280505,29620.953227640242,2710.0,542,506,0.933579335793358,36,0,541,10,10,10,10,10,2531.407412360996,7817.119140583342,704.4937421892735,9225.190645528051,60,0.04638043599697994
clear_probe,150,16,8,16,1.0,True,510.47839650047126,8167.65434400754,5718.65434400754,28593.271720037694,1975.0,395,338,0.8556962025316456,57,0,394,16,16,16,6,6,2236.1507392307562,7037.7425787811935,425.5145185509532,8167.65434400754,40,0.04970827999932226
clear_probe,151,15,5,15,1.0,True,541.4502157180751,8121.753235771126,6001.753235771126,30008.766178855636,1705.0,341,288,0.844574780058651,53,0,340,15,15,15,4,4,1192.6078465809064,4379.616272219493,438.37883550941007,8121.753235771126,40,0.055989542001043446
clear_probe,152,16,7,16,1.0,True,556.7551253727088,8908.08200596334,6201.082005963341,31005.410029816707,2190.0,438,374,0.8538812785388128,64,0,437,16,16,16,8,8,1650.3549410064475,6939.815132443652,1841.9463084926142,8908.08200596334,140,0.0541659599984996
clear_probe,153,13,6,13,1.0,True,677.4040398786328,8806.252518422227,6024.252518422227,30121.262592111143,2265.0,453,397,0.8763796909492274,56,0,452,13,13,13,11,11,641.3477340591411,2822.932910943452,784.258389741361,8806.252518422227,60,0.051594757998827845
clear_probe,154,11,6,11,1.0,True,839.4173802345089,9233.591182579597,5933.5911825795965,29667.955912897978,2705.0,541,500,0.9242144177449169,41,0,540,11,11,11,11,11,1375.87155525488,5945.722488698875,3964.0782310737163,9233.591182579597,281,0.0617701439987286
clear_probe,155,14,7,14,1.0,True,697.5250103512947,9765.350144918126,6913.350144918126,34566.75072459062,2320.0,464,413,0.8900862068965517,51,0,462,14,14,14,11,11,1881.6236946382528,6522.254678246812,432.8312743020969,9765.350144918126,40,0.08214986399980262
clear_probe,156,13,10,13,1.0,True,777.9284498214521,10113.069847678877,6558.0698476788775,32790.34923839439,2910.0,582,540,0.9278350515463918,42,0,580,13,13,13,13,13,3074.907756427677,6849.055673573547,2017.1771443762934,10113.069847678877,156,0.07324521299597109
clear_probe,157,14,8,14,1.0,True,677.3816462239325,9483.343047135055,6465.343047135053,32326.715235675267,2460.0,492,434,0.8821138211382114,58,0,488,14,14,14,11,11,1640.896785045769,4393.28170983717,1054.7793569708867,9483.343047135055,80,0.09288317400205415
clear_probe,158,15,7,15,1.0,True,582.4995065332118,8737.492597998178,6191.492597998175,30957.462989990876,2060.0,412,358,0.8689320388349514,54,0,411,15,15,15,7,7,1443.0796108693778,6824.423415364725,731.9809734212438,7997.703538668001,60,0.04405303199746413
clear_probe,159,13,10,13,1.0,True,733.3989582003135,9534.186456604075,6328.186456604075,31640.93228302037,2620.0,524,477,0.9103053435114504,47,0,521,13,13,13,11,11,2614.5211340656538,5389.503675626236,1568.8820476857882,9534.186456604075,120,0.08375881199754076
clear_probe,160,10,3,10,1.0,True,830.1957354514731,8301.95735451473,5522.957354514732,27614.786772573654,2275.0,455,415,0.9120879120879121,40,0,454,10,10,10,2,2,832.5173469077796,5000.54653622844,457.640028836973,8301.95735451473,40,0.051727758000197355
clear_probe,161,14,8,14,1.0,True,728.9634057287659,10205.487680202723,7119.487680202718,35597.43840101361,2520.0,504,450,0.8928571428571429,54,0,496,14,14,14,13,13,2691.310261597168,7315.453905262543,522.2493987639912,10205.487680202723,40,0.15789770999981556
clear_probe,162,10,3,10,1.0,True,907.1629724692004,9071.629724692004,5626.629724692003,28133.14862346001,2830.0,566,523,0.9240282685512368,43,0,565,10,10,10,3,3,2068.1915978747065,8213.151323496995,2865.1424782298036,9071.629724692004,220,0.05189528499613516
clear_probe,163,14,4,14,1.0,True,607.6408569705893,8506.97199758825,5823.97199758825,29119.85998794125,2180.0,436,383,0.8784403669724771,53,0,433,14,14,14,4,4,1860.6749917433028,6647.900396245968,685.4627706101037,8506.97199758825,60,0.0763873899995815
clear_probe,164,10,6,10,1.0,True,974.6374460381163,9746.374460381163,6447.374460381161,32236.872301905805,2710.0,542,506,0.933579335793358,36,0,539,10,10,10,5,5,2004.079194672906,7189.965694176979,1795.6602957496784,9746.374460381163,135,0.06935556699318113
clear_probe,165,10,3,10,1.0,True,904.1279022759402,9041.279022759401,5682.2790227594005,28411.395113797003,2760.0,552,517,0.9365942028985508,35,0,549,10,10,10,4,4,2664.8562508470104,6580.677040213636,1814.7701935858333,9041.279022759401,140,0.06260284000018146
clear_probe,166,11,3,11,1.0,True,775.6870536083678,8532.557589692045,5612.557589692045,28062.787948460216,2390.0,478,438,0.9163179916317992,40,0,475,11,11,11,4,4,2108.3977641918177,7441.033829615529,1323.7031131507588,8532.557589692045,98,0.0630636499990942
clear_probe,167,11,9,11,1.0,True,883.6605411694097,9720.265952863507,6136.265952863507,30681.329764317536,2945.0,589,550,0.933786078098472,39,0,584,11,11,11,17,17,1022.578868515453,6357.972170427258,1776.2103732381424,9720.265952863507,132,0.1790156479983125
clear_probe,168,15,5,15,1.0,True,564.4638225398309,8466.957338097463,5891.9573380974625,29459.786690487315,2090.0,418,359,0.8588516746411483,59,0,410,15,15,15,5,5,1226.6960463133214,5190.658783900684,758.8551731125967,8466.957338097463,60,0.14452031599648762
clear_probe,169,12,8,12,1.0,True,726.5114836131215,8718.137803357458,5791.137803357456,28955.689016787277,2390.0,478,436,0.9121338912133892,42,0,477,12,12,12,9,9,1072.0397780746907,4148.238668448144,1504.6878342183015,8718.137803357458,116,0.06771639100043103
clear_probe,170,16,9,16,1.0,True,614.8868452953143,9838.189524725029,7026.189524725029,35130.94762362516,2285.0,457,397,0.8687089715536105,60,0,447,16,16,16,10,10,1608.9302140795292,5923.82413184529,788.4106106782322,9838.189524725029,60,0.14285911299521104
clear_probe,171,16,8,16,1.0,True,540.4027464605155,8646.443943368247,6066.443943368247,30332.21971684123,2085.0,417,358,0.8585131894484412,59,0,415,16,16,16,7,7,1765.8217404841682,5136.023648490544,773.0321483029518,8646.443943368247,60,0.09209803200064925
clear_probe,172,12,6,12,1.0,True,772.3151382214292,9267.78165865715,6246.781658657149,31233.908293285753,2470.0,494,445,0.9008097165991903,49,0,491,12,12,12,9,9,1440.9130271600368,6339.861451637587,427.2448858594796,9267.78165865715,40,0.0648895630001789
clear_probe,173,12,5,12,1.0,True,708.7753383951969,8505.304060742363,5772.304060742361,28861.5203037118,2230.0,446,403,0.9035874439461884,43,0,443,12,12,12,4,4,1877.2215837962603,5326.186069918914,469.1825409352935,8505.304060742363,40,0.04697896300058346
clear_probe,174,16,8,16,1.0,True,452.55546903267236,7240.887504522758,4785.887504522759,23929.43752261379,1980.0,396,338,0.8535353535353535,58,0,395,16,16,16,7,7,2120.7445213557166,3358.9436695225077,717.9714852804856,7240.887504522758,60,0.05273641300300369
clear_probe,175,13,9,13,1.0,True,812.2775087274517,10559.607613456872,7403.607613456868,37018.038067284346,2580.0,516,471,0.9127906976744186,45,0,511,13,13,13,9,9,2712.385382985311,7121.273691855456,1574.7258021777604,10559.607613456872,117,0.09969290200388059
clear_probe,176,10,6,10,1.0,True,925.0851693026567,9250.851693026567,5962.851693026568,29814.25846513284,2700.0,540,508,0.9407407407407408,32,0,538,10,10,10,6,6,2913.3491162666082,5887.616194506251,1780.026335933538,9250.851693026567,136,0.08237734300200827
clear_probe,177,11,6,11,1.0,True,851.8512110756733,9370.363321832407,6113.363321832406,30566.816609162026,2670.0,534,494,0.9250936329588015,40,0,532,11,11,11,10,10,2190.6659030856727,6550.6314676029915,778.0683647587639,9370.363321832407,60,0.06517913100105943
clear_probe,178,10,5,10,1.0,True,831.5295543081915,8315.295543081915,5056.295543081915,25281.477715409575,2675.0,535,495,0.9252336448598131,40,0,534,10,10,10,6,6,2812.1627603316406,4665.848851959758,417.6661118200607,7929.057298225941,40,0.044142172002466395
clear_probe,179,16,10,16,1.0,True,665.4710098371374,10647.5361573942,7492.536157394198,37462.680786970996,2565.0,513,459,0.8947368421052632,54,0,510,16,16,16,10,10,3269.8296740406863,8717.429330034132,2566.462832713033,10647.5361573942,193,0.093640316001256
clear_probe,180,11,5,11,1.0,True,791.4647239086287,8706.111962994915,5653.111962994916,28265.559814974582,2500.0,500,454,0.908,46,0,498,11,11,11,5,5,1791.4945722180125,5894.378123458068,1821.2932241635906,8706.111962994915,138,0.07800925999617903
clear_probe,181,14,3,14,1.0,True,622.3017953547452,8712.225134966433,5925.225134966433,29626.125674832158,2265.0,453,392,0.8653421633554084,61,0,452,14,14,14,3,3,881.4362577006308,4256.053803904416,3340.563672929245,8712.225134966433,255,0.0878446599963354
clear_probe,182,13,8,13,1.0,True,701.5196862526276,9119.755921284159,6038.755921284161,30193.779606420798,2515.0,503,453,0.9005964214711729,50,0,501,13,13,13,14,14,1783.1058981853037,4729.219298998265,2006.484715823722,9119.755921284159,157,0.0699726040038513
clear_probe,183,10,5,10,1.0,True,980.1034966029632,9801.034966029632,6395.034966029634,31975.17483014817,2800.0,560,521,0.9303571428571429,39,0,556,10,10,10,8,8,2378.4881217445363,5697.722513445929,2804.620131091746,9801.034966029632,214,0.08374714299861807
clear_probe,184,12,4,12,1.0,True,745.0436889475673,8940.524267370807,5966.524267370807,29832.621336854034,2430.0,486,449,0.9238683127572016,37,0,484,12,12,12,6,6,2191.726270956502,4751.869383433427,432.4045100235396,8940.524267370807,40,0.06627553099679062
clear_probe,185,16,6,16,1.0,True,584.8537781045621,9357.660449672994,6592.660449672993,32963.30224836497,2240.0,448,387,0.8638392857142857,61,0,445,16,16,16,8,8,1825.303262452145,6474.715076804191,2587.6497387895774,9357.660449672994,193,0.08799307700246572
clear_probe,186,12,7,12,1.0,True,711.2953282661275,8535.54393919353,5518.54393919353,27592.719695967644,2465.0,493,456,0.9249492900608519,37,0,492,12,12,12,6,6,2312.0546238295433,5824.33525814604,451.72258297652553,8248.61050240322,40,0.057159067000611685
clear_probe,187,12,5,12,1.0,True,700.9335129223049,8411.202155067658,5451.202155067659,27256.01077533829,2420.0,484,440,0.9090909090909091,44,0,480,12,12,12,7,7,1951.54213662999,6080.319377921305,717.7529695615397,8411.202155067658,60,0.12803437700495124
clear_probe,188,16,7,16,1.0,True,528.0816244685993,8449.30599149759,6217.305991497588,31086.529957487954,1795.0,359,294,0.8189415041782729,65,0,357,16,16,16,9,9,1008.0068329200824,4689.567936414167,485.08758122180114,8449.30599149759,40,0.07273934399563586
clear_probe,189,13,4,13,1.0,True,662.3956811110625,8611.143854443812,6251.14385444381,31255.719272219056,1915.0,383,333,0.8694516971279374,50,0,380,13,13,13,6,6,308.1329141508555,1730.5328554208943,413.9531166775967,8611.143854443812,40,0.09932074200332863
clear_probe,190,10,2,10,1.0,True,864.5574873359028,8645.574873359028,5446.57487335903,27232.874366795153,2625.0,525,480,0.9142857142857143,45,0,524,10,10,10,2,2,2247.3595594229705,5938.511191280074,792.8362629034394,8210.023191763492,60,0.054795244002889376
clear_probe,191,16,12,16,1.0,True,607.2893333959007,9716.629334334411,6535.629334334408,32678.146671672042,2585.0,517,462,0.8936170212765957,55,0,516,16,16,16,17,17,3455.336918753429,8134.103972045217,1806.0069151168059,9716.629334334411,140,0.04901843400148209
clear_probe,192,12,7,12,1.0,True,660.1054408277939,7921.265289933527,5240.265289933527,26201.326449667635,2185.0,437,396,0.9061784897025171,41,0,436,12,12,12,5,5,1393.7790944732978,4315.126393795603,1479.3821705791918,7185.753180249313,108,0.04329920100281015
clear_probe,193,14,7,14,1.0,True,636.8935844706424,8916.510182588994,6003.510182588993,30017.550912944975,2370.0,474,426,0.8987341772151899,48,0,473,14,14,14,9,9,2616.4181442384697,6195.169676779022,530.0307168579724,8916.510182588994,40,0.04938335899350932
clear_probe,194,16,12,16,1.0,True,593.794735472901,9500.715767566417,6832.715767566418,34163.5788378321,2160.0,432,368,0.8518518518518519,64,0,428,16,16,16,26,26,1113.4576141045904,4295.840085865773,1335.5531542974923,9500.715767566417,100,0.11090042100113351
clear_probe,195,14,3,14,1.0,True,593.1772177544334,8304.481048562067,5511.481048562068,27557.40524281034,2270.0,454,400,0.8810572687224669,54,0,453,14,14,14,4,4,1707.5621655829211,5189.915772055604,431.1895437816491,8304.481048562067,40,0.06465491899871267
clear_probe,196,15,6,15,1.0,True,554.1154530048892,8311.731795073338,5436.731795073338,27183.658975366685,2335.0,467,401,0.8586723768736617,66,0,465,15,15,15,9,9,1965.4747714499981,6040.071782741823,462.506654673933,8311.731795073338,40,0.06664073499996448
clear_probe,197,14,3,14,1.0,True,564.4578175741274,7902.409446037784,5337.409446037783,26687.04723018891,2080.0,416,352,0.8461538461538461,64,0,415,14,14,14,1,1,1433.9637191288564,4735.509258534321,767.6433021402656,7902.409446037784,60,0.09203919200081145
clear_probe,198,10,2,10,1.0,True,830.652808600675,8306.52808600675,5383.5280860067505,26917.640430033753,2395.0,479,439,0.9164926931106472,40,0,478,10,10,10,3,3,804.5450595813787,4150.450974474086,440.2340513332565,8306.52808600675,40,0.037532873000600375
clear_probe,199,12,7,12,1.0,True,753.8851899835067,9046.62227980208,5909.622279802081,29548.1113990104,2565.0,513,468,0.9122807017543859,45,0,512,12,12,12,4,4,2990.8098304338164,7107.8177966668245,747.8900793936311,9046.62227980208,60,0.04529183999693487
clear_probe,200,10,4,10,1.0,True,792.9292406961371,7929.292406961371,4910.292406961372,24551.462034806864,2475.0,495,452,0.9131313131313131,43,0,494,10,10,10,5,5,1717.3463919288067,4546.745524069122,1507.722861028199,7869.292406961371,120,0.047044373997778166
clear_probe,201,10,6,10,1.0,True,983.0610169530107,9830.610169530108,6332.610169530107,31663.050847650542,2875.0,575,537,0.9339130434782609,38,0,573,10,10,10,5,5,3519.7801047744406,8057.199518071309,2639.0557501752533,9830.610169530108,198,0.059186395003052894
clear_probe,202,16,10,16,1.0,True,548.6813195705396,8778.901113128633,6198.9011131286325,30994.50556564316,2085.0,417,354,0.8489208633093526,63,0,415,16,16,16,12,12,1237.8418760476522,7109.326126599549,426.38001713865884,8778.901113128633,40,0.10849549200065667
clear_probe,203,10,7,10,1.0,True,963.1974959619549,9631.974959619549,6008.974959619544,30044.87479809772,2980.0,596,557,0.9345637583892618,39,0,593,10,10,10,7,7,3091.0191730401943,6633.480548470335,2651.797117630378,9631.974959619549,199,0.08874179599661147
clear_probe,204,13,6,13,1.0,True,608.24529834894,7907.18887853622,5443.188878536221,27215.9443926811,2000.0,400,352,0.88,48,0,399,13,13,13,7,7,1269.1441454369103,5319.386331269517,722.8702545192156,7907.18887853622,60,0.042709531997388694
clear_probe,205,13,6,13,1.0,True,744.960365104785,9684.484746362205,6874.484746362204,34372.42373181102,2290.0,458,415,0.9061135371179039,43,0,455,13,13,13,9,9,1759.1891579378955,5089.449262390185,431.789779278351,9684.484746362205,40,0.06026116999419173
clear_probe,206,10,5,10,1.0,True,943.6392983104099,9436.392983104099,5745.3929831041005,28726.964915520493,3035.0,607,569,0.9373970345963756,38,0,606,10,10,10,8,8,1748.6,5546.0,6953.768889336166,9436.392983104099,505,0.06629910599440336
clear_probe,207,14,5,14,1.0,True,581.8656652352636,8146.1193132936905,5513.11931329369,27565.596566468445,2140.0,428,372,0.8691588785046729,56,0,423,14,14,14,5,5,1418.8297623253309,6195.711982750748,481.3472495557639,8146.1193132936905,40,0.09426266999798827
clear_probe,208,12,9,12,1.0,True,869.370870135976,10432.450441631712,7003.450441631714,35017.252208158556,2810.0,562,516,0.9181494661921709,46,0,559,12,12,12,8,8,2767.377381195896,5895.454039127195,1060.3583950533084,10432.450441631712,80,0.08438166700216243
clear_probe,209,14,6,14,1.0,True,617.4793126244141,8644.710376741798,5764.710376741796,28823.551883708977,2345.0,469,417,0.8891257995735607,52,0,465,14,14,14,7,7,2611.4762728148976,7224.09543234193,1760.0274980141828,8644.710376741798,139,0.10794891499972437
clear_probe,210,13,4,13,1.0,True,635.4301365880897,8260.591775645165,5660.5917756451645,28302.95887822582,2115.0,423,374,0.8841607565011821,49,0,420,13,13,13,4,4,1073.364271224186,4077.6733384694116,513.3718347897849,8260.591775645165,40,0.06494870899769012
clear_probe,211,14,7,14,1.0,True,578.2798271223762,8095.917579713267,5761.917579713267,28809.587898566337,1890.0,378,323,0.8544973544973545,55,0,374,14,14,14,7,7,867.1379072667936,4109.445279894809,687.7940862366654,8095.917579713267,60,0.11934769000072265
clear_probe,212,13,7,13,1.0,True,696.5971998751701,9055.76359837721,5787.763598377209,28938.817991886048,2670.0,534,485,0.9082397003745318,49,0,533,13,13,13,7,7,2088.541981150458,6773.102870453138,518.9678396366093,9055.76359837721,40,0.06232173799799057
clear_probe,213,11,7,11,1.0,True,729.453210781398,8023.985318595378,5461.985318595379,27309.92659297689,2090.0,418,383,0.916267942583732,35,0,417,11,11,11,4,4,1127.2280307507838,4736.038885625302,458.8474098481393,8023.985318595378,40,0.0343919260049006
clear_probe,214,14,4,14,1.0,True,609.8866980161099,8538.413772225538,5401.413772225537,27007.068861127686,2560.0,512,459,0.896484375,53,0,507,14,14,14,5,5,2049.827819962507,5649.072925790363,716.734137265199,8538.413772225538,60,0.10364915300306166
clear_probe,215,10,2,10,1.0,True,812.077469835382,8120.77469835382,4843.774698353821,24218.873491769104,2690.0,538,488,0.9070631970260223,50,0,537,10,10,10,2,2,1952.2075856556773,5213.945678967471,736.6506530944536,7849.512610856953,60,0.051926376996561885
clear_probe,216,16,8,16,1.0,True,600.4951443028049,9607.922308844878,6836.922308844875,34184.611544224375,2245.0,449,386,0.8596881959910914,63,0,446,16,16,16,12,12,1870.8103679877127,5277.463818021303,773.6944426313097,9607.922308844878,60,0.11962921200029086
clear_probe,217,12,8,12,1.0,True,812.7663717856426,9753.196461427711,6418.196461427708,32090.98230713853,2735.0,547,504,0.9213893967093236,43,0,540,12,12,12,12,12,1641.0725433793161,5774.088089829249,1259.6062510640477,9753.196461427711,100,0.179245033999905
clear_probe,218,12,9,12,1.0,True,807.6845826593345,9692.214991912015,6665.214991912015,33326.07495956007,2475.0,495,451,0.9111111111111111,44,0,492,12,12,12,12,12,1063.1176532143204,6257.333066648445,734.8663517025664,9692.214991912015,60,0.08901553499890724
clear_probe,219,15,8,15,1.0,True,557.3897127116611,8360.845690674916,5721.845690674915,28609.228453374573,2140.0,428,370,0.8644859813084113,58,0,424,15,15,15,11,11,1841.100464085556,4470.083169176479,1038.0005313574702,8360.845690674916,80,0.1099503450022894
clear_probe,220,15,6,15,1.0,True,591.1251930965232,8866.877896447848,6461.877896447849,32309.389482239243,1945.0,389,324,0.8329048843187661,65,0,385,15,15,15,7,7,611.229681275241,3652.839003172897,690.3787345315986,8866.877896447848,60,0.15472908499941695
clear_probe,221,11,1,11,1.0,True,734.3056508809774,8077.3621596907515,5389.3621596907515,26946.81079845376,2195.0,439,395,0.8997722095671982,44,0,438,11,11,11,3,3,296.6395342136721,1199.5174381751967,544.4766760277049,8077.3621596907515,40,0.050384408998070285
clear_probe,222,16,7,16,1.0,True,583.3657638532851,9333.852221652562,6908.852221652561,34544.26110826281,1955.0,391,327,0.8363171355498721,64,0,390,16,16,16,9,9,982.2551749994153,4229.189709119174,439.45572094609525,9333.852221652562,40,0.06607868099672487
clear_probe,223,12,9,12,1.0,True,872.13966350112,10465.67596201344,6994.675962013437,34973.37981006719,2845.0,569,526,0.9244288224956063,43,0,566,12,12,12,8,8,3423.7274025585048,7944.598334255836,1304.8075679172546,10465.67596201344,100,0.07698574600362917
clear_probe,224,10,5,10,1.0,True,833.389649074368,8333.89649074368,5242.896490743681,26214.4824537184,2535.0,507,475,0.9368836291913215,32,0,506,10,10,10,6,6,1805.3313054139558,6403.084531955119,719.2092837180527,8333.89649074368,60,0.04424358299729647
clear_probe,225,15,8,15,1.0,True,721.6488762459431,10824.733143689147,7903.7331436891445,39518.66571844573,2375.0,475,418,0.88,57,0,471,15,15,15,13,13,1819.1446534045456,7220.785640664337,434.70173693421816,10824.733143689147,40,0.09898361199884675
clear_probe,226,13,6,13,1.0,True,689.5920978419398,8964.697271945217,5692.697271945217,28463.48635972609,2675.0,535,485,0.9065420560747663,50,0,532,13,13,13,5,5,2945.2307749982156,5781.00253356005,434.74817582708766,8964.697271945217,40,0.14457174299604958
clear_probe,227,13,6,13,1.0,True,622.8487713360701,8097.034027368911,5071.034027368911,25355.17013684455,2470.0,494,450,0.9109311740890689,44,0,491,13,13,13,5,5,3039.320330705682,5725.474561109866,728.0511556562616,8097.034027368911,60,0.07681117099855328
clear_probe,228,16,6,16,1.0,True,491.01998948351434,7856.319831736229,5691.319831736229,28456.599158681143,1740.0,348,281,0.8074712643678161,67,0,345,16,16,16,8,8,1170.249563776653,5970.735657257389,438.9811101809707,7856.319831736229,40,0.07541707900236361
clear_probe,229,14,4,14,1.0,True,632.9095266420567,8860.733372988794,6085.733372988794,30428.666864943974,2255.0,451,399,0.88470066518847,52,0,450,14,14,14,4,4,2155.3869976435158,6630.404754200038,1716.5507397078375,8860.733372988794,136,0.05566024299332639
clear_probe,230,15,9,15,1.0,True,609.9706904588751,9149.560356883127,6412.560356883128,32062.80178441563,2220.0,444,386,0.8693693693693694,58,0,442,15,15,15,12,12,2571.351378132664,6436.0393200950475,496.7741458990101,9149.560356883127,40,0.06796942199434852
clear_probe,231,16,7,16,1.0,True,497.7754002401972,7964.406403843155,5599.406403843155,27997.032019215774,1905.0,381,315,0.8267716535433071,66,0,380,16,16,16,9,9,1428.509562566251,4313.184376320318,1240.2320823964421,7964.406403843155,100,0.0837166069977684
clear_probe,232,12,7,12,1.0,True,798.923386616155,9587.08063939386,6144.080639393861,30720.403196969302,2820.0,564,503,0.8918439716312057,61,0,563,12,12,12,11,11,1878.3748912756591,7229.476054270326,3564.9837751795703,9587.08063939386,260,0.08621431400388246
clear_probe,233,15,11,15,1.0,True,650.9610257116766,9764.415385675149,7017.415385675153,35087.07692837576,2230.0,446,390,0.874439461883408,56,0,442,15,15,15,14,14,1663.0750920450794,6560.037712281857,734.108181172937,9764.415385675149,60,0.1341648579982575
clear_probe,234,12,7,12,1.0,True,799.9213204416537,9599.055845299845,6312.055845299844,31560.27922649922,2690.0,538,493,0.9163568773234201,45,0,537,12,12,12,12,12,1488.5323606990835,4904.259725110867,495.60638699388414,9599.055845299845,40,0.053703908997704275
clear_probe,235,12,7,12,1.0,True,718.7459488755197,8624.951386506236,5850.951386506234,29254.756932531174,2265.0,453,410,0.9050772626931567,43,0,449,12,12,12,5,5,1494.118468737055,5372.349700726657,526.0966605959493,8624.951386506236,40,0.058058517999597825
clear_probe,236,15,8,15,1.0,True,673.7164045868426,10105.746068802639,6897.746068802636,34488.730344013165,2615.0,523,460,0.8795411089866156,63,0,518,15,15,15,16,16,1210.7827958831663,3950.071885442531,396.6183778464599,10105.746068802639,40,0.14922923800622812
clear_probe,237,14,7,14,1.0,True,645.9553211544826,9043.374496162756,6294.374496162756,31471.87248081378,2235.0,447,391,0.8747203579418344,56,0,444,14,14,14,7,7,2039.6056593162828,7756.944927785031,484.28948840026845,9043.374496162756,40,0.08321638300549239
clear_probe,238,16,8,16,1.0,True,601.6520061456932,9626.432098331092,6594.432098331088,32972.160491655435,2465.0,493,424,0.8600405679513184,69,0,487,16,16,16,13,13,2321.0165668373093,5051.394474695239,1822.7091639277307,9626.432098331092,136,0.16970258799847215
clear_probe,239,10,5,10,1.0,True,988.2006204780997,9882.006204780997,6311.006204780997,31555.031023904983,2935.0,587,537,0.9148211243611585,50,0,586,10,10,10,7,7,1892.9003912562807,6149.7063961156855,2130.744300880975,9882.006204780997,160,0.06997067199699814
clear_probe,240,16,11,16,1.0,True,579.6804366717109,9274.886986747375,6880.886986747373,34404.43493373688,1930.0,386,330,0.8549222797927462,56,0,384,16,16,16,11,11,1032.6190591999818,3189.4033288118017,754.6557107744441,9274.886986747375,60,0.06660515799740097
clear_probe,241,15,8,15,1.0,True,560.8460503550249,8412.690755325373,6239.690755325373,31198.453776626866,1750.0,350,296,0.8457142857142858,54,0,348,15,15,15,8,8,735.2803324174005,3522.0068022155815,741.9057022012596,8412.690755325373,58,0.0720881359957275
clear_probe,242,12,3,12,1.0,True,652.276030825372,7827.312369904464,5188.312369904464,25941.56184952232,2150.0,430,386,0.8976744186046511,44,0,429,12,12,12,2,2,1526.058867034825,5777.0553107817705,478.36609413796214,6913.863217515518,40,0.057484703000227455
clear_probe,243,14,8,14,1.0,True,608.765624798303,8522.71874717624,5777.718747176243,28888.59373588121,2230.0,446,398,0.8923766816143498,48,0,445,14,14,14,7,7,1871.2867099457483,4680.000694843272,478.19608985981023,8522.71874717624,40,0.06774709399905987
clear_probe,244,16,9,16,1.0,True,559.3483241658126,8949.573186653002,6734.573186653002,33672.86593326502,1780.0,356,296,0.8314606741573034,60,0,355,16,16,16,12,12,747.7101811945402,3682.1847529209613,407.12204434473915,8949.573186653002,40,0.06734183799562743
clear_probe,245,11,6,11,1.0,True,764.2589474400385,8406.848421840423,5694.848421840423,28474.242109202118,2215.0,443,404,0.9119638826185101,39,0,442,11,11,11,4,4,1075.1949092160585,4880.532258651955,728.2579958390805,8406.848421840423,60,0.04412354499800131
clear_probe,246,10,7,10,1.0,True,945.4903655527529,9454.903655527529,6159.903655527529,30799.51827763764,2705.0,541,508,0.9390018484288355,33,0,540,10,10,10,5,5,3746.6381768687606,6997.786357094983,1840.226502489378,9454.903655527529,140,0.03832683800283121
clear_probe,247,13,5,13,1.0,True,676.5173521111824,8794.725577445372,5958.72557744537,29793.627887226845,2310.0,462,414,0.8961038961038961,48,0,461,13,13,13,6,6,1902.443700975093,6298.194835578928,1033.4332791644747,8794.725577445372,80,0.052625468000769615
clear_probe,248,16,11,16,1.0,True,556.8288745582519,8909.26199293203,6052.261992932027,30261.30996466014,2315.0,463,405,0.8747300215982722,58,0,462,16,16,16,10,10,2717.8827805481296,8109.626004329121,1279.1031931732457,8909.26199293203,100,0.0520653229978052
clear_probe,249,12,10,12,1.0,True,785.5716278421879,9426.859534106256,6277.859534106254,31389.297670531265,2575.0,515,475,0.9223300970873787,40,0,514,12,12,12,12,12,2124.2933244938013,6441.082280535175,753.9884020084046,9426.859534106256,60,0.050549860003229696
clear_probe,250,13,6,13,1.0,True,685.3965928151533,8910.155706596994,5702.155706596996,28510.778532984987,2620.0,524,467,0.8912213740458015,57,0,523,13,13,13,4,4,1898.8774774552362,7747.884318029058,404.25492533192806,8910.155706596994,40,0.051511827994545456
clear_probe,251,13,7,13,1.0,True,635.1399757209603,8256.819684372484,5306.819684372484,26534.09842186242,2405.0,481,430,0.893970893970894,51,0,480,13,13,13,11,11,1600.924915508108,4880.987753268237,1524.1195542555593,7517.920173019676,117,0.06890906899934635
clear_probe,252,16,9,16,1.0,True,542.15410008391,8674.46560134256,6024.465601342557,30122.3280067128,2145.0,429,368,0.8578088578088578,61,0,425,16,16,16,8,8,979.7833216950502,5742.658077614444,499.5566403865773,8674.46560134256,40,0.13291746199683985
clear_probe,253,14,6,14,1.0,True,639.7127642554244,8955.978699575942,5954.978699575941,29774.893497879708,2445.0,489,440,0.8997955010224948,49,0,486,14,14,14,6,6,3335.6206781411174,7815.254793737713,1052.522391494837,8955.978699575942,80,0.09718084600172006
clear_probe,254,12,7,12,1.0,True,721.5549628358498,8658.659554030197,5665.659554030197,28328.297770150974,2445.0,489,439,0.8977505112474438,50,0,488,12,12,12,8,8,1800.389308996076,5136.307247133027,1813.041979907464,8658.659554030197,137,0.08026901999983238
clear_probe,255,10,5,10,1.0,True,985.303186383621,9853.03186383621,6606.0318638362105,33030.15931918105,2665.0,533,499,0.9362101313320825,34,0,532,10,10,10,7,7,2226.950862610026,4967.118559812869,709.5369486074801,9853.03186383621,60,0.07121790000383044
clear_probe,256,13,5,13,1.0,True,655.3054856325923,8518.9713132237,6132.9713132237,30664.856566118506,1935.0,387,340,0.8785529715762274,47,0,386,13,13,13,9,9,1158.4546785157631,5811.3533061160315,527.6923110932346,8518.9713132237,40,0.05990319499687757
clear_probe,257,12,1,12,1.0,True,710.44759402036,8525.37112824432,5481.371128244321,27406.855641221602,2490.0,498,458,0.9196787148594378,40,0,494,12,12,12,1,1,2531.924446279423,7285.425892834325,416.6466337268476,8525.37112824432,40,0.06450071400468005
clear_probe,258,15,8,15,1.0,True,572.3363602805829,8585.045404208744,5656.045404208745,28280.227021043727,2380.0,476,421,0.884453781512605,55,0,474,15,15,15,9,9,2719.8564767593243,6198.5896257770555,497.57891039223904,8585.045404208744,40,0.07406320099835284
clear_probe,259,10,6,10,1.0,True,932.7259074846995,9327.259074846996,6376.259074846997,31881.295374234975,2420.0,484,450,0.9297520661157025,34,0,481,10,10,10,7,7,1148.5287415876523,4974.699683577171,485.27584228752653,9327.259074846996,40,0.05336915799853159
clear_probe,260,11,5,10,0.9090909090909091,False,933.2352099366092,9332.352099366091,6434.3520993660895,32171.760496830444,2385.0,477,439,0.9203354297693921,38,0,463,10,10,10,7,6,861.0157176035983,5055.435023296625,748.085364871662,9332.352099366091,60,0.12455819000024348
clear_probe,261,13,5,13,1.0,True,716.5333589413002,9314.933666236902,6403.933666236903,32019.66833118452,2375.0,475,430,0.9052631578947369,45,0,471,13,13,13,8,8,1577.2990644283439,5687.239851644235,1264.9942482613108,9314.933666236902,99,0.06624924100469798
clear_probe,262,12,7,12,1.0,True,758.8008817005656,9105.610580406787,5758.610580406785,28793.052902033927,2740.0,548,499,0.9105839416058394,49,0,547,12,12,12,10,10,770.8345107027643,3127.3341742504117,1519.3457799323483,9105.610580406787,119,0.0782017210003687
clear_probe,263,15,7,15,1.0,True,559.047158225701,8385.707373385514,5864.707373385514,29323.536866927567,2040.0,408,350,0.8578431372549019,58,0,406,15,15,15,14,14,975.253551149549,5881.423971658256,510.06988831584306,8385.707373385514,40,0.07095116900018184
clear_probe,264,14,3,14,1.0,True,601.0272952659435,8414.38213372321,5616.382133723211,28081.91066861606,2275.0,455,402,0.8835164835164835,53,0,453,14,14,14,3,3,1830.7919668757445,4898.573986145939,476.0132524571269,8414.38213372321,40,0.06181519299570937
clear_probe,265,16,10,16,1.0,True,596.6996224705442,9547.193959528708,6666.193959528707,33330.969797643535,2335.0,467,407,0.8715203426124197,60,0,466,16,16,16,5,5,1994.5973430245401,4652.517086677532,3304.538599043229,9547.193959528708,252,0.13519976800307631
clear_probe,266,10,5,9,0.9,False,969.6271172391537,8726.644055152383,5612.644055152384,28063.220275761923,2560.0,512,477,0.931640625,35,0,509,9,9,9,4,4,1193.380225676408,4167.163658780201,1037.2129716654815,8726.644055152383,80,0.07467722200090066
clear_probe,267,11,5,11,1.0,True,856.6306334714737,9422.936968186212,5848.93696818621,29244.684840931048,2935.0,587,549,0.9352640545144804,38,0,584,11,11,11,8,8,2543.3802628255416,5500.594907725846,1776.1178378005154,9422.936968186212,133,0.06864938799844822
clear_probe,268,16,9,16,1.0,True,550.3551665092563,8805.6826641481,6251.682664148101,31258.413320740503,2065.0,413,356,0.8619854721549637,57,0,409,16,16,16,11,11,1144.2229666262479,5469.641898915454,703.3058313807365,8805.6826641481,60,0.08005106000200612
clear_probe,269,10,5,10,1.0,True,984.7393651173606,9847.393651173606,6324.393651173606,31621.968255868032,2895.0,579,538,0.9291882556131261,41,0,578,10,10,10,6,6,2340.7568702122094,7429.676554806573,3700.353063223249,9847.393651173606,278,0.055944926003576256
clear_probe,270,16,6,16,1.0,True,467.646255454757,7482.340087276112,5228.340087276112,26141.70043638055,1815.0,363,301,0.8292011019283747,62,0,359,16,16,16,8,8,1114.7782937341317,5158.7228572858685,472.1120078620471,7482.340087276112,40,0.11221251899405615
clear_probe,271,13,3,13,1.0,True,663.0269236644132,8619.350007637371,5957.35000763737,29786.750038186852,2165.0,433,388,0.8960739030023095,45,0,432,13,13,13,3,3,1687.709044376542,5714.823380345984,473.5720257777732,6989.4188466733585,40,0.03822770499391481
clear_probe,272,13,5,13,1.0,True,700.260939509715,9103.392213626294,6138.392213626292,30691.96106813146,2420.0,484,438,0.9049586776859504,46,0,480,13,13,13,8,8,2005.0364848610682,6410.055208151245,452.1301290021939,9103.392213626294,40,0.07133733099908568
clear_probe,273,11,5,11,1.0,True,794.7772187462939,8742.549406209233,5532.549406209234,27662.747031046165,2630.0,526,487,0.9258555133079848,39,0,525,11,11,11,6,6,2566.934582260621,4600.901590517201,1523.7394278352965,8742.549406209233,119,0.0388534149969928
clear_probe,274,11,4,11,1.0,True,823.184474259521,9055.029216854731,5515.029216854731,27575.146084273656,2905.0,581,537,0.9242685025817556,44,0,580,11,11,11,7,7,767.1823399517535,5047.630563889753,1033.3751755795365,9055.029216854731,80,0.07442945399816381
clear_probe,275,16,6,16,1.0,True,525.4824460095751,8407.719136153202,5996.7191361532,29983.595680766008,1945.0,389,325,0.8354755784061697,64,0,386,16,16,16,4,4,1917.0917013802082,5521.330640242289,800.2146503433587,8407.719136153202,60,0.07341926300432533
clear_probe,276,12,7,12,1.0,True,653.5329520813191,7842.395424975829,4909.39542497583,24546.97712487915,2395.0,479,440,0.918580375782881,39,0,478,12,12,12,7,7,2402.2942668521487,5738.61486933134,467.4254382504457,7842.395424975829,40,0.050327436001680326
clear_probe,277,10,5,10,1.0,True,854.8876903538767,8548.876903538767,5445.876903538766,27229.384517693827,2545.0,509,471,0.925343811394892,38,0,508,10,10,10,5,5,2091.0681855214834,7076.303416922304,516.8711505299713,8488.876903538767,40,0.03558712100493722
clear_probe,278,12,5,12,1.0,True,810.2227027209301,9722.672432651161,6546.67243265116,32733.362163255802,2600.0,520,478,0.9192307692307692,42,0,516,12,12,12,6,6,2152.31689898589,7407.613822761693,1982.7662547729199,9722.672432651161,156,0.08524871800182154
clear_probe,279,13,3,13,1.0,True,533.5861211016886,6936.619574321952,4520.619574321951,22603.097871609756,1960.0,392,342,0.8724489795918368,50,0,391,13,13,13,2,2,1237.5450660062868,4932.935581771122,711.8163250540213,6894.619574321952,60,0.043169825003133155
clear_probe,280,12,6,12,1.0,True,788.2499941589602,9458.999929907523,6284.9999299075225,31424.999649537618,2600.0,520,474,0.9115384615384615,46,0,514,12,12,12,9,9,1566.5349474275529,4189.061850605661,1871.7659277287428,9458.999929907523,140,0.10418301699974108
clear_probe,281,10,5,10,1.0,True,895.6159649345822,8956.159649345822,5801.159649345822,29005.79824672911,2590.0,518,483,0.9324324324324325,35,0,515,10,10,10,2,2,1814.2465631126047,4049.253090865107,1785.7850878211586,8956.159649345822,140,0.0531664149966673
clear_probe,282,15,9,15,1.0,True,663.6042206822101,9954.063310233152,7429.0633102331485,37145.31655116574,2045.0,409,353,0.863080684596577,56,0,405,15,15,15,13,13,1191.6209087656418,6140.339794963055,524.7469982107036,9954.063310233152,40,0.1081711049992009
clear_probe,283,15,6,15,1.0,True,579.2322832509496,8688.484248764245,5644.484248764244,28222.421243821227,2475.0,495,435,0.8787878787878788,60,0,494,15,15,15,7,7,2720.6228763691115,6056.949066462761,2657.5623278110124,8688.484248764245,200,0.05693941599747632
clear_probe,284,10,2,10,1.0,True,824.7367126734605,8247.367126734605,5162.367126734605,25811.83563367302,2530.0,506,472,0.932806324110672,34,0,505,10,10,10,1,1,1759.7953938274507,5104.54011624638,1029.3058177479554,7711.040619993364,80,0.039216539000335615
clear_probe,285,14,9,14,1.0,True,761.9320590705635,10667.048826987888,7013.048826987888,35065.244134939436,2990.0,598,541,0.9046822742474916,57,0,594,14,14,14,17,17,2200.965954236525,6119.083481731996,1505.034611750328,10667.048826987888,120,0.10504746899823658
clear_probe,286,13,7,13,1.0,True,706.3448887752559,9182.483554078326,6246.483554078329,31232.41777039165,2395.0,479,431,0.8997912317327766,48,0,476,13,13,13,7,7,2582.4361759824938,6818.91453422861,712.9057275166016,9182.483554078326,60,0.05776737999985926
clear_probe,287,14,5,14,1.0,True,625.1382358800101,8751.935302320142,6001.935302320143,30009.676511600715,2235.0,447,381,0.8523489932885906,66,0,445,14,14,14,9,9,744.8703685859751,4275.336615058117,717.6111071751087,8751.935302320142,60,0.10285632500017527
clear_probe,288,16,9,16,1.0,True,650.5186767542298,10408.298828067676,7549.298828067673,37746.49414033838,2320.0,464,390,0.8405172413793104,74,0,459,16,16,16,14,14,1574.6723443119831,6785.389970431238,498.9050189605961,10408.298828067676,40,0.2075512930023251
clear_probe,289,16,10,16,1.0,True,578.4173261587375,9254.6772185398,6747.677218539799,33738.38609269899,2025.0,405,351,0.8666666666666667,54,0,402,16,16,16,8,8,1325.9114141321827,4864.24699152362,509.24354650940563,9254.6772185398,40,0.10637636599858524
clear_probe,290,14,9,14,1.0,True,648.7474289782856,9082.464005695998,6105.464005695998,30527.320028479986,2425.0,485,430,0.8865979381443299,55,0,482,14,14,14,11,11,1084.9384469431332,6050.291613454961,1050.560920762126,9082.464005695998,80,0.07680060699931346
clear_probe,291,15,6,15,1.0,True,576.7153057302179,8650.729585953268,6356.729585953266,31783.64792976633,1850.0,370,314,0.8486486486486486,56,0,369,15,15,15,7,7,1042.2641209835708,4264.882474610194,714.3319301435758,8650.729585953268,60,0.054070899001089856
clear_probe,292,16,4,16,1.0,True,533.420559814402,8534.728957030433,5932.728957030431,29663.644785152155,2105.0,421,357,0.8479809976247031,64,0,417,16,16,16,6,6,2427.561512084039,7165.07394305653,3459.297236775699,8534.728957030433,206,0.1414420639994205
clear_probe,293,13,7,13,1.0,True,729.0890630453137,9478.157819589078,6435.157819589079,32175.789097945388,2485.0,497,440,0.8853118712273642,57,0,493,13,13,13,10,10,1209.6997222041755,4591.3690798671205,2341.2823401102,9478.157819589078,177,0.0954310719971545
clear_probe,294,11,4,11,1.0,True,748.7063693469653,8235.770062816619,5631.770062816619,28158.850314083094,2125.0,425,385,0.9058823529411765,40,0,424,11,11,11,4,4,1535.3469305854599,4879.2330886896925,802.2256765383615,8235.770062816619,60,0.05428375400515506
clear_probe,295,16,7,16,1.0,True,548.6098770957038,8777.758033531261,6160.758033531264,30803.79016765632,2115.0,423,354,0.8368794326241135,69,0,422,16,16,16,12,12,1594.881446270206,6022.193282765185,418.40820775198176,8777.758033531261,40,0.08007295100105694
clear_probe,296,10,5,10,1.0,True,812.522308192238,8125.2230819223805,4993.2230819223805,24966.115409611903,2570.0,514,479,0.9319066147859922,35,0,512,10,10,10,4,4,2283.360473489283,5100.580229164417,747.5014799159321,8125.2230819223805,60,0.050251632994331885
clear_probe,297,14,10,14,1.0,True,626.8950543663085,8776.530761128319,6117.530761128317,30587.65380564159,2160.0,432,379,0.8773148148148148,53,0,429,14,14,14,9,9,1352.972576603308,4984.610936006403,804.5777831478779,8776.530761128319,60,0.10648113299976103
clear_probe,298,11,4,11,1.0,True,728.9337093061986,8018.270802368184,4868.270802368184,24341.35401184092,2580.0,516,481,0.9321705426356589,35,0,515,11,11,11,5,5,2308.60481808985,7406.5512426010055,1323.9606431774523,8018.270802368184,100,0.05156119000457693
clear_probe,299,12,9,12,1.0,True,807.5505978670717,9690.60717440486,6463.60717440486,32318.035872024302,2640.0,528,479,0.9071969696969697,49,0,527,12,12,12,12,12,1161.404000139434,6152.497791018888,455.3546286165438,9690.60717440486,40,0.06930504000047222
clear_probe,300,14,8,14,1.0,True,657.6986506133786,9207.7811085873,6392.781108587297,31963.90554293649,2290.0,458,398,0.868995633187773,60,0,455,14,14,14,10,10,1572.8992157418106,7541.470038910661,1253.0485518804999,9207.7811085873,100,0.057717581003089435
clear_probe,301,13,6,13,1.0,True,697.3349888843245,9065.354855496218,5905.354855496218,29526.774277481083,2580.0,516,469,0.9089147286821705,47,0,515,13,13,13,4,4,3790.56404008735,7960.336501976167,1305.2698258132311,8658.845719358229,99,0.04273993000242626
clear_probe,302,14,6,14,1.0,True,623.814518119537,8733.403253673518,5604.4032536735185,28022.016268367595,2550.0,510,455,0.8921568627450981,55,0,509,14,14,14,5,5,3298.074997841852,7277.612228222532,1838.8914692994908,8733.403253673518,140,0.06050223600323079
clear_probe,303,10,3,10,1.0,True,788.1744597740558,7881.744597740558,4850.744597740558,24253.722988702786,2485.0,497,456,0.9175050301810865,41,0,496,10,10,10,3,3,1788.9826958414233,4989.721724261743,1791.8894375522914,6870.605809637459,136,0.04319925000163494
clear_probe,304,11,6,11,1.0,True,794.9110481827832,8744.021530010616,5787.021530010614,28935.107650053073,2420.0,484,442,0.9132231404958677,42,0,482,11,11,11,6,6,1451.3702340096497,7614.998869485401,465.2953392221399,8744.021530010616,40,0.06364392900286475
clear_probe,305,11,8,11,1.0,True,794.4672675210492,8739.139942731541,5505.139942731542,27525.699713657712,2650.0,530,487,0.9188679245283019,43,0,529,11,11,11,3,3,2538.8198403734964,5768.787021302703,1232.49496511582,7803.349933902754,100,0.062383058000705205
clear_probe,306,13,7,13,1.0,True,759.0240927379763,9867.313205593691,6612.313205593691,33061.56602796846,2660.0,532,487,0.9154135338345865,45,0,530,13,13,13,11,11,3018.4551381631604,6558.207811520898,1797.8118466003893,9867.313205593691,140,0.0835144759985269
clear_probe,307,15,4,15,1.0,True,638.364894073656,9575.47341110484,6435.47341110484,32177.367055524206,2555.0,511,446,0.87279843444227,65,0,510,15,15,15,5,5,2382.849493562205,5365.862778629582,1787.2753685771916,9575.47341110484,139,0.08833059600146953
clear_probe,308,11,5,11,1.0,True,795.6853795893988,8752.539175483387,5592.539175483387,27962.69587741693,2590.0,518,469,0.9054054054054054,49,0,515,11,11,11,5,5,1102.2135328931688,3931.8504769066126,1769.7061614213544,8752.539175483387,140,0.08055083599901991
clear_probe,309,10,3,10,1.0,True,860.3334817299294,8603.334817299294,5578.334817299295,27891.674086496478,2480.0,496,452,0.9112903225806451,44,0,495,10,10,10,4,4,986.1676924464449,6828.4915907149525,521.2283500647363,8603.334817299294,40,0.042931210999086034
clear_probe,310,14,6,14,1.0,True,788.8352541042304,11043.693557459226,7637.6935574592235,38188.467787296126,2785.0,557,499,0.895870736086176,58,0,551,14,14,14,11,11,1259.2885312735878,6586.199473576875,1257.8953554169184,11043.693557459226,99,0.1435750380042009
clear_probe,311,16,5,16,1.0,True,463.4112482620398,7414.579972192637,5313.579972192638,26567.899860963193,1685.0,337,275,0.8160237388724035,62,0,336,16,16,16,4,4,1344.4873267736375,5154.29810786058,493.47331205691347,7022.7065613054765,40,0.07927198100514943
clear_probe,312,15,6,15,1.0,True,540.9748372530122,8114.622558795183,5850.622558795183,29253.11279397592,1825.0,365,318,0.8712328767123287,47,0,364,15,15,15,5,5,1530.0335613827374,6325.291157593239,411.38647936026297,7712.039549692793,40,0.04934264400071697
clear_probe,313,14,7,14,1.0,True,633.4718268309888,8868.605575633843,6346.605575633843,31733.027878169218,2045.0,409,359,0.8777506112469438,50,0,407,14,14,14,6,6,1515.3085258051585,5926.061168592406,700.622249864176,8868.605575633843,60,0.06573634999949718
clear_probe,314,11,5,11,1.0,True,778.8790268838494,8567.669295722344,5297.669295722347,26488.34647861173,2680.0,536,492,0.917910447761194,44,0,535,11,11,11,5,5,1011.9402768363834,4199.343045200217,2055.4661207008517,8513.669295722344,158,0.053232477002893575
clear_probe,315,13,9,13,1.0,True,646.6578732142593,8406.55235178537,5494.552351785371,27472.76175892686,2375.0,475,433,0.911578947368421,42,0,472,13,13,13,9,9,2687.911118288408,6696.46660388682,470.8688648800447,8406.55235178537,40,0.07707743799983291
clear_probe,316,10,2,10,1.0,True,916.133273857801,9161.33273857801,5938.332738578009,29691.66369289004,2645.0,529,487,0.9206049149338374,42,0,528,10,10,10,5,5,744.5570457619426,4478.066240997238,1509.082229738082,9161.33273857801,116,0.060882871999638155
clear_probe,317,13,4,13,1.0,True,694.1285693665588,9023.671401765265,5795.671401765261,28978.35700882631,2640.0,528,474,0.8977272727272727,54,0,523,13,13,13,5,5,3121.2351682667622,8648.055349678514,2022.1915466441476,9023.671401765265,158,0.07256239100388484
clear_probe,318,15,7,15,1.0,True,563.8618194404098,8457.927291606147,5739.927291606147,28699.636458030727,2205.0,441,383,0.8684807256235828,58,0,438,15,15,15,6,6,1762.5967586243287,5688.50854785181,1986.6509091074363,8457.927291606147,157,0.09021916300116573
clear_probe,319,11,5,11,1.0,True,921.8266575120914,10140.093232633006,6885.093232633005,34425.46616316501,2670.0,534,490,0.9176029962546817,44,0,530,11,11,11,9,9,1647.3452405965036,7550.840745659853,518.4083823417443,10140.093232633006,40,0.10620943699905183
clear_probe,320,13,5,13,1.0,True,679.9607267324378,8839.489447521692,5751.489447521692,28757.447237608463,2520.0,504,454,0.9007936507936508,50,0,503,13,13,13,6,6,2175.344691849442,5207.551139024351,1817.4799058056653,8839.489447521692,139,0.053672460999223404
clear_probe,321,12,9,12,1.0,True,775.5270027421155,9306.324032905386,6127.3240329053815,30636.62016452692,2600.0,520,486,0.9346153846153846,34,0,519,12,12,12,4,4,3480.1092816592222,7974.034121196036,1748.3720672552133,8957.551021019972,132,0.036636455995903816
clear_probe,322,16,7,16,1.0,True,526.2183602244735,8419.493763591576,5660.493763591575,28302.468817957877,2235.0,447,387,0.8657718120805369,60,0,444,16,16,16,8,8,2196.866671627915,6309.409839979495,523.1904467966409,8419.493763591576,40,0.0902175500013982
clear_probe,323,15,5,15,1.0,True,500.384719498853,7505.770792482795,5019.770792482795,25098.853962413974,2010.0,402,349,0.8681592039800995,53,0,401,15,15,15,6,6,815.4464478991712,2860.8947597633132,1715.622492832904,7505.770792482795,134,0.05838254900299944
clear_probe,324,14,5,14,1.0,True,587.4872925655308,8224.82209591743,5563.8220959174305,27819.110479587147,2160.0,432,387,0.8958333333333334,45,0,431,14,14,14,7,7,1871.704049171992,5629.31973520052,1251.2281000969017,8224.82209591743,96,0.049725015996955335
clear_probe,325,14,7,14,1.0,True,688.3644300365704,9637.102020511986,6223.102020511985,31115.51010255992,2790.0,558,500,0.8960573476702509,58,0,554,14,14,14,10,10,2360.7144491285217,6490.707343422366,454.6170750013469,9637.102020511986,40,0.10906392500328366
clear_probe,326,10,6,10,1.0,True,852.0548847202288,8520.548847202288,5423.548847202288,27117.74423601144,2540.0,508,470,0.9251968503937008,38,0,507,10,10,10,8,8,2910.1238138583262,6324.345157287688,1765.527696590497,8460.548847202288,138,0.042404562002047896
clear_probe,327,16,9,16,1.0,True,630.2329799453684,10083.727679125894,7608.72767912589,38043.63839562945,2000.0,400,335,0.8375,65,0,395,16,16,16,16,16,902.236505224361,6490.930145806395,523.3000996847805,10083.727679125894,40,0.13450195599580184
clear_probe,328,15,9,15,1.0,True,571.6327970064324,8574.491955096486,6256.491955096486,31282.459775482435,1870.0,374,321,0.8582887700534759,53,0,373,15,15,15,8,8,1476.2970366142908,6073.469982605971,493.4457122610436,8574.491955096486,40,0.046859871996275615
clear_probe,329,16,10,16,1.0,True,550.5703187047947,8809.125099276715,5894.125099276715,29470.625496383585,2365.0,473,414,0.8752642706131079,59,0,470,16,16,16,14,14,2054.809159484654,6123.120907954743,1319.212453566293,8809.125099276715,100,0.0789205659966683
clear_probe,330,14,7,14,1.0,True,674.1621770878348,9438.270479229688,6486.270479229688,32431.352396148453,2405.0,481,428,0.8898128898128899,53,0,477,14,14,14,9,9,1942.8921133042202,4824.8900798514815,450.1892116838832,9438.270479229688,40,0.07049419599934481
clear_probe,331,16,5,16,1.0,True,577.4741529082038,9239.58644653126,6545.58644653126,32727.9322326563,2185.0,437,370,0.8466819221967964,67,0,429,16,16,16,12,12,1226.7941476527367,3092.7102712694536,415.16358301035166,9239.58644653126,40,0.20301118699717335
clear_probe,332,11,6,11,1.0,True,847.1769307301053,9318.946238031158,6294.94623803116,31474.731190155806,2475.0,495,459,0.9272727272727272,36,0,494,11,11,11,8,8,2253.6433182006535,5959.931303942545,523.0116574477955,9318.946238031158,40,0.03349365900066914
clear_probe,333,14,9,14,1.0,True,682.3438422277349,9552.813791188288,6802.813791188288,34014.06895594143,2235.0,447,394,0.8814317673378076,53,0,445,14,14,14,10,10,1669.3230453488552,4199.455671164969,1827.4338750019795,9552.813791188288,139,0.052361430003657006
clear_probe,334,11,7,11,1.0,True,786.1874569531658,8648.062026484824,5627.062026484824,28135.31013242413,2475.0,495,455,0.9191919191919192,40,0,491,11,11,11,10,10,1264.9407087689347,4910.53932876214,726.6233435696644,8648.062026484824,60,0.07110884999565315
clear_probe,335,11,7,11,1.0,True,872.8322436402442,9601.154680042686,6413.154680042686,32065.77340021342,2615.0,523,482,0.9216061185468452,41,0,518,11,11,11,10,10,2110.95105955276,6451.307043568662,2073.4024865259285,9601.154680042686,159,0.09825825900043128
clear_probe,336,10,3,10,1.0,True,812.3535609902483,8123.535609902483,5164.535609902481,25822.678049512415,2425.0,485,443,0.9134020618556701,42,0,484,10,10,10,2,2,1405.8934219588996,5028.850071625523,923.6301409120525,8123.535609902483,76,0.04835527399700368
clear_probe,337,11,6,11,1.0,True,894.6062697797231,9840.668967576954,6307.668967576956,31538.34483788478,2900.0,580,532,0.9172413793103448,48,0,578,11,11,11,10,10,2161.9509269227096,6147.057717826576,3332.292888443579,9840.668967576954,251,0.10229691099812044
clear_probe,338,10,4,10,1.0,True,913.3182588752816,9133.182588752816,5940.182588752818,29700.91294376409,2620.0,524,486,0.9274809160305344,38,0,523,10,10,10,5,5,2241.5726755240303,6345.912331327627,754.4596492133858,9133.182588752816,60,0.038420952994783875
clear_probe,339,11,5,11,1.0,True,734.9001904335047,8083.902094768552,5215.902094768552,26079.510473842758,2345.0,469,428,0.9125799573560768,41,0,468,11,11,11,4,4,745.3037802909531,3214.585395800121,492.76821445428914,8029.902094768552,40,0.041212939999240916
clear_probe,340,13,7,13,1.0,True,766.8350145811521,9968.855189554977,6371.855189554975,31859.275947774877,2945.0,589,543,0.9219015280135824,46,0,587,13,13,13,11,11,2200.5173635208366,5199.145145154174,2818.153727913559,9968.855189554977,212,0.11931877300230553
clear_probe,341,14,8,14,1.0,True,649.6874291202537,9095.624007683551,6296.624007683552,31483.120038417754,2275.0,455,409,0.8989010989010989,46,0,454,14,14,14,11,11,1832.807375431823,4831.190561172972,769.1331631880689,9095.624007683551,60,0.06945206899399636
clear_probe,342,10,1,10,1.0,True,766.0503030649486,7660.503030649486,4809.5030306494855,24047.515153247426,2335.0,467,428,0.9164882226980728,39,0,466,10,10,10,1,1,2242.8434618114143,4848.571855494878,1774.0010138907928,7660.503030649486,138,0.04140636200463632
clear_probe,343,11,8,11,1.0,True,957.9703163919817,10537.673480311798,6790.673480311794,33953.367401558986,3080.0,616,575,0.9334415584415584,41,0,612,11,11,11,12,12,3209.9138000903026,6955.187525917898,1798.1194881045374,10537.673480311798,139,0.09774065999954473
clear_probe,344,13,8,13,1.0,True,709.1564147832178,9219.033392181831,6115.033392181827,30575.16696090913,2535.0,507,462,0.9112426035502958,45,0,504,13,13,13,10,10,2407.409908663615,7057.20020206197,1783.7416130426984,9219.033392181831,133,0.07236257800104795
clear_probe,345,16,6,16,1.0,True,534.2427086233844,8547.88333797415,6106.88333797415,30534.416689870744,1970.0,394,330,0.8375634517766497,64,0,391,16,16,16,6,6,1105.3839475357229,6933.445568841138,1229.4418464272069,8547.88333797415,99,0.07558985600189772
clear_probe,346,14,3,14,1.0,True,609.505153164876,8533.072144308264,5886.072144308263,29430.360721541318,2150.0,430,379,0.8813953488372093,51,0,427,14,14,14,2,2,1753.604761174792,6315.657031299892,738.0037989685179,8533.072144308264,60,0.07334642799833091
clear_probe,347,12,8,12,1.0,True,682.9460344021346,8195.352412825616,5334.352412825614,26671.762064128074,2335.0,467,419,0.8972162740899358,48,0,466,12,12,12,9,9,1632.6149852591604,5935.849139884861,1274.6304130036854,7749.110260890954,99,0.06514534500456648
clear_probe,348,16,7,16,1.0,True,596.7500589664188,9548.0009434627,6959.000943462696,34795.004717313495,2095.0,419,353,0.8424821002386634,66,0,414,16,16,16,10,10,1370.4840388349548,4910.181593916527,505.358629398443,9548.0009434627,40,0.09705892200145172
clear_probe,349,13,8,13,1.0,True,673.5139932174526,8755.681911826883,5931.681911826883,29658.409559134412,2300.0,460,415,0.9021739130434783,45,0,459,13,13,13,8,8,1458.737530573621,7499.438736415872,689.7162944959304,8433.583784587312,60,0.042568184006086085
clear_probe,350,12,6,12,1.0,True,715.1419527915956,8581.703433499148,5354.70343349915,26773.517167495756,2640.0,528,476,0.9015151515151515,52,0,527,12,12,12,9,9,1197.6209887929583,5883.146715997447,689.8325349080236,8581.703433499148,60,0.05568171000049915
clear_probe,351,16,9,16,1.0,True,559.2500550646027,8948.000881033644,6140.000881033646,30700.004405168223,2275.0,455,394,0.865934065934066,61,0,453,16,16,16,9,9,2154.778299374322,7562.484762757354,1057.6197315063343,8948.000881033644,80,0.06717876200127648
clear_probe,352,12,6,12,1.0,True,700.6090285391089,8407.308342469307,5746.3083424693095,28731.54171234654,2170.0,434,389,0.8963133640552995,45,0,431,12,12,12,6,6,2348.8118245629707,5720.081878786623,1828.876340507771,8407.308342469307,139,0.06507118100125808
clear_probe,353,10,3,10,1.0,True,833.8300178453903,8338.300178453903,5445.300178453903,27226.50089226951,2370.0,474,432,0.9113924050632911,42,0,473,10,10,10,2,2,1070.7837643980006,6378.4396292724705,1556.996493350666,8338.300178453903,116,0.0433703729941044
clear_probe,354,11,3,11,1.0,True,783.0833385331293,8613.916723864422,5743.91672386442,28719.583619322108,2350.0,470,427,0.9085106382978724,43,0,465,11,11,11,5,5,1420.44592235346,4329.980940944258,460.34528041208694,8613.916723864422,40,0.07085442599782255
clear_probe,355,11,5,11,1.0,True,915.0486999478,10065.5356994258,6660.5356994258,33302.678497129,2795.0,559,517,0.924865831842576,42,0,555,11,11,11,7,7,1507.2846140290915,6891.588142884709,499.55499731773597,10065.5356994258,40,0.03659832700213883
clear_probe,356,15,4,15,1.0,True,572.0285653606804,8580.428480410206,5921.428480410207,29607.142402051028,2155.0,431,370,0.8584686774941995,61,0,429,15,15,15,7,7,1580.0661768048437,4972.292707029504,1308.0478019344841,8580.428480410206,100,0.07059111099806614
clear_probe,357,11,7,11,1.0,True,806.1428459228574,8867.571305151432,5646.571305151433,28232.856525757164,2640.0,528,488,0.9242424242424242,40,0,526,11,11,11,11,11,2178.9130152462426,5715.995111776977,1794.0876356580543,8867.571305151432,133,0.07936701599828666
clear_probe,358,16,12,16,1.0,True,666.7973208713779,10668.757133942046,7449.757133942041,37248.78566971021,2620.0,524,462,0.8816793893129771,62,0,519,16,16,16,14,14,3129.7316555870498,6555.737489210662,752.1933455043882,10668.757133942046,60,0.1535290489991894
clear_probe,359,10,6,10,1.0,True,919.8565293933474,9198.565293933474,5965.565293933474,29827.82646966737,2655.0,531,501,0.943502824858757,30,0,528,10,10,10,6,6,3357.4228224424005,6880.723307623749,533.0687864776505,9198.565293933474,40,0.06078261500078952
clear_probe,360,11,6,11,1.0,True,857.4566507116033,9432.023157827636,6078.023157827636,30390.11578913818,2750.0,550,509,0.9254545454545454,41,0,549,11,11,11,8,8,2979.9098361498504,6443.109037440565,2886.583179046793,9432.023157827636,213,0.059129173001565505
clear_probe,361,14,8,14,1.0,True,694.2585424006442,9719.619593609019,6677.61959360902,33388.0979680451,2480.0,496,448,0.9032258064516129,48,0,492,14,14,14,6,6,2827.2712323482165,6158.255995359098,489.8060119764239,9719.619593609019,40,0.08093356999597745
clear_probe,362,16,6,16,1.0,True,645.3431125414106,10325.48980066257,7616.489800662565,38082.44900331283,2195.0,439,375,0.8542141230068337,64,0,434,16,16,16,10,10,1519.7481729788558,7379.719366505619,445.5522829879078,10325.48980066257,40,0.14421539300383301
clear_probe,363,16,7,16,1.0,True,538.8279764454874,8621.247623127798,5939.247623127799,29696.23811563899,2170.0,434,369,0.8502304147465438,65,0,432,16,16,16,7,7,1913.7909783762625,6451.736347092746,735.1802491495537,8621.247623127798,60,0.07507811200048309
clear_probe,364,16,9,16,1.0,True,551.5778613934028,8825.245782294445,6468.245782294443,32341.228911472197,1900.0,380,321,0.8447368421052631,59,0,377,16,16,16,11,11,1502.6907637007157,6785.327224673269,454.37199116055643,8825.245782294445,40,0.08718811000289861
clear_probe,365,15,8,15,1.0,True,599.080072270166,8986.20108405249,6136.20108405249,30681.005420262445,2315.0,463,410,0.8855291576673866,53,0,460,15,15,15,10,10,2265.523881111658,6950.742616843191,1676.5889759504196,8986.20108405249,127,0.0924841789965285
clear_probe,366,10,6,10,1.0,True,802.1723725078273,8021.723725078273,5189.723725078273,25948.61862539136,2320.0,464,435,0.9375,29,0,462,10,10,10,8,8,1361.5752206035545,3940.4839848453257,445.6831037291482,8021.723725078273,40,0.044097300997236744
clear_probe,367,10,4,10,1.0,True,868.8284194353926,8688.284194353926,5459.284194353926,27296.420971769636,2650.0,530,491,0.9264150943396227,39,0,529,10,10,10,4,4,874.3030704857181,3846.4863779374823,1282.9487007463551,8628.284194353926,99,0.042340507003245875
clear_probe,368,13,6,13,1.0,True,738.4072725161003,9599.294542709304,6243.294542709302,31216.472713546507,2745.0,549,495,0.9016393442622951,54,0,546,13,13,13,8,8,2916.3546575556534,7301.717779569643,2853.662968712347,9599.294542709304,217,0.11979356999654556
clear_probe,369,16,8,16,1.0,True,523.6214360778112,8377.942977244978,5659.942977244978,28299.714886224883,2200.0,440,377,0.8568181818181818,62,1,438,16,16,16,13,13,1594.731266844498,4715.740249011926,702.8803149993387,8377.942977244978,60,0.06682489199738484
clear_probe,370,10,4,10,1.0,True,887.6830902415384,8876.830902415384,5853.830902415383,29269.154512076926,2480.0,496,463,0.9334677419354839,33,0,493,10,10,10,5,5,2088.959416772984,7321.129359459108,748.0405164613485,8876.830902415384,60,0.06356270599644631
clear_probe,371,12,7,12,1.0,True,689.6377834714698,8275.653401657637,5384.653401657638,26923.26700828819,2360.0,472,420,0.8898305084745762,52,0,471,12,12,12,10,10,1403.0873170524544,4558.594141671221,703.6405957408168,8275.653401657637,60,0.0699281770066591
clear_probe,372,10,7,10,1.0,True,891.1654126808062,8911.654126808062,5751.65412680806,28758.270634040302,2595.0,519,479,0.9229287090558767,40,0,515,10,10,10,6,6,1571.301863371374,7105.523678213652,1791.2586353511688,8911.654126808062,140,0.09766871699684998
clear_probe,373,10,5,10,1.0,True,903.083443131578,9030.83443131578,5903.834431315783,29519.172156578912,2565.0,513,471,0.9181286549707602,42,0,512,10,10,10,8,8,1153.1173640483798,4525.225932108246,424.807844370657,9030.83443131578,40,0.05529768099950161
clear_probe,374,12,5,12,1.0,True,704.1581372089366,8449.89764650724,5607.89764650724,28039.488232536198,2320.0,464,415,0.8943965517241379,49,0,462,12,12,12,6,6,1704.5556234895794,4137.232017040313,685.6276425061986,8449.89764650724,60,0.08993065799586475
clear_probe,375,11,6,11,1.0,True,782.1576092511067,8603.733701762174,5525.733701762173,27628.66850881088,2520.0,504,459,0.9107142857142857,45,0,503,11,11,11,6,6,1600.9921962599356,4659.15795610242,1573.8651239240671,8603.733701762174,120,0.084634991006169
clear_probe,376,15,6,15,1.0,True,655.1679785476372,9827.519678214558,6785.519678214555,33927.59839107277,2475.0,495,435,0.8787878787878788,60,0,492,15,15,15,5,5,2101.0640712840072,6637.130077143876,489.43475172590644,9827.519678214558,40,0.0810741550012608
clear_probe,377,11,4,11,1.0,True,807.2165719472378,8879.382291419615,5639.382291419617,28196.91145709809,2655.0,531,489,0.9209039548022598,42,0,530,11,11,11,5,5,2578.813461360408,7154.930114420906,678.6019957175675,8879.382291419615,60,0.06240409600286512
clear_probe,378,10,5,10,1.0,True,852.4127439406357,8524.127439406357,5373.1274394063585,26865.637197031796,2585.0,517,481,0.9303675048355899,36,0,516,10,10,10,4,4,2743.159552883451,7022.488454598239,757.7170746916638,8524.127439406357,60,0.06041715400351677
clear_probe,379,10,3,10,1.0,True,820.9323931237035,8209.323931237035,5268.323931237032,26341.619656185165,2410.0,482,445,0.9232365145228216,37,0,481,10,10,10,5,5,761.7553652507343,3925.1639724727024,1263.607847670907,8209.323931237035,99,0.06150218899711035
clear_probe,380,11,1,11,1.0,True,683.5705420453377,7519.275962498714,4771.275962498714,23856.379812493564,2245.0,449,405,0.9020044543429844,44,0,448,11,11,11,0,0,1565.4551311145767,5028.059445121626,450.39207416248996,7245.588276090341,40,0.05437927899765782
clear_probe,381,13,6,13,1.0,True,612.825660180761,7966.733582349893,5382.733582349892,26913.66791174946,2100.0,420,369,0.8785714285714286,51,0,419,13,13,13,9,9,399.83134660321605,2836.9037529209045,528.8561418374424,7924.733582349893,40,0.07108511700062081
clear_probe,382,10,5,10,1.0,True,956.131247298189,9561.31247298189,6352.312472981888,31761.562364909452,2635.0,527,486,0.9222011385199241,41,0,524,10,10,10,9,9,1373.9447612717763,5109.856010999144,1756.3471692404141,9561.31247298189,138,0.11421522500313586
clear_probe,383,14,8,14,1.0,True,697.4638854071569,9764.494395700196,6307.494395700196,31537.471978500984,2825.0,565,507,0.8973451327433628,58,0,562,14,14,14,9,9,1522.5793311656512,4789.422127263823,2597.3479462679547,9764.494395700196,199,0.08974375300022075
clear_probe,384,15,11,15,1.0,True,704.0202794148978,10560.304191223468,7464.304191223466,37321.52095611734,2520.0,504,454,0.9007936507936508,50,0,501,15,15,15,18,18,2053.809269954431,6085.661418974837,2129.523834834782,10560.304191223468,159,0.0750811519974377
clear_probe,385,10,4,10,1.0,True,769.6907242156443,7696.907242156443,4653.907242156445,23269.536210782226,2495.0,499,463,0.9278557114228457,36,0,498,10,10,10,3,3,2132.9375711631606,5499.784551531756,1268.5156719604456,7169.989812484351,99,0.03656552299798932
clear_probe,386,14,11,14,1.0,True,654.658142859723,9165.214000036121,6300.214000036124,31501.070000180614,2330.0,466,419,0.8991416309012875,47,0,465,14,14,14,11,11,2248.9565527187247,6681.223610530105,1519.4187043663549,9165.214000036121,117,0.06864512899483088
clear_probe,387,13,5,13,1.0,True,634.391376821985,8247.087898685804,5652.087898685805,28260.43949342902,2110.0,422,376,0.8909952606635071,46,0,420,13,13,13,4,4,1020.9706626756322,4667.21458131796,458.0677260767484,8247.087898685804,40,0.06422448500234168
clear_probe,388,16,11,16,1.0,True,646.5303744551716,10344.485991282745,7295.485991282741,36477.42995641371,2475.0,495,433,0.8747474747474747,62,0,494,16,16,16,11,11,3258.223459712809,6996.010901671207,3087.481556649332,10344.485991282745,227,0.09288786500110291
clear_probe,389,15,9,15,1.0,True,661.36528677632,9920.4793016448,7079.4793016448,35397.39650822402,2310.0,462,399,0.8636363636363636,63,0,456,15,15,15,14,14,1588.9386643512896,4999.357946963105,673.9763815124288,9920.4793016448,60,0.19637229799991474
clear_probe,390,14,6,14,1.0,True,692.1113514443226,9689.558920220517,6681.558920220516,33407.794601102585,2450.0,490,433,0.8836734693877552,57,0,488,14,14,14,10,10,1969.8940843984863,5615.4840557319285,2580.133457084398,9689.558920220517,197,0.07992648400249891
clear_probe,391,13,8,13,1.0,True,698.2996938068276,9077.896019488759,6103.896019488759,30519.4800974438,2425.0,485,434,0.8948453608247423,51,0,484,13,13,13,6,6,2037.15067076393,4562.463893773784,2058.505438140255,9077.896019488759,160,0.05806532100541517
clear_probe,392,14,8,14,1.0,True,641.9047235020302,8986.666129028423,6286.666129028425,31433.330645142127,2195.0,439,382,0.8701594533029613,57,0,435,14,14,14,13,13,1104.0146130348055,5409.828183469342,487.1150887293137,8986.666129028423,40,0.10869802699744469
clear_probe,393,12,3,12,1.0,True,740.1616626612563,8881.939951935075,6153.939951935074,30769.699759675368,2225.0,445,402,0.903370786516854,43,0,443,12,12,12,4,4,784.6278357811316,1973.5421398430794,432.80681931666464,8881.939951935075,40,0.06430639800237259
clear_probe,394,11,7,11,1.0,True,889.7931485378006,9787.724633915806,6700.724633915807,33503.623169579034,2530.0,506,466,0.9209486166007905,40,0,502,11,11,11,11,11,1418.7341016373457,5982.840452180718,509.39917436365465,9787.724633915806,40,0.07670076299837092
clear_probe,395,12,6,12,1.0,True,738.9961075888265,8867.953291065918,5821.953291065917,29109.766455329598,2490.0,498,449,0.9016064257028112,49,0,496,12,12,12,11,11,1787.7711382649793,4690.550505524088,804.7861714084854,8867.953291065918,60,0.10441532800177811
clear_probe,396,10,7,10,1.0,True,930.7549778904115,9307.549778904115,6132.5497789041165,30662.74889452058,2605.0,521,484,0.9289827255278311,37,0,520,10,10,10,8,8,1874.6070800156747,4841.937929906698,754.9656894615148,9307.549778904115,60,0.052929247001884505
clear_probe,397,10,3,10,1.0,True,854.7948949060785,8547.948949060785,5630.948949060786,28154.744745303928,2390.0,478,440,0.9205020920502092,38,0,477,10,10,10,3,3,1049.7351025223168,4648.175512611584,1823.117118729706,5933.223137463629,136,0.05654767599480692
clear_probe,398,13,7,13,1.0,True,736.9043737595954,9579.75685887474,6272.756858874741,31363.7842943737,2705.0,541,494,0.9131238447319778,47,0,537,13,13,13,7,7,2435.460535268815,6026.638476647416,1251.8257204228546,9579.75685887474,100,0.06239787500089733
clear_probe,399,10,4,10,1.0,True,896.1664280954067,8961.664280954066,5648.664280954064,28243.321404770326,2720.0,544,507,0.9319852941176471,37,0,543,10,10,10,7,7,1468.7802433049,4871.696704601621,469.9114035629008,8961.664280954066,40,0.0483588819988654
clear_probe,400,12,2,12,1.0,True,672.1507926351178,8065.809511621414,5438.809511621415,27194.047558107064,2140.0,428,376,0.8785046728971962,52,0,427,12,12,12,3,3,604.0711468051985,3193.954495891173,441.26211869408064,8065.809511621414,40,0.04896067499794299
clear_probe,401,13,6,13,1.0,True,691.0546228048532,8983.710096463092,5973.71009646309,29868.55048231545,2455.0,491,444,0.9042769857433809,47,0,490,13,13,13,9,9,2093.687995620396,6475.353940040544,1488.8737792123268,8983.710096463092,120,0.0634274589974666
clear_probe,402,16,8,16,1.0,True,556.1896805172739,8899.034888276383,6206.034888276383,31030.174441381918,2180.0,436,371,0.8509174311926605,65,0,433,16,16,16,7,7,1242.4802286521851,6991.434468853095,457.0849784606393,8899.034888276383,40,0.08237868000287563
clear_probe,403,11,4,11,1.0,True,885.6988883554718,9742.68777191019,6232.687771910188,31163.43885955094,2880.0,576,532,0.9236111111111112,44,0,575,11,11,11,3,3,2768.090368841348,8099.715459598348,739.5215210938594,8892.222770083334,60,0.05953290300385561
clear_probe,404,10,8,10,1.0,True,1082.7321015567873,10827.321015567872,7132.321015567871,35661.60507783935,3040.0,608,572,0.9407894736842105,36,0,605,10,10,10,10,10,1927.3309952710547,7484.9833069307415,2086.920959319469,10827.321015567872,160,0.06654359800450038
clear_probe,405,10,4,10,1.0,True,900.7894866033361,9007.89486603336,5526.89486603336,27634.474330166795,2860.0,572,536,0.9370629370629371,36,0,571,10,10,10,4,4,1973.0167974736232,7117.055991578744,2085.4308629275956,9007.89486603336,158,0.03690146999724675
clear_probe,406,13,6,13,1.0,True,684.9583658331251,8904.458755830627,5660.458755830623,28302.293779153122,2650.0,530,480,0.9056603773584906,50,0,529,13,13,13,6,6,3539.6445884122486,7039.0162249161,4046.8955222512423,8904.458755830627,298,0.058542489998217206
clear_probe,407,15,9,15,1.0,True,586.396060079378,8795.94090119067,6478.940901190669,32394.704505953345,1870.0,374,319,0.8529411764705882,55,0,372,15,15,15,12,12,1154.183590518704,4339.939527622978,430.130249565737,8795.94090119067,40,0.07358266499795718
clear_probe,408,16,12,16,1.0,True,623.4859103835048,9975.774566136077,7350.774566136075,36753.87283068038,2125.0,425,365,0.8588235294117647,60,0,420,16,16,16,17,17,1714.9642653728563,7346.984286111908,2036.235924509219,9975.774566136077,158,0.08515435000299476
clear_probe,409,16,10,16,1.0,True,498.2180526584922,7971.488842535875,5522.488842535875,27612.444212679373,1975.0,395,340,0.8607594936708861,55,0,394,16,16,16,13,13,653.3465525290911,1914.414582446134,471.5286728943264,7971.488842535875,40,0.0373953239977709
clear_probe,410,11,4,11,1.0,True,822.5030934458915,9047.534027904807,5531.534027904809,27657.670139524045,2885.0,577,533,0.9237435008665511,44,0,576,11,11,11,3,3,2640.19451213018,7679.227926686396,2562.9522084934956,9047.534027904807,190,0.048103758999786805
clear_probe,411,11,6,11,1.0,True,797.6253817601687,8773.879199361856,5858.879199361856,29294.395996809282,2385.0,477,431,0.9035639412997903,46,0,475,11,11,11,6,6,957.7071101731894,3605.6853494860898,716.3283874025248,8773.879199361856,60,0.06722632600576617
clear_probe,412,12,6,12,1.0,True,700.2862809720972,8403.435371665166,5608.435371665164,28042.17685832582,2280.0,456,411,0.9013157894736842,45,0,455,12,12,12,7,7,688.9467742694319,3441.1861701617013,798.5972148629887,8403.435371665166,60,0.03729682399716694
clear_probe,413,16,9,16,1.0,True,586.484939470321,9383.759031525136,6318.759031525138,31593.795157625682,2490.0,498,431,0.8654618473895582,67,0,495,16,16,16,17,17,1823.3030493231756,6487.432243476911,1318.6662537394648,9383.759031525136,100,0.12267254800099181
clear_probe,414,13,6,13,1.0,True,654.2412396359051,8505.136115266767,5879.1361152667705,29395.680576333838,2135.0,427,383,0.8969555035128806,44,0,426,13,13,13,8,8,1049.950566385529,5139.874661983351,516.1614957810095,7918.719172220397,40,0.033254491005209275
clear_probe,415,16,10,16,1.0,True,567.835545085511,9085.368721368175,6223.368721368178,31116.84360684089,2320.0,464,400,0.8620689655172413,64,0,462,16,16,16,10,10,2133.3163696911506,7535.7171554922315,2396.5679999476083,9085.368721368175,180,0.11544120399776148
clear_probe,416,12,7,12,1.0,True,727.045873718203,8724.550484618436,5725.550484618437,28627.752423092184,2450.0,490,447,0.9122448979591836,43,0,489,12,12,12,8,8,2134.0177861728903,4649.836348818995,455.6001662832243,8724.550484618436,40,0.08862706899526529
clear_probe,417,14,6,14,1.0,True,717.2923067514168,10042.092294519836,6836.09229451984,34180.46147259921,2615.0,523,475,0.9082217973231358,48,0,521,14,14,14,9,9,2413.5927956682826,6721.799050138449,526.7808428751453,10042.092294519836,40,0.09142059499572497
clear_probe,418,12,9,12,1.0,True,760.5479020884139,9126.574825060967,5905.574825060965,29527.87412530483,2635.0,527,482,0.9146110056925996,45,0,526,12,12,12,13,13,1725.0863518682029,5797.833316251508,1061.415820617092,9126.574825060967,79,0.07855504399776692
clear_probe,419,14,11,14,1.0,True,675.8497963447113,9461.897148825958,6230.8971488259585,31154.485744129797,2635.0,527,483,0.9165085388994307,44,0,526,14,14,14,9,9,2861.5115630743635,6478.0087465496135,738.3408559136843,9461.897148825958,60,0.0534283660017536
clear_probe,420,10,3,10,1.0,True,853.052861847517,8530.52861847517,5685.528618475172,28427.64309237586,2330.0,466,428,0.9184549356223176,38,0,465,10,10,10,2,2,731.4252127985441,4797.645824084423,503.4931464728904,8530.52861847517,40,0.0469390750004095
clear_probe,421,15,10,15,1.0,True,596.8596199346574,8952.894299019861,6121.894299019859,30609.471495099293,2300.0,460,400,0.8695652173913043,60,0,456,15,15,15,16,16,1575.3731728378082,7384.1249804980525,414.14899596735904,8952.894299019861,40,0.13896098999975948
clear_probe,422,13,7,13,1.0,True,586.8184209965925,7628.639472955703,5242.639472955703,26213.19736477852,1935.0,387,342,0.8837209302325582,45,0,386,13,13,13,4,4,879.921258764133,5016.42769610673,470.4098709492817,7628.639472955703,40,0.049084617996413726
clear_probe,423,12,6,12,1.0,True,771.3805731009523,9256.566877211428,5918.566877211424,29592.834386057115,2735.0,547,496,0.906764168190128,51,0,543,12,12,12,7,7,1665.7312101628693,5762.286606763579,1307.6174342654467,9256.566877211428,100,0.08840668899938464
clear_probe,424,14,4,14,1.0,True,673.9618214413913,9435.465500179478,6239.465500179483,31197.3275008974,2610.0,522,461,0.8831417624521073,61,0,516,14,14,14,6,6,1866.3831291106944,6194.513672338843,3867.964311513051,9435.465500179478,295,0.10723535800207173
clear_probe,425,13,5,13,1.0,True,642.096359703401,8347.252676144213,5367.252676144214,26836.26338072107,2430.0,486,433,0.8909465020576132,53,0,485,13,13,13,6,6,1906.7623877269677,6668.4267948898705,1860.4866330446762,8347.252676144213,140,0.056086938006046694
clear_probe,426,11,5,11,1.0,True,780.7967355422411,8588.764090964652,5456.764090964651,27283.820454823253,2565.0,513,475,0.9259259259259259,38,0,512,11,11,11,4,4,1276.790850603264,5589.7199729271515,493.5718661630956,8267.49316217587,40,0.03430255700368434
clear_probe,427,11,7,11,1.0,True,931.0229384627384,10241.252323090122,6918.252323090124,34591.26161545062,2725.0,545,500,0.9174311926605505,45,0,543,11,11,11,7,7,2343.9049351399417,6953.450423607981,2119.1567442724736,10241.252323090122,160,0.09279741500358796
clear_probe,428,12,3,12,1.0,True,685.5235433444792,8226.282520133751,5529.282520133752,27646.412600668755,2200.0,440,392,0.8909090909090909,48,0,437,12,12,12,2,2,1340.141218045819,5220.997805605482,498.53160496110155,8226.282520133751,40,0.0592609250015812
clear_probe,429,14,7,14,1.0,True,622.4640109614912,8714.496153460877,6023.4961534608765,30117.48076730438,2185.0,437,379,0.8672768878718535,58,0,436,14,14,14,11,11,881.6377479713875,5326.911495799979,535.0998963967329,8714.496153460877,40,0.07276708100107498
clear_probe,430,12,6,12,1.0,True,726.0003398805507,8712.004078566608,5546.004078566604,27730.020392833027,2590.0,518,472,0.9111969111969112,46,0,516,12,12,12,9,9,1356.2140015780271,4823.620166063588,784.5561542341181,8712.004078566608,60,0.11333774599916069
clear_probe,431,12,8,12,1.0,True,826.1165172815,9913.398207378,6479.3982073780035,32396.99103689001,2815.0,563,517,0.9182948490230906,46,0,559,12,12,12,11,11,1838.6291162482541,7686.29764374641,1868.951899766737,9913.398207378,140,0.10920981100207428
clear_probe,432,14,5,14,1.0,True,622.0040436206885,8708.05661068964,6347.0566106896395,31735.283053448202,1910.0,382,329,0.8612565445026178,53,0,381,14,14,14,7,7,1174.3199672695507,3448.9527381464295,771.8679834346547,8708.05661068964,60,0.06545258500409545
clear_probe,433,11,4,11,1.0,True,737.624597685677,8113.870574542447,5253.870574542447,26269.352872712232,2340.0,468,422,0.9017094017094017,46,0,465,11,11,11,7,7,1130.599155043256,4405.893901992218,1769.1553382637267,8113.870574542447,136,0.08156514199799858
clear_probe,434,12,3,12,1.0,True,707.7525063472482,8493.030076166979,5368.030076166977,26840.150380834893,2555.0,511,466,0.9119373776908023,45,0,510,12,12,12,3,3,2896.1565244507874,5782.571177159003,2827.2043931815583,8216.502000120186,214,0.048633223996148445
clear_probe,435,16,4,16,1.0,True,528.2197316097619,8451.51570575619,5732.515705756188,28662.57852878095,2200.0,440,376,0.8545454545454545,64,0,439,16,16,16,7,7,1622.7735195563337,5745.91294553347,1281.3984428035958,8451.51570575619,100,0.06743761100369738
clear_probe,436,13,5,13,1.0,True,791.9051430649288,10294.766859844074,7162.766859844077,35813.83429922037,2560.0,512,465,0.908203125,47,0,507,13,13,13,7,7,2491.2875077279145,4714.248205846279,694.1024077172148,10294.766859844074,60,0.10495662000175798
clear_probe,437,14,6,14,1.0,True,680.2585053600806,9523.619075041128,6365.619075041124,31828.095375205638,2575.0,515,462,0.8970873786407767,53,0,513,14,14,14,5,5,1708.9082209307326,6008.571697676752,3843.4216666151556,9523.619075041128,286,0.09247057800530456
clear_probe,438,11,4,11,1.0,True,860.566814594284,9466.234960537124,6552.234960537124,32761.174802685615,2385.0,477,438,0.9182389937106918,39,0,474,11,11,11,4,4,2133.4092570204903,6027.147819571473,769.6314343191407,9466.234960537124,59,0.10379267900134437
clear_probe,439,13,8,13,1.0,True,714.096634053798,9283.256242699374,6375.256242699374,31876.281213496863,2370.0,474,425,0.8966244725738397,49,0,473,13,13,13,7,7,1680.5710730109824,7427.851035759522,425.80992446468446,9283.256242699374,40,0.05206304400053341
clear_probe,440,10,4,10,1.0,True,876.0253124475379,8760.253124475379,5807.253124475382,29036.265622376908,2420.0,484,440,0.9090909090909091,44,0,483,10,10,10,5,5,1023.5784896526893,4731.221881037098,530.849660908229,8760.253124475379,40,0.04310071500367485
clear_probe,441,11,3,11,1.0,True,747.2916827965165,8220.208510761682,5244.208510761682,26221.04255380841,2435.0,487,450,0.9240246406570842,37,0,486,11,11,11,1,1,1360.3507030505962,7050.25668550786,1251.6558876820784,7832.676024911551,99,0.037102344998857006
clear_probe,442,12,8,12,1.0,True,715.6218987124361,8587.462784549232,5552.462784549233,27762.31392274616,2480.0,496,453,0.9133064516129032,43,0,495,12,12,12,11,11,2458.788311954579,7304.556722686409,1520.1437366642383,8587.462784549232,117,0.0423601719958242
clear_probe,443,16,5,16,1.0,True,488.55439858360427,7816.870377337668,5415.8703773376665,27079.35188668833,1935.0,387,324,0.8372093023255814,63,0,386,16,16,16,4,4,1947.6539627313423,4649.536673505359,770.9154051202165,7816.870377337668,60,0.06722741900011897
clear_probe,444,12,7,12,1.0,True,789.8970504089947,9478.764604907936,6287.764604907936,31438.823024539677,2610.0,522,481,0.921455938697318,41,0,521,12,12,12,8,8,2544.639562496793,6008.934949992304,747.6370052167656,9478.764604907936,60,0.05574453099688981
clear_probe,445,14,6,14,1.0,True,662.8447217352017,9279.826104292824,6332.826104292823,31664.130521464114,2400.0,480,428,0.8916666666666667,52,0,477,14,14,14,7,7,1968.6548418714779,5810.234471689249,1791.305929985779,9279.826104292824,133,0.12554942799761193
clear_probe,446,16,6,16,1.0,True,503.48720992639767,8055.795358822363,5812.795358822361,29063.9767941118,1805.0,361,300,0.8310249307479224,61,0,358,16,16,16,5,5,1326.5999452834947,6593.769808151843,767.8031568188798,8055.795358822363,60,0.1264732559939148
clear_probe,447,13,6,13,1.0,True,718.99328351138,9346.91268564794,6175.91268564794,30879.563428239693,2590.0,518,467,0.9015444015444015,51,0,516,13,13,13,11,11,2353.6553112231013,5237.506348633439,4166.944760876167,9346.91268564794,306,0.08291920400370145
clear_probe,448,12,4,12,1.0,True,648.0510015071687,7776.612018086024,5089.612018086025,25448.060090430125,2190.0,438,385,0.8789954337899544,53,0,437,12,12,12,4,4,836.7415859009329,4293.48401565062,489.88615641139415,7776.612018086024,40,0.05099725300533464
clear_probe,449,11,4,11,1.0,True,733.3745878385722,8067.120466224294,5421.120466224295,27105.602331121478,2160.0,432,391,0.9050925925925926,41,0,431,11,11,11,3,3,473.48157671912014,2143.3174005831706,499.86980246919615,8067.120466224294,40,0.03667554500134429
clear_probe,450,10,6,10,1.0,True,875.4291793013723,8754.291793013723,5657.291793013725,28286.458965068618,2540.0,508,470,0.9251968503937008,38,0,507,10,10,10,7,7,1317.7043778295638,5827.972292426086,796.845081898985,8754.291793013723,60,0.05606350800371729
clear_probe,451,10,5,10,1.0,True,923.1935542452918,9231.935542452919,5918.9355424529185,29594.67771226459,2720.0,544,501,0.9209558823529411,43,0,543,10,10,10,7,7,1141.1050957057416,7658.050957057416,3581.5282583302046,9231.935542452919,261,0.05015941199962981
clear_probe,452,12,6,12,1.0,True,787.1280192209991,9445.53623065199,6375.536230651991,31877.681153259953,2510.0,502,453,0.9023904382470119,49,0,500,12,12,12,10,10,1685.6316914341598,6347.178871222699,447.49006711334334,9445.53623065199,40,0.07221149600081844
clear_probe,453,11,3,11,1.0,True,761.3155674898591,8374.47124238845,5236.471242388448,26182.356211942242,2570.0,514,470,0.914396887159533,44,0,513,11,11,11,4,4,885.7220660651219,4583.256766562736,525.9448255311415,8374.47124238845,40,0.03895760900195455
clear_probe,454,12,7,12,1.0,True,752.7128240753915,9032.553888904698,5988.5538889046975,29942.76944452349,2490.0,498,460,0.9236947791164659,38,0,494,12,12,12,6,6,2849.6308092685795,7040.8229987430395,667.7012782408744,9032.553888904698,60,0.0686394049989758
clear_probe,455,16,5,16,1.0,True,553.4024446525988,8854.43911444158,6179.43911444158,30897.195572207915,2165.0,433,366,0.8452655889145496,67,0,430,16,16,16,7,7,2255.4363921763156,5934.105365186428,534.632342173446,8854.43911444158,40,0.0952584940023371
clear_probe,456,15,7,15,1.0,True,636.3793681281325,9545.690521921986,6590.690521921984,32953.45260960993,2405.0,481,426,0.8856548856548857,55,0,475,15,15,15,10,10,1873.3654785051797,5915.094085075152,1270.625146973182,9545.690521921986,98,0.11039784099557437
clear_probe,457,16,8,16,1.0,True,591.9053498824202,9470.485598118723,6253.485598118721,31267.427990593606,2615.0,523,457,0.8738049713193117,66,0,522,16,16,16,11,11,2007.9829349890101,6450.443667851055,736.8480088198322,9470.485598118723,60,0.08512433899886673
clear_probe,458,10,2,10,1.0,True,915.7834816561333,9157.834816561333,5695.834816561334,28479.17408280667,2845.0,569,529,0.929701230228471,40,0,567,10,10,10,5,5,2087.041983663036,6532.093367358153,485.81938534059185,9157.834816561333,40,0.07227865399909206
clear_probe,459,15,9,15,1.0,True,647.5750725067787,9713.62608760168,6929.626087601679,34648.13043800838,2260.0,452,395,0.8738938053097345,57,0,449,15,15,15,12,12,1900.494149113107,5970.1127697152915,518.2050787442747,9713.62608760168,40,0.10047318899887614
clear_probe,460,12,7,12,1.0,True,809.4548850145878,9713.458620175054,6169.45862017505,30847.293100875253,2905.0,581,531,0.9139414802065404,50,0,579,12,12,12,7,7,3855.849884936651,7099.509109443062,2610.155646074614,9713.458620175054,200,0.08225937300449004
clear_probe,461,15,9,15,1.0,True,669.4797247917769,10042.195871876653,6797.195871876653,33985.97935938326,2645.0,529,470,0.888468809073724,59,0,525,15,15,15,9,9,2688.047621081053,6080.075209339008,2883.211262767114,10042.195871876653,220,0.14123846200527623
clear_probe,462,14,5,14,1.0,True,609.461712844684,8532.463979825576,5691.463979825575,28457.31989912787,2310.0,462,410,0.8874458874458875,52,0,461,14,14,14,2,2,2435.386219858427,6881.301662349166,781.4906851092813,8532.463979825576,60,0.04517164700519061
clear_probe,463,11,5,11,1.0,True,856.5995138984782,9422.594652883261,6387.594652883261,31937.9732644163,2485.0,497,456,0.9175050301810865,41,0,495,11,11,11,7,7,1614.4186375452844,6050.933414318127,1544.7161563094592,9422.594652883261,114,0.0739970760041615
clear_probe,464,12,5,12,1.0,True,695.5896987038585,8347.076384446302,5447.076384446303,27235.381922231507,2370.0,474,431,0.9092827004219409,42,1,470,12,12,12,3,3,2453.6257357917134,7327.1513099255435,391.0,8347.076384446302,40,0.06606592099706177
clear_probe,465,11,6,11,1.0,True,712.0330293045355,7832.36332234989,5189.36332234989,25946.816611749447,2160.0,432,390,0.9027777777777778,42,0,428,11,11,11,7,7,1160.1575267771652,6040.595213328476,520.817620746177,7832.36332234989,40,0.10791521800274495
clear_probe,466,10,4,10,1.0,True,845.5631817534161,8455.63181753416,5427.63181753416,27138.159087670807,2485.0,497,465,0.9356136820925554,32,0,493,10,10,10,3,3,3107.579676417326,6030.971599443203,710.314783962046,8455.63181753416,60,0.0822822040063329
clear_probe,467,12,6,12,1.0,True,671.395367038349,8056.744404460188,5027.744404460187,25138.722022300935,2475.0,495,451,0.9111111111111111,44,0,494,12,12,12,1,1,1787.2077964501084,7590.775842994778,733.7346006721377,8056.744404460188,60,0.06152865500189364
clear_probe,468,11,8,11,1.0,True,879.9540840186503,9679.494924205153,6398.494924205152,31992.474621025765,2690.0,538,500,0.929368029739777,38,0,536,11,11,11,8,8,3327.5474910838307,7821.906012505798,750.7943489689284,9679.494924205153,60,0.06502036599704297
clear_probe,469,12,5,12,1.0,True,700.8576838743157,8410.29220649179,5502.292206491792,27511.461032458952,2375.0,475,427,0.8989473684210526,48,0,473,12,12,12,6,6,765.8471148637651,3988.862120925609,712.4808125773893,8410.29220649179,60,0.09959763399820076
clear_probe,470,10,5,10,1.0,True,947.4256096102815,9474.256096102816,6077.256096102815,30386.280480514077,2790.0,558,520,0.931899641577061,38,0,557,10,10,10,7,7,2532.3332060358543,7512.212696988009,1784.5536092054372,9474.256096102816,135,0.05713894100335892
clear_probe,471,15,5,15,1.0,True,582.5538384074742,8738.307576112114,6038.307576112114,30191.537880560565,2190.0,438,374,0.8538812785388128,64,0,435,15,15,15,6,6,1560.1915947245336,6275.440554734582,526.7966823227529,8738.307576112114,40,0.07768419799685944
clear_probe,472,11,8,11,1.0,True,854.8460469457951,9403.306516403747,5701.306516403743,28506.532582018728,3040.0,608,566,0.930921052631579,42,0,607,11,11,11,10,10,3431.5454545454545,6335.0,7110.637935202457,9403.306516403747,517,0.06310499100072775
clear_probe,473,12,7,12,1.0,True,817.5249245039273,9810.299094047128,6357.299094047129,31786.495470235648,2830.0,566,519,0.9169611307420494,47,0,563,12,12,12,12,12,1552.5859365666868,5862.0454355036145,1728.06065966999,9810.299094047128,137,0.09843852600170067
clear_probe,474,10,5,10,1.0,True,930.3139966204184,9303.139966204184,5746.139966204181,28730.69983102091,2925.0,585,537,0.9179487179487179,48,0,582,10,10,10,8,8,1694.9269718838866,4949.2317893060335,2619.4901536181364,9303.139966204184,200,0.10533330099860905
clear_probe,475,10,4,10,1.0,True,871.0483208332749,8710.48320833275,5517.483208332749,27587.416041663746,2620.0,524,484,0.9236641221374046,40,0,523,10,10,10,5,5,1029.5172847745202,4362.787370604303,508.9558448927443,8488.721153473589,40,0.03543170599732548
clear_probe,476,13,6,13,1.0,True,801.0689475799131,10413.896318538871,7338.896318538871,36694.481592694356,2510.0,502,449,0.8944223107569721,53,0,500,13,13,13,12,12,1471.3849255791038,5933.413008376098,424.9039328626895,10413.896318538871,40,0.09270557599666063
clear_probe,477,14,9,14,1.0,True,591.5181458819353,8281.254042347095,5392.254042347094,26961.270211735475,2350.0,470,414,0.8808510638297873,56,0,469,14,14,14,9,9,1645.1641508398536,7452.044464074954,799.6985412238262,8281.254042347095,60,0.08589056599885225
clear_probe,478,12,7,12,1.0,True,751.7783408953887,9021.340090744665,5818.340090744665,29091.70045372333,2620.0,524,485,0.9255725190839694,39,0,523,12,12,12,6,6,3118.2504929241536,7399.597833659957,1512.9108147316144,8275.332650599143,119,0.03829297899937956
clear_probe,479,16,8,16,1.0,True,556.9065099822067,8910.504159715307,6398.504159715307,31992.520798576534,2030.0,406,344,0.8472906403940886,62,0,402,16,16,16,11,11,989.8708719190319,5239.7500555325905,1030.4875829725643,8910.504159715307,80,0.09436700100195594
clear_probe,480,13,5,13,1.0,True,650.557406255305,8457.246281318965,5730.246281318967,28651.231406594823,2220.0,444,394,0.8873873873873874,50,0,442,13,13,13,4,4,1644.4537791597327,4413.293594732629,1228.0094254357448,8457.246281318965,100,0.0581896930016228
clear_probe,481,15,9,15,1.0,True,673.663712100313,10104.955681504694,7229.9556815046935,36149.77840752345,2335.0,467,413,0.8843683083511777,54,0,465,15,15,15,14,14,1924.3863468386312,6090.018872408951,1256.2703445849731,10104.955681504694,99,0.06602868600020884
clear_probe,482,14,4,14,1.0,True,607.7464418550508,8508.45018597071,5788.450185970711,28942.250929853555,2210.0,442,390,0.8823529411764706,52,0,440,14,14,14,3,3,1832.5204157991734,4478.0303275127735,1230.2715588381395,8508.45018597071,98,0.06578158600314055
clear_probe,483,14,7,14,1.0,True,660.0253847582334,9240.355386615267,6358.355386615266,31791.77693307633,2345.0,469,411,0.8763326226012793,58,0,467,14,14,14,7,7,2206.8511081994575,6122.108295081136,397.0656581028587,9240.355386615267,40,0.10332489700522274
clear_probe,484,14,6,14,1.0,True,601.0849298732898,8415.189018226056,5690.189018226056,28450.945091130277,2215.0,443,389,0.8781038374717833,54,0,440,14,14,14,10,10,1643.4090069545205,6839.546188970698,501.87436133701954,8415.189018226056,40,0.06063604300288716
clear_probe,485,11,5,11,1.0,True,820.9099838361337,9030.009822197471,6191.009822197471,30955.04911098736,2325.0,465,426,0.9161290322580645,39,0,459,11,11,11,6,6,1553.8786632583824,7194.21048029059,473.04587686178604,9030.009822197471,40,0.06181931799801532
clear_probe,486,11,6,11,1.0,True,848.5574046365939,9334.131451002533,5836.131451002531,29180.65725501266,2870.0,574,530,0.9233449477351916,44,0,573,11,11,11,9,9,3414.254407403437,6716.82690810288,761.7483386015998,8525.467824413554,60,0.040745762998994906
clear_probe,487,16,7,16,1.0,True,466.4629933253851,7463.407893206162,5254.40789320616,26272.039466030805,1775.0,355,304,0.856338028169014,51,0,354,16,16,16,5,5,1762.8310078711916,6390.594222065945,479.5657950730654,7463.407893206162,40,0.03638972499902593
clear_probe,488,10,6,10,1.0,True,913.7186566530569,9137.186566530569,6064.1865665305695,30320.93283265285,2520.0,504,466,0.9246031746031746,38,0,503,10,10,10,7,7,1564.7004436209781,6917.659282412098,770.9531384670493,9137.186566530569,60,0.050868042002548464
clear_probe,489,11,5,11,1.0,True,812.5294420001276,8937.823862001404,5601.823862001403,28009.11931000702,2735.0,547,506,0.9250457038391224,41,0,546,11,11,11,9,9,2340.404520180271,5463.45150060204,2824.0492181810823,8937.823862001404,216,0.04236908999882871
clear_probe,490,15,8,15,1.0,True,651.4892644949542,9772.338967424314,7157.338967424312,35786.69483712157,2120.0,424,371,0.875,53,0,420,15,15,15,14,14,1277.985873654044,3801.1403305778167,782.5295895660413,9772.338967424314,60,0.08469894799782196
clear_probe,491,13,4,13,1.0,True,626.2245303459854,8140.91889449781,5286.9188944978105,26434.59447248905,2325.0,465,414,0.8903225806451613,51,0,464,13,13,13,4,4,1636.625144068136,6765.567334355929,515.3416211310165,8140.91889449781,40,0.05063026800053194
clear_probe,492,16,11,16,1.0,True,614.4186840856286,9830.698945370057,6700.6989453700535,33503.49472685028,2545.0,509,436,0.8565815324165029,73,0,505,16,16,16,17,17,1744.8000712953865,5716.0562698615495,2022.9529525103399,9830.698945370057,158,0.12559335599507904
clear_probe,493,12,4,12,1.0,True,725.7914700070733,8709.49764008488,5976.497640084879,29882.488200424395,2230.0,446,398,0.8923766816143498,48,0,443,12,12,12,5,5,976.6509395747904,6648.96880860902,514.4193307124983,8709.49764008488,40,0.059327000002667774
clear_probe,494,15,9,15,1.0,True,569.5947184388563,8543.920776582843,6159.920776582845,30799.603882914213,1925.0,385,325,0.8441558441558441,60,0,384,15,15,15,9,9,1411.6109776925182,4552.907381585648,527.5371110640137,8543.920776582843,40,0.054674143000738695
clear_probe,495,15,4,15,1.0,True,614.3835987419784,9215.753981129676,6238.753981129675,31193.76990564837,2420.0,484,428,0.8842975206611571,56,0,482,15,15,15,5,5,2152.718260751879,6190.485725567942,1281.932381130456,9215.753981129676,99,0.05962601099599851
clear_probe,496,15,8,15,1.0,True,559.0693954024265,8386.040931036398,5870.040931036399,29350.204655181988,2035.0,407,353,0.8673218673218673,54,0,406,15,15,15,4,4,1861.609351994988,7098.113351442778,798.2512298772986,7946.70439401771,60,0.05127613299555378
clear_probe,497,12,5,12,1.0,True,711.8020282974312,8541.624339569174,5855.6243395691745,29278.12169784588,2190.0,438,393,0.8972602739726028,45,0,436,12,12,12,6,6,989.0119408542611,5266.190941852081,476.55858713808686,8541.624339569174,40,0.06127470199862728
clear_probe,498,13,4,13,1.0,True,625.9120622720295,8136.856809536384,5666.8568095363835,28334.284047681915,2005.0,401,346,0.8628428927680798,55,0,400,13,13,13,6,6,527.5852655456886,3874.3042260469756,515.2175872811805,8136.856809536384,40,0.05129657799989218
clear_probe,499,10,7,10,1.0,True,830.9445971135232,8309.445971135232,5122.445971135233,25612.22985567616,2615.0,523,483,0.9235181644359465,40,0,522,10,10,10,11,11,707.1098610863597,4404.098610863597,3389.106342985584,7524.948660229932,252,0.045235518999106716
