strategy,seed,channel,first_seen_time_s,directional
early_stop,0,5,29.0,False
early_stop,0,6,35.0,False
early_stop,0,13,77.0,False
early_stop,0,20,119.0,False
early_stop,0,10,331.0,False
early_stop,0,12,343.0,True
early_stop,0,1,557.2865374847535,False
early_stop,0,4,575.2865374847535,False
early_stop,0,2,829.2865374847535,True
early_stop,0,7,1385.2865374847534,True
early_stop,0,18,1705.2865374847534,False
early_stop,0,14,2201.2865374847534,True
early_stop,0,16,3450.366197722953,True
early_stop,0,3,3649.494071223972,True
early_stop,0,8,6586.823938594919,True
early_stop,0,9,7349.040135872746,True
early_stop,1,7,41.0,False
early_stop,1,13,77.0,True
early_stop,1,14,83.0,False
early_stop,1,19,113.0,False
early_stop,1,17,373.0,True
early_stop,1,8,591.0,True
early_stop,1,9,1661.0,True
early_stop,1,4,4173.6705332938645,True
early_stop,1,11,4197.6705332938645,False
early_stop,1,16,4221.6705332938645,True
early_stop,1,3,8177.079378457478,True
early_stop,2,6,35.0,False
early_stop,2,13,77.0,False
early_stop,2,15,89.0,True
early_stop,2,2,283.0,False
early_stop,2,4,295.0,True
early_stop,2,16,367.0,False
early_stop,2,17,373.0,False
early_stop,2,14,1478.8926857410956,True
early_stop,2,20,1514.8926857410956,True
early_stop,2,10,1757.7758409031878,False
early_stop,2,3,2070.6104257566153,False
early_stop,2,5,2076.6104257566153,False
early_stop,2,11,2368.2866229645774,False
early_stop,2,12,5216.732824061504,True
early_stop,2,1,5386.732824061504,False
early_stop,2,19,6402.454866851474,True
early_stop,3,1,5.0,False
early_stop,3,2,11.0,True
early_stop,3,8,47.0,False
early_stop,3,16,95.0,False
early_stop,3,19,113.0,False
early_stop,3,18,978.3373479976188,False
early_stop,3,10,1728.337347997619,True
early_stop,3,5,1964.337347997619,False
early_stop,3,11,2000.337347997619,False
early_stop,3,12,3181.439826798853,False
early_stop,3,14,4538.372533670734,False
early_stop,4,2,11.0,False
early_stop,4,4,23.0,True
early_stop,4,9,53.0,False
early_stop,4,17,101.0,True
early_stop,4,5,301.0,False
early_stop,4,10,331.0,True
early_stop,4,13,1165.0,True
early_stop,4,1,1508.417533809873,False
early_stop,4,16,1592.417533809873,False
early_stop,4,15,3520.807402546111,False
early_stop,4,7,5511.8607111395195,True
early_stop,5,3,17.0,False
early_stop,5,8,47.0,False
early_stop,5,9,53.0,False
early_stop,5,12,71.0,False
early_stop,5,17,101.0,True
early_stop,5,7,1945.0,False
early_stop,5,1,2453.0,True
early_stop,5,6,2483.0,True
early_stop,5,2,2791.100858154641,False
early_stop,5,11,2845.100858154641,True
early_stop,5,13,3312.783881921344,False
early_stop,5,15,3324.783881921344,False
early_stop,5,18,5365.452219829305,True
early_stop,5,4,7894.835154069398,True
early_stop,6,2,11.0,False
early_stop,6,3,17.0,False
early_stop,6,4,23.0,True
early_stop,6,6,35.0,True
early_stop,6,9,53.0,False
early_stop,6,10,59.0,True
early_stop,6,14,83.0,True
early_stop,6,15,89.0,False
early_stop,6,16,367.0,False
early_stop,6,11,619.4230650116957,False
early_stop,6,18,661.4230650116957,False
early_stop,6,20,673.4230650116957,False
early_stop,6,1,2121.3058542683366,True
early_stop,6,19,2603.7659523539437,False
early_stop,6,8,3104.2785396905565,True
early_stop,6,12,5183.189141191712,False
early_stop,7,1,5.0,False
early_stop,7,9,53.0,False
early_stop,7,13,77.0,False
early_stop,7,19,113.0,True
early_stop,7,18,1449.0,True
early_stop,7,16,2153.298634359795,True
early_stop,7,5,2747.031333490928,True
early_stop,7,4,4306.144940635253,False
early_stop,7,2,4914.528902889944,False
early_stop,7,6,5180.528902889944,True
early_stop,7,10,5935.94120064186,True
early_stop,7,3,8004.162161229859,True
early_stop,8,4,295.0,False
early_stop,8,19,385.0,False
early_stop,8,12,2998.049581808993,True
early_stop,8,2,3204.049581808993,False
early_stop,8,17,3869.368060525662,True
early_stop,8,3,4305.368060525661,True
early_stop,8,5,4311.368060525661,True
early_stop,8,7,4323.368060525661,False
early_stop,8,9,4335.368060525661,True
early_stop,8,16,4371.368060525661,False
early_stop,8,13,7533.514713440203,True
early_stop,9,2,11.0,False
early_stop,9,9,53.0,False
early_stop,9,19,113.0,False
early_stop,9,12,343.0,True
early_stop,9,8,622.9889080885656,False
early_stop,9,11,640.9889080885656,True
early_stop,9,20,1220.9889080885655,True
early_stop,9,5,1668.9889080885655,True
early_stop,9,14,1722.9889080885655,True
early_stop,9,6,4883.843397961049,True
early_stop,9,1,5172.23877902267,False
early_stop,9,16,5610.213256720616,True
early_stop,9,18,5622.213256720616,True
early_stop,10,2,11.0,False
early_stop,10,7,41.0,False
early_stop,10,10,59.0,False
early_stop,10,13,77.0,False
early_stop,10,14,83.0,True
early_stop,10,16,95.0,True
early_stop,10,17,645.0,True
early_stop,10,19,657.0,True
early_stop,10,5,1927.0,True
early_stop,10,1,5114.9774882990405,True
early_stop,10,8,5156.9774882990405,False
early_stop,10,15,5198.9774882990405,True
early_stop,10,11,5736.82819398661,False
early_stop,10,3,8474.51147261377,True
early_stop,11,3,17.0,False
early_stop,11,7,41.0,True
early_stop,11,8,47.0,True
early_stop,11,17,101.0,False
early_stop,11,18,107.0,False
early_stop,11,11,337.0,True
early_stop,11,19,385.0,False
early_stop,11,13,717.5501237053138,True
early_stop,11,9,1090.8869762225959,False
early_stop,11,20,1150.8869762225959,True
early_stop,11,2,1314.8869762225959,True
early_stop,11,15,4846.16810346747,True
early_stop,11,10,5734.491037702186,True
early_stop,12,5,29.0,False
early_stop,12,6,35.0,False
early_stop,12,8,47.0,False
early_stop,12,15,89.0,True
early_stop,12,17,101.0,True
early_stop,12,13,349.0,True
early_stop,12,19,1175.2945268688932,True
early_stop,12,1,1605.3141701180032,True
early_stop,12,12,2687.314170118003,True
early_stop,12,11,3803.8172514700755,True
early_stop,12,4,5185.392825179872,True
early_stop,12,9,5209.392825179872,True
early_stop,12,16,7212.161451794593,True
early_stop,13,5,29.0,False
early_stop,13,8,47.0,True
early_stop,13,12,71.0,False
early_stop,13,2,283.0,False
early_stop,13,3,289.0,False
early_stop,13,18,379.0,False
early_stop,13,9,1144.3266154696976,True
early_stop,13,6,2173.987930928749,True
early_stop,13,4,3834.6661632268906,True
early_stop,13,10,4106.666163226891,True
early_stop,13,11,5269.607072074917,False
early_stop,13,13,5281.607072074917,True
early_stop,14,9,53.0,True
early_stop,14,18,107.0,False
early_stop,14,19,113.0,True
early_stop,14,20,119.0,True
early_stop,14,12,343.0,True
early_stop,14,5,2174.0584433534386,False
early_stop,14,17,2506.0584433534386,True
early_stop,14,2,4690.376753275573,True
early_stop,14,8,4726.376753275573,False
early_stop,14,11,4992.376753275573,False
early_stop,15,1,5.0,False
early_stop,15,8,47.0,False
early_stop,15,11,65.0,True
early_stop,15,17,101.0,False
early_stop,15,20,119.0,False
early_stop,15,13,1165.0,True
early_stop,15,15,3550.8914448372852,True
early_stop,15,2,4268.769082959356,False
early_stop,15,3,4528.769082959356,False
early_stop,15,19,4612.769082959356,True
early_stop,15,6,4958.816004685167,True
early_stop,16,7,41.0,False
early_stop,16,11,65.0,True
early_stop,16,16,95.0,True
early_stop,16,20,119.0,False
early_stop,16,8,319.0,True
early_stop,16,14,355.0,True
early_stop,16,10,703.0635222832664,False
early_stop,16,18,2110.235700032072,True
early_stop,16,5,2812.645084888443,False
early_stop,16,4,3148.5699777734644,True
early_stop,16,19,3554.6135991773467,True
early_stop,16,1,3712.6135991773467,True
early_stop,17,9,53.0,False
early_stop,17,11,65.0,False
early_stop,17,14,83.0,True
early_stop,17,15,89.0,False
early_stop,17,5,301.0,False
early_stop,17,12,925.7904981894252,True
early_stop,17,6,2338.3180443182277,True
early_stop,17,19,3928.3180443182277,False
early_stop,17,13,4152.318044318228,False
early_stop,17,1,4650.92998847246,True
early_stop,17,10,5826.357406736261,True
early_stop,17,18,6591.1378932147245,True
early_stop,17,20,6597.1378932147245,True
early_stop,17,2,8144.099497325893,True
early_stop,18,3,17.0,False
early_stop,18,5,29.0,False
early_stop,18,8,47.0,False
early_stop,18,11,65.0,False
early_stop,18,15,361.0,False
early_stop,18,17,373.0,False
early_stop,18,18,1846.8948629984488,True
early_stop,18,13,2082.894862998449,True
early_stop,18,4,4242.447160352218,True
early_stop,18,7,4254.447160352218,True
early_stop,18,19,4655.455859966856,False
early_stop,19,4,23.0,False
early_stop,19,5,29.0,True
early_stop,19,11,65.0,False
early_stop,19,19,113.0,False
early_stop,19,20,119.0,False
early_stop,19,12,749.1389241965832,True
early_stop,19,16,3352.6165771204187,True
early_stop,19,7,5151.537420089091,False
early_stop,19,17,5199.537420089091,True
early_stop,19,6,5381.537420089091,True
early_stop,19,2,5605.537420089091,True
early_stop,19,3,6870.263509707783,True
early_stop,19,18,6924.263509707783,True
early_stop,19,10,7893.661767040718,True
early_stop,19,9,8287.661767040718,True
early_stop,20,1,5.0,False
early_stop,20,3,17.0,True
early_stop,20,5,29.0,False
early_stop,20,8,47.0,False
early_stop,20,9,53.0,False
early_stop,20,16,95.0,False
early_stop,20,11,337.0,True
early_stop,20,18,379.0,True
early_stop,20,2,865.43808278228,True
early_stop,20,6,3911.689243815097,True
early_stop,20,7,3917.689243815097,False
early_stop,20,12,4621.1557088287,False
early_stop,20,14,4633.1557088287,False
early_stop,20,20,4893.1557088287,False
early_stop,20,4,6220.560064285678,True
early_stop,21,8,47.0,True
early_stop,21,10,59.0,False
early_stop,21,14,83.0,True
early_stop,21,15,89.0,False
early_stop,21,16,95.0,False
early_stop,21,20,119.0,False
early_stop,21,3,289.0,True
early_stop,21,9,1278.741467668063,False
early_stop,21,12,4599.829803859394,False
early_stop,21,13,6090.113963028665,True
early_stop,21,7,7537.0401989330085,True
early_stop,22,5,29.0,False
early_stop,22,6,35.0,False
early_stop,22,17,101.0,False
early_stop,22,4,295.0,False
early_stop,22,15,361.0,True
early_stop,22,2,987.2745983440152,False
early_stop,22,8,2582.9826437807496,False
early_stop,22,12,2606.9826437807496,False
early_stop,22,11,4254.068449393021,False
early_stop,22,1,4926.068449393021,False
early_stop,22,16,4980.068449393021,True
early_stop,23,1,5.0,True
early_stop,23,2,11.0,True
early_stop,23,3,17.0,True
early_stop,23,5,29.0,True
early_stop,23,11,65.0,False
early_stop,23,17,101.0,False
early_stop,23,7,313.0,False
early_stop,23,9,325.0,False
early_stop,23,14,627.0,False
early_stop,23,19,657.0,True
early_stop,23,20,1461.0,False
early_stop,23,10,3198.415720183008,False
early_stop,23,6,4148.415720183008,True
early_stop,23,8,4154.415720183008,True
early_stop,23,18,5710.279969448043,True
early_stop,23,4,6612.811887569787,True
early_stop,24,3,17.0,False
early_stop,24,7,41.0,False
early_stop,24,15,89.0,True
early_stop,24,4,295.0,False
early_stop,24,5,301.0,True
early_stop,24,17,373.0,False
early_stop,24,6,1571.5993739347973,True
early_stop,24,18,2156.6175799164307,True
early_stop,24,1,2580.6175799164307,True
early_stop,24,13,2640.6175799164307,True
early_stop,24,11,3787.48753275446,True
early_stop,24,20,3829.48753275446,False
early_stop,24,19,6886.583725555098,True
early_stop,24,2,7044.583725555098,True
early_stop,24,14,7286.583725555098,True
early_stop,25,1,5.0,False
early_stop,25,2,11.0,True
early_stop,25,5,29.0,False
early_stop,25,7,41.0,False
early_stop,25,10,59.0,True
early_stop,25,13,77.0,True
early_stop,25,17,101.0,True
early_stop,25,20,119.0,True
early_stop,25,15,361.0,True
early_stop,25,19,698.7501422414864,False
early_stop,25,14,940.1664517312677,False
early_stop,25,16,952.1664517312677,False
early_stop,25,18,5351.044712881287,True
early_stop,26,1,5.0,False
early_stop,26,2,11.0,True
early_stop,26,3,17.0,False
early_stop,26,10,59.0,True
early_stop,26,11,65.0,False
early_stop,26,14,83.0,False
early_stop,26,6,307.0,False
early_stop,26,9,325.0,True
early_stop,26,13,349.0,False
early_stop,26,7,2892.3481226857357,True
early_stop,26,5,3720.8474647518037,True
early_stop,26,20,3786.8474647518037,False
early_stop,26,15,4007.761156669688,False
early_stop,26,4,4195.761156669688,True
early_stop,26,8,4213.761156669688,True
early_stop,27,9,53.0,False
early_stop,27,10,59.0,True
early_stop,27,12,71.0,False
early_stop,27,14,83.0,False
early_stop,27,15,89.0,False
early_stop,27,16,95.0,False
early_stop,27,20,119.0,True
early_stop,27,2,596.2461809380997,False
early_stop,27,7,892.2461809380997,True
early_stop,27,19,2574.426343738965,False
early_stop,27,3,3023.8565684801183,True
early_stop,27,5,4202.416883903416,False
early_stop,27,13,4238.416883903416,False
early_stop,27,6,5922.344235569457,True
early_stop,27,17,6170.344235569457,True
early_stop,28,4,23.0,True
early_stop,28,5,29.0,False
early_stop,28,6,35.0,True
early_stop,28,11,65.0,False
early_stop,28,17,101.0,True
early_stop,28,20,119.0,False
early_stop,28,7,587.8006147363348,False
early_stop,28,13,623.8006147363348,True
early_stop,28,8,1125.8006147363349,True
early_stop,28,18,4492.518314515035,True
early_stop,29,4,23.0,False
early_stop,29,16,95.0,False
early_stop,29,20,119.0,True
early_stop,29,6,307.0,False
early_stop,29,7,313.0,False
early_stop,29,19,385.0,False
early_stop,29,2,555.0,False
early_stop,29,1,850.1385273057906,True
early_stop,29,13,1182.1385273057906,True
early_stop,29,8,2910.484418218707,True
early_stop,29,10,3906.1184175419166,True
early_stop,29,12,4759.111829304602,True
early_stop,29,3,5183.111829304602,False
early_stop,29,15,8934.139475209457,True
early_stop,30,4,23.0,True
early_stop,30,7,41.0,False
early_stop,30,8,47.0,False
early_stop,30,10,59.0,False
early_stop,30,9,325.0,False
early_stop,30,19,1473.0,False
early_stop,30,1,2778.8612221729563,False
early_stop,30,3,2790.8612221729563,False
early_stop,30,11,2832.8612221729563,False
early_stop,30,15,3402.342367110303,False
early_stop,30,2,4172.476764324187,True
early_stop,30,16,5003.064700408045,True
early_stop,30,18,6548.108868879172,True
early_stop,30,17,7283.141469381685,True
early_stop,31,3,17.0,False
early_stop,31,4,23.0,True
early_stop,31,5,29.0,True
early_stop,31,13,77.0,True
early_stop,31,16,95.0,False
early_stop,31,19,113.0,True
early_stop,31,9,325.0,True
early_stop,31,2,560.6048611602498,False
early_stop,31,15,638.6048611602498,False
early_stop,31,20,662.6048611602498,False
early_stop,32,7,41.0,False
early_stop,32,10,59.0,False
early_stop,32,12,343.0,False
early_stop,32,15,361.0,True
early_stop,32,2,3227.820965618158,True
early_stop,32,16,3547.820965618158,True
early_stop,32,1,4491.820965618158,True
early_stop,32,5,5514.389514423605,True
early_stop,32,6,5762.389514423605,False
early_stop,32,8,8504.232873068395,True
early_stop,33,3,17.0,False
early_stop,33,8,47.0,False
early_stop,33,10,59.0,True
early_stop,33,13,77.0,False
early_stop,33,14,83.0,True
early_stop,33,15,89.0,False
early_stop,33,16,95.0,False
early_stop,33,19,113.0,True
early_stop,33,20,119.0,False
early_stop,33,18,651.0,False
early_stop,33,6,2519.57533845436,True
early_stop,33,11,4432.441144247284,True
early_stop,33,17,4698.441144247284,True
early_stop,33,9,6368.177209084001,False
early_stop,34,5,29.0,True
early_stop,34,6,35.0,True
early_stop,34,7,41.0,True
early_stop,34,12,71.0,True
early_stop,34,13,77.0,False
early_stop,34,1,277.0,False
early_stop,34,15,361.0,False
early_stop,34,10,610.3465186581997,True
early_stop,34,18,658.3465186581997,True
early_stop,34,20,940.6622383635618,False
early_stop,34,2,4709.206001084885,True
early_stop,34,19,4787.206001084885,True
early_stop,34,14,5900.488581742596,True
early_stop,34,8,6352.068223819488,True
early_stop,35,2,11.0,False
early_stop,35,5,29.0,True
early_stop,35,20,119.0,True
early_stop,35,3,289.0,True
early_stop,35,6,307.0,False
early_stop,35,11,337.0,True
early_stop,35,19,657.0,True
early_stop,35,7,1719.141233736131,True
early_stop,35,1,4113.7415121678205,False
early_stop,35,16,4179.7415121678205,True
early_stop,35,10,4391.7415121678205,False
early_stop,35,14,4415.7415121678205,False
early_stop,35,9,8906.392980758399,True
early_stop,35,17,8930.392980758399,True
early_stop,36,2,11.0,False
early_stop,36,3,17.0,True
early_stop,36,5,29.0,True
early_stop,36,6,35.0,True
early_stop,36,10,59.0,True
early_stop,36,17,101.0,False
early_stop,36,11,2785.0,False
early_stop,36,1,5456.9703091899955,False
early_stop,36,7,5752.9703091899955,True
early_stop,36,19,5812.9703091899955,False
early_stop,36,9,7271.01131779742,True
early_stop,36,4,9569.328880619058,True
early_stop,37,2,11.0,True
early_stop,37,3,17.0,True
early_stop,37,8,47.0,False
early_stop,37,11,65.0,True
early_stop,37,15,89.0,True
early_stop,37,20,119.0,False
early_stop,37,6,307.0,False
early_stop,37,17,373.0,False
early_stop,37,7,585.0,True
early_stop,37,13,1981.0,False
early_stop,37,12,3500.0877473565356,True
early_stop,37,9,4978.599548951265,False
early_stop,37,4,6535.743740301631,True
early_stop,37,5,6541.743740301631,True
early_stop,37,18,6589.743740301631,True
early_stop,38,8,47.0,True
early_stop,38,11,65.0,False
early_stop,38,20,119.0,False
early_stop,38,3,289.0,True
early_stop,38,9,325.0,False
early_stop,38,14,355.0,True
early_stop,38,17,373.0,True
early_stop,38,1,1076.7814293623248,False
early_stop,38,4,4360.107336477684,True
early_stop,38,10,4384.107336477684,False
early_stop,38,12,4390.107336477684,True
early_stop,38,13,5327.911347180002,True
early_stop,38,6,6612.858511668988,False
early_stop,38,19,6648.858511668988,True
early_stop,38,16,6848.858511668988,True
early_stop,39,5,29.0,False
early_stop,39,7,41.0,False
early_stop,39,12,71.0,True
early_stop,39,9,325.0,False
early_stop,39,18,379.0,False
early_stop,39,8,874.8960625817502,False
early_stop,39,11,886.8960625817502,False
early_stop,39,13,898.8960625817502,True
early_stop,39,17,1951.8656994958303,False
early_stop,39,10,4157.203260169572,True
early_stop,39,1,7788.110152866147,True
early_stop,40,3,17.0,False
early_stop,40,5,29.0,False
early_stop,40,6,35.0,False
early_stop,40,10,59.0,False
early_stop,40,15,89.0,True
early_stop,40,17,101.0,False
early_stop,40,20,119.0,True
early_stop,40,8,319.0,False
early_stop,40,19,2958.661789845845,False
early_stop,40,2,4115.4604788615125,True
early_stop,40,4,4121.4604788615125,True
early_stop,40,11,4145.4604788615125,False
early_stop,40,14,5214.79359910331,True
early_stop,41,7,41.0,True
early_stop,41,9,53.0,False
early_stop,41,12,71.0,False
early_stop,41,5,301.0,True
early_stop,41,8,319.0,True
early_stop,41,13,349.0,True
early_stop,41,20,391.0,True
early_stop,41,6,1298.3786650880868,True
early_stop,41,1,1685.028028906936,False
early_stop,41,4,1961.473790122551,False
early_stop,41,10,1979.473790122551,True
early_stop,41,11,4475.368464308916,True
early_stop,41,16,5361.509920920688,True
early_stop,42,1,5.0,False
early_stop,42,7,41.0,False
early_stop,42,9,53.0,False
early_stop,42,11,65.0,False
early_stop,42,16,95.0,True
early_stop,42,18,107.0,True
early_stop,42,4,295.0,True
early_stop,42,17,373.0,False
early_stop,42,12,723.345159789817,False
early_stop,42,19,765.345159789817,False
early_stop,42,3,3021.080050559602,True
early_stop,42,8,3795.080050559602,True
early_stop,42,13,5405.894293546781,False
early_stop,42,2,5599.894293546781,True
early_stop,42,14,5963.82303325468,False
early_stop,43,8,47.0,False
early_stop,43,10,59.0,False
early_stop,43,18,379.0,True
early_stop,43,1,821.0,True
early_stop,43,20,935.0,True
early_stop,43,14,5765.2295477217285,True
early_stop,43,15,6013.2295477217285,True
early_stop,43,5,6449.2295477217285,True
early_stop,43,12,6479.2295477217285,True
early_stop,43,4,8240.151503009009,True
early_stop,44,4,23.0,False
early_stop,44,6,35.0,False
early_stop,44,10,59.0,True
early_stop,44,11,65.0,True
early_stop,44,17,101.0,False
early_stop,44,18,107.0,False
early_stop,44,15,361.0,True
early_stop,44,16,367.0,False
early_stop,44,13,657.788542014251,True
early_stop,44,5,875.788542014251,True
early_stop,44,1,1123.788542014251,True
early_stop,44,2,2465.2198535339003,False
early_stop,44,19,5340.119488307375,True
early_stop,45,3,17.0,True
early_stop,45,10,59.0,True
early_stop,45,13,77.0,False
early_stop,45,1,277.0,False
early_stop,45,5,301.0,False
early_stop,45,9,325.0,True
early_stop,45,20,391.0,True
early_stop,45,6,2456.583114972083,False
early_stop,45,14,2498.583114972083,False
early_stop,45,8,4557.601662200908,False
early_stop,45,2,5011.601662200908,True
early_stop,45,16,7800.556033693976,True
early_stop,46,2,11.0,False
early_stop,46,5,29.0,False
early_stop,46,12,71.0,False
early_stop,46,13,77.0,False
early_stop,46,20,119.0,False
early_stop,46,17,2268.581838775433,True
early_stop,46,1,3887.47854405312,True
early_stop,46,8,3923.47854405312,False
early_stop,46,10,3935.47854405312,True
early_stop,46,9,5117.4363298698045,True
early_stop,47,12,71.0,False
early_stop,47,13,77.0,False
early_stop,47,15,89.0,False
early_stop,47,18,107.0,False
early_stop,47,11,337.0,True
early_stop,47,10,1691.0,True
early_stop,47,3,1921.0,True
early_stop,47,14,2903.476374198004,False
early_stop,47,9,3454.416170090775,False
early_stop,47,5,4690.635727282091,True
early_stop,47,1,6207.678816593428,False
early_stop,47,7,8553.383728093742,True
early_stop,48,5,29.0,True
early_stop,48,8,47.0,False
early_stop,48,10,59.0,True
early_stop,48,13,77.0,False
early_stop,48,15,89.0,False
early_stop,48,18,107.0,False
early_stop,48,4,295.0,True
early_stop,48,7,313.0,True
early_stop,48,11,337.0,False
early_stop,48,17,373.0,False
early_stop,48,2,700.1821748451209,False
early_stop,48,16,3468.3662226210163,False
early_stop,48,3,5204.950286259437,True
early_stop,48,12,5222.950286259437,False
early_stop,49,4,23.0,True
early_stop,49,11,65.0,False
early_stop,49,12,71.0,False
early_stop,49,2,283.0,False
early_stop,49,13,349.0,True
early_stop,49,14,355.0,False
early_stop,49,20,391.0,True
early_stop,49,5,579.2498941273034,True
early_stop,49,1,3934.695704637069,True
early_stop,49,17,4012.695704637069,True
early_stop,50,4,23.0,False
early_stop,50,6,35.0,False
early_stop,50,8,47.0,True
early_stop,50,14,83.0,False
early_stop,50,15,89.0,False
early_stop,50,20,119.0,False
early_stop,50,17,645.0,True
early_stop,50,16,1443.0,True
early_stop,50,2,2211.669092716677,False
early_stop,50,12,2265.669092716677,False
early_stop,50,11,2590.5578663420397,True
early_stop,50,9,4169.497556368603,True
early_stop,50,3,4455.403660833312,False
early_stop,51,5,29.0,True
early_stop,51,8,47.0,False
early_stop,51,16,95.0,False
early_stop,51,17,373.0,False
early_stop,51,9,602.9250117029567,False
early_stop,51,18,650.9250117029567,True
early_stop,51,14,2380.1368760293026,False
early_stop,51,15,2646.1368760293026,True
early_stop,51,6,4246.061640594338,True
early_stop,51,7,4252.061640594338,False
early_stop,51,20,5330.119070401113,False
early_stop,52,1,5.0,False
early_stop,52,14,83.0,False
early_stop,52,12,343.0,False
early_stop,52,13,349.0,False
early_stop,52,6,1654.0561654436635,False
early_stop,52,16,1702.0561654436635,False
early_stop,52,8,1926.0561654436635,True
early_stop,52,2,4239.367719561311,True
early_stop,52,7,5287.706912764637,True
early_stop,52,17,5323.706912764637,True
early_stop,52,18,5329.706912764637,True
early_stop,52,3,5546.185736498203,True
early_stop,53,3,17.0,True
early_stop,53,10,59.0,False
early_stop,53,14,83.0,False
early_stop,53,15,89.0,False
early_stop,53,16,95.0,False
early_stop,53,18,107.0,False
early_stop,53,19,385.0,False
early_stop,53,12,1736.671300669079,True
early_stop,53,17,3442.029721792193,False
early_stop,53,1,4989.9435303543405,True
early_stop,53,13,5487.837046739946,True
early_stop,53,7,6326.08341896486,True
early_stop,53,8,6332.08341896486,False
early_stop,53,6,7907.277406477586,True
early_stop,54,6,35.0,False
early_stop,54,10,59.0,True
early_stop,54,20,119.0,False
early_stop,54,4,295.0,True
early_stop,54,8,319.0,False
early_stop,54,17,373.0,True
early_stop,54,7,2537.503981580686,True
early_stop,54,19,2597.503981580686,True
early_stop,54,15,2878.529050498714,True
early_stop,54,16,6407.395257903809,True
early_stop,54,18,7303.395257903809,True
early_stop,55,10,59.0,False
early_stop,55,16,95.0,False
early_stop,55,12,343.0,False
early_stop,55,19,385.0,True
early_stop,55,7,3587.670057633238,False
early_stop,55,3,4354.5668517597205,True
early_stop,55,6,4372.5668517597205,True
early_stop,55,11,4904.5668517597205,True
early_stop,55,2,5124.997403427625,True
early_stop,55,5,5757.5386077743005,False
early_stop,56,12,71.0,True
early_stop,56,14,83.0,False
early_stop,56,15,89.0,False
early_stop,56,17,101.0,True
early_stop,56,20,119.0,True
early_stop,56,6,307.0,True
early_stop,56,9,325.0,True
early_stop,56,10,331.0,True
early_stop,56,7,590.3721388771432,False
early_stop,56,1,820.3721388771432,True
early_stop,56,4,838.3721388771432,True
early_stop,56,13,1645.7934502923893,False
early_stop,56,2,1833.7934502923893,True
early_stop,56,3,4780.427947214411,True
early_stop,56,16,5520.0583367979125,False
early_stop,56,18,5526.0583367979125,False
early_stop,57,12,71.0,False
early_stop,57,13,77.0,True
early_stop,57,17,101.0,True
early_stop,57,19,113.0,False
early_stop,57,1,277.0,False
early_stop,57,8,3233.975650982802,False
early_stop,57,7,4419.975650982802,True
early_stop,57,5,5732.959510339081,True
early_stop,57,11,6004.959510339081,False
early_stop,57,16,6028.959510339081,True
early_stop,58,2,11.0,True
early_stop,58,5,29.0,True
early_stop,58,7,41.0,True
early_stop,58,8,47.0,False
early_stop,58,9,53.0,False
early_stop,58,12,71.0,True
early_stop,58,19,113.0,True
early_stop,58,6,307.0,True
early_stop,58,11,337.0,False
early_stop,58,18,379.0,True
early_stop,58,20,2910.420225184461,True
early_stop,58,14,5104.8292045376975,True
early_stop,58,15,5110.8292045376975,True
early_stop,58,16,5116.8292045376975,False
early_stop,59,3,17.0,False
early_stop,59,5,29.0,False
early_stop,59,14,83.0,False
early_stop,59,11,1807.3955445480376,True
early_stop,59,1,2551.395544548038,True
early_stop,59,16,3433.395544548038,False
early_stop,59,8,5384.1968403081055,True
early_stop,59,10,5638.1968403081055,True
early_stop,59,12,5644.1968403081055,True
early_stop,59,15,5904.1968403081055,False
early_stop,59,18,6400.1968403081055,False
early_stop,60,3,17.0,False
early_stop,60,5,29.0,False
early_stop,60,10,59.0,False
early_stop,60,13,77.0,False
early_stop,60,16,95.0,False
early_stop,60,2,283.0,True
early_stop,60,6,307.0,True
early_stop,60,1,554.6931227053666,False
early_stop,60,9,1370.2910103547879,True
early_stop,60,14,1400.2910103547879,False
early_stop,60,19,2687.662668837421,True
early_stop,60,8,3547.662668837421,True
early_stop,61,6,35.0,True
early_stop,61,8,47.0,False
early_stop,61,10,59.0,True
early_stop,61,12,71.0,False
early_stop,61,20,119.0,True
early_stop,61,11,337.0,False
early_stop,61,18,379.0,True
early_stop,61,2,938.0237891841848,True
early_stop,61,15,3171.67826320509,True
early_stop,61,16,4830.167357593652,False
early_stop,61,1,6409.780612448723,True
early_stop,61,13,7023.052335199192,True
early_stop,61,7,7269.206896908634,True
early_stop,62,8,47.0,False
early_stop,62,12,71.0,False
early_stop,62,17,101.0,False
early_stop,62,19,1745.0,True
early_stop,62,15,1993.0,True
early_stop,62,14,2833.91360844897,False
early_stop,62,20,2863.91360844897,False
early_stop,62,11,4034.4695937808324,True
early_stop,62,6,4252.469593780832,True
early_stop,62,16,4288.469593780832,False
early_stop,62,1,4464.50226213762,True
early_stop,62,3,6535.835154039692,False
early_stop,62,10,6571.835154039692,True
early_stop,62,9,7183.835154039692,True
early_stop,63,9,53.0,False
early_stop,63,11,65.0,True
early_stop,63,16,95.0,False
early_stop,63,7,313.0,False
early_stop,63,3,568.5376165255135,True
early_stop,63,4,574.5376165255135,False
early_stop,63,10,610.5376165255135,True
early_stop,63,5,2370.023759764248,True
early_stop,63,12,4452.58368915297,True
early_stop,63,14,4464.58368915297,True
early_stop,63,2,4658.58368915297,True
early_stop,63,15,5160.58368915297,False
early_stop,63,13,5861.205619757242,False
early_stop,64,1,5.0,False
early_stop,64,2,11.0,False
early_stop,64,3,17.0,False
early_stop,64,4,23.0,True
early_stop,64,7,41.0,True
early_stop,64,11,65.0,False
early_stop,64,16,95.0,False
early_stop,64,18,107.0,False
early_stop,64,20,119.0,False
early_stop,64,19,1455.0,True
early_stop,64,5,5326.903605057233,True
early_stop,64,13,5368.903605057233,True
early_stop,64,12,6216.282869085155,False
early_stop,65,4,23.0,False
early_stop,65,14,83.0,False
early_stop,65,15,89.0,True
early_stop,65,16,95.0,False
early_stop,65,20,119.0,False
early_stop,65,8,319.0,False
early_stop,65,10,879.8696630235764,True
early_stop,65,7,1919.8696630235763,False
early_stop,65,2,4003.7190335634045,True
early_stop,65,9,4033.7190335634045,False
early_stop,65,17,4069.7190335634045,False
early_stop,65,18,4571.719033563404,True
early_stop,65,6,6612.809875479553,True
early_stop,66,2,11.0,True
early_stop,66,5,29.0,True
early_stop,66,8,47.0,False
early_stop,66,13,77.0,True
early_stop,66,19,1201.0,True
early_stop,66,20,2839.0,True
early_stop,66,10,3323.0,True
early_stop,66,9,3589.0,False
early_stop,66,14,3619.0,True
early_stop,66,15,6258.07473567049,False
early_stop,67,8,47.0,False
early_stop,67,9,325.0,False
early_stop,67,7,2728.2843309531327,False
early_stop,67,15,2764.2843309531327,False
early_stop,67,18,3297.438597274475,True
early_stop,67,10,4809.438597274475,True
early_stop,67,5,6149.336218977053,True
early_stop,67,14,6185.336218977053,True
early_stop,67,19,8275.45899684197,True
early_stop,67,4,8462.674387451583,True
early_stop,68,2,11.0,False
early_stop,68,6,35.0,False
early_stop,68,8,47.0,False
early_stop,68,9,53.0,False
early_stop,68,15,361.0,True
early_stop,68,20,1554.4379144834306,False
early_stop,68,16,2746.8807121053883,True
early_stop,68,4,2940.8807121053883,False
early_stop,68,14,2994.8807121053883,True
early_stop,68,19,3018.8807121053883,False
early_stop,68,17,3687.9621044764185,False
early_stop,68,11,6296.035066963466,True
early_stop,68,13,6699.7166428059,True
early_stop,68,5,6887.7166428059,True
early_stop,68,12,7891.284440298523,True
early_stop,69,3,17.0,False
early_stop,69,7,41.0,True
early_stop,69,8,47.0,True
early_stop,69,10,59.0,False
early_stop,69,11,65.0,False
early_stop,69,6,307.0,False
early_stop,69,12,343.0,True
early_stop,69,14,355.0,False
early_stop,69,16,367.0,True
early_stop,69,18,379.0,True
early_stop,69,9,632.9024064568268,True
early_stop,69,2,2682.017554615449,True
early_stop,69,5,2978.1660952651364,False
early_stop,69,4,3739.154521447744,True
early_stop,69,13,4053.147362136507,True
early_stop,70,3,17.0,True
early_stop,70,5,29.0,False
early_stop,70,10,59.0,False
early_stop,70,13,77.0,False
early_stop,70,16,95.0,False
early_stop,70,2,283.0,False
early_stop,70,11,1425.0,False
early_stop,70,19,2017.0,True
early_stop,70,20,3428.32451161982,True
early_stop,70,15,6545.933650440893,False
early_stop,71,2,11.0,True
early_stop,71,7,41.0,True
early_stop,71,9,53.0,False
early_stop,71,13,77.0,False
early_stop,71,17,101.0,False
early_stop,71,20,119.0,True
early_stop,71,19,385.0,False
early_stop,71,5,1992.9836689711433,True
early_stop,71,10,3008.9836689711433,False
early_stop,71,1,3515.097690098106,False
early_stop,71,4,3933.3582084244676,False
early_stop,71,18,7036.009501354275,True
early_stop,72,10,59.0,True
early_stop,72,15,89.0,True
early_stop,72,18,107.0,True
early_stop,72,20,935.0,True
early_stop,72,16,2029.8881296947823,True
early_stop,72,11,4220.200328173393,True
early_stop,72,6,6376.865512932869,False
early_stop,72,17,7511.4946060044695,False
early_stop,72,12,7729.4946060044695,True
early_stop,72,3,8809.823269922501,True
early_stop,73,5,29.0,False
early_stop,73,8,47.0,True
early_stop,73,9,53.0,True
early_stop,73,10,59.0,True
early_stop,73,17,101.0,False
early_stop,73,14,1692.8533470531522,False
early_stop,73,7,1922.8533470531522,True
early_stop,73,6,2182.853347053152,True
early_stop,73,16,2531.4325481458136,False
early_stop,73,4,3272.2538620843548,True
early_stop,73,2,4573.989777768586,True
early_stop,73,15,7938.755839398138,True
early_stop,74,4,23.0,False
early_stop,74,6,35.0,False
early_stop,74,12,71.0,True
early_stop,74,13,77.0,False
early_stop,74,17,101.0,True
early_stop,74,18,107.0,False
early_stop,74,20,119.0,False
early_stop,74,5,301.0,True
early_stop,74,15,1033.3402783835459,False
early_stop,74,8,2001.3402783835459,True
early_stop,74,9,4413.562381114913,False
early_stop,74,11,5362.224632351919,False
early_stop,74,14,5368.224632351919,False
early_stop,74,16,5798.224632351919,True
early_stop,74,3,5974.224632351919,True
early_stop,74,2,7101.538878476402,True
early_stop,75,18,107.0,False
early_stop,75,2,283.0,False
early_stop,75,10,331.0,True
early_stop,75,12,343.0,True
early_stop,75,16,367.0,True
early_stop,75,11,609.0,True
early_stop,75,17,645.0,True
early_stop,75,13,1298.0763092944592,True
early_stop,75,14,1893.1418321379047,True
early_stop,75,19,2820.9415601390456,False
early_stop,75,20,2826.9415601390456,False
early_stop,75,6,6232.724636150061,False
early_stop,75,15,6262.724636150061,True
early_stop,76,5,29.0,False
early_stop,76,8,47.0,False
early_stop,76,12,71.0,False
early_stop,76,13,77.0,False
early_stop,76,14,83.0,False
early_stop,76,17,101.0,True
early_stop,76,18,107.0,True
early_stop,76,4,758.7852522294997,True
early_stop,76,7,776.7852522294997,False
early_stop,76,15,1058.1657431286276,True
early_stop,76,2,1978.000396773324,True
early_stop,76,10,6683.48859289316,True
early_stop,77,2,11.0,False
early_stop,77,7,41.0,False
early_stop,77,8,47.0,True
early_stop,77,9,53.0,False
early_stop,77,13,77.0,False
early_stop,77,4,295.0,True
early_stop,77,10,331.0,True
early_stop,77,14,355.0,True
early_stop,77,18,651.0,False
early_stop,77,6,3446.2072514755814,True
early_stop,77,20,3506.2072514755814,False
early_stop,77,11,5477.700132479543,False
early_stop,77,5,5689.563136867747,False
early_stop,77,16,5949.563136867747,True
early_stop,77,17,5955.563136867747,False
early_stop,77,3,7218.834809335074,True
early_stop,78,9,53.0,True
early_stop,78,14,83.0,False
early_stop,78,19,113.0,False
early_stop,78,20,119.0,False
early_stop,78,11,337.0,True
early_stop,78,16,666.2196741617546,True
early_stop,78,4,1885.0073703940018,True
early_stop,78,5,3067.8007371436815,True
early_stop,78,17,3127.8007371436815,False
early_stop,78,15,3363.8007371436815,False
early_stop,78,13,3599.8007371436815,True
early_stop,78,8,4736.20429632338,True
early_stop,78,3,5197.3853300146075,False
early_stop,78,7,5215.3853300146075,True
early_stop,78,10,5233.3853300146075,True
early_stop,78,1,5959.05811703772,True
early_stop,79,6,35.0,False
early_stop,79,12,71.0,False
early_stop,79,15,89.0,False
early_stop,79,16,95.0,True
early_stop,79,19,113.0,False
early_stop,79,20,119.0,False
early_stop,79,3,289.0,True
early_stop,79,8,319.0,False
early_stop,79,18,379.0,False
early_stop,79,17,1188.0461129016956,True
early_stop,79,2,2724.1145412021874,False
early_stop,80,1,5.0,True
early_stop,80,4,23.0,True
early_stop,80,7,41.0,False
early_stop,80,14,83.0,False
early_stop,80,15,89.0,False
early_stop,80,18,107.0,False
early_stop,80,6,307.0,False
early_stop,80,19,2161.9974062497076,False
early_stop,80,13,3149.4745637574892,True
early_stop,80,9,5509.474563757489,True
early_stop,80,12,6141.264265674679,True
early_stop,80,17,9329.07553977154,True
early_stop,81,11,65.0,False
early_stop,81,17,101.0,False
early_stop,81,18,107.0,False
early_stop,81,12,343.0,False
early_stop,81,13,349.0,False
early_stop,81,1,549.0,True
early_stop,81,3,1633.780785302852,True
early_stop,81,6,1919.5705525696515,False
early_stop,81,16,1961.5705525696515,False
early_stop,81,15,4325.113653056595,False
early_stop,81,10,4537.113653056595,True
early_stop,81,20,6099.113653056595,True
early_stop,81,14,6517.113653056595,True
early_stop,81,8,7680.646776521756,True
early_stop,82,1,5.0,False
early_stop,82,3,17.0,False
early_stop,82,5,29.0,False
early_stop,82,7,41.0,True
early_stop,82,8,47.0,True
early_stop,82,10,59.0,True
early_stop,82,17,373.0,True
early_stop,82,19,385.0,True
early_stop,82,6,573.0,True
early_stop,82,16,6835.723292183447,True
early_stop,82,11,8377.223808982813,True
early_stop,83,1,5.0,False
early_stop,83,2,11.0,False
early_stop,83,13,77.0,False
early_stop,83,19,113.0,True
early_stop,83,3,289.0,False
early_stop,83,18,379.0,True
early_stop,83,20,391.0,False
early_stop,83,16,1727.9007277670387,True
early_stop,83,15,3304.2417791916982,False
early_stop,83,11,4930.213021930593,False
early_stop,83,5,5124.213021930593,True
early_stop,83,4,5366.871123264042,True
early_stop,83,17,6964.856990104512,True
early_stop,84,6,35.0,False
early_stop,84,8,47.0,False
early_stop,84,4,295.0,False
early_stop,84,5,301.0,False
early_stop,84,11,337.0,True
early_stop,84,15,361.0,True
early_stop,84,2,1476.0118916985066,True
early_stop,84,3,2244.0118916985066,False
early_stop,84,12,2792.212660542096,True
early_stop,84,1,3364.9405639368506,False
early_stop,84,14,3902.9405639368506,False
early_stop,84,9,4108.940563936851,True
early_stop,84,13,4132.940563936851,True
early_stop,84,10,4349.600432872483,True
early_stop,84,16,6949.502289722743,True
early_stop,85,14,83.0,False
early_stop,85,16,95.0,False
early_stop,85,4,295.0,True
early_stop,85,7,313.0,False
early_stop,85,10,331.0,True
early_stop,85,8,2560.0416343141933,True
early_stop,85,6,4120.608691341431,True
early_stop,85,19,4434.608691341431,False
early_stop,85,11,4646.608691341431,False
early_stop,85,13,4658.608691341431,True
early_stop,85,20,4948.608691341431,False
early_stop,86,3,17.0,False
early_stop,86,5,29.0,False
early_stop,86,11,65.0,True
early_stop,86,20,119.0,True
early_stop,86,1,277.0,True
early_stop,86,2,283.0,True
early_stop,86,4,295.0,True
early_stop,86,6,307.0,True
early_stop,86,7,313.0,True
early_stop,86,10,331.0,True
early_stop,86,9,1395.0,True
early_stop,86,19,3548.190744178653,True
early_stop,86,15,4415.148465680839,False
early_stop,86,18,4433.148465680839,False
early_stop,86,12,6215.37908421584,True
early_stop,86,14,6663.37908421584,False
early_stop,87,6,35.0,False
early_stop,87,7,313.0,True
early_stop,87,12,343.0,True
early_stop,87,16,367.0,False
early_stop,87,18,651.0,True
early_stop,87,11,1826.5297471056656,False
early_stop,87,17,2388.5297471056656,True
early_stop,87,4,3142.4503957248994,False
early_stop,87,13,3190.4503957248994,False
early_stop,87,9,5347.751006883961,True
early_stop,87,2,8599.186774286798,True
early_stop,88,3,17.0,True
early_stop,88,14,83.0,False
early_stop,88,19,113.0,True
early_stop,88,8,319.0,False
early_stop,88,13,1165.0,True
early_stop,88,18,2121.509890033868,True
early_stop,88,11,2351.509890033868,True
early_stop,88,4,3565.9844692210436,True
early_stop,88,1,4055.1705606891464,True
early_stop,88,2,4061.1705606891464,True
early_stop,88,17,4133.170560689146,True
early_stop,88,7,5698.362036079961,True
early_stop,88,6,6769.750480658673,True
early_stop,89,3,17.0,True
early_stop,89,4,23.0,False
early_stop,89,9,53.0,True
early_stop,89,16,367.0,False
early_stop,89,20,391.0,True
early_stop,89,6,856.0210506646396,True
early_stop,89,14,3447.410404797724,False
early_stop,89,7,5697.753008342232,True
early_stop,89,5,6399.610414357948,True
early_stop,89,12,6423.610414357948,True
early_stop,90,14,83.0,False
early_stop,90,17,101.0,True
early_stop,90,18,107.0,False
early_stop,90,13,349.0,True
early_stop,90,3,561.0,True
early_stop,90,5,845.0,True
early_stop,90,15,2559.7729428887496,True
early_stop,90,10,4125.77294288875,True
early_stop,90,12,4137.77294288875,False
early_stop,90,8,5083.677236908145,True
early_stop,90,16,6601.302582582648,True
early_stop,91,13,77.0,False
early_stop,91,14,83.0,False
early_stop,91,17,101.0,False
early_stop,91,19,113.0,True
early_stop,91,15,361.0,False
early_stop,91,20,391.0,False
early_stop,91,16,2909.819669473529,False
early_stop,91,8,3647.819669473529,False
early_stop,91,12,5916.508907819519,False
early_stop,91,6,6122.508907819519,True
early_stop,92,3,17.0,False
early_stop,92,4,23.0,False
early_stop,92,8,47.0,False
early_stop,92,15,89.0,False
early_stop,92,17,101.0,False
early_stop,92,18,664.8173904587848,True
early_stop,92,2,916.2534112163208,False
early_stop,92,1,1170.2534112163207,True
early_stop,92,9,4682.864140487322,True
early_stop,92,20,4736.864140487322,False
early_stop,92,6,5414.864140487322,False
early_stop,92,10,5798.520733200176,False
early_stop,92,19,5840.520733200176,False
early_stop,93,2,11.0,True
early_stop,93,5,29.0,False
early_stop,93,6,35.0,False
early_stop,93,10,59.0,False
early_stop,93,13,77.0,False
early_stop,93,14,83.0,False
early_stop,93,15,89.0,False
early_stop,93,20,119.0,True
early_stop,93,1,277.0,False
early_stop,93,3,289.0,True
early_stop,93,4,295.0,False
early_stop,93,7,1499.397076267175,True
early_stop,93,19,1795.397076267175,True
early_stop,93,16,5027.138167824009,True
early_stop,93,11,5525.657632935044,True
early_stop,93,12,5531.657632935044,True
early_stop,94,6,35.0,True
early_stop,94,9,53.0,False
early_stop,94,14,83.0,False
early_stop,94,5,301.0,True
early_stop,94,4,839.0,True
early_stop,94,20,929.0,True
early_stop,94,11,1413.0,True
early_stop,94,8,3628.0413557712454,False
early_stop,94,1,4100.041355771245,False
early_stop,94,7,4130.041355771245,True
early_stop,94,10,4148.041355771245,True
early_stop,94,17,4178.041355771245,False
early_stop,94,12,4579.402615071558,True
early_stop,94,16,8253.277529389978,True
early_stop,95,5,29.0,False
early_stop,95,10,59.0,True
early_stop,95,16,95.0,False
early_stop,95,19,113.0,True
early_stop,95,6,584.1005235084541,True
early_stop,95,15,632.1005235084541,False
early_stop,95,13,1074.9633877775227,True
early_stop,95,20,1110.9633877775227,False
early_stop,95,2,1540.3165598647702,True
early_stop,95,18,2604.31655986477,True
early_stop,95,3,3282.31655986477,True
early_stop,95,12,3324.31655986477,True
early_stop,95,1,5538.605602228053,False
early_stop,95,17,5604.605602228053,True
early_stop,95,4,5802.184696658797,True
early_stop,95,9,5826.184696658797,True
early_stop,96,1,5.0,False
early_stop,96,6,35.0,True
early_stop,96,7,41.0,False
early_stop,96,14,355.0,False
early_stop,96,19,1473.0,False
early_stop,96,18,2011.0,False
early_stop,96,11,2241.2027451073313,True
early_stop,96,13,3451.0121665739566,False
early_stop,96,12,4502.925101401858,False
early_stop,96,20,6074.7670532918455,True
early_stop,96,3,6497.0474525395875,False
early_stop,96,4,7444.49974360573,True
early_stop,97,2,11.0,True
early_stop,97,6,35.0,False
early_stop,97,12,71.0,False
early_stop,97,18,107.0,False
early_stop,97,1,277.0,True
early_stop,97,5,970.6726321576723,False
early_stop,97,14,1012.6726321576723,True
early_stop,97,16,1024.6726321576723,False
early_stop,97,15,6182.541886626317,False
early_stop,97,19,6642.541886626317,True
early_stop,97,17,7618.722578820726,False
early_stop,98,8,47.0,False
early_stop,98,15,89.0,True
early_stop,98,18,107.0,False
early_stop,98,20,119.0,True
early_stop,98,9,325.0,False
early_stop,98,12,615.0,True
early_stop,98,5,1535.7754812303394,True
early_stop,98,19,2462.379609153741,False
early_stop,98,2,4545.256092815994,False
early_stop,98,11,7567.88078837244,True
early_stop,98,14,7579.88078837244,False
early_stop,98,16,8240.946856852745,True
early_stop,99,5,29.0,False
early_stop,99,6,35.0,True
early_stop,99,17,101.0,False
early_stop,99,20,119.0,True
early_stop,99,3,289.0,False
early_stop,99,8,679.1846552887358,True
early_stop,99,13,709.1846552887358,True
early_stop,99,14,2311.184655288736,True
early_stop,99,2,2782.515572275538,False
early_stop,99,9,4622.005411245918,False
early_stop,99,19,4670.005411245918,True
early_stop,99,7,4846.005411245918,True
early_stop,99,10,4864.005411245918,True
early_stop,100,2,11.0,False
early_stop,100,7,41.0,False
early_stop,100,9,53.0,False
early_stop,100,13,77.0,False
early_stop,100,15,89.0,True
early_stop,100,20,119.0,False
early_stop,100,17,373.0,False
early_stop,100,14,1168.1576565763237,True
early_stop,100,16,1960.1576565763237,True
early_stop,100,6,2966.5302502694713,True
early_stop,100,12,6777.947898186635,False
early_stop,101,2,11.0,True
early_stop,101,4,23.0,False
early_stop,101,9,53.0,True
early_stop,101,12,71.0,True
early_stop,101,13,77.0,False
early_stop,101,10,331.0,True
early_stop,101,11,337.0,True
early_stop,101,15,361.0,False
early_stop,101,18,1878.4803939398985,True
early_stop,101,5,4020.209228302539,True
early_stop,101,17,4723.991010372956,True
early_stop,101,8,4923.991010372956,True
early_stop,101,3,5625.203473554824,True
early_stop,101,7,6692.126776389569,True
early_stop,102,1,5.0,True
early_stop,102,5,29.0,True
early_stop,102,6,35.0,False
early_stop,102,7,41.0,False
early_stop,102,10,59.0,True
early_stop,102,12,71.0,True
early_stop,102,13,77.0,True
early_stop,102,18,379.0,False
early_stop,102,20,391.0,False
early_stop,102,19,1560.274803628965,False
early_stop,102,14,3491.273825896855,True
early_stop,103,6,35.0,True
early_stop,103,7,41.0,False
early_stop,103,12,71.0,True
early_stop,103,13,77.0,False
early_stop,103,15,89.0,False
early_stop,103,8,319.0,False
early_stop,103,2,1783.1577745077825,True
early_stop,103,11,1831.1577745077825,True
early_stop,103,20,1879.1577745077825,True
early_stop,103,4,3308.182866462153,True
early_stop,103,3,6175.675092967913,False
early_stop,103,1,6393.675092967913,True
early_stop,103,17,6447.675092967913,True
early_stop,103,18,6453.675092967913,False
early_stop,103,5,6635.675092967913,True
early_stop,104,1,5.0,False
early_stop,104,8,47.0,True
early_stop,104,12,71.0,False
early_stop,104,3,289.0,True
early_stop,104,11,1425.0,True
early_stop,104,14,3720.000733618865,True
early_stop,104,16,3992.000733618865,True
early_stop,104,7,4284.73885879783,True
early_stop,104,18,4332.73885879783,True
early_stop,104,13,5864.972172085166,True
early_stop,105,7,41.0,False
early_stop,105,10,59.0,False
early_stop,105,16,95.0,True
early_stop,105,5,301.0,False
early_stop,105,9,325.0,False
early_stop,105,13,349.0,False
early_stop,105,19,964.4580708898759,True
early_stop,105,3,2511.0851807786235,True
early_stop,105,14,2559.0851807786235,False
early_stop,105,20,4091.211219213616,False
early_stop,105,4,5451.919239383633,True
early_stop,105,12,5717.919239383633,True
early_stop,105,6,5934.263331538886,False
early_stop,105,1,6669.512457648694,True
early_stop,106,4,23.0,False
early_stop,106,7,41.0,False
early_stop,106,9,53.0,False
early_stop,106,11,65.0,False
early_stop,106,13,77.0,True
early_stop,106,19,113.0,True
early_stop,106,5,301.0,False
early_stop,106,16,367.0,False
early_stop,106,20,391.0,True
early_stop,106,18,1193.0750345287381,True
early_stop,106,2,3065.046650525451,False
early_stop,106,6,4853.984898331501,True
early_stop,106,8,4859.984898331501,False
early_stop,106,17,4895.984898331501,True
early_stop,106,1,5311.891048447746,True
early_stop,107,3,17.0,False
early_stop,107,9,53.0,False
early_stop,107,19,113.0,False
early_stop,107,2,283.0,False
early_stop,107,20,391.0,False
early_stop,107,11,2333.094999587302,True
early_stop,107,10,3887.094999587302,False
early_stop,107,16,4183.094999587302,True
early_stop,107,14,5809.650533842316,True
early_stop,107,7,6591.052586477199,False
early_stop,107,5,7154.21560173364,True
early_stop,108,3,17.0,False
early_stop,108,4,23.0,True
early_stop,108,5,29.0,False
early_stop,108,13,77.0,False
early_stop,108,6,307.0,False
early_stop,108,9,325.0,False
early_stop,108,20,391.0,True
early_stop,108,19,928.1670994041446,True
early_stop,108,17,4309.724361025271,False
early_stop,108,7,6331.687601593273,True
early_stop,108,2,7572.165854717622,True
early_stop,109,2,11.0,False
early_stop,109,5,29.0,False
early_stop,109,16,95.0,True
early_stop,109,19,113.0,False
early_stop,109,20,119.0,False
early_stop,109,4,295.0,True
early_stop,109,10,1740.6827782703078,True
early_stop,109,15,2030.6827782703078,False
early_stop,109,9,2514.8773794138924,False
early_stop,109,17,3052.8773794138924,True
early_stop,109,8,5151.071541035626,True
early_stop,109,14,5393.071541035626,True
early_stop,110,2,11.0,False
early_stop,110,6,35.0,False
early_stop,110,8,47.0,False
early_stop,110,12,71.0,False
early_stop,110,17,101.0,False
early_stop,110,16,367.0,False
early_stop,110,18,813.325874173048,True
early_stop,110,9,1545.3258741730479,True
early_stop,110,20,4463.198114389539,False
early_stop,110,11,4681.297338599335,True
early_stop,110,14,5873.297338599335,True
early_stop,110,7,6845.157516427951,True
early_stop,110,15,6875.157516427951,True
early_stop,111,2,11.0,False
early_stop,111,4,23.0,False
early_stop,111,13,77.0,False
early_stop,111,17,101.0,False
early_stop,111,10,331.0,False
early_stop,111,14,355.0,False
early_stop,111,19,385.0,False
early_stop,111,3,566.414647903075,True
early_stop,111,18,650.414647903075,True
early_stop,111,20,662.414647903075,True
early_stop,111,8,2752.5096627819016,False
early_stop,111,16,3837.2781193469605,False
early_stop,111,7,4019.2781193469605,True
early_stop,111,11,4031.2781193469605,False
early_stop,111,15,4055.2781193469605,False
early_stop,111,6,4500.30818950163,True
early_stop,112,1,5.0,False
early_stop,112,4,23.0,False
early_stop,112,8,47.0,False
early_stop,112,9,53.0,False
early_stop,112,17,101.0,False
early_stop,112,19,113.0,True
early_stop,112,6,596.3669364477437,True
early_stop,112,12,632.3669364477437,True
early_stop,112,14,644.3669364477437,False
early_stop,112,15,650.3669364477437,True
early_stop,112,16,2449.3500862422597,False
early_stop,112,10,2674.894052645787,True
early_stop,112,7,5213.256793484881,True
early_stop,113,2,11.0,False
early_stop,113,5,29.0,False
early_stop,113,16,95.0,False
early_stop,113,12,343.0,True
early_stop,113,8,591.0,True
early_stop,113,9,3456.340631724277,True
early_stop,113,7,4588.082295612374,False
early_stop,113,3,5054.082295612374,False
early_stop,113,19,5126.082295612374,True
early_stop,113,1,5290.082295612374,False
early_stop,114,11,65.0,False
early_stop,114,18,107.0,False
early_stop,114,3,289.0,False
early_stop,114,4,295.0,True
early_stop,114,19,385.0,False
early_stop,114,8,2495.0,False
early_stop,114,9,2817.9534850291075,False
early_stop,114,14,4348.498230894911,False
early_stop,114,2,4548.498230894911,False
early_stop,114,5,4813.498573952725,True
early_stop,114,13,8883.954187450645,True
early_stop,115,6,35.0,False
early_stop,115,9,53.0,True
early_stop,115,11,65.0,False
early_stop,115,16,95.0,False
early_stop,115,18,107.0,False
early_stop,115,5,301.0,False
early_stop,115,7,313.0,True
early_stop,115,19,385.0,False
early_stop,115,14,912.3637879546745,True
early_stop,115,13,2601.605342085178,False
early_stop,115,4,3258.1647291841014,False
early_stop,115,12,6088.156037697803,True
early_stop,116,5,29.0,False
early_stop,116,10,59.0,True
early_stop,116,18,107.0,False
early_stop,116,9,325.0,True
early_stop,116,3,594.2157419635945,True
early_stop,116,17,678.2157419635945,True
early_stop,116,20,690.2157419635945,False
early_stop,116,12,1574.8483073470934,True
early_stop,116,8,2177.833989027097,True
early_stop,116,7,2783.829770459509,True
early_stop,116,13,3527.829770459509,True
early_stop,116,1,4552.450571325342,True
early_stop,116,4,5211.080912605351,True
early_stop,116,16,5253.080912605351,True
early_stop,116,19,7886.6998608539825,True
early_stop,116,15,8480.699860853983,True
early_stop,117,2,11.0,False
early_stop,117,6,35.0,False
early_stop,117,7,41.0,True
early_stop,117,12,71.0,True
early_stop,117,13,77.0,True
early_stop,117,15,89.0,True
early_stop,117,19,113.0,True
early_stop,117,20,119.0,True
early_stop,117,10,331.0,False
early_stop,117,9,4463.727475981775,False
early_stop,117,18,4735.727475981775,True
early_stop,118,6,35.0,False
early_stop,118,14,83.0,False
early_stop,118,19,113.0,True
early_stop,118,7,313.0,True
early_stop,118,10,331.0,False
early_stop,118,13,349.0,False
early_stop,118,17,373.0,False
early_stop,118,12,614.5176462217174,False
early_stop,118,16,2753.134725164695,False
early_stop,118,20,3314.7066532801705,True
early_stop,118,8,4344.697924196315,True
early_stop,118,15,4362.697924196315,True
early_stop,118,1,5186.697924196315,True
early_stop,118,5,5210.697924196315,False
early_stop,118,4,5428.736962962805,False
early_stop,119,7,41.0,True
early_stop,119,10,59.0,True
early_stop,119,18,379.0,True
early_stop,119,3,561.0,False
early_stop,119,6,861.9649348567359,True
early_stop,119,19,933.9649348567359,True
early_stop,119,11,2012.979724582954,False
early_stop,119,2,3706.055898530092,True
early_stop,119,5,3718.055898530092,True
early_stop,119,16,5923.849009120739,True
early_stop,119,14,6141.849009120739,True
early_stop,119,4,7438.987556214127,True
early_stop,120,3,17.0,False
early_stop,120,5,29.0,False
early_stop,120,6,35.0,False
early_stop,120,13,77.0,False
early_stop,120,15,89.0,False
early_stop,120,7,313.0,True
early_stop,120,10,331.0,True
early_stop,120,16,633.0,True
early_stop,120,11,2384.7882334504584,False
early_stop,120,17,2402.7882334504584,True
early_stop,120,14,3603.340580957678,True
early_stop,120,4,6073.462601078117,True
early_stop,120,8,6431.152390412099,True
early_stop,120,2,6637.152390412099,False
early_stop,121,3,17.0,False
early_stop,121,6,35.0,True
early_stop,121,7,41.0,False
early_stop,121,11,65.0,False
early_stop,121,16,95.0,False
early_stop,121,17,101.0,False
early_stop,121,13,349.0,True
early_stop,121,5,603.3092313383568,False
early_stop,121,20,2341.3589079708763,True
early_stop,121,19,4657.271087857295,True
early_stop,122,2,11.0,False
early_stop,122,11,65.0,True
early_stop,122,17,101.0,False
early_stop,122,18,107.0,False
early_stop,122,19,113.0,False
early_stop,122,4,567.0,True
early_stop,122,5,1389.0,False
early_stop,122,12,1975.0,False
early_stop,122,14,2525.6095085669294,True
early_stop,122,3,3007.179642331399,False
early_stop,122,8,3031.179642331399,False
early_stop,122,16,4393.7346381170355,True
early_stop,122,7,4599.7346381170355,True
early_stop,122,10,4904.896324876813,False
early_stop,123,1,5.0,False
early_stop,123,15,89.0,True
early_stop,123,18,107.0,False
early_stop,123,20,119.0,True
early_stop,123,17,373.0,True
early_stop,123,3,4023.231368719143,False
early_stop,123,4,4549.231368719144,True
early_stop,123,14,4609.231368719144,True
early_stop,123,7,4827.231368719144,True
early_stop,123,9,6775.548431415206,True
early_stop,124,5,29.0,False
early_stop,124,20,119.0,False
early_stop,124,2,283.0,False
early_stop,124,3,289.0,True
early_stop,124,14,355.0,True
early_stop,124,18,1195.0,True
early_stop,124,19,3800.2763048700467,True
early_stop,124,1,4912.631339715715,True
early_stop,124,16,5262.631339715715,False
early_stop,124,6,5968.443779428625,True
early_stop,124,13,6750.266865544325,False
early_stop,124,7,6956.266865544325,True
early_stop,125,1,277.0,False
early_stop,125,2,283.0,True
early_stop,125,10,331.0,True
early_stop,125,11,337.0,False
early_stop,125,12,615.0,True
early_stop,125,16,2014.8335472087376,True
early_stop,125,6,4105.09197981786,False
early_stop,125,8,4117.09197981786,False
early_stop,125,19,4165.09197981786,True
early_stop,125,5,4347.09197981786,True
early_stop,125,15,4643.09197981786,False
early_stop,126,4,23.0,False
early_stop,126,6,35.0,False
early_stop,126,8,47.0,True
early_stop,126,12,71.0,False
early_stop,126,17,101.0,True
early_stop,126,14,355.0,False
early_stop,126,19,795.9569311403136,True
early_stop,126,20,801.9569311403136,True
early_stop,126,3,1414.4178551313105,False
early_stop,126,11,1456.4178551313105,True
early_stop,126,16,2867.797598013623,True
early_stop,126,18,4680.22191082418,True
early_stop,126,2,6151.274375597851,True
early_stop,126,15,6211.274375597851,True
early_stop,127,5,29.0,True
early_stop,127,19,113.0,False
early_stop,127,14,1171.0,False
early_stop,127,17,1461.0,False
early_stop,127,20,1479.0,False
early_stop,127,15,1721.0,False
early_stop,127,7,2638.221717133601,False
early_stop,127,4,4467.4934398840705,False
early_stop,127,18,4533.4934398840705,False
early_stop,127,1,4697.4934398840705,True
early_stop,128,1,5.0,True
early_stop,128,7,41.0,False
early_stop,128,8,47.0,False
early_stop,128,12,71.0,True
early_stop,128,13,77.0,True
early_stop,128,14,83.0,False
early_stop,128,17,101.0,True
early_stop,128,18,107.0,False
early_stop,128,3,289.0,False
early_stop,128,10,331.0,True
early_stop,128,11,2174.1290291000887,True
early_stop,128,9,3538.2069049943548,False
early_stop,128,5,3762.2069049943548,False
early_stop,128,16,3804.2069049943548,True
early_stop,128,6,4010.2069049943548,False
early_stop,128,20,5674.307432775583,True
early_stop,129,4,23.0,False
early_stop,129,13,77.0,True
early_stop,129,16,95.0,True
early_stop,129,17,101.0,True
early_stop,129,5,301.0,True
early_stop,129,6,307.0,False
early_stop,129,10,331.0,True
early_stop,129,14,968.8359757245044,True
early_stop,129,8,1315.1518289185399,True
early_stop,129,2,3831.1631766233936,False
early_stop,129,19,3891.1631766233936,True
early_stop,129,3,6379.201670686169,False
early_stop,129,9,6391.201670686169,False
early_stop,129,18,6415.201670686169,False
early_stop,130,4,23.0,True
early_stop,130,5,29.0,True
early_stop,130,10,59.0,False
early_stop,130,12,71.0,True
early_stop,130,15,89.0,False
early_stop,130,17,101.0,False
early_stop,130,20,119.0,True
early_stop,130,18,379.0,False
early_stop,130,14,1707.5333289975238,True
early_stop,130,9,3061.879993964777,True
early_stop,130,2,3788.923382319503,False
early_stop,130,19,4592.923382319503,False
early_stop,130,1,6337.481219522409,False
early_stop,130,6,8232.354634105766,True
early_stop,131,2,11.0,True
early_stop,131,3,17.0,False
early_stop,131,6,35.0,True
early_stop,131,7,41.0,False
early_stop,131,16,95.0,False
early_stop,131,19,385.0,False
early_stop,131,10,1926.9492458861964,True
early_stop,131,17,2950.7235412634077,False
early_stop,131,20,2962.7235412634077,False
early_stop,131,1,4609.393762420691,False
early_stop,131,12,4657.393762420691,False
early_stop,131,13,4663.393762420691,True
early_stop,132,1,5.0,False
early_stop,132,5,29.0,False
early_stop,132,9,53.0,False
early_stop,132,14,83.0,False
early_stop,132,15,89.0,True
early_stop,132,18,651.0,True
early_stop,132,6,1226.4521226001784,True
early_stop,132,2,1982.4521226001784,False
early_stop,132,8,2018.4521226001784,True
early_stop,132,20,3704.021321769768,True
early_stop,132,16,4699.250500894936,False
early_stop,132,4,5363.661913519447,True
early_stop,132,13,5399.661913519447,True
early_stop,133,1,5.0,True
early_stop,133,11,65.0,False
early_stop,133,12,71.0,True
early_stop,133,13,77.0,False
early_stop,133,20,1751.0,True
early_stop,133,5,1933.0,False
early_stop,133,4,2471.0,True
early_stop,133,2,3141.4561278851193,False
early_stop,133,15,4075.551711636011,True
early_stop,133,16,4875.102429910733,False
early_stop,133,17,4881.102429910733,True
early_stop,133,18,4887.102429910733,False
early_stop,133,19,4893.102429910733,False
early_stop,134,1,5.0,False
early_stop,134,2,11.0,False
early_stop,134,4,23.0,True
early_stop,134,8,47.0,False
early_stop,134,11,65.0,False
early_stop,134,13,77.0,False
early_stop,134,18,107.0,False
early_stop,134,19,113.0,True
early_stop,134,5,301.0,False
early_stop,134,10,1689.318793189415,False
early_stop,134,7,3093.318793189415,False
early_stop,134,17,3655.318793189415,False
early_stop,134,14,5051.363972681126,False
early_stop,135,3,17.0,False
early_stop,135,6,35.0,False
early_stop,135,8,47.0,True
early_stop,135,9,53.0,True
early_stop,135,10,59.0,False
early_stop,135,14,83.0,False
early_stop,135,16,95.0,False
early_stop,135,20,391.0,True
early_stop,135,2,1999.3579231455983,False
early_stop,135,1,2549.5509488286853,True
early_stop,135,5,4161.592706683119,True
early_stop,135,19,4722.166516545705,True
early_stop,135,18,6507.1885307209095,False
early_stop,135,12,6934.806948366721,True
early_stop,135,15,6946.806948366721,True
early_stop,136,2,11.0,True
early_stop,136,7,41.0,False
early_stop,136,8,47.0,False
early_stop,136,12,71.0,False
early_stop,136,16,95.0,True
early_stop,136,18,379.0,False
early_stop,136,4,567.0,True
early_stop,136,17,645.0,True
early_stop,136,14,1171.0,True
early_stop,136,13,2219.5461223188136,True
early_stop,136,3,3086.5970874892446,True
early_stop,136,20,3170.5970874892446,False
early_stop,136,1,6002.641116419757,False
early_stop,136,11,7554.022780958783,True
early_stop,137,6,35.0,False
early_stop,137,7,41.0,True
early_stop,137,8,47.0,False
early_stop,137,16,95.0,False
early_stop,137,17,101.0,False
early_stop,137,1,277.0,False
early_stop,137,14,1732.4928419170292,True
early_stop,137,9,2222.492841917029,False
early_stop,137,11,3079.5654214462415,True
early_stop,137,20,3127.5654214462415,True
early_stop,138,3,17.0,False
early_stop,138,4,23.0,False
early_stop,138,6,35.0,True
early_stop,138,7,41.0,False
early_stop,138,8,47.0,False
early_stop,138,10,59.0,False
early_stop,138,15,692.2098115871845,True
early_stop,138,13,1208.345304248056,True
early_stop,138,9,3476.345304248056,False
early_stop,138,14,5100.998552184568,False
early_stop,138,20,7029.286822343206,True
early_stop,139,3,17.0,False
early_stop,139,5,29.0,False
early_stop,139,11,65.0,False
early_stop,139,20,119.0,False
early_stop,139,13,349.0,True
early_stop,139,19,385.0,False
early_stop,139,18,651.0,True
early_stop,139,1,6695.631599536561,True
early_stop,139,10,7406.184814921467,True
early_stop,139,6,9569.289248289215,True
early_stop,140,3,17.0,True
early_stop,140,4,23.0,False
early_stop,140,17,101.0,False
early_stop,140,18,107.0,False
early_stop,140,9,325.0,False
early_stop,140,19,385.0,False
early_stop,140,15,908.4269168319363,True
early_stop,140,20,938.4269168319363,False
early_stop,140,2,2367.3125288576725,False
early_stop,140,1,3646.1540923158536,False
early_stop,140,11,3700.1540923158536,True
early_stop,140,12,3706.1540923158536,False
early_stop,140,14,5636.921450819434,True
early_stop,140,7,6087.613507041049,False
early_stop,140,16,6123.613507041049,True
early_stop,141,3,17.0,False
early_stop,141,4,23.0,False
early_stop,141,7,41.0,True
early_stop,141,11,65.0,True
early_stop,141,17,101.0,False
early_stop,141,18,107.0,False
early_stop,141,19,113.0,False
early_stop,141,20,119.0,False
early_stop,141,1,277.0,True
early_stop,141,9,325.0,True
early_stop,141,6,739.5072298466325,True
early_stop,141,15,1047.9363746659476,True
early_stop,141,16,1053.9363746659476,True
early_stop,141,5,8468.152553528764,True
early_stop,142,2,11.0,False
early_stop,142,5,29.0,True
early_stop,142,12,71.0,False
early_stop,142,13,77.0,True
early_stop,142,14,83.0,False
early_stop,142,3,289.0,False
early_stop,142,10,331.0,True
early_stop,142,20,391.0,False
early_stop,142,19,4144.044697078931,True
early_stop,142,6,4970.4228303755945,True
early_stop,142,9,4988.4228303755945,False
early_stop,142,1,5188.4228303755945,True
early_stop,142,16,5242.4228303755945,False
early_stop,142,18,6200.705568853219,True
early_stop,143,1,5.0,False
early_stop,143,5,29.0,False
early_stop,143,7,41.0,False
early_stop,143,8,47.0,True
early_stop,143,10,59.0,False
early_stop,143,20,119.0,False
early_stop,143,3,636.7496208625172,False
early_stop,143,12,6098.837737258903,False
early_stop,143,18,6134.837737258903,False
early_stop,143,2,6335.992593624453,True
early_stop,143,16,6619.992593624453,False
early_stop,144,2,11.0,True
early_stop,144,3,17.0,False
early_stop,144,6,35.0,False
early_stop,144,8,47.0,False
early_stop,144,12,71.0,False
early_stop,144,15,89.0,True
early_stop,144,18,107.0,False
early_stop,144,7,863.0831059801626,False
early_stop,144,10,1155.930793345487,True
early_stop,144,4,2003.368462591361,False
early_stop,144,13,5281.193775196239,True
early_stop,144,20,5317.193775196239,True
early_stop,144,11,6055.15172282682,True
early_stop,145,8,47.0,False
early_stop,145,15,89.0,False
early_stop,145,16,95.0,False
early_stop,145,13,349.0,False
early_stop,145,19,1200.0435511859193,True
early_stop,145,3,1636.0435511859193,False
early_stop,145,1,1889.2736651781604,False
early_stop,145,6,1919.2736651781604,False
early_stop,145,17,3472.7779560462022,True
early_stop,145,12,4136.147186599225,True
early_stop,145,14,5507.56667868882,True
early_stop,145,18,5519.56667868882,False
early_stop,145,9,6367.301101271127,False
early_stop,145,11,7276.712657470844,True
early_stop,145,5,8552.757434290179,True
early_stop,145,2,8928.757434290179,True
early_stop,146,1,5.0,False
early_stop,146,2,11.0,True
early_stop,146,4,23.0,False
early_stop,146,5,29.0,False
early_stop,146,6,35.0,False
early_stop,146,11,65.0,False
early_stop,146,7,313.0,True
early_stop,146,15,633.0,True
early_stop,146,10,3483.296515454249,True
early_stop,146,3,4481.5868679975765,True
early_stop,146,17,4529.5868679975765,True
early_stop,147,7,41.0,False
early_stop,147,8,47.0,False
early_stop,147,10,59.0,False
early_stop,147,11,65.0,False
early_stop,147,13,77.0,True
early_stop,147,18,107.0,False
early_stop,147,5,301.0,True
early_stop,147,12,343.0,False
early_stop,147,2,560.1294877355589,True
early_stop,147,6,584.1294877355589,True
early_stop,147,20,662.1294877355589,False
early_stop,147,15,898.1294877355589,True
early_stop,147,3,5726.235031768905,True
early_stop,147,19,6054.594012245857,False
early_stop,148,2,11.0,True
early_stop,148,5,29.0,False
early_stop,148,8,47.0,False
early_stop,148,9,53.0,False
early_stop,148,10,59.0,False
early_stop,148,12,71.0,False
early_stop,148,13,77.0,False
early_stop,148,14,83.0,False
early_stop,148,15,89.0,False
early_stop,148,20,119.0,False
early_stop,148,4,295.0,False
early_stop,148,11,5358.715217919829,True
early_stop,148,16,5817.463754200144,True
early_stop,149,4,23.0,True
early_stop,149,9,53.0,True
early_stop,149,15,361.0,False
early_stop,149,18,379.0,True
early_stop,149,5,860.8923574222358,True
early_stop,149,10,1688.8923574222358,False
early_stop,149,17,3382.8058382570166,True
early_stop,149,13,3872.8058382570166,True
early_stop,149,1,4060.8058382570166,True
early_stop,149,3,5036.111633841479,False
early_stop,150,4,23.0,True
early_stop,150,5,29.0,False
early_stop,150,12,71.0,False
early_stop,150,8,319.0,False
early_stop,150,17,373.0,False
early_stop,150,18,379.0,True
early_stop,150,11,614.5300587432143,False
early_stop,150,14,626.5300587432143,True
early_stop,150,19,1188.5300587432143,True
early_stop,150,3,3117.038669677623,True
early_stop,150,10,3383.038669677623,False
early_stop,150,7,3607.038669677623,True
early_stop,150,15,4030.8627153636803,False
early_stop,150,6,5872.3841101167145,False
early_stop,150,2,7834.284773776776,True
early_stop,150,13,8250.204206699484,True
early_stop,151,2,11.0,False
early_stop,151,10,59.0,False
early_stop,151,11,65.0,False
early_stop,151,16,95.0,False
early_stop,151,17,101.0,False
early_stop,151,18,107.0,False
early_stop,151,14,355.0,False
early_stop,151,12,700.6891255772981,True
early_stop,151,8,974.4748134556808,True
early_stop,151,15,1004.4748134556808,False
early_stop,151,13,1246.4748134556808,True
early_stop,151,4,1513.552613132443,True
early_stop,151,7,1531.552613132443,True
early_stop,151,19,2209.5519333846573,False
early_stop,151,20,2451.5519333846573,False
early_stop,152,2,11.0,True
early_stop,152,3,17.0,True
early_stop,152,5,29.0,True
early_stop,152,6,35.0,False
early_stop,152,10,59.0,True
early_stop,152,13,77.0,False
early_stop,152,18,107.0,False
early_stop,152,20,119.0,False
early_stop,152,7,313.0,False
early_stop,152,19,385.0,True
early_stop,152,14,1987.0,False
early_stop,152,4,2926.197558978346,True
early_stop,152,12,3565.965641983986,False
early_stop,152,1,4482.75862548884,False
early_stop,152,8,4512.75862548884,True
early_stop,152,11,6307.646956781139,False
early_stop,153,4,23.0,True
early_stop,153,6,35.0,False
early_stop,153,9,53.0,False
early_stop,153,12,71.0,False
early_stop,153,16,95.0,True
early_stop,153,17,101.0,False
early_stop,153,3,289.0,True
early_stop,153,13,349.0,False
early_stop,153,18,379.0,True
early_stop,153,11,1207.4493598651138,False
early_stop,153,2,2157.671852674054,True
early_stop,153,7,2411.671852674054,False
early_stop,153,14,3561.671852674054,True
early_stop,154,1,5.0,True
early_stop,154,7,41.0,True
early_stop,154,8,47.0,True
early_stop,154,10,59.0,False
early_stop,154,18,107.0,False
early_stop,154,13,349.0,False
early_stop,154,15,361.0,True
early_stop,154,16,367.0,False
early_stop,154,17,1980.4251366786848,True
early_stop,154,5,2434.425136678685,False
early_stop,154,12,9044.808199855172,True
early_stop,155,2,11.0,False
early_stop,155,11,65.0,False
early_stop,155,13,77.0,False
early_stop,155,14,83.0,False
early_stop,155,5,301.0,True
early_stop,155,16,717.8651310823492,True
early_stop,155,8,2501.8651310823493,True
early_stop,155,17,2543.8651310823493,True
early_stop,155,20,3335.1825293428274,False
early_stop,155,4,4100.015949145965,False
early_stop,155,19,4172.015949145965,False
early_stop,155,18,4905.156245169616,True
early_stop,155,1,6318.732520136937,True
early_stop,155,10,7817.573966905898,True
early_stop,156,12,71.0,True
early_stop,156,7,313.0,False
early_stop,156,20,391.0,True
early_stop,156,8,591.0,True
early_stop,156,16,639.0,True
early_stop,156,19,657.0,True
early_stop,156,15,1721.0,False
early_stop,156,9,1951.0,False
early_stop,156,18,2675.6126585949332,True
early_stop,156,5,3421.9366921543137,True
early_stop,156,6,3427.9366921543137,True
early_stop,156,3,3645.9366921543137,True
early_stop,156,14,7070.378635074617,True
early_stop,157,2,11.0,True
early_stop,157,6,35.0,False
early_stop,157,8,47.0,True
early_stop,157,16,95.0,False
early_stop,157,17,101.0,False
early_stop,157,4,295.0,False
early_stop,157,11,337.0,False
early_stop,157,3,838.0280758292683,True
early_stop,157,18,1739.7233848750527,True
early_stop,157,15,3029.0486303981575,True
early_stop,157,12,3637.117928522865,True
early_stop,157,13,6338.6507242198195,True
early_stop,157,14,6344.6507242198195,False
early_stop,157,1,6738.6507242198195,True
early_stop,158,1,5.0,False
early_stop,158,8,47.0,False
early_stop,158,13,77.0,False
early_stop,158,16,95.0,False
early_stop,158,18,107.0,True
early_stop,158,20,119.0,True
early_stop,158,10,331.0,True
early_stop,158,11,337.0,False
early_stop,158,5,853.1043274269063,True
early_stop,158,3,2149.1468150678365,False
early_stop,158,17,3628.29468153789,True
early_stop,158,4,4491.7236414531635,False
early_stop,158,12,4782.810197153181,True
early_stop,158,14,6721.771512319532,False
early_stop,158,2,7111.177943902203,True
early_stop,159,5,29.0,False
early_stop,159,8,47.0,True
early_stop,159,15,89.0,False
early_stop,159,17,373.0,True
early_stop,159,7,851.0,True
early_stop,159,16,1603.754978220755,True
early_stop,159,18,1869.754978220755,True
early_stop,159,4,3363.4964532589293,True
early_stop,159,10,3889.4964532589293,True
early_stop,159,13,3907.4964532589293,True
early_stop,159,1,4573.231105310762,False
early_stop,159,6,4591.231105310762,True
early_stop,159,12,5099.231105310762,True
early_stop,160,4,23.0,True
early_stop,160,11,65.0,False
early_stop,160,12,71.0,False
early_stop,160,14,83.0,False
early_stop,160,16,95.0,True
early_stop,160,13,349.0,False
early_stop,160,6,590.3244136195135,False
early_stop,160,8,602.3244136195135,False
early_stop,160,9,990.6049266865614,False
early_stop,160,17,1026.6049266865614,True
early_stop,161,6,35.0,False
early_stop,161,7,41.0,False
early_stop,161,13,77.0,True
early_stop,161,14,83.0,False
early_stop,161,15,89.0,True
early_stop,161,17,101.0,True
early_stop,161,8,319.0,False
early_stop,161,11,1201.0171310202745,True
early_stop,161,1,2105.322929702119,True
early_stop,161,10,2417.438635915191,False
early_stop,161,18,2884.617155381121,True
early_stop,161,16,5689.265098796173,True
early_stop,161,12,5907.265098796173,False
early_stop,161,19,6829.890393288017,True
early_stop,162,7,41.0,False
early_stop,162,8,47.0,False
early_stop,162,13,77.0,False
early_stop,162,14,83.0,False
early_stop,162,17,101.0,True
early_stop,162,20,119.0,False
early_stop,162,5,1933.0,False
early_stop,162,10,3276.673843327013,False
early_stop,162,16,7717.815118255383,True
early_stop,162,12,8220.864829826933,True
early_stop,163,3,17.0,False
early_stop,163,6,35.0,False
early_stop,163,12,71.0,False
early_stop,163,16,95.0,False
early_stop,163,20,119.0,False
early_stop,163,4,295.0,False
early_stop,163,11,337.0,False
early_stop,163,14,355.0,False
early_stop,163,19,1013.1313942769077,False
early_stop,163,17,3045.1177467077723,True
early_stop,163,1,4213.127165513933,True
early_stop,163,15,4793.585396215864,False
early_stop,163,10,6226.12188059199,True
early_stop,163,18,7424.855666108312,True
early_stop,164,2,11.0,False
early_stop,164,13,77.0,True
early_stop,164,18,107.0,False
early_stop,164,15,361.0,False
early_stop,164,16,639.0,True
early_stop,164,9,1548.5609248446344,True
early_stop,164,10,1814.5609248446344,True
early_stop,164,17,3553.874337454411,True
early_stop,164,7,3844.3823050662772,True
early_stop,164,1,4286.382305066278,False
early_stop,165,6,35.0,False
early_stop,165,8,47.0,False
early_stop,165,14,83.0,False
early_stop,165,18,107.0,False
early_stop,165,3,289.0,False
early_stop,165,16,643.7543890726554,False
early_stop,165,7,873.2758155094743,True
early_stop,165,10,891.2758155094743,False
early_stop,165,2,1375.9363939913949,True
early_stop,165,11,5804.529321705918,True
early_stop,166,11,65.0,False
early_stop,166,17,101.0,False
early_stop,166,18,107.0,True
early_stop,166,19,113.0,False
early_stop,166,20,119.0,False
early_stop,166,10,331.0,False
early_stop,166,8,3878.1713179312533,True
early_stop,166,12,5193.442125292875,False
early_stop,166,14,5558.662101463413,False
early_stop,166,6,6580.204762831752,False
early_stop,166,1,6768.204762831752,True
early_stop,167,7,41.0,False
early_stop,167,12,71.0,True
early_stop,167,19,113.0,True
early_stop,167,20,119.0,True
early_stop,167,9,325.0,True
early_stop,167,11,337.0,True
early_stop,167,14,355.0,True
early_stop,167,18,379.0,False
early_stop,167,1,2146.248313027961,True
early_stop,167,10,2454.248313027961,True
early_stop,167,3,5097.950331095715,True
early_stop,168,4,23.0,True
early_stop,168,5,29.0,False
early_stop,168,6,35.0,False
early_stop,168,11,65.0,False
early_stop,168,14,83.0,False
early_stop,168,16,95.0,False
early_stop,168,19,113.0,False
early_stop,168,15,361.0,False
early_stop,168,13,629.3206299534871,False
early_stop,168,17,993.9069683228875,False
early_stop,168,12,1267.5390101463195,True
early_stop,168,9,3360.0662094392355,False
early_stop,168,8,3596.0662094392355,True
early_stop,168,18,4121.1872261374,True
early_stop,168,20,4127.1872261374,True
early_stop,169,6,35.0,True
early_stop,169,13,77.0,False
early_stop,169,19,113.0,True
early_stop,169,8,319.0,False
early_stop,169,9,325.0,False
early_stop,169,16,367.0,False
early_stop,169,17,373.0,True
early_stop,169,20,663.0,True
early_stop,169,5,1723.8472458024742,True
early_stop,169,4,3986.316082273538,True
early_stop,169,15,5505.847405546555,True
early_stop,169,18,5517.847405546555,True
early_stop,170,3,17.0,True
early_stop,170,5,29.0,False
early_stop,170,6,35.0,True
early_stop,170,7,41.0,False
early_stop,170,8,47.0,False
early_stop,170,10,59.0,False
early_stop,170,11,65.0,True
early_stop,170,16,95.0,False
early_stop,170,4,295.0,True
early_stop,170,12,1000.8646020615554,False
early_stop,170,18,2165.7646285277556,True
early_stop,170,13,4094.104523952641,True
early_stop,170,2,5745.795653834347,False
early_stop,170,1,6610.094135881964,True
early_stop,170,15,6834.094135881964,True
early_stop,170,19,8493.57374605592,True
early_stop,171,10,59.0,False
early_stop,171,12,71.0,True
early_stop,171,14,83.0,False
early_stop,171,2,283.0,True
early_stop,171,9,325.0,True
early_stop,171,19,657.0,True
early_stop,171,4,841.569054401715,False
early_stop,171,6,853.569054401715,False
early_stop,171,3,1115.4294839474076,False
early_stop,171,15,1181.4294839474076,False
early_stop,171,5,1481.4297640436728,True
early_stop,171,18,3828.1990712972356,False
early_stop,171,11,4857.083481465263,False
early_stop,171,13,4869.083481465263,True
early_stop,171,16,5086.4191910217,True
early_stop,171,7,5262.4191910217,True
early_stop,172,2,11.0,False
early_stop,172,7,41.0,False
early_stop,172,10,59.0,True
early_stop,172,12,71.0,False
early_stop,172,13,77.0,False
early_stop,172,20,119.0,False
early_stop,172,15,361.0,False
early_stop,172,19,842.1222719384127,True
early_stop,172,8,1836.7704751496624,True
early_stop,172,1,3694.0663449984504,True
early_stop,172,4,5406.06634499845,True
early_stop,172,9,5839.248832210704,True
early_stop,173,6,35.0,False
early_stop,173,14,83.0,False
early_stop,173,17,101.0,False
early_stop,173,19,113.0,False
early_stop,173,1,562.3461963510197,True
early_stop,173,16,646.3461963510197,False
early_stop,173,18,652.3461963510197,False
early_stop,173,13,2448.34619635102,False
early_stop,173,8,4280.771163331209,True
early_stop,173,15,4877.204665719649,True
early_stop,173,3,6367.535370091729,True
early_stop,173,12,9050.736873188293,True
early_stop,174,3,17.0,True
early_stop,174,11,65.0,True
early_stop,174,14,83.0,False
early_stop,174,1,277.0,False
early_stop,174,17,373.0,True
early_stop,174,19,928.0011307490436,False
early_stop,174,2,2422.0011307490436,False
early_stop,174,6,4149.348034553712,False
early_stop,174,9,4167.348034553712,False
early_stop,174,12,4185.348034553712,True
early_stop,174,15,4203.348034553712,False
early_stop,174,20,4227.348034553712,True
early_stop,174,7,4547.923446981717,False
early_stop,174,4,4894.292429545756,True
early_stop,174,10,4930.292429545756,True
early_stop,174,16,4960.292429545756,True
early_stop,175,1,5.0,False
early_stop,175,2,11.0,False
early_stop,175,15,89.0,True
early_stop,175,16,95.0,True
early_stop,175,8,319.0,True
early_stop,175,10,1147.0,True
early_stop,175,14,1582.5187591572555,True
early_stop,175,9,2782.261593058617,True
early_stop,175,12,3580.261593058617,True
early_stop,175,7,4348.195177827701,False
early_stop,175,19,4402.195177827701,False
early_stop,175,20,5681.373294222806,True
early_stop,175,17,6366.4023096946175,True
early_stop,176,2,11.0,False
early_stop,176,16,95.0,True
early_stop,176,19,113.0,False
early_stop,176,4,1383.0,True
early_stop,176,10,2507.0,True
early_stop,176,20,2567.0,False
early_stop,176,13,2911.702734980195,True
early_stop,176,11,3166.5973727924224,True
early_stop,176,15,3450.5973727924224,False
early_stop,176,8,5469.997119036039,True
early_stop,177,2,11.0,False
early_stop,177,5,29.0,True
early_stop,177,7,313.0,False
early_stop,177,11,337.0,False
early_stop,177,17,373.0,True
early_stop,177,18,379.0,True
early_stop,177,16,1237.7560950600775,True
early_stop,177,10,2530.8790399436175,True
early_stop,177,19,3358.8790399436175,True
early_stop,177,13,5569.329838230331,False
early_stop,177,14,5823.329838230331,False
early_stop,178,5,29.0,False
early_stop,178,11,65.0,False
early_stop,178,3,289.0,False
early_stop,178,18,2484.044365806949,True
early_stop,178,4,4255.097710788789,False
early_stop,178,2,5011.097710788789,True
early_stop,178,8,5289.097710788789,True
early_stop,178,16,6086.455187214176,False
early_stop,178,15,6328.455187214176,True
early_stop,178,20,6358.455187214176,True
early_stop,179,11,65.0,True
early_stop,179,15,89.0,True
early_stop,179,2,283.0,True
early_stop,179,10,331.0,False
early_stop,179,18,651.0,True
early_stop,179,5,1117.0,True
early_stop,179,13,1709.0,False
early_stop,179,19,2127.7649275263393,True
early_stop,179,3,3348.4756044438122,False
early_stop,179,7,3366.4756044438122,False
early_stop,179,1,4437.473458852211,False
early_stop,179,12,4491.473458852211,False
early_stop,179,16,4993.473458852211,True
early_stop,179,4,6308.541662675173,True
early_stop,179,8,6326.541662675173,True
early_stop,179,9,6726.637054155985,True
early_stop,180,2,11.0,False
early_stop,180,13,77.0,True
early_stop,180,17,101.0,False
early_stop,180,20,119.0,False
early_stop,180,1,277.0,False
early_stop,180,4,295.0,False
early_stop,180,9,325.0,True
early_stop,180,10,2467.8955194729474,False
early_stop,180,3,5656.138655313259,True
early_stop,180,15,7625.906224138499,True
early_stop,180,19,8937.663420327317,True
early_stop,181,1,5.0,False
early_stop,181,2,11.0,False
early_stop,181,4,23.0,False
early_stop,181,6,35.0,False
early_stop,181,7,41.0,False
early_stop,181,8,47.0,True
early_stop,181,10,59.0,False
early_stop,181,13,77.0,False
early_stop,181,20,119.0,False
early_stop,181,11,337.0,True
early_stop,181,18,379.0,False
early_stop,181,5,2324.063354668754,False
early_stop,181,15,3418.063354668754,False
early_stop,181,17,4807.982746464708,True
early_stop,182,1,5.0,True
early_stop,182,5,29.0,True
early_stop,182,14,83.0,False
early_stop,182,20,119.0,False
early_stop,182,11,337.0,False
early_stop,182,19,385.0,False
early_stop,182,8,591.0,True
early_stop,182,2,2127.4149074439397,True
early_stop,182,18,2465.4149074439397,True
early_stop,182,15,3626.6841542074903,True
early_stop,182,9,3962.24620044652,True
early_stop,182,16,3992.24620044652,False
early_stop,182,12,7491.212174543363,True
early_stop,183,12,71.0,False
early_stop,183,2,283.0,True
early_stop,183,15,361.0,True
early_stop,183,19,385.0,True
early_stop,183,14,1171.0,True
early_stop,183,3,1649.0,True
early_stop,183,1,1909.0,False
early_stop,183,10,3918.818417868532,False
early_stop,183,9,4402.8184178685315,False
early_stop,183,8,4638.8184178685315,False
early_stop,184,4,23.0,False
early_stop,184,8,47.0,False
early_stop,184,19,385.0,False
early_stop,184,13,620.5719625612971,True
early_stop,184,14,1158.5719625612971,True
early_stop,184,10,1457.5696706073911,True
early_stop,184,18,3682.0957562696863,False
early_stop,184,9,4384.095756269686,False
early_stop,184,12,5274.221577715772,False
early_stop,184,1,5462.221577715772,False
early_stop,184,11,5510.221577715772,False
early_stop,184,17,5776.221577715772,True
early_stop,185,3,17.0,False
early_stop,185,5,29.0,False
early_stop,185,16,95.0,False
early_stop,185,18,107.0,False
early_stop,185,19,113.0,True
early_stop,185,20,119.0,True
early_stop,185,15,361.0,False
early_stop,185,9,597.0,True
early_stop,185,17,645.0,True
early_stop,185,10,1263.2730501998026,True
early_stop,185,4,2574.9416432513926,False
early_stop,185,11,3512.9423388880255,False
early_stop,185,1,4887.067340217942,False
early_stop,185,8,4923.067340217942,False
early_stop,185,12,5893.875694872801,True
early_stop,185,7,6092.875694872801,False
early_stop,186,4,23.0,False
early_stop,186,6,35.0,True
early_stop,186,11,65.0,True
early_stop,186,15,89.0,True
early_stop,186,16,95.0,True
early_stop,186,9,716.9963334750713,False
early_stop,186,18,1025.7404821373707,False
early_stop,186,20,1037.7404821373707,False
early_stop,186,1,1449.7404821373707,True
early_stop,186,2,3343.866242603136,False
early_stop,186,17,5550.10395549598,True
early_stop,186,14,5774.10395549598,True
early_stop,187,1,5.0,False
early_stop,187,5,29.0,False
early_stop,187,13,77.0,False
early_stop,187,15,89.0,True
early_stop,187,20,119.0,False
early_stop,187,8,319.0,False
early_stop,187,12,343.0,False
early_stop,187,16,367.0,True
early_stop,187,3,5490.37215377022,True
early_stop,187,10,5520.37215377022,True
early_stop,187,19,5556.37215377022,False
early_stop,187,14,5999.264067810444,True
early_stop,188,1,5.0,False
early_stop,188,3,17.0,False
early_stop,188,6,35.0,False
early_stop,188,9,53.0,True
early_stop,188,10,59.0,False
early_stop,188,12,71.0,False
early_stop,188,13,77.0,False
early_stop,188,15,89.0,False
early_stop,188,18,107.0,False
early_stop,188,20,119.0,True
early_stop,188,2,568.0247359265339,False
early_stop,188,7,884.8647841993526,True
early_stop,188,14,920.8647841993526,True
early_stop,188,8,2552.8023476453914,True
early_stop,188,19,2800.8023476453914,True
early_stop,188,5,4837.48562576256,True
early_stop,189,9,53.0,False
early_stop,189,11,65.0,False
early_stop,189,13,77.0,True
early_stop,189,14,83.0,False
early_stop,189,15,89.0,True
early_stop,189,17,101.0,False
early_stop,189,18,107.0,False
early_stop,189,20,119.0,False
early_stop,189,4,295.0,False
early_stop,189,5,301.0,True
early_stop,189,12,343.0,False
early_stop,189,1,593.7111079750933,False
early_stop,189,3,4219.928517555954,True
early_stop,190,2,11.0,False
early_stop,190,7,41.0,False
early_stop,190,12,71.0,False
early_stop,190,16,95.0,True
early_stop,190,8,319.0,False
early_stop,190,6,584.4830907021638,False
early_stop,190,17,644.4830907021638,False
early_stop,190,13,4271.5120669004245,False
early_stop,190,3,4497.64030856095,True
early_stop,190,11,4781.64030856095,False
early_stop,191,2,11.0,True
early_stop,191,7,41.0,True
early_stop,191,10,59.0,False
early_stop,191,11,337.0,True
early_stop,191,19,385.0,True
early_stop,191,1,1637.0,True
early_stop,191,4,1927.0,True
early_stop,191,8,2767.0,False
early_stop,191,3,4147.351259773879,False
early_stop,191,13,4195.351259773879,False
early_stop,191,17,4219.351259773879,True
early_stop,191,14,4461.351259773879,True
early_stop,191,15,4467.351259773879,True
early_stop,191,20,4497.351259773879,True
early_stop,191,5,5464.944521410278,True
early_stop,191,18,5730.944521410278,True
early_stop,192,4,23.0,False
early_stop,192,5,29.0,False
early_stop,192,6,35.0,False
early_stop,192,14,83.0,False
early_stop,192,19,113.0,True
early_stop,192,11,337.0,True
early_stop,192,7,744.8682176276795,False
early_stop,192,15,2463.7325636122705,True
early_stop,192,3,2663.7325636122705,True
early_stop,192,10,3557.9616192247463,True
early_stop,192,20,4751.35614931818,True
early_stop,192,18,4969.35614931818,True
early_stop,193,7,41.0,False
early_stop,193,10,59.0,True
early_stop,193,11,65.0,True
early_stop,193,17,101.0,False
early_stop,193,5,301.0,True
early_stop,193,16,694.0269331918488,True
early_stop,193,18,706.0269331918488,True
early_stop,193,4,3101.820406646455,True
early_stop,193,9,3373.820406646455,False
early_stop,193,3,4920.72082516438,False
early_stop,193,15,5459.988946751115,True
early_stop,193,8,5900.319771664725,False
early_stop,193,6,6596.682641303952,False
early_stop,193,1,8047.389937369811,False
early_stop,194,3,17.0,True
early_stop,194,5,29.0,False
early_stop,194,8,47.0,True
early_stop,194,10,59.0,True
early_stop,194,13,77.0,False
early_stop,194,16,95.0,True
early_stop,194,19,113.0,True
early_stop,194,12,343.0,True
early_stop,194,17,373.0,True
early_stop,194,18,379.0,True
early_stop,194,20,391.0,True
early_stop,194,7,862.0513765070016,True
early_stop,194,1,2156.051376507002,True
early_stop,194,2,2454.3041435836044,False
early_stop,194,9,4153.02939415547,True
early_stop,194,15,4189.02939415547,False
early_stop,195,5,29.0,False
early_stop,195,10,59.0,False
early_stop,195,11,65.0,False
early_stop,195,12,71.0,False
early_stop,195,13,77.0,False
early_stop,195,17,101.0,False
early_stop,195,19,113.0,False
early_stop,195,2,283.0,True
early_stop,195,4,2071.2094829789157,False
early_stop,195,14,2113.2094829789157,False
early_stop,195,6,2337.2094829789157,True
early_stop,195,20,4486.5778896486,True
early_stop,195,18,5086.600596635818,False
early_stop,195,7,5733.116955453539,False
early_stop,196,1,5.0,False
early_stop,196,13,77.0,False
early_stop,196,14,83.0,True
early_stop,196,17,101.0,False
early_stop,196,2,283.0,False
early_stop,196,9,325.0,False
early_stop,196,11,337.0,True
early_stop,196,15,361.0,True
early_stop,196,5,877.990183898113,False
early_stop,196,10,907.990183898113,False
early_stop,196,3,4355.115906907581,False
early_stop,196,7,5087.115906907581,True
early_stop,196,20,5378.424258955667,True
early_stop,196,8,5560.424258955667,False
early_stop,196,12,6414.376636660142,True
early_stop,197,2,11.0,True
early_stop,197,4,23.0,False
early_stop,197,11,65.0,False
early_stop,197,17,101.0,False
early_stop,197,19,113.0,False
early_stop,197,15,361.0,False
early_stop,197,1,906.7270426406354,False
early_stop,197,6,930.7270426406354,True
early_stop,197,8,942.7270426406354,False
early_stop,197,10,954.7270426406354,False
early_stop,197,14,2620.722135411204,False
early_stop,197,7,4177.4215366447615,False
early_stop,197,20,4231.4215366447615,False
early_stop,197,5,5325.708032016765,True
early_stop,198,4,23.0,False
early_stop,198,5,29.0,False
early_stop,198,7,41.0,False
early_stop,198,9,53.0,False
early_stop,198,15,89.0,False
early_stop,198,19,113.0,False
early_stop,198,16,367.0,False
early_stop,198,18,3928.7372721624006,True
early_stop,198,20,3934.7372721624006,False
early_stop,198,1,4970.737272162401,True
early_stop,199,6,307.0,True
early_stop,199,12,343.0,False
early_stop,199,18,379.0,True
early_stop,199,19,657.0,True
early_stop,199,4,845.3928570019696,True
early_stop,199,9,1939.3928570019696,True
early_stop,199,20,2316.546982453039,False
early_stop,199,13,2540.546982453039,False
early_stop,199,10,3187.3211536740523,True
early_stop,199,5,4131.321153674053,False
early_stop,199,16,4185.321153674053,False
early_stop,199,1,7747.514109477407,True
early_stop,200,7,41.0,True
early_stop,200,12,71.0,False
early_stop,200,15,89.0,False
early_stop,200,5,301.0,True
early_stop,200,19,385.0,False
early_stop,200,8,2767.0,False
early_stop,200,16,3091.6592038147583,False
early_stop,200,1,5524.1181819633875,False
early_stop,200,9,6577.839857716381,True
early_stop,200,3,8162.267416124926,True
early_stop,201,8,47.0,False
early_stop,201,10,331.0,False
early_stop,201,12,343.0,True
early_stop,201,20,391.0,False
early_stop,201,13,2536.030209724836,False
early_stop,201,19,2832.030209724836,True
early_stop,201,11,5219.750492263432,True
early_stop,201,1,6449.340279143794,True
early_stop,201,14,6503.340279143794,True
early_stop,201,16,7729.844728210188,True
early_stop,202,1,5.0,True
early_stop,202,4,23.0,True
early_stop,202,11,65.0,True
early_stop,202,16,95.0,True
early_stop,202,17,101.0,True
early_stop,202,6,307.0,True
early_stop,202,13,349.0,False
early_stop,202,14,355.0,False
early_stop,202,18,379.0,False
early_stop,202,7,593.6795768189145,False
early_stop,202,20,665.6795768189145,False
early_stop,202,12,2143.0000454367196,True
early_stop,202,2,3402.4026221896215,False
early_stop,202,8,5508.7601238587695,True
early_stop,202,19,6245.846248206753,True
early_stop,203,2,11.0,False
early_stop,203,14,83.0,True
early_stop,203,7,313.0,True
early_stop,203,10,2235.0,True
early_stop,203,16,2571.8806649390785,True
early_stop,203,4,2771.8806649390785,True
early_stop,203,12,3759.4830465568734,False
early_stop,203,1,5683.639499480415,True
early_stop,203,17,6215.639499480415,True
early_stop,203,9,6594.959624577291,False
early_stop,204,3,17.0,False
early_stop,204,8,47.0,False
early_stop,204,10,59.0,False
early_stop,204,14,83.0,False
early_stop,204,20,119.0,False
early_stop,204,13,349.0,False
early_stop,204,5,884.8762152080229,True
early_stop,204,6,890.8762152080229,True
early_stop,204,19,956.8762152080229,True
early_stop,204,18,1990.876215208023,False
early_stop,204,7,3787.623122642162,True
early_stop,204,16,3829.623122642162,True
early_stop,204,2,4377.873768781342,True
early_stop,205,9,53.0,False
early_stop,205,16,95.0,False
early_stop,205,18,107.0,False
early_stop,205,20,119.0,True
early_stop,205,4,295.0,False
early_stop,205,12,771.2451646488349,True
early_stop,205,17,795.2451646488349,False
early_stop,205,19,1324.7063077082125,True
early_stop,205,2,1748.7063077082125,True
early_stop,205,3,1754.7063077082125,False
early_stop,205,13,2532.430006153659,True
early_stop,205,14,3514.0682993701134,False
early_stop,205,15,8928.209067467305,True
early_stop,206,3,17.0,True
early_stop,206,9,53.0,False
early_stop,206,17,101.0,False
early_stop,206,20,119.0,True
early_stop,206,6,307.0,True
early_stop,206,10,603.0,True
early_stop,206,4,1383.0,False
early_stop,206,5,2427.522043786479,False
early_stop,206,8,3482.6165501291266,False
early_stop,206,18,4965.7221687347,True
early_stop,207,6,35.0,False
early_stop,207,12,71.0,False
early_stop,207,14,83.0,False
early_stop,207,15,89.0,False
early_stop,207,20,119.0,True
early_stop,207,1,277.0,True
early_stop,207,10,331.0,False
early_stop,207,19,385.0,True
early_stop,207,18,676.1072745698193,False
early_stop,207,3,1929.0227776307252,False
early_stop,207,16,2750.8131483668335,False
early_stop,207,8,3068.0044088060145,True
early_stop,207,2,4371.154766674741,False
early_stop,207,17,8280.284304821524,True
early_stop,208,9,53.0,False
early_stop,208,11,65.0,False
early_stop,208,13,349.0,True
early_stop,208,15,361.0,False
early_stop,208,14,3373.9225472839066,True
early_stop,208,5,3845.9225472839066,True
early_stop,208,6,3851.9225472839066,True
early_stop,208,7,3857.9225472839066,True
early_stop,208,17,4165.922547283906,True
early_stop,208,12,5125.327955939765,True
early_stop,208,2,5575.0638393929585,True
early_stop,208,8,6576.262990220726,True
early_stop,209,1,5.0,False
early_stop,209,2,11.0,False
early_stop,209,4,23.0,False
early_stop,209,17,101.0,False
early_stop,209,3,561.0,True
early_stop,209,10,1691.0,False
early_stop,209,7,1945.0,True
early_stop,209,16,1999.0,True
early_stop,209,13,2732.024431371521,True
early_stop,209,14,5215.842341137713,False
early_stop,209,12,5717.846402969728,False
early_stop,209,15,5735.846402969728,False
early_stop,209,19,8065.645135929547,True
early_stop,209,6,8712.81722024401,True
early_stop,210,1,5.0,False
early_stop,210,4,23.0,False
early_stop,210,6,35.0,False
early_stop,210,10,59.0,False
early_stop,210,17,101.0,False
early_stop,210,20,119.0,False
early_stop,210,13,349.0,True
early_stop,210,19,385.0,False
early_stop,210,8,650.8390319721295,True
early_stop,210,2,3834.161824657202,False
early_stop,210,3,5977.011187525123,True
early_stop,210,9,6461.011187525123,True
early_stop,210,11,6706.067813918292,False
early_stop,211,1,5.0,True
early_stop,211,5,29.0,False
early_stop,211,7,41.0,False
early_stop,211,9,53.0,False
early_stop,211,10,59.0,True
early_stop,211,13,77.0,False
early_stop,211,3,289.0,False
early_stop,211,8,319.0,True
early_stop,211,17,373.0,True
early_stop,211,20,391.0,False
early_stop,211,12,1263.3777222881245,False
early_stop,211,11,3307.355074697085,True
early_stop,211,15,5513.7373824941,True
early_stop,211,16,6671.7373824941,True
early_stop,212,10,59.0,False
early_stop,212,15,89.0,False
early_stop,212,18,107.0,False
early_stop,212,19,113.0,False
early_stop,212,5,301.0,False
early_stop,212,9,325.0,True
early_stop,212,2,657.3900161232635,True
early_stop,212,3,1045.661844133058,False
early_stop,212,12,1093.661844133058,True
early_stop,212,6,1332.6987298871954,True
early_stop,212,20,1945.9778756432102,True
early_stop,212,1,3614.523698684174,True
early_stop,212,16,6776.055059802198,True
early_stop,213,6,35.0,False
early_stop,213,14,83.0,False
early_stop,213,16,95.0,False
early_stop,213,1,277.0,True
early_stop,213,3,567.2555535166073,False
early_stop,213,9,603.2555535166073,True
early_stop,213,20,929.2555535166073,True
early_stop,213,8,1129.2555535166073,True
early_stop,213,7,1389.2555535166073,True
early_stop,213,10,3003.963166602356,True
early_stop,213,5,6870.8515527107775,True
early_stop,214,1,5.0,False
early_stop,214,4,23.0,False
early_stop,214,5,29.0,False
early_stop,214,10,59.0,False
early_stop,214,3,289.0,False
early_stop,214,15,361.0,False
early_stop,214,12,892.7830791123545,False
early_stop,214,14,904.7830791123545,False
early_stop,214,20,2043.028269139927,False
early_stop,214,13,3969.7659609501884,False
early_stop,214,2,4227.543676114687,True
early_stop,214,6,4799.454833907674,True
early_stop,214,8,5917.983250168361,True
early_stop,214,7,7049.45144830783,True
early_stop,215,3,17.0,False
early_stop,215,4,23.0,False
early_stop,215,8,47.0,False
early_stop,215,10,59.0,True
early_stop,215,7,313.0,False
early_stop,215,11,337.0,False
early_stop,215,5,3007.7190946201217,False
early_stop,215,9,3025.7190946201217,False
early_stop,215,1,5705.191713953006,False
early_stop,215,20,5801.191713953006,True
early_stop,216,1,5.0,False
early_stop,216,5,29.0,False
early_stop,216,6,35.0,True
early_stop,216,19,113.0,False
early_stop,216,4,295.0,False
early_stop,216,10,331.0,False
early_stop,216,9,597.0,True
early_stop,216,20,1025.1650068645354,False
early_stop,216,15,2775.220922261757,False
early_stop,216,14,3005.220922261757,True
early_stop,216,17,3516.468322305383,True
early_stop,216,8,4426.0713886776675,False
early_stop,216,7,6524.44166440971,True
early_stop,216,18,6809.0341382410625,True
early_stop,216,2,6967.0341382410625,True
early_stop,216,16,7003.0341382410625,True
early_stop,217,6,35.0,False
early_stop,217,18,107.0,True
early_stop,217,19,113.0,True
early_stop,217,20,119.0,False
early_stop,217,4,295.0,False
early_stop,217,7,313.0,True
early_stop,217,12,887.0,True
early_stop,217,3,1105.0,True
early_stop,217,8,1135.0,True
early_stop,217,15,1486.9588288815628,False
early_stop,217,5,1838.5077361381004,True
early_stop,217,9,4200.817361117779,True
early_stop,218,4,23.0,False
early_stop,218,8,47.0,True
early_stop,218,9,53.0,False
early_stop,218,12,71.0,False
early_stop,218,14,83.0,True
early_stop,218,19,113.0,True
early_stop,218,20,119.0,True
early_stop,218,6,579.0,True
early_stop,218,11,609.0,True
early_stop,218,1,837.7678635347032,True
early_stop,218,18,933.7678635347032,True
early_stop,218,7,5516.766034541013,True
early_stop,219,5,29.0,False
early_stop,219,9,53.0,True
early_stop,219,13,77.0,True
early_stop,219,17,101.0,False
early_stop,219,2,283.0,True
early_stop,219,4,295.0,False
early_stop,219,14,355.0,False
early_stop,219,3,1738.4460544199053,True
early_stop,219,20,2479.404227383498,True
early_stop,219,7,2655.404227383498,True
early_stop,219,8,3893.702217902696,False
early_stop,219,11,3911.702217902696,True
early_stop,219,12,4389.702217902695,False
early_stop,219,1,4813.702217902695,True
early_stop,219,6,5299.100205973689,False
early_stop,220,3,17.0,True
early_stop,220,7,41.0,False
early_stop,220,8,47.0,False
early_stop,220,10,59.0,False
early_stop,220,12,71.0,False
early_stop,220,14,83.0,False
early_stop,220,15,89.0,False
early_stop,220,19,113.0,False
early_stop,220,20,119.0,False
early_stop,220,6,307.0,True
early_stop,220,13,349.0,False
early_stop,220,16,646.969606366674,True
early_stop,220,17,652.969606366674,True
early_stop,220,4,840.969606366674,True
early_stop,220,9,5154.491435290503,True
early_stop,221,3,17.0,False
early_stop,221,6,35.0,False
early_stop,221,8,47.0,False
early_stop,221,13,77.0,False
early_stop,221,14,83.0,False
early_stop,221,16,95.0,False
early_stop,221,17,101.0,False
early_stop,221,9,325.0,False
early_stop,221,10,331.0,True
early_stop,221,20,773.3870907613821,False
early_stop,221,18,1033.0906249765594,False
early_stop,222,7,41.0,True
early_stop,222,11,65.0,False
early_stop,222,12,71.0,False
early_stop,222,13,77.0,False
early_stop,222,14,83.0,False
early_stop,222,15,89.0,False
early_stop,222,17,101.0,False
early_stop,222,16,367.0,False
early_stop,222,19,385.0,False
early_stop,222,2,568.429361489093,True
early_stop,222,4,1942.697955468627,True
early_stop,222,10,2928.1899413541237,True
early_stop,222,20,2964.1899413541237,True
early_stop,222,18,4398.66174531057,True
early_stop,222,1,4890.431221069126,False
early_stop,222,8,6765.0003587741885,True
early_stop,223,19,113.0,True
early_stop,223,12,343.0,False
early_stop,223,4,1770.9933617048268,True
early_stop,223,1,2284.993361704827,False
early_stop,223,17,2374.993361704827,False
early_stop,223,15,3316.8496806352823,True
early_stop,223,10,3800.8496806352823,True
early_stop,223,11,3806.8496806352823,True
early_stop,223,13,4672.125191876734,True
early_stop,223,6,5326.169714684273,True
early_stop,223,9,6703.957019800469,True
early_stop,223,7,6915.957019800469,True
early_stop,224,3,17.0,True
early_stop,224,4,23.0,True
early_stop,224,9,53.0,False
early_stop,224,1,277.0,False
early_stop,224,20,391.0,False
early_stop,224,11,1944.7590606745734,False
early_stop,224,8,2186.7590606745734,True
early_stop,224,18,3986.2802952951706,True
early_stop,224,15,6215.884848274852,False
early_stop,224,7,7468.271618143301,True
early_stop,225,1,5.0,False
early_stop,225,5,29.0,False
early_stop,225,6,35.0,True
early_stop,225,10,59.0,False
early_stop,225,13,77.0,False
early_stop,225,14,83.0,True
early_stop,225,15,89.0,False
early_stop,225,18,107.0,False
early_stop,225,7,313.0,False
early_stop,225,16,764.0178491081172,True
early_stop,225,3,1457.8964725767773,True
early_stop,225,20,2999.3460713645354,True
early_stop,225,2,4131.346071364535,True
early_stop,225,12,4173.346071364535,True
early_stop,225,8,4411.4719887225065,True
early_stop,226,8,47.0,False
early_stop,226,12,71.0,False
early_stop,226,13,77.0,False
early_stop,226,18,107.0,False
early_stop,226,10,608.7817818015294,True
early_stop,226,6,5426.367436268887,True
early_stop,226,9,5438.367436268887,False
early_stop,226,15,5462.367436268887,True
early_stop,226,19,5486.367436268887,True
early_stop,226,20,5492.367436268887,False
early_stop,226,2,5656.367436268887,False
early_stop,226,7,5686.367436268887,True
early_stop,226,17,8399.011147202778,True
early_stop,227,2,11.0,True
early_stop,227,3,17.0,False
early_stop,227,14,83.0,False
early_stop,227,12,886.0243015764228,False
early_stop,227,15,904.0243015764228,False
early_stop,227,1,1890.0243015764227,False
early_stop,227,13,3032.5270653521006,True
early_stop,227,8,4877.58554226348,False
early_stop,227,20,4943.58554226348,True
early_stop,227,4,5261.668023787227,True
early_stop,227,19,5587.668023787227,False
early_stop,227,5,7005.700904949411,True
early_stop,227,7,7017.700904949411,True
early_stop,228,2,11.0,False
early_stop,228,4,23.0,False
early_stop,228,5,29.0,False
early_stop,228,7,41.0,False
early_stop,228,10,59.0,False
early_stop,228,17,101.0,False
early_stop,228,19,113.0,False
early_stop,228,3,289.0,True
early_stop,228,6,307.0,False
early_stop,228,20,391.0,True
early_stop,228,8,1658.6034300075612,True
early_stop,228,11,1676.6034300075612,False
early_stop,228,16,2641.337920663203,True
early_stop,228,12,3410.22708000394,False
early_stop,228,15,7329.907952778867,True
early_stop,228,18,7523.907952778867,True
early_stop,229,1,5.0,False
early_stop,229,3,17.0,False
early_stop,229,4,23.0,False
early_stop,229,17,101.0,True
early_stop,229,18,107.0,False
early_stop,229,20,119.0,False
early_stop,229,5,301.0,False
early_stop,229,8,1407.0,True
early_stop,229,16,3077.3523354432655,False
early_stop,229,19,3089.3523354432655,False
early_stop,229,11,4499.3523354432655,True
early_stop,229,9,5449.3523354432655,False
early_stop,229,14,5473.3523354432655,False
early_stop,229,10,6034.396745531316,True
early_stop,230,11,65.0,False
early_stop,230,16,95.0,False
early_stop,230,17,101.0,False
early_stop,230,7,313.0,True
early_stop,230,12,647.5972237851482,True
early_stop,230,6,883.5972237851482,True
early_stop,230,13,1231.3038539257352,True
early_stop,230,15,1778.9091450111687,True
early_stop,230,9,2093.021314540879,True
early_stop,230,1,2449.153853810595,False
early_stop,230,18,3597.8135006117336,True
early_stop,230,14,3821.8135006117336,True
early_stop,230,5,5189.245861297321,True
early_stop,230,10,5213.245861297321,False
early_stop,230,8,5491.168441102104,False
early_stop,231,3,17.0,False
early_stop,231,4,23.0,False
early_stop,231,8,47.0,False
early_stop,231,11,65.0,False
early_stop,231,14,83.0,False
early_stop,231,19,113.0,True
early_stop,231,9,325.0,True
early_stop,231,17,373.0,False
early_stop,231,13,621.0,True
early_stop,231,5,1389.0,True
early_stop,231,1,2975.9063337175116,False
early_stop,231,16,3053.9063337175116,True
early_stop,231,18,3065.9063337175116,False
early_stop,231,6,3281.9777188103903,False
early_stop,231,7,4696.138926598816,True
early_stop,231,10,5625.320198678834,True
early_stop,232,2,11.0,True
early_stop,232,4,23.0,False
early_stop,232,8,47.0,False
early_stop,232,14,83.0,False
early_stop,232,16,95.0,False
early_stop,232,17,101.0,True
early_stop,232,9,597.0,True
early_stop,232,3,1921.0,True
early_stop,232,7,3943.6795145504775,False
early_stop,232,18,4246.598129065401,True
early_stop,232,13,5462.598129065401,True
early_stop,232,5,7341.533894305065,True
early_stop,233,7,41.0,False
early_stop,233,11,65.0,True
early_stop,233,12,71.0,True
early_stop,233,13,77.0,True
early_stop,233,14,83.0,False
early_stop,233,4,295.0,True
early_stop,233,5,301.0,True
early_stop,233,6,307.0,True
early_stop,233,15,361.0,True
early_stop,233,20,391.0,True
early_stop,233,2,960.3427328143875,False
early_stop,233,17,1038.3427328143875,False
early_stop,233,1,1585.274132606275,True
early_stop,233,16,2766.5112354520707,True
early_stop,233,8,4076.6602966951305,True
early_stop,234,4,23.0,False
early_stop,234,5,29.0,True
early_stop,234,6,35.0,False
early_stop,234,17,101.0,True
early_stop,234,2,283.0,False
early_stop,234,8,623.3638918659525,False
early_stop,234,13,653.3638918659525,False
early_stop,234,16,937.3678620393667,True
early_stop,234,11,2263.691083203885,True
early_stop,234,18,2805.801662777464,True
early_stop,234,14,5177.557345954424,True
early_stop,234,9,6192.0477661954465,True
early_stop,235,1,5.0,False
early_stop,235,8,47.0,True
early_stop,235,17,101.0,False
early_stop,235,18,107.0,False
early_stop,235,2,283.0,False
early_stop,235,5,301.0,False
early_stop,235,12,343.0,True
early_stop,235,15,665.5161743993145,True
early_stop,235,19,1047.5075840364564,True
early_stop,235,16,2060.461438500056,True
early_stop,235,3,4480.368782766709,True
early_stop,235,20,5466.4090057633,True
early_stop,236,5,29.0,True
early_stop,236,7,41.0,False
early_stop,236,13,77.0,False
early_stop,236,18,107.0,False
early_stop,236,12,343.0,True
early_stop,236,14,355.0,False
early_stop,236,11,614.0529407184054,False
early_stop,236,15,632.0529407184054,False
early_stop,236,19,922.0529407184054,True
early_stop,236,17,1176.0529407184054,True
early_stop,236,10,1869.31370657239,True
early_stop,236,16,2740.2928416960535,True
early_stop,236,20,3460.2928416960535,False
early_stop,236,9,4018.260049202475,True
early_stop,236,3,4212.260049202475,True
early_stop,237,1,5.0,False
early_stop,237,4,23.0,False
early_stop,237,11,65.0,True
early_stop,237,12,71.0,True
early_stop,237,14,83.0,False
early_stop,237,2,283.0,True
early_stop,237,3,289.0,False
early_stop,237,9,603.6738298105921,True
early_stop,237,13,627.6738298105921,False
early_stop,237,15,1450.251826766481,True
early_stop,237,16,1456.251826766481,False
early_stop,237,8,1668.251826766481,False
early_stop,237,7,2270.781843486208,True
early_stop,237,6,6870.69270511259,True
early_stop,238,2,11.0,True
early_stop,238,8,47.0,False
early_stop,238,14,83.0,False
early_stop,238,15,89.0,True
early_stop,238,17,101.0,True
early_stop,238,12,1975.0,True
early_stop,238,11,2960.1856921354793,False
early_stop,238,18,2996.1856921354793,True
early_stop,238,19,3002.1856921354793,False
early_stop,238,3,5398.340759724282,True
early_stop,238,6,5416.340759724282,False
early_stop,238,9,5428.340759724282,False
early_stop,238,1,5616.340759724282,False
early_stop,238,16,5676.340759724282,True
early_stop,238,20,5682.340759724282,False
early_stop,238,13,6849.301731198686,True
early_stop,239,1,5.0,False
early_stop,239,6,35.0,False
early_stop,239,15,89.0,False
early_stop,239,19,113.0,False
early_stop,239,4,295.0,True
early_stop,239,7,1915.0,True
early_stop,239,14,1957.0,False
early_stop,239,18,3067.0049608946265,True
early_stop,239,20,3079.0049608946265,True
early_stop,239,5,5958.268796703605,True
early_stop,240,1,5.0,False
early_stop,240,2,11.0,True
early_stop,240,3,17.0,False
early_stop,240,9,53.0,True
early_stop,240,10,59.0,True
early_stop,240,15,89.0,True
early_stop,240,20,119.0,False
early_stop,240,8,319.0,False
early_stop,240,12,343.0,True
early_stop,240,11,609.0,True
early_stop,240,19,1973.5702278947167,False
early_stop,240,18,3428.0649079097143,True
early_stop,240,17,3664.0649079097143,True
early_stop,240,5,6324.062489649792,True
early_stop,240,6,6762.057326292042,True
early_stop,240,13,6986.205507390318,True
early_stop,241,2,11.0,True
early_stop,241,4,23.0,False
early_stop,241,6,35.0,True
early_stop,241,10,59.0,False
early_stop,241,12,71.0,False
early_stop,241,15,89.0,True
early_stop,241,17,101.0,True
early_stop,241,18,107.0,False
early_stop,241,16,367.0,False
early_stop,241,9,591.0,True
early_stop,241,14,882.4735785768054,True
early_stop,241,3,1121.9214888187284,True
early_stop,241,5,1127.9214888187284,False
early_stop,241,11,2429.963112725736,False
early_stop,241,8,8586.865173538064,True
early_stop,242,4,23.0,True
early_stop,242,16,95.0,False
early_stop,242,19,113.0,False
early_stop,242,20,119.0,True
early_stop,242,9,325.0,False
early_stop,242,7,597.3530891413698,False
early_stop,242,6,1123.3530891413698,True
early_stop,242,1,3585.5636926536076,False
early_stop,242,14,3645.5636926536076,False
early_stop,242,5,4694.315233362814,False
early_stop,242,11,4942.315233362814,False
early_stop,242,17,4972.315233362814,False
early_stop,243,2,11.0,True
early_stop,243,4,23.0,False
early_stop,243,13,77.0,False
early_stop,243,6,307.0,True
early_stop,243,11,337.0,True
early_stop,243,18,651.2551886845587,False
early_stop,243,10,1301.66271525538,True
early_stop,243,5,1537.66271525538,True
early_stop,243,16,2382.104255796687,True
early_stop,243,1,4994.7676179025,False
early_stop,243,14,5054.7676179025,False
early_stop,243,15,5060.7676179025,False
early_stop,243,17,5470.906519528546,True
early_stop,243,3,5646.906519528546,True
early_stop,244,3,17.0,False
early_stop,244,5,29.0,False
early_stop,244,7,41.0,True
early_stop,244,12,71.0,False
early_stop,244,15,89.0,False
early_stop,244,17,101.0,True
early_stop,244,4,295.0,True
early_stop,244,6,307.0,False
early_stop,244,13,349.0,True
early_stop,244,2,4143.6298101594075,True
early_stop,244,19,4209.6298101594075,True
early_stop,244,8,4391.6298101594075,False
early_stop,244,18,4916.503241546283,False
early_stop,244,14,5133.600087905184,True
early_stop,244,16,7024.403148622751,True
early_stop,244,11,7819.856190137371,True
early_stop,245,12,71.0,False
early_stop,245,19,113.0,False
early_stop,245,1,277.0,True
early_stop,245,3,289.0,False
early_stop,245,10,331.0,False
early_stop,245,11,337.0,False
early_stop,245,16,639.0,True
early_stop,245,8,878.0374784980725,True
early_stop,245,15,914.0374784980725,True
early_stop,245,20,3470.2224213499762,True
early_stop,245,13,5692.642235454104,True
early_stop,246,17,373.0,False
early_stop,246,10,1697.7805115264557,True
early_stop,246,13,1715.7805115264557,False
early_stop,246,20,2017.7805115264557,True
early_stop,246,3,2453.7805115264555,True
early_stop,246,12,2507.7805115264555,True
early_stop,246,16,3551.8055901386847,False
early_stop,246,15,4337.7783849435455,True
early_stop,246,6,5130.005047076443,True
early_stop,246,9,6762.813668779216,True
early_stop,247,4,23.0,True
early_stop,247,5,29.0,False
early_stop,247,7,41.0,False
early_stop,247,3,289.0,False
early_stop,247,10,331.0,True
early_stop,247,11,337.0,False
early_stop,247,13,621.0,True
early_stop,247,12,1242.0930664402154,False
early_stop,247,19,1550.0930664402154,False
early_stop,247,1,2034.6887554438488,False
early_stop,247,2,4335.208945501491,False
early_stop,247,6,4347.208945501491,True
early_stop,247,16,4389.208945501491,True
early_stop,248,12,71.0,False
early_stop,248,14,83.0,False
early_stop,248,2,283.0,True
early_stop,248,6,307.0,True
early_stop,248,7,313.0,False
early_stop,248,16,911.0,True
early_stop,248,19,929.0,True
early_stop,248,5,2984.267266609611,True
early_stop,248,11,3020.267266609611,False
early_stop,248,15,3286.267266609611,True
early_stop,248,4,5018.223418001519,True
early_stop,248,10,5042.223418001519,False
early_stop,248,17,5066.223418001519,True
early_stop,248,20,6683.354940160168,True
early_stop,248,18,8276.40393005282,True
early_stop,248,8,8592.256178156123,True
early_stop,249,1,5.0,True
early_stop,249,9,53.0,True
early_stop,249,19,113.0,True
early_stop,249,13,349.0,False
early_stop,249,15,361.0,True
early_stop,249,6,1138.3663600888626,True
early_stop,249,2,3322.7703404790473,True
early_stop,249,20,3678.7703404790473,True
early_stop,249,16,3914.7703404790473,False
early_stop,249,17,6131.7798934917755,True
early_stop,249,7,7009.7798934917755,True
early_stop,249,14,7751.201533838761,True
early_stop,250,11,65.0,False
early_stop,250,17,101.0,False
early_stop,250,18,107.0,False
early_stop,250,19,113.0,False
early_stop,250,3,289.0,True
early_stop,250,5,301.0,False
early_stop,250,13,349.0,False
early_stop,250,8,596.4751229309456,True
early_stop,250,4,3031.896051096478,True
early_stop,250,7,3297.896051096478,False
early_stop,250,9,4922.583138242635,True
early_stop,250,6,5370.583138242635,True
early_stop,250,2,8656.718819576796,True
early_stop,251,5,29.0,False
early_stop,251,11,65.0,False
early_stop,251,16,95.0,False
early_stop,251,17,101.0,True
early_stop,251,12,343.0,False
early_stop,251,13,349.0,False
early_stop,251,15,361.0,False
early_stop,251,7,585.0,True
early_stop,251,4,1903.0,True
early_stop,251,2,2703.861241079829,True
early_stop,251,19,3041.250722926681,True
early_stop,251,14,4716.32714891419,True
early_stop,251,8,7576.426949277497,True
early_stop,252,5,29.0,True
early_stop,252,6,35.0,False
early_stop,252,7,41.0,False
early_stop,252,10,59.0,True
early_stop,252,13,77.0,True
early_stop,252,15,89.0,False
early_stop,252,2,283.0,False
early_stop,252,1,1083.800121002965,False
early_stop,252,4,1101.800121002965,True
early_stop,252,8,1113.800121002965,False
early_stop,252,14,1143.800121002965,True
early_stop,252,18,1167.800121002965,False
early_stop,252,20,1179.800121002965,True
early_stop,252,19,4193.803599916097,True
early_stop,252,11,4883.000314187662,True
early_stop,252,17,7663.802030120069,True
early_stop,253,15,89.0,False
early_stop,253,17,101.0,False
early_stop,253,8,319.0,False
early_stop,253,13,349.0,True
early_stop,253,20,391.0,False
early_stop,253,3,1983.931368762134,False
early_stop,253,5,1995.931368762134,True
early_stop,253,9,2013.931368762134,False
early_stop,253,6,2273.4912770597994,True
early_stop,253,14,2686.086722211614,True
early_stop,253,19,5064.125502263252,False
early_stop,253,18,5294.125502263252,True
early_stop,253,2,5700.125502263252,False
early_stop,253,16,7697.082724438231,True
early_stop,254,8,47.0,False
early_stop,254,11,65.0,True
early_stop,254,6,307.0,False
early_stop,254,12,343.0,True
early_stop,254,18,379.0,False
early_stop,254,7,857.0,True
early_stop,254,17,1856.302451252019,True
early_stop,254,1,2546.3024512520187,True
early_stop,254,14,3603.788029432354,True
early_stop,254,9,5280.124210400158,False
early_stop,254,3,5486.124210400158,True
early_stop,254,19,5776.124210400158,False
early_stop,255,15,89.0,False
early_stop,255,19,113.0,False
early_stop,255,9,325.0,False
early_stop,255,13,349.0,False
early_stop,255,2,957.265446832856,True
early_stop,255,20,1053.265446832856,True
early_stop,255,16,3114.2908882257416,False
early_stop,255,11,3350.2908882257416,True
early_stop,255,5,4336.290888225742,True
early_stop,255,12,8223.616824981378,True
early_stop,256,2,11.0,True
early_stop,256,4,23.0,False
early_stop,256,6,35.0,False
early_stop,256,9,53.0,True
early_stop,256,10,59.0,False
early_stop,256,12,71.0,False
early_stop,256,14,83.0,True
early_stop,256,3,289.0,False
early_stop,256,13,349.0,False
early_stop,256,7,666.6343352822141,False
early_stop,256,5,1746.486369242135,True
early_stop,256,8,2959.4634041908307,False
early_stop,256,17,7781.660292879989,True
early_stop,257,1,5.0,False
early_stop,257,3,17.0,False
early_stop,257,12,71.0,False
early_stop,257,17,101.0,False
early_stop,257,4,630.9501580392377,False
early_stop,257,7,648.9501580392377,False
early_stop,257,15,3519.4952794947308,False
early_stop,257,10,3979.4952794947308,False
early_stop,257,8,4221.389966297129,False
early_stop,257,9,4227.389966297129,False
early_stop,257,14,5306.661689047598,False
early_stop,257,20,7436.26443910033,True
early_stop,258,5,29.0,True
early_stop,258,13,77.0,False
early_stop,258,14,83.0,False
early_stop,258,16,95.0,True
early_stop,258,15,361.0,False
early_stop,258,4,579.4979837278362,False
early_stop,258,18,2696.4399560218158,True
early_stop,258,20,3581.7116787722853,True
early_stop,258,11,3799.7116787722853,True
early_stop,258,10,4773.377626950523,True
early_stop,258,3,5041.655449630985,False
early_stop,258,19,5101.655449630985,False
early_stop,258,6,5283.655449630985,False
early_stop,258,1,6756.5847140547685,True
early_stop,258,7,8269.038499595195,True
early_stop,259,1,5.0,True
early_stop,259,3,17.0,False
early_stop,259,8,47.0,True
early_stop,259,14,83.0,False
early_stop,259,15,89.0,False
early_stop,259,9,740.472657995504,False
early_stop,259,2,3994.8201571730933,True
early_stop,259,18,4546.885976783777,True
early_stop,259,13,6386.022767426652,True
early_stop,259,16,7548.730654417409,True
early_stop,260,2,11.0,True
early_stop,260,10,59.0,True
early_stop,260,14,83.0,False
early_stop,260,16,95.0,False
early_stop,260,17,101.0,False
early_stop,260,3,289.0,False
early_stop,260,19,657.0,True
early_stop,260,5,851.438472920873,True
early_stop,260,13,899.438472920873,False
early_stop,260,7,1748.6560993295498,False
early_stop,260,18,4472.941327276392,True
early_stop,261,7,41.0,True
early_stop,261,9,53.0,False
early_stop,261,17,101.0,False
early_stop,261,19,113.0,False
early_stop,261,8,319.0,True
early_stop,261,13,349.0,False
early_stop,261,4,573.614903468648,False
early_stop,261,6,585.614903468648,False
early_stop,261,12,621.614903468648,False
early_stop,261,2,1402.9140425982607,True
early_stop,261,5,2279.154858649931,False
early_stop,261,1,6999.70207006596,True
early_stop,261,11,7586.626962858072,True
early_stop,262,6,35.0,False
early_stop,262,10,59.0,False
early_stop,262,11,65.0,True
early_stop,262,13,77.0,False
early_stop,262,19,113.0,True
early_stop,262,1,277.0,True
early_stop,262,4,295.0,True
early_stop,262,14,355.0,False
early_stop,262,12,3416.825814505661,False
early_stop,262,15,3428.825814505661,True
early_stop,262,17,3440.825814505661,True
early_stop,262,18,8726.871160846744,True
early_stop,263,2,11.0,False
early_stop,263,8,47.0,False
early_stop,263,10,59.0,True
early_stop,263,11,65.0,True
early_stop,263,13,77.0,False
early_stop,263,14,83.0,False
early_stop,263,15,89.0,False
early_stop,263,17,101.0,True
early_stop,263,18,379.0,True
early_stop,263,5,965.775706988702,False
early_stop,263,6,971.775706988702,True
early_stop,263,12,2785.587698807392,False
early_stop,263,16,4002.928871540853,True
early_stop,263,1,4411.673742592554,False
early_stop,263,9,4441.673742592554,True
early_stop,264,5,29.0,True
early_stop,264,6,35.0,False
early_stop,264,7,41.0,False
early_stop,264,12,71.0,False
early_stop,264,17,101.0,False
early_stop,264,18,107.0,False
early_stop,264,20,119.0,True
early_stop,264,2,283.0,False
early_stop,264,4,968.9153858973766,False
early_stop,264,10,2827.6675352587754,False
early_stop,264,11,3097.622718477398,False
early_stop,264,16,3121.622718477398,False
early_stop,264,15,3363.622718477398,True
early_stop,264,1,4929.8077595522145,False
early_stop,265,2,11.0,False
early_stop,265,12,71.0,False
early_stop,265,14,83.0,False
early_stop,265,18,107.0,False
early_stop,265,19,385.0,False
early_stop,265,1,549.0,True
early_stop,265,15,633.0,True
early_stop,265,4,2762.2310398933027,True
early_stop,265,9,4245.693255998784,True
early_stop,265,20,5070.251367354839,True
early_stop,265,3,5636.022227132656,True
early_stop,265,5,5642.022227132656,False
early_stop,265,13,7792.022227132656,True
early_stop,265,16,7798.022227132656,True
early_stop,265,10,9051.645268006112,True
early_stop,265,11,9057.645268006112,True
early_stop,266,1,5.0,True
early_stop,266,7,41.0,True
early_stop,266,15,89.0,False
early_stop,266,18,107.0,False
early_stop,266,2,283.0,False
early_stop,266,17,373.0,False
early_stop,266,13,2837.764904303636,False
early_stop,266,12,3847.764904303636,True
early_stop,266,4,4059.764904303636,True
early_stop,266,10,5315.83577965823,True
early_stop,267,10,59.0,True
early_stop,267,18,107.0,False
early_stop,267,16,367.0,False
early_stop,267,11,627.7263274988547,True
early_stop,267,15,651.7263274988547,True
early_stop,267,20,675.7263274988547,True
early_stop,267,1,1099.7263274988547,True
early_stop,267,4,1915.7263274988547,False
early_stop,267,17,2253.7263274988545,False
early_stop,267,9,2987.054363536139,False
early_stop,267,8,6213.9830048127305,False
early_stop,268,4,23.0,False
early_stop,268,5,29.0,True
early_stop,268,6,35.0,False
early_stop,268,7,41.0,True
early_stop,268,10,59.0,False
early_stop,268,11,65.0,False
early_stop,268,12,71.0,True
early_stop,268,14,83.0,False
early_stop,268,16,95.0,True
early_stop,268,18,107.0,True
early_stop,268,20,119.0,False
early_stop,268,15,1076.4788288434513,True
early_stop,268,17,3959.259558427663,True
early_stop,268,3,4141.259558427662,True
early_stop,268,1,4371.259558427662,False
early_stop,268,2,6772.372171121954,True
early_stop,269,3,17.0,False
early_stop,269,5,29.0,False
early_stop,269,7,41.0,True
early_stop,269,9,53.0,False
early_stop,269,16,95.0,False
early_stop,269,19,113.0,False
early_stop,269,2,1521.6808822852743,True
early_stop,269,10,1563.6808822852743,True
early_stop,269,1,3121.201932546651,True
early_stop,269,11,6539.642516293065,True
early_stop,270,3,17.0,False
early_stop,270,5,29.0,False
early_stop,270,7,41.0,True
early_stop,270,8,47.0,False
early_stop,270,9,53.0,True
early_stop,270,11,65.0,False
early_stop,270,1,277.0,True
early_stop,270,12,343.0,True
early_stop,270,15,361.0,False
early_stop,270,16,367.0,False
early_stop,270,18,379.0,False
early_stop,270,14,915.2420885025099,True
early_stop,270,10,1577.7892729591404,False
early_stop,270,6,4102.9109779314795,False
early_stop,270,20,5331.967025294635,True
early_stop,270,17,6881.495940765573,False
early_stop,271,2,11.0,False
early_stop,271,11,65.0,False
early_stop,271,13,77.0,False
early_stop,271,14,83.0,False
early_stop,271,19,113.0,False
early_stop,271,20,119.0,False
early_stop,271,10,331.0,True
early_stop,271,17,373.0,False
early_stop,271,12,648.5994596777731,False
early_stop,271,15,1158.878718368458,False
early_stop,271,16,1164.878718368458,False
early_stop,271,7,5958.771068985907,True
early_stop,271,6,6459.887390278897,True
early_stop,272,3,17.0,False
early_stop,272,14,83.0,True
early_stop,272,15,89.0,False
early_stop,272,19,113.0,False
early_stop,272,20,119.0,False
early_stop,272,16,367.0,False
early_stop,272,9,612.9555500860067,True
early_stop,272,10,618.9555500860067,True
early_stop,272,6,2169.0388838940316,True
early_stop,272,11,5203.419439208277,True
early_stop,272,12,5451.419439208277,False
early_stop,272,18,5475.419439208277,False
early_stop,272,5,5659.161358577227,False
early_stop,273,15,89.0,False
early_stop,273,5,301.0,False
early_stop,273,19,385.0,True
early_stop,273,4,1927.0,True
early_stop,273,8,2767.0,False
early_stop,273,14,2803.0,True
early_stop,273,9,4260.360008809003,True
early_stop,273,2,4974.360008809003,False
early_stop,273,12,5022.360008809003,True
early_stop,273,18,5300.360008809003,False
early_stop,273,10,7448.497666712135,False
early_stop,274,2,11.0,True
early_stop,274,4,23.0,False
early_stop,274,10,59.0,False
early_stop,274,11,65.0,False
early_stop,274,1,277.0,False
early_stop,274,5,301.0,False
early_stop,274,12,343.0,True
early_stop,274,14,355.0,False
early_stop,274,7,857.0,True
early_stop,274,18,1262.790336623107,True
early_stop,274,15,3125.990256886955,False
early_stop,275,3,17.0,False
early_stop,275,4,23.0,False
early_stop,275,10,59.0,False
early_stop,275,12,71.0,False
early_stop,275,19,113.0,False
early_stop,275,6,307.0,True
early_stop,275,9,325.0,False
early_stop,275,11,337.0,True
early_stop,275,17,373.0,False
early_stop,275,20,391.0,False
early_stop,275,14,4477.408071186442,False
early_stop,275,15,5155.408071186442,True
early_stop,275,5,5567.408071186442,True
early_stop,275,13,5591.408071186442,True
early_stop,275,7,5797.408071186442,False
early_stop,275,16,6717.876635852655,True
early_stop,276,3,17.0,True
early_stop,276,9,53.0,False
early_stop,276,13,77.0,False
early_stop,276,17,101.0,False
early_stop,276,19,113.0,False
early_stop,276,20,119.0,True
early_stop,276,1,828.3225390590451,True
early_stop,276,7,1885.436801542153,True
early_stop,276,5,5354.879882145308,False
early_stop,276,4,5584.879882145308,True
early_stop,276,11,5620.879882145308,True
early_stop,276,8,6084.7977640958925,True
early_stop,277,2,11.0,True
early_stop,277,6,35.0,False
early_stop,277,7,41.0,False
early_stop,277,10,59.0,False
early_stop,277,14,83.0,True
early_stop,277,13,2941.911979395114,True
early_stop,277,3,3695.292492643028,True
early_stop,277,8,4893.292492643028,False
early_stop,277,16,4923.292492643028,False
early_stop,277,20,5586.557942887902,True
early_stop,278,8,47.0,False
early_stop,278,14,83.0,False
early_stop,278,17,101.0,False
early_stop,278,19,113.0,True
early_stop,278,15,361.0,True
early_stop,278,20,391.0,False
early_stop,278,9,597.0,True
early_stop,278,2,1245.8190105055287,False
early_stop,278,4,3346.179425698014,False
early_stop,278,16,3406.179425698014,False
early_stop,278,5,8221.074663769792,True
early_stop,278,6,8663.074663769792,True
early_stop,279,6,35.0,False
early_stop,279,8,47.0,False
early_stop,279,14,83.0,False
early_stop,279,17,101.0,False
early_stop,279,2,283.0,True
early_stop,279,5,301.0,False
early_stop,279,16,367.0,False
early_stop,279,3,840.6083286097125,False
early_stop,279,10,882.6083286097125,False
early_stop,279,19,2727.221329756151,True
early_stop,279,4,3145.221329756151,False
early_stop,279,18,4240.301980563242,False
early_stop,279,12,6681.527800854199,True
early_stop,280,1,5.0,True
early_stop,280,4,23.0,False
early_stop,280,9,53.0,True
early_stop,280,3,289.0,True
early_stop,280,12,343.0,False
early_stop,280,11,609.0,True
early_stop,280,20,935.0,True
early_stop,280,13,1579.8399915587609,False
early_stop,280,14,2875.2770612022605,False
early_stop,280,8,3486.807333772631,False
early_stop,280,18,3776.807333772631,True
early_stop,280,15,6209.499466832132,False
early_stop,281,4,23.0,False
early_stop,281,13,77.0,False
early_stop,281,19,113.0,True
early_stop,281,1,3363.68646078372,False
early_stop,281,10,3411.68646078372,False
early_stop,281,17,4270.873946144972,True
early_stop,281,18,4276.873946144972,True
early_stop,281,16,4512.873946144972,True
early_stop,281,9,6553.989147218607,False
early_stop,281,15,7025.000708304626,True
early_stop,282,4,23.0,False
early_stop,282,5,29.0,True
early_stop,282,8,47.0,False
early_stop,282,12,71.0,True
early_stop,282,13,77.0,True
early_stop,282,2,283.0,False
early_stop,282,11,337.0,True
early_stop,282,17,373.0,True
early_stop,282,10,680.4163806785946,True
early_stop,282,20,740.4163806785946,True
early_stop,282,9,1133.59369285542,False
early_stop,282,1,4095.3177770736283,True
early_stop,282,6,4107.317777073628,True
early_stop,282,19,6135.573670356325,False
early_stop,282,16,6529.799130492899,False
early_stop,283,3,17.0,False
early_stop,283,14,83.0,True
early_stop,283,20,119.0,False
early_stop,283,10,331.0,False
early_stop,283,4,567.0,True
early_stop,283,7,1537.34378796986,False
early_stop,283,15,2972.266206451253,True
early_stop,283,16,2978.266206451253,False
early_stop,283,1,4045.550006823342,False
early_stop,283,13,4099.550006823341,False
early_stop,283,17,4111.550006823341,False
early_stop,283,11,4323.550006823341,False
early_stop,283,12,4329.550006823341,True
early_stop,283,5,6162.004389029115,True
early_stop,283,9,8815.172335127383,True
early_stop,284,4,23.0,False
early_stop,284,9,53.0,False
early_stop,284,20,119.0,False
early_stop,284,8,319.0,False
early_stop,284,13,349.0,False
early_stop,284,15,1226.3401714460128,True
early_stop,284,14,2018.3401714460128,False
early_stop,284,10,4191.968097109688,False
early_stop,284,12,4203.968097109688,False
early_stop,284,3,5266.536185195283,True
early_stop,285,3,17.0,False
early_stop,285,10,59.0,True
early_stop,285,15,89.0,True
early_stop,285,6,307.0,False
early_stop,285,8,319.0,True
early_stop,285,9,325.0,True
early_stop,285,7,1401.0,True
early_stop,285,13,1981.0,True
early_stop,285,18,3830.540659750617,False
early_stop,285,19,4635.5590518877825,True
early_stop,285,1,4819.579929478608,False
early_stop,285,17,5351.579929478608,False
early_stop,285,20,7332.881572554697,True
early_stop,285,16,7544.881572554697,True
early_stop,286,6,35.0,False
early_stop,286,10,59.0,False
early_stop,286,17,101.0,True
early_stop,286,18,107.0,False
early_stop,286,11,337.0,False
early_stop,286,20,391.0,True
early_stop,286,15,633.0,True
early_stop,286,14,2346.4197324364122,True
early_stop,286,7,3562.762701646777,False
early_stop,286,3,5602.722445835908,True
early_stop,286,9,5996.740382229591,False
early_stop,286,19,6026.740382229591,True
early_stop,286,13,6726.342781121223,True
early_stop,287,1,5.0,True
early_stop,287,3,17.0,False
early_stop,287,6,35.0,False
early_stop,287,7,41.0,False
early_stop,287,9,53.0,False
early_stop,287,14,83.0,False
early_stop,287,17,101.0,False
early_stop,287,4,295.0,False
early_stop,287,11,337.0,False
early_stop,287,12,343.0,True
early_stop,287,20,391.0,True
early_stop,287,10,603.0,True
early_stop,287,16,3297.026189661758,False
early_stop,287,18,3309.026189661758,True
early_stop,288,2,11.0,True
early_stop,288,4,23.0,False
early_stop,288,7,41.0,True
early_stop,288,8,47.0,False
early_stop,288,9,53.0,False
early_stop,288,11,65.0,False
early_stop,288,20,119.0,False
early_stop,288,1,277.0,False
early_stop,288,3,591.9111986568428,True
early_stop,288,16,669.9111986568428,True
early_stop,288,14,2398.369573004773,True
early_stop,288,17,2416.369573004773,True
early_stop,288,10,4136.2264217153315,False
early_stop,288,18,4866.5664180608555,True
early_stop,288,12,5412.441327242201,True
early_stop,288,19,5442.441327242201,True
early_stop,289,7,41.0,True
early_stop,289,9,53.0,False
early_stop,289,15,89.0,True
early_stop,289,16,95.0,True
early_stop,289,20,119.0,True
early_stop,289,4,295.0,False
early_stop,289,8,319.0,True
early_stop,289,10,331.0,False
early_stop,289,12,939.1825003613714,True
early_stop,289,17,963.1825003613714,False
early_stop,289,14,1211.1825003613712,True
early_stop,289,6,1486.0186686717677,True
early_stop,289,11,4781.372023961695,False
early_stop,289,1,5202.591489186358,True
early_stop,289,3,7568.957380225322,False
early_stop,289,13,8557.978890263355,True
early_stop,290,1,5.0,True
early_stop,290,2,11.0,False
early_stop,290,3,17.0,False
early_stop,290,9,53.0,True
early_stop,290,11,65.0,True
early_stop,290,18,107.0,False
early_stop,290,19,113.0,False
early_stop,290,5,301.0,True
early_stop,290,16,367.0,False
early_stop,290,10,603.0,True
early_stop,290,15,633.0,True
early_stop,290,7,2577.196741631181,True
early_stop,290,12,4222.10536354888,True
early_stop,290,8,5370.6797645478655,True
early_stop,291,2,11.0,False
early_stop,291,3,17.0,True
early_stop,291,5,29.0,False
early_stop,291,11,65.0,False
early_stop,291,12,71.0,False
early_stop,291,16,95.0,False
early_stop,291,17,101.0,True
early_stop,291,19,113.0,False
early_stop,291,1,277.0,False
early_stop,291,4,295.0,False
early_stop,291,14,1722.2827758477479,True
early_stop,291,13,3481.554631088975,True
early_stop,291,6,5731.604215397466,True
early_stop,291,10,5755.604215397466,False
early_stop,291,20,7530.952770165861,True
early_stop,292,6,35.0,False
early_stop,292,7,41.0,False
early_stop,292,15,89.0,False
early_stop,292,17,101.0,False
early_stop,292,18,107.0,False
early_stop,292,19,113.0,True
early_stop,292,1,277.0,False
early_stop,292,9,603.2334548894378,True
early_stop,292,10,904.7070120803169,False
early_stop,292,14,1910.5664223385106,True
early_stop,292,16,3010.9032658306405,False
early_stop,292,5,3773.699457623847,False
early_stop,292,8,3785.699457623847,True
early_stop,292,20,4362.971180374317,False
early_stop,292,4,5860.534037870652,False
early_stop,292,11,5866.534037870652,False
early_stop,293,2,11.0,False
early_stop,293,4,23.0,False
early_stop,293,6,35.0,False
early_stop,293,11,65.0,True
early_stop,293,15,89.0,True
early_stop,293,16,95.0,False
early_stop,293,17,101.0,True
early_stop,293,20,119.0,False
early_stop,293,18,379.0,True
early_stop,293,10,1963.0,False
early_stop,293,14,3592.8339521045946,True
early_stop,293,19,3616.8339521045946,True
early_stop,293,8,5833.309913263462,True
early_stop,294,2,11.0,False
early_stop,294,8,47.0,False
early_stop,294,16,95.0,False
early_stop,294,19,113.0,False
early_stop,294,7,921.0978839240099,True
early_stop,294,18,987.0978839240099,False
early_stop,294,10,1378.5512289609605,True
early_stop,294,12,3386.5512289609605,False
early_stop,294,15,4189.220699018114,False
early_stop,294,14,6110.841289721469,True
early_stop,294,3,6541.81859517033,True
early_stop,295,1,5.0,False
early_stop,295,12,71.0,False
early_stop,295,13,77.0,False
early_stop,295,16,95.0,True
early_stop,295,14,355.0,False
early_stop,295,15,361.0,False
early_stop,295,19,385.0,True
early_stop,295,11,614.1834941256878,False
early_stop,295,17,644.1834941256878,True
early_stop,295,3,926.7296681103084,False
early_stop,295,5,938.7296681103084,True
early_stop,295,18,2914.060409697451,False
early_stop,295,4,4284.957846601796,True
early_stop,295,9,5236.632579887987,False
early_stop,295,20,5490.632579887987,True
early_stop,295,10,5931.38807501696,True
early_stop,296,12,71.0,False
early_stop,296,1,277.0,False
early_stop,296,17,373.0,False
early_stop,296,18,1995.6817352843668,True
early_stop,296,15,2503.681735284367,False
early_stop,296,3,2691.681735284367,True
early_stop,296,2,3704.8115059542088,True
early_stop,296,9,4980.193302991544,False
early_stop,296,14,5246.193302991544,True
early_stop,296,5,5440.193302991544,True
early_stop,297,2,11.0,False
early_stop,297,5,29.0,True
early_stop,297,14,83.0,False
early_stop,297,17,101.0,True
early_stop,297,18,107.0,False
early_stop,297,4,295.0,True
early_stop,297,11,615.5916333067827,True
early_stop,297,3,894.8496496158756,True
early_stop,297,1,2746.6988653102626,True
early_stop,297,8,3490.6988653102626,False
early_stop,297,13,3514.6988653102626,True
early_stop,297,7,3726.6988653102626,True
early_stop,297,12,6376.83409946186,True
early_stop,297,10,7559.286586266214,True
early_stop,298,8,47.0,False
early_stop,298,10,59.0,False
early_stop,298,11,65.0,False
early_stop,298,12,71.0,True
early_stop,298,18,379.0,True
early_stop,298,6,579.0,True
early_stop,298,17,645.0,False
early_stop,298,20,4937.736118027631,False
early_stop,298,14,5161.736118027631,False
early_stop,298,13,5409.736118027631,False
early_stop,298,15,8338.342133660724,True
early_stop,299,7,41.0,True
early_stop,299,9,53.0,True
early_stop,299,10,59.0,False
early_stop,299,11,65.0,False
early_stop,299,12,71.0,False
early_stop,299,14,83.0,True
early_stop,299,19,113.0,True
early_stop,299,16,367.0,True
early_stop,299,1,563.3609538953764,True
early_stop,299,18,665.3609538953764,True
early_stop,299,15,1263.7470949719286,True
early_stop,299,6,4157.258804822185,True
early_stop,300,2,11.0,False
early_stop,300,4,23.0,False
early_stop,300,10,59.0,True
early_stop,300,12,71.0,False
early_stop,300,14,83.0,False
early_stop,300,16,95.0,True
early_stop,300,7,313.0,True
early_stop,300,20,391.0,False
early_stop,300,17,645.0,True
early_stop,300,19,657.0,True
early_stop,300,1,2897.823219774129,True
early_stop,300,3,2909.823219774129,False
early_stop,300,11,4992.2768322791035,True
early_stop,300,9,6851.728299175149,True
early_stop,301,2,11.0,True
early_stop,301,3,17.0,False
early_stop,301,8,47.0,True
early_stop,301,16,95.0,False
early_stop,301,9,325.0,False
early_stop,301,19,2228.456620765402,True
early_stop,301,20,2234.456620765402,True
early_stop,301,4,2410.456620765402,False
early_stop,301,18,3267.6490464261606,True
early_stop,301,5,5688.516167536187,False
early_stop,301,15,5736.516167536187,False
early_stop,301,13,5960.516167536187,True
early_stop,301,17,6797.735291684023,False
early_stop,302,10,59.0,False
early_stop,302,17,101.0,True
early_stop,302,20,119.0,False
early_stop,302,7,313.0,False
early_stop,302,9,597.0,True
early_stop,302,14,1443.0,False
early_stop,302,4,1927.0,False
early_stop,302,1,3367.6651760921254,False
early_stop,302,6,3397.6651760921254,True
early_stop,302,12,4704.85566941228,True
early_stop,302,16,6072.649157427815,False
early_stop,302,13,6428.364074992045,True
early_stop,302,18,6446.364074992045,False
early_stop,302,19,8959.31705935156,True
early_stop,303,7,41.0,True
early_stop,303,8,47.0,False
early_stop,303,9,53.0,False
early_stop,303,18,107.0,False
early_stop,303,13,349.0,False
early_stop,303,20,391.0,True
early_stop,303,2,1099.0,False
early_stop,303,19,1473.0,False
early_stop,303,10,1691.0,True
early_stop,303,3,4906.5579107012745,False
early_stop,304,2,11.0,False
early_stop,304,4,23.0,True
early_stop,304,11,65.0,True
early_stop,304,13,77.0,False
early_stop,304,14,83.0,True
early_stop,304,15,89.0,True
early_stop,304,17,101.0,False
early_stop,304,12,1745.2126476265278,False
early_stop,304,18,3667.139268328952,True
early_stop,304,7,4737.127658114007,False
early_stop,304,5,4967.127658114007,True
early_stop,305,6,35.0,False
early_stop,305,18,107.0,False
early_stop,305,15,633.0,True
early_stop,305,12,887.0,True
early_stop,305,3,3253.9583594406663,True
early_stop,305,10,3827.9583594406663,True
early_stop,305,11,4961.275579304536,True
early_stop,305,13,5976.838809681782,True
early_stop,305,17,5994.838809681782,True
early_stop,305,19,6006.838809681782,True
early_stop,305,20,6713.679172121863,False
early_stop,306,11,65.0,False
early_stop,306,12,71.0,True
early_stop,306,14,83.0,True
early_stop,306,9,325.0,False
early_stop,306,19,1201.0,False
early_stop,306,10,1970.3741642090802,True
early_stop,306,20,2024.3741642090802,True
early_stop,306,13,2786.37416420908,False
early_stop,306,1,3632.023617020973,False
early_stop,306,18,4810.939450046534,True
early_stop,306,15,5028.939450046534,True
early_stop,306,17,5040.939450046534,False
early_stop,306,7,6277.968900128614,True
early_stop,307,1,5.0,False
early_stop,307,4,23.0,False
early_stop,307,15,89.0,False
early_stop,307,16,95.0,False
early_stop,307,19,113.0,False
early_stop,307,20,119.0,False
early_stop,307,17,373.0,False
early_stop,307,5,2728.543534501134,False
early_stop,307,10,2758.543534501134,True
early_stop,307,6,3372.1300206082665,False
early_stop,307,8,3384.1300206082665,False
early_stop,307,7,3685.869047906797,False
early_stop,307,9,3697.869047906797,True
early_stop,307,2,3915.869047906797,True
early_stop,307,11,4217.057573420264,True
early_stop,308,3,17.0,False
early_stop,308,9,53.0,False
early_stop,308,10,59.0,False
early_stop,308,13,77.0,False
early_stop,308,14,83.0,False
early_stop,308,18,107.0,True
early_stop,308,5,4644.221770781291,False
early_stop,308,20,5145.81520206759,True
early_stop,308,7,6081.732643185658,True
early_stop,308,12,6335.732643185658,True
early_stop,308,17,6353.732643185658,True
early_stop,309,1,5.0,False
early_stop,309,7,41.0,True
early_stop,309,10,59.0,False
early_stop,309,13,77.0,False
early_stop,309,16,95.0,False
early_stop,309,4,295.0,False
early_stop,309,5,301.0,False
early_stop,309,12,343.0,False
early_stop,309,15,3523.9324148338965,True
early_stop,309,8,4348.960690652553,True
early_stop,310,7,41.0,False
early_stop,310,9,53.0,False
early_stop,310,10,59.0,False
early_stop,310,17,101.0,False
early_stop,310,19,113.0,False
early_stop,310,4,295.0,False
early_stop,310,6,307.0,False
early_stop,310,8,319.0,True
early_stop,310,14,355.0,True
early_stop,310,18,379.0,True
early_stop,310,16,1269.8661548475247,True
early_stop,310,2,2191.1704405555424,True
early_stop,310,12,4262.850427654448,False
early_stop,310,3,4473.457227998602,True
early_stop,311,9,53.0,True
early_stop,311,12,71.0,False
early_stop,311,15,89.0,False
early_stop,311,16,95.0,False
early_stop,311,17,101.0,False
early_stop,311,19,113.0,False
early_stop,311,1,277.0,True
early_stop,311,6,307.0,True
early_stop,311,14,355.0,False
early_stop,311,18,1638.1081696830902,True
early_stop,311,7,2451.550038067949,False
early_stop,311,20,3474.262876774355,True
early_stop,311,10,3732.9434702295616,False
early_stop,311,3,3920.9434702295616,False
early_stop,311,4,3926.9434702295616,False
early_stop,311,5,4144.943470229562,False
early_stop,312,1,5.0,True
early_stop,312,2,11.0,False
early_stop,312,4,23.0,False
early_stop,312,5,29.0,False
early_stop,312,10,59.0,True
early_stop,312,13,77.0,True
early_stop,312,17,101.0,False
early_stop,312,18,107.0,False
early_stop,312,8,669.946329354405,True
early_stop,312,11,687.946329354405,False
early_stop,312,16,2205.946329354405,False
early_stop,312,6,3390.814325288216,False
early_stop,312,15,4164.814325288216,False
early_stop,312,20,4666.814325288216,True
early_stop,312,19,7650.225986136968,True
early_stop,313,4,23.0,False
early_stop,313,7,41.0,True
early_stop,313,14,83.0,False
early_stop,313,15,89.0,False
early_stop,313,12,343.0,True
early_stop,313,16,367.0,False
early_stop,313,20,391.0,True
early_stop,313,13,621.0,True
early_stop,313,1,873.4836435001007,False
early_stop,313,17,1814.8602023712674,True
early_stop,313,8,3654.2731621589783,False
early_stop,313,19,3684.2731621589783,True
early_stop,313,6,3872.2731621589783,False
early_stop,313,3,6965.028256223831,True
early_stop,314,6,35.0,False
early_stop,314,15,89.0,True
early_stop,314,19,113.0,False
early_stop,314,1,277.0,False
early_stop,314,9,325.0,False
early_stop,314,10,331.0,False
early_stop,314,8,591.0,True
early_stop,314,7,3506.4069064406,False
early_stop,314,4,3981.0171353939477,True
early_stop,314,14,4017.0171353939477,True
early_stop,314,20,5809.7179448580955,True
early_stop,315,12,71.0,True
early_stop,315,15,89.0,False
early_stop,315,17,101.0,False
early_stop,315,13,349.0,True
early_stop,315,14,355.0,True
early_stop,315,3,575.3243503745399,True
early_stop,315,16,2063.9131333622727,True
early_stop,315,18,2940.4003496047508,True
early_stop,315,1,3869.420261049157,True
early_stop,315,11,4631.4202610491575,False
early_stop,315,2,4807.4202610491575,False
early_stop,315,20,5151.794394473441,True
early_stop,315,5,7062.281056722229,True
early_stop,316,1,5.0,False
early_stop,316,8,47.0,False
early_stop,316,9,53.0,True
early_stop,316,11,65.0,False
early_stop,316,13,77.0,False
early_stop,316,20,119.0,False
early_stop,316,17,373.0,True
early_stop,316,18,379.0,False
early_stop,316,15,4503.681166412396,False
early_stop,316,16,5838.867668260403,False
early_stop,317,1,5.0,False
early_stop,317,6,35.0,False
early_stop,317,8,47.0,True
early_stop,317,19,113.0,False
early_stop,317,7,313.0,False
early_stop,317,14,1171.0,False
early_stop,317,5,2501.5971572885624,True
early_stop,317,13,3323.5971572885624,False
early_stop,317,16,3335.5971572885624,False
early_stop,317,10,3878.166014748387,False
early_stop,317,12,5373.004336853867,False
early_stop,317,20,5688.495928381753,True
early_stop,317,9,8391.121743734577,True
early_stop,318,4,23.0,False
early_stop,318,6,35.0,False
early_stop,318,7,41.0,False
early_stop,318,11,65.0,True
early_stop,318,13,77.0,False
early_stop,318,16,367.0,True
early_stop,318,19,385.0,True
early_stop,318,5,573.0,True
early_stop,318,8,1951.0,False
early_stop,318,15,3097.520722773184,False
early_stop,318,18,3115.520722773184,False
early_stop,318,10,5210.041715558161,True
early_stop,318,2,5658.441421449578,False
early_stop,318,14,7905.625513495192,True
early_stop,318,17,8105.625513495192,True
early_stop,319,12,71.0,False
early_stop,319,13,77.0,True
early_stop,319,17,101.0,False
early_stop,319,19,113.0,False
early_stop,319,18,379.0,True
early_stop,319,3,665.7232002478191,False
early_stop,319,2,2505.503326443845,False
early_stop,319,5,2523.503326443845,True
early_stop,319,7,3092.265534030494,True
early_stop,319,6,5944.924819838416,False
early_stop,319,20,7305.94520651762,True
early_stop,320,2,11.0,False
early_stop,320,8,47.0,False
early_stop,320,11,65.0,False
early_stop,320,7,313.0,True
early_stop,320,16,367.0,False
early_stop,320,4,1927.0,False
early_stop,320,15,1993.0,False
early_stop,320,12,2844.418831729207,True
early_stop,320,3,3062.0735433232235,True
early_stop,320,6,3080.0735433232235,False
early_stop,320,5,3582.0735433232235,False
early_stop,320,9,4113.993237494448,True
early_stop,320,17,4397.993237494448,True
early_stop,321,4,23.0,True
early_stop,321,12,71.0,True
early_stop,321,13,77.0,False
early_stop,321,16,95.0,False
early_stop,321,11,1135.0,True
early_stop,321,15,1153.0,True
early_stop,321,18,2192.987489107765,False
early_stop,321,7,2755.80638717494,True
early_stop,321,5,2985.80638717494,True
early_stop,321,8,4489.294558349873,True
early_stop,321,10,4882.457118591642,True
early_stop,321,17,5790.457118591642,True
early_stop,322,10,59.0,False
early_stop,322,13,77.0,False
early_stop,322,18,107.0,False
early_stop,322,19,113.0,True
early_stop,322,3,289.0,False
early_stop,322,14,355.0,True
early_stop,322,15,361.0,True
early_stop,322,20,729.4687258760549,True
early_stop,322,4,2798.6541799735633,False
early_stop,322,16,3112.6541799735633,False
early_stop,322,2,3554.6541799735633,True
early_stop,322,5,3566.6541799735633,True
early_stop,322,6,3572.6541799735633,False
early_stop,322,9,3590.6541799735633,False
early_stop,322,7,4315.823482514328,True
early_stop,322,8,4551.395596048261,False
early_stop,323,1,5.0,False
early_stop,323,3,17.0,False
early_stop,323,7,41.0,True
early_stop,323,10,59.0,False
early_stop,323,13,77.0,False
early_stop,323,14,83.0,False
early_stop,323,15,89.0,False
early_stop,323,2,283.0,False
early_stop,323,6,307.0,True
early_stop,323,16,367.0,False
early_stop,323,4,3814.3810274536527,False
early_stop,323,8,3826.3810274536527,True
early_stop,323,20,3886.3810274536527,False
early_stop,323,5,4050.3810274536527,True
early_stop,323,12,4080.3810274536527,True
early_stop,324,4,23.0,False
early_stop,324,5,29.0,False
early_stop,324,14,83.0,False
early_stop,324,18,107.0,True
early_stop,324,1,277.0,True
early_stop,324,9,325.0,False
early_stop,324,11,609.0,False
early_stop,324,3,1353.0,False
early_stop,324,16,2746.840702591741,True
early_stop,324,15,4240.3975481271955,True
early_stop,324,20,4270.3975481271955,False
early_stop,324,6,4441.435830712755,False
early_stop,324,12,4707.435830712755,False
early_stop,324,2,7117.139644765962,True
early_stop,325,1,5.0,True
early_stop,325,4,23.0,False
early_stop,325,5,29.0,False
early_stop,325,10,59.0,True
early_stop,325,14,83.0,True
early_stop,325,16,95.0,False
early_stop,325,19,113.0,False
early_stop,325,18,3643.0,False
early_stop,325,3,4583.562875297654,True
early_stop,325,11,4619.562875297654,True
early_stop,325,2,5961.091022915776,True
early_stop,325,6,5967.091022915776,False
early_stop,325,7,5973.091022915776,False
early_stop,325,13,6003.091022915776,True
early_stop,326,18,107.0,False
early_stop,326,10,331.0,True
early_stop,326,15,361.0,False
early_stop,326,16,367.0,True
early_stop,326,5,1396.9322358378217,True
early_stop,326,14,1450.9322358378217,False
early_stop,326,2,3027.140482501156,True
early_stop,326,17,4155.978017382339,True
early_stop,326,13,4642.560210111394,False
early_stop,326,11,5864.6089882055885,True
early_stop,327,1,5.0,True
early_stop,327,2,11.0,True
early_stop,327,6,35.0,True
early_stop,327,8,47.0,False
early_stop,327,9,53.0,True
early_stop,327,10,59.0,False
early_stop,327,14,83.0,False
early_stop,327,17,101.0,False
early_stop,327,3,289.0,False
early_stop,327,13,349.0,False
early_stop,327,15,361.0,True
early_stop,327,20,391.0,True
early_stop,327,5,1684.294323176017,True
early_stop,327,11,1968.294323176017,True
early_stop,327,18,6556.014407475778,False
early_stop,327,4,8583.648698738758,True
early_stop,328,4,23.0,False
early_stop,328,5,29.0,False
early_stop,328,9,53.0,False
early_stop,328,11,65.0,True
early_stop,328,14,83.0,False
early_stop,328,16,95.0,True
early_stop,328,19,113.0,True
early_stop,328,6,589.9825037972957,True
early_stop,328,8,601.9825037972957,True
early_stop,328,17,1067.9685067941255,False
early_stop,328,7,1376.6453848839549,True
early_stop,328,3,2203.0445426577207,True
early_stop,328,15,3878.4563695457505,False
early_stop,328,13,4744.456369545751,True
early_stop,328,12,7891.660504194218,True
early_stop,329,1,5.0,False
early_stop,329,9,53.0,True
early_stop,329,10,59.0,True
early_stop,329,16,95.0,False
early_stop,329,18,107.0,False
early_stop,329,20,119.0,True
early_stop,329,2,283.0,True
early_stop,329,11,337.0,False
early_stop,329,5,845.0,True
early_stop,329,15,1449.0,True
early_stop,329,14,1717.6053810682274,False
early_stop,329,17,4485.591366742792,True
early_stop,329,4,4941.446686297696,True
early_stop,329,19,6157.346819238623,False
early_stop,329,7,7750.830357986087,True
early_stop,329,8,8134.392967442909,True
early_stop,330,2,11.0,True
early_stop,330,6,35.0,False
early_stop,330,11,65.0,False
early_stop,330,9,325.0,False
early_stop,330,8,599.5099891388046,True
early_stop,330,19,659.5099891388046,False
early_stop,330,13,3083.5401957130553,False
early_stop,330,3,3537.5401957130553,True
early_stop,330,12,3573.5401957130553,True
early_stop,330,15,3591.5401957130553,True
early_stop,330,1,3773.5401957130553,False
early_stop,330,4,3791.5401957130553,True
early_stop,330,16,4209.194352007958,False
early_stop,330,10,4738.049689369919,True
early_stop,331,4,23.0,False
early_stop,331,5,29.0,False
early_stop,331,6,35.0,False
early_stop,331,7,41.0,True
early_stop,331,10,59.0,False
early_stop,331,11,65.0,False
early_stop,331,19,113.0,False
early_stop,331,9,325.0,True
early_stop,331,8,862.8061245314966,True
early_stop,331,18,1986.8061245314966,False
early_stop,331,20,2346.0022809616953,False
early_stop,331,13,2573.101399461635,False
early_stop,331,1,4436.023213999016,False
early_stop,331,17,4508.023213999016,True
early_stop,331,14,4720.023213999016,True
early_stop,331,16,4995.799581476286,False
early_stop,332,1,5.0,False
early_stop,332,9,53.0,True
early_stop,332,13,77.0,False
early_stop,332,20,119.0,False
early_stop,332,12,647.9722633276177,True
early_stop,332,14,1190.3683140553399,True
early_stop,332,15,4902.689080737436,True
early_stop,332,6,5108.689080737436,False
early_stop,332,17,5939.426590303008,True
early_stop,332,4,6121.426590303008,False
early_stop,332,18,6635.426590303008,True
early_stop,333,4,23.0,True
early_stop,333,5,29.0,True
early_stop,333,7,41.0,True
early_stop,333,13,77.0,False
early_stop,333,19,113.0,False
early_stop,333,20,119.0,False
early_stop,333,15,633.0,True
early_stop,333,6,1939.0,False
early_stop,333,3,2465.0,True
early_stop,333,12,2519.0,True
early_stop,333,14,2803.0,True
early_stop,333,18,4109.577245680202,False
early_stop,333,10,4411.120057775364,True
early_stop,333,9,7350.652737327974,True
early_stop,334,4,23.0,True
early_stop,334,5,29.0,True
early_stop,334,13,77.0,True
early_stop,334,14,83.0,False
early_stop,334,17,101.0,True
early_stop,334,19,113.0,True
early_stop,334,1,277.0,True
early_stop,334,20,391.0,False
early_stop,334,12,3557.297547061602,True
early_stop,334,6,5166.597532188449,False
early_stop,334,18,5226.597532188449,False
early_stop,335,3,17.0,True
early_stop,335,11,65.0,False
early_stop,335,14,83.0,False
early_stop,335,18,107.0,True
early_stop,335,19,2561.0,True
early_stop,335,15,2870.2142178856707,True
early_stop,335,2,4100.183263887552,True
early_stop,335,20,4190.183263887552,False
early_stop,335,17,4705.26376998443,False
early_stop,335,13,4935.26376998443,True
early_stop,335,1,5624.273523607175,True
early_stop,336,1,5.0,False
early_stop,336,6,35.0,False
early_stop,336,7,41.0,False
early_stop,336,8,47.0,False
early_stop,336,14,83.0,False
early_stop,336,15,89.0,True
early_stop,336,17,101.0,False
early_stop,336,5,1016.1772601422164,False
early_stop,336,18,4207.628141916078,True
early_stop,336,12,7099.097884851968,True
early_stop,337,5,29.0,True
early_stop,337,14,83.0,False
early_stop,337,18,107.0,False
early_stop,337,6,307.0,False
early_stop,337,17,373.0,False
early_stop,337,19,385.0,True
early_stop,337,1,2416.854702246224,True
early_stop,337,8,4346.172647336254,True
early_stop,337,12,5087.9752772125485,True
early_stop,337,13,5323.9752772125485,False
early_stop,337,16,7865.897690304812,True
early_stop,338,1,5.0,False
early_stop,338,5,29.0,False
early_stop,338,7,41.0,True
early_stop,338,10,59.0,True
early_stop,338,15,89.0,False
early_stop,338,12,2370.609930564729,True
early_stop,338,9,3120.609930564729,False
early_stop,338,20,4094.609930564729,False
early_stop,338,16,5653.974650434787,False
early_stop,338,14,7967.47107698251,True
early_stop,339,1,5.0,False
early_stop,339,2,11.0,False
early_stop,339,6,35.0,False
early_stop,339,8,47.0,True
early_stop,339,15,89.0,False
early_stop,339,5,301.0,False
early_stop,339,19,385.0,False
early_stop,339,9,3274.0018849787766,True
early_stop,339,3,4856.585928834168,True
early_stop,339,17,6560.463784785876,True
early_stop,339,10,8551.426101591187,True
early_stop,340,3,17.0,False
early_stop,340,6,35.0,False
early_stop,340,9,53.0,False
early_stop,340,19,113.0,False
early_stop,340,16,639.0,True
early_stop,340,12,1795.323218776047,False
early_stop,340,18,2605.323218776047,True
early_stop,340,5,5198.43081748773,True
early_stop,340,17,5246.43081748773,True
early_stop,340,10,6068.981278368045,True
early_stop,340,20,6375.787035952905,False
early_stop,340,4,6545.787035952905,True
early_stop,340,11,9501.52984686417,True
early_stop,341,2,11.0,False
early_stop,341,6,35.0,True
early_stop,341,8,47.0,False
early_stop,341,14,83.0,True
early_stop,341,17,101.0,False
early_stop,341,16,367.0,False
early_stop,341,19,385.0,False
early_stop,341,10,603.0,True
early_stop,341,18,2978.6702859649604,True
early_stop,341,9,5969.654790821298,True
early_stop,341,5,6422.770835200029,False
early_stop,341,13,6452.770835200029,True
early_stop,341,12,6670.770835200029,True
early_stop,341,11,6888.770835200029,True
early_stop,342,7,41.0,False
early_stop,342,13,77.0,False
early_stop,342,19,113.0,False
early_stop,342,11,1697.0,False
early_stop,342,3,3534.2651775721383,False
early_stop,342,17,3606.2651775721383,False
early_stop,342,2,5123.68881472496,False
early_stop,342,8,5395.68881472496,True
early_stop,342,9,5649.68881472496,False
early_stop,342,18,5691.68881472496,False
early_stop,343,11,65.0,True
early_stop,343,13,77.0,True
early_stop,343,15,89.0,False
early_stop,343,17,101.0,False
early_stop,343,20,1479.0,True
early_stop,343,6,2945.345927284357,True
early_stop,343,5,5072.916868130487,False
early_stop,343,16,5120.916868130487,True
early_stop,343,1,5553.375237003011,True
early_stop,343,3,5565.375237003011,True
early_stop,343,7,8007.24696832805,True
early_stop,344,11,65.0,False
early_stop,344,13,77.0,True
early_stop,344,14,83.0,False
early_stop,344,16,95.0,True
early_stop,344,10,331.0,False
early_stop,344,4,3717.9698928402404,True
early_stop,344,7,3735.9698928402404,True
early_stop,344,17,4303.96989284024,True
early_stop,344,20,4321.96989284024,True
early_stop,344,6,4509.96989284024,False
early_stop,344,12,4533.96989284024,False
early_stop,344,15,5141.508442567827,True
early_stop,344,5,9154.412452593484,True
early_stop,345,1,5.0,False
early_stop,345,3,17.0,False
early_stop,345,5,29.0,True
early_stop,345,7,41.0,False
early_stop,345,11,65.0,False
early_stop,345,4,295.0,False
early_stop,345,19,385.0,False
early_stop,345,6,579.0,True
early_stop,345,10,603.0,True
early_stop,345,17,645.0,True
early_stop,345,18,651.0,True
early_stop,345,14,4034.133038711005,False
early_stop,345,12,4246.133038711005,False
early_stop,345,13,4252.133038711005,False
early_stop,345,20,4282.133038711005,False
early_stop,345,16,4654.595817996751,True
early_stop,346,7,41.0,False
early_stop,346,17,101.0,False
early_stop,346,19,113.0,False
early_stop,346,3,289.0,False
early_stop,346,8,319.0,False
early_stop,346,13,349.0,False
early_stop,346,4,901.7049661227545,False
early_stop,346,12,949.7049661227545,True
early_stop,346,15,2086.0598781017743,False
early_stop,346,14,3835.1978441053875,True
early_stop,346,10,4301.197844105387,False
early_stop,346,20,5719.543419946637,True
early_stop,346,2,6336.546099850486,False
early_stop,346,11,6372.546099850486,False
early_stop,347,6,35.0,False
early_stop,347,16,95.0,True
early_stop,347,20,119.0,False
early_stop,347,3,289.0,False
early_stop,347,4,295.0,True
early_stop,347,5,301.0,True
early_stop,347,19,385.0,True
early_stop,347,1,2867.016381801706,True
early_stop,347,12,2927.016381801706,False
early_stop,347,7,4857.396589822638,True
early_stop,347,17,5407.396589822638,True
early_stop,347,9,7376.778887541233,True
early_stop,348,7,41.0,False
early_stop,348,8,47.0,False
early_stop,348,14,83.0,False
early_stop,348,18,107.0,False
early_stop,348,19,113.0,False
early_stop,348,1,277.0,True
early_stop,348,3,289.0,False
early_stop,348,9,325.0,True
early_stop,348,2,842.1344644568122,True
early_stop,348,13,1462.8343534600629,True
early_stop,348,6,3955.5057949879933,True
early_stop,348,15,3991.5057949879933,True
early_stop,348,16,4227.505794987994,False
early_stop,348,17,4233.505794987994,True
early_stop,348,11,5688.275982510034,False
early_stop,348,4,6841.41360960435,False
early_stop,349,1,5.0,False
early_stop,349,5,29.0,True
early_stop,349,8,47.0,True
early_stop,349,12,71.0,False
early_stop,349,13,77.0,True
early_stop,349,20,119.0,False
early_stop,349,9,325.0,False
early_stop,349,14,899.0,True
early_stop,349,16,1564.6104329349282,True
early_stop,349,18,3166.816133973823,True
early_stop,349,17,4416.722411447579,True
early_stop,349,6,4610.722411447579,False
early_stop,349,10,4628.722411447579,True
early_stop,350,9,53.0,False
early_stop,350,10,59.0,False
early_stop,350,11,65.0,False
early_stop,350,15,89.0,True
early_stop,350,18,107.0,True
early_stop,350,8,319.0,False
early_stop,350,13,349.0,False
early_stop,350,14,355.0,True
early_stop,350,19,657.0,False
early_stop,350,3,840.7392134105655,True
early_stop,350,12,1657.7769882471418,True
early_stop,350,6,5682.564971952542,True
early_stop,351,2,11.0,False
early_stop,351,3,17.0,False
early_stop,351,8,47.0,False
early_stop,351,12,71.0,True
early_stop,351,16,95.0,True
early_stop,351,4,295.0,False
early_stop,351,19,385.0,True
early_stop,351,20,391.0,False
early_stop,351,9,1705.0420246844938,True
early_stop,351,6,2506.894375864083,False
early_stop,351,18,2820.894375864083,True
early_stop,351,5,4609.879403580338,True
early_stop,351,7,4615.879403580338,False
early_stop,351,10,4627.879403580338,True
early_stop,351,11,4993.134990264505,True
early_stop,351,14,5910.259421979538,True
early_stop,352,5,29.0,False
early_stop,352,14,83.0,False
early_stop,352,17,101.0,False
early_stop,352,7,313.0,True
early_stop,352,9,869.0,True
early_stop,352,8,1135.0,True
early_stop,352,20,2023.0,True
early_stop,352,3,2631.5493353359698,False
early_stop,352,10,2655.5493353359698,False
early_stop,352,18,3648.7758408934096,True
early_stop,352,2,6099.6250917723055,False
early_stop,352,4,6553.6250917723055,True
early_stop,353,3,17.0,False
early_stop,353,8,47.0,False
early_stop,353,13,77.0,True
early_stop,353,16,95.0,False
early_stop,353,20,119.0,False
early_stop,353,9,325.0,True
early_stop,353,10,331.0,False
early_stop,353,12,1891.5636702081938,False
early_stop,353,19,3453.4898755134964,False
early_stop,353,2,7331.584657050794,True
early_stop,354,1,5.0,False
early_stop,354,2,11.0,False
early_stop,354,5,29.0,False
early_stop,354,11,65.0,False
early_stop,354,17,101.0,False
early_stop,354,4,295.0,False
early_stop,354,18,3374.8156634652546,True
early_stop,354,7,3822.8156634652546,False
early_stop,354,12,3852.8156634652546,False
early_stop,354,10,4826.900952486697,True
early_stop,354,3,6226.64670619194,True
early_stop,355,2,11.0,True
early_stop,355,3,17.0,True
early_stop,355,4,23.0,False
early_stop,355,5,29.0,False
early_stop,355,10,59.0,True
early_stop,355,17,101.0,False
early_stop,355,15,361.0,False
early_stop,355,13,1110.879030249178,False
early_stop,355,20,1152.879030249178,True
early_stop,355,11,3732.526818531392,False
early_stop,355,9,5134.725054170971,True
early_stop,356,4,23.0,True
early_stop,356,7,41.0,False
early_stop,356,12,71.0,False
early_stop,356,14,83.0,False
early_stop,356,15,89.0,False
early_stop,356,16,95.0,False
early_stop,356,17,101.0,False
early_stop,356,11,337.0,False
early_stop,356,9,1805.6772967128124,False
early_stop,356,2,2973.620501023038,True
early_stop,356,8,3009.620501023038,False
early_stop,356,18,3051.620501023038,True
early_stop,356,13,4591.809004609573,False
early_stop,356,6,5073.583833293772,True
early_stop,356,10,5079.583833293772,False
early_stop,357,8,47.0,False
early_stop,357,15,89.0,True
early_stop,357,16,95.0,True
early_stop,357,19,113.0,True
early_stop,357,3,289.0,False
early_stop,357,20,657.0,True
early_stop,357,7,1768.2857653225703,True
early_stop,357,6,2778.28576532257,False
early_stop,357,4,3281.982797441161,False
early_stop,357,12,3834.875707872664,True
early_stop,357,9,4932.728658092393,True
early_stop,358,3,17.0,True
early_stop,358,7,41.0,False
early_stop,358,9,53.0,True
early_stop,358,13,77.0,False
early_stop,358,18,107.0,True
early_stop,358,8,319.0,False
early_stop,358,2,1902.2456156432804,True
early_stop,358,4,2174.2456156432804,True
early_stop,358,10,2198.2456156432804,True
early_stop,358,11,2204.2456156432804,True
early_stop,358,19,2512.2456156432804,True
early_stop,358,12,2818.2258283918227,True
early_stop,358,14,2830.2258283918227,True
early_stop,358,1,3389.497551142292,True
early_stop,358,6,5652.542649445075,False
early_stop,358,15,6143.1197952369,True
early_stop,359,1,5.0,False
early_stop,359,13,349.0,True
early_stop,359,2,683.8215142444435,False
early_stop,359,16,767.8215142444435,True
early_stop,359,10,1529.8215142444435,True
early_stop,359,19,1849.8215142444435,True
early_stop,359,17,2628.8245030591843,True
early_stop,359,11,3786.9365347928047,True
early_stop,359,14,3804.9365347928047,False
early_stop,359,9,5515.666716245344,False
early_stop,360,2,11.0,False
early_stop,360,3,17.0,True
early_stop,360,4,23.0,False
early_stop,360,11,65.0,False
early_stop,360,9,2890.7264343323354,True
early_stop,360,8,3152.8627028167375,False
early_stop,360,10,3164.8627028167375,True
early_stop,360,18,7156.089950082717,True
early_stop,360,5,7580.089950082717,False
early_stop,360,7,7592.089950082717,True
early_stop,360,13,7604.089950082717,True
early_stop,361,12,71.0,False
early_stop,361,13,77.0,False
early_stop,361,18,107.0,True
early_stop,361,20,119.0,True
early_stop,361,19,385.0,True
early_stop,361,14,626.3023589730001,False
early_stop,361,6,1011.4342078311872,False
early_stop,361,7,1017.4342078311872,False
early_stop,361,15,1059.4342078311872,False
early_stop,361,5,3883.2284288962924,True
early_stop,361,3,4471.553694421588,True
early_stop,361,10,4743.553694421588,True
early_stop,361,1,6034.920802830829,True
early_stop,361,17,8677.860529173517,True
early_stop,362,3,17.0,False
early_stop,362,6,35.0,False
early_stop,362,10,59.0,False
early_stop,362,16,95.0,False
early_stop,362,17,101.0,False
early_stop,362,18,107.0,False
early_stop,362,20,119.0,False
early_stop,362,12,343.0,True
early_stop,362,14,355.0,False
early_stop,362,19,385.0,True
early_stop,362,5,792.3896464471487,True
early_stop,362,9,816.3896464471487,False
early_stop,362,11,822.3896464471487,True
early_stop,362,13,2612.3896464471486,True
early_stop,362,15,4001.1331539436965,False
early_stop,363,2,11.0,True
early_stop,363,3,17.0,False
early_stop,363,6,35.0,False
early_stop,363,7,41.0,False
early_stop,363,10,59.0,False
early_stop,363,12,71.0,False
early_stop,363,13,77.0,False
early_stop,363,14,355.0,False
early_stop,363,17,2403.654457800765,True
early_stop,363,19,2911.654457800765,True
early_stop,363,16,4316.699840393972,False
early_stop,363,18,4322.699840393972,True
early_stop,363,11,5177.48558872944,True
early_stop,363,15,5183.48558872944,True
early_stop,363,20,5201.48558872944,False
early_stop,363,9,5472.7658843107665,True
early_stop,364,1,5.0,False
early_stop,364,2,11.0,False
early_stop,364,9,53.0,True
early_stop,364,11,65.0,False
early_stop,364,12,71.0,False
early_stop,364,13,77.0,True
early_stop,364,14,83.0,True
early_stop,364,16,95.0,False
early_stop,364,6,307.0,True
early_stop,364,20,1113.98953723831,True
early_stop,364,4,1624.3088644796567,False
early_stop,364,17,2387.717509806804,True
early_stop,364,15,2997.1881367148076,True
early_stop,364,18,4063.1881367148076,True
early_stop,364,19,4069.1881367148076,True
early_stop,364,3,5613.665041871093,False
early_stop,365,3,17.0,False
early_stop,365,4,23.0,False
early_stop,365,5,29.0,False
early_stop,365,15,89.0,True
early_stop,365,18,107.0,False
early_stop,365,14,355.0,True
early_stop,365,2,555.0,True
early_stop,365,10,603.0,True
early_stop,365,1,2853.756525692562,True
early_stop,365,7,4436.974135422169,False
early_stop,365,9,4448.974135422169,True
early_stop,365,17,4744.974135422169,False
early_stop,365,20,7004.756036221806,True
early_stop,365,11,7428.756036221806,True
early_stop,365,13,7716.598136153527,False
early_stop,366,3,17.0,False
early_stop,366,5,29.0,False
early_stop,366,6,35.0,False
early_stop,366,7,41.0,True
early_stop,366,11,65.0,True
early_stop,366,4,295.0,True
early_stop,366,15,2535.1900148913514,False
early_stop,366,16,3286.1734645686524,True
early_stop,366,17,4129.445187319122,True
early_stop,366,13,5308.038905266773,True
early_stop,367,1,5.0,False
early_stop,367,12,71.0,True
early_stop,367,16,95.0,False
early_stop,367,18,107.0,False
early_stop,367,19,113.0,False
early_stop,367,7,313.0,True
early_stop,367,17,373.0,False
early_stop,367,5,1653.072238934078,True
early_stop,367,20,1737.072238934078,False
early_stop,367,8,5027.168937781241,True
early_stop,368,2,11.0,True
early_stop,368,6,35.0,False
early_stop,368,8,47.0,False
early_stop,368,9,53.0,False
early_stop,368,7,1673.0,True
early_stop,368,4,2859.5263593635755,False
early_stop,368,5,2865.5263593635755,False
early_stop,368,3,5358.8374714540205,True
early_stop,368,10,5382.8374714540205,False
early_stop,368,19,5777.571267206225,True
early_stop,368,13,5983.571267206225,False
early_stop,368,14,5989.571267206225,True
early_stop,368,20,6025.571267206225,True
early_stop,369,1,5.0,True
early_stop,369,2,11.0,True
early_stop,369,3,17.0,False
early_stop,369,4,23.0,False
early_stop,369,8,47.0,True
early_stop,369,9,53.0,True
early_stop,369,11,65.0,False
early_stop,369,10,603.0,True
early_stop,369,15,1606.3729358091057,True
early_stop,369,13,1866.5429929615034,True
early_stop,369,18,3318.5429929615034,False
early_stop,369,12,3790.5429929615034,False
early_stop,369,7,4026.5429929615034,False
early_stop,369,19,4086.5429929615034,False
early_stop,369,16,4822.979340675668,True
early_stop,369,17,5565.968592793219,False
early_stop,370,16,95.0,False
early_stop,370,17,101.0,False
early_stop,370,20,119.0,False
early_stop,370,5,301.0,False
early_stop,370,13,349.0,False
early_stop,370,19,657.0,True
early_stop,370,10,2682.8779017989455,True
early_stop,370,3,5906.933822351615,False
early_stop,370,14,6202.933822351615,True
early_stop,370,9,7749.998750781762,True
early_stop,371,1,5.0,True
early_stop,371,6,35.0,False
early_stop,371,11,65.0,True
early_stop,371,14,83.0,True
early_stop,371,19,113.0,False
early_stop,371,4,295.0,False
early_stop,371,17,373.0,False
early_stop,371,20,391.0,True
early_stop,371,13,6445.101013236493,True
early_stop,371,18,6463.101013236493,False
early_stop,371,8,6645.101013236493,True
early_stop,371,10,8385.232469739824,True
early_stop,372,3,17.0,False
early_stop,372,7,41.0,True
early_stop,372,16,367.0,False
early_stop,372,17,373.0,True
early_stop,372,20,663.0,True
early_stop,372,8,4297.504216607438,True
early_stop,372,9,5083.504216607438,True
early_stop,372,10,5089.504216607438,True
early_stop,372,12,5101.504216607438,False
early_stop,372,19,5655.3188872029305,True
early_stop,373,4,23.0,True
early_stop,373,7,41.0,False
early_stop,373,8,47.0,True
early_stop,373,11,337.0,False
early_stop,373,13,349.0,True
early_stop,373,18,379.0,False
early_stop,373,15,2935.2819058762943,True
early_stop,373,12,3413.2819058762943,True
early_stop,373,16,5071.801885548764,False
early_stop,373,20,7105.216981591189,False
early_stop,374,6,35.0,False
early_stop,374,12,71.0,False
early_stop,374,16,95.0,False
early_stop,374,18,107.0,False
early_stop,374,7,313.0,False
early_stop,374,13,349.0,True
early_stop,374,17,918.4979348741073,True
early_stop,374,19,3529.621250247588,True
early_stop,374,8,5151.621250247588,False
early_stop,374,9,5693.241676769739,False
early_stop,374,20,8446.826854547991,True
early_stop,374,5,8762.877203891589,True
early_stop,375,3,17.0,False
early_stop,375,7,41.0,True
early_stop,375,9,53.0,False
early_stop,375,12,71.0,False
early_stop,375,17,101.0,False
early_stop,375,6,1780.668187243681,True
early_stop,375,10,1798.668187243681,True
early_stop,375,15,4038.1564003861026,True
early_stop,375,16,4709.111332710791,True
early_stop,375,14,6360.164097514159,False
early_stop,375,8,7970.926961363282,True
early_stop,376,6,35.0,False
early_stop,376,10,59.0,False
early_stop,376,16,95.0,False
early_stop,376,17,101.0,False
early_stop,376,18,107.0,False
early_stop,376,13,349.0,True
early_stop,376,7,599.109075888622,False
early_stop,376,20,937.109075888622,True
early_stop,376,15,2533.6003072391354,True
early_stop,376,1,2715.6003072391354,False
early_stop,376,9,2757.6003072391354,False
early_stop,376,3,2987.6003072391354,True
early_stop,376,8,3011.6003072391354,False
early_stop,376,12,7060.924132741057,True
early_stop,376,4,7463.838173710264,True
early_stop,377,4,23.0,False
early_stop,377,11,65.0,False
early_stop,377,19,113.0,True
early_stop,377,8,319.0,False
early_stop,377,20,391.0,True
early_stop,377,6,856.0977224984296,True
early_stop,377,15,2716.1763984961126,False
early_stop,377,17,3768.1763984961126,False
early_stop,377,18,4034.1763984961126,False
early_stop,377,3,4215.176815133034,False
early_stop,377,1,5234.2522637298325,True
early_stop,378,5,29.0,False
early_stop,378,10,331.0,False
early_stop,378,13,349.0,True
early_stop,378,18,379.0,False
early_stop,378,19,385.0,False
early_stop,378,4,1636.3692775200225,True
early_stop,378,15,4079.175203330891,False
early_stop,378,1,6114.064721062065,True
early_stop,378,3,6126.064721062065,True
early_stop,378,7,6598.064721062065,True
early_stop,379,8,47.0,False
early_stop,379,10,59.0,False
early_stop,379,13,77.0,True
early_stop,379,17,101.0,False
early_stop,379,7,313.0,False
early_stop,379,11,337.0,True
early_stop,379,14,355.0,True
early_stop,379,18,379.0,False
early_stop,379,6,2844.7879530084456,False
early_stop,379,19,3179.6501011908917,False
early_stop,380,10,59.0,False
early_stop,380,11,65.0,False
early_stop,380,12,71.0,False
early_stop,380,13,77.0,False
early_stop,380,18,107.0,False
early_stop,380,19,113.0,False
early_stop,380,4,1889.309451419566,False
early_stop,380,8,2173.309451419566,True
early_stop,380,14,2203.309451419566,False
early_stop,380,15,4176.408221330065,False
early_stop,380,9,4901.146006064181,False
early_stop,381,4,23.0,False
early_stop,381,5,29.0,False
early_stop,381,7,41.0,False
early_stop,381,10,59.0,True
early_stop,381,13,77.0,False
early_stop,381,15,89.0,True
early_stop,381,16,95.0,False
early_stop,381,19,113.0,True
early_stop,381,9,325.0,False
early_stop,381,11,337.0,True
early_stop,381,14,355.0,False
early_stop,381,1,956.5821521142702,True
early_stop,381,20,3488.3029982610083,True
early_stop,382,2,11.0,True
early_stop,382,6,35.0,True
early_stop,382,8,47.0,False
early_stop,382,9,53.0,False
early_stop,382,10,59.0,False
early_stop,382,11,65.0,False
early_stop,382,13,2749.0,True
early_stop,382,5,4078.2574735909793,False
early_stop,382,17,4132.257473590979,True
early_stop,382,14,4375.795849533229,True
early_stop,383,3,17.0,True
early_stop,383,8,47.0,True
early_stop,383,10,59.0,False
early_stop,383,11,65.0,True
early_stop,383,16,95.0,False
early_stop,383,17,101.0,False
early_stop,383,5,301.0,True
early_stop,383,19,385.0,True
early_stop,383,18,2937.3358564701,False
early_stop,383,4,3941.667916145608,False
early_stop,383,2,5831.220150558251,False
early_stop,383,6,6177.229122325095,True
early_stop,383,13,6207.229122325095,True
early_stop,383,15,7132.684679395236,True
early_stop,384,4,23.0,False
early_stop,384,8,47.0,True
early_stop,384,9,53.0,True
early_stop,384,13,77.0,True
early_stop,384,16,95.0,False
early_stop,384,20,119.0,False
early_stop,384,12,343.0,True
early_stop,384,17,2005.0,True
early_stop,384,1,2725.0,True
early_stop,384,15,2809.0,False
early_stop,384,2,4585.645581060233,True
early_stop,384,5,4597.645581060233,True
early_stop,384,18,4895.033044014333,True
early_stop,384,7,7553.438804495834,True
early_stop,384,19,9949.049788470238,True
early_stop,385,17,101.0,False
early_stop,385,18,107.0,True
early_stop,385,10,331.0,False
early_stop,385,13,349.0,False
early_stop,385,16,2088.635164307928,False
early_stop,385,7,3508.3698148526987,False
early_stop,385,14,3544.3698148526987,True
early_stop,385,15,3550.3698148526987,True
early_stop,385,4,5385.773038253333,True
early_stop,385,1,7453.746827203581,False
early_stop,386,5,29.0,False
early_stop,386,12,71.0,True
early_stop,386,14,83.0,True
early_stop,386,16,95.0,True
early_stop,386,18,107.0,True
early_stop,386,1,277.0,False
early_stop,386,4,295.0,True
early_stop,386,17,645.0,True
early_stop,386,15,1969.0,True
early_stop,386,20,1993.0,True
early_stop,386,9,3397.826293753179,True
early_stop,386,13,3717.6415631666464,True
early_stop,386,11,4201.641563166646,True
early_stop,386,10,5755.3611674425465,False
early_stop,387,6,35.0,False
early_stop,387,7,41.0,True
early_stop,387,12,71.0,False
early_stop,387,13,77.0,False
early_stop,387,17,101.0,False
early_stop,387,19,113.0,False
early_stop,387,20,119.0,False
early_stop,387,2,283.0,True
early_stop,387,18,379.0,False
early_stop,387,4,4789.781469192412,False
early_stop,387,5,4795.781469192412,True
early_stop,387,9,5365.232027240993,True
early_stop,387,10,5371.232027240993,True
early_stop,388,2,11.0,True
early_stop,388,4,23.0,False
early_stop,388,11,65.0,False
early_stop,388,13,77.0,True
early_stop,388,20,2023.0,True
early_stop,388,7,2972.668731215804,True
early_stop,388,3,3208.668731215804,True
early_stop,388,15,3274.668731215804,False
early_stop,388,8,3697.9821165374296,True
early_stop,388,14,3721.9821165374296,True
early_stop,388,17,3993.9821165374296,True
early_stop,388,19,4005.9821165374296,True
early_stop,388,6,6344.099163040114,False
early_stop,388,12,6362.099163040114,False
early_stop,388,18,6717.413922774357,True
early_stop,388,1,8105.198211941548,True
early_stop,389,1,5.0,True
early_stop,389,12,71.0,False
early_stop,389,17,101.0,True
early_stop,389,19,113.0,False
early_stop,389,4,295.0,True
early_stop,389,13,349.0,False
early_stop,389,15,361.0,True
early_stop,389,9,597.0,True
early_stop,389,7,973.6428130451097,False
early_stop,389,14,1003.6428130451097,True
early_stop,389,16,1015.6428130451097,False
early_stop,389,8,1630.8245931879414,False
early_stop,389,20,4987.800466099617,True
early_stop,389,3,5157.800466099617,True
early_stop,389,18,5513.001331058641,True
early_stop,390,3,17.0,True
early_stop,390,6,35.0,True
early_stop,390,14,83.0,False
early_stop,390,17,101.0,False
early_stop,390,19,113.0,True
early_stop,390,20,119.0,False
early_stop,390,1,549.0,True
early_stop,390,15,1994.9683658451738,False
early_stop,390,4,3271.577577072743,True
early_stop,390,5,3277.577577072743,False
early_stop,390,9,4430.769539193531,False
early_stop,390,18,5397.008090692898,True
early_stop,390,11,5596.9509248066,False
early_stop,390,13,5608.9509248066,False
early_stop,391,11,65.0,True
early_stop,391,20,119.0,False
early_stop,391,4,295.0,True
early_stop,391,12,343.0,False
early_stop,391,19,385.0,False
early_stop,391,1,1093.0,True
early_stop,391,8,1727.1280027452767,True
early_stop,391,6,3824.122713114294,False
early_stop,391,7,4078.122713114294,True
early_stop,391,16,4374.122713114294,True
early_stop,391,10,5669.977772438574,False
early_stop,391,15,6183.751521475566,True
early_stop,391,5,6371.751521475566,True
early_stop,392,2,11.0,True
early_stop,392,3,17.0,False
early_stop,392,5,29.0,True
early_stop,392,6,35.0,False
early_stop,392,7,41.0,False
early_stop,392,9,53.0,True
early_stop,392,14,83.0,False
early_stop,392,4,603.5523763265203,True
early_stop,392,16,675.5523763265203,True
early_stop,392,20,699.5523763265203,True
early_stop,392,1,1391.9923608199363,True
early_stop,392,18,3871.6570709527973,False
early_stop,392,15,4354.350018224664,True
early_stop,392,11,4636.133727198014,False
early_stop,393,11,65.0,False
early_stop,393,18,107.0,False
early_stop,393,1,277.0,False
early_stop,393,2,283.0,True
early_stop,393,15,361.0,False
early_stop,393,3,656.0189700373587,False
early_stop,393,10,698.0189700373587,False
early_stop,393,14,716.0189700373587,False
early_stop,393,6,1608.1275175134215,True
early_stop,393,12,2810.762214759705,False
early_stop,393,4,5638.2534778115405,False
early_stop,393,13,5898.2534778115405,True
early_stop,394,3,17.0,False
early_stop,394,4,23.0,False
early_stop,394,6,35.0,True
early_stop,394,12,71.0,False
early_stop,394,17,101.0,True
early_stop,394,18,107.0,False
early_stop,394,11,337.0,True
early_stop,394,15,361.0,True
early_stop,394,7,1185.4001513511755,True
early_stop,394,8,1439.4001513511755,True
early_stop,394,16,2835.0893415075075,True
early_stop,395,6,35.0,True
early_stop,395,11,65.0,False
early_stop,395,12,71.0,True
early_stop,395,13,77.0,False
early_stop,395,15,89.0,False
early_stop,395,1,277.0,True
early_stop,395,2,2740.1965842021436,False
early_stop,395,3,4888.3696558070715,True
early_stop,395,5,5154.3696558070715,False
early_stop,395,4,5427.76288220193,False
early_stop,395,18,5741.76288220193,True
early_stop,395,7,8269.265323396123,True
early_stop,396,2,11.0,True
early_stop,396,17,101.0,False
early_stop,396,18,107.0,True
early_stop,396,20,119.0,False
early_stop,396,12,343.0,True
early_stop,396,9,2336.7338599510313,True
early_stop,396,7,4526.679036479099,True
early_stop,396,5,4771.091379105877,True
early_stop,396,6,6476.130655961801,False
early_stop,396,19,9130.051344740732,True
early_stop,397,1,5.0,False
early_stop,397,3,17.0,False
early_stop,397,4,23.0,True
early_stop,397,9,53.0,False
early_stop,397,20,119.0,False
early_stop,397,7,313.0,False
early_stop,397,10,331.0,True
early_stop,397,15,361.0,False
early_stop,397,14,4210.168529178203,False
early_stop,397,13,5544.190321224713,True
early_stop,398,8,47.0,True
early_stop,398,11,65.0,False
early_stop,398,14,83.0,False
early_stop,398,1,277.0,False
early_stop,398,2,283.0,True
early_stop,398,15,905.0,True
early_stop,398,12,1431.0,True
early_stop,398,19,2706.298801800605,True
early_stop,398,17,3492.298801800605,False
early_stop,398,9,3716.298801800605,True
early_stop,398,18,4455.163999214983,False
early_stop,398,6,6632.613412164816,False
early_stop,398,3,8444.986310258293,True
early_stop,399,2,11.0,False
early_stop,399,4,23.0,True
early_stop,399,6,35.0,False
early_stop,399,8,319.0,False
early_stop,399,20,391.0,True
early_stop,399,12,634.5850025721801,False
early_stop,399,19,945.3986519488813,True
early_stop,399,9,1145.3986519488813,True
early_stop,399,1,2976.6934922656915,False
early_stop,399,11,4100.295097953889,False
early_stop,400,3,17.0,False
early_stop,400,7,41.0,True
early_stop,400,8,47.0,False
early_stop,400,16,95.0,False
early_stop,400,18,107.0,False
early_stop,400,19,113.0,False
early_stop,400,11,337.0,False
early_stop,400,13,349.0,False
early_stop,400,15,361.0,False
early_stop,400,17,2608.544296533006,False
early_stop,400,5,3342.212586457185,False
early_stop,400,9,4738.718664165118,True
early_stop,401,9,53.0,False
early_stop,401,11,65.0,True
early_stop,401,19,113.0,False
early_stop,401,8,319.0,False
early_stop,401,14,355.0,True
early_stop,401,18,379.0,False
early_stop,401,5,573.0,False
early_stop,401,3,1377.0,True
early_stop,401,6,3520.3725017887,False
early_stop,401,13,5473.580806379901,False
early_stop,401,4,5667.580806379901,True
early_stop,401,16,7050.2517180990035,True
early_stop,401,2,7226.2517180990035,True
early_stop,402,2,11.0,True
early_stop,402,8,47.0,True
early_stop,402,9,53.0,False
early_stop,402,10,59.0,False
early_stop,402,14,83.0,False
early_stop,402,19,113.0,True
early_stop,402,1,277.0,False
early_stop,402,16,367.0,False
early_stop,402,18,379.0,False
early_stop,402,4,567.0,True
early_stop,402,7,1332.8123285569798,True
early_stop,402,13,1356.8123285569798,True
early_stop,402,17,3017.8551955872517,False
early_stop,402,5,4077.696268222154,False
early_stop,402,20,6726.518591676636,True
early_stop,402,3,8786.523683610474,True
early_stop,403,8,47.0,False
early_stop,403,9,53.0,False
early_stop,403,11,65.0,False
early_stop,403,6,307.0,False
early_stop,403,20,964.3745315461273,False
early_stop,403,3,1932.3745315461274,False
early_stop,403,12,3181.885459242763,True
early_stop,403,13,3949.885459242763,False
early_stop,403,16,3967.885459242763,True
early_stop,403,2,4564.403047907679,True
early_stop,403,14,4870.811721292613,True
early_stop,404,7,41.0,True
early_stop,404,18,107.0,True
early_stop,404,1,277.0,True
early_stop,404,4,295.0,False
early_stop,404,13,349.0,True
early_stop,404,19,2786.2272378629814,True
early_stop,404,6,3455.5806740978405,False
early_stop,404,2,4072.7558345067123,True
early_stop,404,17,4150.755834506712,True
early_stop,404,3,4320.755834506712,True
early_stop,405,5,29.0,True
early_stop,405,9,53.0,False
early_stop,405,15,89.0,False
early_stop,405,18,107.0,True
early_stop,405,6,307.0,True
early_stop,405,10,2507.0,True
early_stop,405,4,2893.457852432026,False
early_stop,405,16,3902.2531934784724,False
early_stop,405,13,6306.32367642028,False
early_stop,405,17,6324.32367642028,False
early_stop,406,1,5.0,False
early_stop,406,4,23.0,False
early_stop,406,7,41.0,False
early_stop,406,14,83.0,True
early_stop,406,20,1195.0,True
early_stop,406,5,1371.0,True
early_stop,406,2,2122.2747869659493,True
early_stop,406,10,2170.2747869659493,False
early_stop,406,16,3011.636087456076,True
early_stop,406,11,3840.8470281706677,False
early_stop,406,17,3876.8470281706677,False
early_stop,406,3,4493.824340182842,True
early_stop,406,13,4535.824340182842,False
early_stop,407,4,23.0,False
early_stop,407,7,41.0,False
early_stop,407,18,107.0,False
early_stop,407,19,113.0,True
early_stop,407,5,301.0,True
early_stop,407,11,337.0,True
early_stop,407,12,343.0,False
early_stop,407,16,367.0,False
early_stop,407,8,604.0698743748741,True
early_stop,407,13,634.0698743748741,True
early_stop,407,20,1724.4477358812203,True
early_stop,407,9,2408.44773588122,True
early_stop,407,2,3422.286285659805,False
early_stop,407,10,3452.286285659805,True
early_stop,407,14,4493.491354290584,True
early_stop,408,5,29.0,False
early_stop,408,6,35.0,True
early_stop,408,9,53.0,True
early_stop,408,11,65.0,True
early_stop,408,15,89.0,False
early_stop,408,17,101.0,False
early_stop,408,8,319.0,True
early_stop,408,18,379.0,False
early_stop,408,20,391.0,True
early_stop,408,14,627.0,True
early_stop,408,12,887.0,True
early_stop,408,19,1201.0,True
early_stop,408,2,1643.0,True
early_stop,408,7,2727.528011213691,True
early_stop,408,3,4012.840010465339,True
early_stop,408,4,4934.978486877014,True
early_stop,409,3,17.0,True
early_stop,409,18,107.0,False
early_stop,409,19,113.0,False
early_stop,409,4,295.0,False
early_stop,409,5,301.0,True
early_stop,409,7,313.0,True
early_stop,409,13,349.0,False
early_stop,409,14,355.0,True
early_stop,409,2,565.1808703008439,True
early_stop,409,9,607.1808703008439,True
early_stop,409,17,655.1808703008439,True
early_stop,409,11,4056.5413707147877,True
early_stop,409,8,4377.235482745742,True
early_stop,409,12,6045.023976348708,True
early_stop,409,10,6245.023976348708,False
early_stop,409,16,6263.023976348708,False
early_stop,410,3,17.0,True
early_stop,410,4,23.0,False
early_stop,410,8,47.0,False
early_stop,410,10,59.0,False
early_stop,410,11,1933.0,False
early_stop,410,1,2648.9691691651406,True
early_stop,410,12,2708.9691691651406,True
early_stop,410,14,2720.9691691651406,True
early_stop,410,20,2756.9691691651406,False
early_stop,410,17,4920.259153727838,False
early_stop,410,18,4926.259153727838,False
early_stop,411,9,53.0,False
early_stop,411,16,95.0,False
early_stop,411,17,101.0,False
early_stop,411,1,277.0,False
early_stop,411,8,319.0,True
early_stop,411,11,337.0,False
early_stop,411,15,633.0,True
early_stop,411,4,849.0602719197437,True
early_stop,411,20,2234.9638949455666,True
early_stop,411,18,5009.0517922871895,True
early_stop,411,7,5202.386397639269,True
early_stop,412,1,5.0,False
early_stop,412,2,11.0,False
early_stop,412,8,47.0,False
early_stop,412,10,59.0,False
early_stop,412,16,95.0,True
early_stop,412,19,113.0,False
early_stop,412,12,343.0,True
early_stop,412,15,361.0,True
early_stop,412,20,391.0,True
early_stop,412,7,895.3062180217926,False
early_stop,412,4,1149.5534546424453,True
early_stop,412,17,4271.294099631707,True
early_stop,413,3,17.0,True
early_stop,413,5,29.0,True
early_stop,413,7,41.0,True
early_stop,413,9,53.0,False
early_stop,413,19,113.0,False
early_stop,413,11,337.0,False
early_stop,413,12,343.0,True
early_stop,413,16,367.0,False
early_stop,413,10,603.0,True
early_stop,413,20,1207.0,True
early_stop,413,2,1388.2265784548752,False
early_stop,413,18,2645.8474230254797,True
early_stop,413,8,4638.399854924306,True
early_stop,413,15,4656.399854924306,False
early_stop,413,6,6087.09372186302,True
early_stop,413,13,6093.09372186302,False
early_stop,414,5,29.0,True
early_stop,414,8,47.0,False
early_stop,414,11,65.0,True
early_stop,414,12,71.0,False
early_stop,414,20,119.0,False
early_stop,414,9,325.0,False
early_stop,414,16,367.0,False
early_stop,414,10,653.5391976999937,False
early_stop,414,6,895.5391976999937,True
early_stop,414,18,2848.1942518695155,True
early_stop,414,3,3499.565967717411,True
early_stop,414,13,5310.348044509379,False
early_stop,414,7,6146.348044509379,True
early_stop,415,10,59.0,False
early_stop,415,15,89.0,True
early_stop,415,16,95.0,False
early_stop,415,18,107.0,False
early_stop,415,9,325.0,False
early_stop,415,20,391.0,True
early_stop,415,13,893.0,True
early_stop,415,17,2649.0732900567436,True
early_stop,415,3,2831.0732900567436,True
early_stop,415,2,3564.6615180938156,False
early_stop,415,8,3600.6615180938156,True
early_stop,415,14,3618.6615180938156,True
early_stop,415,7,3836.6615180938156,True
early_stop,415,19,5992.085726218841,False
early_stop,415,1,6150.085726218841,True
early_stop,415,11,9591.319580962474,True
early_stop,416,9,53.0,False
early_stop,416,17,101.0,True
early_stop,416,20,119.0,False
early_stop,416,11,337.0,True
early_stop,416,8,596.3407718870586,True
early_stop,416,1,1352.3407718870585,False
early_stop,416,12,1678.3407718870585,False
early_stop,416,18,2694.424534955353,True
early_stop,416,19,2700.424534955353,False
early_stop,416,10,3850.424534955353,True
early_stop,416,15,5488.613359649792,True
early_stop,416,16,8127.362957546859,True
early_stop,417,2,11.0,False
early_stop,417,6,35.0,False
early_stop,417,10,59.0,False
early_stop,417,11,337.0,False
early_stop,417,16,367.0,True
early_stop,417,18,379.0,False
early_stop,417,19,385.0,True
early_stop,417,13,2473.039715917437,False
early_stop,417,8,3198.021104197383,False
early_stop,417,7,4281.550200569184,True
early_stop,417,20,4323.550200569184,False
early_stop,417,14,4977.550200569184,True
early_stop,417,1,5486.647328769262,True
early_stop,417,3,7047.4663681772745,True
early_stop,418,3,17.0,False
early_stop,418,4,23.0,True
early_stop,418,9,53.0,True
early_stop,418,10,59.0,True
early_stop,418,1,277.0,True
early_stop,418,11,337.0,True
early_stop,418,5,573.0,True
early_stop,418,7,851.0,True
early_stop,418,12,3598.7030308468957,True
early_stop,418,16,4939.478427371274,False
early_stop,418,19,4957.478427371274,False
early_stop,418,17,9213.139663688939,True
early_stop,419,2,11.0,False
early_stop,419,5,29.0,True
early_stop,419,7,41.0,True
early_stop,419,11,65.0,False
early_stop,419,16,367.0,False
early_stop,419,20,934.0153985367309,True
early_stop,419,3,1902.015398536731,True
early_stop,419,17,1980.015398536731,True
early_stop,419,8,2198.015398536731,True
early_stop,419,9,3429.6468195214943,True
early_stop,419,1,3900.8019837583533,True
early_stop,419,19,4238.781997551867,True
early_stop,419,12,5370.973828360043,True
early_stop,419,10,7997.690986751252,True
early_stop,420,4,23.0,False
early_stop,420,6,35.0,True
early_stop,420,11,65.0,False
early_stop,420,12,71.0,True
early_stop,420,13,77.0,False
early_stop,420,17,101.0,False
early_stop,420,8,319.0,False
early_stop,420,19,385.0,False
early_stop,420,9,735.8694553064669,True
early_stop,420,1,2092.1250520912263,False
early_stop,421,2,11.0,True
early_stop,421,7,41.0,True
early_stop,421,9,53.0,True
early_stop,421,10,59.0,False
early_stop,421,15,89.0,True
early_stop,421,17,101.0,True
early_stop,421,19,113.0,False
early_stop,421,20,119.0,False
early_stop,421,3,640.5239902665771,True
early_stop,421,8,2230.523990266577,False
early_stop,421,12,2248.523990266577,True
early_stop,421,18,4940.859223825737,True
early_stop,421,4,5253.274237866204,False
early_stop,421,16,5631.026700450949,True
early_stop,421,6,7737.341092118644,True
early_stop,422,5,29.0,False
early_stop,422,8,47.0,True
early_stop,422,10,59.0,False
early_stop,422,11,65.0,False
early_stop,422,19,113.0,True
early_stop,422,1,277.0,True
early_stop,422,3,289.0,True
early_stop,422,4,295.0,False
early_stop,422,12,343.0,False
early_stop,422,20,663.1702275440023,True
early_stop,422,16,2682.028885741456,False
early_stop,422,17,3891.154128515989,True
early_stop,422,13,7872.01892201462,True
early_stop,423,4,23.0,True
early_stop,423,5,29.0,False
early_stop,423,7,41.0,False
early_stop,423,10,59.0,False
early_stop,423,14,83.0,False
early_stop,423,18,107.0,False
early_stop,423,6,579.0,True
early_stop,423,9,597.0,True
early_stop,423,2,2368.9664253401925,True
early_stop,423,8,2392.9664253401925,True
early_stop,423,17,2446.9664253401925,True
early_stop,423,20,6841.534518172822,False
early_stop,424,2,11.0,False
early_stop,424,3,17.0,True
early_stop,424,7,41.0,False
early_stop,424,10,59.0,False
early_stop,424,14,83.0,False
early_stop,424,15,89.0,True
early_stop,424,16,367.0,False
early_stop,424,17,373.0,False
early_stop,424,9,1429.4202315188602,False
early_stop,424,5,1925.4202315188602,False
early_stop,424,18,1991.4202315188602,True
early_stop,424,1,3695.7498157137875,False
early_stop,424,20,4357.021538464257,False
early_stop,424,4,6762.768797959615,True
early_stop,425,2,11.0,False
early_stop,425,6,35.0,False
early_stop,425,10,59.0,False
early_stop,425,12,71.0,True
early_stop,425,14,83.0,False
early_stop,425,15,89.0,False
early_stop,425,18,107.0,True
early_stop,425,8,319.0,False
early_stop,425,7,5022.860388596777,False
early_stop,425,4,5252.860388596777,True
early_stop,425,3,5742.208776942508,False
early_stop,425,19,7180.681331296753,True
early_stop,425,1,8068.694466510636,True
early_stop,426,4,23.0,False
early_stop,426,6,35.0,False
early_stop,426,19,113.0,True
early_stop,426,20,119.0,False
early_stop,426,7,313.0,False
early_stop,426,9,325.0,False
early_stop,426,11,337.0,False
early_stop,426,3,2202.0596167278263,True
early_stop,426,5,2214.0596167278263,True
early_stop,426,8,3703.626946426518,True
early_stop,426,12,5290.361424285708,True
early_stop,427,12,71.0,True
early_stop,427,17,101.0,False
early_stop,427,18,107.0,False
early_stop,427,1,277.0,False
early_stop,427,16,367.0,True
early_stop,427,2,555.0,True
early_stop,427,11,1612.5365246293668,True
early_stop,427,9,3576.2150636315105,False
early_stop,427,5,5018.874421365588,True
early_stop,427,6,5496.874421365588,True
early_stop,427,20,6958.511255314898,True
early_stop,428,8,47.0,False
early_stop,428,9,53.0,False
early_stop,428,15,89.0,False
early_stop,428,18,107.0,False
early_stop,428,20,119.0,False
early_stop,428,5,609.6516998199747,False
early_stop,428,17,681.6516998199747,False
early_stop,428,12,1464.7201448338071,True
early_stop,428,4,2450.7201448338074,False
early_stop,428,14,3487.062484588917,True
early_stop,428,16,4990.414204098628,False
early_stop,428,2,7477.968068825133,True
early_stop,429,3,17.0,False
early_stop,429,4,23.0,False
early_stop,429,8,47.0,False
early_stop,429,11,65.0,False
early_stop,429,15,89.0,False
early_stop,429,17,101.0,True
early_stop,429,19,113.0,True
early_stop,429,13,349.0,True
early_stop,429,14,355.0,True
early_stop,429,16,367.0,False
early_stop,429,18,379.0,True
early_stop,429,7,1516.7380492973482,False
early_stop,429,2,1759.9790416329813,True
early_stop,429,1,7031.961445173017,True
early_stop,430,2,11.0,False
early_stop,430,4,23.0,False
early_stop,430,7,41.0,False
early_stop,430,12,71.0,True
early_stop,430,13,77.0,True
early_stop,430,17,101.0,False
early_stop,430,20,119.0,False
early_stop,430,15,967.4606298986005,True
early_stop,430,6,3118.0293298793526,False
early_stop,430,5,3925.4769674385843,True
early_stop,430,18,5211.133411290118,True
early_stop,430,1,5689.965403968392,True
early_stop,431,1,5.0,True
early_stop,431,7,41.0,True
early_stop,431,9,53.0,False
early_stop,431,14,83.0,False
early_stop,431,15,89.0,True
early_stop,431,4,295.0,False
early_stop,431,6,307.0,True
early_stop,431,13,1852.8047117643607,True
early_stop,431,16,2402.804711764361,True
early_stop,431,20,5470.031857311089,False
early_stop,431,17,5676.031857311089,True
early_stop,431,2,8355.962742213425,True
early_stop,432,3,17.0,False
early_stop,432,4,23.0,False
early_stop,432,6,35.0,False
early_stop,432,9,53.0,False
early_stop,432,13,77.0,False
early_stop,432,16,95.0,False
early_stop,432,18,107.0,False
early_stop,432,19,113.0,True
early_stop,432,11,1541.7778782657642,True
early_stop,432,1,1741.7778782657642,False
early_stop,432,8,1765.7778782657642,False
early_stop,432,2,2242.0071427119683,True
early_stop,432,20,3458.0071427119683,True
early_stop,432,14,4411.416554963806,True
early_stop,433,2,11.0,False
early_stop,433,3,17.0,True
early_stop,433,9,53.0,False
early_stop,433,12,71.0,False
early_stop,433,13,77.0,False
early_stop,433,16,95.0,False
early_stop,433,20,119.0,True
early_stop,433,5,301.0,False
early_stop,433,11,1425.0,True
early_stop,433,18,5425.854407576405,True
early_stop,433,15,5654.59671385976,False
early_stop,434,3,17.0,False
early_stop,434,12,71.0,False
early_stop,434,13,77.0,False
early_stop,434,1,277.0,False
early_stop,434,7,1239.272991640519,False
early_stop,434,10,2303.2729916405187,False
early_stop,434,20,2357.2729916405187,False
early_stop,434,17,3186.465896566503,True
early_stop,434,8,3957.94411506702,True
early_stop,434,14,3981.94411506702,False
early_stop,434,18,4760.739418687213,False
early_stop,434,6,7355.478483586443,True
early_stop,435,1,5.0,False
early_stop,435,2,11.0,True
early_stop,435,7,41.0,False
early_stop,435,9,53.0,False
early_stop,435,11,65.0,False
early_stop,435,12,71.0,True
early_stop,435,17,101.0,False
early_stop,435,3,289.0,False
early_stop,435,15,361.0,False
early_stop,435,19,2015.7814982115908,False
early_stop,435,5,3010.692071586301,False
early_stop,435,8,3028.692071586301,False
early_stop,435,6,4178.263256059108,False
early_stop,435,13,4488.788855730796,False
early_stop,435,16,4972.788855730796,True
early_stop,435,10,7220.286072482766,True
early_stop,436,11,65.0,False
early_stop,436,12,71.0,False
early_stop,436,2,283.0,False
early_stop,436,17,373.0,True
early_stop,436,4,838.8243144857465,True
early_stop,436,16,910.8243144857465,True
early_stop,436,1,1624.567543095049,False
early_stop,436,6,2798.7753690929335,False
early_stop,436,8,2810.7753690929335,False
early_stop,436,13,3602.892108448319,True
early_stop,436,20,4976.14869852626,True
early_stop,436,10,6559.514855663894,False
early_stop,436,9,6765.514855663894,False
early_stop,437,1,5.0,False
early_stop,437,3,17.0,False
early_stop,437,4,23.0,True
early_stop,437,8,47.0,False
early_stop,437,10,59.0,False
early_stop,437,14,83.0,False
early_stop,437,15,89.0,False
early_stop,437,18,107.0,False
early_stop,437,11,1141.0,True
early_stop,437,20,3400.932999420359,True
early_stop,437,13,3639.188961548163,True
early_stop,437,17,5092.480802278435,False
early_stop,437,5,5333.984682535027,True
early_stop,437,6,5339.984682535027,True
early_stop,438,1,5.0,False
early_stop,438,3,17.0,False
early_stop,438,17,101.0,True
early_stop,438,19,113.0,True
early_stop,438,20,391.0,False
early_stop,438,9,667.864839289662,False
early_stop,438,12,3523.115553063095,True
early_stop,438,7,4267.640531012467,False
early_stop,438,10,4285.640531012467,False
early_stop,438,18,5579.3831555293755,True
early_stop,438,16,6033.3831555293755,False
early_stop,439,9,53.0,False
early_stop,439,13,77.0,False
early_stop,439,16,95.0,True
early_stop,439,18,107.0,False
early_stop,439,19,113.0,False
early_stop,439,20,119.0,True
early_stop,439,8,319.0,True
early_stop,439,14,2222.7371312748323,False
early_stop,439,11,3278.143918718462,True
early_stop,439,4,3513.0210692302458,True
early_stop,439,10,3543.0210692302458,True
early_stop,439,7,5919.617946872497,True
early_stop,439,5,6331.617946872497,True
early_stop,440,1,5.0,False
early_stop,440,4,23.0,False
early_stop,440,8,47.0,True
early_stop,440,11,65.0,False
early_stop,440,19,113.0,False
early_stop,440,3,289.0,False
early_stop,440,7,313.0,True
early_stop,440,9,2739.046656848085,False
early_stop,440,6,4832.455906556681,True
early_stop,440,10,5711.856004024528,True
early_stop,441,7,41.0,False
early_stop,441,13,77.0,False
early_stop,441,15,89.0,False
early_stop,441,16,95.0,False
early_stop,441,1,277.0,False
early_stop,441,10,331.0,False
early_stop,441,12,343.0,False
early_stop,441,14,355.0,False
early_stop,441,19,2352.8376065852117,True
early_stop,441,5,2870.1696934207143,True
early_stop,441,17,4604.183020918653,True
early_stop,442,7,41.0,True
early_stop,442,18,107.0,False
early_stop,442,19,113.0,False
early_stop,442,20,391.0,False
early_stop,442,10,1673.0,False
early_stop,442,15,1969.0,True
early_stop,442,4,3520.309377528741,True
early_stop,442,16,3586.309377528741,True
early_stop,442,6,4040.309377528741,True
early_stop,442,14,4082.309377528741,True
early_stop,442,13,4987.16933803163,True
early_stop,442,3,7491.265886377452,True
early_stop,443,9,53.0,True
early_stop,443,13,77.0,False
early_stop,443,15,89.0,False
early_stop,443,16,95.0,False
early_stop,443,18,107.0,False
early_stop,443,19,113.0,False
early_stop,443,3,289.0,False
early_stop,443,10,603.0,False
early_stop,443,20,2305.8294283535515,False
early_stop,443,1,2745.393990644772,True
early_stop,443,5,2763.393990644772,True
early_stop,443,6,2769.393990644772,False
early_stop,443,4,4445.602949914127,False
early_stop,443,2,6010.731452151315,False
early_stop,443,7,6912.155870871704,True
early_stop,443,11,7312.155870871704,True
early_stop,444,10,59.0,False
early_stop,444,13,77.0,False
early_stop,444,16,95.0,True
early_stop,444,1,277.0,False
early_stop,444,5,301.0,False
early_stop,444,20,391.0,True
early_stop,444,9,597.0,True
early_stop,444,14,2641.663400226333,False
early_stop,444,11,2871.663400226333,True
early_stop,444,8,3701.939499905797,True
early_stop,444,17,3737.939499905797,True
early_stop,444,12,5245.89985832809,True
early_stop,445,5,29.0,False
early_stop,445,9,53.0,False
early_stop,445,13,77.0,True
early_stop,445,17,101.0,False
early_stop,445,18,107.0,False
early_stop,445,19,113.0,True
early_stop,445,3,289.0,True
early_stop,445,14,355.0,False
early_stop,445,11,1975.7762301884788,True
early_stop,445,12,2501.7762301884786,False
early_stop,445,10,3009.7762301884786,False
early_stop,445,8,4457.720878053915,True
early_stop,445,15,4475.720878053915,False
early_stop,445,7,6281.767706020786,True
early_stop,446,1,5.0,False
early_stop,446,6,35.0,True
early_stop,446,7,41.0,True
early_stop,446,10,59.0,False
early_stop,446,14,83.0,False
early_stop,446,17,101.0,True
early_stop,446,19,113.0,False
early_stop,446,5,301.0,False
early_stop,446,13,349.0,False
early_stop,446,18,379.0,False
early_stop,446,4,874.5063233392297,False
early_stop,446,15,934.5063233392297,False
early_stop,446,12,1192.7105306329195,True
early_stop,446,2,3504.3471073081964,False
early_stop,446,20,4197.299233727706,True
early_stop,446,16,8311.226866248784,True
early_stop,447,2,11.0,True
early_stop,447,4,23.0,True
early_stop,447,7,41.0,False
early_stop,447,8,47.0,False
early_stop,447,10,59.0,True
early_stop,447,18,107.0,False
early_stop,447,14,1425.0,False
early_stop,447,17,1443.0,False
early_stop,447,16,2243.7224810863727,False
early_stop,447,5,6928.824388855144,True
early_stop,447,15,6970.824388855144,True
early_stop,447,1,7281.5832782653615,True
early_stop,447,13,7335.5832782653615,False
early_stop,448,1,5.0,True
early_stop,448,6,35.0,False
early_stop,448,7,41.0,False
early_stop,448,9,53.0,False
early_stop,448,10,59.0,False
early_stop,448,13,77.0,False
early_stop,448,17,101.0,False
early_stop,448,19,113.0,False
early_stop,448,4,992.6014729258925,True
early_stop,448,8,1399.7031504502743,True
early_stop,448,2,5025.82026676649,True
early_stop,448,18,5315.82026676649,False
early_stop,449,2,11.0,False
early_stop,449,4,23.0,False
early_stop,449,6,35.0,True
early_stop,449,8,47.0,True
early_stop,449,13,77.0,False
early_stop,449,18,107.0,True
early_stop,449,20,119.0,False
early_stop,449,19,691.3927193321164,False
early_stop,449,7,2487.3927193321165,False
early_stop,449,11,3668.664442082586,True
early_stop,449,15,4806.511397832002,False
early_stop,450,2,11.0,True
early_stop,450,4,23.0,False
early_stop,450,5,29.0,True
early_stop,450,13,77.0,True
early_stop,450,16,95.0,False
early_stop,450,10,1370.3845205110383,False
early_stop,450,12,1382.3845205110383,False
early_stop,450,8,2383.9266078945425,True
early_stop,450,1,4047.9266078945425,True
early_stop,450,18,4361.926607894542,True
early_stop,451,2,11.0,False
early_stop,451,5,29.0,False
early_stop,451,13,77.0,True
early_stop,451,15,89.0,True
early_stop,451,16,95.0,True
early_stop,451,18,107.0,True
early_stop,451,19,113.0,False
early_stop,451,12,343.0,False
early_stop,451,6,4205.234865050974,False
early_stop,451,17,8855.706356358438,True
early_stop,452,2,11.0,False
early_stop,452,9,53.0,False
early_stop,452,13,77.0,True
early_stop,452,19,113.0,False
early_stop,452,20,119.0,False
early_stop,452,4,295.0,True
early_stop,452,11,337.0,True
early_stop,452,12,343.0,True
early_stop,452,8,609.1198826963752,False
early_stop,452,16,657.1198826963752,True
early_stop,452,3,3521.4853755204776,False
early_stop,452,10,6884.845557617654,True
early_stop,453,4,23.0,False
early_stop,453,6,35.0,False
early_stop,453,8,47.0,False
early_stop,453,9,53.0,True
early_stop,453,10,59.0,False
early_stop,453,16,95.0,False
early_stop,453,17,101.0,True
early_stop,453,20,119.0,False
early_stop,453,13,349.0,False
early_stop,453,18,1827.4128723678932,True
early_stop,453,1,2095.3349464955754,False
early_stop,454,4,23.0,False
early_stop,454,17,101.0,True
early_stop,454,9,325.0,False
early_stop,454,19,385.0,False
early_stop,454,20,391.0,True
early_stop,454,11,880.0603906979894,False
early_stop,454,6,1802.7882529373444,True
early_stop,454,14,2860.7882529373446,True
early_stop,454,3,3786.361349151465,False
early_stop,454,5,6202.616279622471,True
early_stop,454,18,6256.616279622471,True
early_stop,454,12,6462.616279622471,True
early_stop,455,2,11.0,False
early_stop,455,3,17.0,False
early_stop,455,7,41.0,False
early_stop,455,13,77.0,False
early_stop,455,14,83.0,False
early_stop,455,16,95.0,False
early_stop,455,18,107.0,False
early_stop,455,19,113.0,True
early_stop,455,4,295.0,False
early_stop,455,1,654.1407583192065,False
early_stop,455,5,3779.8713408146227,True
early_stop,455,11,4764.370743094325,False
early_stop,455,15,4776.370743094325,True
early_stop,455,20,5199.524382384378,False
early_stop,455,8,5826.103296816264,True
early_stop,455,6,7452.523850741076,True
early_stop,456,10,59.0,False
early_stop,456,16,95.0,False
early_stop,456,17,101.0,True
early_stop,456,4,295.0,False
early_stop,456,8,319.0,False
early_stop,456,9,325.0,True
early_stop,456,12,343.0,True
early_stop,456,14,355.0,False
early_stop,456,20,391.0,False
early_stop,456,13,621.0,True
early_stop,456,11,3545.926100736078,False
early_stop,456,6,3999.926100736078,False
early_stop,456,15,4035.926100736078,True
early_stop,456,2,4552.591875639393,True
early_stop,456,1,7542.090344905168,True
early_stop,457,1,5.0,False
early_stop,457,2,11.0,True
early_stop,457,4,23.0,False
early_stop,457,12,71.0,True
early_stop,457,13,77.0,False
early_stop,457,16,95.0,True
early_stop,457,19,113.0,False
early_stop,457,11,337.0,False
early_stop,457,9,1939.9188027211992,False
early_stop,457,18,1987.9188027211992,True
early_stop,457,3,3889.8213186860035,True
early_stop,457,20,4384.767904564154,True
early_stop,457,6,4560.767904564154,False
early_stop,457,15,4596.767904564154,False
early_stop,457,5,4836.507681616535,True
early_stop,457,10,8566.622512845955,True
early_stop,458,3,17.0,False
early_stop,458,11,65.0,False
early_stop,458,17,101.0,False
early_stop,458,19,113.0,False
early_stop,458,15,361.0,True
early_stop,458,20,391.0,False
early_stop,458,5,1301.4508304293659,False
early_stop,458,8,1319.4508304293659,False
early_stop,458,13,1697.8006905951122,True
early_stop,458,9,6467.757745983544,False
early_stop,459,2,11.0,True
early_stop,459,5,29.0,False
early_stop,459,6,35.0,False
early_stop,459,11,65.0,False
early_stop,459,14,83.0,False
early_stop,459,20,119.0,False
early_stop,459,17,373.0,True
early_stop,459,7,685.7761130586786,True
early_stop,459,19,757.7761130586786,True
early_stop,459,13,2513.887536874874,True
early_stop,459,15,2773.887536874874,True
early_stop,459,1,5509.81385111126,False
early_stop,459,18,6564.360382317748,True
early_stop,459,4,7092.360382317748,True
early_stop,459,8,8076.994787147933,True
early_stop,460,1,5.0,False
early_stop,460,10,331.0,False
early_stop,460,9,1141.0,True
early_stop,460,11,1425.0,False
early_stop,460,19,1745.0,True
early_stop,460,16,1999.0,True
early_stop,460,13,2601.8261926184514,True
early_stop,460,12,3609.048422776519,False
early_stop,460,7,3833.048422776519,True
early_stop,460,17,4938.311139786169,True
early_stop,460,8,5374.2188700446695,False
early_stop,460,15,5610.2188700446695,True
early_stop,461,12,71.0,False
early_stop,461,18,107.0,False
early_stop,461,2,283.0,True
early_stop,461,3,289.0,True
early_stop,461,8,1407.0,True
early_stop,461,14,1443.0,True
early_stop,461,17,1461.0,False
early_stop,461,6,3792.5408759115094,True
early_stop,461,4,4526.042839259198,False
early_stop,461,9,4550.042839259198,False
early_stop,461,11,4562.042839259198,True
early_stop,461,10,6446.524195046743,True
early_stop,461,19,6476.524195046743,False
early_stop,461,5,7960.524195046743,True
early_stop,461,7,7966.524195046743,True
early_stop,462,3,17.0,False
early_stop,462,5,29.0,False
early_stop,462,6,35.0,False
early_stop,462,12,71.0,False
early_stop,462,17,101.0,False
early_stop,462,20,119.0,False
early_stop,462,2,1892.5589341898249,False
early_stop,462,11,2200.558934189825,False
early_stop,462,18,3536.9614769745394,True
early_stop,462,4,4641.342788029833,True
early_stop,462,1,4859.342788029833,False
early_stop,462,15,6821.145011683123,True
early_stop,462,10,7184.000761617855,True
early_stop,462,13,8795.983707207153,True
early_stop,463,7,41.0,False
early_stop,463,12,71.0,False
early_stop,463,4,295.0,True
early_stop,463,8,319.0,False
early_stop,463,11,337.0,False
early_stop,463,3,561.0,True
early_stop,463,16,1283.021326346579,True
early_stop,463,18,4910.394833203425,False
early_stop,463,19,5158.394833203425,True
early_stop,463,20,5406.394833203425,False
early_stop,463,10,5712.109102263281,True
early_stop,464,3,17.0,False
early_stop,464,5,29.0,True
early_stop,464,7,41.0,True
early_stop,464,16,95.0,False
early_stop,464,2,283.0,False
early_stop,464,20,391.0,False
early_stop,464,6,578.0479897207462,False
early_stop,464,18,650.0479897207462,True
early_stop,464,9,2844.978593516517,False
early_stop,464,8,3963.009303792656,True
early_stop,464,15,4480.451453281678,False
early_stop,464,19,6064.09976448907,True
early_stop,465,1,5.0,True
early_stop,465,2,11.0,True
early_stop,465,8,47.0,False
early_stop,465,11,65.0,False
early_stop,465,12,71.0,False
early_stop,465,13,77.0,False
early_stop,465,6,307.0,True
early_stop,465,9,634.4319119921638,True
early_stop,465,20,1413.059812564671,True
early_stop,465,3,4065.2442756918854,True
early_stop,465,15,6148.031442669825,False
early_stop,466,4,23.0,False
early_stop,466,6,35.0,False
early_stop,466,20,391.0,False
early_stop,466,8,3820.369871226516,True
early_stop,466,9,3826.369871226516,False
early_stop,466,12,3844.369871226516,False
early_stop,466,5,4316.369871226516,False
early_stop,466,10,5610.369871226516,True
early_stop,466,7,6125.200933201757,True
early_stop,466,17,8165.759443729685,True
early_stop,467,1,5.0,True
early_stop,467,2,11.0,True
early_stop,467,3,17.0,False
early_stop,467,5,29.0,False
early_stop,467,7,41.0,False
early_stop,467,12,71.0,False
early_stop,467,13,77.0,True
early_stop,467,14,83.0,False
early_stop,467,20,3081.1052160720496,True
early_stop,467,15,4075.4189173026202,False
early_stop,467,16,4664.687264711499,True
early_stop,467,9,4881.94060271294,True
early_stop,468,2,11.0,True
early_stop,468,3,17.0,False
early_stop,468,12,71.0,True
early_stop,468,20,119.0,True
early_stop,468,7,313.0,False
early_stop,468,18,1689.3361128214929,True
early_stop,468,11,2415.336112821493,False
early_stop,468,6,4080.769758971255,True
early_stop,468,9,4092.769758971255,True
early_stop,468,8,7474.294158220186,True
early_stop,468,13,8677.894903589171,True
early_stop,469,1,5.0,False
early_stop,469,4,23.0,False
early_stop,469,5,29.0,False
early_stop,469,10,59.0,False
early_stop,469,11,65.0,True
early_stop,469,12,71.0,False
early_stop,469,14,83.0,True
early_stop,469,2,283.0,True
early_stop,469,19,385.0,False
early_stop,469,9,2464.0120374801672,True
early_stop,469,13,2488.0120374801672,False
early_stop,469,16,4337.561750232231,True
early_stop,470,2,11.0,False
early_stop,470,6,35.0,False
early_stop,470,7,41.0,False
early_stop,470,13,77.0,True
early_stop,470,15,89.0,False
early_stop,470,20,663.0,False
early_stop,470,12,5258.026333175935,True
early_stop,470,17,5282.026333175935,True
early_stop,470,16,6117.0897699159395,True
early_stop,470,5,6305.0897699159395,True
early_stop,471,1,5.0,False
early_stop,471,4,23.0,False
early_stop,471,6,35.0,False
early_stop,471,8,47.0,False
early_stop,471,9,53.0,False
early_stop,471,12,71.0,False
early_stop,471,14,83.0,True
early_stop,471,15,89.0,True
early_stop,471,2,283.0,False
early_stop,471,13,349.0,False
early_stop,471,3,3534.8511415734993,False
early_stop,471,16,3594.8511415734993,False
early_stop,471,7,5983.186974289639,True
early_stop,471,10,7688.903718412903,True
early_stop,471,11,9018.13594840333,True
early_stop,472,6,35.0,False
early_stop,472,13,77.0,False
early_stop,472,14,355.0,True
early_stop,472,12,1431.0,True
early_stop,472,15,1993.0,True
early_stop,472,2,2870.879510296852,False
early_stop,472,20,2966.879510296852,True
early_stop,472,5,4024.1321256274296,True
early_stop,472,4,6361.6229332711555,True
early_stop,472,3,6597.6229332711555,True
early_stop,472,7,6872.031733438692,True
early_stop,473,4,23.0,True
early_stop,473,12,71.0,False
early_stop,473,14,83.0,False
early_stop,473,17,101.0,False
early_stop,473,1,277.0,False
early_stop,473,2,283.0,True
early_stop,473,10,331.0,True
early_stop,473,8,591.0,True
early_stop,473,5,2229.6417836558494,True
early_stop,473,13,4349.955532542166,False
early_stop,473,3,4543.955532542166,True
early_stop,473,11,4579.955532542166,True
early_stop,474,2,11.0,False
early_stop,474,6,35.0,False
early_stop,474,5,301.0,False
early_stop,474,12,343.0,True
early_stop,474,15,361.0,False
early_stop,474,10,3749.6009772129632,False
early_stop,474,14,4263.600977212964,True
early_stop,474,4,4959.600977212964,True
early_stop,474,3,7056.849359159101,True
early_stop,474,20,7116.849359159101,True
early_stop,475,3,17.0,True
early_stop,475,4,23.0,True
early_stop,475,8,47.0,False
early_stop,475,11,65.0,False
early_stop,475,18,107.0,False
early_stop,475,19,113.0,False
early_stop,475,15,361.0,True
early_stop,475,2,654.1887711197146,False
early_stop,475,6,678.1887711197146,False
early_stop,475,1,1041.6220864727238,True
early_stop,476,1,5.0,True
early_stop,476,8,47.0,True
early_stop,476,9,53.0,False
early_stop,476,12,71.0,False
early_stop,476,14,83.0,False
early_stop,476,17,101.0,False
early_stop,476,19,113.0,False
early_stop,476,4,295.0,False
early_stop,476,10,608.28782053161,False
early_stop,476,18,656.28782053161,True
early_stop,476,7,2577.5139602746335,True
early_stop,476,15,2919.4275391147135,True
early_stop,476,3,5901.164615456847,True
early_stop,477,1,5.0,True
early_stop,477,2,11.0,False
early_stop,477,8,47.0,False
early_stop,477,10,59.0,False
early_stop,477,15,89.0,True
early_stop,477,18,107.0,True
early_stop,477,3,289.0,False
early_stop,477,6,307.0,True
early_stop,477,16,991.9996806011532,True
early_stop,477,13,2031.9996806011532,False
early_stop,477,11,2539.999680601153,True
early_stop,477,7,3747.595184530173,True
early_stop,477,14,3777.595184530173,True
early_stop,477,20,4037.595184530173,True
early_stop,478,1,5.0,True
early_stop,478,4,23.0,False
early_stop,478,17,101.0,False
early_stop,478,6,307.0,False
early_stop,478,14,1171.0,True
early_stop,478,9,2024.7441550806996,False
early_stop,478,16,2592.7441550807,True
early_stop,478,20,2616.7441550807,True
early_stop,478,7,3171.752791366452,True
early_stop,478,2,3707.3865442615447,True
early_stop,478,10,4393.262532485698,True
early_stop,478,5,5436.21727409701,False
early_stop,479,2,11.0,True
early_stop,479,3,17.0,False
early_stop,479,5,29.0,True
early_stop,479,6,35.0,False
early_stop,479,7,41.0,True
early_stop,479,11,65.0,True
early_stop,479,13,77.0,True
early_stop,479,1,277.0,True
early_stop,479,14,355.0,False
early_stop,479,15,361.0,True
early_stop,479,19,385.0,False
early_stop,479,20,391.0,False
early_stop,479,9,1213.582625121903,True
early_stop,479,18,1655.2699417067342,False
early_stop,479,12,4876.166673573031,False
early_stop,479,17,5885.6073536006725,False
early_stop,480,10,59.0,False
early_stop,480,11,65.0,False
early_stop,480,17,101.0,False
early_stop,480,19,113.0,True
early_stop,480,20,391.0,True
early_stop,480,13,621.0,False
early_stop,480,15,905.0,True
early_stop,480,12,2802.5274215944946,False
early_stop,480,2,4094.872878734405,False
early_stop,480,4,4106.872878734404,False
early_stop,480,7,4124.872878734404,True
early_stop,480,5,6478.646590261046,False
early_stop,480,14,7943.318696191474,True
early_stop,481,4,23.0,False
early_stop,481,11,65.0,True
early_stop,481,16,95.0,False
early_stop,481,18,107.0,False
early_stop,481,20,119.0,False
early_stop,481,2,283.0,False
early_stop,481,9,325.0,True
early_stop,481,10,331.0,True
early_stop,481,8,591.0,True
early_stop,481,5,3743.315537757895,True
early_stop,481,14,3791.315537757895,True
early_stop,481,1,4273.738345627516,False
early_stop,481,15,4581.738345627516,True
early_stop,481,6,4787.738345627516,True
early_stop,481,3,6092.782826360083,True
early_stop,482,6,35.0,False
early_stop,482,9,53.0,False
early_stop,482,17,101.0,False
early_stop,482,3,289.0,False
early_stop,482,8,319.0,False
early_stop,482,13,349.0,False
early_stop,482,20,391.0,False
early_stop,482,10,3524.301307446462,True
early_stop,482,14,3542.301307446462,False
early_stop,482,4,4181.559923010196,True
early_stop,482,19,4241.559923010196,False
early_stop,482,1,5608.895444798268,False
early_stop,482,18,6895.936423971973,True
early_stop,482,7,9152.384669228602,True
early_stop,483,1,5.0,False
early_stop,483,2,11.0,True
early_stop,483,12,71.0,False
early_stop,483,13,77.0,True
early_stop,483,18,107.0,False
early_stop,483,19,113.0,False
early_stop,483,11,1661.0,True
early_stop,483,15,1685.0,True
early_stop,483,4,2438.207523733489,False
early_stop,483,9,3520.7337253932237,True
early_stop,483,3,4012.134789573563,False
early_stop,483,10,5313.494611310833,True
early_stop,483,6,5537.494611310833,True
early_stop,483,16,5585.494611310833,False
early_stop,484,2,11.0,False
early_stop,484,5,29.0,True
early_stop,484,6,35.0,False
early_stop,484,17,101.0,False
early_stop,484,19,113.0,False
early_stop,484,8,319.0,False
early_stop,484,12,343.0,False
early_stop,484,16,367.0,False
early_stop,484,14,833.6522754529226,True
early_stop,484,13,2841.5916247169616,True
early_stop,484,15,4165.008580987481,True
early_stop,484,18,4401.008580987481,True
early_stop,484,4,4940.188210729521,False
early_stop,484,11,7210.188210729521,True
early_stop,485,5,29.0,False
early_stop,485,6,35.0,False
early_stop,485,11,65.0,True
early_stop,485,14,83.0,False
early_stop,485,18,107.0,False
early_stop,485,8,319.0,False
early_stop,485,13,349.0,True
early_stop,485,12,932.0978300158716,True
early_stop,485,16,1734.3966254453717,True
early_stop,485,10,3836.9761294574437,False
early_stop,485,7,7889.7676145374735,True
early_stop,486,8,47.0,False
early_stop,486,16,95.0,True
early_stop,486,19,113.0,True
early_stop,486,7,313.0,False
early_stop,486,9,1932.131870661767,False
early_stop,486,5,2446.1318706617667,True
early_stop,486,6,2452.1318706617667,True
early_stop,486,12,2482.1318706617667,False
early_stop,486,20,2530.1318706617667,True
early_stop,486,15,4625.370150266792,False
early_stop,486,14,7483.556827056118,True
early_stop,487,2,11.0,False
early_stop,487,3,17.0,False
early_stop,487,8,47.0,False
early_stop,487,10,59.0,True
early_stop,487,12,71.0,False
early_stop,487,16,95.0,False
early_stop,487,18,107.0,False
early_stop,487,20,119.0,False
early_stop,487,6,307.0,False
early_stop,487,7,749.5936846132238,True
early_stop,487,13,785.5936846132238,True
early_stop,487,14,791.5936846132238,False
early_stop,487,11,1813.5936846132238,True
early_stop,487,4,2353.6913161571533,True
early_stop,487,5,2613.6913161571533,True
early_stop,487,9,7017.795414280626,True
early_stop,488,7,41.0,False
early_stop,488,9,53.0,True
early_stop,488,11,65.0,False
early_stop,488,20,119.0,True
early_stop,488,10,331.0,False
early_stop,488,17,373.0,False
early_stop,488,18,379.0,True
early_stop,488,13,3672.073651336728,True
early_stop,488,6,4114.073651336728,True
early_stop,488,3,7949.0819342543855,True
early_stop,489,14,83.0,False
early_stop,489,15,89.0,True
early_stop,489,16,95.0,True
early_stop,489,3,289.0,True
early_stop,489,17,645.0,False
early_stop,489,20,2016.6155503531907,False
early_stop,489,1,2706.615550353191,False
early_stop,489,9,3828.6802162417166,True
early_stop,489,13,3852.6802162417166,False
early_stop,489,6,4052.6802162417166,False
early_stop,489,19,4540.600695024336,True
early_stop,490,2,11.0,True
early_stop,490,6,35.0,False
early_stop,490,7,41.0,False
early_stop,490,12,71.0,True
early_stop,490,20,119.0,False
early_stop,490,14,355.0,False
early_stop,490,10,603.0,True
early_stop,490,16,993.3214004913492,True
early_stop,490,18,2221.464301214198,True
early_stop,490,3,3207.9390857877397,False
early_stop,490,8,3225.9390857877397,False
early_stop,490,4,4554.744309648136,False
early_stop,490,13,5834.58899495187,True
early_stop,490,9,6034.58899495187,True
early_stop,490,15,7365.238064114601,True
early_stop,491,4,23.0,False
early_stop,491,9,53.0,False
early_stop,491,11,65.0,False
early_stop,491,14,83.0,False
early_stop,491,16,95.0,False
early_stop,491,17,101.0,False
early_stop,491,6,307.0,True
early_stop,491,7,313.0,False
early_stop,491,13,1178.155110109007,True
early_stop,491,19,4545.010667422242,True
early_stop,491,8,4742.856901464909,False
early_stop,491,12,5322.975694275103,False
early_stop,491,18,6180.152336356928,True
early_stop,492,4,23.0,False
early_stop,492,5,29.0,True
early_stop,492,10,59.0,True
early_stop,492,13,77.0,False
early_stop,492,20,119.0,False
early_stop,492,3,289.0,True
early_stop,492,6,307.0,True
early_stop,492,14,355.0,True
early_stop,492,15,361.0,True
early_stop,492,2,2057.6508080158865,True
early_stop,492,18,3334.642239372421,True
early_stop,492,12,4192.0358005623175,False
early_stop,492,11,4416.0358005623175,True
early_stop,492,1,4662.332012909439,False
early_stop,492,16,4710.332012909439,True
early_stop,492,19,7010.810358516797,True
early_stop,493,1,5.0,False
early_stop,493,5,29.0,False
early_stop,493,8,47.0,False
early_stop,493,9,53.0,False
early_stop,493,10,59.0,False
early_stop,493,16,95.0,True
early_stop,493,4,295.0,False
early_stop,493,12,343.0,False
early_stop,493,14,355.0,False
early_stop,493,11,681.1254660121745,True
early_stop,493,17,1928.7888589086585,True
early_stop,493,19,5700.652176265722,True
early_stop,494,4,23.0,True
early_stop,494,6,35.0,False
early_stop,494,12,71.0,True
early_stop,494,14,83.0,True
early_stop,494,19,113.0,False
early_stop,494,9,325.0,True
early_stop,494,16,367.0,False
early_stop,494,18,379.0,False
early_stop,494,11,948.9937742755146,False
early_stop,494,15,972.9937742755146,True
early_stop,494,1,1881.8011016433861,True
early_stop,494,7,2638.092696495156,True
early_stop,494,10,2938.8339709827087,True
early_stop,494,20,6903.993385621859,False
early_stop,494,5,7073.993385621859,True
early_stop,495,19,113.0,False
early_stop,495,2,283.0,True
early_stop,495,4,295.0,False
early_stop,495,5,301.0,True
early_stop,495,6,307.0,False
early_stop,495,11,337.0,True
early_stop,495,13,349.0,False
early_stop,495,20,391.0,False
early_stop,495,14,1543.0782075925356,False
early_stop,495,10,1911.230426032289,True
early_stop,495,15,1935.230426032289,False
early_stop,495,3,3643.7610445941705,False
early_stop,495,7,5544.619132073127,False
early_stop,495,17,5580.619132073127,False
early_stop,495,18,5586.619132073127,False
early_stop,496,4,23.0,False
early_stop,496,5,29.0,False
early_stop,496,13,77.0,False
early_stop,496,17,101.0,False
early_stop,496,18,107.0,False
early_stop,496,19,113.0,False
early_stop,496,8,319.0,True
early_stop,496,10,331.0,True
early_stop,496,12,615.0,True
early_stop,496,7,1425.9432664746407,True
early_stop,496,15,1993.9432664746407,True
early_stop,496,20,3546.201727193342,True
early_stop,496,9,4650.559653311829,True
early_stop,496,11,4656.559653311829,False
early_stop,496,3,4856.366424946045,True
early_stop,497,2,11.0,True
early_stop,497,5,29.0,True
early_stop,497,9,53.0,False
early_stop,497,12,71.0,False
early_stop,497,18,107.0,True
early_stop,497,20,119.0,False
early_stop,497,10,2069.219296086635,False
early_stop,497,6,2571.219296086635,False
early_stop,497,7,4606.941425792004,False
early_stop,497,4,4836.941425792004,True
early_stop,497,13,6300.495846899901,False
early_stop,497,11,6530.495846899901,True
early_stop,498,1,5.0,False
early_stop,498,3,17.0,False
early_stop,498,5,29.0,False
early_stop,498,8,47.0,False
early_stop,498,9,53.0,False
early_stop,498,12,71.0,True
early_stop,498,13,77.0,True
early_stop,498,14,83.0,False
early_stop,498,16,95.0,False
early_stop,498,18,107.0,True
early_stop,498,19,113.0,False
early_stop,498,20,1135.591758164135,False
early_stop,498,10,2469.3152597124,True
early_stop,499,2,11.0,True
early_stop,499,5,29.0,False
early_stop,499,6,35.0,True
early_stop,499,9,53.0,True
early_stop,499,10,59.0,False
early_stop,499,11,65.0,True
early_stop,499,12,71.0,False
early_stop,499,19,385.0,True
early_stop,499,16,2355.8332340780894,True
early_stop,499,17,4618.996005791879,True
