strategy,seed,channel,first_seen_time_s,directional
ida_heuristic_clear_probe,1053799946,11,65.0,True
ida_heuristic_clear_probe,1053799946,6,354.2,True
ida_heuristic_clear_probe,1053799946,5,360.2,False
ida_heuristic_clear_probe,1053799946,4,366.2,False
ida_heuristic_clear_probe,1053799946,16,1025.2747993187413,True
ida_heuristic_clear_probe,1053799946,8,1902.9222607829229,True
ida_heuristic_clear_probe,1053799946,2,2192.1222607829227,False
ida_heuristic_clear_probe,1053799946,17,2602.5222607829223,False
ida_heuristic_clear_probe,1053799946,1,3126.922260782922,False
ida_heuristic_clear_probe,1053799946,9,3341.912220893618,True
ida_heuristic_clear_probe,1053799946,12,3577.1122208936176,True
ida_heuristic_clear_probe,1053799946,15,4560.179125332562,True
ida_heuristic_clear_probe,1053799946,3,4759.379125332562,True
ida_heuristic_clear_probe,1053799946,19,4819.379125332562,True
ida_heuristic_clear_probe,1053799946,10,6668.499627406836,False
ida_heuristic_clear_probe,3769781415,5,29.0,True
ida_heuristic_clear_probe,3769781415,11,65.0,False
ida_heuristic_clear_probe,3769781415,14,306.2,True
ida_heuristic_clear_probe,3769781415,13,312.2,False
ida_heuristic_clear_probe,3769781415,4,366.2,True
ida_heuristic_clear_probe,3769781415,18,1296.175028795344,True
ida_heuristic_clear_probe,3769781415,2,2495.662756608265,True
ida_heuristic_clear_probe,3769781415,19,2561.662756608265,False
ida_heuristic_clear_probe,3769781415,7,2772.862756608265,False
ida_heuristic_clear_probe,3769781415,6,3225.2627566082647,False
ida_heuristic_clear_probe,3769781415,16,3626.9166248341985,True
ida_heuristic_clear_probe,3769781415,12,3638.9166248341985,True
ida_heuristic_clear_probe,3769781415,8,4414.827039394113,False
ida_heuristic_clear_probe,3769781415,1,4426.827039394113,False
ida_heuristic_clear_probe,54363013,5,29.0,False
ida_heuristic_clear_probe,54363013,6,35.0,False
ida_heuristic_clear_probe,54363013,7,41.0,True
ida_heuristic_clear_probe,54363013,8,47.0,True
ida_heuristic_clear_probe,54363013,17,101.0,True
ida_heuristic_clear_probe,54363013,19,276.2,True
ida_heuristic_clear_probe,54363013,14,306.2,True
ida_heuristic_clear_probe,54363013,2,541.4,False
ida_heuristic_clear_probe,54363013,4,553.4,False
ida_heuristic_clear_probe,54363013,18,637.4,False
ida_heuristic_clear_probe,54363013,12,842.5999999999999,True
ida_heuristic_clear_probe,54363013,9,1819.5017398598786,True
ida_heuristic_clear_probe,54363013,20,2746.6888302764437,True
ida_heuristic_clear_probe,54363013,16,3331.5472562752743,True
ida_heuristic_clear_probe,54363013,11,4417.882529702615,True
ida_heuristic_clear_probe,54363013,15,5328.363439244895,True
ida_heuristic_clear_probe,1790261668,2,11.0,True
ida_heuristic_clear_probe,1790261668,4,23.0,False
ida_heuristic_clear_probe,1790261668,6,35.0,True
ida_heuristic_clear_probe,1790261668,7,41.0,True
ida_heuristic_clear_probe,1790261668,16,95.0,True
ida_heuristic_clear_probe,1790261668,18,107.0,False
ida_heuristic_clear_probe,1790261668,19,276.2,False
ida_heuristic_clear_probe,1790261668,3,372.2,False
ida_heuristic_clear_probe,1790261668,14,830.3865796437253,False
ida_heuristic_clear_probe,1790261668,5,884.3865796437253,True
ida_heuristic_clear_probe,1790261668,8,2083.422804305289,False
ida_heuristic_clear_probe,1790261668,12,3290.50345477511,True
ida_heuristic_clear_probe,1790261668,13,3757.843121316445,True
ida_heuristic_clear_probe,1790261668,1,5887.267806594404,True
ida_heuristic_clear_probe,1790261668,17,5917.267806594404,True
ida_heuristic_clear_probe,1790261668,9,6782.163744547999,True
ida_heuristic_clear_probe,1842799737,8,47.0,False
ida_heuristic_clear_probe,1842799737,16,95.0,False
ida_heuristic_clear_probe,1842799737,20,119.0,False
ida_heuristic_clear_probe,1842799737,15,300.2,False
ida_heuristic_clear_probe,1842799737,6,354.2,False
ida_heuristic_clear_probe,1842799737,9,609.8370746156991,True
ida_heuristic_clear_probe,1842799737,13,633.8370746156991,True
ida_heuristic_clear_probe,1842799737,5,1348.9317926708127,True
ida_heuristic_clear_probe,1842799737,12,2230.82553516325,False
ida_heuristic_clear_probe,1842799737,1,2851.3890793556816,True
ida_heuristic_clear_probe,1842799737,10,3110.5890793556814,True
ida_heuristic_clear_probe,1842799737,19,3375.789079355681,False
ida_heuristic_clear_probe,164208968,2,11.0,True
ida_heuristic_clear_probe,164208968,7,41.0,False
ida_heuristic_clear_probe,164208968,8,47.0,False
ida_heuristic_clear_probe,164208968,9,53.0,True
ida_heuristic_clear_probe,164208968,11,65.0,True
ida_heuristic_clear_probe,164208968,15,89.0,False
ida_heuristic_clear_probe,164208968,17,101.0,False
ida_heuristic_clear_probe,164208968,16,580.8503881063072,False
ida_heuristic_clear_probe,164208968,14,796.7067133692142,False
ida_heuristic_clear_probe,164208968,12,1101.5868579111966,True
ida_heuristic_clear_probe,164208968,20,1286.1275897451976,False
ida_heuristic_clear_probe,164208968,19,1292.1275897451976,False
ida_heuristic_clear_probe,164208968,1,1376.1275897451976,False
ida_heuristic_clear_probe,164208968,4,1762.9553974701334,True
ida_heuristic_clear_probe,164208968,6,3711.3929990946285,True
ida_heuristic_clear_probe,278802184,1,5.0,False
ida_heuristic_clear_probe,278802184,6,35.0,False
ida_heuristic_clear_probe,278802184,9,53.0,False
ida_heuristic_clear_probe,278802184,19,276.2,False
ida_heuristic_clear_probe,278802184,16,294.2,False
ida_heuristic_clear_probe,278802184,12,318.2,False
ida_heuristic_clear_probe,278802184,5,360.2,False
ida_heuristic_clear_probe,278802184,20,1088.3955041492045,True
ida_heuristic_clear_probe,278802184,7,2001.423185272697,True
ida_heuristic_clear_probe,278802184,4,2433.536781863013,False
ida_heuristic_clear_probe,278802184,17,3034.344666663575,True
ida_heuristic_clear_probe,278802184,8,4465.94135290367,True
ida_heuristic_clear_probe,278802184,18,6544.8741626258,True
ida_heuristic_clear_probe,184571676,2,11.0,True
ida_heuristic_clear_probe,184571676,3,17.0,True
ida_heuristic_clear_probe,184571676,4,23.0,False
ida_heuristic_clear_probe,184571676,7,41.0,True
ida_heuristic_clear_probe,184571676,10,59.0,True
ida_heuristic_clear_probe,184571676,16,95.0,True
ida_heuristic_clear_probe,184571676,15,300.2,False
ida_heuristic_clear_probe,184571676,14,613.4,True
ida_heuristic_clear_probe,184571676,6,1616.2549603672742,True
ida_heuristic_clear_probe,184571676,5,3079.2874220487515,False
ida_heuristic_clear_probe,184571676,13,3935.074107341874,True
ida_heuristic_clear_probe,184571676,18,3953.074107341874,False
ida_heuristic_clear_probe,184571676,20,3965.074107341874,False
ida_heuristic_clear_probe,184571676,1,7730.803324018781,True
ida_heuristic_clear_probe,3873771518,1,5.0,True
ida_heuristic_clear_probe,3873771518,12,71.0,False
ida_heuristic_clear_probe,3873771518,13,77.0,True
ida_heuristic_clear_probe,3873771518,15,89.0,False
ida_heuristic_clear_probe,3873771518,20,119.0,False
ida_heuristic_clear_probe,3873771518,16,294.2,False
ida_heuristic_clear_probe,3873771518,4,366.2,False
ida_heuristic_clear_probe,3873771518,14,736.1412863206549,True
ida_heuristic_clear_probe,3873771518,3,4128.861996436133,False
ida_heuristic_clear_probe,3873771518,2,5750.351107168409,True
ida_heuristic_clear_probe,3873771518,5,5981.833302856929,True
ida_heuristic_clear_probe,886997678,1,5.0,False
ida_heuristic_clear_probe,886997678,8,47.0,False
ida_heuristic_clear_probe,886997678,10,59.0,False
ida_heuristic_clear_probe,886997678,14,83.0,False
ida_heuristic_clear_probe,886997678,15,89.0,True
ida_heuristic_clear_probe,886997678,20,119.0,True
ida_heuristic_clear_probe,886997678,11,324.2,False
ida_heuristic_clear_probe,886997678,9,336.2,False
ida_heuristic_clear_probe,886997678,12,606.6125984133253,False
ida_heuristic_clear_probe,886997678,18,1389.9522752581224,True
ida_heuristic_clear_probe,886997678,17,1755.2900782227987,True
ida_heuristic_clear_probe,886997678,19,1900.2265309805307,False
ida_heuristic_clear_probe,886997678,4,2477.299003841963,False
ida_heuristic_clear_probe,886997678,5,2483.299003841963,True
ida_heuristic_clear_probe,886997678,7,2495.299003841963,False
ida_heuristic_clear_probe,1087166466,15,89.0,True
ida_heuristic_clear_probe,1087166466,18,107.0,False
ida_heuristic_clear_probe,1087166466,20,119.0,True
ida_heuristic_clear_probe,1087166466,17,288.2,False
ida_heuristic_clear_probe,1087166466,14,306.2,True
ida_heuristic_clear_probe,1087166466,12,318.2,False
ida_heuristic_clear_probe,1087166466,6,354.2,False
ida_heuristic_clear_probe,1087166466,10,854.37238254415,False
ida_heuristic_clear_probe,1087166466,5,884.37238254415,False
ida_heuristic_clear_probe,1087166466,2,1065.57238254415,True
ida_heuristic_clear_probe,1087166466,19,1149.57238254415,True
ida_heuristic_clear_probe,1087166466,16,1730.4692161793562,False
ida_heuristic_clear_probe,1087166466,3,1784.4692161793562,True
ida_heuristic_clear_probe,1087166466,1,1947.6692161793562,False
ida_heuristic_clear_probe,1087166466,4,1965.6692161793562,True
ida_heuristic_clear_probe,1087166466,13,2001.6692161793562,True
ida_heuristic_clear_probe,1162432340,1,5.0,False
ida_heuristic_clear_probe,1162432340,7,41.0,False
ida_heuristic_clear_probe,1162432340,14,83.0,False
ida_heuristic_clear_probe,1162432340,8,576.4031690510816,False
ida_heuristic_clear_probe,1162432340,12,600.4031690510816,True
ida_heuristic_clear_probe,1162432340,18,811.6031690510815,False
ida_heuristic_clear_probe,1162432340,5,1650.7360187900267,False
ida_heuristic_clear_probe,1162432340,6,1656.7360187900267,True
ida_heuristic_clear_probe,1162432340,11,1903.9360187900268,False
ida_heuristic_clear_probe,1162432340,9,1915.9360187900268,True
ida_heuristic_clear_probe,1162432340,10,6394.041427001172,True
ida_heuristic_clear_probe,1117783585,4,23.0,False
ida_heuristic_clear_probe,1117783585,10,59.0,True
ida_heuristic_clear_probe,1117783585,12,71.0,False
ida_heuristic_clear_probe,1117783585,13,77.0,True
ida_heuristic_clear_probe,1117783585,19,113.0,False
ida_heuristic_clear_probe,1117783585,9,583.4,False
ida_heuristic_clear_probe,1117783585,1,1079.9436843927983,True
ida_heuristic_clear_probe,1117783585,11,2064.846453436905,True
ida_heuristic_clear_probe,1117783585,7,2776.4464534369044,False
ida_heuristic_clear_probe,1117783585,3,2969.6464534369043,True
ida_heuristic_clear_probe,1117783585,6,2981.6464534369043,False
ida_heuristic_clear_probe,1117783585,17,3804.108856969691,True
ida_heuristic_clear_probe,1117783585,15,5290.592833513106,True
ida_heuristic_clear_probe,2534316816,9,53.0,False
ida_heuristic_clear_probe,2534316816,11,65.0,True
ida_heuristic_clear_probe,2534316816,12,71.0,False
ida_heuristic_clear_probe,2534316816,14,83.0,True
ida_heuristic_clear_probe,2534316816,19,113.0,True
ida_heuristic_clear_probe,2534316816,20,119.0,True
ida_heuristic_clear_probe,2534316816,18,282.2,True
ida_heuristic_clear_probe,2534316816,2,378.2,True
ida_heuristic_clear_probe,2534316816,8,646.7677158718337,True
ida_heuristic_clear_probe,2534316816,3,1045.372906966571,False
ida_heuristic_clear_probe,2534316816,5,2274.2211272348986,True
ida_heuristic_clear_probe,2534316816,17,2929.8513031948783,False
ida_heuristic_clear_probe,2534316816,10,3328.251303194878,True
ida_heuristic_clear_probe,2534316816,15,4892.801698483785,False
ida_heuristic_clear_probe,2534316816,1,4934.801698483785,False
ida_heuristic_clear_probe,2534316816,13,5296.72983615779,False
ida_heuristic_clear_probe,1904114223,4,23.0,True
ida_heuristic_clear_probe,1904114223,11,65.0,False
ida_heuristic_clear_probe,1904114223,14,83.0,False
ida_heuristic_clear_probe,1904114223,15,300.2,False
ida_heuristic_clear_probe,1904114223,6,584.9030205757764,True
ida_heuristic_clear_probe,1904114223,10,608.9030205757764,False
ida_heuristic_clear_probe,1904114223,20,2183.768345471879,True
ida_heuristic_clear_probe,1904114223,16,2358.968345471879,False
ida_heuristic_clear_probe,1904114223,18,3070.9065368033926,False
ida_heuristic_clear_probe,1904114223,3,3294.9705952125996,True
ida_heuristic_clear_probe,1514700374,5,29.0,True
ida_heuristic_clear_probe,1514700374,6,35.0,True
ida_heuristic_clear_probe,1514700374,7,41.0,False
ida_heuristic_clear_probe,1514700374,11,65.0,False
ida_heuristic_clear_probe,1514700374,14,83.0,False
ida_heuristic_clear_probe,1514700374,19,113.0,False
ida_heuristic_clear_probe,1514700374,20,119.0,False
ida_heuristic_clear_probe,1514700374,8,342.2,True
ida_heuristic_clear_probe,1514700374,1,384.2,False
ida_heuristic_clear_probe,1514700374,3,940.407358504777,False
ida_heuristic_clear_probe,1514700374,12,6551.858376785386,True
ida_heuristic_clear_probe,2642041299,2,11.0,False
ida_heuristic_clear_probe,2642041299,3,17.0,False
ida_heuristic_clear_probe,2642041299,8,47.0,False
ida_heuristic_clear_probe,2642041299,15,89.0,False
ida_heuristic_clear_probe,2642041299,17,101.0,False
ida_heuristic_clear_probe,2642041299,19,113.0,True
ida_heuristic_clear_probe,2642041299,20,270.2,True
ida_heuristic_clear_probe,2642041299,1,525.8123857811496,False
ida_heuristic_clear_probe,2642041299,6,1091.6069322945593,False
ida_heuristic_clear_probe,2642041299,11,1800.4513232840523,False
ida_heuristic_clear_probe,2642041299,4,2100.5608731620196,False
ida_heuristic_clear_probe,2642041299,18,2160.5608731620196,True
ida_heuristic_clear_probe,2642041299,14,2323.7608731620194,True
ida_heuristic_clear_probe,2642041299,9,2961.587163894414,True
ida_heuristic_clear_probe,2642041299,12,4343.370049403269,True
ida_heuristic_clear_probe,2642041299,16,5482.086465224511,False
ida_heuristic_clear_probe,1843083214,3,17.0,False
ida_heuristic_clear_probe,1843083214,4,23.0,False
ida_heuristic_clear_probe,1843083214,8,47.0,False
ida_heuristic_clear_probe,1843083214,9,53.0,False
ida_heuristic_clear_probe,1843083214,14,83.0,True
ida_heuristic_clear_probe,1843083214,15,89.0,True
ida_heuristic_clear_probe,1843083214,17,101.0,False
ida_heuristic_clear_probe,1843083214,10,330.2,True
ida_heuristic_clear_probe,1843083214,6,354.2,False
ida_heuristic_clear_probe,1843083214,2,378.2,False
ida_heuristic_clear_probe,1843083214,5,1093.1117906202085,False
ida_heuristic_clear_probe,1843083214,12,2131.0392689057803,True
ida_heuristic_clear_probe,1843083214,18,3083.3908290984523,False
ida_heuristic_clear_probe,1843083214,1,3776.3073699603838,True
ida_heuristic_clear_probe,3861206136,2,11.0,True
ida_heuristic_clear_probe,3861206136,8,47.0,True
ida_heuristic_clear_probe,3861206136,12,71.0,True
ida_heuristic_clear_probe,3861206136,19,113.0,False
ida_heuristic_clear_probe,3861206136,20,119.0,False
ida_heuristic_clear_probe,3861206136,7,348.2,False
ida_heuristic_clear_probe,3861206136,17,2628.186439229744,False
ida_heuristic_clear_probe,3861206136,1,2893.3864392297437,True
ida_heuristic_clear_probe,3861206136,4,3363.7864392297433,True
ida_heuristic_clear_probe,3861206136,5,3544.986439229743,True
ida_heuristic_clear_probe,3861206136,6,3550.986439229743,True
ida_heuristic_clear_probe,3861206136,9,5230.656451943135,True
ida_heuristic_clear_probe,1999573381,2,11.0,False
ida_heuristic_clear_probe,1999573381,8,47.0,False
ida_heuristic_clear_probe,1999573381,9,53.0,True
ida_heuristic_clear_probe,1999573381,12,71.0,False
ida_heuristic_clear_probe,1999573381,17,288.2,False
ida_heuristic_clear_probe,1999573381,16,294.2,False
ida_heuristic_clear_probe,1999573381,1,384.2,False
ida_heuristic_clear_probe,1999573381,14,607.4,True
ida_heuristic_clear_probe,1999573381,18,1262.784962246964,True
ida_heuristic_clear_probe,1999573381,19,1508.134788055729,False
ida_heuristic_clear_probe,1999573381,11,2017.077967683141,False
ida_heuristic_clear_probe,1999573381,15,2252.2779676831406,True
ida_heuristic_clear_probe,1999573381,3,2526.43133155646,False
ida_heuristic_clear_probe,1999573381,10,2556.43133155646,True
ida_heuristic_clear_probe,1999573381,7,3080.155533314741,True
ida_heuristic_clear_probe,1999573381,6,4013.9759908635538,True
ida_heuristic_clear_probe,4264525963,8,47.0,False
ida_heuristic_clear_probe,4264525963,16,95.0,True
ida_heuristic_clear_probe,4264525963,20,270.2,True
ida_heuristic_clear_probe,4264525963,6,354.2,True
ida_heuristic_clear_probe,4264525963,5,360.2,False
ida_heuristic_clear_probe,4264525963,1,384.2,False
ida_heuristic_clear_probe,4264525963,4,553.4,False
ida_heuristic_clear_probe,4264525963,2,1035.8191841486798,False
ida_heuristic_clear_probe,4264525963,17,1119.8191841486798,True
ida_heuristic_clear_probe,4264525963,9,1824.0134742512976,True
ida_heuristic_clear_probe,4264525963,19,3774.1815260770463,True
ida_heuristic_clear_probe,4264525963,12,5496.316207606026,False
ida_heuristic_clear_probe,4264525963,3,6341.1162076060255,True
ida_heuristic_clear_probe,3651140486,8,47.0,True
ida_heuristic_clear_probe,3651140486,9,53.0,False
ida_heuristic_clear_probe,3651140486,10,59.0,True
ida_heuristic_clear_probe,3651140486,12,71.0,False
ida_heuristic_clear_probe,3651140486,13,77.0,False
ida_heuristic_clear_probe,3651140486,15,89.0,False
ida_heuristic_clear_probe,3651140486,2,378.2,True
ida_heuristic_clear_probe,3651140486,11,1006.3992393359579,True
ida_heuristic_clear_probe,3651140486,19,1219.9723639373776,False
ida_heuristic_clear_probe,3651140486,1,1461.1723639373777,False
ida_heuristic_clear_probe,3651140486,3,1473.1723639373777,True
ida_heuristic_clear_probe,3651140486,14,2239.9714704060493,True
ida_heuristic_clear_probe,3651140486,4,4964.96696108777,False
ida_heuristic_clear_probe,3651140486,7,4982.96696108777,True
ida_heuristic_clear_probe,3651140486,17,5006.96696108777,True
ida_heuristic_clear_probe,3651140486,5,5218.16696108777,False
ida_heuristic_clear_probe,4105295568,1,5.0,False
ida_heuristic_clear_probe,4105295568,2,11.0,True
ida_heuristic_clear_probe,4105295568,5,29.0,False
ida_heuristic_clear_probe,4105295568,9,53.0,False
ida_heuristic_clear_probe,4105295568,16,95.0,False
ida_heuristic_clear_probe,4105295568,18,107.0,False
ida_heuristic_clear_probe,4105295568,10,330.2,True
ida_heuristic_clear_probe,4105295568,7,348.2,False
ida_heuristic_clear_probe,4105295568,6,354.2,False
ida_heuristic_clear_probe,4105295568,12,1950.1284852396948,False
ida_heuristic_clear_probe,4105295568,19,2890.928485239694,True
ida_heuristic_clear_probe,4105295568,13,3078.128485239694,False
ida_heuristic_clear_probe,4105295568,11,3307.3284852396937,True
ida_heuristic_clear_probe,4105295568,15,4615.290411417071,True
ida_heuristic_clear_probe,4248708046,6,35.0,True
ida_heuristic_clear_probe,4248708046,18,107.0,False
ida_heuristic_clear_probe,4248708046,19,276.2,False
ida_heuristic_clear_probe,4248708046,14,306.2,False
ida_heuristic_clear_probe,4248708046,3,2537.3339713270825,True
ida_heuristic_clear_probe,4248708046,2,3457.0883660540376,True
ida_heuristic_clear_probe,4248708046,11,3499.0883660540376,True
ida_heuristic_clear_probe,4248708046,7,4197.2639040862605,False
ida_heuristic_clear_probe,4248708046,12,4825.660913734928,False
ida_heuristic_clear_probe,4248708046,8,5311.295206659354,True
ida_heuristic_clear_probe,4248708046,16,5547.842624733176,False
ida_heuristic_clear_probe,2800649260,3,17.0,True
ida_heuristic_clear_probe,2800649260,6,35.0,True
ida_heuristic_clear_probe,2800649260,11,65.0,False
ida_heuristic_clear_probe,2800649260,16,95.0,False
ida_heuristic_clear_probe,2800649260,19,113.0,False
ida_heuristic_clear_probe,2800649260,4,366.2,False
ida_heuristic_clear_probe,2800649260,8,1759.1215706041785,True
ida_heuristic_clear_probe,2800649260,15,2208.2040515755707,True
ida_heuristic_clear_probe,2800649260,17,2618.4918932866244,False
ida_heuristic_clear_probe,2800649260,14,2630.4918932866244,True
ida_heuristic_clear_probe,1642323226,7,41.0,False
ida_heuristic_clear_probe,1642323226,8,47.0,False
ida_heuristic_clear_probe,1642323226,11,65.0,False
ida_heuristic_clear_probe,1642323226,20,119.0,True
ida_heuristic_clear_probe,1642323226,19,653.6765570151683,False
ida_heuristic_clear_probe,1642323226,17,823.8765570151684,False
ida_heuristic_clear_probe,1642323226,15,835.8765570151684,False
ida_heuristic_clear_probe,1642323226,13,1979.300237252715,False
ida_heuristic_clear_probe,1642323226,2,2414.3024261188557,True
ida_heuristic_clear_probe,1642323226,5,2906.4275959384486,False
ida_heuristic_clear_probe,1642323226,10,3599.206988759272,False
ida_heuristic_clear_probe,1642323226,12,4546.8347783755635,False
ida_heuristic_clear_probe,1642323226,3,4570.8347783755635,False
ida_heuristic_clear_probe,1642323226,6,6748.854511867345,True
ida_heuristic_clear_probe,1642323226,4,6954.054511867344,True
ida_heuristic_clear_probe,2274123099,4,23.0,False
ida_heuristic_clear_probe,2274123099,7,41.0,True
ida_heuristic_clear_probe,2274123099,20,643.0901373779087,False
ida_heuristic_clear_probe,2274123099,3,884.2901373779086,True
ida_heuristic_clear_probe,2274123099,13,1589.8901373779088,True
ida_heuristic_clear_probe,2274123099,16,1607.8901373779088,False
ida_heuristic_clear_probe,2274123099,17,1789.0901373779088,False
ida_heuristic_clear_probe,2274123099,11,1825.0901373779088,True
ida_heuristic_clear_probe,2274123099,10,2295.4901373779085,False
ida_heuristic_clear_probe,2274123099,2,2873.7260045199555,False
ida_heuristic_clear_probe,1725951587,2,11.0,False
ida_heuristic_clear_probe,1725951587,7,41.0,False
ida_heuristic_clear_probe,1725951587,9,53.0,True
ida_heuristic_clear_probe,1725951587,10,59.0,False
ida_heuristic_clear_probe,1725951587,16,95.0,False
ida_heuristic_clear_probe,1725951587,19,113.0,True
ida_heuristic_clear_probe,1725951587,20,270.2,True
ida_heuristic_clear_probe,1725951587,14,306.2,True
ida_heuristic_clear_probe,1725951587,17,625.1182710660732,True
ida_heuristic_clear_probe,1725951587,6,1844.1501350724404,False
ida_heuristic_clear_probe,1725951587,11,1856.1501350724404,True
ida_heuristic_clear_probe,1725951587,18,4106.728734171109,True
ida_heuristic_clear_probe,1725951587,12,4130.728734171109,False
ida_heuristic_clear_probe,3226422763,1,5.0,True
ida_heuristic_clear_probe,3226422763,4,23.0,False
ida_heuristic_clear_probe,3226422763,11,65.0,True
ida_heuristic_clear_probe,3226422763,17,101.0,True
ida_heuristic_clear_probe,3226422763,19,113.0,True
ida_heuristic_clear_probe,3226422763,14,835.8758311790157,True
ida_heuristic_clear_probe,3226422763,6,1095.0758311790157,False
ida_heuristic_clear_probe,3226422763,16,1330.2758311790158,True
ida_heuristic_clear_probe,3226422763,9,1366.2758311790158,False
ida_heuristic_clear_probe,3226422763,3,1396.2758311790158,True
ida_heuristic_clear_probe,3226422763,2,1560.4758311790158,True
ida_heuristic_clear_probe,3226422763,10,1602.4758311790158,True
ida_heuristic_clear_probe,3226422763,20,1644.4758311790158,True
ida_heuristic_clear_probe,3226422763,7,5308.805092177269,True
ida_heuristic_clear_probe,463892909,1,5.0,False
ida_heuristic_clear_probe,463892909,2,11.0,False
ida_heuristic_clear_probe,463892909,5,29.0,True
ida_heuristic_clear_probe,463892909,6,35.0,False
ida_heuristic_clear_probe,463892909,13,77.0,False
ida_heuristic_clear_probe,463892909,15,89.0,False
ida_heuristic_clear_probe,463892909,12,318.2,True
ida_heuristic_clear_probe,463892909,9,336.2,False
ida_heuristic_clear_probe,463892909,4,1209.622890379312,True
ida_heuristic_clear_probe,463892909,20,2815.203658224654,True
ida_heuristic_clear_probe,463892909,17,2833.203658224654,True
ida_heuristic_clear_probe,463892909,14,3631.1406435856657,True
ida_heuristic_clear_probe,2207109536,2,11.0,True
ida_heuristic_clear_probe,2207109536,6,35.0,False
ida_heuristic_clear_probe,2207109536,9,53.0,False
ida_heuristic_clear_probe,2207109536,10,59.0,True
ida_heuristic_clear_probe,2207109536,12,71.0,False
ida_heuristic_clear_probe,2207109536,15,89.0,True
ida_heuristic_clear_probe,2207109536,20,270.2,False
ida_heuristic_clear_probe,2207109536,17,288.2,False
ida_heuristic_clear_probe,2207109536,11,324.2,False
ida_heuristic_clear_probe,2207109536,7,348.2,True
ida_heuristic_clear_probe,2207109536,1,384.2,False
ida_heuristic_clear_probe,2207109536,13,591.4181734831893,False
ida_heuristic_clear_probe,2207109536,18,1050.630614469761,True
ida_heuristic_clear_probe,2207109536,14,2329.826256476131,True
ida_heuristic_clear_probe,2207109536,8,3110.4568756255,False
ida_heuristic_clear_probe,3259355447,3,17.0,False
ida_heuristic_clear_probe,3259355447,6,35.0,False
ida_heuristic_clear_probe,3259355447,7,41.0,False
ida_heuristic_clear_probe,3259355447,10,59.0,False
ida_heuristic_clear_probe,3259355447,19,113.0,False
ida_heuristic_clear_probe,3259355447,12,318.2,False
ida_heuristic_clear_probe,3259355447,20,992.3571006092016,False
ida_heuristic_clear_probe,3259355447,16,1016.3571006092016,True
ida_heuristic_clear_probe,3259355447,15,1022.3571006092016,False
ida_heuristic_clear_probe,3259355447,4,1256.8410195419458,True
ida_heuristic_clear_probe,3259355447,11,1755.5226196244912,True
ida_heuristic_clear_probe,3259355447,14,5718.866406623787,True
ida_heuristic_clear_probe,763757643,8,47.0,True
ida_heuristic_clear_probe,763757643,11,65.0,False
ida_heuristic_clear_probe,763757643,13,77.0,False
ida_heuristic_clear_probe,763757643,16,95.0,False
ida_heuristic_clear_probe,763757643,17,101.0,True
ida_heuristic_clear_probe,763757643,14,306.2,True
ida_heuristic_clear_probe,763757643,7,348.2,True
ida_heuristic_clear_probe,763757643,2,378.2,False
ida_heuristic_clear_probe,763757643,15,2149.276231705421,False
ida_heuristic_clear_probe,763757643,1,3291.8745629413365,True
ida_heuristic_clear_probe,763757643,9,3696.274562941336,True
ida_heuristic_clear_probe,2363447629,5,29.0,True
ida_heuristic_clear_probe,2363447629,10,59.0,False
ida_heuristic_clear_probe,2363447629,12,71.0,False
ida_heuristic_clear_probe,2363447629,19,276.2,True
ida_heuristic_clear_probe,2363447629,13,312.2,True
ida_heuristic_clear_probe,2363447629,2,378.2,False
ida_heuristic_clear_probe,2363447629,3,527.0265442371971,False
ida_heuristic_clear_probe,2363447629,16,599.0265442371971,False
ida_heuristic_clear_probe,2363447629,6,1375.193807719539,True
ida_heuristic_clear_probe,2363447629,20,3206.9208360503935,False
ida_heuristic_clear_probe,2363447629,9,3798.313949732991,True
ida_heuristic_clear_probe,2363447629,8,4015.513949732991,True
ida_heuristic_clear_probe,2363447629,4,4431.913949732991,False
ida_heuristic_clear_probe,2363447629,1,4915.988720131048,True
ida_heuristic_clear_probe,1021789105,1,5.0,False
ida_heuristic_clear_probe,1021789105,4,23.0,False
ida_heuristic_clear_probe,1021789105,6,35.0,False
ida_heuristic_clear_probe,1021789105,11,65.0,True
ida_heuristic_clear_probe,1021789105,13,77.0,False
ida_heuristic_clear_probe,1021789105,19,113.0,False
ida_heuristic_clear_probe,1021789105,20,119.0,False
ida_heuristic_clear_probe,1021789105,15,300.2,True
ida_heuristic_clear_probe,1021789105,5,360.2,True
ida_heuristic_clear_probe,1021789105,14,615.0432123201563,True
ida_heuristic_clear_probe,1021789105,18,639.0432123201563,True
ida_heuristic_clear_probe,296232516,1,5.0,True
ida_heuristic_clear_probe,296232516,6,35.0,True
ida_heuristic_clear_probe,296232516,9,53.0,False
ida_heuristic_clear_probe,296232516,18,107.0,False
ida_heuristic_clear_probe,296232516,19,113.0,False
ida_heuristic_clear_probe,296232516,10,330.2,False
ida_heuristic_clear_probe,296232516,3,372.2,False
ida_heuristic_clear_probe,296232516,12,631.4324992294239,False
ida_heuristic_clear_probe,296232516,7,4505.61635406815,True
ida_heuristic_clear_probe,296232516,2,5338.143494712413,True
ida_heuristic_clear_probe,296232516,5,5501.343494712412,True
ida_heuristic_clear_probe,296232516,15,5537.343494712412,False
ida_heuristic_clear_probe,2924063080,12,71.0,False
ida_heuristic_clear_probe,2924063080,20,119.0,False
ida_heuristic_clear_probe,2924063080,1,1155.6463400015048,False
ida_heuristic_clear_probe,2924063080,4,1173.6463400015048,False
ida_heuristic_clear_probe,2924063080,13,1444.8463400015048,False
ida_heuristic_clear_probe,2924063080,6,1690.7580390270648,True
ida_heuristic_clear_probe,2924063080,15,3237.181780152161,False
ida_heuristic_clear_probe,2924063080,9,3861.302207478185,True
ida_heuristic_clear_probe,2924063080,8,4941.302207478184,True
ida_heuristic_clear_probe,2924063080,2,5351.7022074781835,True
ida_heuristic_clear_probe,2574022382,2,11.0,False
ida_heuristic_clear_probe,2574022382,3,17.0,False
ida_heuristic_clear_probe,2574022382,9,53.0,False
ida_heuristic_clear_probe,2574022382,15,89.0,False
ida_heuristic_clear_probe,2574022382,18,107.0,False
ida_heuristic_clear_probe,2574022382,19,113.0,True
ida_heuristic_clear_probe,2574022382,6,354.2,False
ida_heuristic_clear_probe,2574022382,8,588.3560641366178,True
ida_heuristic_clear_probe,2574022382,4,909.0357658333656,True
ida_heuristic_clear_probe,2574022382,17,1325.4357658333656,True
ida_heuristic_clear_probe,2574022382,16,1331.4357658333656,True
ida_heuristic_clear_probe,2574022382,12,2707.1617885137284,True
ida_heuristic_clear_probe,2574022382,11,5690.405723797768,True
ida_heuristic_clear_probe,2574022382,7,7522.268788487762,True
ida_heuristic_clear_probe,2586489141,3,17.0,True
ida_heuristic_clear_probe,2586489141,5,29.0,False
ida_heuristic_clear_probe,2586489141,13,77.0,False
ida_heuristic_clear_probe,2586489141,17,101.0,False
ida_heuristic_clear_probe,2586489141,2,378.2,False
ida_heuristic_clear_probe,2586489141,9,631.3161360039717,False
ida_heuristic_clear_probe,2586489141,11,643.3161360039717,True
ida_heuristic_clear_probe,2586489141,12,649.3161360039717,False
ida_heuristic_clear_probe,2586489141,8,2144.5945700257266,False
ida_heuristic_clear_probe,2586489141,20,2587.5478476557782,True
ida_heuristic_clear_probe,2586489141,14,4385.799939126025,True
ida_heuristic_clear_probe,2586489141,19,6536.934383128466,True
ida_heuristic_clear_probe,682047649,1,5.0,False
ida_heuristic_clear_probe,682047649,3,17.0,True
ida_heuristic_clear_probe,682047649,7,41.0,False
ida_heuristic_clear_probe,682047649,17,101.0,True
ida_heuristic_clear_probe,682047649,18,107.0,True
ida_heuristic_clear_probe,682047649,19,276.2,True
ida_heuristic_clear_probe,682047649,14,306.2,False
ida_heuristic_clear_probe,682047649,13,312.2,True
ida_heuristic_clear_probe,682047649,10,857.6829508005702,True
ida_heuristic_clear_probe,682047649,5,2436.9012529144165,True
ida_heuristic_clear_probe,682047649,15,2666.1012529144164,False
ida_heuristic_clear_probe,3917738334,10,59.0,False
ida_heuristic_clear_probe,3917738334,11,65.0,True
ida_heuristic_clear_probe,3917738334,12,71.0,False
ida_heuristic_clear_probe,3917738334,14,83.0,True
ida_heuristic_clear_probe,3917738334,18,107.0,False
ida_heuristic_clear_probe,3917738334,19,113.0,False
ida_heuristic_clear_probe,3917738334,15,300.2,False
ida_heuristic_clear_probe,3917738334,3,372.2,True
ida_heuristic_clear_probe,3917738334,2,378.2,False
ida_heuristic_clear_probe,3917738334,6,529.2151305774084,True
ida_heuristic_clear_probe,3917738334,8,541.2151305774084,False
ida_heuristic_clear_probe,3917738334,5,2402.875028231783,False
ida_heuristic_clear_probe,3917738334,17,2880.779455815754,True
ida_heuristic_clear_probe,3917738334,7,3987.533771552315,True
ida_heuristic_clear_probe,3917738334,4,5390.620154307889,True
ida_heuristic_clear_probe,3945889161,2,11.0,True
ida_heuristic_clear_probe,3945889161,4,23.0,True
ida_heuristic_clear_probe,3945889161,7,41.0,False
ida_heuristic_clear_probe,3945889161,9,53.0,False
ida_heuristic_clear_probe,3945889161,16,95.0,True
ida_heuristic_clear_probe,3945889161,20,119.0,False
ida_heuristic_clear_probe,3945889161,19,276.2,False
ida_heuristic_clear_probe,3945889161,10,330.2,True
ida_heuristic_clear_probe,3945889161,1,868.5310421147791,True
ida_heuristic_clear_probe,3945889161,15,1386.889413508519,True
ida_heuristic_clear_probe,3945889161,13,2433.6258590530747,True
ida_heuristic_clear_probe,3945889161,5,5544.480501067483,False
ida_heuristic_clear_probe,1230754973,9,53.0,False
ida_heuristic_clear_probe,1230754973,11,65.0,True
ida_heuristic_clear_probe,1230754973,12,71.0,False
ida_heuristic_clear_probe,1230754973,18,107.0,True
ida_heuristic_clear_probe,1230754973,20,119.0,False
ida_heuristic_clear_probe,1230754973,13,1118.8110490899164,False
ida_heuristic_clear_probe,1230754973,17,1649.2110490899165,True
ida_heuristic_clear_probe,1230754973,16,1842.4110490899166,False
ida_heuristic_clear_probe,1230754973,8,1872.4110490899166,False
ida_heuristic_clear_probe,1230754973,19,3084.4661895406325,False
ida_heuristic_clear_probe,1230754973,5,3284.6661895406323,True
ida_heuristic_clear_probe,1756239735,3,17.0,True
ida_heuristic_clear_probe,1756239735,7,41.0,False
ida_heuristic_clear_probe,1756239735,16,294.2,False
ida_heuristic_clear_probe,1756239735,5,360.2,False
ida_heuristic_clear_probe,1756239735,1,535.4,False
ida_heuristic_clear_probe,1756239735,2,541.4,False
ida_heuristic_clear_probe,1756239735,20,649.4,True
ida_heuristic_clear_probe,1756239735,8,999.521133547711,True
ida_heuristic_clear_probe,1756239735,13,1251.7387830621183,False
ida_heuristic_clear_probe,1756239735,19,1450.9387830621183,True
ida_heuristic_clear_probe,1756239735,15,1474.9387830621183,False
ida_heuristic_clear_probe,1756239735,10,1504.9387830621183,True
ida_heuristic_clear_probe,1756239735,4,1534.9387830621183,True
ida_heuristic_clear_probe,1756239735,14,1758.1387830621184,True
ida_heuristic_clear_probe,1756239735,6,2629.2728113903163,True
ida_heuristic_clear_probe,1756239735,18,5072.522407680523,True
ida_heuristic_clear_probe,3087042575,1,5.0,False
ida_heuristic_clear_probe,3087042575,2,11.0,False
ida_heuristic_clear_probe,3087042575,11,65.0,False
ida_heuristic_clear_probe,3087042575,13,77.0,True
ida_heuristic_clear_probe,3087042575,17,101.0,False
ida_heuristic_clear_probe,3087042575,18,282.2,False
ida_heuristic_clear_probe,3087042575,14,306.2,True
ida_heuristic_clear_probe,3087042575,12,730.7530297599362,True
ida_heuristic_clear_probe,3087042575,5,772.7530297599362,True
ida_heuristic_clear_probe,3087042575,9,2609.6301122096597,True
ida_heuristic_clear_probe,3087042575,6,2802.8301122096595,False
ida_heuristic_clear_probe,3929072568,9,53.0,False
ida_heuristic_clear_probe,3929072568,10,59.0,True
ida_heuristic_clear_probe,3929072568,11,65.0,True
ida_heuristic_clear_probe,3929072568,14,83.0,False
ida_heuristic_clear_probe,3929072568,15,89.0,False
ida_heuristic_clear_probe,3929072568,17,101.0,False
ida_heuristic_clear_probe,3929072568,20,119.0,False
ida_heuristic_clear_probe,3929072568,4,366.2,True
ida_heuristic_clear_probe,3929072568,3,372.2,True
ida_heuristic_clear_probe,3929072568,1,1014.8457011783107,True
ida_heuristic_clear_probe,3929072568,2,1111.1778562495783,True
ida_heuristic_clear_probe,3929072568,5,1129.1778562495783,False
ida_heuristic_clear_probe,3929072568,19,1352.3778562495784,False
ida_heuristic_clear_probe,3929072568,6,2383.75692920727,True
ida_heuristic_clear_probe,3929072568,18,5525.584315262528,False
ida_heuristic_clear_probe,3929072568,12,6365.448710868294,False
ida_heuristic_clear_probe,1036542502,1,5.0,False
ida_heuristic_clear_probe,1036542502,7,41.0,False
ida_heuristic_clear_probe,1036542502,8,47.0,True
ida_heuristic_clear_probe,1036542502,14,83.0,False
ida_heuristic_clear_probe,1036542502,16,95.0,False
ida_heuristic_clear_probe,1036542502,18,282.2,False
ida_heuristic_clear_probe,1036542502,17,602.2010500551802,True
ida_heuristic_clear_probe,1036542502,9,1961.7512909508928,True
ida_heuristic_clear_probe,1036542502,13,2225.4655395260233,True
ida_heuristic_clear_probe,1036542502,5,2950.7120521823995,True
ida_heuristic_clear_probe,1036542502,11,4169.467256429595,True
ida_heuristic_clear_probe,3812622508,1,5.0,False
ida_heuristic_clear_probe,3812622508,3,17.0,False
ida_heuristic_clear_probe,3812622508,9,53.0,False
ida_heuristic_clear_probe,3812622508,19,113.0,False
ida_heuristic_clear_probe,3812622508,14,306.2,False
ida_heuristic_clear_probe,3812622508,13,312.2,True
ida_heuristic_clear_probe,3812622508,8,342.2,True
ida_heuristic_clear_probe,3812622508,7,348.2,False
ida_heuristic_clear_probe,3812622508,6,565.4,False
ida_heuristic_clear_probe,3812622508,5,2612.0853752032576,True
ida_heuristic_clear_probe,1803839730,4,23.0,False
ida_heuristic_clear_probe,1803839730,6,35.0,True
ida_heuristic_clear_probe,1803839730,10,59.0,True
ida_heuristic_clear_probe,1803839730,13,77.0,False
ida_heuristic_clear_probe,1803839730,20,119.0,True
ida_heuristic_clear_probe,1803839730,1,384.2,False
ida_heuristic_clear_probe,1803839730,9,596.6594033768009,True
ida_heuristic_clear_probe,1803839730,12,1499.6841559904465,False
ida_heuristic_clear_probe,1803839730,16,1523.6841559904465,False
ida_heuristic_clear_probe,1803839730,17,3598.4841559904453,True
ida_heuristic_clear_probe,1803839730,14,3616.4841559904453,False
ida_heuristic_clear_probe,1803839730,11,4080.884155990445,False
ida_heuristic_clear_probe,1803839730,3,4216.611778952825,True
ida_heuristic_clear_probe,1803839730,15,4476.089005799356,True
ida_heuristic_clear_probe,1803839730,8,4488.089005799356,False
ida_heuristic_clear_probe,1803839730,19,5239.669339521401,True
ida_heuristic_clear_probe,3765988402,5,29.0,True
ida_heuristic_clear_probe,3765988402,8,47.0,True
ida_heuristic_clear_probe,3765988402,10,59.0,True
ida_heuristic_clear_probe,3765988402,11,65.0,False
ida_heuristic_clear_probe,3765988402,13,77.0,False
ida_heuristic_clear_probe,3765988402,17,101.0,False
ida_heuristic_clear_probe,3765988402,9,587.9505639916698,True
ida_heuristic_clear_probe,3765988402,14,932.7418828494933,True
ida_heuristic_clear_probe,3765988402,12,944.7418828494933,False
ida_heuristic_clear_probe,3765988402,2,1574.1334920572685,False
ida_heuristic_clear_probe,3765988402,6,3271.6943386056078,True
ida_heuristic_clear_probe,3765988402,18,7849.573479465075,True
ida_heuristic_clear_probe,2409061996,4,23.0,False
ida_heuristic_clear_probe,2409061996,6,35.0,False
ida_heuristic_clear_probe,2409061996,8,47.0,True
ida_heuristic_clear_probe,2409061996,15,89.0,False
ida_heuristic_clear_probe,2409061996,18,107.0,True
ida_heuristic_clear_probe,2409061996,17,288.2,False
ida_heuristic_clear_probe,2409061996,11,324.2,True
ida_heuristic_clear_probe,2409061996,10,554.8048521611386,True
ida_heuristic_clear_probe,2409061996,12,566.8048521611386,True
ida_heuristic_clear_probe,2409061996,16,806.3837283283424,True
ida_heuristic_clear_probe,2409061996,1,1466.9374808383582,True
ida_heuristic_clear_probe,2409061996,19,1737.8231413824574,True
ida_heuristic_clear_probe,2409061996,7,1797.8231413824574,True
ida_heuristic_clear_probe,2926623051,19,113.0,False
ida_heuristic_clear_probe,2926623051,20,119.0,False
ida_heuristic_clear_probe,2926623051,16,294.2,False
ida_heuristic_clear_probe,2926623051,4,366.2,True
ida_heuristic_clear_probe,2926623051,3,372.2,True
ida_heuristic_clear_probe,2926623051,1,384.2,False
ida_heuristic_clear_probe,2926623051,14,656.4883124848438,True
ida_heuristic_clear_probe,2926623051,6,894.46999859035,True
ida_heuristic_clear_probe,2926623051,12,1434.8887785447662,False
ida_heuristic_clear_probe,2926623051,17,2611.213037151791,False
ida_heuristic_clear_probe,2926623051,5,3379.5566110652535,True
ida_heuristic_clear_probe,1448896658,6,35.0,False
ida_heuristic_clear_probe,1448896658,9,53.0,True
ida_heuristic_clear_probe,1448896658,12,71.0,False
ida_heuristic_clear_probe,1448896658,14,83.0,True
ida_heuristic_clear_probe,1448896658,19,113.0,False
ida_heuristic_clear_probe,1448896658,20,270.2,True
ida_heuristic_clear_probe,1448896658,11,324.2,False
ida_heuristic_clear_probe,1448896658,8,342.2,False
ida_heuristic_clear_probe,1448896658,2,378.2,False
ida_heuristic_clear_probe,1448896658,4,894.6768850182918,True
ida_heuristic_clear_probe,1448896658,1,3458.0329452945757,True
ida_heuristic_clear_probe,1448896658,13,4093.15415662242,True
ida_heuristic_clear_probe,3822494196,7,41.0,True
ida_heuristic_clear_probe,3822494196,10,59.0,False
ida_heuristic_clear_probe,3822494196,16,95.0,False
ida_heuristic_clear_probe,3822494196,17,101.0,False
ida_heuristic_clear_probe,3822494196,12,595.4,False
ida_heuristic_clear_probe,3822494196,5,878.5999999999999,False
ida_heuristic_clear_probe,3822494196,11,1107.8,False
ida_heuristic_clear_probe,3822494196,4,2548.544448933529,True
ida_heuristic_clear_probe,3822494196,18,3361.001292298541,True
ida_heuristic_clear_probe,3822494196,13,5206.534261417292,True
ida_heuristic_clear_probe,3822494196,14,5212.534261417292,True
ida_heuristic_clear_probe,3822494196,9,6091.6958284909415,False
ida_heuristic_clear_probe,3822494196,2,6557.631437662247,True
ida_heuristic_clear_probe,3822494196,6,6569.631437662247,True
ida_heuristic_clear_probe,447440529,1,5.0,False
ida_heuristic_clear_probe,447440529,7,41.0,False
ida_heuristic_clear_probe,447440529,9,53.0,False
ida_heuristic_clear_probe,447440529,15,89.0,False
ida_heuristic_clear_probe,447440529,19,113.0,False
ida_heuristic_clear_probe,447440529,20,119.0,False
ida_heuristic_clear_probe,447440529,12,318.2,False
ida_heuristic_clear_probe,447440529,18,632.8726334127686,False
ida_heuristic_clear_probe,447440529,13,3082.1356588004255,False
ida_heuristic_clear_probe,447440529,11,3681.7162989843364,True
ida_heuristic_clear_probe,447440529,4,3870.350841729719,False
ida_heuristic_clear_probe,447440529,10,3894.350841729719,False
ida_heuristic_clear_probe,447440529,14,3906.350841729719,False
ida_heuristic_clear_probe,447440529,17,4019.415941919215,False
ida_heuristic_clear_probe,447440529,8,4250.9007085315825,True
ida_heuristic_clear_probe,447440529,3,5932.996397608657,True
ida_heuristic_clear_probe,3475773935,3,17.0,True
ida_heuristic_clear_probe,3475773935,5,29.0,False
ida_heuristic_clear_probe,3475773935,12,71.0,False
ida_heuristic_clear_probe,3475773935,14,83.0,False
ida_heuristic_clear_probe,3475773935,16,294.2,True
ida_heuristic_clear_probe,3475773935,7,348.2,False
ida_heuristic_clear_probe,3475773935,8,1068.676434608792,False
ida_heuristic_clear_probe,3475773935,9,1828.2764346087922,True
ida_heuristic_clear_probe,3475773935,20,2269.500397387704,True
ida_heuristic_clear_probe,3475773935,2,6543.943406502852,True
ida_heuristic_clear_probe,2177233070,1,5.0,False
ida_heuristic_clear_probe,2177233070,6,35.0,True
ida_heuristic_clear_probe,2177233070,11,65.0,False
ida_heuristic_clear_probe,2177233070,18,107.0,True
ida_heuristic_clear_probe,2177233070,20,119.0,True
ida_heuristic_clear_probe,2177233070,7,553.5690785426737,True
ida_heuristic_clear_probe,2177233070,3,845.5731844954435,False
ida_heuristic_clear_probe,2177233070,14,1926.8405032027367,False
ida_heuristic_clear_probe,2177233070,8,4182.765287074406,True
ida_heuristic_clear_probe,2177233070,13,4665.165287074406,True
ida_heuristic_clear_probe,2177233070,15,7079.210464922579,True
ida_heuristic_clear_probe,648633554,3,17.0,True
ida_heuristic_clear_probe,648633554,16,95.0,False
ida_heuristic_clear_probe,648633554,18,107.0,False
ida_heuristic_clear_probe,648633554,11,324.2,True
ida_heuristic_clear_probe,648633554,5,360.2,True
ida_heuristic_clear_probe,648633554,17,725.6240725302711,False
ida_heuristic_clear_probe,648633554,20,894.824072530271,True
ida_heuristic_clear_probe,648633554,9,2625.329412882513,True
ida_heuristic_clear_probe,648633554,6,3479.7874171366275,True
ida_heuristic_clear_probe,648633554,2,3914.187417136627,True
ida_heuristic_clear_probe,648633554,19,3980.187417136627,True
ida_heuristic_clear_probe,648633554,12,5311.443890232182,True
ida_heuristic_clear_probe,648633554,8,5697.843890232181,True
ida_heuristic_clear_probe,648633554,14,5721.843890232181,False
ida_heuristic_clear_probe,648633554,4,6078.243890232181,True
ida_heuristic_clear_probe,648633554,7,7241.461253813828,True
ida_heuristic_clear_probe,3340562302,2,11.0,False
ida_heuristic_clear_probe,3340562302,6,35.0,False
ida_heuristic_clear_probe,3340562302,9,53.0,False
ida_heuristic_clear_probe,3340562302,19,113.0,False
ida_heuristic_clear_probe,3340562302,15,300.2,True
ida_heuristic_clear_probe,3340562302,7,348.2,True
ida_heuristic_clear_probe,3340562302,12,596.5202184574837,True
ida_heuristic_clear_probe,3340562302,3,1214.0546913457254,True
ida_heuristic_clear_probe,3340562302,5,1226.0546913457254,False
ida_heuristic_clear_probe,3340562302,17,1467.2546913457254,False
ida_heuristic_clear_probe,3340562302,14,2294.9461159533917,False
ida_heuristic_clear_probe,3340562302,18,2702.691504877834,True
ida_heuristic_clear_probe,3340562302,16,6503.820980874187,True
ida_heuristic_clear_probe,4239210190,1,5.0,False
ida_heuristic_clear_probe,4239210190,4,23.0,False
ida_heuristic_clear_probe,4239210190,6,35.0,False
ida_heuristic_clear_probe,4239210190,10,59.0,False
ida_heuristic_clear_probe,4239210190,11,65.0,False
ida_heuristic_clear_probe,4239210190,12,71.0,True
ida_heuristic_clear_probe,4239210190,16,95.0,False
ida_heuristic_clear_probe,4239210190,18,107.0,False
ida_heuristic_clear_probe,4239210190,8,1054.6801542143705,True
ida_heuristic_clear_probe,4239210190,20,7217.3687688359205,True
ida_heuristic_clear_probe,4168674354,2,11.0,True
ida_heuristic_clear_probe,4168674354,3,17.0,False
ida_heuristic_clear_probe,4168674354,1,384.2,False
ida_heuristic_clear_probe,4168674354,15,613.4,False
ida_heuristic_clear_probe,4168674354,16,619.4,False
ida_heuristic_clear_probe,4168674354,17,1735.8479674248715,True
ida_heuristic_clear_probe,4168674354,6,3350.139109607588,True
ida_heuristic_clear_probe,4168674354,8,3967.7620878854905,True
ida_heuristic_clear_probe,4168674354,10,4709.40463878095,True
ida_heuristic_clear_probe,4168674354,13,7306.006932192415,True
ida_heuristic_clear_probe,12250116,1,5.0,False
ida_heuristic_clear_probe,12250116,2,11.0,True
ida_heuristic_clear_probe,12250116,13,77.0,False
ida_heuristic_clear_probe,12250116,18,282.2,False
ida_heuristic_clear_probe,12250116,6,354.2,False
ida_heuristic_clear_probe,12250116,5,360.2,True
ida_heuristic_clear_probe,12250116,4,3044.9606509980485,True
ida_heuristic_clear_probe,12250116,15,4411.092003549587,True
ida_heuristic_clear_probe,12250116,14,4863.492003549587,True
ida_heuristic_clear_probe,12250116,16,5832.994623277339,True
ida_heuristic_clear_probe,12250116,8,6237.394623277339,True
ida_heuristic_clear_probe,644891283,4,23.0,True
ida_heuristic_clear_probe,644891283,7,41.0,False
ida_heuristic_clear_probe,644891283,14,83.0,True
ida_heuristic_clear_probe,644891283,19,276.2,False
ida_heuristic_clear_probe,644891283,6,354.2,False
ida_heuristic_clear_probe,644891283,2,378.2,True
ida_heuristic_clear_probe,644891283,1,384.2,False
ida_heuristic_clear_probe,644891283,3,547.4,True
ida_heuristic_clear_probe,644891283,20,643.4,True
ida_heuristic_clear_probe,644891283,8,806.6714452229753,False
ida_heuristic_clear_probe,644891283,17,1820.7649977769386,False
ida_heuristic_clear_probe,644891283,12,1850.7649977769386,True
ida_heuristic_clear_probe,644891283,9,1868.7649977769386,True
ida_heuristic_clear_probe,644891283,5,1880.7649977769386,False
ida_heuristic_clear_probe,644891283,16,5635.632985351864,True
ida_heuristic_clear_probe,644891283,13,6427.421731028641,True
ida_heuristic_clear_probe,1700792728,4,23.0,False
ida_heuristic_clear_probe,1700792728,5,29.0,False
ida_heuristic_clear_probe,1700792728,6,35.0,False
ida_heuristic_clear_probe,1700792728,18,107.0,False
ida_heuristic_clear_probe,1700792728,19,113.0,True
ida_heuristic_clear_probe,1700792728,17,288.2,False
ida_heuristic_clear_probe,1700792728,15,300.2,False
ida_heuristic_clear_probe,1700792728,8,342.2,False
ida_heuristic_clear_probe,1700792728,3,372.2,True
ida_heuristic_clear_probe,1700792728,2,1106.6021058514584,False
ida_heuristic_clear_probe,1700792728,11,1148.6021058514584,True
ida_heuristic_clear_probe,1700792728,7,1905.619249815815,True
ida_heuristic_clear_probe,1700792728,16,4734.817025698302,False
ida_heuristic_clear_probe,1700792728,1,4970.017025698302,True
ida_heuristic_clear_probe,4133351294,2,11.0,False
ida_heuristic_clear_probe,4133351294,3,17.0,False
ida_heuristic_clear_probe,4133351294,4,23.0,False
ida_heuristic_clear_probe,4133351294,8,47.0,False
ida_heuristic_clear_probe,4133351294,11,65.0,True
ida_heuristic_clear_probe,4133351294,12,71.0,True
ida_heuristic_clear_probe,4133351294,14,83.0,True
ida_heuristic_clear_probe,4133351294,15,89.0,False
ida_heuristic_clear_probe,4133351294,18,107.0,False
ida_heuristic_clear_probe,4133351294,20,119.0,False
ida_heuristic_clear_probe,4133351294,7,348.2,True
ida_heuristic_clear_probe,4133351294,5,360.2,True
ida_heuristic_clear_probe,4133351294,1,776.6036840850178,True
ida_heuristic_clear_probe,4133351294,17,1789.5923493299638,True
ida_heuristic_clear_probe,4133351294,10,1825.5923493299638,False
ida_heuristic_clear_probe,428882716,1,5.0,False
ida_heuristic_clear_probe,428882716,9,53.0,False
ida_heuristic_clear_probe,428882716,16,95.0,False
ida_heuristic_clear_probe,428882716,19,113.0,False
ida_heuristic_clear_probe,428882716,7,348.2,True
ida_heuristic_clear_probe,428882716,4,366.2,True
ida_heuristic_clear_probe,428882716,3,372.2,False
ida_heuristic_clear_probe,428882716,2,541.4,True
ida_heuristic_clear_probe,428882716,10,589.4,True
ida_heuristic_clear_probe,428882716,13,1434.6477913046826,True
ida_heuristic_clear_probe,428882716,8,1464.6477913046826,False
ida_heuristic_clear_probe,428882716,6,1922.1024058409917,False
ida_heuristic_clear_probe,428882716,15,2599.901220646421,False
ida_heuristic_clear_probe,428882716,17,2793.1012206464206,False
ida_heuristic_clear_probe,428882716,14,4051.809539521875,True
ida_heuristic_clear_probe,2537613700,1,5.0,False
ida_heuristic_clear_probe,2537613700,6,35.0,True
ida_heuristic_clear_probe,2537613700,12,71.0,True
ida_heuristic_clear_probe,2537613700,15,89.0,True
ida_heuristic_clear_probe,2537613700,19,113.0,False
ida_heuristic_clear_probe,2537613700,9,1762.9539522139985,True
ida_heuristic_clear_probe,2537613700,16,2473.748308379036,True
ida_heuristic_clear_probe,2537613700,20,3444.1413755662193,True
ida_heuristic_clear_probe,2537613700,14,6434.015557435511,True
ida_heuristic_clear_probe,2537613700,4,6826.415557435511,False
ida_heuristic_clear_probe,4199615231,7,41.0,True
ida_heuristic_clear_probe,4199615231,8,47.0,False
ida_heuristic_clear_probe,4199615231,17,101.0,True
ida_heuristic_clear_probe,4199615231,18,107.0,False
ida_heuristic_clear_probe,4199615231,13,824.5999999999999,False
ida_heuristic_clear_probe,4199615231,4,872.5999999999999,False
ida_heuristic_clear_probe,4199615231,2,2060.0557228294774,True
ida_heuristic_clear_probe,4199615231,11,3310.7986580165216,True
ida_heuristic_clear_probe,4199615231,20,4179.598658016521,False
ida_heuristic_clear_probe,4199615231,5,4414.798658016521,True
ida_heuristic_clear_probe,4199615231,16,4462.798658016521,False
ida_heuristic_clear_probe,4199615231,19,4468.798658016521,True
ida_heuristic_clear_probe,4199615231,6,6302.956582118787,False
ida_heuristic_clear_probe,4199615231,10,6490.156582118787,True
ida_heuristic_clear_probe,4199615231,9,6695.356582118787,True
ida_heuristic_clear_probe,2689594003,1,5.0,False
ida_heuristic_clear_probe,2689594003,3,17.0,False
ida_heuristic_clear_probe,2689594003,9,53.0,False
ida_heuristic_clear_probe,2689594003,14,83.0,False
ida_heuristic_clear_probe,2689594003,15,89.0,False
ida_heuristic_clear_probe,2689594003,17,101.0,False
ida_heuristic_clear_probe,2689594003,19,113.0,False
ida_heuristic_clear_probe,2689594003,20,119.0,True
ida_heuristic_clear_probe,2689594003,7,348.2,True
ida_heuristic_clear_probe,2689594003,11,1073.3226899905824,True
ida_heuristic_clear_probe,2689594003,18,1823.0939255644996,False
ida_heuristic_clear_probe,2689594003,2,2056.8086932817096,True
ida_heuristic_clear_probe,2689594003,10,2092.8086932817096,True
ida_heuristic_clear_probe,2689594003,12,2298.0086932817094,True
ida_heuristic_clear_probe,490291330,4,23.0,True
ida_heuristic_clear_probe,490291330,10,59.0,False
ida_heuristic_clear_probe,490291330,11,65.0,False
ida_heuristic_clear_probe,490291330,13,77.0,True
ida_heuristic_clear_probe,490291330,17,101.0,False
ida_heuristic_clear_probe,490291330,20,119.0,True
ida_heuristic_clear_probe,490291330,15,635.413829550429,True
ida_heuristic_clear_probe,490291330,3,1150.2692980783854,True
ida_heuristic_clear_probe,490291330,6,1451.4692980783855,False
ida_heuristic_clear_probe,490291330,2,3220.999769125336,False
ida_heuristic_clear_probe,490291330,9,3492.199769125336,True
ida_heuristic_clear_probe,490291330,5,3886.3543888818062,True
ida_heuristic_clear_probe,490291330,16,4970.888266151811,False
ida_heuristic_clear_probe,2203191061,4,23.0,False
ida_heuristic_clear_probe,2203191061,6,35.0,False
ida_heuristic_clear_probe,2203191061,8,47.0,True
ida_heuristic_clear_probe,2203191061,10,59.0,False
ida_heuristic_clear_probe,2203191061,16,95.0,False
ida_heuristic_clear_probe,2203191061,17,101.0,True
ida_heuristic_clear_probe,2203191061,20,119.0,False
ida_heuristic_clear_probe,2203191061,12,318.2,False
ida_heuristic_clear_probe,2203191061,1,384.2,False
ida_heuristic_clear_probe,2203191061,13,601.4,True
ida_heuristic_clear_probe,2203191061,14,607.4,True
ida_heuristic_clear_probe,2203191061,2,878.5999999999999,True
ida_heuristic_clear_probe,2203191061,15,2549.6872713314524,False
ida_heuristic_clear_probe,2203191061,7,4666.740944276221,True
ida_heuristic_clear_probe,2203191061,19,5368.604596627212,True
ida_heuristic_clear_probe,3088295841,1,5.0,False
ida_heuristic_clear_probe,3088295841,4,23.0,False
ida_heuristic_clear_probe,3088295841,9,53.0,True
ida_heuristic_clear_probe,3088295841,14,83.0,False
ida_heuristic_clear_probe,3088295841,17,101.0,False
ida_heuristic_clear_probe,3088295841,20,119.0,False
ida_heuristic_clear_probe,3088295841,19,276.2,False
ida_heuristic_clear_probe,3088295841,7,348.2,False
ida_heuristic_clear_probe,3088295841,16,3366.8506088128406,False
ida_heuristic_clear_probe,3088295841,11,3566.0506088128404,False
ida_heuristic_clear_probe,3088295841,15,6904.412746571487,False
ida_heuristic_clear_probe,3088295841,3,7365.578650445271,True
ida_heuristic_clear_probe,1546172082,1,5.0,False
ida_heuristic_clear_probe,1546172082,2,11.0,False
ida_heuristic_clear_probe,1546172082,5,29.0,True
ida_heuristic_clear_probe,1546172082,12,71.0,False
ida_heuristic_clear_probe,1546172082,15,89.0,True
ida_heuristic_clear_probe,1546172082,17,101.0,False
ida_heuristic_clear_probe,1546172082,19,276.2,True
ida_heuristic_clear_probe,1546172082,14,306.2,False
ida_heuristic_clear_probe,1546172082,13,312.2,True
ida_heuristic_clear_probe,1546172082,7,348.2,True
ida_heuristic_clear_probe,1546172082,9,616.2279001209918,False
ida_heuristic_clear_probe,1546172082,10,2422.368962307005,True
ida_heuristic_clear_probe,1546172082,4,3146.7506699914766,True
ida_heuristic_clear_probe,1546172082,20,3669.0027579437906,False
ida_heuristic_clear_probe,1546172082,6,4916.631795509143,False
ida_heuristic_clear_probe,1546172082,16,6535.294873638813,True
ida_heuristic_clear_probe,1349419208,15,89.0,False
ida_heuristic_clear_probe,1349419208,19,113.0,True
ida_heuristic_clear_probe,1349419208,14,306.2,True
ida_heuristic_clear_probe,1349419208,6,1089.8,False
ida_heuristic_clear_probe,1349419208,7,1095.8,True
ida_heuristic_clear_probe,1349419208,4,1596.2,True
ida_heuristic_clear_probe,1349419208,20,1686.2,True
ida_heuristic_clear_probe,1349419208,9,2655.4183553854173,True
ida_heuristic_clear_probe,1349419208,3,6082.211852934376,True
ida_heuristic_clear_probe,1349419208,2,6541.611852934376,True
ida_heuristic_clear_probe,1835384873,3,17.0,False
ida_heuristic_clear_probe,1835384873,9,53.0,False
ida_heuristic_clear_probe,1835384873,12,71.0,True
ida_heuristic_clear_probe,1835384873,16,95.0,False
ida_heuristic_clear_probe,1835384873,18,107.0,False
ida_heuristic_clear_probe,1835384873,4,366.2,True
ida_heuristic_clear_probe,1835384873,1,384.2,False
ida_heuristic_clear_probe,1835384873,7,568.2847683513405,True
ida_heuristic_clear_probe,1835384873,14,766.7448616324974,True
ida_heuristic_clear_probe,1835384873,5,1439.7296484091485,False
ida_heuristic_clear_probe,1835384873,15,1841.6359508806868,True
ida_heuristic_clear_probe,1835384873,11,2802.220503091004,True
ida_heuristic_clear_probe,1835384873,6,2995.420503091004,False
ida_heuristic_clear_probe,1835384873,13,3206.6205030910037,True
ida_heuristic_clear_probe,1835384873,17,3424.8205030910035,True
ida_heuristic_clear_probe,1622463344,2,11.0,False
ida_heuristic_clear_probe,1622463344,7,41.0,False
ida_heuristic_clear_probe,1622463344,13,77.0,False
ida_heuristic_clear_probe,1622463344,15,89.0,False
ida_heuristic_clear_probe,1622463344,19,113.0,False
ida_heuristic_clear_probe,1622463344,20,270.2,True
ida_heuristic_clear_probe,1622463344,4,366.2,True
ida_heuristic_clear_probe,1622463344,1,1117.0001366756705,True
ida_heuristic_clear_probe,1622463344,8,1141.0001366756705,True
ida_heuristic_clear_probe,1622463344,18,1201.0001366756705,True
ida_heuristic_clear_probe,1622463344,17,1382.2001366756706,False
ida_heuristic_clear_probe,1622463344,14,1400.2001366756706,True
ida_heuristic_clear_probe,1622463344,12,1412.2001366756706,False
ida_heuristic_clear_probe,1622463344,3,1617.4001366756706,True
ida_heuristic_clear_probe,1622463344,6,7253.6312051531795,True
ida_heuristic_clear_probe,1494137932,1,5.0,False
ida_heuristic_clear_probe,1494137932,2,11.0,True
ida_heuristic_clear_probe,1494137932,6,35.0,False
ida_heuristic_clear_probe,1494137932,8,47.0,False
ida_heuristic_clear_probe,1494137932,16,95.0,False
ida_heuristic_clear_probe,1494137932,20,119.0,False
ida_heuristic_clear_probe,1494137932,15,300.2,False
ida_heuristic_clear_probe,1494137932,5,360.2,False
ida_heuristic_clear_probe,1494137932,19,752.162573840711,False
ida_heuristic_clear_probe,1494137932,3,1041.1986216646817,True
ida_heuristic_clear_probe,1494137932,4,4094.3000096106402,False
ida_heuristic_clear_probe,1494137932,12,4130.300009610641,True
ida_heuristic_clear_probe,1494137932,11,4895.847287670672,False
ida_heuristic_clear_probe,1494137932,9,5571.808268122642,True
ida_heuristic_clear_probe,1494137932,13,6252.438344650554,True
ida_heuristic_clear_probe,558989232,9,53.0,False
ida_heuristic_clear_probe,558989232,13,77.0,True
ida_heuristic_clear_probe,558989232,15,89.0,False
ida_heuristic_clear_probe,558989232,16,95.0,False
ida_heuristic_clear_probe,558989232,18,107.0,True
ida_heuristic_clear_probe,558989232,20,119.0,True
ida_heuristic_clear_probe,558989232,3,372.2,False
ida_heuristic_clear_probe,558989232,6,571.191047724631,False
ida_heuristic_clear_probe,558989232,12,601.191047724631,False
ida_heuristic_clear_probe,558989232,5,836.1845314793867,False
ida_heuristic_clear_probe,558989232,10,1252.384311276091,True
ida_heuristic_clear_probe,558989232,1,1451.584311276091,False
ida_heuristic_clear_probe,558989232,4,2782.379135580815,True
ida_heuristic_clear_probe,558989232,8,4895.903364393281,True
ida_heuristic_clear_probe,558989232,17,4919.903364393281,True
ida_heuristic_clear_probe,3639366843,2,11.0,False
ida_heuristic_clear_probe,3639366843,9,53.0,False
ida_heuristic_clear_probe,3639366843,14,83.0,True
ida_heuristic_clear_probe,3639366843,15,89.0,True
ida_heuristic_clear_probe,3639366843,17,101.0,True
ida_heuristic_clear_probe,3639366843,20,270.2,True
ida_heuristic_clear_probe,3639366843,10,590.4166559218028,False
ida_heuristic_clear_probe,3639366843,11,596.4166559218028,False
ida_heuristic_clear_probe,3639366843,18,807.6166559218027,True
ida_heuristic_clear_probe,3639366843,6,873.6166559218027,False
ida_heuristic_clear_probe,3639366843,5,3213.276178042722,True
ida_heuristic_clear_probe,3639366843,3,3659.676178042722,True
ida_heuristic_clear_probe,3639366843,12,4263.276178042722,False
ida_heuristic_clear_probe,3639366843,13,4667.676178042721,False
ida_heuristic_clear_probe,3000833241,8,47.0,False
ida_heuristic_clear_probe,3000833241,13,77.0,False
ida_heuristic_clear_probe,3000833241,15,89.0,True
ida_heuristic_clear_probe,3000833241,16,95.0,False
ida_heuristic_clear_probe,3000833241,20,119.0,False
ida_heuristic_clear_probe,3000833241,14,306.2,False
ida_heuristic_clear_probe,3000833241,1,384.2,False
ida_heuristic_clear_probe,3000833241,6,577.4047763037829,False
ida_heuristic_clear_probe,3000833241,17,631.4047763037829,False
ida_heuristic_clear_probe,3000833241,18,637.4047763037829,True
ida_heuristic_clear_probe,3000833241,12,1109.9396868295685,False
ida_heuristic_clear_probe,3000833241,11,3821.888735805339,False
ida_heuristic_clear_probe,3000833241,2,5187.703712551491,True
ida_heuristic_clear_probe,1207011104,4,23.0,False
ida_heuristic_clear_probe,1207011104,5,29.0,True
ida_heuristic_clear_probe,1207011104,9,53.0,False
ida_heuristic_clear_probe,1207011104,19,113.0,False
ida_heuristic_clear_probe,1207011104,16,294.2,False
ida_heuristic_clear_probe,1207011104,13,312.2,False
ida_heuristic_clear_probe,1207011104,10,330.2,True
ida_heuristic_clear_probe,1207011104,3,547.4,False
ida_heuristic_clear_probe,1207011104,2,1609.9071697107577,True
ida_heuristic_clear_probe,1207011104,8,1639.9071697107577,True
ida_heuristic_clear_probe,1207011104,7,2577.258560043482,False
ida_heuristic_clear_probe,1207011104,20,2975.6585600434814,True
ida_heuristic_clear_probe,1207011104,15,4221.566600746804,False
ida_heuristic_clear_probe,1781370941,7,41.0,False
ida_heuristic_clear_probe,1781370941,20,119.0,False
ida_heuristic_clear_probe,1781370941,19,276.2,False
ida_heuristic_clear_probe,1781370941,17,288.2,False
ida_heuristic_clear_probe,1781370941,13,312.2,True
ida_heuristic_clear_probe,1781370941,16,2112.110078782882,True
ida_heuristic_clear_probe,1781370941,14,2781.7100787828813,True
ida_heuristic_clear_probe,1781370941,5,2823.7100787828813,True
ida_heuristic_clear_probe,1781370941,10,3046.910078782881,False
ida_heuristic_clear_probe,1781370941,15,4094.424206450981,True
ida_heuristic_clear_probe,1781370941,4,5185.232988828332,True
ida_heuristic_clear_probe,1781370941,6,6144.050480303924,False
ida_heuristic_clear_probe,1781370941,8,6560.4504803039235,True
ida_heuristic_clear_probe,2387077457,7,41.0,True
ida_heuristic_clear_probe,2387077457,14,83.0,True
ida_heuristic_clear_probe,2387077457,19,113.0,True
ida_heuristic_clear_probe,2387077457,10,1568.2272659896676,False
ida_heuristic_clear_probe,2387077457,13,1586.2272659896676,True
ida_heuristic_clear_probe,2387077457,3,1863.4272659896676,True
ida_heuristic_clear_probe,2387077457,8,4933.418498741181,False
ida_heuristic_clear_probe,2387077457,12,4951.418498741181,False
ida_heuristic_clear_probe,2387077457,17,5144.618498741181,True
ida_heuristic_clear_probe,2387077457,11,5168.618498741181,False
ida_heuristic_clear_probe,2619667861,1,5.0,False
ida_heuristic_clear_probe,2619667861,5,29.0,False
ida_heuristic_clear_probe,2619667861,6,35.0,False
ida_heuristic_clear_probe,2619667861,7,41.0,True
ida_heuristic_clear_probe,2619667861,11,65.0,False
ida_heuristic_clear_probe,2619667861,16,95.0,False
ida_heuristic_clear_probe,2619667861,10,330.2,False
ida_heuristic_clear_probe,2619667861,3,372.2,False
ida_heuristic_clear_probe,2619667861,17,1980.8581900332063,False
ida_heuristic_clear_probe,2619667861,14,2365.2380604484647,True
ida_heuristic_clear_probe,2619667861,8,6735.740993672019,True
ida_heuristic_clear_probe,2619667861,19,7687.810735269814,True
ida_heuristic_clear_probe,2876455323,1,5.0,False
ida_heuristic_clear_probe,2876455323,4,23.0,False
ida_heuristic_clear_probe,2876455323,5,29.0,False
ida_heuristic_clear_probe,2876455323,10,59.0,True
ida_heuristic_clear_probe,2876455323,16,294.2,True
ida_heuristic_clear_probe,2876455323,3,372.2,False
ida_heuristic_clear_probe,2876455323,13,602.4,True
ida_heuristic_clear_probe,2876455323,9,861.5999999999999,False
ida_heuristic_clear_probe,2876455323,15,1518.6992116484691,False
ida_heuristic_clear_probe,2876455323,7,1735.8992116484692,False
ida_heuristic_clear_probe,2876455323,18,4214.944754331696,True
ida_heuristic_clear_probe,2876455323,11,4414.144754331695,False
ida_heuristic_clear_probe,2531104719,1,5.0,True
ida_heuristic_clear_probe,2531104719,10,59.0,False
ida_heuristic_clear_probe,2531104719,18,107.0,True
ida_heuristic_clear_probe,2531104719,19,113.0,False
ida_heuristic_clear_probe,2531104719,8,1115.948689341484,False
ida_heuristic_clear_probe,2531104719,9,1559.8558937527173,False
ida_heuristic_clear_probe,2531104719,11,2048.2558937527174,False
ida_heuristic_clear_probe,2531104719,7,2301.455893752717,False
ida_heuristic_clear_probe,2531104719,12,2894.8213175311253,True
ida_heuristic_clear_probe,2531104719,16,4298.0498037978,True
ida_heuristic_clear_probe,2531104719,6,5298.066174893087,True
ida_heuristic_clear_probe,1463508376,1,5.0,True
ida_heuristic_clear_probe,1463508376,2,11.0,False
ida_heuristic_clear_probe,1463508376,19,113.0,False
ida_heuristic_clear_probe,1463508376,13,312.2,True
ida_heuristic_clear_probe,1463508376,9,336.2,True
ida_heuristic_clear_probe,1463508376,8,342.2,False
ida_heuristic_clear_probe,1463508376,5,583.7159955780726,False
ida_heuristic_clear_probe,1463508376,14,637.7159955780726,True
ida_heuristic_clear_probe,1463508376,6,1103.6012199336324,False
ida_heuristic_clear_probe,1463508376,4,1786.549918524199,True
ida_heuristic_clear_probe,1463508376,15,2450.953712235646,True
ida_heuristic_clear_probe,1463508376,18,2632.153712235646,True
ida_heuristic_clear_probe,1463508376,12,3142.061207916448,False
ida_heuristic_clear_probe,1463508376,11,5776.2158648893055,True
ida_heuristic_clear_probe,1463508376,10,5782.2158648893055,True
ida_heuristic_clear_probe,731258506,12,71.0,False
ida_heuristic_clear_probe,731258506,17,101.0,False
ida_heuristic_clear_probe,731258506,18,107.0,True
ida_heuristic_clear_probe,731258506,14,306.2,False
ida_heuristic_clear_probe,731258506,8,342.2,True
ida_heuristic_clear_probe,731258506,2,493.3528504818795,False
ida_heuristic_clear_probe,731258506,11,547.3528504818795,False
ida_heuristic_clear_probe,731258506,19,1043.853657089008,True
ida_heuristic_clear_probe,731258506,9,3477.7477308173306,False
ida_heuristic_clear_probe,731258506,10,3706.9477308173305,True
ida_heuristic_clear_probe,731258506,16,3724.9477308173305,True
ida_heuristic_clear_probe,731258506,20,5630.702169583415,True
ida_heuristic_clear_probe,731258506,6,6011.102169583414,False
ida_heuristic_clear_probe,31472054,4,23.0,False
ida_heuristic_clear_probe,31472054,6,35.0,False
ida_heuristic_clear_probe,31472054,9,53.0,True
ida_heuristic_clear_probe,31472054,12,71.0,False
ida_heuristic_clear_probe,31472054,14,83.0,False
ida_heuristic_clear_probe,31472054,7,348.2,True
ida_heuristic_clear_probe,31472054,2,378.2,True
ida_heuristic_clear_probe,31472054,17,773.4550065734715,False
ida_heuristic_clear_probe,31472054,3,839.4550065734715,False
ida_heuristic_clear_probe,31472054,10,1311.1458917233015,True
ida_heuristic_clear_probe,31472054,1,2110.7820558280564,True
ida_heuristic_clear_probe,31472054,16,2363.982055828056,True
ida_heuristic_clear_probe,3802138343,2,11.0,False
ida_heuristic_clear_probe,3802138343,5,29.0,False
ida_heuristic_clear_probe,3802138343,7,41.0,False
ida_heuristic_clear_probe,3802138343,12,71.0,True
ida_heuristic_clear_probe,3802138343,14,83.0,False
ida_heuristic_clear_probe,3802138343,18,282.2,False
ida_heuristic_clear_probe,3802138343,16,294.2,False
ida_heuristic_clear_probe,3802138343,10,330.2,False
ida_heuristic_clear_probe,3802138343,20,1663.3432511011058,True
ida_heuristic_clear_probe,3802138343,19,2851.256082952247,True
ida_heuristic_clear_probe,910415041,3,17.0,False
ida_heuristic_clear_probe,910415041,6,35.0,False
ida_heuristic_clear_probe,910415041,9,53.0,True
ida_heuristic_clear_probe,910415041,18,107.0,True
ida_heuristic_clear_probe,910415041,20,119.0,True
ida_heuristic_clear_probe,910415041,2,378.2,False
ida_heuristic_clear_probe,910415041,12,797.0932036287893,True
ida_heuristic_clear_probe,910415041,16,1088.5682231621859,True
ida_heuristic_clear_probe,910415041,17,1094.5682231621859,False
ida_heuristic_clear_probe,910415041,11,1495.0633623612478,True
ida_heuristic_clear_probe,910415041,19,1537.0633623612478,True
ida_heuristic_clear_probe,910415041,8,2029.676856015861,False
ida_heuristic_clear_probe,910415041,14,2059.6768560158607,False
ida_heuristic_clear_probe,910415041,10,3498.0886862105594,True
ida_heuristic_clear_probe,910415041,5,7030.914401264144,True
ida_heuristic_clear_probe,2068503084,8,47.0,False
ida_heuristic_clear_probe,2068503084,20,270.2,False
ida_heuristic_clear_probe,2068503084,10,330.2,False
ida_heuristic_clear_probe,2068503084,7,348.2,False
ida_heuristic_clear_probe,2068503084,12,601.6494384390414,False
ida_heuristic_clear_probe,2068503084,17,2216.0920547947435,True
ida_heuristic_clear_probe,2068503084,9,2740.492054794743,True
ida_heuristic_clear_probe,2068503084,16,3657.2920547947424,True
ida_heuristic_clear_probe,2068503084,14,3669.2920547947424,True
ida_heuristic_clear_probe,2068503084,1,3874.492054794742,True
ida_heuristic_clear_probe,2068503084,4,4379.618527660675,True
ida_heuristic_clear_probe,2068503084,18,4427.618527660675,True
ida_heuristic_clear_probe,768288075,2,11.0,True
ida_heuristic_clear_probe,768288075,19,113.0,False
ida_heuristic_clear_probe,768288075,17,288.2,True
ida_heuristic_clear_probe,768288075,13,312.2,True
ida_heuristic_clear_probe,768288075,9,336.2,False
ida_heuristic_clear_probe,768288075,7,348.2,False
ida_heuristic_clear_probe,768288075,4,366.2,False
ida_heuristic_clear_probe,768288075,18,1102.0598528600806,True
ida_heuristic_clear_probe,768288075,3,1512.4598528600807,True
ida_heuristic_clear_probe,768288075,1,4279.519409431204,True
ida_heuristic_clear_probe,768288075,20,4496.7194094312035,False
ida_heuristic_clear_probe,768288075,14,4514.7194094312035,True
ida_heuristic_clear_probe,768288075,10,4743.919409431203,True
ida_heuristic_clear_probe,768288075,16,4773.919409431203,False
ida_heuristic_clear_probe,768288075,15,6571.016699133988,False
ida_heuristic_clear_probe,768288075,8,7057.500136845796,True
ida_heuristic_clear_probe,1974452232,3,17.0,False
ida_heuristic_clear_probe,1974452232,11,65.0,False
ida_heuristic_clear_probe,1974452232,12,71.0,True
ida_heuristic_clear_probe,1974452232,15,89.0,True
ida_heuristic_clear_probe,1974452232,16,95.0,True
ida_heuristic_clear_probe,1974452232,17,101.0,False
ida_heuristic_clear_probe,1974452232,18,107.0,False
ida_heuristic_clear_probe,1974452232,19,113.0,False
ida_heuristic_clear_probe,1974452232,10,330.2,True
ida_heuristic_clear_probe,1974452232,9,336.2,False
ida_heuristic_clear_probe,1974452232,4,1505.7300109885637,True
ida_heuristic_clear_probe,1974452232,7,1927.2905464418377,True
ida_heuristic_clear_probe,1974452232,14,2354.693699760653,False
ida_heuristic_clear_probe,1974452232,2,2962.5004941029792,True
ida_heuristic_clear_probe,1974452232,8,4074.9133317594524,True
ida_heuristic_clear_probe,1505920103,3,17.0,False
ida_heuristic_clear_probe,1505920103,14,83.0,True
ida_heuristic_clear_probe,1505920103,16,95.0,False
ida_heuristic_clear_probe,1505920103,18,107.0,False
ida_heuristic_clear_probe,1505920103,19,113.0,True
ida_heuristic_clear_probe,1505920103,11,324.2,True
ida_heuristic_clear_probe,1505920103,2,378.2,True
ida_heuristic_clear_probe,1505920103,10,747.2189633759872,True
ida_heuristic_clear_probe,1505920103,7,1142.2226418333814,True
ida_heuristic_clear_probe,1505920103,15,2760.8472347510187,True
ida_heuristic_clear_probe,1505920103,1,4412.608307705802,True
ida_heuristic_clear_probe,1505920103,17,5036.3232957330865,True
ida_heuristic_clear_probe,1505920103,13,5681.923295733086,True
ida_heuristic_clear_probe,2804604068,1,5.0,False
ida_heuristic_clear_probe,2804604068,2,11.0,True
ida_heuristic_clear_probe,2804604068,9,53.0,True
ida_heuristic_clear_probe,2804604068,15,89.0,True
ida_heuristic_clear_probe,2804604068,17,101.0,True
ida_heuristic_clear_probe,2804604068,11,324.2,True
ida_heuristic_clear_probe,2804604068,3,489.56904510526044,True
ida_heuristic_clear_probe,2804604068,18,1080.4459386729577,False
ida_heuristic_clear_probe,2804604068,8,3680.109975745228,True
ida_heuristic_clear_probe,2804604068,4,4260.981664577795,True
ida_heuristic_clear_probe,2905295754,4,23.0,False
ida_heuristic_clear_probe,2905295754,6,35.0,False
ida_heuristic_clear_probe,2905295754,7,41.0,False
ida_heuristic_clear_probe,2905295754,17,288.2,False
ida_heuristic_clear_probe,2905295754,20,649.4,False
ida_heuristic_clear_probe,2905295754,5,1040.311812630072,True
ida_heuristic_clear_probe,2905295754,14,1603.8017043804377,True
ida_heuristic_clear_probe,2905295754,18,1627.8017043804377,True
ida_heuristic_clear_probe,2905295754,10,3168.8957285410715,False
ida_heuristic_clear_probe,2905295754,1,3950.7418669914646,True
ida_heuristic_clear_probe,2905295754,12,6169.267651766426,False
ida_heuristic_clear_probe,1266257399,3,17.0,False
ida_heuristic_clear_probe,1266257399,6,35.0,True
ida_heuristic_clear_probe,1266257399,12,71.0,True
ida_heuristic_clear_probe,1266257399,17,101.0,True
ida_heuristic_clear_probe,1266257399,18,107.0,False
ida_heuristic_clear_probe,1266257399,13,312.2,True
ida_heuristic_clear_probe,1266257399,11,324.2,False
ida_heuristic_clear_probe,1266257399,10,548.7118316377915,True
ida_heuristic_clear_probe,1266257399,7,1082.4033948298159,False
ida_heuristic_clear_probe,1266257399,1,1540.803394829816,True
ida_heuristic_clear_probe,1266257399,5,1564.803394829816,True
ida_heuristic_clear_probe,1266257399,20,1737.6443518596857,True
ida_heuristic_clear_probe,1266257399,19,1743.6443518596857,True
ida_heuristic_clear_probe,1266257399,14,2911.9414238861286,True
ida_heuristic_clear_probe,3457804189,1,5.0,False
ida_heuristic_clear_probe,3457804189,6,35.0,True
ida_heuristic_clear_probe,3457804189,9,53.0,False
ida_heuristic_clear_probe,3457804189,10,59.0,False
ida_heuristic_clear_probe,3457804189,12,71.0,False
ida_heuristic_clear_probe,3457804189,15,89.0,True
ida_heuristic_clear_probe,3457804189,18,107.0,False
ida_heuristic_clear_probe,3457804189,8,342.2,True
ida_heuristic_clear_probe,3457804189,4,366.2,True
ida_heuristic_clear_probe,3457804189,16,1768.523531699546,False
ida_heuristic_clear_probe,3457804189,3,2074.996588070984,False
ida_heuristic_clear_probe,3457804189,7,2347.5492411982273,True
ida_heuristic_clear_probe,3457804189,17,4133.827652259338,False
ida_heuristic_clear_probe,3457804189,13,4478.263775154008,False
ida_heuristic_clear_probe,3457804189,2,4775.91614811183,True
ida_heuristic_clear_probe,3457804189,14,5698.319746628566,True
ida_heuristic_clear_probe,3726093617,3,17.0,True
ida_heuristic_clear_probe,3726093617,4,23.0,False
ida_heuristic_clear_probe,3726093617,13,77.0,True
ida_heuristic_clear_probe,3726093617,17,101.0,True
ida_heuristic_clear_probe,3726093617,19,276.2,False
ida_heuristic_clear_probe,3726093617,15,619.4,True
ida_heuristic_clear_probe,3726093617,14,836.5999999999999,True
ida_heuristic_clear_probe,3726093617,9,1113.8,True
ida_heuristic_clear_probe,3726093617,2,1368.2227323130437,False
ida_heuristic_clear_probe,3726093617,7,4517.899817539276,True
ida_heuristic_clear_probe,3726093617,20,5398.6998175392755,False
ida_heuristic_clear_probe,1429214163,1,5.0,True
ida_heuristic_clear_probe,1429214163,7,41.0,False
ida_heuristic_clear_probe,1429214163,9,53.0,False
ida_heuristic_clear_probe,1429214163,10,59.0,False
ida_heuristic_clear_probe,1429214163,19,113.0,False
ida_heuristic_clear_probe,1429214163,17,288.2,True
ida_heuristic_clear_probe,1429214163,16,294.2,True
ida_heuristic_clear_probe,1429214163,6,354.2,False
ida_heuristic_clear_probe,1429214163,8,1135.2034213336628,True
ida_heuristic_clear_probe,1429214163,20,1729.350037734706,False
ida_heuristic_clear_probe,1429214163,11,2133.750037734706,True
ida_heuristic_clear_probe,1429214163,13,5974.019404693388,False
ida_heuristic_clear_probe,1429214163,12,6756.867201395622,True
ida_heuristic_clear_probe,1442571541,1,5.0,True
ida_heuristic_clear_probe,1442571541,5,29.0,False
ida_heuristic_clear_probe,1442571541,6,35.0,False
ida_heuristic_clear_probe,1442571541,15,89.0,False
ida_heuristic_clear_probe,1442571541,18,107.0,True
ida_heuristic_clear_probe,1442571541,7,348.2,False
ida_heuristic_clear_probe,1442571541,3,886.9663452083346,True
ida_heuristic_clear_probe,1442571541,17,1618.2236646534275,True
ida_heuristic_clear_probe,1442571541,10,2944.4583007698793,True
ida_heuristic_clear_probe,1442571541,11,4980.214883641788,False
ida_heuristic_clear_probe,1442571541,9,5828.682319835925,True
ida_heuristic_clear_probe,1442571541,8,6009.882319835925,True
ida_heuristic_clear_probe,1442571541,13,7755.806243772355,True
ida_heuristic_clear_probe,2134321130,5,29.0,True
ida_heuristic_clear_probe,2134321130,8,47.0,False
ida_heuristic_clear_probe,2134321130,13,77.0,False
ida_heuristic_clear_probe,2134321130,15,89.0,False
ida_heuristic_clear_probe,2134321130,19,113.0,False
ida_heuristic_clear_probe,2134321130,20,119.0,False
ida_heuristic_clear_probe,2134321130,16,294.2,True
ida_heuristic_clear_probe,2134321130,12,318.2,True
ida_heuristic_clear_probe,2134321130,7,348.2,False
ida_heuristic_clear_probe,2134321130,4,366.2,True
ida_heuristic_clear_probe,2134321130,1,384.2,False
ida_heuristic_clear_probe,2134321130,14,1440.8184987751747,True
ida_heuristic_clear_probe,2134321130,3,1488.8184987751747,False
ida_heuristic_clear_probe,2134321130,11,4583.556844549127,True
ida_heuristic_clear_probe,944711634,1,5.0,False
ida_heuristic_clear_probe,944711634,9,53.0,False
ida_heuristic_clear_probe,944711634,10,59.0,False
ida_heuristic_clear_probe,944711634,15,89.0,False
ida_heuristic_clear_probe,944711634,18,107.0,False
ida_heuristic_clear_probe,944711634,19,113.0,False
ida_heuristic_clear_probe,944711634,17,288.2,False
ida_heuristic_clear_probe,944711634,2,378.2,False
ida_heuristic_clear_probe,944711634,7,571.4,False
ida_heuristic_clear_probe,944711634,8,854.5999999999999,True
ida_heuristic_clear_probe,944711634,4,3852.718069388134,True
ida_heuristic_clear_probe,944711634,3,4117.9180693881335,True
ida_heuristic_clear_probe,944711634,16,4587.561646745562,True
ida_heuristic_clear_probe,944711634,5,4798.830400026506,True
ida_heuristic_clear_probe,944711634,14,4828.830400026506,True
ida_heuristic_clear_probe,4090667826,3,17.0,False
ida_heuristic_clear_probe,4090667826,7,41.0,False
ida_heuristic_clear_probe,4090667826,14,83.0,False
ida_heuristic_clear_probe,4090667826,15,89.0,False
ida_heuristic_clear_probe,4090667826,17,101.0,False
ida_heuristic_clear_probe,4090667826,2,378.2,False
ida_heuristic_clear_probe,4090667826,9,887.8671390940207,False
ida_heuristic_clear_probe,4090667826,16,1159.0671390940206,True
ida_heuristic_clear_probe,4090667826,6,1400.2671390940206,False
ida_heuristic_clear_probe,4090667826,4,1412.2671390940206,False
ida_heuristic_clear_probe,4090667826,11,1587.6012927950637,False
ida_heuristic_clear_probe,4090667826,19,2150.7770547249584,True
ida_heuristic_clear_probe,4090667826,1,2222.7770547249584,True
ida_heuristic_clear_probe,2233025804,2,11.0,False
ida_heuristic_clear_probe,2233025804,4,23.0,False
ida_heuristic_clear_probe,2233025804,6,35.0,True
ida_heuristic_clear_probe,2233025804,11,65.0,False
ida_heuristic_clear_probe,2233025804,12,71.0,False
ida_heuristic_clear_probe,2233025804,13,77.0,False
ida_heuristic_clear_probe,2233025804,15,89.0,False
ida_heuristic_clear_probe,2233025804,16,95.0,True
ida_heuristic_clear_probe,2233025804,9,534.9243014469296,True
ida_heuristic_clear_probe,2233025804,10,2293.7447971744014,False
ida_heuristic_clear_probe,2233025804,3,2835.1038645310036,True
ida_heuristic_clear_probe,2233025804,20,3047.5792187428938,False
ida_heuristic_clear_probe,2233025804,17,3756.9281821486475,True
ida_heuristic_clear_probe,2233025804,5,5843.426350315566,True
ida_heuristic_clear_probe,1928141856,7,41.0,True
ida_heuristic_clear_probe,1928141856,15,89.0,False
ida_heuristic_clear_probe,1928141856,16,95.0,True
ida_heuristic_clear_probe,1928141856,2,541.4,True
ida_heuristic_clear_probe,1928141856,5,825.8438767087342,True
ida_heuristic_clear_probe,1928141856,4,1516.8954487281517,True
ida_heuristic_clear_probe,1928141856,11,2800.895448728151,True
ida_heuristic_clear_probe,1928141856,6,2824.895448728151,True
ida_heuristic_clear_probe,1928141856,13,3271.295448728151,False
ida_heuristic_clear_probe,1928141856,9,4634.586559847308,False
ida_heuristic_clear_probe,1928141856,12,5503.386559847308,True
ida_heuristic_clear_probe,1928141856,18,5744.586559847307,True
ida_heuristic_clear_probe,1928141856,3,6949.221079226201,True
ida_heuristic_clear_probe,3269969939,7,41.0,False
ida_heuristic_clear_probe,3269969939,17,101.0,False
ida_heuristic_clear_probe,3269969939,18,282.2,True
ida_heuristic_clear_probe,3269969939,16,294.2,False
ida_heuristic_clear_probe,3269969939,14,306.2,False
ida_heuristic_clear_probe,3269969939,3,372.2,True
ida_heuristic_clear_probe,3269969939,13,842.5999999999999,True
ida_heuristic_clear_probe,3269969939,9,1342.0734387568461,True
ida_heuristic_clear_probe,3269969939,15,1784.3858368358235,True
ida_heuristic_clear_probe,3269969939,4,2327.4759348715415,True
ida_heuristic_clear_probe,3269969939,10,7448.195716313154,True
ida_heuristic_clear_probe,3463920789,3,17.0,False
ida_heuristic_clear_probe,3463920789,4,23.0,True
ida_heuristic_clear_probe,3463920789,7,41.0,False
ida_heuristic_clear_probe,3463920789,11,65.0,True
ida_heuristic_clear_probe,3463920789,15,89.0,True
ida_heuristic_clear_probe,3463920789,16,95.0,False
ida_heuristic_clear_probe,3463920789,19,113.0,True
ida_heuristic_clear_probe,3463920789,2,378.2,False
ida_heuristic_clear_probe,3463920789,12,601.4,False
ida_heuristic_clear_probe,3463920789,5,894.1707689426742,True
ida_heuristic_clear_probe,3463920789,13,1915.6356651805338,False
ida_heuristic_clear_probe,3463920789,1,2231.767938582159,True
ida_heuristic_clear_probe,3463920789,8,7028.132752866221,True
ida_heuristic_clear_probe,3472815949,1,5.0,False
ida_heuristic_clear_probe,3472815949,6,35.0,False
ida_heuristic_clear_probe,3472815949,13,77.0,False
ida_heuristic_clear_probe,3472815949,14,83.0,False
ida_heuristic_clear_probe,3472815949,17,101.0,True
ida_heuristic_clear_probe,3472815949,20,119.0,False
ida_heuristic_clear_probe,3472815949,16,1527.5604412837085,False
ida_heuristic_clear_probe,3472815949,12,1714.7604412837086,True
ida_heuristic_clear_probe,3472815949,18,2248.7572232459042,True
ida_heuristic_clear_probe,3472815949,10,4490.330942644403,True
ida_heuristic_clear_probe,3469440183,2,11.0,False
ida_heuristic_clear_probe,3469440183,7,41.0,False
ida_heuristic_clear_probe,3469440183,10,59.0,False
ida_heuristic_clear_probe,3469440183,16,95.0,True
ida_heuristic_clear_probe,3469440183,17,288.2,True
ida_heuristic_clear_probe,3469440183,1,384.2,True
ida_heuristic_clear_probe,3469440183,9,508.21405525643877,True
ida_heuristic_clear_probe,3469440183,12,1451.4481854151395,True
ida_heuristic_clear_probe,3469440183,8,3073.1458673938932,True
ida_heuristic_clear_probe,3469440183,19,3488.973675228123,True
ida_heuristic_clear_probe,3469440183,3,3706.1736752281226,True
ida_heuristic_clear_probe,3469440183,6,3724.1736752281226,True
ida_heuristic_clear_probe,3469440183,14,3953.3736752281225,False
ida_heuristic_clear_probe,3469440183,20,4209.125838847172,True
ida_heuristic_clear_probe,3469440183,15,5557.853330475434,True
ida_heuristic_clear_probe,3469440183,4,5593.853330475434,True
ida_heuristic_clear_probe,3912765477,3,17.0,False
ida_heuristic_clear_probe,3912765477,8,47.0,True
ida_heuristic_clear_probe,3912765477,14,83.0,False
ida_heuristic_clear_probe,3912765477,15,89.0,False
ida_heuristic_clear_probe,3912765477,16,95.0,True
ida_heuristic_clear_probe,3912765477,19,276.2,False
ida_heuristic_clear_probe,3912765477,18,823.7374716058838,True
ida_heuristic_clear_probe,3912765477,7,4407.919180521525,False
ida_heuristic_clear_probe,3912765477,12,4431.919180521525,True
ida_heuristic_clear_probe,3912765477,5,4866.319180521525,True
ida_heuristic_clear_probe,3860427131,3,17.0,False
ida_heuristic_clear_probe,3860427131,7,41.0,False
ida_heuristic_clear_probe,3860427131,10,59.0,False
ida_heuristic_clear_probe,3860427131,11,65.0,False
ida_heuristic_clear_probe,3860427131,13,77.0,False
ida_heuristic_clear_probe,3860427131,14,83.0,False
ida_heuristic_clear_probe,3860427131,17,101.0,True
ida_heuristic_clear_probe,3860427131,19,113.0,False
ida_heuristic_clear_probe,3860427131,4,806.8025670348014,True
ida_heuristic_clear_probe,3860427131,20,1054.6414178400114,False
ida_heuristic_clear_probe,3860427131,16,2316.304917304233,True
ida_heuristic_clear_probe,3860427131,15,3581.503743796811,True
ida_heuristic_clear_probe,3860427131,2,6765.895894617172,True
ida_heuristic_clear_probe,3641181750,5,29.0,False
ida_heuristic_clear_probe,3641181750,20,119.0,True
ida_heuristic_clear_probe,3641181750,7,348.2,False
ida_heuristic_clear_probe,3641181750,1,384.2,True
ida_heuristic_clear_probe,3641181750,10,1442.0209368399044,True
ida_heuristic_clear_probe,3641181750,15,1906.4209368399045,False
ida_heuristic_clear_probe,3641181750,11,1930.4209368399045,False
ida_heuristic_clear_probe,3641181750,8,1948.4209368399045,True
ida_heuristic_clear_probe,3641181750,9,2246.801541648754,False
ida_heuristic_clear_probe,3641181750,17,2294.801541648754,False
ida_heuristic_clear_probe,3641181750,18,2300.801541648754,True
ida_heuristic_clear_probe,3641181750,19,2458.001541648754,True
ida_heuristic_clear_probe,3641181750,16,2476.001541648754,True
ida_heuristic_clear_probe,3641181750,6,3186.861700088662,False
ida_heuristic_clear_probe,3641181750,14,5728.3740327660125,True
ida_heuristic_clear_probe,3641181750,4,6475.767937597547,True
ida_heuristic_clear_probe,4092699652,5,29.0,False
ida_heuristic_clear_probe,4092699652,12,71.0,True
ida_heuristic_clear_probe,4092699652,13,77.0,False
ida_heuristic_clear_probe,4092699652,15,89.0,True
ida_heuristic_clear_probe,4092699652,17,101.0,True
ida_heuristic_clear_probe,4092699652,18,107.0,True
ida_heuristic_clear_probe,4092699652,20,119.0,False
ida_heuristic_clear_probe,4092699652,10,330.2,False
ida_heuristic_clear_probe,4092699652,11,646.4266059100826,False
ida_heuristic_clear_probe,4092699652,14,845.9685868770072,True
ida_heuristic_clear_probe,4092699652,3,905.9685868770072,True
ida_heuristic_clear_probe,4092699652,7,3437.4284082779945,True
ida_heuristic_clear_probe,4092699652,9,3449.4284082779945,True
ida_heuristic_clear_probe,4092699652,16,3630.6284082779944,True
ida_heuristic_clear_probe,4092699652,1,3835.828408277994,False
ida_heuristic_clear_probe,4092699652,8,3865.828408277994,True
ida_heuristic_clear_probe,1918464049,12,71.0,False
ida_heuristic_clear_probe,1918464049,13,77.0,False
ida_heuristic_clear_probe,1918464049,17,288.2,False
ida_heuristic_clear_probe,1918464049,15,300.2,True
ida_heuristic_clear_probe,1918464049,7,348.2,True
ida_heuristic_clear_probe,1918464049,4,883.7450475723908,True
ida_heuristic_clear_probe,1918464049,9,2640.7272734028184,True
ida_heuristic_clear_probe,1918464049,8,3954.213258804556,True
ida_heuristic_clear_probe,1918464049,2,5507.071835906541,False
ida_heuristic_clear_probe,1918464049,10,5995.471835906541,True
ida_heuristic_clear_probe,4167308980,8,47.0,True
ida_heuristic_clear_probe,4167308980,15,89.0,False
ida_heuristic_clear_probe,4167308980,18,107.0,False
ida_heuristic_clear_probe,4167308980,12,836.5999999999999,True
ida_heuristic_clear_probe,4167308980,5,878.5999999999999,True
ida_heuristic_clear_probe,4167308980,6,2739.8194200922594,True
ida_heuristic_clear_probe,4167308980,13,2775.8194200922594,True
ida_heuristic_clear_probe,4167308980,17,2793.8194200922594,True
ida_heuristic_clear_probe,4167308980,10,4520.309762984823,True
ida_heuristic_clear_probe,4167308980,9,5725.166750813173,True
ida_heuristic_clear_probe,4167308980,19,6195.566750813173,False
ida_heuristic_clear_probe,725881122,16,95.0,False
ida_heuristic_clear_probe,725881122,8,342.2,False
ida_heuristic_clear_probe,725881122,7,348.2,False
ida_heuristic_clear_probe,725881122,5,605.670671707748,True
ida_heuristic_clear_probe,725881122,11,641.670671707748,True
ida_heuristic_clear_probe,725881122,12,2041.8828207554548,True
ida_heuristic_clear_probe,725881122,20,3209.0520180328335,True
ida_heuristic_clear_probe,725881122,6,3757.452018032833,False
ida_heuristic_clear_probe,725881122,3,4347.589236266077,True
ida_heuristic_clear_probe,725881122,4,5416.633702778599,True
ida_heuristic_clear_probe,3258040793,3,17.0,False
ida_heuristic_clear_probe,3258040793,6,35.0,True
ida_heuristic_clear_probe,3258040793,9,53.0,False
ida_heuristic_clear_probe,3258040793,16,294.2,True
ida_heuristic_clear_probe,3258040793,13,312.2,False
ida_heuristic_clear_probe,3258040793,8,342.2,True
ida_heuristic_clear_probe,3258040793,18,1224.1492911201785,False
ida_heuristic_clear_probe,3258040793,17,1549.3492911201786,False
ida_heuristic_clear_probe,3258040793,14,2486.848415502037,True
ida_heuristic_clear_probe,3258040793,10,3932.6734300697826,True
ida_heuristic_clear_probe,3258040793,1,4962.181205464304,True
ida_heuristic_clear_probe,3537553685,2,11.0,False
ida_heuristic_clear_probe,3537553685,14,83.0,False
ida_heuristic_clear_probe,3537553685,20,119.0,False
ida_heuristic_clear_probe,3537553685,18,282.2,True
ida_heuristic_clear_probe,3537553685,17,288.2,True
ida_heuristic_clear_probe,3537553685,13,312.2,False
ida_heuristic_clear_probe,3537553685,5,360.2,True
ida_heuristic_clear_probe,3537553685,10,589.4,True
ida_heuristic_clear_probe,3537553685,12,601.4,False
ida_heuristic_clear_probe,3537553685,3,1052.9747869887794,False
ida_heuristic_clear_probe,3537553685,7,1741.6023655181616,False
ida_heuristic_clear_probe,3537553685,11,2615.2782262554997,True
ida_heuristic_clear_probe,3537553685,8,6049.518868921639,True
ida_heuristic_clear_probe,3537553685,1,6218.718868921639,True
ida_heuristic_clear_probe,3537553685,4,6224.718868921639,True
ida_heuristic_clear_probe,3187272709,2,11.0,True
ida_heuristic_clear_probe,3187272709,3,17.0,True
ida_heuristic_clear_probe,3187272709,8,47.0,False
ida_heuristic_clear_probe,3187272709,11,65.0,False
ida_heuristic_clear_probe,3187272709,13,77.0,False
ida_heuristic_clear_probe,3187272709,18,107.0,True
ida_heuristic_clear_probe,3187272709,19,113.0,False
ida_heuristic_clear_probe,3187272709,16,294.2,True
ida_heuristic_clear_probe,3187272709,10,330.2,True
ida_heuristic_clear_probe,3187272709,17,581.1509527212563,True
ida_heuristic_clear_probe,3187272709,5,1085.6897891206145,True
ida_heuristic_clear_probe,3187272709,12,2711.3439859061837,False
ida_heuristic_clear_probe,3187272709,14,3875.880401281957,False
ida_heuristic_clear_probe,3187272709,6,3893.880401281957,False
ida_heuristic_clear_probe,3187272709,1,3917.880401281957,True
ida_heuristic_clear_probe,3187272709,15,4508.124662670719,True
ida_heuristic_clear_probe,2548228722,3,17.0,True
ida_heuristic_clear_probe,2548228722,7,41.0,False
ida_heuristic_clear_probe,2548228722,9,53.0,True
ida_heuristic_clear_probe,2548228722,16,95.0,False
ida_heuristic_clear_probe,2548228722,18,107.0,False
ida_heuristic_clear_probe,2548228722,20,270.2,True
ida_heuristic_clear_probe,2548228722,15,300.2,True
ida_heuristic_clear_probe,2548228722,11,3838.248339119343,True
ida_heuristic_clear_probe,2548228722,17,4877.000699911648,False
ida_heuristic_clear_probe,2548228722,5,4919.000699911648,False
ida_heuristic_clear_probe,2548228722,2,4931.000699911648,True
ida_heuristic_clear_probe,2548228722,6,6024.394004921288,True
ida_heuristic_clear_probe,2102798036,3,17.0,False
ida_heuristic_clear_probe,2102798036,12,71.0,False
ida_heuristic_clear_probe,2102798036,14,83.0,True
ida_heuristic_clear_probe,2102798036,18,282.2,True
ida_heuristic_clear_probe,2102798036,17,288.2,True
ida_heuristic_clear_probe,2102798036,16,294.2,True
ida_heuristic_clear_probe,2102798036,13,1678.52212447198,True
ida_heuristic_clear_probe,2102798036,19,1702.52212447198,True
ida_heuristic_clear_probe,2102798036,9,1851.7630074177807,False
ida_heuristic_clear_probe,2102798036,6,2755.104522898241,True
ida_heuristic_clear_probe,2102798036,10,3603.6219003301567,True
ida_heuristic_clear_probe,3792354247,1,5.0,False
ida_heuristic_clear_probe,3792354247,2,11.0,False
ida_heuristic_clear_probe,3792354247,3,17.0,False
ida_heuristic_clear_probe,3792354247,6,35.0,False
ida_heuristic_clear_probe,3792354247,16,95.0,True
ida_heuristic_clear_probe,3792354247,17,101.0,False
ida_heuristic_clear_probe,3792354247,20,119.0,False
ida_heuristic_clear_probe,3792354247,10,330.2,False
ida_heuristic_clear_probe,3792354247,9,336.2,False
ida_heuristic_clear_probe,3792354247,4,2287.7038483373153,False
ida_heuristic_clear_probe,3792354247,14,2486.903848337315,True
ida_heuristic_clear_probe,3792354247,18,2669.103848337315,True
ida_heuristic_clear_probe,3792354247,13,2917.303848337315,True
ida_heuristic_clear_probe,1651155158,8,47.0,False
ida_heuristic_clear_probe,1651155158,11,65.0,False
ida_heuristic_clear_probe,1651155158,12,71.0,True
ida_heuristic_clear_probe,1651155158,14,83.0,False
ida_heuristic_clear_probe,1651155158,16,95.0,True
ida_heuristic_clear_probe,1651155158,4,366.2,False
ida_heuristic_clear_probe,1651155158,3,372.2,False
ida_heuristic_clear_probe,1651155158,6,2173.7939223824737,True
ida_heuristic_clear_probe,1651155158,5,2179.7939223824737,True
ida_heuristic_clear_probe,1651155158,7,6091.775172038794,True
ida_heuristic_clear_probe,2669287134,3,17.0,False
ida_heuristic_clear_probe,2669287134,6,35.0,False
ida_heuristic_clear_probe,2669287134,20,119.0,False
ida_heuristic_clear_probe,2669287134,11,324.2,True
ida_heuristic_clear_probe,2669287134,10,330.2,False
ida_heuristic_clear_probe,2669287134,12,1120.5208716857176,True
ida_heuristic_clear_probe,2669287134,15,1741.3731583030115,True
ida_heuristic_clear_probe,2669287134,1,4493.864154684649,True
ida_heuristic_clear_probe,2669287134,18,5082.6185532114005,False
ida_heuristic_clear_probe,2669287134,2,5768.338920226207,False
ida_heuristic_clear_probe,2669287134,19,5979.538920226207,True
ida_heuristic_clear_probe,2669287134,7,6021.538920226207,True
ida_heuristic_clear_probe,2669287134,5,6027.538920226207,True
ida_heuristic_clear_probe,60864645,2,11.0,False
ida_heuristic_clear_probe,60864645,9,53.0,False
ida_heuristic_clear_probe,60864645,10,59.0,False
ida_heuristic_clear_probe,60864645,13,77.0,True
ida_heuristic_clear_probe,60864645,16,95.0,False
ida_heuristic_clear_probe,60864645,11,324.2,False
ida_heuristic_clear_probe,60864645,8,342.2,True
ida_heuristic_clear_probe,60864645,5,360.2,False
ida_heuristic_clear_probe,60864645,19,643.4,True
ida_heuristic_clear_probe,60864645,1,2021.9608390471813,True
ida_heuristic_clear_probe,60864645,14,2075.9608390471813,True
ida_heuristic_clear_probe,60864645,4,2655.688254270912,True
ida_heuristic_clear_probe,60864645,18,5041.0639651036245,True
ida_heuristic_clear_probe,60864645,17,6821.179187147305,False
ida_heuristic_clear_probe,112478892,4,23.0,True
ida_heuristic_clear_probe,112478892,8,47.0,True
ida_heuristic_clear_probe,112478892,9,53.0,False
ida_heuristic_clear_probe,112478892,16,95.0,False
ida_heuristic_clear_probe,112478892,17,101.0,True
ida_heuristic_clear_probe,112478892,15,300.2,False
ida_heuristic_clear_probe,112478892,7,348.2,False
ida_heuristic_clear_probe,112478892,20,649.4,True
ida_heuristic_clear_probe,112478892,2,977.4013505617703,True
ida_heuristic_clear_probe,112478892,14,3440.7652692842503,True
ida_heuristic_clear_probe,2615818662,2,11.0,True
ida_heuristic_clear_probe,2615818662,4,23.0,True
ida_heuristic_clear_probe,2615818662,9,53.0,False
ida_heuristic_clear_probe,2615818662,11,65.0,False
ida_heuristic_clear_probe,2615818662,12,71.0,True
ida_heuristic_clear_probe,2615818662,13,77.0,False
ida_heuristic_clear_probe,2615818662,16,95.0,True
ida_heuristic_clear_probe,2615818662,18,107.0,False
ida_heuristic_clear_probe,2615818662,17,288.2,True
ida_heuristic_clear_probe,2615818662,15,587.3540435780144,True
ida_heuristic_clear_probe,2615818662,6,1697.3494045904363,True
ida_heuristic_clear_probe,2615818662,5,1703.3494045904363,True
ida_heuristic_clear_probe,2615818662,3,1709.3494045904363,True
ida_heuristic_clear_probe,2615818662,14,1918.6404975157259,True
ida_heuristic_clear_probe,2615818662,7,2380.744983753815,False
ida_heuristic_clear_probe,1378881515,3,17.0,True
ida_heuristic_clear_probe,1378881515,6,35.0,False
ida_heuristic_clear_probe,1378881515,15,89.0,False
ida_heuristic_clear_probe,1378881515,18,107.0,False
ida_heuristic_clear_probe,1378881515,16,294.2,True
ida_heuristic_clear_probe,1378881515,8,342.2,False
ida_heuristic_clear_probe,1378881515,9,583.4,False
ida_heuristic_clear_probe,1378881515,12,601.4,True
ida_heuristic_clear_probe,1378881515,1,1209.9460370001038,True
ida_heuristic_clear_probe,1378881515,13,1257.9460370001038,True
ida_heuristic_clear_probe,1378881515,7,1553.2027103488626,True
ida_heuristic_clear_probe,1378881515,10,2807.4132020924417,True
ida_heuristic_clear_probe,1378881515,20,3399.013202092441,True
ida_heuristic_clear_probe,1378881515,5,7326.141967385039,True
ida_heuristic_clear_probe,2492071252,4,23.0,True
ida_heuristic_clear_probe,2492071252,7,41.0,False
ida_heuristic_clear_probe,2492071252,8,47.0,False
ida_heuristic_clear_probe,2492071252,15,89.0,True
ida_heuristic_clear_probe,2492071252,17,288.2,True
ida_heuristic_clear_probe,2492071252,10,330.2,False
ida_heuristic_clear_probe,2492071252,3,372.2,True
ida_heuristic_clear_probe,2492071252,18,793.4469449034702,False
ida_heuristic_clear_probe,2492071252,2,3563.131272783162,True
ida_heuristic_clear_probe,2492071252,6,7031.83117664442,False
ida_heuristic_clear_probe,4187562014,5,29.0,False
ida_heuristic_clear_probe,4187562014,6,35.0,True
ida_heuristic_clear_probe,4187562014,12,71.0,False
ida_heuristic_clear_probe,4187562014,13,77.0,True
ida_heuristic_clear_probe,4187562014,15,89.0,False
ida_heuristic_clear_probe,4187562014,16,95.0,True
ida_heuristic_clear_probe,4187562014,17,288.2,True
ida_heuristic_clear_probe,4187562014,7,348.2,True
ida_heuristic_clear_probe,4187562014,4,553.4,False
ida_heuristic_clear_probe,4187562014,2,1085.1455045012658,False
ida_heuristic_clear_probe,4187562014,3,1091.1455045012658,False
ida_heuristic_clear_probe,4187562014,11,1127.1455045012658,True
ida_heuristic_clear_probe,4187562014,18,1157.1455045012658,True
ida_heuristic_clear_probe,4187562014,19,1365.5199270942755,False
ida_heuristic_clear_probe,4187562014,1,1449.5199270942755,True
ida_heuristic_clear_probe,4187562014,8,2113.1199270942757,True
ida_heuristic_clear_probe,3385248634,8,47.0,False
ida_heuristic_clear_probe,3385248634,15,89.0,False
ida_heuristic_clear_probe,3385248634,17,101.0,False
ida_heuristic_clear_probe,3385248634,20,119.0,False
ida_heuristic_clear_probe,3385248634,4,366.2,False
ida_heuristic_clear_probe,3385248634,1,384.2,False
ida_heuristic_clear_probe,3385248634,3,558.9194818355484,False
ida_heuristic_clear_probe,3385248634,16,630.9194818355484,True
ida_heuristic_clear_probe,3385248634,19,1395.5597623481708,True
ida_heuristic_clear_probe,3385248634,2,3150.167252123829,False
ida_heuristic_clear_probe,3385248634,6,3162.167252123829,False
ida_heuristic_clear_probe,3385248634,7,3451.045132817491,False
ida_heuristic_clear_probe,3385248634,9,3656.2451328174907,False
ida_heuristic_clear_probe,3385248634,10,6010.468490161185,True
ida_heuristic_clear_probe,3385248634,14,7885.560705119255,True
ida_heuristic_clear_probe,3961545464,4,23.0,False
ida_heuristic_clear_probe,3961545464,7,41.0,False
ida_heuristic_clear_probe,3961545464,8,47.0,False
ida_heuristic_clear_probe,3961545464,10,59.0,False
ida_heuristic_clear_probe,3961545464,11,65.0,False
ida_heuristic_clear_probe,3961545464,13,77.0,False
ida_heuristic_clear_probe,3961545464,14,83.0,False
ida_heuristic_clear_probe,3961545464,15,89.0,False
ida_heuristic_clear_probe,3961545464,17,101.0,False
ida_heuristic_clear_probe,3961545464,1,384.2,True
ida_heuristic_clear_probe,3961545464,16,618.4039367067047,False
ida_heuristic_clear_probe,3961545464,19,2541.855844372207,True
ida_heuristic_clear_probe,3961545464,18,2547.855844372207,True
ida_heuristic_clear_probe,3961545464,6,4024.6329777674864,True
ida_heuristic_clear_probe,3954933352,9,53.0,False
ida_heuristic_clear_probe,3954933352,11,65.0,False
ida_heuristic_clear_probe,3954933352,13,77.0,True
ida_heuristic_clear_probe,3954933352,14,83.0,False
ida_heuristic_clear_probe,3954933352,1,535.4,False
ida_heuristic_clear_probe,3954933352,8,2188.6567303911384,False
ida_heuristic_clear_probe,3954933352,20,3681.9507691009358,False
ida_heuristic_clear_probe,3954933352,7,3735.9507691009358,False
ida_heuristic_clear_probe,3954933352,16,3977.1507691009356,True
ida_heuristic_clear_probe,3954933352,4,4379.3999787524635,True
ida_heuristic_clear_probe,3954933352,5,5491.274552553732,True
ida_heuristic_clear_probe,974143242,5,29.0,True
ida_heuristic_clear_probe,974143242,7,41.0,False
ida_heuristic_clear_probe,974143242,9,53.0,False
ida_heuristic_clear_probe,974143242,15,89.0,False
ida_heuristic_clear_probe,974143242,17,101.0,False
ida_heuristic_clear_probe,974143242,20,270.2,True
ida_heuristic_clear_probe,974143242,16,294.2,False
ida_heuristic_clear_probe,974143242,13,312.2,False
ida_heuristic_clear_probe,974143242,10,583.4,True
ida_heuristic_clear_probe,974143242,4,1844.8940774389425,False
ida_heuristic_clear_probe,974143242,2,2020.0940774389426,False
ida_heuristic_clear_probe,974143242,6,5259.938797503136,False
ida_heuristic_clear_probe,974143242,11,6283.891634036186,True
ida_heuristic_clear_probe,974143242,8,6477.0916340361855,True
ida_heuristic_clear_probe,148558645,2,11.0,True
ida_heuristic_clear_probe,148558645,4,23.0,True
ida_heuristic_clear_probe,148558645,12,71.0,False
ida_heuristic_clear_probe,148558645,14,83.0,False
ida_heuristic_clear_probe,148558645,15,89.0,True
ida_heuristic_clear_probe,148558645,19,113.0,False
ida_heuristic_clear_probe,148558645,17,288.2,True
ida_heuristic_clear_probe,148558645,7,835.9498140598118,False
ida_heuristic_clear_probe,148558645,8,1054.0835478086778,True
ida_heuristic_clear_probe,148558645,9,1060.0835478086778,True
ida_heuristic_clear_probe,148558645,5,1826.5786959246936,True
ida_heuristic_clear_probe,148558645,3,2667.9559163308672,False
ida_heuristic_clear_probe,148558645,13,2879.155916330867,True
ida_heuristic_clear_probe,148558645,16,2891.155916330867,False
ida_heuristic_clear_probe,148558645,10,6497.029181789412,True
ida_heuristic_clear_probe,1858373987,5,29.0,False
ida_heuristic_clear_probe,1858373987,11,65.0,True
ida_heuristic_clear_probe,1858373987,12,71.0,False
ida_heuristic_clear_probe,1858373987,13,77.0,True
ida_heuristic_clear_probe,1858373987,16,95.0,True
ida_heuristic_clear_probe,1858373987,20,119.0,False
ida_heuristic_clear_probe,1858373987,6,354.2,False
ida_heuristic_clear_probe,1858373987,3,1546.3392660411305,True
ida_heuristic_clear_probe,1858373987,17,1606.3392660411305,False
ida_heuristic_clear_probe,1858373987,18,1787.5392660411305,False
ida_heuristic_clear_probe,1858373987,15,1799.5392660411305,False
ida_heuristic_clear_probe,1858373987,9,1823.5392660411305,False
ida_heuristic_clear_probe,1858373987,10,2001.7751256487704,True
ida_heuristic_clear_probe,1858373987,19,2037.7751256487704,True
ida_heuristic_clear_probe,1858373987,14,3282.873331463284,False
ida_heuristic_clear_probe,1858373987,4,3634.2733314632837,False
ida_heuristic_clear_probe,1989247223,5,29.0,True
ida_heuristic_clear_probe,1989247223,16,95.0,False
ida_heuristic_clear_probe,1989247223,20,119.0,False
ida_heuristic_clear_probe,1989247223,13,312.2,False
ida_heuristic_clear_probe,1989247223,8,342.2,False
ida_heuristic_clear_probe,1989247223,6,354.2,False
ida_heuristic_clear_probe,1989247223,1,384.2,True
ida_heuristic_clear_probe,1989247223,4,1563.076604736451,True
ida_heuristic_clear_probe,1989247223,19,1623.076604736451,True
ida_heuristic_clear_probe,1989247223,15,3179.804667386164,False
ida_heuristic_clear_probe,1989247223,3,4159.3351575836405,True
ida_heuristic_clear_probe,1989247223,11,4721.820497320338,False
ida_heuristic_clear_probe,1109973389,2,11.0,False
ida_heuristic_clear_probe,1109973389,3,17.0,True
ida_heuristic_clear_probe,1109973389,5,29.0,False
ida_heuristic_clear_probe,1109973389,7,41.0,False
ida_heuristic_clear_probe,1109973389,10,59.0,False
ida_heuristic_clear_probe,1109973389,18,107.0,True
ida_heuristic_clear_probe,1109973389,20,270.2,False
ida_heuristic_clear_probe,1109973389,15,300.2,False
ida_heuristic_clear_probe,1109973389,12,613.1218483999115,True
ida_heuristic_clear_probe,1109973389,17,1264.4673772908866,False
ida_heuristic_clear_probe,1109973389,16,1270.4673772908866,True
ida_heuristic_clear_probe,1109973389,6,1324.4673772908866,True
ida_heuristic_clear_probe,1109973389,8,1869.738352648375,True
ida_heuristic_clear_probe,1109973389,11,3208.775386598414,True
ida_heuristic_clear_probe,1109973389,1,5041.3744161557,True
ida_heuristic_clear_probe,1109973389,14,7534.908958726686,True
ida_heuristic_clear_probe,155067787,15,89.0,False
ida_heuristic_clear_probe,155067787,16,95.0,True
ida_heuristic_clear_probe,155067787,19,113.0,False
ida_heuristic_clear_probe,155067787,18,282.2,False
ida_heuristic_clear_probe,155067787,10,330.2,False
ida_heuristic_clear_probe,155067787,13,790.8711568979318,True
ida_heuristic_clear_probe,155067787,12,796.8711568979318,False
ida_heuristic_clear_probe,155067787,7,826.8711568979318,True
ida_heuristic_clear_probe,155067787,6,832.8711568979318,False
ida_heuristic_clear_probe,155067787,2,856.8711568979318,False
ida_heuristic_clear_probe,155067787,3,1026.0711568979318,True
ida_heuristic_clear_probe,155067787,20,1267.2711568979319,False
ida_heuristic_clear_probe,155067787,9,2032.871156897932,True
ida_heuristic_clear_probe,155067787,8,2737.6132989691982,False
ida_heuristic_clear_probe,155067787,5,2930.813298969198,False
ida_heuristic_clear_probe,155067787,4,4619.961582337301,True
ida_heuristic_clear_probe,876304571,8,47.0,False
ida_heuristic_clear_probe,876304571,14,83.0,True
ida_heuristic_clear_probe,876304571,19,276.2,True
ida_heuristic_clear_probe,876304571,13,312.2,True
ida_heuristic_clear_probe,876304571,5,360.2,True
ida_heuristic_clear_probe,876304571,10,589.4,True
ida_heuristic_clear_probe,876304571,20,649.4,True
ida_heuristic_clear_probe,876304571,6,1461.4462294787584,False
ida_heuristic_clear_probe,876304571,3,1661.748994804104,False
ida_heuristic_clear_probe,876304571,11,1703.748994804104,False
ida_heuristic_clear_probe,876304571,15,5096.574558623986,False
ida_heuristic_clear_probe,876304571,4,5120.574558623986,True
ida_heuristic_clear_probe,876304571,1,5283.774558623986,False
ida_heuristic_clear_probe,1357346616,1,5.0,False
ida_heuristic_clear_probe,1357346616,4,23.0,False
ida_heuristic_clear_probe,1357346616,7,41.0,False
ida_heuristic_clear_probe,1357346616,17,101.0,False
ida_heuristic_clear_probe,1357346616,5,360.2,True
ida_heuristic_clear_probe,1357346616,3,372.2,True
ida_heuristic_clear_probe,1357346616,8,1533.6835996114448,False
ida_heuristic_clear_probe,1357346616,20,1750.8835996114449,True
ida_heuristic_clear_probe,1357346616,19,1756.8835996114449,False
ida_heuristic_clear_probe,1357346616,14,2040.083599611445,True
ida_heuristic_clear_probe,1357346616,15,2046.083599611445,False
ida_heuristic_clear_probe,3972323474,4,23.0,False
ida_heuristic_clear_probe,3972323474,7,41.0,False
ida_heuristic_clear_probe,3972323474,8,47.0,True
ida_heuristic_clear_probe,3972323474,18,107.0,True
ida_heuristic_clear_probe,3972323474,12,614.3302289043038,True
ida_heuristic_clear_probe,3972323474,6,873.5302289043038,True
ida_heuristic_clear_probe,3972323474,17,1522.728409387351,True
ida_heuristic_clear_probe,3972323474,20,1762.2996957037149,False
ida_heuristic_clear_probe,3972323474,1,2777.552989631452,True
ida_heuristic_clear_probe,3972323474,2,5952.0432205592715,True
ida_heuristic_clear_probe,3972323474,13,7884.280627912921,True
ida_heuristic_clear_probe,3729079237,5,29.0,False
ida_heuristic_clear_probe,3729079237,9,53.0,False
ida_heuristic_clear_probe,3729079237,11,65.0,True
ida_heuristic_clear_probe,3729079237,20,119.0,False
ida_heuristic_clear_probe,3729079237,13,312.2,True
ida_heuristic_clear_probe,3729079237,3,372.2,False
ida_heuristic_clear_probe,3729079237,1,384.2,True
ida_heuristic_clear_probe,3729079237,7,625.1564703085779,True
ida_heuristic_clear_probe,3729079237,12,1167.556470308578,False
ida_heuristic_clear_probe,3729079237,14,2461.4189100018107,True
ida_heuristic_clear_probe,3729079237,16,5130.114715139723,True
ida_heuristic_clear_probe,3729079237,2,5184.114715139723,True
ida_heuristic_clear_probe,3729079237,4,5353.3147151397225,True
ida_heuristic_clear_probe,3729079237,17,5727.080440713145,True
ida_heuristic_clear_probe,3073916602,2,11.0,False
ida_heuristic_clear_probe,3073916602,12,71.0,False
ida_heuristic_clear_probe,3073916602,14,83.0,False
ida_heuristic_clear_probe,3073916602,15,89.0,True
ida_heuristic_clear_probe,3073916602,17,101.0,False
ida_heuristic_clear_probe,3073916602,10,330.2,True
ida_heuristic_clear_probe,3073916602,6,354.2,False
ida_heuristic_clear_probe,3073916602,4,366.2,False
ida_heuristic_clear_probe,3073916602,1,2088.3355280293827,True
ida_heuristic_clear_probe,3073916602,11,2909.135528029382,False
ida_heuristic_clear_probe,3073916602,7,3102.3355280293817,True
ida_heuristic_clear_probe,3073916602,3,3658.9355280293817,True
ida_heuristic_clear_probe,3073916602,13,6046.757903081946,True
ida_heuristic_clear_probe,3602836476,2,11.0,False
ida_heuristic_clear_probe,3602836476,4,23.0,False
ida_heuristic_clear_probe,3602836476,7,41.0,True
ida_heuristic_clear_probe,3602836476,14,83.0,True
ida_heuristic_clear_probe,3602836476,16,95.0,False
ida_heuristic_clear_probe,3602836476,17,101.0,True
ida_heuristic_clear_probe,3602836476,18,107.0,False
ida_heuristic_clear_probe,3602836476,10,330.2,True
ida_heuristic_clear_probe,3602836476,9,582.668731226936,True
ida_heuristic_clear_probe,3602836476,3,1047.2500918002797,True
ida_heuristic_clear_probe,3602836476,11,1318.4500918002798,True
ida_heuristic_clear_probe,3602836476,19,5017.127231290353,False
ida_heuristic_clear_probe,3602836476,6,5704.055542755602,True
ida_heuristic_clear_probe,3602836476,15,6718.788324861144,True
ida_heuristic_clear_probe,97500857,1,5.0,False
ida_heuristic_clear_probe,97500857,7,41.0,True
ida_heuristic_clear_probe,97500857,8,47.0,False
ida_heuristic_clear_probe,97500857,9,53.0,False
ida_heuristic_clear_probe,97500857,14,83.0,False
ida_heuristic_clear_probe,97500857,15,89.0,False
ida_heuristic_clear_probe,97500857,18,107.0,False
ida_heuristic_clear_probe,97500857,6,354.2,False
ida_heuristic_clear_probe,97500857,17,559.6489176974242,True
ida_heuristic_clear_probe,97500857,20,2031.2777974927167,True
ida_heuristic_clear_probe,97500857,3,2206.512145902047,False
ida_heuristic_clear_probe,1877942840,3,17.0,False
ida_heuristic_clear_probe,1877942840,7,41.0,False
ida_heuristic_clear_probe,1877942840,8,47.0,True
ida_heuristic_clear_probe,1877942840,11,65.0,False
ida_heuristic_clear_probe,1877942840,12,71.0,False
ida_heuristic_clear_probe,1877942840,15,89.0,False
ida_heuristic_clear_probe,1877942840,18,107.0,False
ida_heuristic_clear_probe,1877942840,19,113.0,True
ida_heuristic_clear_probe,1877942840,20,119.0,False
ida_heuristic_clear_probe,1877942840,9,336.2,False
ida_heuristic_clear_probe,1877942840,2,378.2,True
ida_heuristic_clear_probe,1877942840,1,1777.836415502865,True
ida_heuristic_clear_probe,1877942840,10,2399.4364155028647,False
ida_heuristic_clear_probe,1877942840,13,2417.4364155028647,True
ida_heuristic_clear_probe,1877942840,14,2423.4364155028647,False
ida_heuristic_clear_probe,1877942840,5,3790.9412119767853,True
ida_heuristic_clear_probe,1942196207,8,47.0,False
ida_heuristic_clear_probe,1942196207,9,53.0,False
ida_heuristic_clear_probe,1942196207,7,348.2,True
ida_heuristic_clear_probe,1942196207,1,800.4047242280162,False
ida_heuristic_clear_probe,1942196207,4,1084.9124281696877,True
ida_heuristic_clear_probe,1942196207,2,5170.5831844557615,False
ida_heuristic_clear_probe,1942196207,18,5393.783184455761,True
ida_heuristic_clear_probe,1942196207,10,5616.983184455761,True
ida_heuristic_clear_probe,1942196207,12,6305.4835962588295,True
ida_heuristic_clear_probe,1942196207,15,7338.141181767548,True
ida_heuristic_clear_probe,73374192,2,11.0,False
ida_heuristic_clear_probe,73374192,3,17.0,True
ida_heuristic_clear_probe,73374192,4,23.0,False
ida_heuristic_clear_probe,73374192,8,47.0,False
ida_heuristic_clear_probe,73374192,16,95.0,False
ida_heuristic_clear_probe,73374192,20,119.0,True
ida_heuristic_clear_probe,73374192,13,312.2,False
ida_heuristic_clear_probe,73374192,11,628.4773364628834,True
ida_heuristic_clear_probe,73374192,6,1454.3846421630562,False
ida_heuristic_clear_probe,73374192,1,2964.8570320251984,True
ida_heuristic_clear_probe,73374192,10,3146.057032025198,True
ida_heuristic_clear_probe,73374192,15,3876.7736341806626,True
ida_heuristic_clear_probe,2876730217,1,5.0,False
ida_heuristic_clear_probe,2876730217,5,29.0,False
ida_heuristic_clear_probe,2876730217,11,65.0,False
ida_heuristic_clear_probe,2876730217,13,77.0,False
ida_heuristic_clear_probe,2876730217,14,83.0,False
ida_heuristic_clear_probe,2876730217,18,107.0,True
ida_heuristic_clear_probe,2876730217,20,119.0,False
ida_heuristic_clear_probe,2876730217,4,366.2,False
ida_heuristic_clear_probe,2876730217,2,378.2,True
ida_heuristic_clear_probe,2876730217,16,686.6528593840886,True
ida_heuristic_clear_probe,2876730217,7,2007.5316885208238,True
ida_heuristic_clear_probe,2876730217,10,2439.301376844621,True
ida_heuristic_clear_probe,2876730217,8,6094.874790687034,True
ida_heuristic_clear_probe,539631908,7,41.0,False
ida_heuristic_clear_probe,539631908,10,59.0,False
ida_heuristic_clear_probe,539631908,12,318.2,False
ida_heuristic_clear_probe,539631908,1,538.4631772218712,True
ida_heuristic_clear_probe,539631908,16,1340.0631772218712,True
ida_heuristic_clear_probe,539631908,14,2175.395865298777,False
ida_heuristic_clear_probe,539631908,8,2639.795865298777,True
ida_heuristic_clear_probe,539631908,9,3263.4951157556816,True
ida_heuristic_clear_probe,539631908,18,5177.393988484532,True
ida_heuristic_clear_probe,539631908,6,5207.393988484532,True
ida_heuristic_clear_probe,206053563,2,11.0,False
ida_heuristic_clear_probe,206053563,7,41.0,True
ida_heuristic_clear_probe,206053563,19,113.0,False
ida_heuristic_clear_probe,206053563,8,342.2,False
ida_heuristic_clear_probe,206053563,5,360.2,False
ida_heuristic_clear_probe,206053563,1,384.2,False
ida_heuristic_clear_probe,206053563,15,619.4,True
ida_heuristic_clear_probe,206053563,11,1778.385552535464,False
ida_heuristic_clear_probe,206053563,20,2611.92594005949,False
ida_heuristic_clear_probe,206053563,16,3526.4789964550673,False
ida_heuristic_clear_probe,206053563,9,6518.463827679771,False
ida_heuristic_clear_probe,366699910,3,17.0,False
ida_heuristic_clear_probe,366699910,10,59.0,False
ida_heuristic_clear_probe,366699910,20,270.2,False
ida_heuristic_clear_probe,366699910,16,294.2,True
ida_heuristic_clear_probe,366699910,2,378.2,True
ida_heuristic_clear_probe,366699910,18,812.5999999999999,True
ida_heuristic_clear_probe,366699910,19,2803.6123077636234,False
ida_heuristic_clear_probe,366699910,15,3765.421405368174,True
ida_heuristic_clear_probe,366699910,8,4630.421818125327,True
ida_heuristic_clear_probe,366699910,11,7708.3074371144185,True
ida_heuristic_clear_probe,3692234495,2,11.0,False
ida_heuristic_clear_probe,3692234495,5,29.0,True
ida_heuristic_clear_probe,3692234495,11,65.0,False
ida_heuristic_clear_probe,3692234495,18,107.0,True
ida_heuristic_clear_probe,3692234495,20,270.2,False
ida_heuristic_clear_probe,3692234495,8,342.2,False
ida_heuristic_clear_probe,3692234495,1,384.2,True
ida_heuristic_clear_probe,3692234495,7,1065.0400334667927,True
ida_heuristic_clear_probe,3692234495,10,1496.834025036032,False
ida_heuristic_clear_probe,3692234495,17,1726.034025036032,True
ida_heuristic_clear_probe,3692234495,4,1792.034025036032,True
ida_heuristic_clear_probe,3692234495,19,2033.234025036032,True
ida_heuristic_clear_probe,3692234495,3,2538.188121473039,False
ida_heuristic_clear_probe,3692234495,13,2580.188121473039,False
ida_heuristic_clear_probe,3692234495,16,5948.92231316272,True
ida_heuristic_clear_probe,1959354251,3,17.0,True
ida_heuristic_clear_probe,1959354251,6,35.0,True
ida_heuristic_clear_probe,1959354251,10,59.0,False
ida_heuristic_clear_probe,1959354251,13,77.0,False
ida_heuristic_clear_probe,1959354251,20,637.4,False
ida_heuristic_clear_probe,1959354251,7,1601.5647679628598,True
ida_heuristic_clear_probe,1959354251,17,2991.875181115891,True
ida_heuristic_clear_probe,1959354251,14,3009.875181115891,False
ida_heuristic_clear_probe,1959354251,2,3057.875181115891,True
ida_heuristic_clear_probe,1959354251,1,3063.875181115891,True
ida_heuristic_clear_probe,1959354251,18,5652.113563443151,False
ida_heuristic_clear_probe,1959354251,11,5839.313563443151,True
ida_heuristic_clear_probe,819145269,7,41.0,False
ida_heuristic_clear_probe,819145269,10,59.0,False
ida_heuristic_clear_probe,819145269,13,77.0,False
ida_heuristic_clear_probe,819145269,17,101.0,True
ida_heuristic_clear_probe,819145269,19,276.2,True
ida_heuristic_clear_probe,819145269,6,354.2,True
ida_heuristic_clear_probe,819145269,1,384.2,True
ida_heuristic_clear_probe,819145269,16,583.197211671755,False
ida_heuristic_clear_probe,819145269,4,923.6944310466974,True
ida_heuristic_clear_probe,819145269,12,1848.8438467453645,False
ida_heuristic_clear_probe,819145269,18,2120.0438467453646,False
ida_heuristic_clear_probe,819145269,11,3537.93519150986,False
ida_heuristic_clear_probe,819145269,20,3561.93519150986,False
ida_heuristic_clear_probe,819145269,8,4792.968538154563,True
ida_heuristic_clear_probe,819145269,15,5010.168538154563,True
ida_heuristic_clear_probe,819145269,3,6790.448171526785,True
ida_heuristic_clear_probe,1538458297,2,11.0,False
ida_heuristic_clear_probe,1538458297,3,17.0,False
ida_heuristic_clear_probe,1538458297,8,47.0,False
ida_heuristic_clear_probe,1538458297,9,53.0,True
ida_heuristic_clear_probe,1538458297,12,71.0,False
ida_heuristic_clear_probe,1538458297,13,77.0,True
ida_heuristic_clear_probe,1538458297,18,107.0,False
ida_heuristic_clear_probe,1538458297,20,119.0,True
ida_heuristic_clear_probe,1538458297,15,300.2,False
ida_heuristic_clear_probe,1538458297,11,324.2,False
ida_heuristic_clear_probe,1538458297,4,366.2,True
ida_heuristic_clear_probe,1538458297,16,2038.7361522660315,True
ida_heuristic_clear_probe,1538458297,6,2074.7361522660312,True
ida_heuristic_clear_probe,1538458297,1,2086.7361522660312,True
ida_heuristic_clear_probe,1538458297,10,3774.4670743857773,False
ida_heuristic_clear_probe,1538458297,17,3792.4670743857773,False
ida_heuristic_clear_probe,3602896830,3,17.0,False
ida_heuristic_clear_probe,3602896830,4,23.0,True
ida_heuristic_clear_probe,3602896830,14,83.0,True
ida_heuristic_clear_probe,3602896830,17,288.2,True
ida_heuristic_clear_probe,3602896830,5,360.2,True
ida_heuristic_clear_probe,3602896830,18,2105.313614859995,False
ida_heuristic_clear_probe,3602896830,11,2424.7080322362212,False
ida_heuristic_clear_probe,3602896830,10,2653.908032236221,False
ida_heuristic_clear_probe,3602896830,2,2925.108032236221,True
ida_heuristic_clear_probe,3602896830,6,3045.225035154329,True
ida_heuristic_clear_probe,3602896830,20,3735.5042726890406,True
ida_heuristic_clear_probe,3602896830,8,5203.956174481773,True
ida_heuristic_clear_probe,3436379175,16,95.0,True
ida_heuristic_clear_probe,3436379175,11,324.2,False
ida_heuristic_clear_probe,3436379175,8,342.2,False
ida_heuristic_clear_probe,3436379175,1,384.2,True
ida_heuristic_clear_probe,3436379175,14,613.4,True
ida_heuristic_clear_probe,3436379175,17,830.0917150987597,True
ida_heuristic_clear_probe,3436379175,4,2716.0946954748474,False
ida_heuristic_clear_probe,3436379175,10,2746.0946954748474,True
ida_heuristic_clear_probe,3436379175,12,2752.0946954748474,True
ida_heuristic_clear_probe,3436379175,15,2764.0946954748474,True
ida_heuristic_clear_probe,3436379175,7,2993.2946954748472,True
ida_heuristic_clear_probe,2027149278,3,17.0,True
ida_heuristic_clear_probe,2027149278,6,35.0,True
ida_heuristic_clear_probe,2027149278,17,101.0,False
ida_heuristic_clear_probe,2027149278,18,282.2,False
ida_heuristic_clear_probe,2027149278,4,366.2,True
ida_heuristic_clear_probe,2027149278,14,1832.7045969048393,True
ida_heuristic_clear_probe,2027149278,5,2745.223762393824,True
ida_heuristic_clear_probe,2027149278,8,3635.628048078538,False
ida_heuristic_clear_probe,2027149278,1,4254.199183187352,True
ida_heuristic_clear_probe,2027149278,20,5797.91166377603,True
ida_heuristic_clear_probe,2027149278,7,7329.561385704749,True
ida_heuristic_clear_probe,3188326437,4,23.0,False
ida_heuristic_clear_probe,3188326437,8,47.0,False
ida_heuristic_clear_probe,3188326437,9,53.0,True
ida_heuristic_clear_probe,3188326437,11,65.0,False
ida_heuristic_clear_probe,3188326437,6,354.2,True
ida_heuristic_clear_probe,3188326437,2,378.2,False
ida_heuristic_clear_probe,3188326437,18,811.6020870354259,False
ida_heuristic_clear_probe,3188326437,14,835.6020870354259,False
ida_heuristic_clear_probe,3188326437,19,1324.002087035426,True
ida_heuristic_clear_probe,3188326437,12,1366.002087035426,False
ida_heuristic_clear_probe,3188326437,3,1414.002087035426,True
ida_heuristic_clear_probe,3188326437,1,1426.002087035426,False
ida_heuristic_clear_probe,3267629488,2,11.0,False
ida_heuristic_clear_probe,3267629488,5,29.0,True
ida_heuristic_clear_probe,3267629488,15,89.0,False
ida_heuristic_clear_probe,3267629488,17,101.0,True
ida_heuristic_clear_probe,3267629488,20,119.0,True
ida_heuristic_clear_probe,3267629488,19,276.2,True
ida_heuristic_clear_probe,3267629488,13,312.2,False
ida_heuristic_clear_probe,3267629488,11,324.2,True
ida_heuristic_clear_probe,3267629488,3,1047.5811676264111,False
ida_heuristic_clear_probe,3267629488,4,2978.4960895543127,True
ida_heuristic_clear_probe,3267629488,10,3502.8960895543123,False
ida_heuristic_clear_probe,3267629488,16,3532.8960895543123,False
ida_heuristic_clear_probe,3267629488,18,5472.369740609978,False
ida_heuristic_clear_probe,3267629488,14,5629.569740609978,True
ida_heuristic_clear_probe,4065153588,1,5.0,False
ida_heuristic_clear_probe,4065153588,2,11.0,True
ida_heuristic_clear_probe,4065153588,4,23.0,False
ida_heuristic_clear_probe,4065153588,5,29.0,False
ida_heuristic_clear_probe,4065153588,6,35.0,False
ida_heuristic_clear_probe,4065153588,9,53.0,True
ida_heuristic_clear_probe,4065153588,12,71.0,False
ida_heuristic_clear_probe,4065153588,13,77.0,True
ida_heuristic_clear_probe,4065153588,20,119.0,False
ida_heuristic_clear_probe,4065153588,18,282.2,True
ida_heuristic_clear_probe,4065153588,15,1604.514545709118,False
ida_heuristic_clear_probe,4065153588,3,1904.5244850969868,False
ida_heuristic_clear_probe,4065153588,10,1928.5244850969868,False
ida_heuristic_clear_probe,4065153588,19,1970.5244850969868,False
ida_heuristic_clear_probe,4065153588,16,2155.671589092516,True
ida_heuristic_clear_probe,4065153588,14,2391.895515383052,False
ida_heuristic_clear_probe,24814490,1,5.0,False
ida_heuristic_clear_probe,24814490,6,35.0,False
ida_heuristic_clear_probe,24814490,10,59.0,False
ida_heuristic_clear_probe,24814490,17,101.0,False
ida_heuristic_clear_probe,24814490,20,119.0,False
ida_heuristic_clear_probe,24814490,14,306.2,True
ida_heuristic_clear_probe,24814490,9,336.2,False
ida_heuristic_clear_probe,24814490,4,366.2,True
ida_heuristic_clear_probe,24814490,12,579.0158785060468,False
ida_heuristic_clear_probe,24814490,15,1308.0096798012044,True
ida_heuristic_clear_probe,24814490,18,1732.6565769470344,True
ida_heuristic_clear_probe,24814490,8,4553.221743470104,True
ida_heuristic_clear_probe,24814490,11,7193.724564750308,True
ida_heuristic_clear_probe,3986672588,4,23.0,True
ida_heuristic_clear_probe,3986672588,5,29.0,False
ida_heuristic_clear_probe,3986672588,8,47.0,False
ida_heuristic_clear_probe,3986672588,9,53.0,False
ida_heuristic_clear_probe,3986672588,15,89.0,False
ida_heuristic_clear_probe,3986672588,18,107.0,False
ida_heuristic_clear_probe,3986672588,19,113.0,False
ida_heuristic_clear_probe,3986672588,11,592.0203879281178,True
ida_heuristic_clear_probe,3986672588,12,1253.8041026361147,False
ida_heuristic_clear_probe,3986672588,6,1664.549653176838,True
ida_heuristic_clear_probe,1151847455,5,29.0,False
ida_heuristic_clear_probe,1151847455,6,35.0,False
ida_heuristic_clear_probe,1151847455,10,59.0,False
ida_heuristic_clear_probe,1151847455,11,65.0,True
ida_heuristic_clear_probe,1151847455,12,71.0,False
ida_heuristic_clear_probe,1151847455,14,83.0,True
ida_heuristic_clear_probe,1151847455,17,101.0,False
ida_heuristic_clear_probe,1151847455,8,569.2668023942264,True
ida_heuristic_clear_probe,1151847455,9,575.2668023942264,False
ida_heuristic_clear_probe,1151847455,16,801.2796027671393,False
ida_heuristic_clear_probe,1151847455,15,1301.6796027671394,False
ida_heuristic_clear_probe,1151847455,3,1355.6796027671394,True
ida_heuristic_clear_probe,1151847455,4,1536.8796027671394,True
ida_heuristic_clear_probe,1151847455,18,3986.420821261641,True
ida_heuristic_clear_probe,3621973066,1,5.0,True
ida_heuristic_clear_probe,3621973066,2,11.0,True
ida_heuristic_clear_probe,3621973066,9,53.0,False
ida_heuristic_clear_probe,3621973066,10,59.0,False
ida_heuristic_clear_probe,3621973066,12,71.0,True
ida_heuristic_clear_probe,3621973066,13,77.0,True
ida_heuristic_clear_probe,3621973066,17,288.2,False
ida_heuristic_clear_probe,3621973066,8,342.2,False
ida_heuristic_clear_probe,3621973066,3,551.8133410525407,False
ida_heuristic_clear_probe,3621973066,20,2350.201529382996,True
ida_heuristic_clear_probe,3811502575,2,11.0,False
ida_heuristic_clear_probe,3811502575,6,35.0,True
ida_heuristic_clear_probe,3811502575,15,89.0,False
ida_heuristic_clear_probe,3811502575,20,119.0,False
ida_heuristic_clear_probe,3811502575,13,312.2,False
ida_heuristic_clear_probe,3811502575,11,324.2,False
ida_heuristic_clear_probe,3811502575,9,336.2,True
ida_heuristic_clear_probe,3811502575,8,342.2,False
ida_heuristic_clear_probe,3811502575,7,348.2,True
ida_heuristic_clear_probe,3811502575,5,1285.3653283706533,False
ida_heuristic_clear_probe,3811502575,1,1678.0560809230071,True
ida_heuristic_clear_probe,3811502575,10,1708.0560809230071,True
ida_heuristic_clear_probe,3811502575,17,1738.0560809230071,False
ida_heuristic_clear_probe,3811502575,3,2221.6504525093055,False
ida_heuristic_clear_probe,586648642,4,23.0,False
ida_heuristic_clear_probe,586648642,13,77.0,False
ida_heuristic_clear_probe,586648642,18,107.0,True
ida_heuristic_clear_probe,586648642,19,276.2,True
ida_heuristic_clear_probe,586648642,15,300.2,False
ida_heuristic_clear_probe,586648642,8,342.2,False
ida_heuristic_clear_probe,586648642,2,648.2738811643331,True
ida_heuristic_clear_probe,586648642,5,1103.868057914097,True
ida_heuristic_clear_probe,586648642,14,2098.2210414181222,False
ida_heuristic_clear_probe,586648642,10,2605.750131591049,False
ida_heuristic_clear_probe,586648642,11,2611.750131591049,True
ida_heuristic_clear_probe,586648642,1,3001.2166185345795,True
ida_heuristic_clear_probe,586648642,17,3399.2595283859773,True
ida_heuristic_clear_probe,586648642,20,3556.459528385977,True
ida_heuristic_clear_probe,586648642,6,4447.849649074824,True
ida_heuristic_clear_probe,2106860477,4,23.0,False
ida_heuristic_clear_probe,2106860477,5,29.0,False
ida_heuristic_clear_probe,2106860477,6,35.0,True
ida_heuristic_clear_probe,2106860477,12,71.0,False
ida_heuristic_clear_probe,2106860477,18,107.0,True
ida_heuristic_clear_probe,2106860477,11,324.2,True
ida_heuristic_clear_probe,2106860477,2,1332.934945202472,False
ida_heuristic_clear_probe,2106860477,9,1893.420039309507,False
ida_heuristic_clear_probe,2106860477,17,2103.809822791294,True
ida_heuristic_clear_probe,2106860477,8,3493.1312428243687,True
ida_heuristic_clear_probe,2090589481,1,5.0,False
ida_heuristic_clear_probe,2090589481,2,11.0,False
ida_heuristic_clear_probe,2090589481,10,59.0,False
ida_heuristic_clear_probe,2090589481,12,71.0,False
ida_heuristic_clear_probe,2090589481,15,89.0,False
ida_heuristic_clear_probe,2090589481,20,270.2,False
ida_heuristic_clear_probe,2090589481,19,276.2,True
ida_heuristic_clear_probe,2090589481,3,545.7980974060121,True
ida_heuristic_clear_probe,2090589481,9,581.7980974060121,True
ida_heuristic_clear_probe,2090589481,16,623.7980974060121,True
ida_heuristic_clear_probe,2090589481,14,834.998097406012,False
ida_heuristic_clear_probe,2090589481,6,3120.6167246877326,True
ida_heuristic_clear_probe,2090589481,8,3771.498870350238,True
ida_heuristic_clear_probe,2090589481,4,4196.605753129693,True
ida_heuristic_clear_probe,2050212356,1,5.0,False
ida_heuristic_clear_probe,2050212356,3,17.0,False
ida_heuristic_clear_probe,2050212356,4,23.0,False
ida_heuristic_clear_probe,2050212356,7,41.0,False
ida_heuristic_clear_probe,2050212356,19,113.0,False
ida_heuristic_clear_probe,2050212356,20,119.0,True
ida_heuristic_clear_probe,2050212356,9,336.2,True
ida_heuristic_clear_probe,2050212356,10,1205.7494826404923,False
ida_heuristic_clear_probe,2050212356,2,2297.585402504969,True
ida_heuristic_clear_probe,2050212356,13,2803.480484300878,True
ida_heuristic_clear_probe,124805700,7,41.0,False
ida_heuristic_clear_probe,124805700,8,47.0,False
ida_heuristic_clear_probe,124805700,9,53.0,False
ida_heuristic_clear_probe,124805700,10,59.0,False
ida_heuristic_clear_probe,124805700,11,65.0,False
ida_heuristic_clear_probe,124805700,12,71.0,True
ida_heuristic_clear_probe,124805700,13,77.0,False
ida_heuristic_clear_probe,124805700,15,89.0,True
ida_heuristic_clear_probe,124805700,17,1273.560842719577,True
ida_heuristic_clear_probe,124805700,18,4335.670281943457,False
ida_heuristic_clear_probe,124805700,5,5517.09178531589,False
ida_heuristic_clear_probe,3502705050,9,53.0,False
ida_heuristic_clear_probe,3502705050,11,65.0,True
ida_heuristic_clear_probe,3502705050,13,77.0,False
ida_heuristic_clear_probe,3502705050,14,83.0,False
ida_heuristic_clear_probe,3502705050,17,101.0,True
ida_heuristic_clear_probe,3502705050,20,119.0,False
ida_heuristic_clear_probe,3502705050,15,300.2,True
ida_heuristic_clear_probe,3502705050,16,2060.7695152178076,False
ida_heuristic_clear_probe,3502705050,12,2753.1646618420045,True
ida_heuristic_clear_probe,3502705050,7,2777.1646618420045,False
ida_heuristic_clear_probe,3502705050,4,3265.564661842004,True
ida_heuristic_clear_probe,3502705050,2,3277.564661842004,False
ida_heuristic_clear_probe,3502705050,10,4249.804287052081,True
ida_heuristic_clear_probe,3502705050,1,4291.804287052081,True
ida_heuristic_clear_probe,3502705050,6,4690.204287052081,False
ida_heuristic_clear_probe,3502705050,3,4883.404287052081,False
ida_heuristic_clear_probe,4119917857,2,11.0,False
ida_heuristic_clear_probe,4119917857,9,53.0,False
ida_heuristic_clear_probe,4119917857,8,342.2,False
ida_heuristic_clear_probe,4119917857,12,847.6279604272552,True
ida_heuristic_clear_probe,4119917857,1,1058.8279604272552,True
ida_heuristic_clear_probe,4119917857,13,1643.2279604272553,True
ida_heuristic_clear_probe,4119917857,14,1649.2279604272553,True
ida_heuristic_clear_probe,4119917857,20,1685.2279604272553,True
ida_heuristic_clear_probe,4119917857,18,1848.4279604272554,False
ida_heuristic_clear_probe,4119917857,10,2131.6279604272554,True
ida_heuristic_clear_probe,4119917857,11,2137.6279604272554,True
ida_heuristic_clear_probe,4119917857,17,2173.6279604272554,True
ida_heuristic_clear_probe,4119917857,19,2185.6279604272554,False
ida_heuristic_clear_probe,4119917857,6,2519.902442439912,True
ida_heuristic_clear_probe,4119917857,3,3089.9968900244635,True
ida_heuristic_clear_probe,4119917857,7,3277.1968900244633,True
ida_heuristic_clear_probe,12747279,2,11.0,False
ida_heuristic_clear_probe,12747279,15,89.0,True
ida_heuristic_clear_probe,12747279,19,113.0,False
ida_heuristic_clear_probe,12747279,20,270.2,False
ida_heuristic_clear_probe,12747279,18,282.2,False
ida_heuristic_clear_probe,12747279,13,312.2,False
ida_heuristic_clear_probe,12747279,5,559.4,True
ida_heuristic_clear_probe,12747279,12,601.4,True
ida_heuristic_clear_probe,12747279,8,1038.8097379373323,True
ida_heuristic_clear_probe,12747279,17,1215.8776054378643,True
ida_heuristic_clear_probe,12747279,16,2922.7424255040983,False
ida_heuristic_clear_probe,3321914893,2,11.0,True
ida_heuristic_clear_probe,3321914893,4,23.0,False
ida_heuristic_clear_probe,3321914893,5,29.0,False
ida_heuristic_clear_probe,3321914893,14,83.0,False
ida_heuristic_clear_probe,3321914893,16,95.0,True
ida_heuristic_clear_probe,3321914893,17,101.0,False
ida_heuristic_clear_probe,3321914893,9,586.5332062930106,False
ida_heuristic_clear_probe,3321914893,19,809.7332062930107,True
ida_heuristic_clear_probe,3321914893,15,1134.9332062930107,True
ida_heuristic_clear_probe,3321914893,13,2539.85692595084,True
ida_heuristic_clear_probe,3321914893,6,2802.5515081609346,True
ida_heuristic_clear_probe,4202399141,2,11.0,False
ida_heuristic_clear_probe,4202399141,4,23.0,False
ida_heuristic_clear_probe,4202399141,11,65.0,False
ida_heuristic_clear_probe,4202399141,14,83.0,False
ida_heuristic_clear_probe,4202399141,16,95.0,False
ida_heuristic_clear_probe,4202399141,18,107.0,False
ida_heuristic_clear_probe,4202399141,19,113.0,True
ida_heuristic_clear_probe,4202399141,13,312.2,True
ida_heuristic_clear_probe,4202399141,7,2251.533213264697,True
ida_heuristic_clear_probe,4202399141,6,2456.733213264697,False
ida_heuristic_clear_probe,4202399141,12,2492.733213264697,False
ida_heuristic_clear_probe,4202399141,17,2679.933213264697,False
ida_heuristic_clear_probe,4202399141,1,2846.0284231885034,True
ida_heuristic_clear_probe,4202399141,8,2876.0284231885034,True
ida_heuristic_clear_probe,4202399141,20,3024.0633236257872,True
ida_heuristic_clear_probe,4202399141,3,3689.3292575201394,True
ida_heuristic_clear_probe,2266664633,2,11.0,False
ida_heuristic_clear_probe,2266664633,10,59.0,False
ida_heuristic_clear_probe,2266664633,20,119.0,False
ida_heuristic_clear_probe,2266664633,5,360.2,False
ida_heuristic_clear_probe,2266664633,4,366.2,True
ida_heuristic_clear_probe,2266664633,14,831.0568179874883,True
ida_heuristic_clear_probe,2266664633,6,873.0568179874883,False
ida_heuristic_clear_probe,2266664633,17,1752.5570598834602,False
ida_heuristic_clear_probe,2266664633,3,1806.5570598834602,True
ida_heuristic_clear_probe,2266664633,11,6994.473858420014,True
ida_heuristic_clear_probe,222483801,1,5.0,True
ida_heuristic_clear_probe,222483801,5,29.0,True
ida_heuristic_clear_probe,222483801,9,53.0,False
ida_heuristic_clear_probe,222483801,14,83.0,False
ida_heuristic_clear_probe,222483801,20,119.0,False
ida_heuristic_clear_probe,222483801,17,288.2,True
ida_heuristic_clear_probe,222483801,13,312.2,True
ida_heuristic_clear_probe,222483801,8,342.2,True
ida_heuristic_clear_probe,222483801,2,2059.627488988972,False
ida_heuristic_clear_probe,222483801,3,2983.427488988971,False
ida_heuristic_clear_probe,222483801,19,3495.827488988971,True
ida_heuristic_clear_probe,222483801,16,3666.0274889889706,True
ida_heuristic_clear_probe,222483801,11,4063.521562629572,False
ida_heuristic_clear_probe,222483801,15,4274.721562629572,True
ida_heuristic_clear_probe,222483801,6,5075.665276079631,True
ida_heuristic_clear_probe,4195505864,1,5.0,False
ida_heuristic_clear_probe,4195505864,3,17.0,False
ida_heuristic_clear_probe,4195505864,6,35.0,False
ida_heuristic_clear_probe,4195505864,11,65.0,True
ida_heuristic_clear_probe,4195505864,13,77.0,True
ida_heuristic_clear_probe,4195505864,15,89.0,False
ida_heuristic_clear_probe,4195505864,20,270.2,True
ida_heuristic_clear_probe,4195505864,17,1156.559478174034,True
ida_heuristic_clear_probe,4195505864,18,2290.5594781740338,True
ida_heuristic_clear_probe,4195505864,9,2541.8480757503335,False
ida_heuristic_clear_probe,4195505864,14,2963.3036326923198,True
ida_heuristic_clear_probe,4195505864,7,4699.72439676978,False
ida_heuristic_clear_probe,4195505864,8,4705.72439676978,True
ida_heuristic_clear_probe,4195505864,16,4910.924396769779,False
ida_heuristic_clear_probe,4195505864,12,5563.484370151565,True
ida_heuristic_clear_probe,1425467803,2,11.0,False
ida_heuristic_clear_probe,1425467803,4,23.0,False
ida_heuristic_clear_probe,1425467803,7,41.0,True
ida_heuristic_clear_probe,1425467803,8,47.0,True
ida_heuristic_clear_probe,1425467803,11,65.0,False
ida_heuristic_clear_probe,1425467803,13,77.0,False
ida_heuristic_clear_probe,1425467803,16,95.0,False
ida_heuristic_clear_probe,1425467803,17,101.0,True
ida_heuristic_clear_probe,1425467803,12,318.2,False
ida_heuristic_clear_probe,1425467803,1,384.2,False
ida_heuristic_clear_probe,1425467803,18,1034.0276737381587,True
ida_heuristic_clear_probe,1425467803,19,1194.594359055455,True
ida_heuristic_clear_probe,1425467803,10,1236.594359055455,True
ida_heuristic_clear_probe,1425467803,6,1902.0002263124416,True
ida_heuristic_clear_probe,1425467803,14,4217.157223740013,True
ida_heuristic_clear_probe,1425467803,3,4922.779799149858,True
ida_heuristic_clear_probe,2347999341,2,11.0,True
ida_heuristic_clear_probe,2347999341,4,23.0,True
ida_heuristic_clear_probe,2347999341,9,53.0,False
ida_heuristic_clear_probe,2347999341,10,59.0,True
ida_heuristic_clear_probe,2347999341,12,71.0,False
ida_heuristic_clear_probe,2347999341,15,89.0,True
ida_heuristic_clear_probe,2347999341,16,95.0,False
ida_heuristic_clear_probe,2347999341,17,101.0,False
ida_heuristic_clear_probe,2347999341,18,282.2,False
ida_heuristic_clear_probe,2347999341,14,306.2,True
ida_heuristic_clear_probe,2347999341,8,342.2,True
ida_heuristic_clear_probe,2347999341,20,1034.326442010684,False
ida_heuristic_clear_probe,2347999341,6,1675.7155415810873,False
ida_heuristic_clear_probe,2347999341,11,2812.704999162752,False
ida_heuristic_clear_probe,2347999341,7,5510.333285819623,True
ida_heuristic_clear_probe,1564013286,2,11.0,False
ida_heuristic_clear_probe,1564013286,8,47.0,False
ida_heuristic_clear_probe,1564013286,9,53.0,False
ida_heuristic_clear_probe,1564013286,13,77.0,False
ida_heuristic_clear_probe,1564013286,18,107.0,True
ida_heuristic_clear_probe,1564013286,20,119.0,False
ida_heuristic_clear_probe,1564013286,5,1016.6871990063526,True
ida_heuristic_clear_probe,1564013286,6,1022.6871990063526,False
ida_heuristic_clear_probe,1564013286,17,1070.6871990063526,True
ida_heuristic_clear_probe,1564013286,14,1523.0871990063526,False
ida_heuristic_clear_probe,1564013286,3,3263.0856951971664,True
ida_heuristic_clear_probe,1564013286,7,3697.485695197166,False
ida_heuristic_clear_probe,1564013286,11,3920.685695197166,False
ida_heuristic_clear_probe,1564013286,4,4107.885695197166,False
ida_heuristic_clear_probe,1564013286,12,4475.110671313321,True
ida_heuristic_clear_probe,1564013286,1,5761.908818380435,True
ida_heuristic_clear_probe,57702867,1,5.0,False
ida_heuristic_clear_probe,57702867,5,29.0,False
ida_heuristic_clear_probe,57702867,6,35.0,True
ida_heuristic_clear_probe,57702867,13,77.0,True
ida_heuristic_clear_probe,57702867,15,89.0,False
ida_heuristic_clear_probe,57702867,16,95.0,True
ida_heuristic_clear_probe,57702867,17,101.0,False
ida_heuristic_clear_probe,57702867,12,318.2,True
ida_heuristic_clear_probe,57702867,3,372.2,False
ida_heuristic_clear_probe,57702867,2,378.2,False
ida_heuristic_clear_probe,57702867,14,614.7954311014151,False
ida_heuristic_clear_probe,57702867,9,825.9954311014151,True
ida_heuristic_clear_probe,57702867,4,2217.878213076222,False
ida_heuristic_clear_probe,1219678040,7,41.0,True
ida_heuristic_clear_probe,1219678040,16,95.0,False
ida_heuristic_clear_probe,1219678040,20,270.2,False
ida_heuristic_clear_probe,1219678040,19,276.2,False
ida_heuristic_clear_probe,1219678040,14,306.2,True
ida_heuristic_clear_probe,1219678040,9,336.2,False
ida_heuristic_clear_probe,1219678040,8,577.4,True
ida_heuristic_clear_probe,1219678040,13,830.5999999999999,False
ida_heuristic_clear_probe,1219678040,5,872.5999999999999,False
ida_heuristic_clear_probe,1219678040,4,1895.4974058442544,False
ida_heuristic_clear_probe,3417087889,1,5.0,True
ida_heuristic_clear_probe,3417087889,8,47.0,False
ida_heuristic_clear_probe,3417087889,17,101.0,False
ida_heuristic_clear_probe,3417087889,6,354.2,False
ida_heuristic_clear_probe,3417087889,15,778.468603429697,False
ida_heuristic_clear_probe,3417087889,5,832.468603429697,True
ida_heuristic_clear_probe,3417087889,11,2191.9310464980554,False
ida_heuristic_clear_probe,3417087889,12,2680.331046498055,False
ida_heuristic_clear_probe,3417087889,14,4540.002269299661,False
ida_heuristic_clear_probe,3417087889,3,4757.202269299661,True
ida_heuristic_clear_probe,3417087889,20,6929.746930692489,True
ida_heuristic_clear_probe,1189233515,5,29.0,False
ida_heuristic_clear_probe,1189233515,10,59.0,False
ida_heuristic_clear_probe,1189233515,11,65.0,False
ida_heuristic_clear_probe,1189233515,12,318.2,False
ida_heuristic_clear_probe,1189233515,6,354.2,False
ida_heuristic_clear_probe,1189233515,8,1823.1514523529752,False
ida_heuristic_clear_probe,1189233515,16,2070.3514523529752,False
ida_heuristic_clear_probe,1189233515,2,3376.2949492539115,True
ida_heuristic_clear_probe,1189233515,15,3623.4949492539113,True
ida_heuristic_clear_probe,1189233515,1,4152.3849386079655,True
ida_heuristic_clear_probe,1189233515,14,6322.395703152543,True
ida_heuristic_clear_probe,1189233515,4,7133.085030285232,True
ida_heuristic_clear_probe,62075461,3,17.0,False
ida_heuristic_clear_probe,62075461,8,47.0,True
ida_heuristic_clear_probe,62075461,9,53.0,False
ida_heuristic_clear_probe,62075461,12,71.0,False
ida_heuristic_clear_probe,62075461,15,89.0,False
ida_heuristic_clear_probe,62075461,16,95.0,True
ida_heuristic_clear_probe,62075461,20,119.0,True
ida_heuristic_clear_probe,62075461,4,366.2,False
ida_heuristic_clear_probe,62075461,1,384.2,True
ida_heuristic_clear_probe,62075461,17,5270.0836285959485,True
ida_heuristic_clear_probe,62075461,6,5927.20190067418,True
ida_heuristic_clear_probe,698432656,3,17.0,False
ida_heuristic_clear_probe,698432656,6,35.0,True
ida_heuristic_clear_probe,698432656,7,41.0,False
ida_heuristic_clear_probe,698432656,13,77.0,True
ida_heuristic_clear_probe,698432656,15,89.0,False
ida_heuristic_clear_probe,698432656,19,276.2,True
ida_heuristic_clear_probe,698432656,2,378.2,False
ida_heuristic_clear_probe,698432656,9,528.9532331065153,True
ida_heuristic_clear_probe,698432656,18,576.9532331065153,False
ida_heuristic_clear_probe,698432656,20,753.915181985064,True
ida_heuristic_clear_probe,698432656,4,843.915181985064,True
ida_heuristic_clear_probe,698432656,12,2394.2160762390026,False
ida_heuristic_clear_probe,698432656,11,3090.7258844552566,False
ida_heuristic_clear_probe,698432656,8,3108.7258844552566,True
ida_heuristic_clear_probe,698432656,17,3380.8043789079916,False
ida_heuristic_clear_probe,698432656,5,3857.8566739090743,False
ida_heuristic_clear_probe,4135177982,3,17.0,False
ida_heuristic_clear_probe,4135177982,10,59.0,False
ida_heuristic_clear_probe,4135177982,16,294.2,False
ida_heuristic_clear_probe,4135177982,14,306.2,False
ida_heuristic_clear_probe,4135177982,5,634.0523039786708,True
ida_heuristic_clear_probe,4135177982,2,1660.1708431215338,False
ida_heuristic_clear_probe,4135177982,13,3867.8853199680634,False
ida_heuristic_clear_probe,4135177982,7,3897.8853199680634,False
ida_heuristic_clear_probe,4135177982,12,4133.085319968063,True
ida_heuristic_clear_probe,4135177982,18,4157.085319968063,False
ida_heuristic_clear_probe,4135177982,19,4847.381742316984,True
ida_heuristic_clear_probe,2640122364,2,11.0,True
ida_heuristic_clear_probe,2640122364,7,41.0,False
ida_heuristic_clear_probe,2640122364,8,47.0,False
ida_heuristic_clear_probe,2640122364,9,53.0,False
ida_heuristic_clear_probe,2640122364,14,83.0,False
ida_heuristic_clear_probe,2640122364,17,772.4270526091778,False
ida_heuristic_clear_probe,2640122364,10,808.4270526091778,False
ida_heuristic_clear_probe,2640122364,11,1082.3388368517521,True
ida_heuristic_clear_probe,2640122364,6,4000.1452349389956,False
ida_heuristic_clear_probe,2640122364,15,4482.545234938995,True
ida_heuristic_clear_probe,2640122364,20,4766.520729457388,False
ida_heuristic_clear_probe,2640122364,16,5659.81844532994,False
ida_heuristic_clear_probe,2640122364,1,6374.753291394114,False
ida_heuristic_clear_probe,556094183,1,5.0,False
ida_heuristic_clear_probe,556094183,18,107.0,True
ida_heuristic_clear_probe,556094183,5,360.2,False
ida_heuristic_clear_probe,556094183,15,619.4,False
ida_heuristic_clear_probe,556094183,2,902.5999999999999,False
ida_heuristic_clear_probe,556094183,19,1775.1264499363042,True
ida_heuristic_clear_probe,556094183,8,1968.0292084492417,True
ida_heuristic_clear_probe,556094183,17,2413.0581871150143,False
ida_heuristic_clear_probe,556094183,14,3307.719737458724,True
ida_heuristic_clear_probe,556094183,13,3313.719737458724,True
ida_heuristic_clear_probe,556094183,11,7911.18369741864,True
ida_heuristic_clear_probe,1196677597,6,35.0,False
ida_heuristic_clear_probe,1196677597,12,71.0,False
ida_heuristic_clear_probe,1196677597,5,360.2,False
ida_heuristic_clear_probe,1196677597,3,547.4,True
ida_heuristic_clear_probe,1196677597,19,800.5999999999999,False
ida_heuristic_clear_probe,1196677597,13,836.5999999999999,False
ida_heuristic_clear_probe,1196677597,2,1028.1573870533516,True
ida_heuristic_clear_probe,1196677597,17,2636.6270629655874,True
ida_heuristic_clear_probe,1196677597,10,2666.6270629655874,False
ida_heuristic_clear_probe,1196677597,15,2907.827062965587,False
ida_heuristic_clear_probe,1196677597,16,2913.827062965587,True
ida_heuristic_clear_probe,1196677597,18,4747.859233704479,True
ida_heuristic_clear_probe,1196677597,20,4753.859233704479,False
ida_heuristic_clear_probe,1196677597,4,6204.66567928754,True
ida_heuristic_clear_probe,657657975,5,29.0,False
ida_heuristic_clear_probe,657657975,6,35.0,False
ida_heuristic_clear_probe,657657975,10,59.0,True
ida_heuristic_clear_probe,657657975,12,71.0,False
ida_heuristic_clear_probe,657657975,13,77.0,False
ida_heuristic_clear_probe,657657975,19,113.0,False
ida_heuristic_clear_probe,657657975,15,300.2,False
ida_heuristic_clear_probe,657657975,3,372.2,False
ida_heuristic_clear_probe,657657975,7,595.4135223573717,True
ida_heuristic_clear_probe,657657975,1,1025.7588679844084,False
ida_heuristic_clear_probe,657657975,2,1471.6419663402648,True
ida_heuristic_clear_probe,657657975,20,1718.841966340265,True
ida_heuristic_clear_probe,657657975,9,1918.041966340265,True
ida_heuristic_clear_probe,657657975,16,2344.001685942157,True
ida_heuristic_clear_probe,657657975,17,6223.26407905238,True
ida_heuristic_clear_probe,657657975,18,6229.26407905238,True
ida_heuristic_clear_probe,1507397312,1,5.0,True
ida_heuristic_clear_probe,1507397312,2,11.0,True
ida_heuristic_clear_probe,1507397312,6,35.0,True
ida_heuristic_clear_probe,1507397312,11,65.0,False
ida_heuristic_clear_probe,1507397312,12,71.0,False
ida_heuristic_clear_probe,1507397312,13,77.0,False
ida_heuristic_clear_probe,1507397312,17,101.0,True
ida_heuristic_clear_probe,1507397312,20,119.0,True
ida_heuristic_clear_probe,1507397312,9,978.1280544315549,False
ida_heuristic_clear_probe,1507397312,16,2239.866207958604,True
ida_heuristic_clear_probe,1507397312,14,2959.733037691736,True
ida_heuristic_clear_probe,1507397312,18,3406.133037691736,True
ida_heuristic_clear_probe,2641658508,1,5.0,True
ida_heuristic_clear_probe,2641658508,11,65.0,False
ida_heuristic_clear_probe,2641658508,13,77.0,False
ida_heuristic_clear_probe,2641658508,19,113.0,True
ida_heuristic_clear_probe,2641658508,20,270.2,True
ida_heuristic_clear_probe,2641658508,18,282.2,False
ida_heuristic_clear_probe,2641658508,17,288.2,False
ida_heuristic_clear_probe,2641658508,2,378.2,False
ida_heuristic_clear_probe,2641658508,14,791.4883960895226,False
ida_heuristic_clear_probe,2641658508,5,839.4883960895226,False
ida_heuristic_clear_probe,2641658508,8,1044.6883960895225,False
ida_heuristic_clear_probe,2641658508,10,1254.0228979514995,True
ida_heuristic_clear_probe,2641658508,7,4443.503682785189,True
ida_heuristic_clear_probe,2641658508,9,5596.612784377117,True
ida_heuristic_clear_probe,2641658508,4,6357.412784377117,True
ida_heuristic_clear_probe,506020388,1,5.0,False
ida_heuristic_clear_probe,506020388,3,17.0,True
ida_heuristic_clear_probe,506020388,11,65.0,True
ida_heuristic_clear_probe,506020388,13,77.0,False
ida_heuristic_clear_probe,506020388,14,83.0,False
ida_heuristic_clear_probe,506020388,15,89.0,True
ida_heuristic_clear_probe,506020388,9,336.2,True
ida_heuristic_clear_probe,506020388,2,378.2,False
ida_heuristic_clear_probe,506020388,12,601.4,True
ida_heuristic_clear_probe,506020388,17,818.5999999999999,False
ida_heuristic_clear_probe,506020388,10,848.5999999999999,True
ida_heuristic_clear_probe,506020388,19,1777.6851969123402,True
ida_heuristic_clear_probe,506020388,18,3109.7669189067287,False
ida_heuristic_clear_probe,506020388,16,5761.538552827952,True
ida_heuristic_clear_probe,506020388,5,6365.138552827952,True
ida_heuristic_clear_probe,561561557,7,41.0,False
ida_heuristic_clear_probe,561561557,16,95.0,False
ida_heuristic_clear_probe,561561557,18,107.0,False
ida_heuristic_clear_probe,561561557,15,300.2,True
ida_heuristic_clear_probe,561561557,3,372.2,False
ida_heuristic_clear_probe,561561557,1,384.2,True
ida_heuristic_clear_probe,561561557,14,625.3624058796677,False
ida_heuristic_clear_probe,561561557,6,872.5624058796677,False
ida_heuristic_clear_probe,561561557,5,1766.395312790592,False
ida_heuristic_clear_probe,561561557,4,2242.795312790592,True
ida_heuristic_clear_probe,561561557,19,3407.814035141804,True
ida_heuristic_clear_probe,400652495,4,23.0,True
ida_heuristic_clear_probe,400652495,8,47.0,False
ida_heuristic_clear_probe,400652495,11,65.0,True
ida_heuristic_clear_probe,400652495,12,71.0,False
ida_heuristic_clear_probe,400652495,17,288.2,False
ida_heuristic_clear_probe,400652495,14,306.2,False
ida_heuristic_clear_probe,400652495,3,372.2,True
ida_heuristic_clear_probe,400652495,10,2149.7314724392095,True
ida_heuristic_clear_probe,400652495,20,2372.9856643789635,False
ida_heuristic_clear_probe,400652495,16,2542.1856643789633,False
ida_heuristic_clear_probe,400652495,5,2777.385664378963,True
ida_heuristic_clear_probe,400652495,6,2783.385664378963,False
ida_heuristic_clear_probe,400652495,19,3290.785664378963,True
ida_heuristic_clear_probe,1359147624,16,95.0,True
ida_heuristic_clear_probe,1359147624,19,113.0,False
ida_heuristic_clear_probe,1359147624,20,270.2,False
ida_heuristic_clear_probe,1359147624,7,348.2,True
ida_heuristic_clear_probe,1359147624,2,2361.9552316292147,False
ida_heuristic_clear_probe,1359147624,11,4508.755231629213,False
ida_heuristic_clear_probe,1359147624,14,4526.755231629213,True
ida_heuristic_clear_probe,1359147624,18,5490.924729263585,True
ida_heuristic_clear_probe,1359147624,10,5678.124729263584,True
ida_heuristic_clear_probe,1359147624,3,5877.324729263584,False
ida_heuristic_clear_probe,126770037,12,71.0,True
ida_heuristic_clear_probe,126770037,14,83.0,True
ida_heuristic_clear_probe,126770037,20,119.0,True
ida_heuristic_clear_probe,126770037,16,294.2,False
ida_heuristic_clear_probe,126770037,7,348.2,False
ida_heuristic_clear_probe,126770037,10,594.5036478896417,True
ida_heuristic_clear_probe,126770037,19,642.5036478896417,True
ida_heuristic_clear_probe,126770037,3,1218.0453319870726,True
ida_heuristic_clear_probe,126770037,17,1858.9963202805293,True
ida_heuristic_clear_probe,126770037,6,2470.5975029631873,True
ida_heuristic_clear_probe,126770037,2,2729.797502963187,True
ida_heuristic_clear_probe,126770037,8,5494.578268748622,True
ida_heuristic_clear_probe,3838488288,3,17.0,True
ida_heuristic_clear_probe,3838488288,5,29.0,True
ida_heuristic_clear_probe,3838488288,12,71.0,True
ida_heuristic_clear_probe,3838488288,13,77.0,False
ida_heuristic_clear_probe,3838488288,17,101.0,False
ida_heuristic_clear_probe,3838488288,20,119.0,False
ida_heuristic_clear_probe,3838488288,1,528.0645337981447,True
ida_heuristic_clear_probe,3838488288,19,630.0645337981447,True
ida_heuristic_clear_probe,3838488288,4,844.556621474029,True
ida_heuristic_clear_probe,3838488288,11,1067.756621474029,True
ida_heuristic_clear_probe,3838488288,9,1276.6954221941523,True
ida_heuristic_clear_probe,3838488288,15,3310.003375992774,True
ida_heuristic_clear_probe,3838488288,6,3782.9393718050455,True
ida_heuristic_clear_probe,3838488288,16,4929.29257065627,True
ida_heuristic_clear_probe,1795560742,3,17.0,True
ida_heuristic_clear_probe,1795560742,5,29.0,True
ida_heuristic_clear_probe,1795560742,8,47.0,False
ida_heuristic_clear_probe,1795560742,10,59.0,False
ida_heuristic_clear_probe,1795560742,11,65.0,False
ida_heuristic_clear_probe,1795560742,13,77.0,False
ida_heuristic_clear_probe,1795560742,14,83.0,False
ida_heuristic_clear_probe,1795560742,16,95.0,False
ida_heuristic_clear_probe,1795560742,17,101.0,False
ida_heuristic_clear_probe,1795560742,19,113.0,False
ida_heuristic_clear_probe,1795560742,20,270.2,False
ida_heuristic_clear_probe,1795560742,12,318.2,True
ida_heuristic_clear_probe,1795560742,7,348.2,True
ida_heuristic_clear_probe,1795560742,9,583.540961004712,False
ida_heuristic_clear_probe,1795560742,15,2547.7296098557945,False
ida_heuristic_clear_probe,1393548994,1,5.0,True
ida_heuristic_clear_probe,1393548994,6,35.0,False
ida_heuristic_clear_probe,1393548994,8,47.0,True
ida_heuristic_clear_probe,1393548994,15,89.0,False
ida_heuristic_clear_probe,1393548994,17,101.0,True
ida_heuristic_clear_probe,1393548994,16,294.2,True
ida_heuristic_clear_probe,1393548994,5,554.4,True
ida_heuristic_clear_probe,1393548994,12,596.4,True
ida_heuristic_clear_probe,1393548994,14,1169.4314859934373,False
ida_heuristic_clear_probe,1393548994,19,1187.4314859934373,False
ida_heuristic_clear_probe,1393548994,2,1458.7597304257104,True
ida_heuristic_clear_probe,1393548994,9,1835.982521832137,True
ida_heuristic_clear_probe,1393548994,7,3426.2121702425397,False
ida_heuristic_clear_probe,1393548994,4,3432.2121702425397,False
ida_heuristic_clear_probe,1393548994,10,3763.779976983677,True
ida_heuristic_clear_probe,1393548994,20,4958.585760543896,True
ida_heuristic_clear_probe,578379717,1,5.0,False
ida_heuristic_clear_probe,578379717,6,35.0,False
ida_heuristic_clear_probe,578379717,18,107.0,False
ida_heuristic_clear_probe,578379717,3,547.4550143924373,True
ida_heuristic_clear_probe,578379717,5,559.4550143924373,True
ida_heuristic_clear_probe,578379717,8,577.4550143924373,True
ida_heuristic_clear_probe,578379717,20,643.4550143924373,True
ida_heuristic_clear_probe,578379717,11,1899.7272900658074,True
ida_heuristic_clear_probe,578379717,7,2388.1272900658073,False
ida_heuristic_clear_probe,578379717,16,3037.7197498266087,True
ida_heuristic_clear_probe,578379717,9,3073.7197498266087,False
ida_heuristic_clear_probe,578379717,4,4447.140639340716,False
ida_heuristic_clear_probe,578379717,19,7276.128573450325,True
ida_heuristic_clear_probe,3850488418,1,5.0,True
ida_heuristic_clear_probe,3850488418,8,47.0,False
ida_heuristic_clear_probe,3850488418,13,77.0,True
ida_heuristic_clear_probe,3850488418,17,288.2,False
ida_heuristic_clear_probe,3850488418,10,661.3183142550304,True
ida_heuristic_clear_probe,3850488418,2,1038.5454606236071,True
ida_heuristic_clear_probe,3850488418,16,2129.3454606236073,False
ida_heuristic_clear_probe,3850488418,19,3264.712608756904,True
ida_heuristic_clear_probe,3850488418,15,3765.1126087569037,False
ida_heuristic_clear_probe,3850488418,3,5444.207243798251,False
ida_heuristic_clear_probe,3850488418,20,5516.207243798251,True
ida_heuristic_clear_probe,3850488418,7,6155.80724379825,True
ida_heuristic_clear_probe,2086905100,2,11.0,True
ida_heuristic_clear_probe,2086905100,3,17.0,True
ida_heuristic_clear_probe,2086905100,18,107.0,False
ida_heuristic_clear_probe,2086905100,19,113.0,True
ida_heuristic_clear_probe,2086905100,10,330.2,True
ida_heuristic_clear_probe,2086905100,5,1742.494790055692,True
ida_heuristic_clear_probe,2086905100,6,2282.176113347281,True
ida_heuristic_clear_probe,2086905100,20,2348.176113347281,True
ida_heuristic_clear_probe,2086905100,12,2535.376113347281,False
ida_heuristic_clear_probe,2086905100,1,2589.376113347281,False
ida_heuristic_clear_probe,2086905100,8,2776.5761133472806,True
ida_heuristic_clear_probe,2086905100,13,2800.5761133472806,True
ida_heuristic_clear_probe,2086905100,4,6022.0343025452885,True
ida_heuristic_clear_probe,2086905100,9,6046.0343025452885,True
ida_heuristic_clear_probe,2086905100,16,6284.689364813819,True
ida_heuristic_clear_probe,583405789,12,71.0,True
ida_heuristic_clear_probe,583405789,15,89.0,True
ida_heuristic_clear_probe,583405789,16,95.0,True
ida_heuristic_clear_probe,583405789,18,282.2,False
ida_heuristic_clear_probe,583405789,17,631.4,False
ida_heuristic_clear_probe,583405789,7,865.9158360373305,True
ida_heuristic_clear_probe,583405789,2,2967.174657298319,False
ida_heuristic_clear_probe,583405789,20,3196.3746572983187,True
ida_heuristic_clear_probe,583405789,9,3746.9248853307795,True
ida_heuristic_clear_probe,583405789,4,4345.023830566164,True
ida_heuristic_clear_probe,583405789,19,4752.557345359651,False
ida_heuristic_clear_probe,583405789,6,4993.757345359651,False
ida_heuristic_clear_probe,583405789,13,5500.498319761659,False
ida_heuristic_clear_probe,2148745823,2,11.0,False
ida_heuristic_clear_probe,2148745823,5,29.0,False
ida_heuristic_clear_probe,2148745823,6,35.0,False
ida_heuristic_clear_probe,2148745823,7,41.0,True
ida_heuristic_clear_probe,2148745823,9,53.0,False
ida_heuristic_clear_probe,2148745823,11,65.0,False
ida_heuristic_clear_probe,2148745823,14,83.0,False
ida_heuristic_clear_probe,2148745823,15,89.0,False
ida_heuristic_clear_probe,2148745823,16,95.0,False
ida_heuristic_clear_probe,2148745823,17,101.0,True
ida_heuristic_clear_probe,2148745823,20,119.0,False
ida_heuristic_clear_probe,2148745823,18,802.3786695870004,False
ida_heuristic_clear_probe,2148745823,13,826.3786695870004,False
ida_heuristic_clear_probe,2148745823,4,995.7977787057745,False
ida_heuristic_clear_probe,2148745823,12,1803.2799449496085,False
ida_heuristic_clear_probe,2148745823,19,4269.3224742727825,False
ida_heuristic_clear_probe,2419792341,1,5.0,False
ida_heuristic_clear_probe,2419792341,5,29.0,False
ida_heuristic_clear_probe,2419792341,7,41.0,False
ida_heuristic_clear_probe,2419792341,8,47.0,True
ida_heuristic_clear_probe,2419792341,14,83.0,True
ida_heuristic_clear_probe,2419792341,16,95.0,True
ida_heuristic_clear_probe,2419792341,19,113.0,False
ida_heuristic_clear_probe,2419792341,20,119.0,True
ida_heuristic_clear_probe,2419792341,17,288.2,False
ida_heuristic_clear_probe,2419792341,11,324.2,False
ida_heuristic_clear_probe,2419792341,3,1732.1308447649787,False
ida_heuristic_clear_probe,2419792341,2,2440.394703549465,True
ida_heuristic_clear_probe,2419792341,9,2470.394703549465,False
ida_heuristic_clear_probe,2419792341,10,2476.394703549465,False
ida_heuristic_clear_probe,2419792341,6,2909.515901342889,False
ida_heuristic_clear_probe,2419792341,15,3428.4743695434972,True
ida_heuristic_clear_probe,2043816523,16,95.0,False
ida_heuristic_clear_probe,2043816523,19,113.0,False
ida_heuristic_clear_probe,2043816523,18,282.2,False
ida_heuristic_clear_probe,2043816523,13,312.2,True
ida_heuristic_clear_probe,2043816523,8,342.2,False
ida_heuristic_clear_probe,2043816523,5,360.2,False
ida_heuristic_clear_probe,2043816523,20,1110.6589773259882,True
ida_heuristic_clear_probe,2043816523,17,1267.8589773259882,True
ida_heuristic_clear_probe,2043816523,14,2439.8565820107488,True
ida_heuristic_clear_probe,2043816523,15,2554.945261001169,True
ida_heuristic_clear_probe,2043816523,7,4315.984195111877,True
ida_heuristic_clear_probe,2043816523,6,4533.184195111877,True
ida_heuristic_clear_probe,153404753,1,5.0,False
ida_heuristic_clear_probe,153404753,6,35.0,False
ida_heuristic_clear_probe,153404753,11,65.0,True
ida_heuristic_clear_probe,153404753,14,83.0,True
ida_heuristic_clear_probe,153404753,18,107.0,False
ida_heuristic_clear_probe,153404753,19,113.0,False
ida_heuristic_clear_probe,153404753,2,378.2,True
ida_heuristic_clear_probe,153404753,7,571.4,True
ida_heuristic_clear_probe,153404753,15,619.4,False
ida_heuristic_clear_probe,153404753,3,1006.1011094384198,True
ida_heuristic_clear_probe,153404753,10,2235.753711579289,True
ida_heuristic_clear_probe,153404753,12,2241.753711579289,False
ida_heuristic_clear_probe,153404753,16,3618.587354336371,False
ida_heuristic_clear_probe,2255857559,2,11.0,True
ida_heuristic_clear_probe,2255857559,3,17.0,False
ida_heuristic_clear_probe,2255857559,6,35.0,True
ida_heuristic_clear_probe,2255857559,10,59.0,False
ida_heuristic_clear_probe,2255857559,13,77.0,False
ida_heuristic_clear_probe,2255857559,14,83.0,True
ida_heuristic_clear_probe,2255857559,15,89.0,False
ida_heuristic_clear_probe,2255857559,17,101.0,False
ida_heuristic_clear_probe,2255857559,20,270.2,False
ida_heuristic_clear_probe,2255857559,16,294.2,False
ida_heuristic_clear_probe,2255857559,8,342.2,False
ida_heuristic_clear_probe,2255857559,9,528.6045438674738,True
ida_heuristic_clear_probe,2255857559,12,546.6045438674738,True
ida_heuristic_clear_probe,2255857559,4,851.7691690000988,True
ida_heuristic_clear_probe,2255857559,19,4262.349112973058,True
ida_heuristic_clear_probe,2164715881,5,29.0,False
ida_heuristic_clear_probe,2164715881,11,65.0,False
ida_heuristic_clear_probe,2164715881,12,71.0,True
ida_heuristic_clear_probe,2164715881,15,89.0,False
ida_heuristic_clear_probe,2164715881,19,113.0,False
ida_heuristic_clear_probe,2164715881,7,348.2,False
ida_heuristic_clear_probe,2164715881,2,378.2,True
ida_heuristic_clear_probe,2164715881,14,607.4,True
ida_heuristic_clear_probe,2164715881,10,836.5999999999999,True
ida_heuristic_clear_probe,2164715881,6,1179.0834685164534,True
ida_heuristic_clear_probe,2164715881,13,1215.0834685164534,True
ida_heuristic_clear_probe,2164715881,17,1227.0834685164534,False
ida_heuristic_clear_probe,2164715881,9,1649.4864068018244,False
ida_heuristic_clear_probe,2164715881,4,5231.09464980054,True
ida_heuristic_clear_probe,3926127090,1,5.0,False
ida_heuristic_clear_probe,3926127090,15,89.0,False
ida_heuristic_clear_probe,3926127090,18,107.0,True
ida_heuristic_clear_probe,3926127090,20,119.0,False
ida_heuristic_clear_probe,3926127090,3,547.4,False
ida_heuristic_clear_probe,3926127090,6,1621.945700798397,False
ida_heuristic_clear_probe,3926127090,7,1884.7731071480266,True
ida_heuristic_clear_probe,3926127090,4,1902.7731071480266,True
ida_heuristic_clear_probe,3926127090,19,4700.996126916076,True
ida_heuristic_clear_probe,3926127090,10,7847.505190806697,True
ida_heuristic_clear_probe,2682109406,1,5.0,False
ida_heuristic_clear_probe,2682109406,4,23.0,False
ida_heuristic_clear_probe,2682109406,6,35.0,False
ida_heuristic_clear_probe,2682109406,9,53.0,True
ida_heuristic_clear_probe,2682109406,10,59.0,True
ida_heuristic_clear_probe,2682109406,18,107.0,False
ida_heuristic_clear_probe,2682109406,20,270.2,False
ida_heuristic_clear_probe,2682109406,5,360.2,True
ida_heuristic_clear_probe,2682109406,8,1276.5392811466781,True
ida_heuristic_clear_probe,2682109406,2,1463.7392811466782,True
ida_heuristic_clear_probe,2682109406,7,1481.7392811466782,False
ida_heuristic_clear_probe,2682109406,11,1964.1392811466783,True
ida_heuristic_clear_probe,2682109406,14,1982.1392811466783,True
ida_heuristic_clear_probe,2682109406,19,2177.3792169301196,True
ida_heuristic_clear_probe,2682109406,12,2219.3792169301196,False
ida_heuristic_clear_probe,2682109406,17,3551.0653832278485,True
ida_heuristic_clear_probe,815300423,1,5.0,False
ida_heuristic_clear_probe,815300423,6,35.0,False
ida_heuristic_clear_probe,815300423,7,41.0,True
ida_heuristic_clear_probe,815300423,9,53.0,True
ida_heuristic_clear_probe,815300423,14,83.0,False
ida_heuristic_clear_probe,815300423,15,89.0,False
ida_heuristic_clear_probe,815300423,18,107.0,True
ida_heuristic_clear_probe,815300423,20,119.0,False
ida_heuristic_clear_probe,815300423,19,276.2,False
ida_heuristic_clear_probe,815300423,17,288.2,False
ida_heuristic_clear_probe,815300423,3,372.2,False
ida_heuristic_clear_probe,815300423,13,795.6859131398367,True
ida_heuristic_clear_probe,815300423,16,1858.9355569631605,True
ida_heuristic_clear_probe,815300423,8,2106.1355569631605,True
ida_heuristic_clear_probe,815300423,4,2559.8334925615864,False
ida_heuristic_clear_probe,815300423,12,5396.180415533111,True
ida_heuristic_clear_probe,24195812,5,29.0,False
ida_heuristic_clear_probe,24195812,6,35.0,False
ida_heuristic_clear_probe,24195812,9,53.0,False
ida_heuristic_clear_probe,24195812,14,83.0,False
ida_heuristic_clear_probe,24195812,15,89.0,False
ida_heuristic_clear_probe,24195812,19,113.0,True
ida_heuristic_clear_probe,24195812,20,270.2,False
ida_heuristic_clear_probe,24195812,12,318.2,False
ida_heuristic_clear_probe,24195812,3,372.2,False
ida_heuristic_clear_probe,24195812,11,582.547148628456,True
ida_heuristic_clear_probe,24195812,16,606.547148628456,False
ida_heuristic_clear_probe,24195812,7,802.0595156041444,False
ida_heuristic_clear_probe,24195812,4,1814.3486424903256,True
ida_heuristic_clear_probe,3642728382,4,23.0,False
ida_heuristic_clear_probe,3642728382,8,47.0,False
ida_heuristic_clear_probe,3642728382,18,107.0,True
ida_heuristic_clear_probe,3642728382,17,288.2,False
ida_heuristic_clear_probe,3642728382,14,306.2,True
ida_heuristic_clear_probe,3642728382,13,312.2,False
ida_heuristic_clear_probe,3642728382,2,1030.20486862542,True
ida_heuristic_clear_probe,3642728382,3,1788.2311159591052,False
ida_heuristic_clear_probe,3642728382,20,2017.4311159591052,True
ida_heuristic_clear_probe,3642728382,1,2236.401177757803,True
ida_heuristic_clear_probe,3266971321,11,65.0,True
ida_heuristic_clear_probe,3266971321,12,71.0,False
ida_heuristic_clear_probe,3266971321,20,119.0,True
ida_heuristic_clear_probe,3266971321,15,300.2,False
ida_heuristic_clear_probe,3266971321,1,544.570748436212,False
ida_heuristic_clear_probe,3266971321,17,640.570748436212,False
ida_heuristic_clear_probe,3266971321,9,1110.970748436212,True
ida_heuristic_clear_probe,3266971321,3,1326.0562026845464,False
ida_heuristic_clear_probe,3266971321,18,3165.5336225124433,True
ida_heuristic_clear_probe,3266971321,8,3486.7964305185665,True
ida_heuristic_clear_probe,3266971321,16,5038.98480369006,True
ida_heuristic_clear_probe,2254224664,2,11.0,False
ida_heuristic_clear_probe,2254224664,5,29.0,True
ida_heuristic_clear_probe,2254224664,7,41.0,False
ida_heuristic_clear_probe,2254224664,8,47.0,False
ida_heuristic_clear_probe,2254224664,9,53.0,True
ida_heuristic_clear_probe,2254224664,10,59.0,True
ida_heuristic_clear_probe,2254224664,17,101.0,False
ida_heuristic_clear_probe,2254224664,18,107.0,False
ida_heuristic_clear_probe,2254224664,19,113.0,False
ida_heuristic_clear_probe,2254224664,20,119.0,False
ida_heuristic_clear_probe,2254224664,3,546.5540504530331,True
ida_heuristic_clear_probe,2254224664,12,1505.9148387782275,True
ida_heuristic_clear_probe,2254224664,15,5622.626552901796,True
ida_heuristic_clear_probe,2089096783,2,11.0,True
ida_heuristic_clear_probe,2089096783,4,23.0,True
ida_heuristic_clear_probe,2089096783,8,47.0,False
ida_heuristic_clear_probe,2089096783,10,59.0,False
ida_heuristic_clear_probe,2089096783,18,107.0,False
ida_heuristic_clear_probe,2089096783,3,547.4,True
ida_heuristic_clear_probe,2089096783,19,637.4,False
ida_heuristic_clear_probe,2089096783,6,866.5999999999999,True
ida_heuristic_clear_probe,2089096783,16,1755.362195849579,False
ida_heuristic_clear_probe,2089096783,1,1821.362195849579,True
ida_heuristic_clear_probe,2089096783,7,2267.762195849579,True
ida_heuristic_clear_probe,2089096783,5,2393.065112244254,True
ida_heuristic_clear_probe,2089096783,11,4824.019101713219,True
ida_heuristic_clear_probe,2089096783,14,5782.232064478041,False
ida_heuristic_clear_probe,1553707142,9,53.0,False
ida_heuristic_clear_probe,1553707142,10,59.0,True
ida_heuristic_clear_probe,1553707142,13,77.0,False
ida_heuristic_clear_probe,1553707142,16,95.0,True
ida_heuristic_clear_probe,1553707142,5,994.1001929374662,True
ida_heuristic_clear_probe,1553707142,11,1753.7001929374662,True
ida_heuristic_clear_probe,1553707142,3,1795.7001929374662,True
ida_heuristic_clear_probe,1553707142,18,2042.9001929374663,True
ida_heuristic_clear_probe,1553707142,19,3176.9001929374654,False
ida_heuristic_clear_probe,1553707142,12,7479.31931986704,True
ida_heuristic_clear_probe,580388736,3,17.0,False
ida_heuristic_clear_probe,580388736,4,23.0,True
ida_heuristic_clear_probe,580388736,20,119.0,True
ida_heuristic_clear_probe,580388736,19,276.2,False
ida_heuristic_clear_probe,580388736,14,306.2,True
ida_heuristic_clear_probe,580388736,2,378.2,False
ida_heuristic_clear_probe,580388736,1,522.5363551447276,True
ida_heuristic_clear_probe,580388736,5,2005.5591015553587,True
ida_heuristic_clear_probe,580388736,9,2029.5591015553587,False
ida_heuristic_clear_probe,580388736,13,2053.5591015553587,False
ida_heuristic_clear_probe,580388736,8,2529.9591015553583,True
ida_heuristic_clear_probe,580388736,17,2793.288573581205,True
ida_heuristic_clear_probe,506151164,2,11.0,False
ida_heuristic_clear_probe,506151164,4,23.0,False
ida_heuristic_clear_probe,506151164,5,29.0,False
ida_heuristic_clear_probe,506151164,17,101.0,False
ida_heuristic_clear_probe,506151164,15,300.2,True
ida_heuristic_clear_probe,506151164,8,342.2,False
ida_heuristic_clear_probe,506151164,11,1225.2167631934474,False
ida_heuristic_clear_probe,506151164,18,1757.4450087052649,True
ida_heuristic_clear_probe,506151164,3,2712.349742595697,False
ida_heuristic_clear_probe,506151164,20,2971.767868931535,True
ida_heuristic_clear_probe,506151164,9,3183.150875057434,True
ida_heuristic_clear_probe,506151164,19,4270.99799826463,True
ida_heuristic_clear_probe,506151164,6,4318.99799826463,True
ida_heuristic_clear_probe,1206708992,4,23.0,False
ida_heuristic_clear_probe,1206708992,20,119.0,True
ida_heuristic_clear_probe,1206708992,5,559.4,True
ida_heuristic_clear_probe,1206708992,6,565.4,True
ida_heuristic_clear_probe,1206708992,15,619.4,False
ida_heuristic_clear_probe,1206708992,19,920.7721876857561,True
ida_heuristic_clear_probe,1206708992,16,938.7721876857561,True
ida_heuristic_clear_probe,1206708992,7,992.7721876857561,True
ida_heuristic_clear_probe,1206708992,11,1995.3285675195198,True
ida_heuristic_clear_probe,1206708992,1,5022.928567519517,True
ida_heuristic_clear_probe,1206708992,17,6762.611763005104,True
ida_heuristic_clear_probe,1206708992,10,6997.811763005104,True
ida_heuristic_clear_probe,727919444,8,47.0,True
ida_heuristic_clear_probe,727919444,19,113.0,True
ida_heuristic_clear_probe,727919444,15,300.2,True
ida_heuristic_clear_probe,727919444,14,613.4,True
ida_heuristic_clear_probe,727919444,20,649.4,True
ida_heuristic_clear_probe,727919444,6,1429.0824489232798,False
ida_heuristic_clear_probe,727919444,4,1441.0824489232798,True
ida_heuristic_clear_probe,727919444,17,1706.2824489232798,True
ida_heuristic_clear_probe,727919444,9,1929.48244892328,True
ida_heuristic_clear_probe,727919444,3,2126.5924071984477,True
ida_heuristic_clear_probe,727919444,13,2372.2372879105833,True
ida_heuristic_clear_probe,727919444,11,2655.437287910583,True
ida_heuristic_clear_probe,727919444,5,6829.431196039951,True
ida_heuristic_clear_probe,924844786,2,11.0,False
ida_heuristic_clear_probe,924844786,7,41.0,False
ida_heuristic_clear_probe,924844786,8,47.0,False
ida_heuristic_clear_probe,924844786,9,53.0,False
ida_heuristic_clear_probe,924844786,11,65.0,True
ida_heuristic_clear_probe,924844786,16,95.0,True
ida_heuristic_clear_probe,924844786,1,384.2,False
ida_heuristic_clear_probe,924844786,3,547.4,False
ida_heuristic_clear_probe,924844786,12,901.6294092721087,False
ida_heuristic_clear_probe,924844786,5,1098.5450615623072,True
ida_heuristic_clear_probe,924844786,18,1688.5295376672464,False
ida_heuristic_clear_probe,172190303,1,5.0,False
ida_heuristic_clear_probe,172190303,4,23.0,False
ida_heuristic_clear_probe,172190303,7,41.0,True
ida_heuristic_clear_probe,172190303,8,47.0,False
ida_heuristic_clear_probe,172190303,10,59.0,False
ida_heuristic_clear_probe,172190303,16,95.0,False
ida_heuristic_clear_probe,172190303,19,113.0,True
ida_heuristic_clear_probe,172190303,11,817.2293816323631,True
ida_heuristic_clear_probe,172190303,9,1383.2642877481064,True
ida_heuristic_clear_probe,172190303,13,1818.4878645955587,True
ida_heuristic_clear_probe,172190303,12,2169.733951897644,True
ida_heuristic_clear_probe,172190303,2,2350.933951897644,False
ida_heuristic_clear_probe,172190303,18,2404.933951897644,False
ida_heuristic_clear_probe,172190303,3,2791.3339518976436,False
ida_heuristic_clear_probe,172190303,17,6655.347018659389,True
ida_heuristic_clear_probe,3489497124,2,11.0,False
ida_heuristic_clear_probe,3489497124,3,17.0,False
ida_heuristic_clear_probe,3489497124,9,53.0,False
ida_heuristic_clear_probe,3489497124,10,59.0,True
ida_heuristic_clear_probe,3489497124,11,65.0,False
ida_heuristic_clear_probe,3489497124,12,71.0,False
ida_heuristic_clear_probe,3489497124,19,113.0,False
ida_heuristic_clear_probe,3489497124,18,282.2,False
ida_heuristic_clear_probe,3489497124,5,533.2476782997419,True
ida_heuristic_clear_probe,3489497124,14,581.2476782997419,True
ida_heuristic_clear_probe,3489497124,13,1643.349803476295,True
ida_heuristic_clear_probe,3489497124,20,1679.349803476295,False
ida_heuristic_clear_probe,3489497124,15,2569.1901209975763,True
ida_heuristic_clear_probe,3489497124,1,4697.519351542734,True
ida_heuristic_clear_probe,1308586041,3,17.0,True
ida_heuristic_clear_probe,1308586041,9,53.0,False
ida_heuristic_clear_probe,1308586041,16,294.2,False
ida_heuristic_clear_probe,1308586041,12,318.2,False
ida_heuristic_clear_probe,1308586041,8,342.2,False
ida_heuristic_clear_probe,1308586041,5,360.2,True
ida_heuristic_clear_probe,1308586041,20,599.5981705405036,True
ida_heuristic_clear_probe,1308586041,14,3115.0157593265544,False
ida_heuristic_clear_probe,1308586041,15,4250.182355253923,True
ida_heuristic_clear_probe,1308586041,19,6787.016657441086,True
ida_heuristic_clear_probe,1308586041,10,7562.105680759535,True
ida_heuristic_clear_probe,3566872380,4,23.0,True
ida_heuristic_clear_probe,3566872380,6,35.0,False
ida_heuristic_clear_probe,3566872380,14,83.0,False
ida_heuristic_clear_probe,3566872380,19,276.2,False
ida_heuristic_clear_probe,3566872380,2,378.2,False
ida_heuristic_clear_probe,3566872380,10,589.4,True
ida_heuristic_clear_probe,3566872380,9,830.8249514274232,False
ida_heuristic_clear_probe,3566872380,20,1260.5466722671852,False
ida_heuristic_clear_probe,3566872380,3,1531.7466722671852,True
ida_heuristic_clear_probe,3566872380,1,4571.246072538976,True
ida_heuristic_clear_probe,3983919039,3,17.0,True
ida_heuristic_clear_probe,3983919039,11,65.0,True
ida_heuristic_clear_probe,3983919039,13,77.0,True
ida_heuristic_clear_probe,3983919039,14,83.0,False
ida_heuristic_clear_probe,3983919039,12,318.2,False
ida_heuristic_clear_probe,3983919039,8,1908.3857879475308,True
ida_heuristic_clear_probe,3983919039,10,1920.3857879475308,True
ida_heuristic_clear_probe,3983919039,4,2354.7857879475305,True
ida_heuristic_clear_probe,3983919039,6,2366.7857879475305,True
ida_heuristic_clear_probe,3983919039,7,2372.7857879475305,True
ida_heuristic_clear_probe,3983919039,19,2414.7857879475305,False
ida_heuristic_clear_probe,3983919039,16,4725.792040771711,True
ida_heuristic_clear_probe,3983919039,1,6205.16342383661,False
ida_heuristic_clear_probe,3983919039,17,6567.563423836609,False
ida_heuristic_clear_probe,1638229905,6,35.0,True
ida_heuristic_clear_probe,1638229905,8,47.0,False
ida_heuristic_clear_probe,1638229905,9,53.0,True
ida_heuristic_clear_probe,1638229905,14,83.0,False
ida_heuristic_clear_probe,1638229905,11,324.2,False
ida_heuristic_clear_probe,1638229905,10,330.2,False
ida_heuristic_clear_probe,1638229905,1,384.2,False
ida_heuristic_clear_probe,1638229905,5,559.6865426301215,True
ida_heuristic_clear_probe,1638229905,2,1532.0428831147956,False
ida_heuristic_clear_probe,1638229905,20,1773.2428831147956,True
ida_heuristic_clear_probe,1638229905,19,3019.7376343375568,True
ida_heuristic_clear_probe,1638229905,3,3091.7376343375568,True
ida_heuristic_clear_probe,1638229905,12,3264.221863475727,True
ida_heuristic_clear_probe,1638229905,17,3288.221863475727,True
ida_heuristic_clear_probe,1638229905,16,6020.346288630815,True
ida_heuristic_clear_probe,1638229905,18,7282.461998186684,True
ida_heuristic_clear_probe,2129157230,1,5.0,False
ida_heuristic_clear_probe,2129157230,2,11.0,True
ida_heuristic_clear_probe,2129157230,8,47.0,False
ida_heuristic_clear_probe,2129157230,11,65.0,False
ida_heuristic_clear_probe,2129157230,12,71.0,False
ida_heuristic_clear_probe,2129157230,14,83.0,True
ida_heuristic_clear_probe,2129157230,15,89.0,False
ida_heuristic_clear_probe,2129157230,17,101.0,True
ida_heuristic_clear_probe,2129157230,19,276.2,False
ida_heuristic_clear_probe,2129157230,5,903.0073081546171,False
ida_heuristic_clear_probe,2129157230,16,1074.614721157222,True
ida_heuristic_clear_probe,2129157230,13,2944.887272081438,True
ida_heuristic_clear_probe,2129157230,18,2950.887272081438,False
ida_heuristic_clear_probe,2129157230,6,3120.441810122532,True
ida_heuristic_clear_probe,2129157230,10,5393.006872788649,True
ida_heuristic_clear_probe,2129157230,9,6636.6641508903895,True
ida_heuristic_clear_probe,1680670217,6,35.0,False
ida_heuristic_clear_probe,1680670217,8,47.0,False
ida_heuristic_clear_probe,1680670217,10,59.0,False
ida_heuristic_clear_probe,1680670217,12,71.0,False
ida_heuristic_clear_probe,1680670217,13,77.0,False
ida_heuristic_clear_probe,1680670217,16,95.0,True
ida_heuristic_clear_probe,1680670217,19,276.2,False
ida_heuristic_clear_probe,1680670217,11,324.2,False
ida_heuristic_clear_probe,1680670217,15,833.2637970569406,True
ida_heuristic_clear_probe,1680670217,3,1005.0395280948912,True
ida_heuristic_clear_probe,1680670217,18,1793.0293939099824,False
ida_heuristic_clear_probe,1680670217,17,1799.0293939099824,True
ida_heuristic_clear_probe,1680670217,2,3980.4273694470885,True
ida_heuristic_clear_probe,1680670217,1,4548.027369447088,True
ida_heuristic_clear_probe,1680670217,5,4566.027369447088,False
ida_heuristic_clear_probe,3504347405,1,5.0,False
ida_heuristic_clear_probe,3504347405,7,41.0,False
ida_heuristic_clear_probe,3504347405,10,59.0,False
ida_heuristic_clear_probe,3504347405,12,71.0,True
ida_heuristic_clear_probe,3504347405,13,312.2,True
ida_heuristic_clear_probe,3504347405,6,354.2,False
ida_heuristic_clear_probe,3504347405,2,611.0889851232793,False
ida_heuristic_clear_probe,3504347405,5,629.0889851232793,True
ida_heuristic_clear_probe,3504347405,17,695.0889851232793,False
ida_heuristic_clear_probe,3504347405,15,894.2889851232792,True
ida_heuristic_clear_probe,3504347405,14,2157.2912721673815,False
ida_heuristic_clear_probe,3504347405,16,2163.2912721673815,True
ida_heuristic_clear_probe,3504347405,20,2181.2912721673815,True
ida_heuristic_clear_probe,3504347405,8,2567.691272167381,False
ida_heuristic_clear_probe,964907882,1,5.0,True
ida_heuristic_clear_probe,964907882,7,41.0,False
ida_heuristic_clear_probe,964907882,12,71.0,True
ida_heuristic_clear_probe,964907882,15,89.0,False
ida_heuristic_clear_probe,964907882,20,270.2,False
ida_heuristic_clear_probe,964907882,13,312.2,False
ida_heuristic_clear_probe,964907882,18,768.198090784124,False
ida_heuristic_clear_probe,964907882,16,2536.9275839502657,True
ida_heuristic_clear_probe,964907882,14,2542.9275839502657,False
ida_heuristic_clear_probe,964907882,8,3043.4719304144805,False
ida_heuristic_clear_probe,964907882,19,3447.87193041448,True
ida_heuristic_clear_probe,964907882,9,3471.87193041448,True
ida_heuristic_clear_probe,964907882,2,6800.731309870691,True
ida_heuristic_clear_probe,440148252,4,23.0,False
ida_heuristic_clear_probe,440148252,5,29.0,False
ida_heuristic_clear_probe,440148252,6,35.0,False
ida_heuristic_clear_probe,440148252,8,47.0,False
ida_heuristic_clear_probe,440148252,16,95.0,False
ida_heuristic_clear_probe,440148252,18,107.0,False
ida_heuristic_clear_probe,440148252,20,119.0,True
ida_heuristic_clear_probe,440148252,2,1044.707900570667,True
ida_heuristic_clear_probe,440148252,7,2060.8166974451206,True
ida_heuristic_clear_probe,440148252,9,2066.8166974451206,True
ida_heuristic_clear_probe,440148252,14,2096.8166974451206,True
ida_heuristic_clear_probe,440148252,17,2272.0166974451204,False
ida_heuristic_clear_probe,440148252,1,6277.576704469537,True
ida_heuristic_clear_probe,1018439510,7,41.0,True
ida_heuristic_clear_probe,1018439510,8,47.0,False
ida_heuristic_clear_probe,1018439510,10,59.0,False
ida_heuristic_clear_probe,1018439510,15,89.0,False
ida_heuristic_clear_probe,1018439510,19,276.2,False
ida_heuristic_clear_probe,1018439510,17,288.2,True
ida_heuristic_clear_probe,1018439510,1,895.636558174747,True
ida_heuristic_clear_probe,1018439510,14,4519.188836341073,True
ida_heuristic_clear_probe,1018439510,20,5088.973791006252,True
ida_heuristic_clear_probe,1018439510,18,5094.973791006252,False
ida_heuristic_clear_probe,1018439510,13,5106.973791006252,False
ida_heuristic_clear_probe,1018439510,3,5148.973791006252,False
ida_heuristic_clear_probe,1018439510,5,5566.373791006252,True
ida_heuristic_clear_probe,1018439510,12,5777.573791006252,False
ida_heuristic_clear_probe,2607675631,2,11.0,False
ida_heuristic_clear_probe,2607675631,3,17.0,False
ida_heuristic_clear_probe,2607675631,7,41.0,True
ida_heuristic_clear_probe,2607675631,11,65.0,False
ida_heuristic_clear_probe,2607675631,19,113.0,False
ida_heuristic_clear_probe,2607675631,18,282.2,False
ida_heuristic_clear_probe,2607675631,17,288.2,True
ida_heuristic_clear_probe,2607675631,12,835.0165587341563,True
ida_heuristic_clear_probe,2607675631,8,1061.8753719866909,False
ida_heuristic_clear_probe,2607675631,10,1366.8731963756286,True
ida_heuristic_clear_probe,2607675631,9,3292.1166867889574,True
ida_heuristic_clear_probe,2607675631,16,3510.936562766755,False
ida_heuristic_clear_probe,2607675631,1,5479.008372039037,True
ida_heuristic_clear_probe,2607675631,6,6262.9794164929335,True
ida_heuristic_clear_probe,2607675631,4,6474.179416492933,True
ida_heuristic_clear_probe,12720437,4,23.0,False
ida_heuristic_clear_probe,12720437,6,35.0,False
ida_heuristic_clear_probe,12720437,8,47.0,True
ida_heuristic_clear_probe,12720437,14,83.0,False
ida_heuristic_clear_probe,12720437,19,113.0,True
ida_heuristic_clear_probe,12720437,20,270.2,False
ida_heuristic_clear_probe,12720437,10,330.2,True
ida_heuristic_clear_probe,12720437,2,556.6938334494623,False
ida_heuristic_clear_probe,12720437,12,604.6938334494623,False
ida_heuristic_clear_probe,12720437,13,610.6938334494623,False
ida_heuristic_clear_probe,12720437,5,1487.3608577504976,False
ida_heuristic_clear_probe,12720437,9,2736.742184495259,True
ida_heuristic_clear_probe,12720437,1,2760.742184495259,False
ida_heuristic_clear_probe,12720437,3,3353.3421844952586,True
ida_heuristic_clear_probe,2695434931,6,35.0,False
ida_heuristic_clear_probe,2695434931,8,47.0,False
ida_heuristic_clear_probe,2695434931,17,288.2,True
ida_heuristic_clear_probe,2695434931,1,384.2,False
ida_heuristic_clear_probe,2695434931,5,559.4,True
ida_heuristic_clear_probe,2695434931,19,643.4,False
ida_heuristic_clear_probe,2695434931,14,1161.9233447163742,True
ida_heuristic_clear_probe,2695434931,2,1431.6353293863604,True
ida_heuristic_clear_probe,2695434931,12,3227.590231933394,True
ida_heuristic_clear_probe,2695434931,7,3426.790231933394,True
ida_heuristic_clear_probe,2695434931,3,4896.128454765668,True
ida_heuristic_clear_probe,1577852953,6,35.0,True
ida_heuristic_clear_probe,1577852953,8,47.0,False
ida_heuristic_clear_probe,1577852953,9,53.0,False
ida_heuristic_clear_probe,1577852953,13,77.0,False
ida_heuristic_clear_probe,1577852953,14,83.0,False
ida_heuristic_clear_probe,1577852953,18,107.0,False
ida_heuristic_clear_probe,1577852953,20,270.2,False
ida_heuristic_clear_probe,1577852953,15,300.2,True
ida_heuristic_clear_probe,1577852953,12,1620.3048908867397,True
ida_heuristic_clear_probe,1577852953,4,3097.256116579877,False
ida_heuristic_clear_probe,2124414239,6,35.0,False
ida_heuristic_clear_probe,2124414239,12,71.0,False
ida_heuristic_clear_probe,2124414239,13,77.0,True
ida_heuristic_clear_probe,2124414239,14,83.0,False
ida_heuristic_clear_probe,2124414239,19,113.0,True
ida_heuristic_clear_probe,2124414239,20,119.0,True
ida_heuristic_clear_probe,2124414239,16,294.2,False
ida_heuristic_clear_probe,2124414239,9,336.2,True
ida_heuristic_clear_probe,2124414239,8,342.2,True
ida_heuristic_clear_probe,2124414239,4,366.2,True
ida_heuristic_clear_probe,2124414239,15,2809.165571549181,True
ida_heuristic_clear_probe,2124414239,17,2978.365571549181,False
ida_heuristic_clear_probe,2124414239,3,3454.7655715491805,True
ida_heuristic_clear_probe,2124414239,10,5131.764222641798,False
ida_heuristic_clear_probe,2124414239,1,5336.964222641798,False
ida_heuristic_clear_probe,2736769656,4,23.0,True
ida_heuristic_clear_probe,2736769656,6,35.0,False
ida_heuristic_clear_probe,2736769656,11,65.0,False
ida_heuristic_clear_probe,2736769656,13,77.0,False
ida_heuristic_clear_probe,2736769656,17,101.0,True
ida_heuristic_clear_probe,2736769656,19,113.0,False
ida_heuristic_clear_probe,2736769656,20,119.0,False
ida_heuristic_clear_probe,2736769656,14,306.2,False
ida_heuristic_clear_probe,2736769656,8,342.2,False
ida_heuristic_clear_probe,2736769656,7,348.2,True
ida_heuristic_clear_probe,2736769656,10,1775.9106470179534,True
ida_heuristic_clear_probe,2736769656,16,2210.310647017953,True
ida_heuristic_clear_probe,2736769656,2,3542.2570569238073,True
ida_heuristic_clear_probe,2736769656,1,4917.800622030416,False
ida_heuristic_clear_probe,2736769656,15,4947.800622030416,True
ida_heuristic_clear_probe,1082614053,7,41.0,True
ida_heuristic_clear_probe,1082614053,8,47.0,False
ida_heuristic_clear_probe,1082614053,14,83.0,True
ida_heuristic_clear_probe,1082614053,15,300.2,True
ida_heuristic_clear_probe,1082614053,6,354.2,True
ida_heuristic_clear_probe,1082614053,17,779.9097284589134,True
ida_heuristic_clear_probe,1082614053,5,845.9097284589134,True
ida_heuristic_clear_probe,1082614053,10,1069.1097284589134,True
ida_heuristic_clear_probe,1082614053,4,3091.5271148221327,True
ida_heuristic_clear_probe,1082614053,9,5306.730414903606,True
ida_heuristic_clear_probe,1082614053,18,5342.730414903606,True
ida_heuristic_clear_probe,1082614053,19,5348.730414903606,False
ida_heuristic_clear_probe,1483449142,4,23.0,False
ida_heuristic_clear_probe,1483449142,16,95.0,True
ida_heuristic_clear_probe,1483449142,15,300.2,True
ida_heuristic_clear_probe,1483449142,13,312.2,True
ida_heuristic_clear_probe,1483449142,10,330.2,True
ida_heuristic_clear_probe,1483449142,7,1135.4426919969803,False
ida_heuristic_clear_probe,1483449142,18,1195.4426919969803,True
ida_heuristic_clear_probe,1483449142,14,1376.2696172613428,True
ida_heuristic_clear_probe,1483449142,17,2102.424404535381,False
ida_heuristic_clear_probe,1483449142,2,2168.424404535381,False
ida_heuristic_clear_probe,1483449142,9,2361.624404535381,True
ida_heuristic_clear_probe,1483449142,12,2373.624404535381,False
ida_heuristic_clear_probe,1483449142,5,5006.609627219004,True
ida_heuristic_clear_probe,2219826864,9,53.0,False
ida_heuristic_clear_probe,2219826864,16,95.0,False
ida_heuristic_clear_probe,2219826864,17,101.0,False
ida_heuristic_clear_probe,2219826864,20,119.0,False
ida_heuristic_clear_probe,2219826864,8,342.2,True
ida_heuristic_clear_probe,2219826864,18,895.2944406155983,False
ida_heuristic_clear_probe,2219826864,13,913.2944406155983,False
ida_heuristic_clear_probe,2219826864,19,2719.7177278074587,True
ida_heuristic_clear_probe,2219826864,10,2749.7177278074587,True
ida_heuristic_clear_probe,2219826864,1,2797.7177278074587,True
ida_heuristic_clear_probe,2219826864,14,6149.995540942681,True
ida_heuristic_clear_probe,2219826864,7,6578.395540942681,True
ida_heuristic_clear_probe,3276545060,5,29.0,False
ida_heuristic_clear_probe,3276545060,6,35.0,False
ida_heuristic_clear_probe,3276545060,7,41.0,False
ida_heuristic_clear_probe,3276545060,9,53.0,False
ida_heuristic_clear_probe,3276545060,10,59.0,False
ida_heuristic_clear_probe,3276545060,15,89.0,True
ida_heuristic_clear_probe,3276545060,20,119.0,True
ida_heuristic_clear_probe,3276545060,3,372.2,False
ida_heuristic_clear_probe,3276545060,2,378.2,False
ida_heuristic_clear_probe,3276545060,1,384.2,False
ida_heuristic_clear_probe,3276545060,16,2044.5996750490349,False
ida_heuristic_clear_probe,3276545060,17,2624.8288928626616,True
ida_heuristic_clear_probe,3276545060,11,2654.8288928626616,True
ida_heuristic_clear_probe,3276545060,12,5537.751506143307,True
ida_heuristic_clear_probe,3825719826,4,23.0,False
ida_heuristic_clear_probe,3825719826,13,77.0,False
ida_heuristic_clear_probe,3825719826,15,89.0,False
ida_heuristic_clear_probe,3825719826,17,101.0,True
ida_heuristic_clear_probe,3825719826,19,113.0,False
ida_heuristic_clear_probe,3825719826,14,306.2,False
ida_heuristic_clear_probe,3825719826,3,372.2,True
ida_heuristic_clear_probe,3825719826,1,384.2,False
ida_heuristic_clear_probe,3825719826,16,625.4,False
ida_heuristic_clear_probe,3825719826,9,1287.0737909954462,False
ida_heuristic_clear_probe,3825719826,11,1733.4737909954463,True
ida_heuristic_clear_probe,3825719826,8,5614.995908130054,False
ida_heuristic_clear_probe,3825719826,6,6595.024522876227,True
ida_heuristic_clear_probe,2061886220,2,11.0,False
ida_heuristic_clear_probe,2061886220,10,59.0,False
ida_heuristic_clear_probe,2061886220,13,77.0,True
ida_heuristic_clear_probe,2061886220,15,89.0,True
ida_heuristic_clear_probe,2061886220,16,294.2,True
ida_heuristic_clear_probe,2061886220,6,354.2,True
ida_heuristic_clear_probe,2061886220,3,2436.8729507892604,True
ida_heuristic_clear_probe,2061886220,1,3052.6373089424396,True
ida_heuristic_clear_probe,2061886220,7,4595.416889128293,True
ida_heuristic_clear_probe,2061886220,18,4818.616889128293,False
ida_heuristic_clear_probe,2061886220,14,5077.816889128293,True
ida_heuristic_clear_probe,2061886220,4,5319.016889128293,True
ida_heuristic_clear_probe,2061886220,9,5997.862473038064,True
ida_heuristic_clear_probe,3565323953,2,11.0,False
ida_heuristic_clear_probe,3565323953,3,17.0,False
ida_heuristic_clear_probe,3565323953,16,95.0,False
ida_heuristic_clear_probe,3565323953,17,101.0,False
ida_heuristic_clear_probe,3565323953,10,330.2,True
ida_heuristic_clear_probe,3565323953,7,348.2,False
ida_heuristic_clear_probe,3565323953,1,384.2,True
ida_heuristic_clear_probe,3565323953,12,595.4,True
ida_heuristic_clear_probe,3565323953,4,884.5999999999999,False
ida_heuristic_clear_probe,3565323953,15,1296.0,True
ida_heuristic_clear_probe,3565323953,8,1332.0,True
ida_heuristic_clear_probe,3565323953,19,2007.6000000000001,True
ida_heuristic_clear_probe,3565323953,20,2013.6000000000001,True
ida_heuristic_clear_probe,3565323953,11,2411.734391265409,True
ida_heuristic_clear_probe,3565323953,5,3431.1224654874977,True
ida_heuristic_clear_probe,3565323953,18,4182.167515417125,False
ida_heuristic_clear_probe,3871308587,9,53.0,True
ida_heuristic_clear_probe,3871308587,12,71.0,True
ida_heuristic_clear_probe,3871308587,14,83.0,False
ida_heuristic_clear_probe,3871308587,17,101.0,False
ida_heuristic_clear_probe,3871308587,19,276.2,False
ida_heuristic_clear_probe,3871308587,2,378.2,True
ida_heuristic_clear_probe,3871308587,6,565.4,True
ida_heuristic_clear_probe,3871308587,7,571.4,False
ida_heuristic_clear_probe,3871308587,8,577.4,True
ida_heuristic_clear_probe,3871308587,18,812.5999999999999,False
ida_heuristic_clear_probe,3871308587,16,824.5999999999999,True
ida_heuristic_clear_probe,3871308587,11,1252.8260497893798,True
ida_heuristic_clear_probe,3871308587,13,1258.8260497893798,True
ida_heuristic_clear_probe,3871308587,5,3541.7942136346614,False
ida_heuristic_clear_probe,3871308587,1,4611.897851662426,True
ida_heuristic_clear_probe,3871308587,4,4817.0978516624255,True
ida_heuristic_clear_probe,1001892889,4,23.0,False
ida_heuristic_clear_probe,1001892889,6,35.0,True
ida_heuristic_clear_probe,1001892889,11,65.0,True
ida_heuristic_clear_probe,1001892889,12,71.0,False
ida_heuristic_clear_probe,1001892889,20,119.0,True
ida_heuristic_clear_probe,1001892889,18,282.2,False
ida_heuristic_clear_probe,1001892889,19,910.4761115911559,False
ida_heuristic_clear_probe,1001892889,17,1404.876111591156,True
ida_heuristic_clear_probe,1001892889,13,1428.876111591156,True
ida_heuristic_clear_probe,1001892889,1,1848.5243129605087,True
ida_heuristic_clear_probe,1001892889,2,3246.498110606367,True
ida_heuristic_clear_probe,1001892889,16,7114.539134188494,True
ida_heuristic_clear_probe,878439278,2,11.0,True
ida_heuristic_clear_probe,878439278,5,29.0,False
ida_heuristic_clear_probe,878439278,8,47.0,True
ida_heuristic_clear_probe,878439278,10,59.0,False
ida_heuristic_clear_probe,878439278,14,83.0,False
ida_heuristic_clear_probe,878439278,20,119.0,False
ida_heuristic_clear_probe,878439278,16,294.2,True
ida_heuristic_clear_probe,878439278,17,565.49941552022,True
ida_heuristic_clear_probe,878439278,7,804.1140953264963,True
ida_heuristic_clear_probe,878439278,4,816.1140953264963,True
ida_heuristic_clear_probe,878439278,18,1791.9043324145152,True
ida_heuristic_clear_probe,878439278,1,2287.179861026163,False
ida_heuristic_clear_probe,878439278,15,2557.6558427066343,False
ida_heuristic_clear_probe,878439278,6,2753.438966327033,True
ida_heuristic_clear_probe,878439278,19,6374.667634567071,True
ida_heuristic_clear_probe,878439278,3,6410.667634567071,False
ida_heuristic_clear_probe,3670313013,8,47.0,False
ida_heuristic_clear_probe,3670313013,13,77.0,False
ida_heuristic_clear_probe,3670313013,17,101.0,False
ida_heuristic_clear_probe,3670313013,19,113.0,True
ida_heuristic_clear_probe,3670313013,1,547.2515202201811,False
ida_heuristic_clear_probe,3670313013,2,553.2515202201811,False
ida_heuristic_clear_probe,3670313013,10,2151.0340663794796,True
ida_heuristic_clear_probe,3670313013,11,4285.834066379478,False
ida_heuristic_clear_probe,3670313013,6,4975.232440280451,False
ida_heuristic_clear_probe,3670313013,12,5445.63244028045,True
ida_heuristic_clear_probe,2038747646,1,5.0,True
ida_heuristic_clear_probe,2038747646,4,23.0,False
ida_heuristic_clear_probe,2038747646,5,29.0,False
ida_heuristic_clear_probe,2038747646,6,35.0,False
ida_heuristic_clear_probe,2038747646,8,47.0,True
ida_heuristic_clear_probe,2038747646,12,71.0,False
ida_heuristic_clear_probe,2038747646,20,119.0,True
ida_heuristic_clear_probe,2038747646,10,589.4,True
ida_heuristic_clear_probe,2038747646,19,643.4,True
ida_heuristic_clear_probe,2038747646,15,830.5999999999999,False
ida_heuristic_clear_probe,2038747646,11,854.5999999999999,True
ida_heuristic_clear_probe,2038747646,2,908.5999999999999,False
ida_heuristic_clear_probe,2038747646,7,1679.2562784865609,True
ida_heuristic_clear_probe,2038747646,17,4690.488114570843,True
ida_heuristic_clear_probe,2038747646,9,4829.684918005377,True
ida_heuristic_clear_probe,2038747646,3,4936.866810281077,True
ida_heuristic_clear_probe,1518146053,2,11.0,False
ida_heuristic_clear_probe,1518146053,3,17.0,False
ida_heuristic_clear_probe,1518146053,10,59.0,False
ida_heuristic_clear_probe,1518146053,15,300.2,False
ida_heuristic_clear_probe,1518146053,8,342.2,True
ida_heuristic_clear_probe,1518146053,1,1423.9654340929287,True
ida_heuristic_clear_probe,1518146053,17,2247.3267649957793,False
ida_heuristic_clear_probe,1518146053,9,3228.444592565601,False
ida_heuristic_clear_probe,1518146053,13,3246.444592565601,False
ida_heuristic_clear_probe,1518146053,14,3252.444592565601,True
ida_heuristic_clear_probe,1518146053,19,3722.8445925656006,True
ida_heuristic_clear_probe,1518146053,12,3910.0445925656004,False
ida_heuristic_clear_probe,1518146053,16,4822.254059496058,True
ida_heuristic_clear_probe,1518146053,18,7673.131786520493,True
ida_heuristic_clear_probe,1262510885,2,11.0,False
ida_heuristic_clear_probe,1262510885,3,17.0,False
ida_heuristic_clear_probe,1262510885,4,23.0,False
ida_heuristic_clear_probe,1262510885,17,101.0,False
ida_heuristic_clear_probe,1262510885,18,282.2,True
ida_heuristic_clear_probe,1262510885,15,300.2,False
ida_heuristic_clear_probe,1262510885,13,312.2,False
ida_heuristic_clear_probe,1262510885,7,348.2,False
ida_heuristic_clear_probe,1262510885,11,2001.9305663510502,True
ida_heuristic_clear_probe,1262510885,1,3525.9125898099137,True
ida_heuristic_clear_probe,1262510885,10,4129.512589809913,False
ida_heuristic_clear_probe,3286611596,1,5.0,False
ida_heuristic_clear_probe,3286611596,4,23.0,True
ida_heuristic_clear_probe,3286611596,8,47.0,False
ida_heuristic_clear_probe,3286611596,12,71.0,False
ida_heuristic_clear_probe,3286611596,13,77.0,True
ida_heuristic_clear_probe,3286611596,16,95.0,False
ida_heuristic_clear_probe,3286611596,7,348.2,False
ida_heuristic_clear_probe,3286611596,2,378.2,False
ida_heuristic_clear_probe,3286611596,18,637.4,True
ida_heuristic_clear_probe,3286611596,11,1035.5796304532587,True
ida_heuristic_clear_probe,3286611596,10,1905.5034576813664,True
ida_heuristic_clear_probe,3286611596,17,7357.267307997718,True
ida_heuristic_clear_probe,666532949,5,29.0,True
ida_heuristic_clear_probe,666532949,8,47.0,False
ida_heuristic_clear_probe,666532949,15,89.0,False
ida_heuristic_clear_probe,666532949,2,378.2,True
ida_heuristic_clear_probe,666532949,1,1070.7703799274002,True
ida_heuristic_clear_probe,666532949,18,1314.8491547005278,False
ida_heuristic_clear_probe,666532949,9,1362.8491547005278,False
ida_heuristic_clear_probe,666532949,7,5178.276434883088,True
ida_heuristic_clear_probe,666532949,6,5184.276434883088,True
ida_heuristic_clear_probe,666532949,3,5196.276434883088,False
ida_heuristic_clear_probe,666532949,20,7324.894055244708,True
ida_heuristic_clear_probe,3457857321,3,17.0,True
ida_heuristic_clear_probe,3457857321,7,41.0,False
ida_heuristic_clear_probe,3457857321,8,47.0,False
ida_heuristic_clear_probe,3457857321,11,65.0,False
ida_heuristic_clear_probe,3457857321,15,89.0,False
ida_heuristic_clear_probe,3457857321,19,113.0,False
ida_heuristic_clear_probe,3457857321,20,119.0,False
ida_heuristic_clear_probe,3457857321,14,306.2,True
ida_heuristic_clear_probe,3457857321,12,318.2,True
ida_heuristic_clear_probe,3457857321,6,354.2,True
ida_heuristic_clear_probe,3457857321,17,1171.183389683401,True
ida_heuristic_clear_probe,3457857321,1,2858.840775504715,True
ida_heuristic_clear_probe,3457857321,4,4126.473890436131,True
ida_heuristic_clear_probe,3457857321,10,4329.116512161974,True
ida_heuristic_clear_probe,294810825,2,11.0,False
ida_heuristic_clear_probe,294810825,3,17.0,False
ida_heuristic_clear_probe,294810825,12,71.0,True
ida_heuristic_clear_probe,294810825,14,83.0,False
ida_heuristic_clear_probe,294810825,17,101.0,False
ida_heuristic_clear_probe,294810825,20,270.2,False
ida_heuristic_clear_probe,294810825,1,599.7217792268985,True
ida_heuristic_clear_probe,294810825,8,879.7790018271224,False
ida_heuristic_clear_probe,294810825,16,1156.9790018271224,False
ida_heuristic_clear_probe,294810825,6,1392.1790018271224,True
ida_heuristic_clear_probe,294810825,11,1620.437949548932,False
ida_heuristic_clear_probe,294810825,18,2911.729216083497,True
ida_heuristic_clear_probe,672402308,3,17.0,False
ida_heuristic_clear_probe,672402308,7,41.0,False
ida_heuristic_clear_probe,672402308,9,53.0,False
ida_heuristic_clear_probe,672402308,13,77.0,False
ida_heuristic_clear_probe,672402308,11,526.4611695925918,True
ida_heuristic_clear_probe,672402308,19,778.5529024350815,False
ida_heuristic_clear_probe,672402308,18,784.5529024350815,True
ida_heuristic_clear_probe,672402308,15,802.5529024350815,False
ida_heuristic_clear_probe,672402308,5,856.5529024350815,False
ida_heuristic_clear_probe,672402308,2,868.5529024350815,True
ida_heuristic_clear_probe,672402308,6,1527.371078162416,True
ida_heuristic_clear_probe,672402308,20,1599.371078162416,True
ida_heuristic_clear_probe,672402308,10,1835.2284533742688,True
ida_heuristic_clear_probe,672402308,4,1859.2284533742688,True
ida_heuristic_clear_probe,672402308,8,3491.4490594464705,True
ida_heuristic_clear_probe,672402308,14,3509.4490594464705,True
ida_heuristic_clear_probe,2606754087,4,23.0,False
ida_heuristic_clear_probe,2606754087,7,41.0,False
ida_heuristic_clear_probe,2606754087,11,65.0,False
ida_heuristic_clear_probe,2606754087,20,119.0,False
ida_heuristic_clear_probe,2606754087,3,372.2,False
ida_heuristic_clear_probe,2606754087,1,542.1955510501097,False
ida_heuristic_clear_probe,2606754087,13,608.1955510501097,False
ida_heuristic_clear_probe,2606754087,15,1600.588058900334,True
ida_heuristic_clear_probe,2606754087,14,2698.209554224817,False
ida_heuristic_clear_probe,2606754087,8,4383.92971968442,False
ida_heuristic_clear_probe,2606754087,10,4395.92971968442,False
ida_heuristic_clear_probe,2606754087,19,4842.32971968442,False
ida_heuristic_clear_probe,439453007,4,23.0,False
ida_heuristic_clear_probe,439453007,15,89.0,False
ida_heuristic_clear_probe,439453007,16,95.0,False
ida_heuristic_clear_probe,439453007,19,276.2,True
ida_heuristic_clear_probe,439453007,12,318.2,True
ida_heuristic_clear_probe,439453007,8,342.2,False
ida_heuristic_clear_probe,439453007,6,354.2,False
ida_heuristic_clear_probe,439453007,5,360.2,False
ida_heuristic_clear_probe,439453007,3,372.2,False
ida_heuristic_clear_probe,439453007,7,578.6131359915506,False
ida_heuristic_clear_probe,439453007,11,602.6131359915506,False
ida_heuristic_clear_probe,439453007,20,772.9622578394211,True
ida_heuristic_clear_probe,439453007,2,2465.128501566203,False
ida_heuristic_clear_probe,439453007,1,2622.3285015662027,True
ida_heuristic_clear_probe,439453007,17,4041.1005172544687,True
ida_heuristic_clear_probe,439453007,13,6395.033625300331,True
ida_heuristic_clear_probe,3880268419,2,11.0,False
ida_heuristic_clear_probe,3880268419,9,53.0,False
ida_heuristic_clear_probe,3880268419,11,65.0,False
ida_heuristic_clear_probe,3880268419,15,89.0,True
ida_heuristic_clear_probe,3880268419,16,95.0,False
ida_heuristic_clear_probe,3880268419,14,614.0235766827728,True
ida_heuristic_clear_probe,3880268419,7,3896.570070785188,True
ida_heuristic_clear_probe,3880268419,4,4881.586500991761,False
ida_heuristic_clear_probe,3880268419,20,4941.586500991761,True
ida_heuristic_clear_probe,3880268419,18,5740.840560838099,True
ida_heuristic_clear_probe,3880268419,10,6733.8074591398945,True
ida_heuristic_clear_probe,3431368105,1,5.0,False
ida_heuristic_clear_probe,3431368105,2,11.0,False
ida_heuristic_clear_probe,3431368105,3,17.0,False
ida_heuristic_clear_probe,3431368105,4,23.0,False
ida_heuristic_clear_probe,3431368105,16,95.0,True
ida_heuristic_clear_probe,3431368105,20,270.2,False
ida_heuristic_clear_probe,3431368105,15,300.2,True
ida_heuristic_clear_probe,3431368105,14,306.2,False
ida_heuristic_clear_probe,3431368105,13,312.2,False
ida_heuristic_clear_probe,3431368105,9,628.5389254008155,False
ida_heuristic_clear_probe,3431368105,8,917.7389254008156,True
ida_heuristic_clear_probe,3431368105,18,1635.8319660616442,True
ida_heuristic_clear_probe,3431368105,19,2372.765047858256,True
ida_heuristic_clear_probe,3431368105,17,2378.765047858256,True
ida_heuristic_clear_probe,3431368105,7,3099.495340785927,False
ida_heuristic_clear_probe,3431368105,5,3522.9579121594147,True
ida_heuristic_clear_probe,739128230,1,5.0,True
ida_heuristic_clear_probe,739128230,11,65.0,True
ida_heuristic_clear_probe,739128230,13,77.0,True
ida_heuristic_clear_probe,739128230,16,95.0,True
ida_heuristic_clear_probe,739128230,8,342.2,False
ida_heuristic_clear_probe,739128230,2,378.2,False
ida_heuristic_clear_probe,739128230,10,589.4,True
ida_heuristic_clear_probe,739128230,19,643.4,True
ida_heuristic_clear_probe,739128230,6,2057.7162503573336,True
ida_heuristic_clear_probe,739128230,7,4501.970187603937,True
ida_heuristic_clear_probe,739128230,15,4713.170187603937,True
ida_heuristic_clear_probe,739128230,18,6928.86890857842,True
ida_heuristic_clear_probe,1206525153,5,29.0,True
ida_heuristic_clear_probe,1206525153,7,41.0,False
ida_heuristic_clear_probe,1206525153,10,59.0,True
ida_heuristic_clear_probe,1206525153,14,83.0,False
ida_heuristic_clear_probe,1206525153,17,101.0,True
ida_heuristic_clear_probe,1206525153,18,282.2,True
ida_heuristic_clear_probe,1206525153,16,294.2,False
ida_heuristic_clear_probe,1206525153,6,354.2,False
ida_heuristic_clear_probe,1206525153,2,541.4,True
ida_heuristic_clear_probe,1206525153,3,879.6594353812627,True
ida_heuristic_clear_probe,1206525153,8,2843.1125659064683,True
ida_heuristic_clear_probe,1206525153,9,3102.312565906468,False
ida_heuristic_clear_probe,1206525153,19,3745.308078537992,False
ida_heuristic_clear_probe,1206525153,4,3787.308078537992,False
ida_heuristic_clear_probe,1206525153,20,5177.038508802701,False
ida_heuristic_clear_probe,451561327,2,11.0,False
ida_heuristic_clear_probe,451561327,3,17.0,False
ida_heuristic_clear_probe,451561327,4,23.0,False
ida_heuristic_clear_probe,451561327,7,41.0,True
ida_heuristic_clear_probe,451561327,9,53.0,True
ida_heuristic_clear_probe,451561327,11,65.0,False
ida_heuristic_clear_probe,451561327,19,276.2,True
ida_heuristic_clear_probe,451561327,15,300.2,False
ida_heuristic_clear_probe,451561327,5,1882.9656050344554,False
ida_heuristic_clear_probe,451561327,10,4406.056746467902,False
ida_heuristic_clear_probe,451561327,6,5749.318171067777,False
ida_heuristic_clear_probe,960904269,1,5.0,False
ida_heuristic_clear_probe,960904269,6,35.0,False
ida_heuristic_clear_probe,960904269,12,71.0,False
ida_heuristic_clear_probe,960904269,20,119.0,False
ida_heuristic_clear_probe,960904269,5,360.2,True
ida_heuristic_clear_probe,960904269,8,577.4,False
ida_heuristic_clear_probe,960904269,18,637.4,False
ida_heuristic_clear_probe,960904269,2,3355.7049978108876,True
ida_heuristic_clear_probe,960904269,17,3584.9049978108874,True
ida_heuristic_clear_probe,960904269,10,5066.959914415539,True
ida_heuristic_clear_probe,960904269,13,6146.959914415538,True
ida_heuristic_clear_probe,1753982191,3,17.0,False
ida_heuristic_clear_probe,1753982191,4,23.0,False
ida_heuristic_clear_probe,1753982191,8,47.0,False
ida_heuristic_clear_probe,1753982191,9,53.0,False
ida_heuristic_clear_probe,1753982191,11,65.0,True
ida_heuristic_clear_probe,1753982191,14,83.0,False
ida_heuristic_clear_probe,1753982191,19,113.0,False
ida_heuristic_clear_probe,1753982191,15,300.2,False
ida_heuristic_clear_probe,1753982191,12,318.2,True
ida_heuristic_clear_probe,1753982191,13,1814.231897167062,False
ida_heuristic_clear_probe,1753982191,17,4879.703920171354,True
ida_heuristic_clear_probe,1753982191,2,4915.703920171354,True
ida_heuristic_clear_probe,1753982191,1,7067.50361577751,True
ida_heuristic_clear_probe,3758801925,1,5.0,False
ida_heuristic_clear_probe,3758801925,2,11.0,True
ida_heuristic_clear_probe,3758801925,4,23.0,True
ida_heuristic_clear_probe,3758801925,13,77.0,False
ida_heuristic_clear_probe,3758801925,19,113.0,True
ida_heuristic_clear_probe,3758801925,20,270.2,False
ida_heuristic_clear_probe,3758801925,10,330.2,True
ida_heuristic_clear_probe,3758801925,3,2832.321761845348,True
ida_heuristic_clear_probe,3758801925,16,3230.058375229548,False
ida_heuristic_clear_probe,3758801925,12,3248.058375229548,True
ida_heuristic_clear_probe,3758801925,9,3690.9275807167023,True
ida_heuristic_clear_probe,3758801925,5,3714.9275807167023,False
ida_heuristic_clear_probe,3758801925,15,4131.327580716702,False
ida_heuristic_clear_probe,3758801925,18,6129.73559032448,False
ida_heuristic_clear_probe,3758801925,6,6577.593401981275,True
ida_heuristic_clear_probe,1409011021,1,5.0,False
ida_heuristic_clear_probe,1409011021,5,29.0,False
ida_heuristic_clear_probe,1409011021,7,41.0,False
ida_heuristic_clear_probe,1409011021,17,101.0,False
ida_heuristic_clear_probe,1409011021,18,282.2,False
ida_heuristic_clear_probe,1409011021,10,330.2,False
ida_heuristic_clear_probe,1409011021,11,1635.1593636730263,False
ida_heuristic_clear_probe,1409011021,19,2644.79349349859,False
ida_heuristic_clear_probe,1409011021,3,2854.4052356684315,True
ida_heuristic_clear_probe,1409011021,16,3338.058054565012,False
ida_heuristic_clear_probe,1409011021,15,3344.058054565012,False
ida_heuristic_clear_probe,1409011021,9,5528.834497600356,True
ida_heuristic_clear_probe,1409011021,14,6342.319059564322,True
ida_heuristic_clear_probe,1409011021,2,7294.369110712001,True
ida_heuristic_clear_probe,3198306603,4,23.0,False
ida_heuristic_clear_probe,3198306603,7,41.0,True
ida_heuristic_clear_probe,3198306603,9,53.0,False
ida_heuristic_clear_probe,3198306603,11,65.0,False
ida_heuristic_clear_probe,3198306603,13,77.0,True
ida_heuristic_clear_probe,3198306603,14,83.0,False
ida_heuristic_clear_probe,3198306603,17,101.0,False
ida_heuristic_clear_probe,3198306603,18,107.0,False
ida_heuristic_clear_probe,3198306603,20,119.0,False
ida_heuristic_clear_probe,3198306603,6,590.2396075521974,False
ida_heuristic_clear_probe,3198306603,10,791.3374717176371,False
ida_heuristic_clear_probe,3198306603,15,2402.3350256676963,True
ida_heuristic_clear_probe,3198306603,8,3865.9582795810625,False
ida_heuristic_clear_probe,3198306603,2,4542.419754378827,False
ida_heuristic_clear_probe,3198306603,1,4548.419754378827,True
ida_heuristic_clear_probe,2976314221,5,29.0,False
ida_heuristic_clear_probe,2976314221,15,89.0,True
ida_heuristic_clear_probe,2976314221,13,312.2,False
ida_heuristic_clear_probe,2976314221,2,541.4,False
ida_heuristic_clear_probe,2976314221,18,637.4,True
ida_heuristic_clear_probe,2976314221,9,1128.8350194215957,False
ida_heuristic_clear_probe,2976314221,11,1608.1510340383948,False
ida_heuristic_clear_probe,2976314221,19,1644.1510340383948,False
ida_heuristic_clear_probe,2976314221,14,1831.3510340383948,True
ida_heuristic_clear_probe,2976314221,8,2078.551034038395,False
ida_heuristic_clear_probe,2976314221,4,4748.1683370699275,True
ida_heuristic_clear_probe,2976314221,12,7438.394779534516,True
ida_heuristic_clear_probe,974310723,1,5.0,False
ida_heuristic_clear_probe,974310723,7,41.0,False
ida_heuristic_clear_probe,974310723,12,71.0,True
ida_heuristic_clear_probe,974310723,14,83.0,False
ida_heuristic_clear_probe,974310723,17,101.0,False
ida_heuristic_clear_probe,974310723,18,107.0,False
ida_heuristic_clear_probe,974310723,16,294.2,False
ida_heuristic_clear_probe,974310723,2,378.2,False
ida_heuristic_clear_probe,974310723,4,553.4,False
ida_heuristic_clear_probe,974310723,8,571.4,False
ida_heuristic_clear_probe,974310723,13,1100.8526798283156,True
ida_heuristic_clear_probe,974310723,10,4168.032436771585,True
ida_heuristic_clear_probe,974310723,19,5357.232436771584,True
ida_heuristic_clear_probe,2261600761,5,29.0,True
ida_heuristic_clear_probe,2261600761,7,41.0,True
ida_heuristic_clear_probe,2261600761,12,71.0,True
ida_heuristic_clear_probe,2261600761,14,83.0,False
ida_heuristic_clear_probe,2261600761,15,89.0,False
ida_heuristic_clear_probe,2261600761,18,107.0,False
ida_heuristic_clear_probe,2261600761,19,113.0,True
ida_heuristic_clear_probe,2261600761,9,843.1098545784812,True
ida_heuristic_clear_probe,2261600761,8,1317.988694540811,True
ida_heuristic_clear_probe,2261600761,1,1502.9485731926154,True
ida_heuristic_clear_probe,2261600761,20,1895.8390448652654,False
ida_heuristic_clear_probe,2261600761,17,2198.039044865265,False
ida_heuristic_clear_probe,2261600761,13,2652.3745433266945,False
ida_heuristic_clear_probe,14515027,8,47.0,False
ida_heuristic_clear_probe,14515027,9,53.0,True
ida_heuristic_clear_probe,14515027,16,95.0,False
ida_heuristic_clear_probe,14515027,18,107.0,False
ida_heuristic_clear_probe,14515027,20,119.0,False
ida_heuristic_clear_probe,14515027,1,879.2655084713558,False
ida_heuristic_clear_probe,14515027,14,951.2655084713558,True
ida_heuristic_clear_probe,14515027,19,1209.1128766035174,False
ida_heuristic_clear_probe,14515027,6,1269.1128766035174,False
ida_heuristic_clear_probe,14515027,17,1534.3128766035175,True
ida_heuristic_clear_probe,14515027,4,1792.0909869268444,True
ida_heuristic_clear_probe,14515027,15,2977.124449723008,True
ida_heuristic_clear_probe,14515027,5,4544.020114224081,True
ida_heuristic_clear_probe,14515027,7,4737.220114224081,True
ida_heuristic_clear_probe,14515027,10,4954.420114224081,True
ida_heuristic_clear_probe,4104840245,6,35.0,False
ida_heuristic_clear_probe,4104840245,19,276.2,True
ida_heuristic_clear_probe,4104840245,16,294.2,True
ida_heuristic_clear_probe,4104840245,11,324.2,True
ida_heuristic_clear_probe,4104840245,8,342.2,False
ida_heuristic_clear_probe,4104840245,4,366.2,False
ida_heuristic_clear_probe,4104840245,18,2241.0199813935724,True
ida_heuristic_clear_probe,4104840245,1,2464.219981393572,True
ida_heuristic_clear_probe,4104840245,7,2734.290556433012,True
ida_heuristic_clear_probe,4104840245,10,3934.562710712059,True
ida_heuristic_clear_probe,4104840245,13,5344.539235673947,False
ida_heuristic_clear_probe,4104840245,12,5549.7392356739465,True
ida_heuristic_clear_probe,469637335,1,5.0,True
ida_heuristic_clear_probe,469637335,2,11.0,False
ida_heuristic_clear_probe,469637335,9,53.0,True
ida_heuristic_clear_probe,469637335,11,65.0,True
ida_heuristic_clear_probe,469637335,15,89.0,False
ida_heuristic_clear_probe,469637335,19,113.0,False
ida_heuristic_clear_probe,469637335,17,288.2,True
ida_heuristic_clear_probe,469637335,14,306.2,True
ida_heuristic_clear_probe,469637335,6,354.2,False
ida_heuristic_clear_probe,469637335,5,554.4,True
ida_heuristic_clear_probe,469637335,13,602.4,True
ida_heuristic_clear_probe,469637335,16,620.4,True
ida_heuristic_clear_probe,469637335,18,2269.1224565604284,False
ida_heuristic_clear_probe,469637335,12,2299.1224565604284,False
ida_heuristic_clear_probe,469637335,7,2323.1224565604284,False
ida_heuristic_clear_probe,469637335,10,6072.266483304237,True
ida_heuristic_clear_probe,3983398766,1,5.0,False
ida_heuristic_clear_probe,3983398766,3,17.0,False
ida_heuristic_clear_probe,3983398766,7,41.0,False
ida_heuristic_clear_probe,3983398766,14,306.2,True
ida_heuristic_clear_probe,3983398766,6,354.2,True
ida_heuristic_clear_probe,3983398766,5,360.2,True
ida_heuristic_clear_probe,3983398766,17,800.3471865269964,True
ida_heuristic_clear_probe,3983398766,12,830.3471865269964,True
ida_heuristic_clear_probe,3983398766,19,1294.7471865269965,False
ida_heuristic_clear_probe,3983398766,16,1312.7471865269965,True
ida_heuristic_clear_probe,3983398766,2,2081.4755180221014,True
ida_heuristic_clear_probe,3983398766,8,4790.5669129247835,True
ida_heuristic_clear_probe,102725116,6,35.0,False
ida_heuristic_clear_probe,102725116,9,53.0,False
ida_heuristic_clear_probe,102725116,12,318.2,False
ida_heuristic_clear_probe,102725116,8,342.2,True
ida_heuristic_clear_probe,102725116,4,366.2,True
ida_heuristic_clear_probe,102725116,20,577.3559200064294,False
ida_heuristic_clear_probe,102725116,3,852.4283227085157,True
ida_heuristic_clear_probe,102725116,1,864.4283227085157,False
ida_heuristic_clear_probe,102725116,17,1339.7453323615555,True
ida_heuristic_clear_probe,102725116,5,1577.8455534709262,False
ida_heuristic_clear_probe,102725116,7,3435.236314796902,True
ida_heuristic_clear_probe,859799174,1,5.0,True
ida_heuristic_clear_probe,859799174,9,53.0,False
ida_heuristic_clear_probe,859799174,17,101.0,False
ida_heuristic_clear_probe,859799174,20,119.0,False
ida_heuristic_clear_probe,859799174,14,306.2,True
ida_heuristic_clear_probe,859799174,15,624.5503128844912,True
ida_heuristic_clear_probe,859799174,5,1076.9503128844913,True
ida_heuristic_clear_probe,859799174,10,1607.3503128844914,False
ida_heuristic_clear_probe,859799174,7,2570.441022369723,True
ida_heuristic_clear_probe,859799174,6,3039.8475094793525,True
ida_heuristic_clear_probe,859799174,12,3057.8475094793525,True
ida_heuristic_clear_probe,859799174,19,3656.128965743745,False
ida_heuristic_clear_probe,859799174,3,3839.1319534541803,False
ida_heuristic_clear_probe,859799174,8,7444.834800303404,True
ida_heuristic_clear_probe,1257817186,7,41.0,False
ida_heuristic_clear_probe,1257817186,10,59.0,False
ida_heuristic_clear_probe,1257817186,11,65.0,False
ida_heuristic_clear_probe,1257817186,20,119.0,True
ida_heuristic_clear_probe,1257817186,16,294.2,True
ida_heuristic_clear_probe,1257817186,13,312.2,True
ida_heuristic_clear_probe,1257817186,1,384.2,True
ida_heuristic_clear_probe,1257817186,19,1012.8402864171887,True
ida_heuristic_clear_probe,1257817186,14,1428.6932316751115,True
ida_heuristic_clear_probe,1257817186,5,1681.8932316751116,False
ida_heuristic_clear_probe,1257817186,2,1839.521360189461,True
ida_heuristic_clear_probe,1257817186,9,1875.521360189461,True
ida_heuristic_clear_probe,1257817186,6,2261.294178226257,True
ida_heuristic_clear_probe,1257817186,18,3778.7985687233822,True
ida_heuristic_clear_probe,1257817186,15,3790.7985687233822,True
ida_heuristic_clear_probe,1257817186,3,6653.097437854004,True
ida_heuristic_clear_probe,4036504695,3,17.0,True
ida_heuristic_clear_probe,4036504695,12,71.0,False
ida_heuristic_clear_probe,4036504695,18,107.0,False
ida_heuristic_clear_probe,4036504695,15,300.2,False
ida_heuristic_clear_probe,4036504695,13,312.2,True
ida_heuristic_clear_probe,4036504695,7,348.2,False
ida_heuristic_clear_probe,4036504695,11,1196.7630309104914,True
ida_heuristic_clear_probe,4036504695,1,2806.178504321045,True
ida_heuristic_clear_probe,4036504695,17,3198.5785043210444,True
ida_heuristic_clear_probe,4036504695,9,4220.650905878042,True
ida_heuristic_clear_probe,4036504695,6,4419.850905878042,True
ida_heuristic_clear_probe,4036504695,19,4896.2509058780415,True
ida_heuristic_clear_probe,396187017,5,29.0,False
ida_heuristic_clear_probe,396187017,6,35.0,True
ida_heuristic_clear_probe,396187017,7,41.0,True
ida_heuristic_clear_probe,396187017,14,83.0,False
ida_heuristic_clear_probe,396187017,15,89.0,False
ida_heuristic_clear_probe,396187017,18,107.0,False
ida_heuristic_clear_probe,396187017,19,113.0,True
ida_heuristic_clear_probe,396187017,20,119.0,False
ida_heuristic_clear_probe,396187017,17,288.2,False
ida_heuristic_clear_probe,396187017,9,336.2,True
ida_heuristic_clear_probe,396187017,2,378.2,True
ida_heuristic_clear_probe,396187017,12,665.6205188582695,True
ida_heuristic_clear_probe,396187017,3,1180.6926821645532,False
ida_heuristic_clear_probe,396187017,10,1343.3858476269295,False
ida_heuristic_clear_probe,396187017,4,2338.8087736406037,False
ida_heuristic_clear_probe,582370081,20,270.2,False
ida_heuristic_clear_probe,582370081,11,324.2,False
ida_heuristic_clear_probe,582370081,7,348.2,False
ida_heuristic_clear_probe,582370081,14,613.4,True
ida_heuristic_clear_probe,582370081,10,2299.0920290646036,True
ida_heuristic_clear_probe,582370081,9,3739.055451712525,True
ida_heuristic_clear_probe,582370081,2,3775.055451712525,True
ida_heuristic_clear_probe,582370081,5,3956.255451712525,True
ida_heuristic_clear_probe,582370081,18,4016.255451712525,True
ida_heuristic_clear_probe,582370081,15,5418.033571390096,True
ida_heuristic_clear_probe,2715306025,4,23.0,True
ida_heuristic_clear_probe,2715306025,7,41.0,False
ida_heuristic_clear_probe,2715306025,13,77.0,True
ida_heuristic_clear_probe,2715306025,14,83.0,False
ida_heuristic_clear_probe,2715306025,20,119.0,True
ida_heuristic_clear_probe,2715306025,17,288.2,True
ida_heuristic_clear_probe,2715306025,6,354.2,False
ida_heuristic_clear_probe,2715306025,5,1087.618589152371,True
ida_heuristic_clear_probe,2715306025,15,1141.618589152371,True
ida_heuristic_clear_probe,2715306025,18,1159.618589152371,False
ida_heuristic_clear_probe,2715306025,3,1855.0271047590618,False
ida_heuristic_clear_probe,2715306025,1,6592.90972421819,False
ida_heuristic_clear_probe,2715306025,8,6979.309724218189,True
ida_heuristic_clear_probe,2715306025,11,7130.342839424117,True
ida_heuristic_clear_probe,4211143067,4,23.0,False
ida_heuristic_clear_probe,4211143067,11,65.0,False
ida_heuristic_clear_probe,4211143067,12,71.0,False
ida_heuristic_clear_probe,4211143067,17,101.0,False
ida_heuristic_clear_probe,4211143067,19,113.0,True
ida_heuristic_clear_probe,4211143067,20,119.0,False
ida_heuristic_clear_probe,4211143067,9,336.2,False
ida_heuristic_clear_probe,4211143067,7,864.2859180932403,True
ida_heuristic_clear_probe,4211143067,2,1100.9818753366424,True
ida_heuristic_clear_probe,4211143067,5,1344.6564790376628,True
ida_heuristic_clear_probe,4211143067,13,1883.8618631762508,True
ida_heuristic_clear_probe,4211143067,1,2539.5852889473344,True
ida_heuristic_clear_probe,4211143067,16,2762.7852889473343,True
ida_heuristic_clear_probe,88911881,7,41.0,False
ida_heuristic_clear_probe,88911881,10,59.0,False
ida_heuristic_clear_probe,88911881,15,89.0,True
ida_heuristic_clear_probe,88911881,17,288.2,True
ida_heuristic_clear_probe,88911881,8,571.4,False
ida_heuristic_clear_probe,88911881,14,601.4,False
ida_heuristic_clear_probe,88911881,5,866.5999999999999,True
ida_heuristic_clear_probe,88911881,12,1095.8,True
ida_heuristic_clear_probe,88911881,11,1343.0,False
ida_heuristic_clear_probe,88911881,9,1709.3009751059963,False
ida_heuristic_clear_probe,88911881,4,2427.142870811443,False
ida_heuristic_clear_probe,1096622750,2,11.0,False
ida_heuristic_clear_probe,1096622750,4,23.0,True
ida_heuristic_clear_probe,1096622750,7,41.0,False
ida_heuristic_clear_probe,1096622750,9,53.0,False
ida_heuristic_clear_probe,1096622750,10,59.0,True
ida_heuristic_clear_probe,1096622750,13,77.0,True
ida_heuristic_clear_probe,1096622750,14,83.0,True
ida_heuristic_clear_probe,1096622750,17,101.0,False
ida_heuristic_clear_probe,1096622750,18,107.0,False
ida_heuristic_clear_probe,1096622750,19,113.0,False
ida_heuristic_clear_probe,1096622750,5,548.6541553247425,True
ida_heuristic_clear_probe,1096622750,20,620.6541553247425,False
ida_heuristic_clear_probe,1096622750,8,1928.268777236847,True
ida_heuristic_clear_probe,1096622750,6,2298.01759258433,True
ida_heuristic_clear_probe,1096622750,16,2334.01759258433,True
ida_heuristic_clear_probe,1096622750,15,2829.1106839457543,True
ida_heuristic_clear_probe,2679819432,1,5.0,True
ida_heuristic_clear_probe,2679819432,14,83.0,True
ida_heuristic_clear_probe,2679819432,15,300.2,False
ida_heuristic_clear_probe,2679819432,13,312.2,False
ida_heuristic_clear_probe,2679819432,12,318.2,False
ida_heuristic_clear_probe,2679819432,11,324.2,False
ida_heuristic_clear_probe,2679819432,5,360.2,True
ida_heuristic_clear_probe,2679819432,3,372.2,False
ida_heuristic_clear_probe,2679819432,6,2396.5476506787886,True
ida_heuristic_clear_probe,2679819432,16,3516.0091829627972,False
ida_heuristic_clear_probe,2679819432,10,3546.0091829627972,True
ida_heuristic_clear_probe,2679819432,7,7445.073166883892,True
ida_heuristic_clear_probe,965082847,1,5.0,True
ida_heuristic_clear_probe,965082847,3,17.0,False
ida_heuristic_clear_probe,965082847,6,35.0,False
ida_heuristic_clear_probe,965082847,13,77.0,False
ida_heuristic_clear_probe,965082847,17,101.0,False
ida_heuristic_clear_probe,965082847,10,330.2,False
ida_heuristic_clear_probe,965082847,9,336.2,False
ida_heuristic_clear_probe,965082847,16,640.3598947555845,True
ida_heuristic_clear_probe,965082847,20,2172.756996147079,False
ida_heuristic_clear_probe,965082847,8,2220.756996147079,True
ida_heuristic_clear_probe,965082847,4,2413.956996147079,False
ida_heuristic_clear_probe,965082847,11,3775.4212844142185,True
ida_heuristic_clear_probe,965082847,14,3787.4212844142185,True
ida_heuristic_clear_probe,965082847,7,7613.824263166651,True
ida_heuristic_clear_probe,3602028616,2,11.0,False
ida_heuristic_clear_probe,3602028616,6,35.0,False
ida_heuristic_clear_probe,3602028616,11,65.0,False
ida_heuristic_clear_probe,3602028616,15,300.2,True
ida_heuristic_clear_probe,3602028616,5,360.2,True
ida_heuristic_clear_probe,3602028616,4,366.2,True
ida_heuristic_clear_probe,3602028616,14,560.4860486470959,True
ida_heuristic_clear_probe,3602028616,17,822.6140288295112,True
ida_heuristic_clear_probe,3602028616,7,1087.8140288295112,True
ida_heuristic_clear_probe,3602028616,20,2285.89119656246,True
ida_heuristic_clear_probe,3602028616,1,3124.6911965624595,True
ida_heuristic_clear_probe,3602028616,13,3172.6911965624595,False
ida_heuristic_clear_probe,3602028616,3,3799.535666631992,True
ida_heuristic_clear_probe,3602028616,10,3829.535666631992,True
ida_heuristic_clear_probe,3602028616,18,4867.682950704526,False
