strategy,seed,emitter_count,directional_count,cleared_count,clear_rate,all_cleared,average_localize_clear_time_s,virtual_time_s,movement_time_s,movement_distance_m,measure_time_s,measure_count,no_signal_count,no_signal_rate,direction_count,near_count,channel_switch_count,optical_count,clear_attempt_count,clear_success_count,directional_loss_count,directional_reacquisition_count,mean_first_seen_time_s,max_first_seen_time_s,first_clear_time_s,last_clear_time_s,measurements_before_first_clear,wall_time_s
early_optical_clear_probe,1053799946,15,9,15,1.0,True,560.4176234034062,8406.264351051093,6257.264351051095,31286.321755255478,1760.0,352,311,0.8835227272727273,41,0,314,15,15,15,6,6,1439.445428913274,6930.172240212034,748.0184655747776,8406.264351051093,60,0.7467673540013493
early_optical_clear_probe,3769781415,14,7,14,1.0,True,531.1089803908121,7435.52572547137,5201.525725471372,26007.628627356866,1830.0,366,325,0.8879781420765027,41,0,334,14,14,14,2,2,2109.836670263216,4426.827039394113,785.4848332017657,7050.6767613848415,60,0.5632677219982725
early_optical_clear_probe,54363013,16,11,16,1.0,True,515.9221024543959,8254.753639270335,5705.753639270336,28528.768196351688,2085.0,417,368,0.882494004796163,49,0,381,17,17,16,9,9,1566.7120048471493,7392.375568730717,934.1965676339892,8254.753639270335,79,0.6867434170053457
early_optical_clear_probe,1790261668,16,10,16,1.0,True,477.9975408065933,7647.960652905493,5424.960652905494,27124.803264527472,1810.0,362,318,0.8784530386740331,44,0,330,17,17,16,11,11,1451.4463129918636,4379.396672740827,755.0051854414937,7647.960652905493,59,0.5908495539988508
early_optical_clear_probe,1842799737,12,5,12,1.0,True,698.321147610924,8379.853771331087,5312.853771331088,26564.268856655446,2535.0,507,471,0.9289940828402367,36,0,472,12,12,12,4,4,2853.085449774942,5593.607756951674,1364.9947224460416,8379.853771331087,100,0.5434354250028264
early_optical_clear_probe,164208968,15,6,15,1.0,True,525.3213717316535,7879.820575974802,5471.820575974803,27359.102879874034,1975.0,395,353,0.8936708860759494,42,0,358,15,15,15,5,5,1647.5331450258338,4563.742684153357,451.2069929232539,7850.820575974802,40,0.7324736930022482
early_optical_clear_probe,278802184,13,5,13,1.0,True,739.579572440304,9614.534441723952,6602.53444172395,33012.672208619755,2485.0,497,457,0.9195171026156942,40,0,459,14,14,13,4,4,2255.9715757373483,5476.22259880487,1569.8191068470755,9614.534441723952,119,0.5091234459978295
early_optical_clear_probe,184571676,14,9,14,1.0,True,593.0099605623873,8302.139447873422,5526.139447873422,27630.697239367124,2285.0,457,412,0.9015317286652079,45,0,421,14,14,14,9,9,1577.1390596308386,6111.412721931873,525.8062728230917,8267.139447873422,40,0.5859068960053264
early_optical_clear_probe,3873771518,11,5,11,1.0,True,764.5355740529408,8409.891314582348,5388.89131458235,26944.45657291176,2500.0,500,468,0.936,32,0,466,11,11,11,3,3,2007.4175439930566,6167.446454988908,694.8034242466941,8409.891314582348,60,0.5077304930018727
early_optical_clear_probe,886997678,15,5,15,1.0,True,551.7282272854364,8275.923409281546,5492.923409281548,27464.617046407737,2285.0,457,414,0.9059080962800875,43,0,423,15,15,15,4,4,1671.6303708798744,6592.849612952724,445.78535437753845,8275.923409281546,40,0.5813795650028624
early_optical_clear_probe,1087166466,16,8,16,1.0,True,456.6464581993378,7306.343331189405,5215.343331189407,26076.716655947042,1700.0,340,296,0.8705882352941177,44,0,308,17,17,16,2,2,2023.234800953107,5070.572838057863,720.511119216653,7306.343331189405,60,0.6158456129996921
early_optical_clear_probe,1162432340,11,4,11,1.0,True,772.4011877186111,8496.413064904722,5369.413064904726,26847.06532452364,2590.0,518,487,0.9401544401544402,31,0,482,11,11,11,2,2,2233.001991773808,5270.705477377972,2272.893007592655,8496.413064904722,175,0.5254905960027827
early_optical_clear_probe,1117783585,13,7,13,1.0,True,667.4994196118328,8677.492454953826,5690.4924549538255,28452.462274769136,2465.0,493,456,0.9249492900608519,37,0,457,13,13,13,6,6,2285.606260478561,7364.324834753831,492.4802006492946,8434.673057446813,40,0.47061608899821294
early_optical_clear_probe,2534316816,16,9,16,1.0,True,469.6279435773344,7514.0470972373505,5515.047097237351,27575.235486186757,1625.0,325,281,0.8646153846153846,44,0,294,16,16,16,6,6,1124.5526333988403,5045.44524056646,511.4901184409413,7514.0470972373505,40,0.6605620350019308
early_optical_clear_probe,1904114223,10,4,10,1.0,True,851.0113138956791,8510.11313895679,5365.113138956793,26825.56569478397,2610.0,522,496,0.9501915708812261,26,0,485,10,10,10,2,2,1628.1277746769201,5726.561316442312,734.1873626806123,8451.11313895679,60,0.5479151170002297
early_optical_clear_probe,1514700374,11,4,11,1.0,True,782.0403309814111,8602.443640795522,5699.44364079552,28497.21820397761,2400.0,480,447,0.93125,33,0,445,12,12,11,3,3,689.2256080154231,4714.950686539515,501.17291335017745,7590.968042026319,40,0.603580630995566
early_optical_clear_probe,2642041299,16,6,16,1.0,True,466.95201396817225,7471.232223490756,5402.232223490756,27011.161117453787,1685.0,337,297,0.8813056379821959,40,0,304,16,16,16,3,3,1691.2816394681954,6569.929304019327,752.2360026305747,7248.182270697372,58,0.7196629910031334
early_optical_clear_probe,1843083214,14,5,14,1.0,True,547.4340625165147,7664.076875231205,5190.076875231207,25950.384376156046,2030.0,406,365,0.8990147783251231,41,0,371,15,15,14,1,1,1420.7262868023734,4440.1965606033855,2012.332682575424,7664.076875231205,144,0.5631027549970895
early_optical_clear_probe,3861206136,12,8,12,1.0,True,725.0666372134625,8700.79964656155,5581.7996465615515,27908.99823280777,2575.0,515,480,0.9320388349514563,35,0,481,13,13,12,5,5,2753.0872846839666,7280.305982657789,507.8027779360022,8653.79964656155,40,0.5019931079950766
early_optical_clear_probe,1999573381,16,7,16,1.0,True,507.5090950896557,8120.1455214344915,5953.145521434492,29765.72760717247,1765.0,353,305,0.8640226628895185,48,0,319,17,17,16,4,4,1495.533701445732,4083.127697246124,1292.7607460084944,8120.1455214344915,99,0.7205121870065341
early_optical_clear_probe,4264525963,13,7,13,1.0,True,632.1212204782104,8217.575866216735,5571.575866216737,27857.879331083695,2180.0,436,398,0.9128440366972477,38,0,401,13,13,13,6,6,985.2502533635836,2892.710431162737,770.1942901026176,8028.750371695417,60,0.645775978002348
early_optical_clear_probe,3651140486,16,8,16,1.0,True,515.8028576751816,8252.845722802906,5787.845722802906,28939.228614014537,2010.0,402,352,0.8756218905472637,50,0,369,18,18,16,11,11,1507.8930395432699,4870.665909653662,662.4724541621326,8252.845722802906,60,0.6557603480032412
early_optical_clear_probe,4105295568,14,5,14,1.0,True,511.6564150569711,7163.189810797596,5105.189810797597,25525.94905398799,1685.0,337,292,0.8664688427299704,45,0,303,14,14,14,3,3,800.1172260072497,2553.4182497525057,480.6415531982617,6738.255278037819,40,0.7313186089959345
early_optical_clear_probe,4248708046,11,5,11,1.0,True,774.2343748158402,8516.578122974242,5650.578122974243,28252.890614871223,2370.0,474,445,0.9388185654008439,29,0,438,12,12,11,3,3,2183.4832095407924,4166.274193468579,1523.8775411963388,8065.024990990254,119,0.6021367849971284
early_optical_clear_probe,2800649260,10,5,10,1.0,True,856.3814692535434,8563.814692535434,5178.814692535432,25894.07346267717,2810.0,562,532,0.9466192170818505,30,0,525,10,10,10,6,6,1712.819333842384,5178.192751087118,2870.3505712467604,7006.668320533087,219,0.44492989200080046
early_optical_clear_probe,1642323226,15,4,15,1.0,True,503.1639430616385,7547.459145924578,5132.4591459245785,25662.295729622896,1980.0,396,352,0.8888888888888888,44,0,360,15,15,15,4,4,1395.9618259312638,5177.788607917287,411.4925291241731,7043.677706160085,40,0.6004818009969313
early_optical_clear_probe,2274123099,10,4,10,1.0,True,822.2923741270661,8222.92374127066,5208.923741270661,26044.618706353314,2500.0,500,469,0.938,31,0,464,10,10,10,5,5,1575.9800428108579,5264.263066360235,1325.7914995412402,7557.1822207966425,100,0.5362099999983911
early_optical_clear_probe,1725951587,13,7,13,1.0,True,672.6756120060799,8744.782956079038,5869.78295607904,29348.914780395215,2370.0,474,434,0.9156118143459916,40,0,437,14,14,13,7,7,2085.2107456081153,6946.7961663737515,488.60095240540096,8744.782956079038,40,0.5890968820021953
early_optical_clear_probe,3226422763,14,11,14,1.0,True,629.346631510955,8810.85284115337,5620.852841153369,28104.264205766845,2630.0,526,486,0.9239543726235742,40,0,490,14,14,14,8,8,3268.0826227634134,6051.981453934817,2283.7339318208087,8810.85284115337,174,0.48597978000179864
early_optical_clear_probe,463892909,12,6,12,1.0,True,747.6635820346246,8971.962984415495,5971.962984415496,29859.81492207749,2480.0,496,460,0.9274193548387096,36,0,460,12,12,12,7,7,1430.4967794126178,6312.842365262584,424.7723100856596,8971.962984415495,40,0.6256871209989185
early_optical_clear_probe,2207109536,15,6,15,1.0,True,528.9538013998983,7934.307020998474,5653.307020998475,28266.535104992385,1865.0,373,324,0.868632707774799,49,0,338,16,16,15,7,7,983.5691489711078,3749.9228678003883,715.7155794668843,7158.69315295576,60,0.6925988790026167
early_optical_clear_probe,3259355447,12,4,12,1.0,True,696.0448694099954,8352.538432919944,5424.538432919944,27122.692164599724,2420.0,484,451,0.9318181818181818,33,0,448,12,12,12,1,1,2036.7106214638786,6718.587093983365,424.5827254081245,7993.0575096996345,40,0.666941481998947
early_optical_clear_probe,763757643,11,6,11,1.0,True,820.8063298355115,9028.869628190627,5890.869628190626,29454.34814095315,2600.0,520,485,0.9326923076923077,35,0,483,11,11,11,6,6,2020.7264847491622,6623.56586332596,519.3901374432762,9028.869628190627,40,0.5858833320016856
early_optical_clear_probe,2363447629,14,7,14,1.0,True,609.3285699895812,8530.599979854136,5651.599979854135,28257.99989927069,2370.0,474,433,0.9135021097046413,41,0,439,14,14,14,4,4,2416.2615998756983,6858.446455891795,472.57770337621014,8530.599979854136,40,0.47842226899956586
early_optical_clear_probe,1021789105,11,5,11,1.0,True,770.6191104037852,8476.810214441637,5487.810214441638,27439.0510722082,2475.0,495,461,0.9313131313131313,34,0,459,11,11,11,1,1,1616.6252593003146,5038.970491181175,2762.355020201875,6533.796756175616,200,0.5265775529987877
early_optical_clear_probe,296232516,12,5,12,1.0,True,679.62102002285,8155.4522402741995,5219.4522402742,26097.26120137101,2425.0,485,448,0.9237113402061856,37,0,448,13,13,12,5,5,1720.2836086461605,7117.667461031526,476.82690531420525,7871.726785387733,40,0.5376217599987285
early_optical_clear_probe,2924063080,10,4,10,1.0,True,842.7181070232102,8427.181070232102,5449.181070232103,27245.905351160513,2470.0,494,464,0.9392712550607287,30,0,458,10,10,10,1,1,1819.5610893361074,5806.084415010632,751.4687926628461,8427.181070232102,60,0.6109986849987763
early_optical_clear_probe,2574022382,14,8,14,1.0,True,576.8109947522037,8075.353926530852,5508.353926530854,27541.769632654272,2110.0,422,382,0.9052132701421801,40,0,384,15,15,14,7,7,1752.8857363983855,6457.119409808858,400.89072271429814,8075.353926530852,40,0.644764820994169
early_optical_clear_probe,2586489141,12,5,12,1.0,True,849.3524924881157,10192.229909857388,6946.229909857387,34731.149549286936,2685.0,537,499,0.9292364990689013,38,0,498,13,13,12,8,8,1921.75776444511,6515.2050187976865,1733.9602800512096,10192.229909857388,130,0.5121726129946182
early_optical_clear_probe,682047649,11,7,11,1.0,True,772.2958875435747,8495.254762979323,5608.254762979321,28041.27381489662,2390.0,478,449,0.9393305439330544,29,0,442,11,11,11,6,6,923.1841796369853,4872.426789902727,1283.4832498787812,7076.562334998293,98,0.5954804479988525
early_optical_clear_probe,3917738334,15,7,15,1.0,True,577.342265039519,8660.133975592786,5952.133975592786,29760.66987796394,2220.0,444,391,0.8806306306306306,53,0,407,17,17,15,9,9,1161.6749829265095,4646.398487043009,1768.4344968220144,8631.133975592786,133,0.6483888020011364
early_optical_clear_probe,3945889161,12,7,12,1.0,True,713.772875136357,8565.274501636284,5663.274501636282,28316.372508181423,2395.0,479,442,0.9227557411273486,37,0,444,13,13,12,6,6,1345.5947127760182,4947.417729258473,1030.605686636401,7203.62582744476,80,0.698627822996059
early_optical_clear_probe,1230754973,11,4,11,1.0,True,748.9578529807986,8238.536382788785,5254.536382788787,26272.68191394394,2470.0,494,462,0.9352226720647774,32,0,459,11,11,11,1,1,2123.43273055031,4827.81026182613,403.63400121034596,7808.446058748367,40,0.571860297000967
early_optical_clear_probe,1756239735,16,9,16,1.0,True,458.1756870005586,7330.810992008937,5279.810992008937,26399.054960044694,1665.0,333,284,0.8528528528528528,49,0,306,16,16,16,5,5,1899.5543039644583,6217.620357138403,407.1483807588535,7330.810992008937,40,0.6281587499979651
early_optical_clear_probe,3087042575,11,5,11,1.0,True,825.2923660654798,9078.216026720278,5990.216026720281,29951.08013360141,2555.0,511,476,0.9315068493150684,35,0,475,12,12,11,5,5,1212.7960528559363,3586.3112623921625,475.5018715439074,9078.216026720278,40,0.6423907150019659
early_optical_clear_probe,3929072568,16,7,16,1.0,True,469.7539297777208,7516.062876443533,5455.062876443534,27275.31438221768,1675.0,335,285,0.8507462686567164,50,0,303,17,17,16,5,5,1371.756812892809,6385.310188573968,593.5249593850501,7516.062876443533,40,0.7780206569950678
early_optical_clear_probe,1036542502,11,6,11,1.0,True,769.4304974846124,8463.735472330736,5545.735472330738,27728.677361653696,2415.0,483,448,0.927536231884058,35,0,448,11,11,11,3,3,1127.2818815249764,3157.97491167989,507.2010500551802,8463.735472330736,40,0.5254311559983762
early_optical_clear_probe,3812622508,10,3,10,1.0,True,795.6984079091587,7956.984079091587,5171.984079091587,25859.92039545795,2310.0,462,427,0.9242424242424242,35,0,425,10,10,10,3,3,1129.3964323587768,3983.9193359125957,749.1371573668513,7529.430383051035,60,0.5566399699964677
early_optical_clear_probe,1803839730,16,8,16,1.0,True,487.96549222795244,7807.447875647239,5305.447875647242,26527.23937823621,2045.0,409,364,0.8899755501222494,45,0,377,16,16,16,7,7,1939.0218302683613,5382.432281925431,453.1743441717503,7807.447875647239,40,0.5451050859992392
early_optical_clear_probe,3765988402,12,7,12,1.0,True,682.6240658181495,8191.488789817793,5273.488789817794,26367.44394908898,2410.0,482,442,0.91701244813278,40,0,445,13,13,12,6,6,1815.353767453219,6908.576785567723,1052.222478124176,7380.781010833389,77,0.6855604949960252
early_optical_clear_probe,2409061996,13,9,13,1.0,True,669.2154909059019,8699.801381776724,6075.801381776721,30379.006908883617,2160.0,432,391,0.9050925925925926,41,0,396,14,14,13,9,9,1717.686112886321,6097.600253979505,1577.7319981232645,7749.498689972971,117,0.6355206400039606
early_optical_clear_probe,2926623051,11,5,11,1.0,True,809.8064050697325,8907.870455767057,5420.870455767059,27104.3522788353,2890.0,578,548,0.9480968858131488,30,0,542,11,11,11,5,5,3659.5081603255135,7372.966667658269,508.3757946039624,8751.819891535672,40,0.4904892620033934
early_optical_clear_probe,1448896658,12,6,12,1.0,True,705.1532798707809,8461.839358449372,5664.839358449369,28324.196792246854,2310.0,462,425,0.9199134199134199,37,0,427,12,12,12,8,8,1362.9196913841345,4160.537677751598,1816.3803726771148,6275.113848313623,136,0.5228886340046301
early_optical_clear_probe,3822494196,14,7,14,1.0,True,589.6514389430887,8255.120145203242,5551.120145203243,27755.600726016222,2225.0,445,406,0.9123595505617977,39,0,409,14,14,14,4,4,2547.169192820265,6210.715050961954,2293.523145452371,8220.120145203242,172,0.6008152439972037
early_optical_clear_probe,447440529,16,3,16,1.0,True,504.2145696182805,8067.433113892488,5824.433113892491,29122.16556946247,1830.0,366,323,0.8825136612021858,43,0,330,17,17,16,3,3,1397.2408011327852,4100.855366404296,444.38719680270225,8067.433113892488,40,0.6524065989942756
early_optical_clear_probe,3475773935,10,5,10,1.0,True,856.4910404621687,8564.910404621687,5430.910404621687,27154.55202310845,2600.0,520,493,0.948076923076923,27,0,484,10,10,10,4,4,1682.7019139817894,7121.990814458552,2493.997513552886,7734.695521413738,193,0.5193810370037681
early_optical_clear_probe,2177233070,11,7,11,1.0,True,790.5054916917459,8695.560408609204,5626.5604086092035,28132.80204304604,2540.0,508,480,0.9448818897637795,28,0,474,11,11,11,7,7,1734.1630691129337,7008.005064456299,1608.4180011693365,7565.240637785675,117,0.5016758230049163
early_optical_clear_probe,648633554,16,12,16,1.0,True,510.49906557088343,8167.985049134135,5786.985049134136,28934.925245670685,1945.0,389,344,0.884318766066838,45,0,356,16,16,16,6,6,2191.7127128968273,7530.666543367423,1271.8779123007564,8167.985049134135,97,0.7594847119980841
early_optical_clear_probe,3340562302,13,6,13,1.0,True,662.8734957969043,8617.355445359755,5819.355445359755,29096.777226798782,2310.0,462,426,0.922077922077922,36,0,423,13,13,13,4,4,2282.7479622195265,5190.201580699298,472.48186120441466,8617.355445359755,40,0.594728413001576
early_optical_clear_probe,4239210190,10,3,10,1.0,True,858.6603967630081,8586.60396763008,5680.603967630081,28403.01983815042,2410.0,482,452,0.9377593360995851,30,0,446,10,10,10,2,2,898.4084240344424,4941.105063167861,462.97994347506005,8166.557132665155,40,0.69563592600025
early_optical_clear_probe,4168674354,10,6,10,1.0,True,950.3509263656597,9503.509263656597,6257.509263656596,31287.54631828298,2695.0,539,513,0.9517625231910947,26,0,501,10,10,10,4,4,2256.863636710909,6543.110295083689,2789.8967759495545,9503.509263656597,202,0.5752354900032515
early_optical_clear_probe,12250116,11,7,11,1.0,True,814.4084389735319,8958.492828708851,5862.4928287088505,29312.464143544265,2565.0,513,481,0.9376218323586745,32,0,476,11,11,11,4,4,2287.2641489877356,6965.86283491498,1832.4818278424932,8526.373153327237,130,0.5034086029991158
early_optical_clear_probe,644891283,16,9,16,1.0,True,425.096761193549,6801.548179096784,4775.548179096785,23877.740895483916,1645.0,329,281,0.8541033434650456,48,0,301,16,16,16,9,9,1881.8661353654986,6295.374139362022,501.714084406902,6801.548179096784,40,0.7369394179986557
early_optical_clear_probe,1700792728,14,5,14,1.0,True,550.1366749771876,7701.9134496806255,5332.913449680626,26664.56724840314,1945.0,389,348,0.8946015424164524,41,0,354,14,14,14,4,4,1076.736472537723,6863.381584611524,440.11487709453513,7447.198871625933,40,0.5776331199958804
early_optical_clear_probe,4133351294,15,7,15,1.0,True,517.1182054642236,7756.773081963354,5498.773081963356,27493.865409816797,1850.0,370,329,0.8891891891891892,41,0,333,15,15,15,9,9,729.2265087759295,4765.4076356631485,414.48602953345977,7756.773081963354,40,0.8135651580014382
early_optical_clear_probe,428882716,15,6,15,1.0,True,542.2806562896714,8134.20984434507,5448.209844345072,27241.04922172536,2205.0,441,398,0.9024943310657596,43,0,406,15,15,15,7,7,1857.1039357238747,4434.422719408302,680.2250411925074,8105.20984434507,60,0.5738953979962389
early_optical_clear_probe,2537613700,10,7,10,1.0,True,839.0141031486961,8390.14103148696,5202.141031486962,26010.705157434826,2645.0,529,500,0.945179584120983,29,0,493,10,10,10,2,2,2566.0314613175697,6472.481267420664,509.6978384986562,7282.058248773463,40,0.43272571000125026
early_optical_clear_probe,4199615231,15,8,15,1.0,True,559.9720880718752,8399.581321078127,5654.581321078127,28272.906605390646,2255.0,451,407,0.9024390243902439,44,0,415,15,15,15,2,2,2998.895817579213,7712.7698130810495,717.2857620483592,8051.752045843786,57,0.7536933329975
early_optical_clear_probe,2689594003,14,6,14,1.0,True,580.9272661232918,8132.981725726085,5306.981725726086,26534.908628630437,2320.0,464,417,0.8987068965517241,47,0,430,16,16,14,5,5,1859.806510225021,6000.538228630058,713.5456361758021,8097.981725726085,59,0.6362206340054399
early_optical_clear_probe,490291330,13,7,13,1.0,True,651.3893749967954,8468.06187495834,5500.06187495834,27500.309374791712,2450.0,490,455,0.9285714285714286,35,0,453,13,13,13,5,5,1566.3544035220775,5453.042033816803,498.7537305324207,8132.863900604429,40,0.57275043700065
early_optical_clear_probe,2203191061,15,7,15,1.0,True,621.1727825115072,9317.591737672608,6571.591737672609,32857.95868836304,2250.0,450,395,0.8777777777777778,55,0,415,17,17,15,7,7,1371.3968735140948,5250.508321241013,479.0222926133839,9317.591737672608,40,0.5365691300030448
early_optical_clear_probe,3088295841,12,2,12,1.0,True,647.5022154818852,7770.0265857826225,5027.026585782624,25135.13292891313,2265.0,453,421,0.9293598233995585,32,0,418,12,12,12,3,3,1510.2355487615825,5768.390827858435,416.36512677737755,6826.194046849431,40,0.6847596340012387
early_optical_clear_probe,1546172082,16,8,16,1.0,True,519.4876246724987,8311.801994759979,6032.8019947599805,30164.00997379991,1860.0,372,322,0.8655913978494624,50,0,339,16,16,16,8,8,1842.2729216425357,6907.825747950556,529.4404974062838,8311.801994759979,40,0.6640283480010112
early_optical_clear_probe,1349419208,10,8,10,1.0,True,893.3141615853585,8933.141615853585,5566.141615853585,27830.708079267926,2795.0,559,527,0.9427549194991055,32,0,522,10,10,10,7,7,2597.2163795097026,7521.332887790413,1786.6267121880767,8315.78396942963,136,0.48916847999498714
early_optical_clear_probe,1835384873,15,8,15,1.0,True,579.3324870564953,8689.98730584743,6074.987305847432,30374.93652923717,2145.0,429,384,0.8951048951048951,45,0,392,16,16,15,6,6,2299.1776709377173,7644.089173139593,3158.015430366012,8689.98730584743,238,0.5225084549965686
early_optical_clear_probe,1622463344,15,8,15,1.0,True,529.2611323531517,7938.916985297275,5445.9169852972755,27229.584926486383,2045.0,409,365,0.8924205378973105,44,0,373,15,15,15,3,3,1375.4746968525346,5687.570821419348,706.9922765192115,7909.916985297275,60,0.687856771000952
early_optical_clear_probe,1494137932,15,5,15,1.0,True,547.4421230468051,8211.631845702077,5531.631845702077,27658.1592285104,2200.0,440,389,0.884090909090909,51,0,405,15,15,15,5,5,1999.7526859280558,6152.929972876844,518.8251695146577,7978.942122302414,40,0.593519911999465
early_optical_clear_probe,558989232,15,7,15,1.0,True,519.2742438816191,7789.113658224287,5483.113658224287,27415.568291121457,1890.0,378,332,0.8783068783068783,46,0,341,15,15,15,5,5,1292.3376871136486,4925.285375424721,477.79531356838083,5992.548190200467,40,0.5995157600045786
early_optical_clear_probe,3639366843,14,7,14,1.0,True,611.8738441633088,8566.233818286324,5838.233818286326,29191.169091431635,2245.0,449,410,0.9131403118040089,39,0,413,14,14,14,6,6,1996.7108309998314,5927.418514595356,732.3464806253119,8566.233818286324,60,0.643474791002518
early_optical_clear_probe,3000833241,13,3,13,1.0,True,563.9945625000425,7331.929312500552,5075.929312500554,25379.646562502778,1855.0,371,333,0.8975741239892183,38,0,336,13,13,13,2,2,842.3368470249909,2473.4150307117684,484.4292935501851,6825.256597806044,40,0.6109904090044438
early_optical_clear_probe,1207011104,13,5,13,1.0,True,676.42515298634,8793.52698882242,5852.526988822423,29262.634944112117,2425.0,485,446,0.9195876288659793,39,0,448,14,14,13,5,5,1630.2435864902347,4553.229595570436,1549.5722883837616,8793.52698882242,119,0.4951432640009443
early_optical_clear_probe,1781370941,13,7,13,1.0,True,773.4838020498836,10055.289426648487,6870.28942664848,34351.44713324242,2630.0,526,487,0.9258555133079848,39,0,484,15,15,13,8,8,2349.1566529286024,6073.861816183059,768.5954348140857,10055.289426648487,60,0.6357698800056824
early_optical_clear_probe,2387077457,10,6,10,1.0,True,930.6795663956322,9306.795663956322,5993.79566395632,29968.978319781607,2745.0,549,515,0.9380692167577414,34,0,512,12,12,10,6,6,2559.6578690094343,6848.175842713921,3069.449316224168,9119.523022128498,236,0.5164727429946652
early_optical_clear_probe,2619667861,12,4,12,1.0,True,677.4899484930057,8129.879381916069,5352.879381916071,26764.39690958037,2295.0,459,425,0.9259259259259259,34,0,422,12,12,12,3,3,1389.6532226380814,5098.565863272504,774.4844787434249,6292.941866564603,59,0.5488062120057293
early_optical_clear_probe,2876455323,12,4,12,1.0,True,689.287098978779,8271.445187745348,5409.445187745349,27047.22593872676,2365.0,473,435,0.919661733615222,38,0,437,12,12,12,3,3,1969.0381659295563,5976.37032613403,804.4099776237235,8034.93809941561,60,0.5880297159965266
early_optical_clear_probe,2531104719,11,5,11,1.0,True,790.3853082117765,8694.238390329541,5612.238390329542,28061.19195164772,2550.0,510,477,0.9352941176470588,33,0,474,12,12,11,6,6,2271.804935163799,7502.350230211774,2511.602654528829,8473.015244205653,192,0.5511706409961334
early_optical_clear_probe,1463508376,15,9,15,1.0,True,523.2586166017778,7848.879249026667,5541.879249026667,27709.396245133343,1890.0,378,338,0.8941798941798942,40,0,342,15,15,15,5,5,1061.9051815677185,5139.141992193897,485.0563288036581,6914.1668126652185,40,0.7824839330060058
early_optical_clear_probe,731258506,13,6,13,1.0,True,676.2512122333671,8791.265759033773,5626.265759033772,28131.328795168854,2610.0,522,485,0.9291187739463601,37,0,487,14,14,13,5,5,2787.420515398836,6102.731371301956,672.6535125701137,8245.762672403389,60,0.5565352630001144
early_optical_clear_probe,31472054,12,6,12,1.0,True,674.2100680250006,8090.520816300008,5436.520816300008,27182.604081500052,2190.0,438,401,0.9155251141552512,37,0,401,13,13,12,4,4,882.3560906006954,2858.460790356708,731.0485969662024,8090.520816300008,59,0.7496265480003785
early_optical_clear_probe,3802138343,10,3,10,1.0,True,837.5514403262274,8375.514403262274,5066.514403262274,25332.572016311377,2745.0,549,514,0.936247723132969,35,0,514,10,10,10,2,2,2064.6081230585733,7086.661574527354,721.3193111964048,7916.813464071456,60,0.5195824629990966
early_optical_clear_probe,910415041,15,9,15,1.0,True,581.2495161392134,8718.742742088201,5956.742742088198,29783.713710441003,2270.0,454,414,0.9118942731277533,40,0,417,15,15,15,6,6,2265.8843483637834,6597.826881435751,406.0983247875265,8718.742742088201,40,0.5755010669963667
early_optical_clear_probe,2068503084,12,7,12,1.0,True,686.0786868483636,8232.944242180363,5448.944242180363,27244.72121090183,2300.0,460,427,0.9282608695652174,33,0,424,12,12,12,5,5,2047.758068675864,6474.459017227819,517.9442991761487,7844.8661574531,40,0.598934494999412
early_optical_clear_probe,768288075,16,9,16,1.0,True,578.1172160984618,9249.875457575388,6154.875457575387,30774.377287876945,2540.0,508,461,0.90748031496063,47,0,475,16,16,16,7,7,2529.6257721203665,5894.613674004306,455.72620672904003,9249.875457575388,40,0.5486048560051131
early_optical_clear_probe,1974452232,15,8,15,1.0,True,604.2429706880507,9063.644560320761,6337.64456032076,31688.222801603817,2240.0,448,403,0.8995535714285714,45,0,411,15,15,15,8,8,1936.829933487982,7447.801354615562,788.8622413975818,9063.644560320761,60,0.572891013995104
early_optical_clear_probe,1505920103,13,10,13,1.0,True,671.5315290682174,8729.909877886827,5844.909877886827,29224.54938943415,2380.0,476,440,0.9243697478991597,36,0,440,13,13,13,6,6,1825.3174168970365,5141.903508965048,1104.341661607094,8729.909877886827,80,0.5573461549938656
early_optical_clear_probe,2804604068,10,8,10,1.0,True,801.2735929023125,8012.735929023125,5045.735929023125,25228.67964511564,2460.0,492,463,0.9410569105691057,29,0,457,10,10,10,4,4,1042.1584799589102,4197.552705985669,512.7124179998633,6318.579822718247,40,0.5000296059952234
early_optical_clear_probe,2905295754,11,4,11,1.0,True,783.1893301412351,8615.082631553587,5511.082631553588,27555.413157767944,2570.0,514,486,0.9455252918287937,28,0,479,11,11,11,3,3,1913.5279484248306,5896.043500140346,448.9536315439233,8358.974261750389,40,0.5398137150041293
early_optical_clear_probe,1266257399,14,10,14,1.0,True,598.1697247786698,8374.376146901377,5783.376146901379,28916.8807345069,2130.0,426,385,0.903755868544601,41,0,391,14,14,14,6,6,1811.4660861926284,5481.0420990668845,490.66376167177464,8241.612814913415,40,0.5877302750013769
early_optical_clear_probe,3457804189,16,7,16,1.0,True,605.4144035748736,9686.630457197978,7400.630457197978,37003.1522859899,1865.0,373,323,0.8659517426273459,50,0,335,18,18,16,5,5,1878.2019863981964,6603.670666386906,483.17906720855996,9686.630457197978,40,0.9019911180002964
early_optical_clear_probe,3726093617,11,7,11,1.0,True,802.0062913555169,8822.069204910686,5744.069204910686,28720.346024553437,2550.0,510,474,0.9294117647058824,36,0,473,11,11,11,8,8,1533.0139153040645,4204.918101053509,1311.7734454218062,8392.012485956386,99,0.5169588169956114
early_optical_clear_probe,1429214163,13,6,13,1.0,True,590.8395850419325,7680.914605545123,5308.914605545125,26544.573027725633,1950.0,390,349,0.8948717948717949,41,0,357,13,13,13,1,1,1038.338685371662,4039.8559534549277,500.60711398929783,7639.914605545123,40,0.6127372240007389
early_optical_clear_probe,1442571541,13,8,13,1.0,True,661.3810381992189,8597.953496589846,5719.953496589842,28599.76748294922,2375.0,475,438,0.9221052631578948,37,0,438,13,13,13,7,7,1449.3636391999223,7160.817585667024,1510.8719728558424,8015.631857134053,120,0.560923543998797
early_optical_clear_probe,2134321130,14,6,14,1.0,True,579.3273039120953,8110.582254769334,5222.582254769335,26112.91127384668,2375.0,475,435,0.9157894736842105,40,0,440,15,15,14,3,3,1754.0818533438617,5496.13323803617,491.05987124659873,7972.700741930766,40,0.5034040909959003
early_optical_clear_probe,944711634,15,6,15,1.0,True,580.1239293804216,8701.858940706325,5767.858940706326,28839.294703531636,2410.0,482,441,0.9149377593360996,41,0,449,15,15,15,3,3,2907.1409754474244,7811.35067028987,424.97387348039325,8701.858940706325,40,0.6082223409975995
early_optical_clear_probe,4090667826,13,3,13,1.0,True,655.7526224098763,8524.78409132839,5417.784091328388,27088.920456641947,2565.0,513,468,0.9122807017543859,45,0,477,13,13,13,2,2,2611.0962400020467,6496.047199401943,1241.7044007843342,8012.214085122427,96,0.55796763899707
early_optical_clear_probe,2233025804,14,6,14,1.0,True,634.9555994795404,8889.378392713566,5850.378392713568,29251.891963567854,2505.0,501,458,0.9141716566866267,43,0,464,14,14,14,5,5,1928.8730394620165,5831.41302703909,3466.990934803041,8534.876090686243,252,0.5581004720006604
early_optical_clear_probe,1928141856,13,10,13,1.0,True,692.1306858386389,8997.698915902305,5813.698915902304,29068.49457951153,2630.0,526,487,0.9258555133079848,39,0,489,13,13,13,8,8,3076.02492106117,7813.775748603024,747.0656084454381,8997.698915902305,60,0.48789583400503034
early_optical_clear_probe,3269969939,11,7,11,1.0,True,822.376855162223,9046.145406784453,5584.145406784453,27920.727033922278,2870.0,574,545,0.9494773519163763,29,0,537,11,11,11,8,8,3191.487986685311,7090.633188087832,2411.4519231932495,9046.145406784453,179,0.437594878996606
early_optical_clear_probe,3463920789,13,7,13,1.0,True,674.8125824537151,8772.563571898296,5989.563571898291,29947.817859491483,2295.0,459,418,0.9106753812636166,41,0,423,13,13,13,10,10,1178.6810823634323,5691.469884472798,780.2888407903798,8731.563571898296,60,0.5729015300021274
early_optical_clear_probe,3472815949,10,4,10,1.0,True,837.7365657075882,8377.365657075881,5573.365657075883,27866.828285379423,2325.0,465,436,0.9376344086021505,29,0,429,10,10,10,3,3,1126.2588338283326,5351.510232470004,433.4901255006846,8318.365657075881,40,0.6434059649982373
early_optical_clear_probe,3469440183,16,12,16,1.0,True,480.7221496753264,7691.554394805223,5302.554394805223,26512.77197402612,1950.0,390,346,0.8871794871794871,44,0,359,16,16,16,11,11,2246.4557613284737,6211.2498375008445,447.4986793973601,7691.554394805223,40,0.6761280170030659
early_optical_clear_probe,3912765477,10,5,10,1.0,True,871.4808898808631,8714.808898808631,5305.808898808632,26529.04449404317,2830.0,566,533,0.941696113074205,33,0,529,10,10,10,5,5,818.9729246581912,4731.781032230281,759.2115433777058,8714.808898808631,60,0.5031878910012892
early_optical_clear_probe,3860427131,13,5,13,1.0,True,648.8953228214464,8435.639196678803,5835.639196678804,29178.195983394024,2140.0,428,394,0.9205607476635514,34,0,392,14,14,13,5,5,1488.6399764510538,6315.563182269602,444.68476124355703,8435.639196678803,40,0.669965241002501
early_optical_clear_probe,3641181750,16,9,16,1.0,True,482.6287722359716,7722.060355775546,5335.060355775544,26675.301778877732,1950.0,390,341,0.8743589743589744,49,0,357,16,16,16,12,12,1506.3378280017557,4333.523749123063,2004.0218594854268,7722.060355775546,158,0.5814984210010152
early_optical_clear_probe,4092699652,16,10,16,1.0,True,451.30479622002235,7220.876739520358,5091.8767395203595,25459.383697601796,1730.0,346,299,0.8641618497109826,47,0,316,17,17,16,13,13,1054.0730030476323,4502.938310480121,534.9491613944488,7220.876739520358,40,0.6021903419969021
early_optical_clear_probe,1918464049,10,6,10,1.0,True,839.9873639302492,8399.873639302492,5314.873639302492,26574.368196512474,2560.0,512,481,0.939453125,31,0,475,10,10,10,4,4,1958.629933771157,6614.1521324500045,1571.009989477898,7336.901946268571,119,0.4673851219995413
early_optical_clear_probe,4167308980,11,8,11,1.0,True,801.6399565079082,8818.03952158699,5644.039521586991,28220.19760793497,2630.0,526,500,0.9505703422053232,26,0,489,11,11,11,7,7,1775.0282472394888,3797.9911057189397,2077.247020524631,8818.03952158699,155,0.5258082060026936
early_optical_clear_probe,725881122,10,6,10,1.0,True,909.3326027549863,9093.326027549863,5939.3260275498615,29696.630137749322,2615.0,523,496,0.9483747609942639,27,0,486,11,11,10,5,5,2096.2955362439216,4860.419937481278,479.96383834100453,8310.052900294806,40,0.6368025289993966
early_optical_clear_probe,3258040793,11,6,11,1.0,True,857.5895361510167,9433.484897661183,5821.484897661179,29107.42448830591,2995.0,599,569,0.9499165275459098,30,0,562,11,11,11,6,6,3308.205430249998,8283.371206033336,734.7136740398056,9433.484897661183,60,0.43150774600508157
early_optical_clear_probe,3537553685,15,8,15,1.0,True,581.57620517649,8723.64307764735,5848.643077647352,29243.215388236767,2360.0,472,427,0.9046610169491526,45,0,437,16,16,15,3,3,2247.743166893228,7783.822566085923,759.7383769054625,8723.64307764735,60,0.5224152299997513
early_optical_clear_probe,3187272709,16,9,16,1.0,True,397.2932162372145,6356.691459795432,4312.6914597954365,21563.457298977177,1655.0,331,284,0.8580060422960725,47,0,306,17,17,16,7,7,1428.1448774359433,4220.359820962871,1721.1522852906041,6356.691459795432,126,0.574275155995565
early_optical_clear_probe,2548228722,12,7,12,1.0,True,689.3381969000496,8272.058362800595,5416.058362800595,27080.291814002983,2360.0,472,435,0.9216101694915254,37,0,436,12,12,12,7,7,1539.9523346024882,7124.485592536419,474.5439149954341,8042.134922971522,40,0.6397977149972576
early_optical_clear_probe,2102798036,11,8,11,1.0,True,762.1639018812803,8383.802920694083,5725.802920694085,28629.014603470434,2200.0,440,408,0.9272727272727272,32,0,403,11,11,11,5,5,1173.7929975161517,3660.5397589476624,723.8197368786468,7967.914812348421,60,0.6377996200026246
early_optical_clear_probe,3792354247,13,4,13,1.0,True,624.4669263395704,8118.070042414414,5464.070042414414,27320.350212072088,2185.0,437,397,0.9084668192219679,40,0,401,14,14,13,3,3,1173.0125241698447,7487.479725921814,482.4666144529415,7947.34940528746,40,0.5991173749935115
early_optical_clear_probe,1651155158,10,5,10,1.0,True,839.3310668703607,8393.310668703607,5583.310668703606,27916.553343518048,2330.0,466,438,0.9399141630901288,28,0,430,10,10,10,2,2,1490.5785434583916,5052.067135924285,505.23826450746554,7022.6118683122395,40,0.6025253889965825
early_optical_clear_probe,2669287134,13,7,13,1.0,True,621.9915125363054,8085.889662971971,5025.889662971971,25129.448314859856,2525.0,505,468,0.9267326732673268,37,0,470,13,13,13,5,5,2589.184883844332,5819.525192334972,797.1959886376958,8044.889662971971,60,0.4965110109988018
early_optical_clear_probe,60864645,14,7,14,1.0,True,595.2299569022078,8333.21939663091,5891.219396630909,29456.096983154548,2005.0,401,351,0.8753117206982544,50,0,364,15,15,14,7,7,1761.9752730735415,6311.5583852615055,518.2036689702294,7455.123725381329,40,0.6543997039989335
early_optical_clear_probe,112478892,10,6,10,1.0,True,860.1679623331966,8601.679623331966,5480.679623331964,27403.398116659842,2590.0,518,486,0.9382239382239382,32,0,481,10,10,10,4,4,806.7665217090222,4039.508205626204,776.4371261085605,8601.679623331966,60,0.49927795700205024
early_optical_clear_probe,2615818662,15,10,15,1.0,True,615.772622317653,9236.589334764796,6845.589334764795,34227.94667382399,1960.0,392,349,0.8903061224489796,43,0,353,16,16,15,9,9,1467.6840394017863,7048.472851647553,464.40109811662956,9236.589334764796,40,0.7991710909991525
early_optical_clear_probe,1378881515,14,9,14,1.0,True,599.8774327807523,8398.284058930532,5874.284058930532,29371.420294652682,2075.0,415,373,0.8987951807228916,42,0,379,14,14,14,7,7,1556.2917388688961,6689.8896363588,700.1351999010999,8398.284058930532,60,0.6532645379993482
early_optical_clear_probe,2492071252,10,5,10,1.0,True,851.8203941872582,8518.203941872582,5582.203941872581,27911.01970936291,2430.0,486,457,0.9403292181069959,29,0,450,12,12,10,5,5,1237.8205724986349,5080.606373201336,1042.1450597298767,8518.203941872582,79,0.6945825669972692
early_optical_clear_probe,4187562014,16,9,16,1.0,True,488.56820726378464,7817.091316220554,5565.091316220554,27825.45658110278,1830.0,366,320,0.8743169398907104,46,0,336,18,18,16,6,6,759.1317564106592,3972.6877689469234,418.82201040865465,7817.091316220554,40,0.680574999001692
early_optical_clear_probe,3385248634,15,4,15,1.0,True,548.9747124908986,8234.620687363478,5693.620687363482,28468.103436817415,2080.0,416,374,0.8990384615384616,42,0,383,16,16,15,3,3,1917.2946543693995,5485.569612448157,758.4561908635278,8234.620687363478,59,0.5567528350002249
early_optical_clear_probe,3961545464,14,4,14,1.0,True,546.3155797323167,7648.418116252433,5411.418116252433,27057.09058126218,1835.0,367,324,0.8828337874659401,43,0,332,14,14,14,4,4,696.9027180126265,5488.0605131119055,504.86228857595324,7648.418116252433,40,0.5966556150015094
early_optical_clear_probe,3954933352,11,4,11,1.0,True,744.3655425156976,8188.020967672674,5235.020967672675,26175.10483836338,2445.0,489,453,0.9263803680981595,36,0,453,11,11,11,4,4,1538.865662987297,4219.613913252851,485.121749035142,6956.483983094249,40,0.5548541289972491
early_optical_clear_probe,974143242,14,5,14,1.0,True,584.767310423147,8186.742345924059,5867.742345924059,29338.711729620303,1905.0,381,343,0.9002624671916011,38,0,344,14,14,14,4,4,1667.9638680423366,6295.0849420278655,415.43556545342403,7304.73710338543,40,0.79574588000105
early_optical_clear_probe,148558645,15,9,15,1.0,True,596.5409966092183,8948.114949138275,6364.114949138278,31820.574745691378,2120.0,424,379,0.8938679245283019,45,0,386,16,16,15,10,10,1507.543689841081,4827.9837171395,729.0766134282587,8948.114949138275,60,0.7054470549992402
early_optical_clear_probe,1858373987,16,6,16,1.0,True,381.7661344568191,6108.258151309105,4343.258151309106,21716.290756545535,1425.0,285,234,0.8210526315789474,51,0,257,17,17,16,5,5,910.6549877512415,4970.614305566454,465.09547817270527,6108.258151309105,40,0.6207316770014586
early_optical_clear_probe,1989247223,12,5,12,1.0,True,718.6069050820834,8623.282860985,5371.282860985,26856.414304925016,2685.0,537,500,0.931098696461825,37,0,504,13,13,12,3,3,2286.11344828515,6251.764871268659,844.7458363927649,8623.282860985,60,0.47414205400127685
early_optical_clear_probe,1109973389,16,9,16,1.0,True,489.4990764768631,7831.985223629809,5635.98522362981,28179.92611814906,1790.0,358,309,0.8631284916201117,49,0,326,16,16,16,7,7,1522.5064948439476,5409.175788142382,755.3999104382596,7831.985223629809,60,0.7374305470002582
early_optical_clear_probe,155067787,16,6,16,1.0,True,546.9856476139785,8751.770361823656,5899.770361823657,29498.85180911829,2340.0,468,422,0.9017094017094017,46,0,429,17,17,16,7,7,2919.599495665702,6743.653621042999,461.7085720202505,8751.770361823656,40,0.5883967469999334
early_optical_clear_probe,876304571,13,7,13,1.0,True,636.4967849728412,8274.458204646935,5132.458204646936,25662.291023234688,2595.0,519,480,0.9248554913294798,39,0,482,13,13,13,6,6,2559.701713591515,5706.830060911646,732.752045391991,7902.807238194721,60,0.4819347980010207
early_optical_clear_probe,1357346616,11,4,11,1.0,True,781.9705213865044,8601.675735251549,5771.675735251549,28858.37867625776,2340.0,468,433,0.9252136752136753,35,0,432,12,12,11,2,2,1223.4001341758462,4247.293117058128,1028.1923409305925,7804.024373000246,80,0.5860456730006263
early_optical_clear_probe,3972323474,11,8,11,1.0,True,870.0388202406867,9570.427022647555,6348.427022647552,31742.135113237768,2670.0,534,505,0.9456928838951311,29,0,497,11,11,11,4,4,2977.564817656908,6767.867454567629,432.93573559650514,9570.427022647555,40,0.6030015309952432
early_optical_clear_probe,3729079237,14,9,14,1.0,True,624.997032204223,8749.958450859123,5963.958450859124,29819.792254295626,2290.0,458,416,0.9082969432314411,42,0,423,15,15,14,11,11,1455.1148124245312,4412.511237454585,782.0956579785666,8749.958450859123,59,0.540169997002522
early_optical_clear_probe,3073916602,13,6,13,1.0,True,617.9135088538468,8032.875615100008,5646.875615100009,28234.37807550005,1965.0,393,352,0.8956743002544529,41,0,356,13,13,13,3,3,1477.5482144168514,6043.784675301538,491.7211003044852,6878.112468045698,40,0.6208353839974734
early_optical_clear_probe,3602836476,14,9,14,1.0,True,666.7451454328791,9334.432036060307,6525.432036060305,32627.160180301533,2310.0,462,420,0.9090909090909091,42,0,423,16,16,14,12,12,1124.6206451423411,4065.6578174234023,505.07490033135673,9334.432036060307,40,0.6751189599963254
early_optical_clear_probe,97500857,11,3,11,1.0,True,823.147084169133,9054.617925860462,5989.617925860462,29948.08962930231,2535.0,507,475,0.9368836291913215,32,0,472,12,12,11,5,5,1186.3478306009636,5212.843363676684,1258.1809542206754,9054.617925860462,94,0.629400125995744
early_optical_clear_probe,1877942840,16,6,16,1.0,True,464.95035538583716,7439.2056861733945,5419.205686173395,27096.028430866987,1645.0,329,278,0.8449848024316109,51,0,295,16,16,16,4,4,651.0615885198,6369.739667756482,512.3332951820355,7439.2056861733945,40,0.5188834950022283
early_optical_clear_probe,1942196207,10,6,10,1.0,True,846.718239319826,8467.18239319826,5213.182393198258,26065.9119659913,2700.0,540,511,0.9462962962962963,29,0,504,10,10,10,5,5,1492.7336513491066,5473.760546814605,750.0406697980432,7988.977055762659,60,0.48539342100411886
early_optical_clear_probe,73374192,12,6,12,1.0,True,674.7638252730202,8097.165903276242,5540.165903276242,27700.82951638123,2110.0,422,390,0.9241706161137441,32,0,387,12,12,12,1,1,1256.3525639582629,4400.095719236333,407.51261374875173,8050.165903276242,40,0.6506454389964347
early_optical_clear_probe,2876730217,13,6,13,1.0,True,605.7581319087808,7874.85571481415,5443.855714814152,27219.27857407077,2000.0,400,361,0.9025,39,0,366,13,13,13,7,7,1008.7534321989407,6623.224166668434,486.23150168474893,7690.809717227645,40,0.5574271699952078
early_optical_clear_probe,539631908,10,6,10,1.0,True,861.7074410838561,8617.07441083856,5259.0744108385625,26295.37205419282,2785.0,557,529,0.9497307001795332,28,0,520,11,11,10,4,4,3198.073694615541,6459.390289283321,2097.0860794845803,8129.539119779449,160,0.47964656600379385
early_optical_clear_probe,206053563,11,2,11,1.0,True,755.1785395674021,8306.963935241423,5242.963935241423,26214.81967620713,2535.0,507,474,0.9349112426035503,33,0,474,11,11,11,2,2,2316.0798427650466,5617.651102871846,759.4875782195072,8094.020197635751,60,0.471361062998767
early_optical_clear_probe,366699910,10,6,10,1.0,True,919.9044383026051,9199.04438302605,6217.044383026046,31085.221915130245,2470.0,494,464,0.9392712550607287,30,0,459,11,11,10,4,4,1491.6132564916966,3758.4331412292413,1007.2016825685487,7513.126354260581,80,0.6575099260007846
early_optical_clear_probe,3692234495,15,8,15,1.0,True,525.4547234345262,7881.820851517893,5284.820851517895,26424.104257589483,2130.0,426,377,0.8849765258215962,49,0,392,15,15,15,5,5,1899.6791856338757,4837.732656485704,511.55699241448144,7881.820851517893,40,0.5098828020054498
early_optical_clear_probe,1959354251,12,7,12,1.0,True,767.1255875461197,9205.507050553437,6429.507050553439,32147.535252767204,2290.0,458,416,0.9082969432314411,42,0,423,13,13,12,6,6,967.0813295074976,4149.21442468496,466.0436198411014,9205.507050553437,40,0.558950962004019
early_optical_clear_probe,819145269,16,8,16,1.0,True,460.4346004617014,7366.953607387222,5097.953607387221,25489.76803693612,1850.0,370,324,0.8756756756756757,46,0,339,16,16,16,4,4,1925.8451129838745,4586.274105501726,1545.4187134883055,7366.953607387222,118,0.5082145749984193
early_optical_clear_probe,1538458297,16,7,16,1.0,True,367.3654348553481,5877.84695768557,4241.846957685572,21209.23478842786,1315.0,263,221,0.8403041825095057,42,0,241,16,16,16,2,2,1355.2688195519804,4622.400878247657,422.24438808022063,5877.84695768557,40,0.6660268790001282
early_optical_clear_probe,3602896830,12,8,12,1.0,True,719.0908547367918,8629.090256841502,5688.0902568415,28440.451284207516,2430.0,486,454,0.934156378600823,32,0,451,12,12,12,5,5,2000.1018141323173,5858.041406281072,2078.3914875938076,8285.207338942537,155,0.5132804530003341
early_optical_clear_probe,3436379175,11,8,11,1.0,True,810.59403877066,8916.53442647726,5576.534426477259,27882.672132386306,2765.0,553,522,0.9439421338155516,31,0,517,12,12,11,7,7,2793.6391131687164,6769.607757503154,2681.543475528282,8524.428218513012,199,0.5273171459994046
early_optical_clear_probe,2027149278,11,8,11,1.0,True,814.6698730400502,8961.368603440553,5944.368603440549,29721.84301720276,2495.0,499,465,0.9318637274549099,34,0,464,12,12,11,6,6,2338.5680215666807,7263.35496893662,398.40666506212676,8961.368603440553,40,0.5517610020033317
early_optical_clear_probe,3188326437,12,4,12,1.0,True,686.4684407892024,8237.62128947043,5357.6212894704295,26788.10644735216,2375.0,475,439,0.9242105263157895,36,0,439,14,14,12,3,3,2097.8711541177977,6303.226983751731,427.66521250683024,8237.62128947043,40,0.6725598110060673
early_optical_clear_probe,3267629488,14,7,14,1.0,True,570.7516035895376,7990.522450253527,5073.522450253527,25367.612251267637,2400.0,480,438,0.9125,42,0,444,15,15,14,8,8,2131.206479664922,5738.768616091309,1527.1890859004493,7637.460220331899,117,0.49855838200164726
early_optical_clear_probe,4065153588,16,5,16,1.0,True,354.9967013529161,5679.947221646657,3883.9472216466575,19419.736108233294,1450.0,290,237,0.8172413793103448,53,0,266,16,16,16,7,7,586.7990671839393,3901.972767485064,491.40542880936664,5679.947221646657,40,0.6865340740041574
early_optical_clear_probe,24814490,13,6,13,1.0,True,705.3953281251815,9170.13926562736,6156.139265627357,30780.6963281368,2485.0,497,455,0.9154929577464789,42,0,461,14,14,13,4,4,2052.317123729276,7966.12595236088,518.6700808352164,9170.13926562736,40,0.5362606459966628
early_optical_clear_probe,3986672588,10,3,10,1.0,True,853.6174765909913,8536.174765909913,5736.174765909912,28680.873829549575,2320.0,464,434,0.9353448275862069,30,0,427,11,11,10,5,5,385.43252187842313,1761.3088951640107,734.3073205970824,7705.778138663093,57,0.6540234540007077
early_optical_clear_probe,1151847455,14,6,14,1.0,True,586.1603691477891,8206.245168069046,5650.2451680690465,28251.225840345236,2100.0,420,375,0.8928571428571429,45,0,383,15,15,14,4,4,1374.1576750282343,5684.710669434962,681.4373431407853,7712.553337615161,60,0.7118093600001885
early_optical_clear_probe,3621973066,10,5,10,1.0,True,791.1144048416905,7911.144048416905,5197.144048416905,25985.72024208454,2250.0,450,423,0.94,27,0,414,10,10,10,3,3,389.5367236220663,1545.4836181103315,486.1747787268914,7735.71346962203,40,0.6042497020025621
early_optical_clear_probe,3811502575,14,5,14,1.0,True,633.2030681546428,8864.842954164998,5893.842954164999,29469.214770825,2445.0,489,446,0.9120654396728016,43,0,453,15,15,14,7,7,2558.5075909137527,5630.277419691965,3327.299092381987,8701.647018063883,246,0.5319999439961975
early_optical_clear_probe,586648642,15,9,15,1.0,True,632.1965729309367,9482.94859396405,6998.948593964051,34994.74296982025,2035.0,407,367,0.9017199017199017,40,0,371,16,16,15,7,7,1517.4850591045479,4809.116475063581,474.49154102887604,9482.94859396405,40,0.7120062969988794
early_optical_clear_probe,2106860477,10,5,10,1.0,True,814.578921969923,8145.789219699231,5254.789219699231,26273.946098496166,2395.0,479,446,0.9311064718162839,33,0,443,11,11,10,3,3,1093.4903229871074,5028.067807242543,444.726956678074,7291.046021923927,40,0.5207060839966289
early_optical_clear_probe,2090589481,14,7,14,1.0,True,634.9082276820791,8888.715187549107,6212.715187549105,31063.575937745536,2200.0,440,401,0.9113636363636364,39,0,403,15,15,14,4,4,2020.4081069229103,5705.598901899614,776.1587626988803,8888.715187549107,60,0.6369139599992195
early_optical_clear_probe,2050212356,10,4,10,1.0,True,839.1683760616937,8391.683760616937,5327.683760616937,26638.418803084704,2540.0,508,479,0.9429133858267716,29,0,474,10,10,10,2,2,1431.4335677233485,7263.960154138015,482.27376309354906,8391.683760616937,40,0.5649550270027248
early_optical_clear_probe,124805700,11,3,11,1.0,True,688.5998315106713,7574.598146617384,5090.598146617386,25452.990733086946,2055.0,411,383,0.9318734793187348,28,0,374,11,11,11,2,2,406.35014321806227,2026.4038851159605,423.88723199649394,5368.972573580417,40,0.6806490300004953
early_optical_clear_probe,3502705050,16,7,16,1.0,True,444.248345689399,7107.973531030384,4904.973531030385,24524.86765515193,1795.0,359,308,0.8579387186629527,51,0,328,16,16,16,5,5,809.9508294844541,2796.331572389173,404.1157346920847,7107.973531030384,40,0.5052897519999533
early_optical_clear_probe,4119917857,16,11,16,1.0,True,506.34400871620744,8101.504139459319,5722.504139459318,28612.52069729661,1945.0,389,346,0.8894601542416453,43,0,354,16,16,16,10,10,1500.4367460002372,6738.226682199911,694.5626047791379,8101.504139459319,60,0.687743786998908
early_optical_clear_probe,12747279,11,5,11,1.0,True,805.2065679107681,8857.272247018449,5514.27224701845,27571.361235092256,2770.0,554,521,0.9404332129963899,33,0,515,12,12,11,8,8,2499.9648228173037,6484.902568823498,481.060173857624,8857.272247018449,40,0.5375169640028616
early_optical_clear_probe,3321914893,11,6,11,1.0,True,739.9761034395025,8139.737137834528,5156.737137834528,25783.68568917265,2470.0,494,462,0.9352226720647774,32,0,458,11,11,11,4,4,1527.693949605542,7180.722937063436,733.4580038438717,8139.737137834528,60,0.6425312650026171
early_optical_clear_probe,4202399141,16,7,16,1.0,True,369.41794015626954,5910.687042500313,3932.6870425003144,19663.435212501576,1600.0,320,269,0.840625,51,0,295,17,17,16,4,4,1537.5664697390998,4273.991060288028,1110.1912333694752,5910.687042500313,80,0.5036857289960608
early_optical_clear_probe,2266664633,10,4,10,1.0,True,859.5594665581984,8595.594665581984,5401.594665581986,27007.973327909935,2650.0,530,503,0.9490566037735849,27,0,494,10,10,10,3,3,1968.9891580736835,5704.0176607036265,430.57171752769466,8369.728451377343,40,0.5553865570036578
early_optical_clear_probe,222483801,15,9,15,1.0,True,566.9842158766099,8504.76323814915,5780.763238149153,28903.816190745772,2230.0,446,395,0.8856502242152466,51,0,410,18,18,15,7,7,2217.1542765876848,6549.014149110677,458.2536819552689,8323.92417132951,40,0.5891667289979523
early_optical_clear_probe,4195505864,15,8,15,1.0,True,546.7455588799759,8201.183383199637,5630.183383199636,28150.916915998198,2110.0,422,377,0.8933649289099526,45,0,386,15,15,15,6,6,1659.0178560146144,5707.8799870393705,2259.297420761432,8201.183383199637,169,0.6678345489999629
early_optical_clear_probe,1425467803,16,9,16,1.0,True,486.5198687871717,7784.317900594747,5378.317900594749,26891.589502973744,1965.0,393,345,0.8778625954198473,48,0,358,17,17,16,8,8,1448.4086404498623,5079.433358191773,420.0092550041162,7784.317900594747,40,0.5897402449991205
early_optical_clear_probe,2347999341,15,7,15,1.0,True,567.7818883076113,8516.72832461417,5510.728324614171,27553.641623070867,2470.0,494,446,0.902834008097166,48,0,458,16,16,15,8,8,1375.0963034038366,7102.669270231946,2273.566018623107,8278.049948399128,169,0.5184672699979274
early_optical_clear_probe,1564013286,16,6,16,1.0,True,478.1268468353576,7650.029549365721,5401.029549365721,27005.147746828614,1830.0,366,312,0.8524590163934426,54,0,333,18,18,16,2,2,1325.7694601582657,4823.6562931811895,520.3080448058771,7650.029549365721,40,0.6852324339997722
early_optical_clear_probe,57702867,13,5,13,1.0,True,659.0983082249876,8568.278006924838,5817.278006924839,29086.39003462421,2265.0,453,411,0.9072847682119205,42,0,418,14,14,13,6,6,1221.136555191709,5626.634955400764,690.8828159850327,8568.278006924838,60,0.6548683509972761
early_optical_clear_probe,1219678040,10,3,10,1.0,True,880.5150181286235,8805.150181286235,5354.150181286234,26770.75090643119,2865.0,573,543,0.9476439790575916,30,0,536,10,10,10,4,4,3041.615834051612,6228.33141637345,739.7304369697587,8378.260198519854,60,0.49783951199788135
early_optical_clear_probe,3417087889,11,4,11,1.0,True,744.0463584783744,8184.509943262118,5278.50994326212,26392.5497163106,2405.0,481,447,0.9293139293139293,34,0,446,11,11,11,4,4,1851.5679518458296,5618.957634783227,426.24375280224024,8131.509943262118,40,0.5330804459954379
early_optical_clear_probe,1189233515,12,5,12,1.0,True,724.3751761319536,8692.502113583443,5711.50211358344,28557.51056791721,2465.0,493,459,0.9310344827586207,34,0,456,12,12,12,4,4,2467.2089042067123,6536.0037305597225,462.9549242016369,7436.999181190917,40,0.6117981469942606
early_optical_clear_probe,62075461,11,6,11,1.0,True,794.215545081611,8736.370995897722,5832.370995897721,29161.854979488606,2405.0,481,452,0.9397089397089398,29,0,444,11,11,11,6,6,1363.169005475793,7574.673474938627,501.3932604435288,8350.75596918615,40,0.6250053639960242
early_optical_clear_probe,698432656,16,7,16,1.0,True,565.231495836917,9043.703933390672,6114.703933390675,30573.51966695338,2400.0,480,432,0.9,48,0,440,19,19,16,10,10,1750.910476709094,5802.985178546334,1013.5337586810542,9043.703933390672,78,0.5455355320009403
early_optical_clear_probe,4135177982,11,3,11,1.0,True,759.9318547734681,8359.250402508149,5341.25040250815,26706.252012540757,2500.0,500,463,0.926,37,0,463,11,11,11,3,3,1790.3777854977698,4882.71388295835,770.1641520126512,8115.196086387083,60,0.5096711890000734
early_optical_clear_probe,2640122364,13,3,13,1.0,True,578.7241573271175,7523.414045252527,5066.414045252528,25332.070226262647,2020.0,404,358,0.8861386138613861,46,0,369,14,14,13,1,1,1142.8942311543092,4362.537800716524,463.00848723388805,7155.428132051368,40,0.5096867809988908
early_optical_clear_probe,556094183,11,6,11,1.0,True,785.5329850312445,8640.862835343689,5513.862835343688,27569.314176718453,2590.0,518,485,0.9362934362934363,33,0,482,11,11,11,3,3,2402.773256114834,7126.863048449245,1334.9832858696204,8033.1870163543545,98,0.49630776699632406
early_optical_clear_probe,1196677597,14,6,14,1.0,True,566.8193480365937,7935.470872512313,5308.470872512313,26542.354362561575,2160.0,432,392,0.9074074074074074,40,0,397,14,14,14,4,4,1644.4458126006473,4255.4320200983875,472.2974924121303,7219.861066711544,40,0.6338143609973486
early_optical_clear_probe,657657975,16,8,16,1.0,True,521.7294474723092,8347.671159556947,5883.671159556947,29418.355797784756,2015.0,403,359,0.890818858560794,44,0,369,16,16,16,9,9,1715.54258461273,6414.722035890225,495.37133120837666,8347.671159556947,40,0.5564923360070679
early_optical_clear_probe,1507397312,12,8,12,1.0,True,710.1839481694074,8522.207378032888,5482.207378032887,27411.03689016446,2510.0,502,466,0.9282868525896414,36,0,467,13,13,12,7,7,1024.9127394635234,4970.87643678114,2095.5731501663954,8180.171485367765,155,0.5229579519946128
early_optical_clear_probe,2641658508,15,7,15,1.0,True,596.9050084002977,8953.575126004465,6184.575126004466,30922.87563002234,2275.0,455,410,0.9010989010989011,45,0,419,15,15,15,9,9,1837.3363209140657,5501.338370017744,1288.4592471148571,8953.575126004465,98,0.5954028409978491
early_optical_clear_probe,506020388,15,9,15,1.0,True,616.5304567563438,9247.956851345158,6564.956851345155,32824.78425672579,2205.0,441,395,0.8956916099773242,46,0,403,15,15,15,7,7,1333.5482649881988,5363.416539719796,424.5937837614548,9247.956851345158,40,0.6444377659936436
early_optical_clear_probe,561561557,11,4,11,1.0,True,743.3677889159861,8177.045678075848,5464.045678075848,27320.228390379256,2245.0,449,417,0.9287305122494433,32,0,413,11,11,11,1,1,1521.9664943917726,4143.325484835188,456.55145861525216,7907.253293618915,40,0.5528227760005393
early_optical_clear_probe,400652495,13,6,13,1.0,True,684.4883223725956,8898.348190843742,5624.348190843742,28121.740954218723,2705.0,541,502,0.9279112754158965,39,0,504,13,13,13,8,8,1750.6938377004226,4726.156805417094,2080.6273824398286,8898.348190843742,160,0.46100766900053713
early_optical_clear_probe,1359147624,10,5,10,1.0,True,882.6428910032839,8826.428910032839,5475.428910032837,27377.144550164194,2780.0,556,524,0.9424460431654677,32,0,521,10,10,10,2,2,2943.02476972032,5795.38666679263,730.2274320461156,8826.428910032839,60,0.45842127699870616
early_optical_clear_probe,126770037,12,10,12,1.0,True,739.7358676508916,8876.830411810699,5628.830411810701,28144.152059053515,2685.0,537,499,0.9292364990689013,38,0,500,13,13,12,9,9,2381.506751211322,6943.101447551619,446.57089474621927,8876.830411810699,40,0.6068000960003701
early_optical_clear_probe,3838488288,14,11,14,1.0,True,716.796870167844,10035.156182349816,7240.156182349815,36200.78091174908,2300.0,460,418,0.908695652173913,42,0,422,15,15,14,8,8,1484.5574421300512,5321.73864666424,764.182672006637,10035.156182349816,60,0.6700507900022785
early_optical_clear_probe,1795560742,15,4,15,1.0,True,524.7547548298469,7871.321322447704,5486.321322447705,27431.60661223854,1955.0,391,343,0.8772378516624041,48,0,355,15,15,15,6,6,389.0264954486713,3629.2564707253578,429.90493682979314,7336.655449676568,40,0.6617684550001286
early_optical_clear_probe,1393548994,16,10,16,1.0,True,477.58813077905694,7641.410092464911,5242.410092464911,26212.050462324554,1950.0,390,343,0.8794871794871795,47,0,363,18,18,16,6,6,2738.1308252002723,5671.167648584648,2836.6906072580487,7641.410092464911,206,0.6072832999998354
early_optical_clear_probe,578379717,13,7,13,1.0,True,647.8613022873959,8422.196929736147,5638.196929736145,28190.984648680744,2290.0,458,419,0.9148471615720524,39,0,423,15,15,13,6,6,2033.4133700669627,5179.735824346362,444.3190722081042,8279.97931789631,40,0.542751254994073
early_optical_clear_probe,3850488418,12,7,12,1.0,True,696.2174205599349,8354.609046719219,5726.609046719219,28633.045233596116,2170.0,434,400,0.9216589861751152,34,0,398,12,12,12,4,4,1616.5819093639082,3736.815992016188,502.6977551047264,8024.965039301266,40,0.6730922790011391
early_optical_clear_probe,2086905100,15,12,15,1.0,True,541.3371281431112,8120.056922146667,5702.056922146668,28510.28461073335,1980.0,396,354,0.8939393939393939,42,0,363,15,15,15,10,10,1416.000549986341,3435.18446932407,670.4364799542093,6920.842290707787,60,0.6437125819938956
early_optical_clear_probe,583405789,13,7,13,1.0,True,633.5477165107822,8236.120314640168,5441.120314640169,27205.601573200853,2305.0,461,422,0.9154013015184381,39,0,425,13,13,13,4,4,2185.8472083139122,5529.2808294446995,485.7989782047857,8195.120314640168,40,0.6166439449953032
early_optical_clear_probe,2148745823,16,2,16,1.0,True,354.3304191417859,5669.286706268575,4118.286706268576,20591.433531342886,1245.0,249,198,0.7951807228915663,51,0,226,16,16,16,3,3,422.3308541938473,4451.22143360106,475.52621766998493,5669.286706268575,40,0.8373748280064319
early_optical_clear_probe,2419792341,16,6,16,1.0,True,352.96997100159854,5647.519536025577,3838.519536025576,19192.59768012789,1460.0,292,239,0.8184931506849316,53,0,269,16,16,16,9,9,631.4793481468245,3040.840923718769,1478.7877229116543,5512.422146691755,111,0.6553893699965556
early_optical_clear_probe,2043816523,12,7,12,1.0,True,830.4268007535271,9965.121609042326,6680.121609042322,33400.60804521162,2720.0,544,512,0.9411764705882353,32,0,505,12,12,12,4,4,3084.87102728603,7659.193247313491,1577.2273060671268,9965.121609042326,120,0.477418308997585
early_optical_clear_probe,153404753,13,6,13,1.0,True,606.2038688501908,7880.65029505248,5562.650295052481,27813.251475262423,1905.0,381,338,0.8871391076115486,43,0,345,14,14,13,4,4,519.2413425386551,2009.4268842753838,463.1688634950897,7437.230628784373,40,0.7069584199998644
early_optical_clear_probe,2255857559,15,7,15,1.0,True,559.1602754933289,8387.404132399934,5445.404132399935,27227.020661999686,2420.0,484,436,0.9008264462809917,48,0,447,15,15,15,7,7,1484.2715752841111,4280.740414624519,739.3967502603507,8387.404132399934,60,0.5859870849963045
early_optical_clear_probe,2164715881,14,7,14,1.0,True,584.303322493801,8180.246514913215,5561.246514913215,27806.2325745661,2150.0,430,388,0.9023255813953488,42,0,393,16,16,14,5,5,1685.7740201189936,5317.490326872898,470.40396925518985,8145.246514913215,40,0.6807701470024767
early_optical_clear_probe,3926127090,10,5,10,1.0,True,888.8622786014172,8888.622786014172,5659.622786014171,28298.113930070864,2680.0,536,507,0.9458955223880597,29,0,499,10,10,10,3,3,2116.7848208891164,7316.022173732236,747.5960959870469,7930.911945191251,60,0.47971025200240547
early_optical_clear_probe,2682109406,16,9,16,1.0,True,558.190074244772,8931.041187916351,6421.041187916349,32105.205939581763,2050.0,410,362,0.8829268292682927,48,0,374,18,18,16,10,10,1425.467092511502,5923.936043294373,401.6006651468392,8931.041187916351,40,0.6583454979991075
early_optical_clear_probe,815300423,16,7,16,1.0,True,471.05190195729205,7536.830431316673,5318.830431316673,26594.152156583372,1805.0,361,312,0.8642659279778393,49,0,327,18,18,16,9,9,1458.0826810297258,6129.265804137356,434.59579813989063,7536.830431316673,40,0.8834466519983835
early_optical_clear_probe,24195812,13,3,13,1.0,True,582.9977409861735,7578.9706328202565,5456.970632820257,27284.853164101292,1745.0,349,314,0.8997134670487106,35,0,312,13,13,13,3,3,397.5463427193371,1814.3486424903256,413.633461207887,7032.981982309205,40,0.7699369629990542
early_optical_clear_probe,3642728382,10,5,10,1.0,True,865.2839987449521,8652.83998744952,5636.83998744952,28184.199937247617,2500.0,500,468,0.936,32,0,466,10,10,10,4,4,1181.5076702837705,6309.2389215548565,509.2581095982964,7256.257162245957,40,0.4653027849999489
early_optical_clear_probe,3266971321,11,6,11,1.0,True,932.8670770086559,10261.537847095215,7016.537847095213,35082.68923547608,2690.0,538,503,0.9349442379182156,35,0,500,11,11,11,7,7,2232.08828833625,7068.574262831289,1558.05638423637,10261.537847095215,120,0.5399848870001733
early_optical_clear_probe,2254224664,13,6,13,1.0,True,669.9737362111478,8709.658570744921,5599.658570744921,27998.29285372462,2565.0,513,469,0.9142300194931774,44,0,477,14,14,13,5,5,744.9218506244611,5226.014021226544,1829.985018445725,8709.658570744921,133,0.5575566699990304
early_optical_clear_probe,2089096783,14,8,14,1.0,True,588.0558632275149,8232.782085185208,5655.782085185208,28278.910425926053,2115.0,423,376,0.8888888888888888,47,0,389,15,15,14,6,6,1626.249605266081,6773.893702189303,738.7029163946751,7635.606009370764,60,0.6163765660021454
early_optical_clear_probe,1553707142,10,7,10,1.0,True,967.7875520731519,9677.875520731519,6224.875520731518,31124.377603657606,2865.0,573,544,0.9493891797556719,29,0,535,11,11,10,8,8,2347.560246738597,5254.552173097766,759.6100566519023,9677.875520731519,60,0.5027428850007709
early_optical_clear_probe,580388736,12,7,12,1.0,True,693.5230053389041,8322.27606406685,5560.276064066848,27801.380320334254,2280.0,456,423,0.9276315789473685,33,0,422,12,12,12,5,5,1516.131506851607,4711.785635628886,438.0428359029172,8322.27606406685,40,0.5085317949997261
early_optical_clear_probe,506151164,13,6,13,1.0,True,639.3122663859152,8311.059463016898,5359.0594630169,26795.297315084506,2435.0,487,447,0.917864476386037,40,0,452,13,13,13,5,5,2321.1535119626346,6221.464953941937,505.9974981105188,7906.627934703873,40,0.5023252930041053
early_optical_clear_probe,1206708992,12,10,12,1.0,True,709.7677414750423,8517.212897700507,5774.212897700507,28871.064488502543,2265.0,453,421,0.9293598233995585,32,0,418,12,12,12,7,7,1662.648832354669,3774.7294054872405,733.2106862590249,6397.202959580214,59,0.5217745939953602
early_optical_clear_probe,727919444,13,12,13,1.0,True,734.1392099239323,9543.80972901112,6258.809729011119,31294.048645055605,2710.0,542,507,0.9354243542435424,35,0,507,14,14,13,12,12,3058.114583313778,5981.079854193415,698.7421865514701,9543.80972901112,60,0.5617403709984501
early_optical_clear_probe,924844786,11,3,11,1.0,True,717.6513465446761,7894.164811991437,5163.164811991438,25815.8240599572,2260.0,452,418,0.9247787610619469,34,0,416,11,11,11,5,5,705.3989650507941,4553.9432724433955,449.1177901926034,7338.238333790997,40,0.6699989549961174
early_optical_clear_probe,172190303,15,7,15,1.0,True,560.7959283333631,8411.938925000446,5930.938925000447,29654.694625002245,2035.0,407,362,0.8894348894348895,45,0,371,15,15,15,7,7,783.6454565316049,3201.130542099833,690.0726356472959,8411.938925000446,60,0.6080549920006888
early_optical_clear_probe,3489497124,14,6,14,1.0,True,600.5257948292657,8407.36112760972,5849.361127609722,29246.80563804862,2100.0,420,380,0.9047619047619048,40,0,385,15,15,14,5,5,1136.337902108532,5934.47709802932,538.9252059266273,8407.36112760972,40,0.6946841760000098
early_optical_clear_probe,1308586041,11,6,11,1.0,True,798.8132766508666,8786.946043159533,5491.946043159536,27459.730215797692,2730.0,546,515,0.9432234432234432,31,0,510,11,11,11,5,5,2892.4178952748507,6027.281544348213,2866.4541041128246,8733.946043159533,215,0.492199400003301
early_optical_clear_probe,3566872380,10,4,10,1.0,True,870.1522562507201,8701.522562507202,5757.522562507201,28787.612812536016,2440.0,488,458,0.9385245901639344,30,0,454,10,10,10,5,5,1125.128353604789,3731.217736108627,728.6953612893241,8197.844530838038,60,0.6475107179940096
early_optical_clear_probe,3983919039,14,9,14,1.0,True,607.9978468681278,8511.96985615379,5626.96985615379,28134.849280768965,2375.0,475,440,0.9263157894736842,35,0,440,14,14,14,6,6,1872.6071679592824,4982.994596907054,1039.1252981653665,8511.96985615379,80,0.5157218999956967
early_optical_clear_probe,1638229905,16,10,16,1.0,True,523.6915532070498,8379.064851312796,5943.064851312794,29715.32425656398,1990.0,398,355,0.8919597989949749,43,0,363,17,17,16,9,9,2035.5907530006248,6284.019731365748,1015.7869453068834,8379.064851312796,78,0.7340204079955583
early_optical_clear_probe,2129157230,16,8,16,1.0,True,476.616725351324,7625.867605621184,5459.867605621186,27299.338028105936,1765.0,353,296,0.8385269121813032,57,0,321,16,16,16,6,6,1155.4175324213106,5599.147949305164,463.335204635022,7625.867605621184,40,0.5648707619984634
early_optical_clear_probe,1680670217,15,6,15,1.0,True,521.6658807802946,7824.988211704419,5687.988211704421,28439.941058522112,1745.0,349,305,0.8739255014326648,44,0,314,16,16,15,4,4,1043.8004992631534,3588.6300799164555,700.2098111739854,7795.988211704419,60,0.7188071029959247
early_optical_clear_probe,3504347405,14,6,14,1.0,True,590.0890278802724,8261.246390323813,5514.246390323813,27571.231951619084,2260.0,452,411,0.9092920353982301,41,0,417,14,14,14,7,7,2238.3704151843467,6005.881282106238,515.1862298973022,8261.246390323813,40,0.5892160680014058
early_optical_clear_probe,964907882,13,6,13,1.0,True,699.6267765915217,9095.148095689781,5736.148095689782,28680.74047844891,2775.0,555,513,0.9243243243243243,42,0,519,13,13,13,7,7,2195.4865508753082,6501.1275069638505,3659.077435659802,8921.393320108935,278,0.4693020129998331
early_optical_clear_probe,440148252,13,6,13,1.0,True,612.7871567760182,7966.233038088236,5287.233038088237,26436.165190441185,2205.0,441,406,0.9206349206349206,35,0,406,14,14,13,4,4,1139.7750230784081,5670.663918054756,423.018406485808,7817.890699234915,40,0.6273083569976734
early_optical_clear_probe,1018439510,14,6,14,1.0,True,563.2742279098997,7885.839190738595,5307.839190738598,26539.195953692997,2120.0,424,386,0.910377358490566,38,0,388,14,14,14,4,4,1986.5936175134887,4659.295828437472,448.8503760204935,7850.839190738595,40,0.6304593919994659
early_optical_clear_probe,2607675631,15,8,15,1.0,True,564.3185670521002,8464.778505781504,5874.778505781503,29373.89252890752,2125.0,425,385,0.9058823529411765,40,0,387,16,16,15,7,7,2066.2055507375226,5559.6278114581155,463.61543466195957,8464.778505781504,40,0.6699996390016167
early_optical_clear_probe,12720437,14,5,14,1.0,True,528.1317681548427,7393.844754167797,5200.844754167801,26004.22377083901,1795.0,359,317,0.883008356545961,42,0,325,15,15,14,0,0,1066.708501477687,6066.187427691249,486.0108929659212,7060.786778954841,40,0.6094156199978897
early_optical_clear_probe,2695434931,11,7,11,1.0,True,751.5321077759104,8266.853185535014,5270.853185535017,26354.265927675093,2480.0,496,459,0.9254032258064516,37,0,461,11,11,11,5,5,1570.2276305048983,3507.5899589862993,1817.1131455273937,8266.853185535014,140,0.497881987997971
early_optical_clear_probe,1577852953,10,3,10,1.0,True,856.5710416852787,8565.710416852788,5306.710416852786,26533.552084263938,2705.0,541,513,0.9482439926062847,28,0,504,10,10,10,1,1,1356.9729746444357,6378.936642943795,2093.067737666548,7680.322080872536,158,0.5015850859999773
early_optical_clear_probe,2124414239,15,8,15,1.0,True,564.274103595001,8464.111553925015,5629.111553925015,28145.557769625088,2330.0,466,430,0.9227467811158798,36,0,430,15,15,15,8,8,2028.2383171842635,7715.118343572388,506.87040311762416,8464.111553925015,40,0.5221992680017138
early_optical_clear_probe,2736769656,15,7,15,1.0,True,525.089638421065,7876.344576315976,5340.344576315976,26701.722881579888,2080.0,416,370,0.8894230769230769,46,0,381,15,15,15,4,4,1477.5886214665884,3939.6844937352585,1302.361580382468,7876.344576315976,98,0.5401308539949241
early_optical_clear_probe,1082614053,12,10,12,1.0,True,790.4655318736069,9485.586382483283,6258.5863824832795,31292.931912416407,2670.0,534,496,0.9288389513108615,38,0,497,12,12,12,10,10,2687.1474342441165,6925.42094508741,1579.0394488119464,9485.586382483283,119,0.5427738090002094
early_optical_clear_probe,1483449142,13,8,13,1.0,True,656.1342886336445,8529.745752237379,5608.745752237379,28043.728761186907,2410.0,482,443,0.9190871369294605,39,0,446,13,13,13,6,6,1316.0146810260246,3288.257809794023,1261.1936019431312,7899.5908601755145,98,0.6119512930017663
early_optical_clear_probe,2219826864,12,6,12,1.0,True,700.8689556100256,8410.427467320307,5368.427467320308,26842.13733660155,2515.0,503,469,0.9324055666003976,34,0,467,12,12,12,5,5,2470.9224839271933,6357.730786825993,2047.4822556168856,8142.6268023750445,152,0.5380646949997754
early_optical_clear_probe,3276545060,14,5,14,1.0,True,581.6377493640617,8142.928491096864,5923.928491096864,29619.642455484325,1815.0,363,315,0.8677685950413223,48,0,328,16,16,14,3,3,496.0446985776827,2086.577037929652,504.0698029186776,8142.928491096864,40,0.8080960930019501
early_optical_clear_probe,3825719826,13,4,13,1.0,True,625.8468290986768,8136.0087782827995,5593.0087782827995,27965.04389141401,2095.0,419,383,0.9140811455847255,36,0,383,13,13,13,3,3,1452.3520322785296,4970.9563636878,1241.326830916359,6634.529753989243,94,0.5521306600057869
early_optical_clear_probe,2061886220,13,10,13,1.0,True,676.5027458750744,8794.535696375968,6010.535696375966,30052.678481879844,2295.0,459,423,0.9215686274509803,36,0,424,13,13,13,6,6,1806.716983801632,8473.646392161167,425.98836618976486,8794.535696375968,40,0.7551251859986223
early_optical_clear_probe,3565323953,16,9,16,1.0,True,486.4383240782862,7783.013185252579,5238.013185252581,26190.065926262905,2075.0,415,368,0.8867469879518072,47,0,387,17,17,16,8,8,2427.407218601614,6139.322169980298,2366.7674830437086,7783.013185252579,173,0.6024160870001651
early_optical_clear_probe,3871308587,16,10,16,1.0,True,525.7513429357937,8412.021486972699,5728.021486972699,28640.107434863512,2200.0,440,396,0.9,44,0,404,16,16,16,8,8,2681.199035667388,7259.596381187098,719.9427678414708,8412.021486972699,60,0.5992304809988127
early_optical_clear_probe,1001892889,12,8,12,1.0,True,751.468986098981,9017.627833187771,6070.62783318777,30353.139165938854,2435.0,487,452,0.9281314168377823,35,0,452,12,12,12,8,8,1596.6512176831836,5612.666481627948,528.2836019009733,9017.627833187771,40,0.5111672400016687
early_optical_clear_probe,878439278,16,9,16,1.0,True,490.3555579310723,7845.688926897157,5242.688926897156,26213.444634485782,2125.0,425,370,0.8705882352941177,55,0,395,17,17,16,10,10,2017.1688410724923,6408.576848152929,1613.7318862263323,7845.688926897157,117,0.4612817619999987
early_optical_clear_probe,3670313013,10,3,10,1.0,True,853.5976601712479,8535.976601712478,5411.976601712482,27059.88300856241,2590.0,518,486,0.9382239382239382,32,0,481,11,11,10,2,2,1264.284484982496,4887.414949941653,1554.2193746465662,8364.65945253098,118,0.5269404250066145
early_optical_clear_probe,2038747646,16,10,16,1.0,True,538.154639318506,8610.474229096097,6162.474229096098,30812.37114548049,2000.0,400,343,0.8575,57,0,365,17,17,16,14,14,1644.186360221398,7250.191843381601,1573.047920372273,8610.474229096097,119,0.6090214630021364
early_optical_clear_probe,1518146053,14,6,14,1.0,True,617.2412357514565,8641.377300520391,5662.37730052039,28311.886502601967,2455.0,491,453,0.9226069246435845,38,0,454,14,14,14,1,1,2544.62865847099,7599.615969617539,2320.6956480039244,7928.8176686121715,173,0.5362734920054208
early_optical_clear_probe,1262510885,11,3,11,1.0,True,770.652398438744,8477.176382826183,5291.176382826181,26455.881914130918,2640.0,528,502,0.9507575757575758,26,0,491,11,11,11,2,2,1781.0668512212774,6882.186487666821,493.6069550167632,8056.041718617157,40,0.5224207609935547
early_optical_clear_probe,3286611596,12,6,12,1.0,True,686.0754648652779,8232.905578383336,5382.905578383338,26914.527891916703,2355.0,471,436,0.9256900212314225,35,0,435,12,12,12,4,4,1835.0594645786284,6412.573804774198,779.9630941775514,7107.996221651489,60,0.5419667979949736
early_optical_clear_probe,666532949,11,6,11,1.0,True,798.0699181011195,8778.769099112315,5852.769099112312,29263.845495561563,2420.0,484,450,0.9297520661157025,34,0,448,12,12,11,7,7,1895.6731281383516,5495.014947215259,697.2316104388887,6910.880213448933,60,0.5886742229995434
early_optical_clear_probe,3457857321,14,8,14,1.0,True,645.8573836738332,9042.003371433664,6256.003371433663,31280.016857168324,2290.0,458,414,0.9039301310043668,44,0,420,16,16,14,8,8,1760.955477683817,7056.96394431053,507.0985291290688,9042.003371433664,40,0.7771979559984175
early_optical_clear_probe,294810825,12,4,12,1.0,True,696.1066319951761,8353.279583942114,5701.279583942113,28506.397919710576,2190.0,438,403,0.9200913242009132,35,0,402,12,12,12,5,5,1019.0507185952882,4014.1953362724266,672.9210658080136,6481.550602759704,58,0.7589562610010034
early_optical_clear_probe,672402308,16,9,16,1.0,True,570.688332229908,9131.013315678529,6180.01331567853,30900.066578392652,2420.0,484,435,0.8987603305785123,49,0,448,17,17,16,11,11,1748.2357975236707,5682.581825185514,464.1217401300529,9131.013315678529,40,0.518085504998453
early_optical_clear_probe,2606754087,12,1,12,1.0,True,698.2730525151975,8379.27663018237,5533.276630182371,27666.383150911857,2350.0,470,432,0.9191489361702128,38,0,433,13,13,12,2,2,1657.9190063232807,5451.619019729016,428.1853075315932,8379.27663018237,40,0.6410854089990607
early_optical_clear_probe,439453007,16,6,16,1.0,True,477.17152521594153,7634.7444034550645,5739.744403455065,28698.722017275333,1540.0,308,262,0.8506493506493507,46,0,275,16,16,16,6,6,1105.5072281726284,5696.209104053294,423.8805949783615,7634.7444034550645,40,0.7015497749962378
early_optical_clear_probe,3880268419,11,6,11,1.0,True,764.3688174073137,8408.056991480451,5390.056991480454,26950.28495740228,2500.0,500,471,0.942,29,0,463,11,11,11,3,3,2815.2870228866823,7667.400604357833,523.0387429507091,8408.056991480451,40,0.5261766510011512
early_optical_clear_probe,3431368105,16,7,16,1.0,True,379.2396242108975,6067.83398737436,4319.833987374361,21599.169936871804,1400.0,280,230,0.8214285714285714,50,0,265,17,17,16,4,4,1419.1311089424937,4398.752478452953,1050.4876301344063,6067.83398737436,79,0.7151326120001613
early_optical_clear_probe,739128230,12,10,12,1.0,True,740.3707097874825,8884.44851744979,6114.44851744979,30572.242587248962,2285.0,457,420,0.9190371991247265,37,0,419,14,14,12,11,11,1534.933800824041,7046.7221688925765,444.6666761202909,8884.44851744979,40,0.7064548479975201
early_optical_clear_probe,1206525153,15,7,15,1.0,True,519.2962221880662,7789.4433328209925,5344.4433328209925,26722.216664104966,2005.0,401,355,0.885286783042394,46,0,365,15,15,15,6,6,1358.3735172044485,4087.97365190313,698.665662861141,7789.4433328209925,60,0.5589254149963381
early_optical_clear_probe,451561327,11,3,11,1.0,True,752.4544490387401,8276.998939426141,5318.998939426141,26594.994697130714,2450.0,490,455,0.9285714285714286,35,0,453,11,11,11,3,3,1558.3664834769609,6458.255411704314,432.90317288167427,8223.998939426141,40,0.7151160490029724
early_optical_clear_probe,960904269,11,5,11,1.0,True,802.3495806371066,8825.845387008172,5759.845387008172,28799.226935040857,2540.0,508,476,0.937007874015748,32,0,471,11,11,11,7,7,1074.9355891865105,3724.424017583595,421.6439472247298,8825.845387008172,40,0.7056487939989893
early_optical_clear_probe,1753982191,13,5,13,1.0,True,591.2665220945827,7686.4647872295745,5071.464787229575,25357.323936147885,2155.0,431,390,0.9048723897911833,41,0,395,13,13,13,5,5,555.249951033259,2833.976205209732,491.88141041202687,7686.4647872295745,40,0.555223429997568
early_optical_clear_probe,3758801925,15,8,15,1.0,True,516.0090475439823,7740.135713159734,5484.135713159735,27420.67856579868,1845.0,369,330,0.8943089430894309,39,0,336,15,15,15,5,5,1005.6629935333984,3780.63011717969,443.26142067481527,7130.677693852003,40,0.5959738149977056
early_optical_clear_probe,1409011021,14,4,14,1.0,True,601.4775092028065,8420.68512883929,5753.685128839292,28768.425644196468,2195.0,439,401,0.9134396355353075,38,0,402,14,14,14,0,0,2872.1449872645685,8183.503007293951,700.4582989392784,8420.68512883929,60,0.6609594480032683
early_optical_clear_probe,3198306603,15,4,15,1.0,True,494.7197078172055,7420.7956172580825,5278.795617258081,26393.978086290415,1750.0,350,309,0.8828571428571429,41,0,314,16,16,15,3,3,1136.2423862209112,4781.959746724953,485.86069872495364,5873.324853444951,40,0.6413706710009137
early_optical_clear_probe,2976314221,12,5,12,1.0,True,749.6463650950883,8995.75638114106,5660.7563811410555,28303.781905705284,2760.0,552,517,0.9365942028985508,35,0,515,12,12,12,6,6,3043.8843786233397,8083.062460340375,2602.6018594567613,8995.75638114106,198,0.48076799800037406
early_optical_clear_probe,974310723,13,4,13,1.0,True,612.1703637262657,7958.214728441454,5241.214728441455,26206.073642207284,2240.0,448,407,0.9084821428571429,41,0,412,13,13,13,2,2,1728.5083673952126,4392.632503499846,1531.9453478486084,7585.117548156006,109,0.5391795050018118
early_optical_clear_probe,2261600761,13,7,13,1.0,True,634.4273532075779,8247.555591698512,5516.555591698513,27582.777958492567,2245.0,449,404,0.8997772828507795,45,0,412,16,16,13,7,7,783.2795025262035,3659.0042636568214,498.42074187017954,8247.555591698512,40,0.5203094220050843
early_optical_clear_probe,14515027,15,8,15,1.0,True,531.4031499745772,7971.047249618658,5451.047249618658,27255.236248093293,2065.0,413,375,0.9079903147699758,38,0,380,15,15,15,5,5,1837.8355422658603,7244.319089871788,492.3987801277537,7642.224127516675,40,0.5140089859996806
early_optical_clear_probe,4104840245,12,8,12,1.0,True,701.4462054629452,8417.354465555341,5489.35446555534,27446.77232777671,2420.0,484,445,0.9194214876033058,39,0,448,12,12,12,5,5,1716.3169430874984,4976.928966509215,2021.7442620442466,6652.183547836936,153,0.5568717999994988
early_optical_clear_probe,469637335,16,9,16,1.0,True,473.02950612421654,7568.472097987465,5241.4720979874655,26207.36048993733,1895.0,379,331,0.8733509234828496,48,0,349,17,17,16,6,6,1712.006783300727,5544.266657872993,689.4986398698871,7568.472097987465,60,0.5925966130016604
early_optical_clear_probe,3983398766,12,8,12,1.0,True,722.04635811574,8664.55629738888,5483.55629738888,27417.781486944405,2630.0,526,493,0.9372623574144486,33,0,491,12,12,12,6,6,2736.6790286862692,6745.948292563656,520.2956873483647,8289.158278678176,40,0.4412537509997492
early_optical_clear_probe,102725116,11,5,11,1.0,True,830.1344969071052,9131.479465978158,5803.479465978156,29017.39732989079,2760.0,552,522,0.9456521739130435,30,0,513,11,11,11,4,4,1774.159285566453,5758.625016504358,1247.2981058113073,9131.479465978158,97,0.5160441620027996
early_optical_clear_probe,859799174,14,8,14,1.0,True,585.0191727129874,8190.268417981823,5630.268417981824,28151.342089909132,2105.0,421,377,0.8954869358669834,44,0,385,14,14,14,5,5,2147.0964397267267,6456.323159189651,459.7401752161418,7988.095869097929,40,0.5761783749985625
early_optical_clear_probe,1257817186,16,12,16,1.0,True,590.716984140997,9451.471746255953,6446.4717462559565,32232.35873127979,2465.0,493,449,0.9107505070993914,44,0,457,17,17,16,9,9,2419.0016338484274,6273.88458024721,477.01510081968786,9451.471746255953,40,0.4888973380002426
early_optical_clear_probe,4036504695,12,8,12,1.0,True,706.4011248618577,8476.813498342293,5566.813498342292,27834.067491711474,2405.0,481,448,0.9313929313929314,33,0,445,12,12,12,9,9,1774.4897554326146,6090.99060454865,1823.6123625492012,8037.5598665871685,129,0.5321617139998125
early_optical_clear_probe,396187017,15,6,15,1.0,True,479.84200942187846,7197.630141328177,5527.630141328177,27638.150706640907,1355.0,271,230,0.8487084870848709,41,0,237,16,16,15,2,2,527.3402997657307,2322.827698189261,428.9760067485466,7197.630141328177,40,0.9325106050018803
early_optical_clear_probe,582370081,10,7,10,1.0,True,884.3730539153303,8843.730539153303,5475.730539153304,27378.652695766526,2795.0,559,531,0.9499105545617174,28,0,523,10,10,10,4,4,2900.216325588023,6104.040444097152,1268.3971793256896,8534.69167587403,99,0.48740447199816117
early_optical_clear_probe,2715306025,14,8,14,1.0,True,598.3931594919558,8377.50423288738,5332.504232887384,26662.521164436923,2510.0,502,456,0.9083665338645418,46,0,465,14,14,14,7,7,2009.9913337577073,7308.581595390435,1972.5912331777809,8377.50423288738,145,0.5062905989980209
early_optical_clear_probe,4211143067,13,7,13,1.0,True,638.6661972510393,8302.660564263511,5498.660564263512,27493.302821317586,2310.0,462,424,0.9177489177489178,38,0,426,14,14,13,3,3,1555.6007142468047,5406.050271139084,2332.0630678802904,8302.660564263511,176,0.5730309540012968
early_optical_clear_probe,88911881,11,4,11,1.0,True,802.5164594228587,8827.681053651446,5896.681053651445,29483.405268257233,2425.0,485,450,0.9278350515463918,35,0,448,12,12,11,4,4,1051.7059514039042,3322.3355069329336,1543.7605699729334,8598.259240362415,120,0.7528288969988353
early_optical_clear_probe,1096622750,16,9,16,1.0,True,371.0377043347929,5936.603269356687,4418.603269356688,22093.016346783446,1215.0,243,195,0.8024691358024691,48,0,220,17,17,16,7,7,1027.398881626827,4892.386478955828,529.6240174084887,5936.603269356687,40,1.0078543899944634
early_optical_clear_probe,2679819432,12,6,12,1.0,True,744.9029778761379,8938.835734513656,6141.835734513656,30709.17867256829,2305.0,461,423,0.9175704989154013,38,0,426,14,14,12,4,4,2389.7179803197946,5959.895668458044,3194.8979077673375,8728.717143804817,224,0.6792947930007358
early_optical_clear_probe,965082847,14,6,14,1.0,True,536.2759059820077,7507.862683748107,5179.86268374811,25899.31341874056,1910.0,382,332,0.8691099476439791,50,0,345,15,15,14,2,2,1461.3587444768261,4549.779645021838,513.9205368048108,7472.862683748107,40,0.6202580609970028
early_optical_clear_probe,3602028616,15,10,15,1.0,True,612.4257281151325,9186.385921726987,6383.385921726987,31916.92960863495,2300.0,460,416,0.9043478260869565,44,0,425,16,16,15,7,7,2032.7349998160814,7809.223744199347,521.8159264178234,9186.385921726987,40,0.6033115460013505
early_optical_clear_probe,83422451,16,8,16,1.0,True,545.350954410236,8725.615270563776,5582.615270563776,27913.076352818884,2580.0,516,464,0.8992248062015504,52,0,480,17,17,16,6,6,2807.8538245502823,7250.851521339678,2815.6466468853646,8725.615270563776,213,0.45253261000470957
early_optical_clear_probe,1861648421,14,3,14,1.0,True,596.1889389063211,8346.645144688497,5846.645144688498,29233.2257234425,2050.0,410,363,0.8853658536585366,47,0,374,16,16,14,3,3,1345.8276553221247,5819.258097979672,726.7006310138391,6517.118233750543,60,0.7190229019979597
early_optical_clear_probe,2477586719,14,6,14,1.0,True,596.6683088690561,8353.356324166785,5563.356324166786,27816.781620833943,2295.0,459,414,0.9019607843137255,45,0,422,15,15,14,4,4,2051.609189811893,7672.409802372515,1257.3892152263645,8318.356324166785,96,0.6560292310023215
early_optical_clear_probe,3480817950,14,8,14,1.0,True,668.9636027845665,9365.490438983932,6544.490438983929,32722.452194919657,2325.0,465,422,0.9075268817204301,43,0,426,14,14,14,7,7,1010.9342973331219,3030.4225122376847,772.290310110831,9365.490438983932,60,0.6392552570032421
early_optical_clear_probe,3857108021,13,7,13,1.0,True,597.8612549395326,7772.196314213924,5247.196314213923,26235.981571069635,2080.0,416,377,0.90625,39,0,380,13,13,13,5,5,1518.6639862112293,5558.265971661482,670.7455818333981,6799.197192863795,60,0.6547449619974941
early_optical_clear_probe,458652030,10,4,10,1.0,True,831.4833949926578,8314.833949926578,5341.8339499265785,26709.169749632892,2465.0,493,462,0.9371196754563894,31,0,458,10,10,10,4,4,735.7397715185043,2475.4178905954077,745.5619339942273,8255.833949926578,60,0.4996430829996825
early_optical_clear_probe,2265990295,10,5,10,1.0,True,830.5274924257467,8305.274924257466,5249.2749242574655,26246.374621287338,2535.0,507,482,0.9506903353057199,25,0,471,10,10,10,2,2,2187.5432365745733,6677.062526476565,505.3278848447987,8246.274924257466,40,0.4548760530014988
early_optical_clear_probe,1396509736,12,8,12,1.0,True,728.4446390671834,8741.335668806201,5904.335668806204,29521.678344031025,2345.0,469,431,0.9189765458422174,38,0,432,12,12,12,8,8,1257.4428799179657,5194.690136875155,539.1782528838141,8741.335668806201,40,0.5456120609960635
early_optical_clear_probe,3633744335,10,6,10,1.0,True,915.2939095235213,9152.939095235213,6168.939095235209,30844.69547617606,2475.0,495,463,0.9353535353535354,32,0,459,10,10,10,7,7,2096.9883330729617,6628.0796143064545,766.5788569474621,7934.059004684963,60,0.5693304460000945
early_optical_clear_probe,4048467439,15,7,15,1.0,True,505.3183331582801,7579.774997374201,5525.774997374203,27628.874986871026,1680.0,336,296,0.8809523809523809,40,0,299,15,15,15,5,5,982.5077742008119,4969.439051333339,421.7737397116876,7579.774997374201,40,0.5787849300031667
early_optical_clear_probe,898580874,13,5,13,1.0,True,615.3319724387989,7999.315641704385,5365.315641704386,26826.578208521943,2170.0,434,400,0.9216589861751152,34,0,399,13,13,13,3,3,1737.518114687864,4359.257953592267,458.53331692539876,7747.381788631418,40,0.583616661002452
early_optical_clear_probe,855648039,16,8,16,1.0,True,513.6416791183152,8218.266865893043,5949.266865893044,29746.334329465233,1850.0,370,321,0.8675675675675676,49,0,339,16,16,16,5,5,1235.1458982200054,5870.616645053959,765.1277996049398,8218.266865893043,58,0.5872883569973055
early_optical_clear_probe,163361493,16,9,16,1.0,True,523.4768666496416,8375.629866394265,5826.629866394263,29133.14933197133,2085.0,417,365,0.8752997601918465,52,0,381,17,17,16,6,6,2292.966813249931,7322.614453170874,1498.0636091681629,8375.629866394265,116,0.579566975000489
early_optical_clear_probe,3932641401,14,8,14,1.0,True,582.4060732241701,8153.685025138381,5515.685025138382,27578.42512569192,2170.0,434,388,0.8940092165898618,46,0,398,14,14,14,7,7,1276.6666247521055,4159.776780319858,459.70998682144227,7835.392421606271,40,0.5365146240001195
early_optical_clear_probe,2560624896,11,4,11,1.0,True,851.4084480119465,9365.49292813141,6072.492928131406,30362.464640657043,2725.0,545,510,0.9357798165137615,35,0,510,12,12,11,3,3,2903.7291139467793,6513.0704473321575,777.3607965988955,9365.49292813141,60,0.5211147139998502
early_optical_clear_probe,2233740984,16,8,16,1.0,True,382.23179656006164,6115.708744960986,4496.708744960986,22483.543724804935,1305.0,261,211,0.8084291187739464,50,0,234,16,16,16,6,6,869.9682136698578,2865.5382249888007,413.55569181905696,6115.708744960986,40,0.7285105050032143
early_optical_clear_probe,354800867,10,5,10,1.0,True,858.9117913189708,8589.117913189708,5354.11791318971,26770.589565948554,2685.0,537,505,0.9404096834264432,32,0,500,10,10,10,4,4,2034.9025826988786,7738.865625181975,698.0264280822944,8589.117913189708,60,0.46549965900339885
early_optical_clear_probe,4039000931,14,4,14,1.0,True,555.1636362122043,7772.29090697086,5243.290906970861,26216.454534854307,2075.0,415,372,0.8963855421686747,43,0,381,15,15,14,3,3,1819.6583142074335,3805.7647686414507,504.47207325559646,7772.29090697086,40,0.5087912669987418
early_optical_clear_probe,3399332208,15,8,15,1.0,True,549.0171912109308,8235.257868163962,5747.257868163963,28736.289340819836,2035.0,407,361,0.8869778869778869,46,0,372,17,17,15,5,5,2074.568672835829,5988.118102936813,698.3750624850909,8206.257868163962,59,0.743736986994918
early_optical_clear_probe,2389675850,12,7,12,1.0,True,705.5899681870675,8467.07961824481,5691.07961824481,28455.398091224062,2295.0,459,424,0.9237472766884531,35,0,421,12,12,12,5,5,1831.9513735478442,5909.933571658893,776.1402495975844,8467.07961824481,60,0.6009309419969213
early_optical_clear_probe,1390179628,13,4,13,1.0,True,587.3609597660142,7635.692476958184,5198.692476958185,25993.46238479093,2005.0,401,363,0.9052369077306733,38,0,367,13,13,13,3,3,1129.7733888030775,4815.805547116036,436.8319126419394,5754.692192207962,40,0.6361558569988119
early_optical_clear_probe,1411695783,16,11,16,1.0,True,566.0638305823206,9057.02128931713,6528.021289317131,32640.106446585658,2065.0,413,371,0.8983050847457628,42,0,378,18,18,16,8,8,2644.452931297664,7793.121607536409,423.43888991489524,9057.02128931713,40,0.6309601179964375
early_optical_clear_probe,999789793,16,5,16,1.0,True,483.7092969864013,7739.348751782421,5505.348751782422,27526.743758912115,1820.0,364,314,0.8626373626373627,50,0,331,17,17,16,4,4,1065.8666740432295,6597.792858524875,505.10325068613497,7739.348751782421,40,0.6189849099973799
early_optical_clear_probe,387022101,14,7,14,1.0,True,599.6406684610325,8394.969358454455,5810.969358454455,29054.846792272285,2125.0,425,381,0.8964705882352941,44,0,389,14,14,14,6,6,1612.289706087637,5918.633222264662,518.2479730824921,6835.563375458744,40,0.5787302240059944
early_optical_clear_probe,149657016,11,7,11,1.0,True,739.6727522893167,8136.400275182484,5351.4002751824855,26757.001375912434,2305.0,461,429,0.93058568329718,32,0,425,11,11,11,4,4,1311.6982734136295,5536.181313178069,725.3443383591974,7934.284842471521,59,0.5079866209998727
early_optical_clear_probe,1304290721,16,3,16,1.0,True,389.06282093831436,6225.00513501303,4737.005135013031,23685.02567506516,1195.0,239,195,0.8158995815899581,44,0,213,16,16,16,2,2,558.0411184149623,2204.093479509107,788.4548586088414,6225.00513501303,59,0.7811503250050009
early_optical_clear_probe,3364748953,13,6,13,1.0,True,652.1576142052653,8478.048984668449,5594.04898466845,27970.24492334226,2380.0,476,435,0.9138655462184874,41,0,439,13,13,13,6,6,2077.87836302344,4815.136174719611,771.1460688318685,8478.048984668449,60,0.5380039910014602
early_optical_clear_probe,2834461076,11,5,11,1.0,True,778.859142454115,8567.450566995265,5353.450566995264,26767.25283497633,2660.0,532,502,0.943609022556391,30,0,496,12,12,11,3,3,2845.1911334672973,6078.3101549739695,1849.0788452681822,8514.450566995265,140,0.47398116999829654
early_optical_clear_probe,589853005,11,7,11,1.0,True,761.0502456593154,8371.55270225247,5357.55270225247,26787.763511262365,2495.0,499,465,0.9318637274549099,34,0,464,11,11,11,4,4,2495.0113306783865,6087.412255538576,751.4172436569919,8168.680322259927,60,0.5137838779992308
early_optical_clear_probe,1575993600,13,10,13,1.0,True,644.0600859035845,8372.781116746599,5666.7811167466,28333.90558373301,2230.0,446,409,0.9170403587443946,37,0,411,13,13,13,4,4,1919.1930637288388,6031.667043550975,472.2864414792082,8372.781116746599,40,0.6606922119972296
early_optical_clear_probe,1564720648,11,5,11,1.0,True,748.8270966309075,8237.098062939982,5374.098062939982,26870.490314699917,2370.0,474,441,0.930379746835443,33,0,438,11,11,11,2,2,1545.1542299783775,3961.782644053238,447.62504706929303,8044.009117540529,40,0.5609362799950759
early_optical_clear_probe,826373606,12,6,12,1.0,True,680.3373219787275,8164.0478637447295,5284.047863744731,26420.23931872367,2380.0,476,444,0.9327731092436975,32,0,440,12,12,12,5,5,1807.104707391015,4964.617645743869,458.1261710078795,8022.202530336142,40,0.5539407169999322
early_optical_clear_probe,98664366,14,6,14,1.0,True,557.763082269054,7808.683151766757,5125.683151766759,25628.415758833802,2205.0,441,398,0.9024943310657596,43,0,408,14,14,14,4,4,1580.856511385588,4833.473778383087,515.1271606837155,7773.683151766757,40,0.49429771599534433
early_optical_clear_probe,2163744673,10,6,10,1.0,True,963.8264916769897,9638.264916769896,6338.264916769893,31691.324583849473,2740.0,548,521,0.9507299270072993,27,0,510,10,10,10,3,3,3454.596056341959,8329.832548547149,2083.698725639814,9638.264916769896,160,0.5408634589985013
early_optical_clear_probe,1582072602,15,8,15,1.0,True,506.29179189093514,7594.376878364027,5227.376878364027,26136.88439182015,1940.0,388,338,0.8711340206185567,50,0,352,15,15,15,6,6,1250.3685186390928,4525.767149037005,1281.6103162558024,7565.376878364027,99,0.6058953269966878
early_optical_clear_probe,4162208788,16,9,16,1.0,True,465.00659053642806,7440.105448582849,4993.105448582851,24965.527242914246,1995.0,399,352,0.8822055137844611,47,0,372,16,16,16,2,2,3080.553886730609,6145.344203074979,754.9778662921849,7440.105448582849,59,0.5318278380000265
early_optical_clear_probe,3790479586,15,6,15,1.0,True,561.73778992227,8426.06684883405,5721.0668488340525,28605.334244170277,2220.0,444,396,0.8918918918918919,48,0,407,16,16,15,6,6,1454.6302763312995,4752.712103886707,451.0675030589749,7967.158764040925,40,0.587612873998296
early_optical_clear_probe,2652655933,12,5,12,1.0,True,748.9851435502761,8987.821722603314,6064.821722603312,30324.108613016557,2410.0,482,444,0.921161825726141,38,0,447,14,14,12,3,3,1661.449901025634,7002.173964492903,1258.4776693517435,7763.321847013654,98,0.6239784630015492
early_optical_clear_probe,585029811,11,6,11,1.0,True,820.1879597157817,9022.067556873599,5858.067556873599,29290.337784368006,2620.0,524,492,0.9389312977099237,32,0,489,11,11,11,3,3,2372.7409250579726,7340.51742710898,1541.116219514977,8227.153239650426,118,0.5870925230046851
early_optical_clear_probe,496543563,16,5,16,1.0,True,482.8444922007907,7725.511875212651,5397.511875212651,26987.55937606326,1900.0,380,331,0.8710526315789474,49,0,348,16,16,16,6,6,881.4051152807787,4351.9723714664,486.84233389518454,7725.511875212651,40,0.707460033998359
early_optical_clear_probe,4217088351,12,4,12,1.0,True,730.4385716276266,8765.26285953152,5502.262859531525,27511.314297657627,2700.0,540,500,0.9259259259259259,40,0,503,12,12,12,5,5,2116.9870171840535,4937.26105155216,3080.6819989340565,8765.26285953152,230,0.4738458400024683
early_optical_clear_probe,3940169955,13,7,13,1.0,True,675.3151893093026,8779.097461020934,5853.0974610209305,29265.487305104663,2415.0,483,442,0.9151138716356108,41,0,446,13,13,13,4,4,1626.148220286878,6126.478765578834,483.5241679844233,8779.097461020934,40,0.49911240200162865
early_optical_clear_probe,140659059,11,5,11,1.0,True,836.1263320543086,9197.389652597394,5872.389652597389,29361.948262986945,2755.0,551,515,0.9346642468239564,36,0,515,11,11,11,5,5,1841.0222413901859,5841.364519819733,1537.7570317970426,9197.389652597394,119,0.47567821600387106
early_optical_clear_probe,1352580213,13,4,13,1.0,True,616.5585535173188,8015.261195725146,5327.261195725147,26636.30597862574,2215.0,443,405,0.9142212189616253,38,0,408,13,13,13,1,1,1889.8632728347548,5464.776817542743,1568.0415085754562,7664.427216166088,118,0.4903369920066325
early_optical_clear_probe,3880638940,16,7,16,1.0,True,473.2485732106959,7571.977171371134,5441.977171371134,27209.885856855683,1735.0,347,306,0.8818443804034583,41,0,315,16,16,16,2,2,1602.1430758869144,7147.604148125586,699.2315087643221,7571.977171371134,59,0.828264545998536
early_optical_clear_probe,3648588561,16,11,16,1.0,True,510.3614672948619,8165.78347671779,5678.783476717789,28393.917383588956,2030.0,406,358,0.8817733990147784,48,0,377,16,16,16,7,7,3034.024474034094,6506.622634428633,1026.2669859153707,8165.78347671779,80,0.6267765759985195
early_optical_clear_probe,3955522043,16,9,16,1.0,True,496.06515517082016,7937.042482733123,5387.042482733123,26935.21241366562,2080.0,416,366,0.8798076923076923,50,0,387,17,17,16,9,9,1203.2868771961723,6606.0673534956795,687.586532717657,7937.042482733123,60,0.6346869839981082
early_optical_clear_probe,3351369636,16,8,16,1.0,True,387.55019995816366,6200.803199330619,4303.8031993306195,21519.0159966531,1535.0,307,261,0.8501628664495114,46,0,282,16,16,16,4,4,1260.3447025833673,4995.531074454547,474.18206640627614,6200.803199330619,40,0.5564892129987129
early_optical_clear_probe,3598771157,16,6,16,1.0,True,473.9662750468138,7583.460400749021,5447.460400749021,27237.3020037451,1735.0,347,300,0.8645533141210374,47,0,315,18,18,16,6,6,879.7757459996647,4155.231753917121,689.6888366373639,7583.460400749021,58,0.7165113860028214
early_optical_clear_probe,1474993072,16,8,16,1.0,True,530.4524465821937,8487.2391453151,5495.239145315099,27476.195726575505,2455.0,491,446,0.9083503054989817,45,0,457,16,16,16,5,5,3579.106859652081,7307.669468944972,493.3770911650439,8487.2391453151,40,0.4869104320023325
early_optical_clear_probe,1245043224,13,5,13,1.0,True,645.205816163778,8387.675610129114,5208.675610129111,26043.378050645573,2625.0,525,483,0.92,42,0,489,13,13,13,4,4,2381.376707874634,5778.256412048682,741.0257215308897,7643.093503899047,60,0.45133352799894055
early_optical_clear_probe,2577964899,15,9,15,1.0,True,569.8296521771364,8547.444782657045,6307.444782657048,31537.22391328525,1830.0,366,323,0.8825136612021858,43,0,332,16,16,15,7,7,849.6840230356771,2326.8858809501326,479.6336394236272,8547.444782657045,40,0.7210506729970803
early_optical_clear_probe,2272753324,10,6,10,1.0,True,924.0899181679852,9240.899181679852,5864.899181679849,29324.495908399254,2800.0,560,532,0.95,28,0,526,10,10,10,2,2,3294.8461657310354,8342.094788094102,699.4569854144696,8851.484819564923,60,0.5497223120037233
early_optical_clear_probe,4121521587,15,8,15,1.0,True,510.3826393345869,7655.739590018803,5245.739590018805,26228.697950094025,1975.0,395,355,0.8987341772151899,40,0,360,15,15,15,7,7,1503.8552946131135,4805.2784928017945,765.1173305494589,7626.739590018803,60,0.6020646199976909
early_optical_clear_probe,1020449674,11,6,11,1.0,True,791.4200184411343,8705.620202852477,5690.620202852479,28453.101014262393,2495.0,499,465,0.9318637274549099,34,0,462,12,12,11,8,8,1847.377534509197,6602.431497363615,771.1068136682201,8495.68397090078,59,0.5872104160007439
early_optical_clear_probe,2281713776,11,3,11,1.0,True,732.1517609813147,8053.669370794462,5178.669370794463,25893.34685397233,2380.0,476,443,0.930672268907563,33,0,440,11,11,11,1,1,2152.727098851808,5725.034999273649,438.2425320221581,7716.474391368635,40,0.48599274199659703
early_optical_clear_probe,730505712,16,9,16,1.0,True,501.685192645727,8026.963082331632,5667.963082331634,28339.81541165818,1930.0,386,339,0.8782383419689119,47,0,349,16,16,16,6,6,1298.7130378451648,5931.917038049793,521.841226651915,8026.963082331632,40,0.6201278069929685
early_optical_clear_probe,673034041,13,9,13,1.0,True,716.4229780685523,9313.49871489118,6138.498714891179,30692.493574455908,2620.0,524,485,0.9255725190839694,39,0,487,14,14,13,8,8,2299.91717161639,7783.453524227561,1275.7440896205312,9313.49871489118,99,0.4665506940000341
early_optical_clear_probe,603479998,12,6,12,1.0,True,700.9397838136615,8411.277405763938,5418.27740576394,27091.387028819707,2475.0,495,458,0.9252525252525252,37,0,458,12,12,12,7,7,2158.5895171434295,6376.232164163685,2081.0618541372423,8364.277405763938,157,0.5073257519979961
early_optical_clear_probe,522850634,11,4,11,1.0,True,803.0803310277229,8833.883641304952,5764.883641304953,28824.418206524777,2540.0,508,472,0.9291338582677166,36,0,471,12,12,11,3,3,2439.691003509776,7174.384101229411,511.8504389888815,8833.883641304952,40,0.5821071949976613
early_optical_clear_probe,960837536,16,8,16,1.0,True,515.1350094115646,8242.160150585034,5367.160150585032,26835.80075292516,2360.0,472,428,0.9067796610169492,44,0,435,16,16,16,4,4,3294.2887311347076,7466.733324331817,2555.5090258513715,8242.160150585034,188,0.46454390099825105
early_optical_clear_probe,2496007460,10,4,10,1.0,True,845.9317014415216,8459.317014415215,5395.317014415215,26976.58507207609,2540.0,508,476,0.937007874015748,32,0,471,11,11,10,2,2,1972.1480642221031,6135.254747393979,531.4123955877361,7909.629600154734,40,0.5278761840017978
early_optical_clear_probe,2787087414,14,6,14,1.0,True,655.231402955703,9173.239641379841,6444.239641379841,32221.19820689921,2245.0,449,406,0.9042316258351893,43,0,411,15,15,14,6,6,1746.646755569949,4110.791337709557,680.6247916450642,9173.239641379841,60,0.5978502040015883
early_optical_clear_probe,2001912821,16,9,16,1.0,True,487.48922466514165,7799.827594642266,5427.827594642269,27139.13797321135,1935.0,387,342,0.8837209302325582,45,0,357,16,16,16,7,7,2325.1756595874253,7095.491410694659,1463.63519935437,7799.827594642266,113,0.6370849070008262
early_optical_clear_probe,3647967438,16,9,16,1.0,True,481.35036387440505,7701.605821990481,5459.605821990481,27298.02910995241,1825.0,365,319,0.873972602739726,46,0,337,16,16,16,5,5,2060.2943687220695,7272.858075337604,455.60390169301843,7701.605821990481,40,0.6285484839972924
early_optical_clear_probe,1932023919,10,6,10,1.0,True,851.4155341930889,8514.15534193089,5464.155341930888,27320.776709654452,2530.0,506,479,0.9466403162055336,27,0,470,10,10,10,6,6,1758.0195031020307,5311.759075712007,438.8496035058207,7283.583866166022,40,0.5692793720008922
early_optical_clear_probe,2147388674,13,7,13,1.0,True,623.3769526724946,8103.900384742429,5356.900384742429,26784.50192371216,2265.0,453,418,0.9227373068432672,35,0,417,13,13,13,6,6,1336.0080210827437,4211.145764141615,706.8189637439917,8103.900384742429,60,0.6021452200002386
early_optical_clear_probe,1710315408,10,5,10,1.0,True,875.6455132188254,8756.455132188254,5922.455132188252,29612.27566094128,2345.0,469,442,0.9424307036247335,27,0,433,12,12,10,4,4,1051.8473588498587,4465.6183971246455,752.3213125971066,8756.455132188254,58,0.6569831469969358
early_optical_clear_probe,459264708,12,8,12,1.0,True,724.5417913214757,8694.501495857709,5485.501495857708,27427.507479288546,2655.0,531,493,0.928436911487759,38,0,494,12,12,12,8,8,1900.2256031168945,6274.832634774246,792.6326925098032,8456.872169187274,60,0.5189510349955526
early_optical_clear_probe,2933039401,16,8,16,1.0,True,471.28286013750386,7540.525762200062,5580.525762200063,27902.628811000322,1595.0,319,270,0.8463949843260188,49,0,285,16,16,16,7,7,1001.7649179879194,3340.141786141914,435.10765016292527,7292.191143497775,40,0.7772519970021676
early_optical_clear_probe,3980581437,13,9,13,1.0,True,647.5061207009725,8417.579569112642,5669.579569112642,28347.897845563224,2265.0,453,422,0.9315673289183223,31,0,415,14,14,13,7,7,1621.3971315451663,6659.3103022634605,1173.1375797632247,8417.579569112642,92,0.6929669140008627
early_optical_clear_probe,3001837759,12,7,12,1.0,True,732.4468474130505,8789.362168956606,5663.362168956605,28316.810844783027,2585.0,517,484,0.9361702127659575,33,0,481,12,12,12,9,9,2618.033460989756,5260.861977426255,711.1257321209316,7987.6643679915005,60,0.5009161009948002
early_optical_clear_probe,1606236808,10,4,10,1.0,True,899.1624818408945,8991.624818408945,5552.624818408947,27763.124092044745,2855.0,571,542,0.9492119089316988,29,0,534,10,10,10,5,5,3060.1809531061294,6842.144798884229,1875.778209566537,8466.266109112534,140,0.46887852899817517
early_optical_clear_probe,3038006820,13,6,13,1.0,True,651.8933671767774,8474.613773298106,5897.613773298105,29488.068866490543,2120.0,424,387,0.9127358490566038,37,0,389,14,14,13,4,4,1712.5794266381015,5417.390938262705,415.2213982120755,7911.631817528825,40,0.7240739159969962
early_optical_clear_probe,88443010,15,7,15,1.0,True,582.4504809314495,8736.757213971743,6146.757213971742,30733.78606985872,2120.0,424,370,0.8726415094339622,54,0,386,18,18,15,5,5,936.6935909958232,6603.717882302524,513.1160262155602,8736.757213971743,40,0.7226948989991797
early_optical_clear_probe,3174170754,12,9,12,1.0,True,721.6013457899111,8659.216149478932,5695.216149478932,28476.080747394677,2450.0,490,456,0.9306122448979591,34,0,454,12,12,12,7,7,2026.6972747479433,5366.544071612298,1027.382006103452,8659.216149478932,80,0.6292124469982809
early_optical_clear_probe,43094182,13,6,13,1.0,True,693.1261792851298,9010.640330706687,6264.640330706689,31323.201653533448,2260.0,452,415,0.918141592920354,37,0,415,15,15,13,6,6,1061.9839841422165,7055.937885422506,401.4665724917116,9010.640330706687,40,0.6755473690063809
early_optical_clear_probe,1870597805,10,6,10,1.0,True,877.674126081168,8776.74126081168,5871.741260811678,29358.706304058403,2410.0,482,454,0.941908713692946,28,0,445,10,10,10,2,2,2044.0400863003292,7111.635444402548,680.6285675788198,7484.1011580444465,60,0.6528511520009488
early_optical_clear_probe,1967628686,15,7,15,1.0,True,632.431374126263,9486.470611893945,6764.470611893945,33822.353059469744,2235.0,447,396,0.8859060402684564,51,0,412,15,15,15,8,8,1351.7228177377467,6524.284309995015,761.9374514243393,9486.470611893945,60,0.6644295109945233
early_optical_clear_probe,3205452431,16,7,16,1.0,True,526.598049654693,8425.568794475088,6051.568794475085,30257.843972375438,1940.0,388,338,0.8711340206185567,50,0,354,16,16,16,6,6,2244.241278422284,6995.303171915204,536.1760410167282,8425.568794475088,40,0.7384654690031311
early_optical_clear_probe,1592916702,10,2,10,1.0,True,841.4525209648943,8414.525209648944,5491.525209648944,27457.626048244732,2425.0,485,451,0.9298969072164949,34,0,448,10,10,10,2,2,967.0517506723893,3553.898075325926,1029.461042971779,8355.525209648944,80,0.5686686530025327
early_optical_clear_probe,1005394437,11,6,11,1.0,True,748.9433357343243,8238.376693077567,5548.376693077566,27741.883465387844,2225.0,445,412,0.9258426966292135,33,0,410,11,11,11,6,6,793.9349760537351,3714.8796536203017,503.1938238061491,8009.3978664686665,40,0.6909269200041308
early_optical_clear_probe,2963683993,12,5,12,1.0,True,685.751982991027,8229.023795892324,5679.023795892324,28395.118979461637,2105.0,421,380,0.9026128266033254,41,0,385,12,12,12,3,3,951.8406009909099,6552.990730897994,764.3350088780321,8229.023795892324,59,0.6652324179958669
early_optical_clear_probe,820553748,12,5,12,1.0,True,653.4101699658976,7840.9220395907705,5216.9220395907705,26084.61019795386,2165.0,433,398,0.9191685912240185,35,0,399,12,12,12,5,5,1269.2807566705856,6121.270396736147,1507.4672732331662,7840.9220395907705,111,0.5573012399981963
early_optical_clear_probe,2991975634,13,11,13,1.0,True,692.8767854457091,9007.398210794217,5864.3982107942165,29321.991053971095,2595.0,519,484,0.9325626204238922,35,0,483,13,13,13,8,8,2770.986233448064,7032.938377192498,1749.0271769166602,8776.478848104818,133,0.5416148069998599
early_optical_clear_probe,1489472769,13,6,13,1.0,True,655.9244771860306,8527.018203418398,5611.018203418398,28055.091017091992,2405.0,481,441,0.9168399168399168,40,0,446,13,13,13,5,5,1933.0876761848099,7115.227801670005,462.4610489705186,8311.992858248264,40,0.5089481139948475
early_optical_clear_probe,3553118230,13,9,13,1.0,True,707.5970881606393,9198.762146088311,6042.762146088307,30213.810730441557,2605.0,521,476,0.9136276391554703,45,0,486,13,13,13,11,11,2199.4199704064913,6979.271926277408,713.7655637663955,9198.762146088311,60,0.6241043879999779
early_optical_clear_probe,2611418089,10,5,10,1.0,True,902.036228247134,9020.36228247134,5680.362282471341,28401.811412356725,2770.0,554,522,0.9422382671480144,32,0,517,11,11,10,5,5,1479.5216723442866,6469.769595266499,1817.0702586452765,9020.36228247134,139,0.5207422870007576
early_optical_clear_probe,1637746802,16,10,16,1.0,True,480.8293483064317,7693.269572902907,5519.269572902907,27596.347864514548,1775.0,355,313,0.8816901408450705,42,0,319,16,16,16,4,4,1583.1783304128326,6420.4399006983485,1003.8011598398842,7693.269572902907,78,0.6296395889949054
early_optical_clear_probe,1918911425,13,6,13,1.0,True,630.7517350214148,8199.772555278392,5444.772555278395,27223.862776391983,2270.0,454,412,0.9074889867841409,42,0,417,14,14,13,5,5,1311.1929819093955,5744.317434006912,1333.3294924134254,7299.212707500936,94,0.6461221629942884
early_optical_clear_probe,3942806849,10,3,10,1.0,True,863.8426112897371,8638.42611289737,5444.4261128973685,27222.13056448685,2650.0,530,499,0.9415094339622642,31,0,494,10,10,10,1,1,2359.496574922667,6190.168202770132,516.215712709662,8638.42611289737,40,0.5188565220014425
early_optical_clear_probe,1322138076,16,7,16,1.0,True,503.01547529311284,8048.2476046898055,5774.247604689805,28871.23802344903,1855.0,371,329,0.8867924528301887,42,0,339,16,16,16,5,5,1892.0398826158842,5775.749645241504,689.8545796511588,8048.2476046898055,60,0.7634548970017931
early_optical_clear_probe,4086535037,10,4,10,1.0,True,861.6051084667612,8616.051084667612,5461.0510846676125,27305.25542333807,2615.0,523,496,0.9483747609942639,27,0,487,11,11,10,5,5,1047.5936076249318,5928.936076249318,2055.9920830727597,8557.051084667612,156,0.4984078880006564
early_optical_clear_probe,2716888613,12,7,12,1.0,True,727.1277702729043,8725.533243274851,5744.53324327485,28722.666216374255,2460.0,492,454,0.9227642276422764,38,0,458,13,13,12,5,5,2157.631961132031,8063.747522071182,1516.344137046307,8725.533243274851,115,0.5474687449968769
early_optical_clear_probe,2098076071,14,4,14,1.0,True,547.4178020316547,7663.849228443165,5048.849228443166,25244.246142215845,2150.0,430,387,0.9,43,0,395,14,14,14,2,2,1148.2268225701694,3951.0938789955926,737.5434322217967,7462.8102391340635,60,0.5151592479960527
early_optical_clear_probe,4186607598,12,4,12,1.0,True,685.2572085985613,8223.086503182736,5199.086503182736,25995.432515913686,2500.0,500,463,0.926,37,0,464,12,12,12,4,4,2055.680384019985,5475.432262804392,431.9044917766514,8081.4767467099355,40,0.5558274510040064
early_optical_clear_probe,246219809,12,7,12,1.0,True,651.4772690960431,7817.727229152517,5189.727229152518,25948.636145762597,2170.0,434,399,0.9193548387096774,35,0,398,12,12,12,4,4,1249.6959198087281,6996.586118134403,1260.147000633826,7817.727229152517,93,0.5487117829979979
early_optical_clear_probe,2337653452,13,4,13,1.0,True,616.297975454195,8011.873680904535,5203.873680904537,26019.368404522687,2315.0,463,423,0.9136069114470843,40,0,428,13,13,13,3,3,1445.2100298915925,5375.16778678714,491.6037076520856,7885.3276523547265,40,0.5487362389976624
early_optical_clear_probe,1037480247,11,9,11,1.0,True,795.3506357038353,8748.856992742189,5658.856992742188,28294.284963710943,2560.0,512,483,0.943359375,29,0,475,11,11,11,8,8,1717.8095163545165,5744.550847658179,2363.3511337415925,8210.915444054433,174,0.5066015420015901
early_optical_clear_probe,4050169738,14,7,14,1.0,True,572.002222999103,8008.031121987442,5594.031121987442,27970.155609937232,1980.0,396,361,0.9116161616161617,35,0,361,15,15,14,3,3,1402.1273195551678,7107.69255256918,427.3297187552858,7400.870177146513,40,0.7009371250023833
early_optical_clear_probe,706897305,15,6,15,1.0,True,560.022592447242,8400.33888670863,5647.338886708631,28236.69443354316,2260.0,452,408,0.9026548672566371,44,0,418,15,15,15,5,5,1927.941534952816,7402.9144168438315,2771.05667934464,8270.052267841389,195,0.5972000339970691
early_optical_clear_probe,1210796960,12,8,12,1.0,True,744.1854544857588,8930.225453829105,5779.2254538291,28896.127269145512,2605.0,521,483,0.927063339731286,38,0,486,12,12,12,9,9,2406.927872243848,7392.014838501745,2633.0781326953424,8930.225453829105,200,0.5066308620007476
early_optical_clear_probe,1249589017,11,5,11,1.0,True,789.163391661898,8680.797308280878,5742.7973082808785,28713.986541404407,2430.0,486,452,0.9300411522633745,34,0,450,12,12,11,4,4,1976.1111404419978,5546.648027697209,755.5204096758275,6139.4775931851755,60,0.644157032998919
early_optical_clear_probe,3385093792,14,10,14,1.0,True,581.0903925495899,8135.265495694258,5514.265495694259,27571.3274784713,2155.0,431,387,0.8979118329466357,44,0,396,14,14,14,8,8,1781.967824170658,5886.040514319281,454.23879006786467,8135.265495694258,40,0.657249194002361
early_optical_clear_probe,369895209,15,8,15,1.0,True,545.0299686914458,8175.449530371687,5741.449530371686,28707.247651858448,1995.0,399,352,0.8822055137844611,47,0,364,15,15,15,4,4,1670.5348649401924,7030.43670089582,714.8256604561042,7462.445020691741,60,0.6582396520025213
early_optical_clear_probe,2682069431,16,10,16,1.0,True,584.7534673324786,9356.055477319658,6312.055477319659,31560.2773865983,2500.0,500,454,0.908,46,0,464,16,16,16,11,11,2548.1627122695104,8254.501564478724,2931.4562689377553,9356.055477319658,213,0.6419566599943209
early_optical_clear_probe,1679188559,16,4,16,1.0,True,401.0321138330324,6416.513821328518,4241.513821328519,21207.5691066426,1770.0,354,306,0.864406779661017,48,0,325,16,16,16,4,4,1528.9010775166187,5770.854030486288,692.7031241862186,6416.513821328518,58,0.601505842001643
early_optical_clear_probe,3950950295,14,11,14,1.0,True,637.9686915704797,8931.561681986715,5946.561681986712,29732.808409933576,2455.0,491,448,0.9124236252545825,43,0,457,15,15,14,13,13,2405.140837527412,5927.533839113369,1548.186621593861,8158.5781439675675,119,0.5084881910006516
early_optical_clear_probe,2265043203,12,9,12,1.0,True,726.3088294736611,8715.705953683933,5844.7059536839315,29223.52976841967,2370.0,474,438,0.9240506329113924,36,0,438,13,13,12,7,7,1481.1134896473857,5438.697099756672,701.4357513309939,8715.705953683933,59,0.6515493020051508
early_optical_clear_probe,1652036837,10,7,10,1.0,True,850.4638220535984,8504.638220535984,5245.638220535984,26228.19110267993,2705.0,541,509,0.9408502772643254,32,0,504,10,10,10,5,5,2022.4797655546827,5582.216233326981,1819.9517093778077,8312.893496305249,139,0.5250935139993089
early_optical_clear_probe,3285671773,12,3,12,1.0,True,689.5010997727364,8274.013197272838,5557.013197272839,27785.065986364192,2245.0,449,418,0.9309576837416481,31,0,412,12,12,12,5,5,1256.2925599086052,5699.263225936239,437.2827856599448,8065.045996357112,40,0.6863972720020683
early_optical_clear_probe,2490064429,14,7,14,1.0,True,563.8028042928864,7893.239260100409,5355.239260100409,26776.196300502055,2085.0,417,377,0.9040767386091128,40,0,383,14,14,14,4,4,1007.1337211122811,3880.8213773359,460.39873487429156,7858.239260100409,40,0.5309463779994985
early_optical_clear_probe,3829870326,14,10,14,1.0,True,621.9959717722778,8707.94360481189,6021.9436048118905,30109.718024059453,2205.0,441,404,0.9160997732426304,37,0,408,15,15,14,5,5,2529.5862339178175,6813.878285042577,496.5917006138775,8439.287877918625,40,0.48236399100278504
early_optical_clear_probe,622118014,14,6,14,1.0,True,552.313722958249,7732.392121415485,5450.392121415487,27251.960607077435,1870.0,374,333,0.8903743315508021,41,0,339,15,15,14,5,5,932.7208407978335,5825.497684574426,428.94331361419086,6973.399601081671,40,0.7682667300032335
early_optical_clear_probe,2549128178,12,3,12,1.0,True,671.1775712951782,8054.130855542137,5442.130855542137,27210.6542777107,2155.0,431,397,0.9211136890951276,34,0,397,12,12,12,3,3,1380.4581408417328,4422.969065854634,441.128160113909,6063.9248849727755,40,0.5495171459988342
early_optical_clear_probe,1908032599,15,6,15,1.0,True,503.51302734559954,7552.695410183993,5052.695410183995,25263.477050919988,2050.0,410,366,0.8926829268292683,44,0,375,15,15,15,4,4,1895.3452364970813,5754.561559186747,722.6993038122721,7341.898301089181,60,0.5384374479981489
early_optical_clear_probe,303834617,15,8,15,1.0,True,554.2731482304291,8314.097223456436,5892.097223456436,29460.486117282195,1985.0,397,354,0.8916876574307305,43,0,362,15,15,15,4,4,1614.4298776397818,5365.209622111332,1250.4563271901518,6950.239730437728,91,0.6101753110051504
early_optical_clear_probe,341960693,12,9,12,1.0,True,848.9166219162638,10186.999462995165,6848.999462995158,34244.9973149758,2760.0,552,509,0.9221014492753623,43,0,512,14,14,12,9,9,2928.4071208134287,6185.477515375443,2859.1216787925614,10186.999462995165,220,0.5963412579949363
early_optical_clear_probe,3648352557,12,4,12,1.0,True,688.5091974587989,8262.110369505586,5375.110369505589,26875.551847527957,2385.0,477,437,0.9161425576519916,40,0,442,12,12,12,5,5,1864.625375689466,4241.897840451085,1030.3421608764138,7219.912636378687,79,0.5697919809972518
early_optical_clear_probe,974396374,13,4,13,1.0,True,589.2156493478452,7659.803441521987,5589.803441521988,27949.017207609955,1700.0,340,301,0.8852941176470588,39,0,305,13,13,13,3,3,414.1801025914076,1638.1353901271702,742.2264647469979,7304.640852440886,60,0.9043059260002337
early_optical_clear_probe,2957600578,16,9,16,1.0,True,491.67562638173104,7866.810022107697,5735.810022107697,28679.05011053849,1735.0,347,302,0.8703170028818443,45,0,316,16,16,16,7,7,1285.6893378107538,4419.273898819864,467.32415232126107,7866.810022107697,40,0.7088227300046128
early_optical_clear_probe,2017017594,14,5,14,1.0,True,554.6859361008671,7765.60310541214,5187.603105412141,25938.015527060703,2120.0,424,380,0.8962264150943396,44,0,388,14,14,14,5,5,1934.0216916346787,4145.625486590824,429.37106962792296,7467.65769845517,40,0.522119870998722
early_optical_clear_probe,3740318566,13,5,13,1.0,True,729.2841318537145,9480.693714098288,6260.693714098288,31303.46857049145,2655.0,531,488,0.9190207156308852,43,0,494,15,15,13,5,5,2518.5267988772275,6068.9887394174675,761.4913209901846,9480.693714098288,59,0.5751170039948192
early_optical_clear_probe,4175096729,13,8,13,1.0,True,654.6908675385314,8510.981278000909,5898.981278000909,29494.906390004555,2150.0,430,388,0.9023255813953488,42,0,394,14,14,13,8,8,864.0676597456982,6592.32446948091,710.623014564352,7304.194913691102,60,0.6605085039991536
early_optical_clear_probe,261943181,11,7,11,1.0,True,755.8156218626755,8313.97184048943,5591.971840489429,27959.85920244716,2250.0,450,414,0.92,36,0,414,12,12,11,1,1,1718.0274708810537,4873.609845131899,482.2151014573677,6065.465014085667,40,0.4420647739971173
early_optical_clear_probe,2400169481,15,8,15,1.0,True,586.6885674350862,8800.328511526292,6070.328511526291,30351.642557631483,2240.0,448,400,0.8928571428571429,48,0,412,16,16,15,10,10,2492.868572976675,7591.920105219622,634.7239665522978,8800.328511526292,40,0.599073113000486
early_optical_clear_probe,1147598894,13,5,13,1.0,True,569.6027017670896,7404.835122972165,4963.835122972165,24819.175614860837,2010.0,402,366,0.9104477611940298,36,0,366,13,13,13,1,1,1617.3636482787913,5448.49894502974,788.4468890503517,7404.835122972165,60,0.5435119609974208
early_optical_clear_probe,1817221134,10,3,10,1.0,True,872.3632474263579,8723.632474263579,5400.632474263579,27003.162371317896,2755.0,551,523,0.9491833030852994,28,0,515,11,11,10,5,5,748.0649631418199,3341.1248157091,3048.3822353070127,8723.632474263579,227,0.5473405260054278
early_optical_clear_probe,1420381012,15,9,15,1.0,True,610.743179206108,9161.14768809162,6152.147688091617,30760.7384404581,2475.0,495,450,0.9090909090909091,45,0,459,15,15,15,8,8,3048.2993162260254,7363.831745942385,740.5656111455701,9161.14768809162,60,0.5566865099972347
early_optical_clear_probe,3786105526,15,10,15,1.0,True,611.73433169802,9176.0149754703,6377.0149754703,31885.074877351504,2300.0,460,416,0.9043478260869565,44,0,424,15,15,15,10,10,2106.9691930212734,7029.493254407616,516.0237537855331,9176.0149754703,40,0.5348203460016521
early_optical_clear_probe,2128181354,15,7,15,1.0,True,563.5697977373298,8453.546966059948,6025.54696605995,30127.73483029976,1985.0,397,350,0.8816120906801007,47,0,362,17,17,15,5,5,1332.9636219425308,4764.003174669733,750.3362030542094,8453.546966059948,59,0.7155332770053064
early_optical_clear_probe,2758185775,12,7,12,1.0,True,723.4673553030316,8681.608263636379,5896.608263636379,29483.04131818191,2300.0,460,424,0.9217391304347826,36,0,425,12,12,12,7,7,1727.7114757810866,5297.490676304492,1025.06391956615,8681.608263636379,78,0.6373814340040553
early_optical_clear_probe,1148001397,10,6,10,1.0,True,848.0558177881014,8480.558177881014,5320.558177881019,26602.790889405096,2620.0,524,495,0.9446564885496184,29,0,490,10,10,10,5,5,2249.5508323803465,5189.347246679023,497.4649450765427,8480.558177881014,40,0.43288224400021136
early_optical_clear_probe,4098406961,13,8,13,1.0,True,664.1416398379016,8633.84131789272,6087.8413178927185,30439.206589463607,2095.0,419,378,0.9021479713603818,41,0,383,14,14,13,7,7,1574.4202430026346,4610.550597797729,499.3706049754014,8633.84131789272,40,0.6410908769976231
early_optical_clear_probe,3928461502,16,10,16,1.0,True,501.86940155336123,8029.91042485378,5836.910424853781,29184.55212426892,1790.0,358,314,0.8770949720670391,44,0,323,16,16,16,7,7,2036.5443309200898,6881.802491502647,732.9610657487588,7913.846320247927,59,0.704651460997411
early_optical_clear_probe,2336272618,13,9,13,1.0,True,715.0504516242163,9295.655871114812,6467.65587111481,32338.279355574065,2330.0,466,429,0.9206008583690987,37,0,430,14,14,13,6,6,2410.1986827874616,7645.989727814987,448.4931451911025,9044.045573558946,40,0.6815684429966495
early_optical_clear_probe,2669422502,10,8,10,1.0,True,882.6124226375443,8826.124226375443,5537.124226375441,27685.621131877222,2730.0,546,521,0.9542124542124543,25,0,509,10,10,10,7,7,2345.036186495973,4257.90939986838,497.57443995976695,8215.105298336235,40,0.44777844900090713
early_optical_clear_probe,2641152439,10,4,10,1.0,True,853.2340396338999,8532.340396339,5449.340396338998,27246.701981695,2555.0,511,479,0.9373776908023483,32,0,475,11,11,10,1,1,1367.9641289813567,4074.300565135772,718.7054486316551,7730.323935597767,60,0.6346731220037327
early_optical_clear_probe,3338461153,16,4,16,1.0,True,444.5837441631729,7113.339906610767,5063.339906610768,25316.69953305384,1660.0,332,287,0.8644578313253012,45,0,310,16,16,16,2,2,1470.673851249536,5395.701716084162,784.4486362859757,7113.339906610767,60,0.7563337390020024
early_optical_clear_probe,1177341478,16,7,16,1.0,True,490.26755354990087,7844.280856798414,5194.280856798414,25971.40428399208,2170.0,434,383,0.8824884792626728,51,0,400,16,16,16,6,6,2604.074166113978,6094.280976410947,793.9360259528614,7844.280856798414,60,0.46795367400045507
early_optical_clear_probe,2124173006,12,5,12,1.0,True,759.5878263719854,9115.053916463825,5825.053916463825,29125.269582319135,2720.0,544,505,0.9283088235294118,39,0,507,13,13,12,6,6,1552.7169590126366,6686.892901924406,521.4616431036224,9115.053916463825,40,0.4933475110010477
early_optical_clear_probe,1848521015,11,6,11,1.0,True,774.7351627520306,8522.086790272337,5366.086790272337,26830.43395136169,2615.0,523,487,0.9311663479923518,36,0,486,11,11,11,5,5,1993.6331880763319,6230.525622532704,475.55749467002556,8344.0064081954,40,0.5593569220000063
early_optical_clear_probe,1574926488,13,6,13,1.0,True,636.1027171530676,8269.335322989878,5474.3353229898785,27371.67661494941,2305.0,461,426,0.9240780911062907,35,0,425,13,13,13,7,7,2206.721678539216,6241.036820194161,710.3002446836022,7948.129846274917,59,0.6004601690001437
early_optical_clear_probe,2241840205,12,7,12,1.0,True,727.3891465287098,8728.669758344518,5575.669758344522,27878.34879172261,2605.0,521,483,0.927063339731286,38,0,485,13,13,12,10,10,1892.6325454277164,5551.3705952574155,483.9527220436588,8728.669758344518,40,0.4836693660035962
early_optical_clear_probe,2311207367,16,9,16,1.0,True,492.54802005128766,7880.768320820603,5409.768320820604,27048.84160410302,2015.0,403,350,0.8684863523573201,53,0,370,18,18,16,12,12,1607.2118269553491,5983.470655894466,762.112261075922,7880.768320820603,59,0.6347480010008439
early_optical_clear_probe,2861098692,12,4,12,1.0,True,705.41242528437,8464.94910341244,5674.94910341244,28374.745517062212,2305.0,461,419,0.9088937093275488,42,0,425,12,12,12,4,4,1148.0172996227727,4399.4758745528425,507.0382601662421,8021.102627679171,40,0.6517051530026947
early_optical_clear_probe,2082589811,16,9,16,1.0,True,537.8761159193991,8606.017854710386,6017.017854710388,30085.089273551934,2120.0,424,377,0.8891509433962265,47,0,386,17,17,16,7,7,2404.2370242563056,5959.6051090011415,445.20170746793127,8606.017854710386,40,0.6207171459973324
early_optical_clear_probe,526809403,13,10,13,1.0,True,675.0392854013784,8775.510710217919,5936.51071021792,29682.553551089608,2340.0,468,428,0.9145299145299145,40,0,431,14,14,13,13,13,1135.3372217676088,6544.817202361852,1476.4259250573416,8775.510710217919,111,0.6266407759976573
early_optical_clear_probe,2112880593,10,6,10,1.0,True,840.3541745761725,8403.541745761724,5455.541745761727,27277.708728808644,2445.0,489,458,0.9366053169734151,31,0,453,10,10,10,6,6,1285.4845225226293,4396.481741742097,474.0006861240678,8403.541745761724,40,0.630442358997243
early_optical_clear_probe,4238411303,14,10,14,1.0,True,616.810581895789,8635.348146541046,5672.348146541047,28361.740732705253,2440.0,488,444,0.9098360655737705,44,0,453,14,14,14,4,4,3423.6885883800323,7190.068532558267,772.9649617810904,8635.348146541046,60,0.5096533899995848
early_optical_clear_probe,4053865559,10,4,10,1.0,True,870.5394260670037,8705.394260670037,5581.394260670034,27906.971303350176,2590.0,518,486,0.9382239382239382,32,0,481,11,11,10,3,3,1869.2381004558406,6982.333641372029,1803.4705077173137,8646.394260670037,132,0.5158254540001508
early_optical_clear_probe,160103080,13,5,13,1.0,True,640.215212884039,8322.797767492508,5648.79776749251,28243.988837462537,2205.0,441,405,0.9183673469387755,36,0,404,13,13,13,3,3,1710.8255280239366,5046.950850869898,441.56287741215203,8073.574673696141,40,0.5867128210011288
early_optical_clear_probe,2190504877,15,8,15,1.0,True,564.7192199009831,8470.788298514748,5853.788298514747,29268.941492573744,2145.0,429,388,0.9044289044289044,41,0,394,16,16,15,9,9,1503.7631749346226,7582.508923156341,495.7849694954481,8470.788298514748,40,0.6634989040030632
early_optical_clear_probe,4005070969,13,7,13,1.0,True,627.2982626028283,8154.877413836769,5274.877413836772,26374.387069183864,2375.0,475,438,0.9221052631578948,37,0,440,13,13,13,5,5,2516.7729090003204,5900.797625954096,746.2310908241279,7845.334239209894,60,0.47581093000189867
early_optical_clear_probe,1031339002,11,7,11,1.0,True,855.1890003157919,9407.079003473711,5977.079003473712,29885.395017368566,2840.0,568,535,0.9419014084507042,33,0,532,12,12,11,4,4,3421.4853385675615,8529.059925356727,3325.7589951255068,9244.234064039018,251,0.5123031939947396
early_optical_clear_probe,3694101425,14,5,14,1.0,True,561.1982962039014,7856.776146854619,5605.77614685462,28028.880734273098,1845.0,369,326,0.8834688346883469,43,0,333,15,15,14,6,6,588.2163389409171,2518.9399742430383,754.4618036804638,6921.481895202322,58,0.7838270020001801
early_optical_clear_probe,2553179343,14,10,14,1.0,True,604.6844747276407,8465.58264618697,5743.582646186969,28717.913230934846,2240.0,448,411,0.9174107142857143,37,0,412,14,14,14,7,7,2429.745383755411,5472.09010597747,1840.321093120016,8336.543093349976,140,0.5820111879947945
early_optical_clear_probe,3545980522,13,3,13,1.0,True,633.6104020246904,8236.935226320975,5421.935226320977,27109.676131604887,2320.0,464,423,0.9116379310344828,41,0,427,14,14,13,3,3,1501.4069874425686,4734.540230764049,469.1949634249013,7807.76524057392,40,0.6256585209994228
early_optical_clear_probe,3134815270,15,11,15,1.0,True,644.7839537792719,9671.759306689079,6926.7593066890795,34633.796533445406,2255.0,451,409,0.9068736141906873,42,0,412,16,16,15,7,7,2098.1783729084964,6277.232065505949,1055.4695852068471,9671.759306689079,80,0.5817107369948644
early_optical_clear_probe,779548008,16,8,16,1.0,True,512.2464343074743,8195.942948919588,5940.942948919587,29704.714744597957,1840.0,368,321,0.8722826086956522,47,0,332,17,17,16,7,7,1185.814756549698,5091.949910806771,481.5378625338809,8195.942948919588,40,0.8333948139988934
early_optical_clear_probe,669463793,10,5,10,1.0,True,848.2363697439139,8482.36369743914,5396.363697439138,26981.81848719569,2560.0,512,484,0.9453125,28,0,476,10,10,10,2,2,2324.048064601063,7350.331376849023,464.9571367085321,8083.240708042929,40,0.5608928020010353
early_optical_clear_probe,4085067570,11,5,11,1.0,True,742.9891837790888,8172.881021569976,5495.881021569975,27479.405107849885,2215.0,443,412,0.9300225733634312,31,0,407,11,11,11,4,4,526.4322103944015,1750.5122456454178,415.74323863655746,7133.657052949987,40,0.6336835569964023
early_optical_clear_probe,3786715234,15,8,15,1.0,True,496.17333555690254,7442.6000333535385,5376.600033353541,26883.000166767702,1690.0,338,289,0.8550295857988166,49,0,301,15,15,15,6,6,949.3572203495509,4994.359853632328,520.7092780248472,7413.6000333535385,40,0.6779994129974511
early_optical_clear_probe,2723217866,15,6,15,1.0,True,529.1213566927751,7936.820350391627,5610.820350391628,28054.10175195815,1905.0,381,341,0.89501312335958,40,0,346,15,15,15,0,0,1447.2335769690644,7309.896728300535,779.5255468455571,7936.820350391627,59,0.7302159140017466
early_optical_clear_probe,1337058218,16,8,16,1.0,True,569.9759064205437,9119.614502728698,6626.6145027286975,33133.07251364349,2035.0,407,353,0.8673218673218673,54,0,372,18,18,16,10,10,2073.768166719592,6566.171202545242,1328.231476237696,9119.614502728698,100,0.6131716829986544
early_optical_clear_probe,1462270963,13,8,13,1.0,True,641.620568201868,8341.067386624283,5631.067386624283,28155.336933121427,2235.0,447,408,0.912751677852349,39,0,410,13,13,13,7,7,1824.5233891433732,5635.086873896751,520.2097948416395,8341.067386624283,40,0.5933781819985597
early_optical_clear_probe,3458471887,11,5,11,1.0,True,713.3166615069533,7846.483276576487,5245.483276576487,26227.41638288245,2150.0,430,399,0.9279069767441861,31,0,396,11,11,11,1,1,1533.5365927963044,4954.633505316129,520.4057744637785,6045.647286794401,40,0.545019778997812
early_optical_clear_probe,2662854489,14,10,14,1.0,True,625.7349585594019,8760.289419831626,6254.2894198316235,31271.447099158137,2055.0,411,368,0.8953771289537713,43,0,375,16,16,14,6,6,1514.3774630239782,4291.7559276617,535.3364093465045,8282.638424252775,40,0.7272485249995952
early_optical_clear_probe,3081786166,11,5,11,1.0,True,793.8457221456435,8732.302943602079,5333.302943602079,26666.514718010403,2815.0,563,530,0.9413854351687388,33,0,529,11,11,11,6,6,3621.4772061173153,6072.665791095139,751.8598145630339,8732.302943602079,60,0.4678323059997638
early_optical_clear_probe,1641367778,12,5,12,1.0,True,656.8684822328097,7882.421786793717,5516.421786793717,27582.108933968604,1950.0,390,356,0.9128205128205128,34,0,353,13,13,12,4,4,484.4744301912585,2574.852095887886,655.6324521017026,4375.267386831161,59,0.6534499229965149
early_optical_clear_probe,3071944664,13,7,13,1.0,True,672.2512017729555,8739.26562304842,5817.26562304842,29086.32811524211,2410.0,482,438,0.9087136929460581,44,0,447,13,13,13,7,7,1483.4391322123583,4764.391419295091,667.1780590201452,8560.74725424349,59,0.5977830870033358
early_optical_clear_probe,3267014646,12,6,12,1.0,True,727.3893272283952,8728.671926740742,5660.671926740743,28303.35963370373,2535.0,507,472,0.9309664694280079,35,0,470,13,13,12,4,4,1486.2512434658156,7764.383225749997,711.1321587462539,8681.671926740742,59,0.7413353220035788
early_optical_clear_probe,1405859219,16,8,16,1.0,True,516.3628412994417,8261.805460791067,5906.805460791066,29534.02730395534,1925.0,385,340,0.8831168831168831,45,0,350,16,16,16,6,6,1996.7791174651306,6562.418416984399,752.4229541891468,8261.805460791067,59,0.740712610000628
early_optical_clear_probe,3396173542,11,5,11,1.0,True,814.6204388421639,8960.824827263803,5666.8248272638,28334.124136319006,2730.0,546,512,0.9377289377289377,34,0,509,11,11,11,4,4,2996.5538308074306,6161.858893781991,1030.333179145467,8775.310672579635,79,0.5115027659994666
early_optical_clear_probe,1818446941,10,5,10,1.0,True,843.330365421717,8433.30365421717,5413.30365421717,27066.518271085857,2505.0,501,470,0.93812375249501,31,0,465,10,10,10,1,1,2370.1450849471703,6540.495852256076,717.9976936209983,7557.959462103607,60,0.63537653000094
early_optical_clear_probe,1417380560,10,5,10,1.0,True,820.2274733483333,8202.274733483333,5318.274733483336,26591.37366741669,2390.0,478,448,0.9372384937238494,30,0,444,10,10,10,3,3,1130.233046868256,3578.1768228941864,688.3552822951564,7812.736151527433,59,0.6217123630049173
early_optical_clear_probe,111024936,16,9,16,1.0,True,539.170031112048,8626.720497792769,5785.7204977927695,28928.602488963843,2330.0,466,419,0.8991416309012875,47,0,431,16,16,16,10,10,1853.967151687683,5939.052899786283,731.1037861750392,8626.720497792769,59,0.5248168219986837
early_optical_clear_probe,2934930964,13,10,13,1.0,True,666.3062242974476,8661.980915866818,5680.980915866815,28404.90457933409,2460.0,492,456,0.926829268292683,36,0,456,13,13,13,8,8,2444.43957646022,5346.590827375286,1997.8301152428903,8496.915807216143,145,0.574150748005195
early_optical_clear_probe,3653725144,12,5,12,1.0,True,666.3537529351181,7996.245035221417,5529.245035221416,27646.225176107095,2035.0,407,375,0.9213759213759214,32,0,372,12,12,12,1,1,1536.637596101911,5261.442846044973,428.65436375730843,7539.953503913985,40,0.7490281120044529
early_optical_clear_probe,2336558559,16,6,16,1.0,True,414.59514245834094,6633.522279333455,4900.522279333454,24502.61139666728,1395.0,279,230,0.8243727598566308,49,0,255,17,17,16,3,3,1065.4340589677545,5195.061810638555,792.8069978147039,6633.522279333455,60,0.6309247789977235
early_optical_clear_probe,3362251759,11,5,11,1.0,True,835.4356571411391,9189.792228552531,6155.792228552526,30778.96114276265,2510.0,502,469,0.9342629482071713,33,0,466,12,12,11,5,5,2056.050131253906,7778.641177618583,538.259246630879,8460.533836906377,40,0.6206308570035617
early_optical_clear_probe,909105307,15,7,15,1.0,True,550.1016537209274,8251.524805813911,5583.524805813912,27917.624029069564,2190.0,438,395,0.9018264840182648,43,0,403,15,15,15,8,8,1274.6872742759267,6098.978708457915,500.51461791921605,8251.524805813911,40,0.5600387000013143
early_optical_clear_probe,2968533584,16,9,16,1.0,True,507.43983008989255,8119.037281438281,6011.037281438281,30055.18640719142,1720.0,344,298,0.8662790697674418,46,0,308,16,16,16,7,7,826.4339014952864,7569.0776557163945,505.8144025778936,8119.037281438281,40,0.7105725020010141
early_optical_clear_probe,1373507066,14,9,14,1.0,True,645.816501160336,9041.431016244704,6481.4310162447,32407.15508122352,2105.0,421,378,0.8978622327790974,43,0,382,15,15,14,9,9,1376.5509915626951,7683.039497946482,532.8508626184271,9041.431016244704,40,0.5798603769944748
early_optical_clear_probe,4074576359,13,3,13,1.0,True,640.8193001597426,8330.650902076653,5842.650902076654,29213.254510383293,2045.0,409,368,0.8997555012224939,41,0,372,15,15,13,3,3,1253.0139659282459,5108.377709933701,672.9501213335583,8330.650902076653,60,0.7545401600000332
early_optical_clear_probe,1859838138,15,7,15,1.0,True,592.3737140655641,8885.60571098346,6171.605710983459,30858.0285549173,2230.0,446,405,0.9080717488789237,41,0,409,15,15,15,9,9,2423.9264467340427,5375.863723757392,750.8776907518788,8885.60571098346,60,0.5291394840023713
early_optical_clear_probe,1251150484,16,7,16,1.0,True,519.4534635921533,8311.255417474453,6079.255417474454,30396.27708737227,1825.0,365,315,0.863013698630137,50,0,327,16,16,16,3,3,1818.5892909417903,5372.316583765323,433.337538237183,8311.255417474453,40,0.7871362549994956
early_optical_clear_probe,213565923,13,8,13,1.0,True,673.0814554829881,8750.058921278845,5812.0589212788445,29060.294606394233,2425.0,485,447,0.9216494845360824,38,0,448,13,13,13,7,7,2039.4845706255132,6128.1588934269275,2852.8123910265776,8750.058921278845,220,0.585972603999835
early_optical_clear_probe,3468696064,16,7,16,1.0,True,471.2534643112056,7540.05542897929,4833.05542897929,24165.277144896467,2215.0,443,394,0.8893905191873589,49,0,412,16,16,16,8,8,1669.736498658727,5508.906694435733,724.765430846107,7540.05542897929,60,0.5002146949991584
early_optical_clear_probe,3402188185,14,7,14,1.0,True,607.2242295342003,8501.139213478804,5912.139213478807,29560.69606739404,2130.0,426,383,0.8990610328638498,43,0,389,14,14,14,3,3,2074.8463627319607,6173.149665813877,729.3805549606675,8281.995760905043,60,0.6094502580017434
early_optical_clear_probe,2114208361,12,7,12,1.0,True,692.2513196024652,8307.015835229582,5222.015835229585,26110.079176147927,2550.0,510,477,0.9352941176470588,33,0,475,12,12,12,6,6,2362.815087794362,5615.671874772526,474.15045536844536,8260.015835229582,40,0.48009347000333946
early_optical_clear_probe,117972919,10,5,10,1.0,True,862.4568814598573,8624.568814598573,5359.568814598574,26797.84407299287,2705.0,541,508,0.9390018484288355,33,0,507,11,11,10,4,4,2379.056868382342,4191.448620326764,758.9205394635541,8565.568814598573,60,0.5036139720032224
early_optical_clear_probe,961390553,12,7,12,1.0,True,707.818362454089,8493.820349449068,5586.820349449069,27934.101747245353,2400.0,480,444,0.925,36,0,444,13,13,12,7,7,2399.731102872423,4027.201579024801,1594.0053364807984,8283.007401871759,120,0.5511213560021133
early_optical_clear_probe,1522603964,12,6,12,1.0,True,671.9300786871835,8063.160944246202,5291.160944246203,26455.804721231023,2290.0,458,419,0.9148471615720524,39,0,422,12,12,12,5,5,997.1745169790661,5081.545113460215,433.9726011423457,7281.924113695944,40,0.568350271001691
early_optical_clear_probe,3183947694,11,4,11,1.0,True,818.7671110477298,9006.438221525028,5718.438221525025,28592.19110762513,2725.0,545,510,0.9357798165137615,35,0,508,11,11,11,4,4,1720.1019945730875,5947.250677623528,2627.34409886115,8397.161177992335,196,0.494090447005874
early_optical_clear_probe,1639804661,11,6,11,1.0,True,776.01803283911,8536.19836123021,5416.19836123021,27080.99180615106,2585.0,517,486,0.9400386847195358,31,0,480,11,11,11,3,3,2540.8953921004427,6831.303906800182,763.1251982822992,7553.274527165235,59,0.5374041680042865
early_optical_clear_probe,1382159742,11,5,11,1.0,True,759.6583788333842,8356.242167167225,5391.2421671672255,26956.210835836144,2455.0,491,457,0.9307535641547862,34,0,455,11,11,11,5,5,1668.4725157021564,6713.197992938599,1563.323705805772,7948.782287233759,117,0.5444209189954563
early_optical_clear_probe,1391530603,13,7,13,1.0,True,666.7561476286048,8667.829919171863,5748.829919171864,28744.14959585933,2405.0,481,443,0.920997920997921,38,0,446,14,14,13,2,2,3274.637563543273,5751.105710500069,2293.8522874399373,8667.829919171863,167,0.5518201859958936
early_optical_clear_probe,3726546365,12,3,12,1.0,True,655.4970765909153,7865.964919090984,5080.964919090986,25404.824595454935,2300.0,460,421,0.9152173913043479,39,0,425,12,12,12,2,2,910.2209121094246,4563.5110511779085,698.7281636902053,5509.715193071067,60,0.5018881279975176
early_optical_clear_probe,912775043,11,5,11,1.0,True,773.2631867036499,8505.895053740149,5541.895053740149,27709.47526870075,2455.0,491,457,0.9307535641547862,34,0,454,11,11,11,7,7,1155.6550187731818,5572.998236643028,1267.8398038761504,8505.895053740149,97,0.5314265990018612
early_optical_clear_probe,1792740677,10,6,10,1.0,True,885.8615157426284,8858.615157426284,5845.615157426285,29228.075787131434,2500.0,500,472,0.944,28,0,463,10,10,10,6,6,1200.6332762392572,4743.4633802378685,708.6502936785582,8799.615157426284,59,0.6405918679956812
early_optical_clear_probe,4126677745,15,6,15,1.0,True,518.2825329055125,7774.237993582688,5461.23799358269,27306.18996791345,1895.0,379,334,0.8812664907651715,45,0,343,15,15,15,2,2,1618.3359320318345,5048.170557984066,1284.7609881474414,7745.237993582688,98,0.6653073909983505
early_optical_clear_probe,3091834757,11,7,11,1.0,True,891.0448497137306,9801.493346851037,6714.493346851033,33572.466734255184,2550.0,510,479,0.9392156862745098,31,0,473,14,14,11,3,3,2085.5339613392866,5832.032105918032,1797.0277033683867,9801.493346851037,139,0.5678120839947951
early_optical_clear_probe,323259501,10,6,10,1.0,True,910.0656801702829,9100.65680170283,5745.656801702829,28728.284008514147,2785.0,557,527,0.9461400359066428,30,0,520,10,10,10,6,6,2654.74956238877,8154.643167921368,2589.880526814337,8926.339317155174,196,0.5055834419981693
early_optical_clear_probe,2150412174,13,2,13,1.0,True,588.7496264867262,7653.745144327441,5303.745144327441,26518.725721637227,1930.0,386,345,0.8937823834196891,41,0,352,14,14,13,0,0,780.3234503442566,3081.844997609603,457.41052580472046,6915.406161338592,40,0.6287010179948993
early_optical_clear_probe,3016888456,16,9,16,1.0,True,526.0073526969281,8416.11764315085,5802.117643150852,29010.588215754266,2140.0,428,377,0.8808411214953271,51,0,394,16,16,16,11,11,2075.8780138082525,4910.096948914723,2337.590093836654,8416.11764315085,177,0.5448183129992685
early_optical_clear_probe,1934036418,12,3,12,1.0,True,662.2619221637,7947.143065964399,5337.143065964399,26685.715329822004,2155.0,431,397,0.9211136890951276,34,0,395,12,12,12,3,3,1201.8973644865396,5341.130872979051,747.4494247394562,7164.080257622924,58,0.6226595560001442
early_optical_clear_probe,2321677878,16,7,16,1.0,True,481.5725504703332,7705.160807525332,5571.1608075253325,27855.804037626665,1735.0,347,300,0.8645533141210374,47,0,316,17,17,16,5,5,1317.7138577221099,4798.44299123414,426.8667384544675,7705.160807525332,40,0.8468451949956943
early_optical_clear_probe,3781706570,15,5,15,1.0,True,488.6397103164649,7329.595654746974,5411.595654746975,27057.97827373489,1565.0,313,273,0.8722044728434505,40,0,278,15,15,15,3,3,420.36,1743.4,2063.2624182179543,5600.740926673582,139,0.9612437700052396
early_optical_clear_probe,3363108458,13,6,13,1.0,True,623.776319024016,8109.092147312207,5569.092147312208,27845.460736561046,2090.0,418,379,0.9066985645933014,39,0,382,14,14,13,4,4,693.1116892414512,3913.1824723254394,493.02211040462805,8109.092147312207,40,0.6577010670007439
early_optical_clear_probe,2692736789,11,5,11,1.0,True,773.9373482048107,8513.310830252918,5351.310830252917,26756.5541512646,2620.0,524,494,0.9427480916030534,30,0,487,11,11,11,3,3,2587.508657743063,6507.2819883029115,756.9411139251329,7751.844622107009,60,0.46352512600424234
early_optical_clear_probe,804105412,15,8,15,1.0,True,548.7986268338223,8231.979402507333,5490.979402507334,27454.897012536676,2250.0,450,405,0.9,45,0,416,15,15,15,6,6,1934.8119904002513,5523.720258281214,511.96561438437857,8231.979402507333,40,0.556313904999115
early_optical_clear_probe,3434820365,16,6,16,1.0,True,441.2407389392171,7059.851823027474,4801.851823027475,24009.259115137374,1835.0,367,319,0.8692098092643051,48,0,343,16,16,16,6,6,1820.7324913368009,5735.482266088322,2484.394657722044,7059.851823027474,180,0.6350388630016823
early_optical_clear_probe,449584802,11,4,11,1.0,True,807.8827637966792,8886.710401763472,5658.710401763472,28293.55200881737,2670.0,534,498,0.9325842696629213,36,0,497,13,13,11,5,5,955.4758746897488,3519.5012767701746,691.2618125917988,7856.376467243304,60,0.5390497819971642
early_optical_clear_probe,748951230,16,12,16,1.0,True,494.7103908669576,7915.3662538713215,5350.366253871323,26751.831269356622,2100.0,420,369,0.8785714285714286,51,0,385,16,16,16,15,15,1303.4885446508372,6240.615507513384,468.6485345834508,7677.815189700487,40,0.6369121679963428
early_optical_clear_probe,1241968102,15,5,15,1.0,True,561.988108592696,8429.82162889044,5789.8216288904405,28949.108144452213,2165.0,433,389,0.8983833718244804,44,0,397,16,16,15,4,4,2176.4990173124274,7319.941114767985,694.3801860527985,7772.700668892498,60,0.6158763719940907
early_optical_clear_probe,3971848502,13,5,13,1.0,True,590.437893947447,7675.692621316811,5463.692621316812,27318.463106584066,1820.0,364,330,0.9065934065934066,34,0,327,13,13,13,2,2,587.9565825210871,4255.453585554977,430.0827784896179,7094.285865348676,40,0.8816760949994205
early_optical_clear_probe,2959806733,15,7,15,1.0,True,585.8198542916812,8787.297814375217,6314.297814375215,31571.48907187608,2025.0,405,354,0.8740740740740741,51,0,367,17,17,15,7,7,1626.507234154222,6353.423702850578,490.38862746796065,8787.297814375217,40,0.6783140680054203
early_optical_clear_probe,2831444792,15,9,15,1.0,True,542.2218938152588,8133.328407228882,5821.328407228882,29106.642036144418,1895.0,379,342,0.9023746701846965,37,0,342,15,15,15,5,5,1615.773593767179,5766.165779215366,517.7791993433104,6647.5371069276025,40,0.6786483209943981
early_optical_clear_probe,331965218,10,4,10,1.0,True,858.995197714941,8589.95197714941,5645.951977149413,28229.759885747077,2440.0,488,457,0.9364754098360656,31,0,451,11,11,10,4,4,935.0713024917757,3240.5188862092396,742.556366290036,8589.95197714941,59,0.6243192629990517
early_optical_clear_probe,2099867002,12,7,12,1.0,True,759.7081002902424,9116.49720348291,5763.49720348291,28817.486017414554,2775.0,555,524,0.9441441441441442,31,0,518,12,12,12,6,6,2696.994431250484,5706.50755971453,2593.615903214429,9116.49720348291,200,0.4989929930015933
early_optical_clear_probe,92827567,16,8,16,1.0,True,476.26182738106553,7620.1892380970485,5665.189238097049,28325.94619048526,1590.0,318,266,0.8364779874213837,52,0,285,16,16,16,8,8,550.4698917663376,1623.1245713321766,472.64937037558445,7620.1892380970485,40,0.7727001710009063
early_optical_clear_probe,1317675598,15,7,15,1.0,True,564.7756156138632,8471.634234207948,5703.634234207952,28518.17117103975,2275.0,455,412,0.9054945054945055,43,0,418,15,15,15,8,8,1107.9575479809798,5586.6261554788025,451.4093703915356,8471.634234207948,40,0.5478533389978111
early_optical_clear_probe,1550396785,14,6,14,1.0,True,576.6244344664244,8072.742082529942,5536.742082529942,27683.71041264972,2085.0,417,373,0.894484412470024,44,0,381,14,14,14,4,4,1628.37229267349,7479.802179097277,453.5368685944219,8072.742082529942,40,0.5575354899992817
early_optical_clear_probe,1021293442,10,6,10,1.0,True,872.2140383187259,8722.14038318726,5384.1403831872585,26920.70191593629,2770.0,554,525,0.9476534296028881,29,0,518,10,10,10,3,3,3221.205263998617,7506.663004552404,3207.238533360066,8313.683332380173,240,0.4443171969978721
early_optical_clear_probe,288579424,16,7,16,1.0,True,485.68211123685035,7770.9137797896055,5502.913779789606,27514.56889894804,1850.0,370,320,0.8648648648648649,50,0,335,17,17,16,3,3,1684.4748157997014,5518.341400486167,768.5834584329384,7770.9137797896055,59,0.5948931519960752
early_optical_clear_probe,2101466263,14,5,14,1.0,True,540.6220066250963,7568.708092751349,4992.708092751349,24963.540463756755,2110.0,422,375,0.8886255924170616,47,0,390,16,16,14,0,0,1508.3768999190363,4851.459082818064,489.2830551243595,7533.708092751349,40,0.6024379250011407
early_optical_clear_probe,1305308362,11,5,11,1.0,True,755.3066745350977,8308.373419886075,5387.373419886077,26936.86709943038,2415.0,483,447,0.9254658385093167,36,0,448,12,12,11,2,2,1491.6968492477017,6484.988875240749,493.19783082460833,7706.05333484228,40,0.6102668830062612
early_optical_clear_probe,693792903,12,6,12,1.0,True,691.9343696755321,8303.212436106385,5795.212436106385,28976.062180531946,2070.0,414,384,0.927536231884058,30,0,378,12,12,12,2,2,978.672905158873,4206.3676641039865,450.8057059855355,7884.78039579138,40,0.6791448540025158
early_optical_clear_probe,1346186924,12,6,12,1.0,True,692.9153135679921,8314.983762815906,5542.9837628159075,27714.918814079545,2290.0,458,428,0.9344978165938864,30,0,422,12,12,12,4,4,1406.4294903223745,5943.118992065129,751.9221247697645,8314.983762815906,58,0.6869656990020303
early_optical_clear_probe,814939809,10,8,10,1.0,True,893.3235517769114,8933.235517769113,5476.235517769112,27381.177588845563,2870.0,574,546,0.9512195121951219,28,0,537,10,10,10,8,8,2951.100680191637,7192.370319524305,4155.48744598458,8474.490350770538,315,0.45979855000041425
early_optical_clear_probe,3044438521,13,3,13,1.0,True,614.0041394280966,7982.053812565255,5530.053812565255,27650.26906282629,2020.0,404,366,0.905940594059406,38,0,367,13,13,13,5,5,697.3866752365955,3795.9062514330235,478.0939200169007,7434.691254814152,40,0.6795094799963408
early_optical_clear_probe,3066856544,15,10,15,1.0,True,556.6066771960307,8349.10015794046,5860.100157940462,29300.500789702313,2035.0,407,363,0.8918918918918919,44,0,373,17,17,15,9,9,1551.0152638992672,6637.595037698264,2292.632970368437,8349.10015794046,166,0.6748136419992079
early_optical_clear_probe,2484416465,16,5,16,1.0,True,459.0467212527054,7344.747540043287,4900.747540043289,24503.737700216432,1995.0,399,351,0.8796992481203008,48,0,369,16,16,16,5,5,2249.758717993419,6775.05821924705,785.0010331451899,7344.747540043287,59,0.5984095379972132
early_optical_clear_probe,1995678483,10,7,10,1.0,True,925.4533998109988,9254.533998109988,6189.533998109986,30947.669990549944,2540.0,508,482,0.9488188976377953,26,0,472,11,11,10,7,7,1321.0912138889312,4025.493577419098,482.4820924297371,8336.168148414166,40,0.6185728580021532
early_optical_clear_probe,1033827590,10,6,10,1.0,True,955.9845954556598,9559.845954556598,6147.845954556598,30739.229772783005,2830.0,566,536,0.9469964664310954,30,0,529,11,11,10,5,5,1316.3456938638399,3874.328469319199,2937.1839286653694,9559.845954556598,214,0.5248283550026827
early_optical_clear_probe,1060869072,10,4,10,1.0,True,867.1709410012293,8671.709410012292,5492.7094100122895,27463.54705006146,2635.0,527,496,0.9411764705882353,31,0,491,11,11,10,3,3,2424.343689665473,4371.053344418145,450.01761855140865,8019.824354118451,40,0.5321925909956917
early_optical_clear_probe,641873130,15,8,15,1.0,True,539.4257133205892,8091.385699808839,5610.3856998088395,28051.92849904421,2035.0,407,363,0.8918918918918919,44,0,371,15,15,15,9,9,1458.333438484909,5430.084981711364,1825.927628360524,8062.385699808839,136,0.548027271994215
early_optical_clear_probe,2904718596,11,7,11,1.0,True,749.943046012506,8249.373506137566,5524.373506137566,27621.86753068784,2255.0,451,419,0.9290465631929047,32,0,415,11,11,11,9,9,430.2698625003555,2020.556047095793,421.5616554281703,7510.819095591264,40,0.6233657109987689
early_optical_clear_probe,4134092997,14,5,14,1.0,True,591.9201890322865,8286.882646452012,5600.882646452013,28004.413232260078,2210.0,442,402,0.9095022624434389,40,0,406,14,14,14,6,6,982.886031196526,2867.6414899581464,435.9585097611702,7745.3612400133225,40,0.6607522240010439
early_optical_clear_probe,3581489261,16,5,16,1.0,True,408.7512765430828,6540.0204246893245,4557.0204246893245,22785.102123446628,1610.0,322,269,0.8354037267080745,53,0,293,16,16,16,5,5,846.4959810692621,5178.840057601086,413.18180520547185,6540.0204246893245,40,0.6086448349960847
early_optical_clear_probe,1454993738,13,8,13,1.0,True,634.0105344850243,8242.136948305317,5494.136948305319,27470.684741526584,2265.0,453,413,0.9116997792494481,40,0,418,13,13,13,10,10,1473.6072154952037,5515.406727382047,448.4920215724385,7968.85454065331,40,0.5508770369997364
early_optical_clear_probe,2218866755,10,2,10,1.0,True,796.7592144890616,7967.5921448906165,5175.592144890618,25877.960724453103,2315.0,463,432,0.9330453563714903,31,0,427,10,10,10,1,1,369.92149885156044,1398.6849964891458,452.8714853516737,6210.988709928053,40,0.667876895997324
early_optical_clear_probe,594157006,15,10,15,1.0,True,525.1591067546482,7877.386601319723,5150.386601319724,25751.93300659863,2240.0,448,402,0.8973214285714286,46,0,412,15,15,15,10,10,1992.1356544272335,6293.359649015158,464.8758980733878,7877.386601319723,40,0.5157910389971221
early_optical_clear_probe,3965392063,11,6,11,1.0,True,719.0442327214431,7909.486559935874,5208.486559935875,26042.432799679384,2235.0,447,417,0.9328859060402684,30,0,411,11,11,11,6,6,572.0924807138871,4943.417287852757,433.0520377547007,6104.464047042681,40,0.5843991319998167
early_optical_clear_probe,3850415485,12,7,12,1.0,True,701.7986946917116,8421.584336300539,5713.584336300539,28567.9216815027,2235.0,447,410,0.9172259507829977,37,0,410,13,13,12,6,6,765.9835196248628,3758.5011177491765,1548.4875915954008,8421.584336300539,114,0.6030726700046216
early_optical_clear_probe,2412005247,10,3,10,1.0,True,848.6793051404371,8486.793051404371,5239.793051404374,26198.965257021882,2695.0,539,513,0.9517625231910947,26,0,502,10,10,10,2,2,2755.170529236978,8042.136447884341,464.8999337168723,8427.793051404371,40,0.6147604790021433
early_optical_clear_probe,2906859348,13,5,13,1.0,True,641.0042119896918,8333.054755865995,5727.0547558659955,28635.27377932998,2145.0,429,389,0.9067599067599068,40,0,393,14,14,13,2,2,1696.1245353190898,5862.315279921846,441.30904386619443,8117.410143295317,40,0.6090375850035343
early_optical_clear_probe,1847554589,14,8,14,1.0,True,599.216640947134,8389.032973259877,5775.0329732598775,28875.164866299394,2150.0,430,386,0.8976744186046511,44,0,394,14,14,14,7,7,1187.4509793227376,4098.06919023723,1263.1193790176378,8183.016137994125,95,0.6558505800057901
early_optical_clear_probe,455359957,12,7,12,1.0,True,733.8921804177538,8806.706165013045,5986.706165013043,29933.530825065238,2330.0,466,433,0.9291845493562232,33,0,430,12,12,12,3,3,2042.6876439388054,6118.997300457858,672.3894780715797,7443.824014010724,60,0.6289372559986077
early_optical_clear_probe,88759290,15,6,15,1.0,True,503.2542530827042,7548.8137962405635,5218.813796240565,26094.06898120283,1910.0,382,340,0.8900523560209425,42,0,345,15,15,15,8,8,998.5269458170673,5440.949794494156,523.8444517852632,7519.8137962405635,40,0.7234488159956527
early_optical_clear_probe,3916026035,15,7,15,1.0,True,519.0270603023247,7785.40590453487,5208.405904534871,26042.02952267437,2115.0,423,374,0.8841607565011821,49,0,387,15,15,15,8,8,1609.4610253339156,4723.805315723496,506.6483358686144,7629.927526059996,40,0.5195484470023075
early_optical_clear_probe,3091013260,13,4,13,1.0,True,624.5826490072303,8119.574437093994,5438.574437093996,27192.872185469987,2210.0,442,408,0.9230769230769231,34,0,406,13,13,13,1,1,2009.1103419497429,6857.550294211146,499.7818438143103,7434.622225425408,40,0.5967313329965691
early_optical_clear_probe,3525397399,14,3,14,1.0,True,540.5831337988091,7568.163873183326,5305.163873183327,26525.81936591664,1855.0,371,321,0.8652291105121294,50,0,335,15,15,14,2,2,397.7418320585435,1941.5622330556341,421.93423960836054,7024.6251354940105,40,0.7050370939978166
early_optical_clear_probe,1365083479,13,4,13,1.0,True,629.440977523734,8182.732707808542,5570.732707808542,27853.663539042715,2150.0,430,397,0.9232558139534883,33,0,397,13,13,13,3,3,1576.9350549723067,6809.7473248404895,511.3347764494189,7851.115326974002,40,0.5303207130054943
early_optical_clear_probe,1485908763,10,5,10,1.0,True,824.6370766008507,8246.370766008507,5123.370766008508,25616.85383004255,2590.0,518,492,0.9498069498069498,26,0,483,10,10,10,3,3,1533.296652302003,5653.065662091797,844.5620616012486,7885.055798035888,60,0.49271113600116223
early_optical_clear_probe,2278225304,12,3,12,1.0,True,694.074473133831,8328.893677605973,5357.893677605974,26789.468388029873,2455.0,491,452,0.9205702647657841,39,0,456,12,12,12,2,2,2185.327793408689,4710.970619636892,517.6634237228179,7944.776668503687,40,0.6612654740019934
early_optical_clear_probe,1797209797,16,11,16,1.0,True,555.5564674737604,8888.903479580167,6184.903479580169,30924.517397900854,2215.0,443,396,0.8939051918735892,47,0,406,17,17,16,8,8,2032.2733492196426,6932.621222230848,772.1083319778761,8888.903479580167,59,0.590997895997134
early_optical_clear_probe,625711154,10,4,10,1.0,True,854.5900584575778,8545.900584575778,5418.900584575778,27094.502922878914,2595.0,519,491,0.9460500963391136,28,0,482,10,10,10,4,4,1047.1159520460758,6317.822849581907,511.6902753486536,8545.900584575778,40,0.4484803609957453
early_optical_clear_probe,292276830,14,7,14,1.0,True,639.3220155487497,8950.508217682496,6319.508217682495,31597.541088412483,2165.0,433,390,0.9006928406466512,43,0,396,14,14,14,9,9,1868.4833780216775,6182.374038312588,731.4432925021455,8207.530152738642,59,0.5897429020042182
early_optical_clear_probe,2479858043,12,7,12,1.0,True,716.2244283816871,8594.693140580244,5734.6931405802425,28673.465702901216,2360.0,472,436,0.923728813559322,36,0,437,13,13,12,7,7,1346.790876803737,4630.225252252893,1692.7996022918435,8594.693140580244,127,0.6073965420000604
early_optical_clear_probe,2602700691,10,6,10,1.0,True,881.1611404145837,8811.611404145837,5780.611404145836,28903.057020729193,2515.0,503,476,0.9463220675944334,27,0,466,10,10,10,3,3,1931.0177273530887,5477.450297308499,753.6131908026949,8811.611404145837,60,0.5900155829949654
early_optical_clear_probe,1922370164,12,6,12,1.0,True,669.1507409013129,8029.808890815755,5281.808890815756,26409.044454078783,2270.0,454,415,0.9140969162995595,39,0,418,12,12,12,5,5,1432.086280557561,5789.973220322018,517.1903266691546,7475.533219692473,40,0.5817458050005371
early_optical_clear_probe,2828314754,15,9,15,1.0,True,511.8374845357077,7677.5622680356155,5401.562268035617,27007.811340178094,1865.0,373,326,0.8739946380697051,47,0,336,15,15,15,5,5,1278.7948422366471,4827.16742490786,478.5205129041982,7648.5622680356155,40,0.6544330469987472
early_optical_clear_probe,2510338189,15,10,15,1.0,True,552.6213067718131,8289.319601577197,5497.319601577197,27486.598007886,2295.0,459,408,0.8888888888888888,51,0,422,15,15,15,9,9,1413.9747321334717,5353.3221820103445,755.5130921557468,8289.319601577197,60,0.5494664419966284
early_optical_clear_probe,75437054,11,8,11,1.0,True,783.4321852689776,8617.754037958754,5489.754037958754,27448.770189793784,2590.0,518,478,0.9227799227799228,40,0,483,11,11,11,10,10,1194.1105801588217,5335.780732853798,450.76636890969337,8617.754037958754,40,0.5090685760005726
early_optical_clear_probe,1101946204,10,6,10,1.0,True,854.9980536485349,8549.98053648535,5344.980536485349,26724.902682426764,2660.0,532,501,0.9417293233082706,31,0,495,10,10,10,3,3,2209.7862383620222,5637.02234231363,2043.6156267208848,7095.4652743136085,155,0.5257650889980141
early_optical_clear_probe,2863424737,12,8,12,1.0,True,694.2313363903181,8330.776036683817,5676.776036683817,28383.880183419093,2190.0,438,400,0.91324200913242,38,0,404,12,12,12,2,2,1922.1677479941434,5167.469360826288,723.0123856593309,7769.977775851607,60,0.6286419739990379
early_optical_clear_probe,229182730,11,8,11,1.0,True,819.7126138427558,9016.838752270314,5805.838752270316,29029.193761351595,2660.0,532,500,0.9398496240601504,32,0,496,11,11,11,7,7,3020.7633938649637,8110.365696103454,2357.2875109005913,8742.84548589783,176,0.5369121119947522
early_optical_clear_probe,3433628560,10,4,10,1.0,True,858.8062091490203,8588.062091490203,5406.062091490204,27030.310457451036,2640.0,528,495,0.9375,33,0,492,10,10,10,4,4,1440.5481722440043,5105.62984869435,482.90994357990644,8588.062091490203,40,0.4683072550033103
early_optical_clear_probe,2549938936,15,9,15,1.0,True,519.6878110155138,7795.317165232708,5392.317165232708,26961.58582616355,1970.0,394,356,0.9035532994923858,38,0,358,15,15,15,4,4,2075.846846647574,7377.3529322312625,497.6452024757416,7633.333023484765,40,0.6715877400056343
early_optical_clear_probe,304153105,10,4,10,1.0,True,864.2062130693287,8642.062130693286,5538.062130693287,27690.310653466455,2575.0,515,487,0.945631067961165,28,0,479,10,10,10,2,2,1610.2231800361187,5103.17122706089,407.4382214248784,8195.667879272605,40,0.6612657099976786
early_optical_clear_probe,2347901389,11,3,11,1.0,True,769.8134709275483,8467.948180203031,5443.948180203032,27219.740901015168,2500.0,500,463,0.926,37,0,463,13,13,11,4,4,2122.3096283198543,5568.940378204988,522.7630363060858,8331.927255248234,40,0.5366392480063951
early_optical_clear_probe,2185302508,15,10,15,1.0,True,607.0213119237147,9105.319678855722,5926.31967885572,29631.59839427861,2615.0,523,478,0.9139579349904398,45,0,486,16,16,15,8,8,3390.677277860092,6315.59045891236,1039.427355140705,9105.319678855722,80,0.49927425300120376
early_optical_clear_probe,3029612574,11,5,11,1.0,True,772.3638891592818,8496.0027807521,5358.002780752102,26790.01390376051,2600.0,520,488,0.9384615384615385,32,0,483,11,11,11,5,5,1339.626442877248,5572.341468310754,678.8803880393953,8496.0027807521,60,0.5476203819998773
early_optical_clear_probe,2968549931,13,6,13,1.0,True,654.6069636245919,8509.890527119695,5821.8905271196945,29109.45263559849,2215.0,443,404,0.9119638826185101,39,0,408,13,13,13,6,6,1475.325973349142,5098.566908572988,428.68151672820517,8509.890527119695,40,0.5803980199998477
early_optical_clear_probe,2450951173,11,5,11,1.0,True,721.7035279021289,7938.738806923418,5363.738806923419,26818.69403461711,2130.0,426,388,0.9107981220657277,38,0,390,11,11,11,7,7,489.87596457228574,1405.1190336246345,421.4919498700005,7489.308048430956,40,0.6223330299981171
early_optical_clear_probe,2262102829,13,8,13,1.0,True,647.8547194841717,8422.111353294233,5547.111353294233,27735.556766471167,2370.0,474,432,0.9113924050632911,42,0,440,13,13,13,7,7,2065.442784179463,5749.020922357979,726.5463384230274,8057.635418529369,60,0.5384998640001868
early_optical_clear_probe,1239879402,15,8,15,1.0,True,567.6133832987955,8514.200749481932,5977.200749481931,29886.00374740966,2080.0,416,377,0.90625,39,0,382,15,15,15,5,5,1814.957481593055,7328.683439553641,510.72949286006724,7714.913907382697,40,0.6040461849988787
early_optical_clear_probe,40085822,10,2,10,1.0,True,848.548702451295,8485.48702451295,5376.487024512948,26882.435122564755,2580.0,516,487,0.9437984496124031,29,0,479,10,10,10,3,3,1821.1155325915722,5349.860589973583,963.458235101275,8072.81287053678,76,0.5353116289988975
early_optical_clear_probe,3078194531,11,6,11,1.0,True,743.8043953801299,8181.848349181429,5420.8483491814295,27104.241745907162,2285.0,457,428,0.936542669584245,29,0,421,11,11,11,4,4,1442.9013998688222,6904.779673724646,679.6177479503478,7434.581442764923,59,0.7152547610021429
early_optical_clear_probe,3093407669,12,7,12,1.0,True,796.926099451327,9563.113193415924,6600.113193415924,33000.56596707963,2450.0,490,451,0.9204081632653062,39,0,453,12,12,12,5,5,1422.5645800608763,6934.402102729979,490.3372961109404,9563.113193415924,40,0.5158944620052353
early_optical_clear_probe,2599909812,15,7,15,1.0,True,540.0607300530867,8100.9109507963,5715.910950796302,28579.554753981523,1950.0,390,340,0.8717948717948718,50,0,357,16,16,15,7,7,710.2915415927862,2965.404952862014,471.1222956969832,7775.24824222063,40,0.7626834850016166
early_optical_clear_probe,2805834324,13,4,13,1.0,True,626.8210628170665,8148.673816621865,5651.6738166218665,28258.369083109334,2055.0,411,375,0.9124087591240876,36,0,374,14,14,13,2,2,1392.2587677454192,3561.7901184915427,407.90982580703,8148.673816621865,40,0.6194468370013055
early_optical_clear_probe,2654999289,12,5,12,1.0,True,713.3823211287195,8560.587853544634,5513.587853544636,27567.939267723188,2520.0,504,469,0.9305555555555556,35,0,467,12,12,12,7,7,1831.2958479894799,6033.463695868702,2087.7468002821643,8415.346555442648,149,0.5463732240023091
early_optical_clear_probe,893149024,11,6,11,1.0,True,814.2669828512697,8956.936811363967,5954.936811363968,29774.684056819853,2485.0,497,463,0.93158953722334,34,0,462,11,11,11,7,7,901.6770675960735,3412.6195890072217,789.1990283026231,8956.936811363967,60,0.5482176459991024
early_optical_clear_probe,2666823843,12,9,12,1.0,True,729.8528638158542,8758.234365790251,5619.234365790249,28096.171828951243,2595.0,519,487,0.9383429672447013,32,0,484,12,12,12,6,6,2919.271475654714,7814.345515317176,452.3088113211551,8366.721814173181,40,0.544787463004468
early_optical_clear_probe,2554789879,12,7,12,1.0,True,782.623821343318,9391.485856119816,6060.485856119814,30302.429280599077,2755.0,551,511,0.9274047186932849,40,0,516,12,12,12,11,11,3091.7643016999004,5349.392905099701,4440.419462256493,8853.824651102295,332,0.4874720029984019
early_optical_clear_probe,3710761020,15,8,15,1.0,True,554.471619594468,8317.074293917021,5498.074293917024,27490.37146958513,2315.0,463,416,0.8984881209503239,47,0,429,15,15,15,8,8,1698.8838701718912,5026.87380954191,504.5596342463428,8090.681935952295,40,0.5884046160063008
early_optical_clear_probe,2955861122,11,8,11,1.0,True,858.6967410431117,9445.66415147423,6164.664151474236,30823.320757371177,2715.0,543,512,0.9429097605893186,31,0,508,12,12,11,6,6,2048.2150059218075,5913.765065139887,4656.249960582628,9392.66415147423,330,0.5058499080041656
early_optical_clear_probe,3234490138,10,6,10,1.0,True,873.6808172359276,8736.808172359277,5458.808172359274,27294.04086179638,2720.0,544,510,0.9375,34,0,508,10,10,10,6,6,2071.714881416047,5255.249604720156,2585.8486962053903,8736.808172359277,197,0.4731075300005614
early_optical_clear_probe,2371131376,13,7,13,1.0,True,614.7873996497967,7992.236195447358,5502.236195447359,27511.180977236803,2050.0,410,374,0.9121951219512195,36,0,375,13,13,13,5,5,1623.609680113588,5587.690555042576,446.82768461865885,7644.521622097639,40,0.6437061569959042
early_optical_clear_probe,3885839933,12,7,12,1.0,True,702.2810323129637,8427.372387755564,5516.372387755566,27581.861938777827,2405.0,481,441,0.9168399168399168,40,0,446,12,12,12,9,9,1698.2372402578596,3755.7775162413545,492.42106340722216,8027.65081306089,40,0.5539855280003394
early_optical_clear_probe,2659531879,16,5,16,1.0,True,496.60769822745203,7945.7231716392325,5791.7231716392325,28958.615858196168,1755.0,351,304,0.8660968660968661,47,0,316,17,17,16,6,6,827.4505227708023,3515.9146761050456,691.2553891798224,7945.7231716392325,59,0.7523846500043874
early_optical_clear_probe,3601566428,14,11,14,1.0,True,622.2807993609871,8711.93119105382,5477.931191053821,27389.65595526911,2665.0,533,491,0.9212007504690432,42,0,496,15,15,14,10,10,3071.567853296983,6201.334614228083,472.3646883306799,8711.93119105382,40,0.4747795799994492
early_optical_clear_probe,4014050974,12,7,12,1.0,True,737.521947657659,8850.263371891908,5815.263371891907,29076.31685945954,2510.0,502,465,0.9262948207171314,37,0,465,12,12,12,8,8,2318.729744802731,7027.659384333669,703.9720959552476,8850.263371891908,60,0.60111302700534
early_optical_clear_probe,858450331,10,4,10,1.0,True,852.3641917977151,8523.641917977151,5326.64191797715,26633.209589885755,2650.0,530,494,0.9320754716981132,36,0,494,11,11,10,4,4,1342.7678792461622,5214.69304494901,717.424446343638,7540.14166620373,60,0.5325101790003828
early_optical_clear_probe,3432356642,13,6,13,1.0,True,614.8773087236561,7993.40501340753,5617.405013407531,28087.025067037666,1955.0,391,349,0.8925831202046036,42,0,356,13,13,13,4,4,951.4282053930779,5005.012207126617,496.69737367408004,6737.996093708842,40,0.7278607359985472
early_optical_clear_probe,2465640993,13,7,13,1.0,True,657.0334821623684,8541.435268110788,5671.435268110787,28357.17634055394,2365.0,473,435,0.919661733615222,38,0,437,14,14,13,5,5,2214.1291283417877,6859.512762181069,427.89388436336145,7573.868799049838,40,0.6517005600035191
early_optical_clear_probe,4101539116,10,4,10,1.0,True,824.0355501523305,8240.355501523305,5357.355501523306,26786.77750761654,2390.0,478,448,0.9372384937238494,30,0,443,10,10,10,4,4,1562.6584138430844,5484.279027654584,1109.0235288208985,8058.159650250301,80,0.5646833509963471
early_optical_clear_probe,4245604123,14,6,14,1.0,True,581.8452146456178,8145.833005038649,5665.833005038649,28329.16502519326,2035.0,407,360,0.8845208845208845,47,0,372,15,15,14,4,4,1480.2035527981031,5473.86010343999,509.2388533989844,7592.747572399551,40,0.6165844869974535
early_optical_clear_probe,186300708,13,5,13,1.0,True,630.5822179407068,8197.568833229188,5162.568833229189,25812.844166145947,2505.0,501,460,0.9181636726546906,41,0,465,13,13,13,2,2,3014.4349594371847,6560.6500173605655,1545.4448443641434,8156.568833229188,116,0.48740827499568695
early_optical_clear_probe,1595593920,14,7,14,1.0,True,667.0785808568229,9339.100131995521,6565.100131995522,32825.500659977624,2280.0,456,414,0.9078947368421053,42,0,418,16,16,14,10,10,1442.8052864861693,5722.32748301018,457.20879193473024,9339.100131995521,40,0.7372444749998976
early_optical_clear_probe,1769097439,11,7,11,1.0,True,798.8785324115222,8787.663856526744,5618.663856526745,28093.31928263373,2625.0,525,495,0.9428571428571428,30,0,489,11,11,11,5,5,2079.745982271874,4065.9455327009387,1038.3869909185407,8359.764535167922,78,0.5299512810015585
early_optical_clear_probe,3333376350,14,5,14,1.0,True,651.5205337634968,9121.287472688955,6395.287472688956,31976.437363444787,2240.0,448,401,0.8950892857142857,47,0,410,16,16,14,5,5,1905.636334064288,7275.255196932026,466.79500656369487,9121.287472688955,40,0.5989786529971752
early_optical_clear_probe,2954862152,15,7,15,1.0,True,569.9834722533717,8549.752083800575,5833.752083800575,29168.760419002876,2230.0,446,405,0.9080717488789237,41,0,411,15,15,15,6,6,1848.8109085730873,6021.200499626828,437.313147438852,8549.752083800575,40,0.603488747998199
early_optical_clear_probe,212230415,13,8,13,1.0,True,611.0154574703058,7943.200947113975,5149.200947113977,25746.0047355699,2305.0,461,423,0.9175704989154013,38,0,424,13,13,13,8,8,1031.2412863494367,4327.026819745222,699.2297853196173,7902.200947113975,60,0.5486346299949219
early_optical_clear_probe,3890672321,15,7,15,1.0,True,525.5384552020366,7883.07682803055,5781.076828030549,28905.38414015276,1720.0,344,294,0.8546511627906976,50,0,307,15,15,15,6,6,1461.929996897493,6245.873987184403,519.6314252716369,7125.52216746795,40,0.8718248079967452
early_optical_clear_probe,1568531757,14,8,14,1.0,True,675.5193121657529,9457.27037032054,6493.270370320539,32466.35185160272,2440.0,488,443,0.9077868852459017,45,0,451,15,15,14,5,5,2451.6502051337884,5546.801923402654,1028.5206123705834,9457.27037032054,80,0.6472690559967305
early_optical_clear_probe,1040692348,11,7,11,1.0,True,800.3553365874152,8803.908702461567,5678.908702461569,28394.54351230785,2585.0,517,482,0.9323017408123792,35,0,482,12,12,11,6,6,1407.900960486517,5608.697229475098,533.7323745366061,8803.908702461567,40,0.5296373539968044
early_optical_clear_probe,1503442090,13,6,13,1.0,True,639.0492693836843,8307.640501987897,5483.6405019878985,27418.20250993951,2325.0,465,427,0.9182795698924732,38,0,431,14,14,13,6,6,1342.0228892067985,6216.3494573055705,507.1552746942139,8307.640501987897,40,0.5811478609975893
early_optical_clear_probe,1974303684,10,5,10,1.0,True,841.5392292107896,8415.392292107896,5358.392292107893,26791.961460539478,2535.0,507,475,0.9368836291913215,32,0,472,10,10,10,2,2,1579.73054031157,5970.222627584316,459.1497458662552,6554.208279050596,40,0.46585460899950704
early_optical_clear_probe,1781823726,11,7,11,1.0,True,814.1086383088165,8955.195021396981,5787.195021396978,28935.975106984904,2625.0,525,487,0.9276190476190476,38,0,488,11,11,11,6,6,2538.8817382044817,6707.427894838729,2396.334931467546,7114.2857056628145,179,0.5477458500026842
early_optical_clear_probe,4146026015,11,7,11,1.0,True,800.6531779929078,8807.184957921985,5739.184957921982,28695.924789609926,2535.0,507,469,0.9250493096646942,38,0,472,13,13,11,6,6,1557.9859280836351,7897.0230762570745,464.08117247228796,8807.184957921985,40,0.4868413310032338
early_optical_clear_probe,2208315486,10,4,10,1.0,True,885.5172991234501,8855.172991234502,5937.1729912345,29685.864956172518,2420.0,484,457,0.9442148760330579,27,0,448,10,10,10,4,4,1644.3232001234942,4905.4252651228235,481.67059077383135,6570.777036236304,40,0.6411503810013528
early_optical_clear_probe,2784553710,16,10,16,1.0,True,526.3208526054301,8421.133641686882,5772.13364168688,28860.66820843441,2170.0,434,388,0.8940092165898618,46,0,399,16,16,16,8,8,2026.7542875025863,5754.641050293477,483.42956289127915,8421.133641686882,40,0.5010929030031548
early_optical_clear_probe,1224159694,14,7,14,1.0,True,597.7785470524153,8368.899658733815,5676.899658733818,28384.498293669105,2215.0,443,405,0.9142212189616253,38,0,407,14,14,14,8,8,1466.3373522474205,6679.046591056674,783.5022273586846,8368.899658733815,60,0.6432016879989533
early_optical_clear_probe,3936858172,16,10,16,1.0,True,361.6137861335784,5785.820578137254,3922.820578137257,19614.102890686285,1505.0,301,246,0.8172757475083057,55,0,275,17,17,16,5,5,1420.1374097660496,5231.570005379737,513.5523135653468,5785.820578137254,40,0.669735606003087
early_optical_clear_probe,4091099926,10,3,10,1.0,True,840.261124530195,8402.61124530195,5311.6112453019505,26558.056226509765,2565.0,513,481,0.9376218323586745,32,0,476,10,10,10,3,3,1507.430180530985,3726.0618924959294,1011.7029620666741,8343.61124530195,78,0.6420451029989636
early_optical_clear_probe,4164652904,10,6,10,1.0,True,854.9719718329634,8549.719718329634,5164.719718329636,25823.59859164819,2810.0,562,529,0.9412811387900356,33,0,525,10,10,10,7,7,816.3285747629109,4051.48574762911,3840.9700170117376,8549.719718329634,280,0.4886057730036555
early_optical_clear_probe,2769068456,14,9,14,1.0,True,615.2454430457199,8613.436202640078,6062.436202640078,30312.1810132004,2095.0,419,372,0.8878281622911695,47,0,383,15,15,14,5,5,1717.6393527752728,6048.377189047094,474.82343041418915,7985.362062155541,40,0.6474537989997771
early_optical_clear_probe,311692730,13,8,13,1.0,True,679.165913400959,8829.156874212467,5774.156874212468,28870.78437106236,2520.0,504,464,0.9206349206349206,40,0,467,14,14,13,8,8,1958.6021290580711,5626.221128236478,490.84071914776314,8829.156874212467,40,0.5579834629970719
early_optical_clear_probe,3354335498,15,6,15,1.0,True,553.2474906643131,8298.712359964697,5743.7123599646975,28718.5617998235,2085.0,417,367,0.8800959232613909,50,0,383,19,19,15,7,7,1290.1149172526434,4953.437033487322,456.5740463871412,8298.712359964697,40,0.7008231869986048
early_optical_clear_probe,1746004946,15,9,15,1.0,True,566.0545361522094,8490.818042283141,5800.818042283142,29004.090211415718,2210.0,442,401,0.9072398190045249,41,0,405,15,15,15,8,8,2468.050597649168,6319.786264369244,515.5207593748842,8269.649494940655,40,0.6325593459987431
early_optical_clear_probe,4116781983,14,5,14,1.0,True,621.7620011477404,8704.668016068366,5667.668016068369,28338.340080341844,2495.0,499,448,0.8977955911823647,51,0,466,16,16,14,5,5,2557.034397494091,8127.213029078865,751.6508362680611,8704.668016068366,60,0.5087420549971284
early_optical_clear_probe,3730703735,13,8,13,1.0,True,651.3418523502398,8467.444080553118,5674.444080553118,28372.220402765593,2305.0,461,424,0.9197396963123644,37,0,423,13,13,13,9,9,1498.8632555383472,6079.450586035647,514.2366127835426,8467.444080553118,40,0.5924637560019619
early_optical_clear_probe,1558973082,13,5,13,1.0,True,630.8488617877385,8201.0352032406,5395.035203240602,26975.176016203015,2315.0,463,419,0.9049676025917927,44,0,426,13,13,13,5,5,1876.7466691004906,7138.018588887622,1301.6201502908789,8201.0352032406,100,0.5534555820049718
early_optical_clear_probe,1487648768,10,4,10,1.0,True,844.6898696242813,8446.898696242813,5360.898696242813,26804.49348121408,2560.0,512,484,0.9453125,28,0,476,10,10,10,2,2,2402.229405011438,6257.800602015656,761.8910860886931,8446.898696242813,60,0.5185061430020141
early_optical_clear_probe,4266268776,13,8,13,1.0,True,621.8947907535519,8084.632279796174,5581.632279796174,27908.161398980883,2060.0,412,374,0.9077669902912622,38,0,375,14,14,13,8,8,767.8317522217561,2212.9734612987613,702.9624103545892,8084.632279796174,60,0.5947385710023809
early_optical_clear_probe,3554470736,10,5,10,1.0,True,870.2663116999398,8702.663116999398,5354.663116999399,26773.315584997,2780.0,556,525,0.9442446043165468,31,0,518,10,10,10,3,3,2107.6378722015816,5038.437800072496,1306.4496787560981,8702.663116999398,99,0.44797893200302497
early_optical_clear_probe,2524915802,11,4,11,1.0,True,750.2359684975899,8252.595653473489,5301.5956534734905,26507.978267367456,2440.0,488,457,0.9364754098360656,31,0,453,12,12,11,3,3,1621.2954080623822,5086.881183317039,735.8652364131931,7402.799219015697,60,0.5365260350008612
early_optical_clear_probe,3021135009,15,9,15,1.0,True,581.1959069167874,8717.93860375181,6029.93860375181,30149.693018759048,2205.0,441,391,0.8866213151927438,50,0,405,16,16,15,7,7,1388.5848712105733,6701.132191429004,731.572769431775,7865.926881895496,60,0.6376040649993229
early_optical_clear_probe,1102922050,10,5,10,1.0,True,861.0479348791343,8610.479348791343,5321.479348791341,26607.396743956713,2730.0,546,517,0.9468864468864469,29,0,509,10,10,10,4,4,2745.8861757461236,7421.22398174761,480.9270891237492,7989.542279292056,40,0.49627909999981057
early_optical_clear_probe,1369638090,13,6,13,1.0,True,655.0212713869,8515.2765280297,5906.276528029701,29531.382640148506,2150.0,430,391,0.9093023255813953,39,0,394,13,13,13,7,7,1336.7771537458016,3189.683419179186,443.6654018400312,7892.366222247704,40,0.6974813699998776
early_optical_clear_probe,1764310808,15,10,15,1.0,True,534.3976551237675,8015.964826856512,5923.964826856514,29619.82413428258,1710.0,342,297,0.868421052631579,45,0,307,15,15,15,5,5,1430.867746593823,6527.675841232643,427.24893147091325,6963.839329212134,40,0.7865376789995935
early_optical_clear_probe,3216753885,15,9,15,1.0,True,608.1126108778286,9121.68916316743,6376.689163167431,31883.445815837164,2255.0,451,407,0.9024390243902439,44,0,415,15,15,15,6,6,1833.9365810270253,7439.153858034444,1325.5063115724563,9121.68916316743,100,0.5735834269944462
early_optical_clear_probe,1347602511,15,6,15,1.0,True,535.6604233665995,8034.906350498993,5793.9063504989945,28969.53175249498,1835.0,367,325,0.885558583106267,42,0,331,15,15,15,7,7,1458.754437109117,3516.918695369289,1030.2557488327923,7350.961000109666,80,0.7051637070035213
early_optical_clear_probe,3845202168,13,6,13,1.0,True,662.4731635051352,8612.151125566757,5598.151125566759,27990.755627833805,2485.0,497,457,0.9195171026156942,40,0,461,14,14,13,6,6,1913.9341879336628,5912.199126399736,899.5630608734036,8612.151125566757,60,0.568653094000183
early_optical_clear_probe,4124380345,12,5,12,1.0,True,701.73514644719,8420.82175736628,5272.821757366281,26364.10878683142,2600.0,520,477,0.9173076923076923,43,0,485,13,13,12,5,5,1978.7905905118348,7077.4885000143,794.2072688822966,7867.004580241018,60,0.4594334460052778
early_optical_clear_probe,1839775072,16,11,16,1.0,True,510.85580970285986,8173.692955245758,5781.69295524576,28908.464776228808,1955.0,391,346,0.8849104859335039,45,0,357,16,16,16,11,11,1819.2083027221213,6000.551617933686,534.2103562378705,8173.692955245758,40,0.6874987489936757
early_optical_clear_probe,2846193258,15,9,15,1.0,True,550.9659777420756,8264.489666131134,5729.489666131136,28647.448330655683,2080.0,416,366,0.8798076923076923,50,0,380,15,15,15,7,7,1671.4283908113932,6741.745535811316,1055.0592334109506,8264.489666131134,80,0.5497916890017223
early_optical_clear_probe,1214661018,12,4,12,1.0,True,708.7033711681787,8504.440454018144,5695.440454018147,28477.20227009074,2320.0,464,429,0.9245689655172413,35,0,429,12,12,12,2,2,1950.211273183773,4678.311510481706,746.1877241976805,8373.55922684744,59,0.6643378349981504
early_optical_clear_probe,1286090943,12,4,12,1.0,True,726.8437016108769,8722.124419330523,5529.124419330526,27645.62209665263,2640.0,528,491,0.9299242424242424,37,0,493,12,12,12,4,4,2928.342256826085,6627.574571377206,769.1463845334629,8349.091399446223,60,0.5603817619994516
early_optical_clear_probe,2681797980,15,5,15,1.0,True,527.8096139441348,7917.144209162021,5521.144209162021,27605.72104581012,1960.0,392,345,0.8801020408163265,47,0,358,16,16,15,6,6,858.8560008695773,3978.1342590522872,441.94135322958783,7563.82765544727,40,0.6332736260010279
early_optical_clear_probe,2580599598,14,8,14,1.0,True,629.3711251406265,8811.195751968771,5984.19575196877,29920.978759843856,2325.0,465,424,0.9118279569892473,41,0,429,15,15,14,9,9,2180.481049318646,4931.209423192249,987.8184564439136,7740.237714963467,78,0.5926204240022344
early_optical_clear_probe,2463574733,14,5,14,1.0,True,589.2498904065908,8249.498465692272,5481.498465692271,27407.49232846135,2275.0,455,416,0.9142857142857143,39,0,420,15,15,14,3,3,2116.6941779800104,4373.969812728314,713.8075914403239,7878.159571541095,60,0.6248660150013166
early_optical_clear_probe,3440452159,12,4,12,1.0,True,679.2023909300324,8150.428691160389,5520.4286911603895,27602.14345580196,2170.0,434,397,0.9147465437788018,37,0,397,13,13,12,3,3,1426.5205522134927,5412.804038102683,864.0019615242139,7710.972927956651,60,0.673090388001583
early_optical_clear_probe,1361222757,15,5,15,1.0,True,524.3430935585386,7865.146403378079,5775.14640337808,28875.732016890408,1705.0,341,298,0.873900293255132,43,0,307,16,16,15,2,2,1169.6853114723283,4771.72667135634,492.4451114061592,7865.146403378079,40,0.8730067150027025
early_optical_clear_probe,2721532287,16,6,16,1.0,True,578.5238890235738,9256.382224377181,6621.382224377179,33106.9111218859,2160.0,432,384,0.8888888888888888,48,0,395,16,16,16,8,8,2173.4156698687884,5219.644850717996,395.7317395304712,9256.382224377181,40,0.5699134819951723
early_optical_clear_probe,853787637,11,7,11,1.0,True,786.3453453919275,8649.798799311202,5391.798799311205,26958.99399655603,2700.0,540,508,0.9407407407407408,32,0,503,11,11,11,7,7,1689.4439364474536,5155.201923836694,468.81634122038315,8397.318956491792,40,0.5627744719968177
early_optical_clear_probe,1470913313,14,8,14,1.0,True,615.4432259428748,8616.205163200248,5651.205163200247,28256.025816001245,2440.0,488,442,0.9057377049180327,46,0,452,15,15,14,11,11,2188.902147478285,4900.2132181640845,2050.880339762945,7943.61981040087,160,0.5284504740047851
early_optical_clear_probe,3746399990,10,5,10,1.0,True,806.4142033367541,8064.142033367541,5171.142033367541,25855.710166837718,2400.0,480,452,0.9416666666666667,28,0,443,10,10,10,4,4,1424.8717387232825,4250.69800168379,428.4338083641888,5761.914408770506,40,0.5301931430003606
early_optical_clear_probe,988754636,12,6,12,1.0,True,756.4613578446739,9077.536294136087,5761.536294136086,28807.681470680436,2745.0,549,517,0.941712204007286,32,0,511,12,12,12,8,8,2513.5917084430903,5992.0166769879315,3428.7587830070197,9077.536294136087,260,0.46230499400553526
early_optical_clear_probe,1336405203,14,9,14,1.0,True,667.5939589186274,9346.315424860784,6660.315424860782,33301.57712430391,2205.0,441,400,0.9070294784580499,41,0,405,16,16,14,7,7,1755.7414434357138,8484.748758748956,716.8260173287117,9346.315424860784,60,0.6809800740011269
early_optical_clear_probe,2768856289,16,13,16,1.0,True,574.2690443890724,9188.304710225158,6194.30471022516,30971.52355112581,2455.0,491,445,0.9063136456211812,46,0,456,17,17,16,8,8,3602.5636695540607,7667.596774327311,1803.4469796175633,9188.304710225158,140,0.5304982070010738
early_optical_clear_probe,2449999057,12,7,12,1.0,True,752.6390255221932,9031.668306266318,5918.668306266322,29593.341531331625,2575.0,515,481,0.9339805825242719,34,0,478,12,12,12,8,8,1809.8706825516283,7163.732849060751,450.26599907695896,8855.458213927926,40,0.5825980480003636
early_optical_clear_probe,1595343905,16,11,16,1.0,True,520.2739861086558,8324.383777738492,6247.383777738494,31236.918888692493,1685.0,337,290,0.8605341246290801,47,0,306,18,18,16,12,12,1594.3693853928612,5973.223006749338,1024.2295865308747,8324.383777738492,78,0.750040175000322
early_optical_clear_probe,3486625585,13,7,13,1.0,True,675.7272337819632,8784.454039165521,6030.454039165522,30152.270195827616,2270.0,454,416,0.9162995594713657,38,0,419,13,13,13,5,5,1824.216989933178,4720.89201593504,535.8722216512303,8345.260192776079,40,0.6633435960029601
early_optical_clear_probe,1629663970,13,6,13,1.0,True,630.1137701102202,8191.479011432863,5361.479011432864,26807.395057164325,2335.0,467,425,0.9100642398286938,42,0,430,13,13,13,6,6,1547.4080954807619,6265.584002785638,494.4639624063281,7255.480792491225,40,0.5186727959953714
early_optical_clear_probe,1467026730,12,5,12,1.0,True,688.0706054671331,8256.847265605596,5559.847265605597,27799.23632802799,2225.0,445,406,0.9123595505617977,39,0,409,13,13,12,5,5,1075.2820540082741,7240.900241114148,432.5886062155259,8209.847265605596,40,0.6658816779963672
early_optical_clear_probe,3470193568,16,6,16,1.0,True,457.66401409397344,7322.624225503575,5569.624225503576,27848.121127517883,1420.0,284,242,0.852112676056338,42,0,253,16,16,16,4,4,1128.7590129572043,3130.5652774278874,744.2080779728578,7322.624225503575,58,1.0449733060013386
early_optical_clear_probe,4127096427,15,5,15,1.0,True,541.4603945199492,8121.9059177992385,5488.9059177992385,27444.52958899621,2160.0,432,381,0.8819444444444444,51,0,398,15,15,15,5,5,1832.78669579074,5918.474323316262,775.5014851605018,7801.906012207621,59,0.5401904369937256
early_optical_clear_probe,660989894,11,7,11,1.0,True,758.6797172636573,8345.47688990023,5314.476889900232,26572.384449501165,2510.0,502,468,0.9322709163346613,34,0,466,11,11,11,7,7,1228.8087174730501,4556.2151724875785,778.5093741799626,7868.356133302992,60,0.5421920879962272
early_optical_clear_probe,3836775178,14,8,14,1.0,True,625.2470110393593,8753.45815455103,6319.458154551027,31597.29077275515,2000.0,400,362,0.905,38,0,364,14,14,14,8,8,1516.8468241262656,7599.902500479508,408.83470092352826,8081.598606073365,40,0.7400086449997616
early_optical_clear_probe,3015907475,16,8,16,1.0,True,443.7619401835925,7100.19104293748,5081.19104293748,25405.955214687416,1640.0,328,282,0.8597560975609756,46,0,299,16,16,16,6,6,1106.450062386911,6233.447481813708,520.1281597450911,7100.19104293748,40,0.7729269699993893
early_optical_clear_probe,3244176239,14,6,14,1.0,True,517.6687800556912,7247.362920779676,5192.362920779677,25961.814603898398,1685.0,337,299,0.887240356083086,38,0,300,14,14,14,1,1,726.9871743017417,4669.345074834782,727.0295191292189,7212.362920779676,60,0.731697270006407
early_optical_clear_probe,3843548038,13,6,13,1.0,True,711.285976028912,9246.717688375857,6283.717688375858,31418.588441879296,2440.0,488,444,0.9098360655737705,44,0,452,15,15,13,7,7,1779.8876736452742,6447.454616723909,750.0327853431703,8483.796034561807,60,0.5637489830041886
early_optical_clear_probe,209816620,14,7,14,1.0,True,721.2041786008111,10096.858500411356,7031.8585004113565,35159.292502056785,2525.0,505,457,0.904950495049505,48,0,467,15,15,14,5,5,1978.3149964614954,6785.073847761382,758.0494657046307,10096.858500411356,60,0.5843351489966153
early_optical_clear_probe,1858861178,14,7,14,1.0,True,628.577493714446,8800.084912002243,6187.084912002245,30935.42456001124,2145.0,429,381,0.8881118881118881,48,0,395,15,15,14,6,6,2128.6594312965453,4454.363579198589,2282.6416526086637,8800.084912002243,175,0.817839281000488
early_optical_clear_probe,4091182943,14,11,14,1.0,True,643.9823335414246,9015.752669579944,6169.752669579944,30848.763347899723,2340.0,468,426,0.9102564102564102,42,0,430,16,16,14,11,11,1355.5238972140469,6298.0646086316,721.6226371380243,9015.752669579944,59,0.6350155339969206
early_optical_clear_probe,3258607549,10,5,10,1.0,True,882.6265272629269,8826.265272629269,5537.265272629266,27686.326363146345,2730.0,546,518,0.9487179487179487,28,0,509,10,10,10,7,7,1547.203651211697,4565.425765097779,475.72358390950023,8826.265272629269,40,0.5049000829967554
early_optical_clear_probe,874784751,10,6,10,1.0,True,888.3590969633806,8883.590969633806,5552.590969633807,27762.954848169044,2765.0,553,522,0.9439421338155516,31,0,516,10,10,10,8,8,2331.7061388064308,3892.3803085038,2635.2861831538053,8621.710930557043,200,0.46733915700315265
early_optical_clear_probe,269727455,15,9,15,1.0,True,559.2752505726072,8389.128758589108,5810.128758589109,29050.643792945553,2115.0,423,382,0.9030732860520094,41,0,386,16,16,15,7,7,1746.820242299616,7552.667980856206,426.2734018877126,8389.128758589108,40,0.6381547170021804
early_optical_clear_probe,482939892,12,5,12,1.0,True,662.4390379249306,7949.268455099168,5332.268455099169,26661.342275495856,2160.0,432,399,0.9236111111111112,33,0,397,12,12,12,4,4,731.2871951736784,5270.0546276341465,721.1641474716967,7949.268455099168,59,0.5185077599962824
early_optical_clear_probe,3967546201,16,5,16,1.0,True,467.38183494707425,7478.109359153188,5522.109359153188,27610.546795765946,1585.0,317,269,0.8485804416403786,48,0,288,17,17,16,5,5,1100.678826041471,4985.746925422715,448.00690828388866,7478.109359153188,40,0.6373785219984711
early_optical_clear_probe,515322576,13,8,13,1.0,True,665.7090066597169,8654.21708657632,5723.217086576323,28616.085432881617,2415.0,483,446,0.9233954451345756,37,0,448,14,14,13,7,7,2769.463416200931,5976.500448371248,486.3046484167564,8238.772374554603,40,0.6209810139989713
early_optical_clear_probe,1751707092,10,5,10,1.0,True,876.2645848770632,8762.645848770631,5743.6458487706295,28718.229243853162,2505.0,501,468,0.9341317365269461,33,0,464,10,10,10,5,5,1413.8235235617021,5319.254148198945,488.08031981651806,7188.793157583938,40,0.5124205059983069
early_optical_clear_probe,1012144078,16,9,16,1.0,True,460.86033768298114,7373.765402927698,5233.765402927699,26168.8270146385,1740.0,348,299,0.8591954022988506,49,0,320,16,16,16,7,7,1933.8939730996856,5648.2115867955445,482.751818728956,7373.765402927698,40,0.6403819109982578
early_optical_clear_probe,2573754948,10,4,10,1.0,True,881.920948401115,8819.20948401115,5313.209484011149,26566.04742005575,2910.0,582,554,0.9518900343642611,28,0,546,10,10,10,3,3,3705.7612216171874,7062.056125488876,730.546461260339,8054.657787521292,60,0.5323685100011062
early_optical_clear_probe,2982345103,10,6,10,1.0,True,922.4313405620121,9224.313405620122,5832.31340562012,29161.567028100617,2815.0,563,536,0.9520426287744227,27,0,527,10,10,10,5,5,3517.6292029286315,7695.436745393557,804.1897452053669,8963.958799374168,60,0.558318376999523
early_optical_clear_probe,3470728101,10,5,10,1.0,True,932.8081318802999,9328.081318802999,6006.081318802994,30030.406594014992,2755.0,551,522,0.9473684210526315,29,0,514,11,11,10,6,6,1751.340985646742,5899.188301893271,760.9921192777691,8470.846805116389,60,0.5161718310046126
early_optical_clear_probe,3121671546,10,4,10,1.0,True,822.4406582234166,8224.406582234165,5264.406582234166,26322.03291117084,2455.0,491,458,0.9327902240325866,33,0,455,10,10,10,3,3,1241.814148804357,5718.589293127159,410.6294276872331,7784.107694950472,40,0.5377649500005646
early_optical_clear_probe,3648243123,13,6,13,1.0,True,635.2918734828838,8258.79435527749,5734.794355277489,28673.971776387454,2080.0,416,376,0.9038461538461539,40,0,379,13,13,13,1,1,1008.2074837947886,5868.902708093649,1211.4915271439183,6264.512686125628,89,0.6390065209998284
early_optical_clear_probe,4214939935,12,6,12,1.0,True,731.7826514616023,8781.391817539228,5761.391817539226,28806.959087696137,2495.0,499,466,0.9338677354709419,33,0,462,13,13,12,3,3,2420.2052748089905,6892.982354082354,768.9777558503453,8328.278254133009,59,0.5451347920025
early_optical_clear_probe,255779029,12,6,12,1.0,True,678.2017085236583,8138.4205022839,5337.4205022839,26687.102511419507,2315.0,463,426,0.9200863930885529,37,0,426,12,12,12,3,3,1570.9906251106856,3817.790909665101,1556.5575155143272,7743.647309959174,120,0.5719897280068835
early_optical_clear_probe,3520429384,15,8,15,1.0,True,557.5007051099419,8362.510576649129,5724.51057664913,28622.552883245655,2160.0,432,382,0.8842592592592593,50,0,400,16,16,15,8,8,1509.6439669899971,5131.690852074292,765.4052444784941,8362.510576649129,60,0.5217890569983865
early_optical_clear_probe,3812017245,15,10,15,1.0,True,564.3032334372027,8464.548501558042,5833.548501558041,29167.742507790215,2160.0,432,386,0.8935185185185185,46,0,396,15,15,15,7,7,1769.6709411755883,4581.320104059751,1277.7791652343074,8137.39429056316,100,0.5178090479967068
early_optical_clear_probe,3089893341,14,6,14,1.0,True,599.8289468941882,8397.605256518635,5429.605256518636,27148.026282593186,2445.0,489,449,0.918200408997955,40,0,453,14,14,14,5,5,3156.9208496892124,6024.823338455714,1029.7798068763632,8207.112685704244,80,0.5322944990039105
early_optical_clear_probe,2034039091,15,10,15,1.0,True,541.0859762208578,8116.289643312867,5444.289643312869,27221.448216564353,2195.0,439,397,0.9043280182232346,42,0,402,15,15,15,10,10,2248.5416988877537,5596.988931291966,430.7154881671071,7560.800850594115,40,0.5680672149974271
early_optical_clear_probe,2640841398,14,7,14,1.0,True,663.6044141410454,9290.461797974634,6305.4617979746345,31527.308989873196,2460.0,492,453,0.9207317073170732,39,0,455,14,14,14,7,7,2135.1053178019356,7077.846265653461,454.53327355253947,9290.461797974634,40,0.5332372010016115
early_optical_clear_probe,1672894815,13,7,13,1.0,True,662.8307572700801,8616.79984451104,6080.799844511038,30403.9992225552,2090.0,418,376,0.8995215311004785,42,0,381,13,13,13,8,8,1694.1461578981302,4797.514022697583,408.5520290284722,6755.840921052334,40,0.5647703880022164
early_optical_clear_probe,1050676850,16,8,16,1.0,True,411.74297782399174,6587.887645183868,4525.887645183869,22629.438225919348,1670.0,334,291,0.8712574850299402,43,0,312,16,16,16,6,6,1971.7355163967795,4697.214011247674,1830.578912544269,6587.887645183868,135,0.5594824790023267
early_optical_clear_probe,1198050633,11,4,11,1.0,True,752.8527067614829,8281.379774376312,5455.379774376311,27276.898871881567,2340.0,468,434,0.9273504273504274,34,0,431,11,11,11,3,3,837.2460491910261,3194.3021275543065,441.68611799143207,8281.379774376312,40,0.5878892520049703
early_optical_clear_probe,3935156888,16,5,16,1.0,True,445.61065026195115,7129.770404191218,5030.77040419122,25153.852020956103,1705.0,341,301,0.8826979472140762,40,0,311,17,17,16,1,1,2194.762948338537,5126.56469182338,457.7130492512232,7129.770404191218,40,0.7306193349941168
early_optical_clear_probe,3266921452,15,6,15,1.0,True,530.0717925858455,7951.076888787683,5500.076888787685,27500.384443938437,2010.0,402,357,0.8880597014925373,45,0,366,15,15,15,7,7,925.626871793477,5272.110760182079,501.08443700096166,7951.076888787683,40,0.6783044890034944
early_optical_clear_probe,352872409,15,6,15,1.0,True,477.8577334109375,7167.866001164062,5141.866001164064,25709.33000582033,1655.0,331,282,0.851963746223565,49,0,296,15,15,15,4,4,579.5679663354183,1835.3538044550403,530.1171770060258,7138.866001164062,40,0.6995607259959797
early_optical_clear_probe,3139701276,14,8,14,1.0,True,637.0263992747068,8918.369589845895,5814.369589845895,29071.84794922949,2550.0,510,468,0.9176470588235294,42,0,478,16,16,14,6,6,2522.600119005829,5991.947956450919,531.3164324334457,8918.369589845895,40,0.522298577001493
early_optical_clear_probe,2702277061,12,8,12,1.0,True,703.2752217553972,8439.302661064767,5308.302661064765,26541.513305323842,2590.0,518,481,0.9285714285714286,37,0,481,12,12,12,5,5,2978.087667308668,7826.988437584086,706.3211339922725,8070.371264259687,60,0.5259291710026446
early_optical_clear_probe,3274301891,11,6,11,1.0,True,791.8354900894658,8710.190390984124,5683.190390984123,28415.951954920627,2505.0,501,469,0.936127744510978,32,0,464,12,12,11,5,5,1188.9702226333577,5173.035670390654,442.6022330172422,8174.1161242996595,40,0.6704889410029864
early_optical_clear_probe,634671439,14,6,14,1.0,True,592.0140662743918,8288.196927841485,5662.196927841487,28310.984639207443,2160.0,432,395,0.9143518518518519,37,0,396,14,14,14,5,5,1989.0424586099948,5771.954864480404,445.831866828039,8253.196927841485,40,0.571210150999832
early_optical_clear_probe,2628721524,15,12,15,1.0,True,588.0011505260311,8820.017257890466,6292.017257890467,31460.086289452327,2070.0,414,365,0.8816425120772947,49,0,377,17,17,15,8,8,2232.622697201091,6393.293703580873,1283.539693837023,8820.017257890466,100,0.818828821000352
early_optical_clear_probe,2727681166,11,6,11,1.0,True,725.612880699207,7981.741687691278,5280.7416876912785,26403.7084384564,2230.0,446,416,0.9327354260089686,30,0,413,12,12,11,3,3,1522.0502027851326,4930.006601409287,1007.6151648113539,5931.869302071803,79,0.5689600410041749
early_optical_clear_probe,3163141469,10,6,10,1.0,True,886.3100784221513,8863.100784221513,5617.100784221512,28085.503921107564,2695.0,539,506,0.9387755102040817,33,0,501,10,10,10,2,2,1382.0508330017894,4322.289677819105,733.4439730438078,8863.100784221513,60,0.5138571690040408
early_optical_clear_probe,3391787922,15,7,15,1.0,True,478.5508448500855,7178.2626727512825,5255.262672751284,26276.313363756424,1570.0,314,273,0.8694267515923567,41,0,278,15,15,15,6,6,737.2865008947106,2522.4621886825307,480.04835964290174,7149.2626727512825,40,0.6445775960019091
early_optical_clear_probe,138176968,15,7,15,1.0,True,553.4285355126297,8301.428032689444,5613.428032689446,28067.14016344724,2205.0,441,391,0.8866213151927438,50,0,405,16,16,15,4,4,877.3175452159622,5724.993721558163,470.3380987690886,8272.428032689444,40,0.4925365340022836
early_optical_clear_probe,4275482913,16,11,16,1.0,True,509.06674478441687,8145.06791655067,5825.067916550673,29125.339582753364,1895.0,379,325,0.8575197889182058,54,0,342,17,17,16,9,9,1460.8473809042007,5549.1877466183605,759.8863577511073,8145.06791655067,60,0.7334668230032548
early_optical_clear_probe,730726913,15,8,15,1.0,True,525.4563880777916,7881.845821166875,5679.845821166875,28399.229105834394,1800.0,360,308,0.8555555555555555,52,0,327,15,15,15,5,5,1817.403612035601,5902.571064083028,506.4088278998951,7009.883494702633,40,0.7717678990011336
early_optical_clear_probe,4043356557,15,6,15,1.0,True,547.0702808861759,8206.054213292638,5287.054213292637,26435.271066463185,2400.0,480,436,0.9083333333333333,44,0,444,15,15,15,4,4,2606.80563223692,5560.6159069868845,1514.0438638377107,8177.0542132926375,117,0.49976789200445637
early_optical_clear_probe,4048394223,15,9,15,1.0,True,570.9467547327931,8564.201320991897,6134.201320991897,30671.006604959497,1990.0,398,357,0.8969849246231156,41,0,362,16,16,15,8,8,1323.076826441664,4274.481346775963,459.2191944035902,8187.598482158661,40,0.7157126960009919
early_optical_clear_probe,3995788109,12,9,12,1.0,True,726.8340750437322,8722.008900524786,5861.008900524786,29305.04450262394,2365.0,473,442,0.9344608879492601,31,0,436,12,12,12,7,7,2129.575905501892,6652.854198127099,469.98156842212234,7784.964965922504,40,0.5476988860027632
early_optical_clear_probe,1911560610,11,6,11,1.0,True,786.7126831666036,8653.83951483264,5704.839514832638,28524.197574163198,2440.0,488,460,0.9426229508196722,28,0,454,11,11,11,5,5,2001.9185720772227,6847.583972128641,1322.6913704566068,7822.757901411848,98,0.528699513997708
early_optical_clear_probe,1378666311,16,9,16,1.0,True,445.38716679334806,7126.194668693569,4813.194668693569,24065.97334346785,1885.0,377,329,0.8726790450928382,48,0,348,16,16,16,8,8,2016.4281470583514,5654.936787386898,2832.817839051833,7126.194668693569,208,0.6401924409947242
early_optical_clear_probe,209994418,14,8,14,1.0,True,656.3240828028066,9188.537159239293,6280.537159239294,31402.68579619648,2395.0,479,438,0.9144050104384134,41,0,443,14,14,14,10,10,1921.0661483917272,4885.786704013491,443.9250799260734,9188.537159239293,40,0.5866028910022578
early_optical_clear_probe,3376657311,10,5,10,1.0,True,927.0519843182474,9270.519843182474,5861.519843182475,29307.599215912393,2825.0,565,538,0.952212389380531,27,0,531,11,11,10,5,5,1607.1781071588275,4013.2620268216915,764.2945168806464,9270.519843182474,60,0.506272363003518
early_optical_clear_probe,334438017,10,3,10,1.0,True,813.9986775272431,8139.986775272431,5036.986775272434,25184.933876362174,2575.0,515,483,0.9378640776699029,32,0,478,10,10,10,3,3,414.910567124314,1215.5124423212308,513.6850287588873,7517.7083106663895,40,0.5412649260033504
early_optical_clear_probe,2314259107,13,8,13,1.0,True,630.5686885193895,8197.392950752064,5349.392950752064,26746.96475376033,2350.0,470,429,0.9127659574468086,41,0,433,13,13,13,4,4,1512.549333975369,5108.412152413147,737.437080616286,7925.076371189055,60,0.6281752700015204
early_optical_clear_probe,3184195148,16,9,16,1.0,True,517.9261019581966,8286.817631331145,5415.817631331147,27079.088156655736,2355.0,471,423,0.8980891719745223,48,0,436,16,16,16,9,9,3278.0832983343325,6842.177091824529,1827.7271236244273,8104.0687724708305,139,0.5215827450010693
early_optical_clear_probe,107993458,10,3,10,1.0,True,858.775795095562,8587.75795095562,5445.757950955622,27228.789754778125,2605.0,521,492,0.944337811900192,29,0,487,10,10,10,4,4,2004.583376080538,7185.2496869021425,1493.8276013636168,8338.417535073462,119,0.630920479001361
early_optical_clear_probe,1901341207,14,7,14,1.0,True,624.1001647989216,8737.402307184902,5714.4023071849015,28572.01153592452,2490.0,498,457,0.9176706827309237,41,0,463,14,14,14,5,5,3503.045675578445,6398.636426388775,471.46123150609253,8737.402307184902,40,0.5132439689987223
early_optical_clear_probe,1607275392,11,5,11,1.0,True,774.8597474014513,8523.457221415963,5330.457221415963,26652.28610707982,2645.0,529,493,0.9319470699432892,36,0,493,11,11,11,6,6,1304.3432784726044,4277.433787837997,506.6615537245278,8523.457221415963,40,0.4491944180044811
early_optical_clear_probe,2751323291,12,9,12,1.0,True,708.4582844735363,8501.499413682435,5532.499413682433,27662.497068412176,2455.0,491,450,0.9164969450101833,41,0,454,12,12,12,6,6,2407.083894918453,6799.075143366712,2046.329075512083,8352.854682232362,155,0.6164278750002268
early_optical_clear_probe,1408913889,15,9,15,1.0,True,603.7674019430317,9056.511029145475,6009.511029145471,30047.55514572737,2505.0,501,456,0.9101796407185628,45,0,464,16,16,15,10,10,1731.8954766747177,5545.374848933974,1826.9298719404808,9056.511029145475,139,0.5264291660059826
early_optical_clear_probe,3165878316,15,7,15,1.0,True,505.32458238082444,7579.868735712366,5270.868735712366,26354.343678561847,1890.0,378,332,0.8783068783068783,46,0,344,15,15,15,7,7,1460.0074157461634,5635.716860192785,1038.4667216178213,6887.685417996115,78,0.8622601219976787
early_optical_clear_probe,212572288,13,7,13,1.0,True,669.3947039288649,8702.131151075244,5941.131151075243,29705.655755376232,2275.0,455,417,0.9164835164835164,38,0,418,14,14,13,5,5,1510.1386332322313,5741.411456353595,452.1218514742011,8464.164872769521,40,0.5910274049965665
early_optical_clear_probe,3378893653,16,9,16,1.0,True,558.5521281770888,8936.83405083342,6375.834050833422,31879.170254167122,2095.0,419,370,0.883054892601432,49,0,383,17,17,16,10,10,1541.7807518487516,6517.780368660039,474.0066255437316,8936.83405083342,40,0.6533298650028883
early_optical_clear_probe,2054755127,15,6,15,1.0,True,517.8907070938145,7768.360606407217,5551.360606407218,27756.803032036096,1815.0,363,316,0.8705234159779615,47,0,327,15,15,15,5,5,513.4349287975355,3400.129042735845,446.3923019430962,7392.547255945689,40,1.0029156609962229
early_optical_clear_probe,3102499512,15,5,15,1.0,True,493.97767848473615,7409.665177271042,5367.665177271044,26838.325886355226,1665.0,333,279,0.8378378378378378,54,0,296,17,17,15,7,7,533.603252570019,3821.3503670280315,482.4167417124755,7380.665177271042,40,0.7693889340007445
early_optical_clear_probe,3339623531,16,9,16,1.0,True,500.75312271543703,8012.0499634469925,5526.049963446992,27630.24981723496,2030.0,406,365,0.8990147783251231,41,0,373,17,17,16,6,6,2720.4689544381035,6510.969593539322,755.5282995932625,8012.0499634469925,60,0.5913228660065215
early_optical_clear_probe,1432049038,15,9,15,1.0,True,546.9463804092971,8204.195706139457,5709.195706139456,28545.97853069728,2045.0,409,358,0.8753056234718827,51,0,375,15,15,15,10,10,1629.4891457732338,5808.572603501757,1577.498274677217,7253.920156700457,120,0.5422026930027641
early_optical_clear_probe,1659442896,14,9,14,1.0,True,626.2264775935051,8767.170686309071,5873.170686309069,29365.853431545336,2380.0,476,434,0.9117647058823529,42,0,441,15,15,14,10,10,1865.4576718093354,6735.94243111959,433.16672834997064,8767.170686309071,40,0.607622502000595
early_optical_clear_probe,39944404,12,6,12,1.0,True,768.1769028838766,9218.122834606518,6202.12283460652,31010.61417303261,2495.0,499,464,0.9298597194388778,35,0,461,12,12,12,6,6,1871.2925901417493,6945.3693600036295,755.88805236109,9218.122834606518,59,0.583125661003578
early_optical_clear_probe,664764677,12,7,12,1.0,True,700.872428686408,8410.469144236897,5410.469144236895,27052.345721184487,2480.0,496,464,0.9354838709677419,32,0,460,12,12,12,5,5,1662.1116544738188,5310.869926842913,2241.0270406946265,8226.938349056441,174,0.5440221879980527
early_optical_clear_probe,94380856,13,6,13,1.0,True,624.0999670721251,8113.299571937627,5312.2995719376295,26561.497859688156,2310.0,462,423,0.9155844155844156,39,0,426,13,13,13,4,4,1936.5409178122575,6863.254908750613,524.5716005976786,7749.077668637401,40,0.5058841370046139
early_optical_clear_probe,2575360053,16,6,16,1.0,True,435.46616324716126,6967.45861195458,5005.458611954582,25027.29305977292,1590.0,318,275,0.8647798742138365,43,0,292,16,16,16,2,2,1513.3046744916917,4243.615630277334,459.3703838846733,6967.45861195458,40,0.6651285090047168
early_optical_clear_probe,540046711,12,9,12,1.0,True,719.9007995085786,8638.809594102944,5649.809594102945,28249.04797051473,2470.0,494,462,0.9352226720647774,32,0,459,12,12,12,7,7,822.1278651350511,5941.4671908103055,512.4307365356699,8424.609958206434,40,0.5257152190024499
early_optical_clear_probe,2713070341,10,5,10,1.0,True,859.6341607336939,8596.341607336939,5493.341607336938,27466.7080366847,2575.0,515,483,0.9378640776699029,32,0,478,10,10,10,4,4,1510.7404713655574,5039.371232706923,489.5436646519369,8596.341607336939,40,0.4723256819997914
early_optical_clear_probe,1349104379,15,7,15,1.0,True,526.3336850769574,7895.005276154361,5568.005276154361,27840.026380771815,1905.0,381,338,0.8871391076115486,43,0,344,16,16,15,6,6,1437.692817476377,5672.920086266826,415.58348324904716,7866.005276154361,40,0.7682759590024943
early_optical_clear_probe,2180054523,15,3,15,1.0,True,517.2795830086395,7759.1937451295935,5092.193745129595,25460.96872564797,2190.0,438,386,0.8812785388127854,52,0,402,15,15,15,3,3,2000.1825559656374,5668.735306638332,485.5867723325385,7407.400072116066,40,0.6176282270025695
early_optical_clear_probe,1782308225,16,6,16,1.0,True,410.9393847833186,6575.030156533097,4609.030156533099,23045.150782665496,1595.0,319,271,0.8495297805642633,48,0,291,16,16,16,3,3,1588.811774616455,4607.346364286834,448.8485555824776,6575.030156533097,40,0.6922320759986178
early_optical_clear_probe,3092845060,16,6,16,1.0,True,446.39825787031253,7142.372125925001,5124.3721259250015,25621.860629625,1640.0,328,281,0.8567073170731707,47,0,298,16,16,16,4,4,1145.1290655088158,2767.93579730728,1522.7603014567171,7142.372125925001,112,0.8562906459992519
early_optical_clear_probe,3347205478,13,6,13,1.0,True,668.5752700941823,8691.47851122437,5636.478511224372,28182.39255612186,2520.0,504,466,0.9246031746031746,38,0,467,14,14,13,5,5,2528.6236512909327,6666.049493549222,493.0639521294879,8691.47851122437,40,0.5275992399983807
early_optical_clear_probe,40038378,10,4,10,1.0,True,856.9305563625518,8569.305563625518,5471.305563625519,27356.527818127608,2570.0,514,489,0.9513618677042801,25,0,478,10,10,10,0,0,2135.833705742637,6699.739678382734,700.2084725644435,8379.540802491761,58,0.5502978739968967
early_optical_clear_probe,2888485520,12,5,12,1.0,True,670.4159399342379,8044.991279210855,5375.991279210856,26879.9563960543,2205.0,441,410,0.9297052154195011,31,0,404,12,12,12,2,2,1332.442653245527,5175.831294721459,448.80923668702815,7653.455913458667,40,0.5706735299972934
early_optical_clear_probe,1223158743,12,5,12,1.0,True,775.322855766903,9303.874269202835,6413.874269202839,32069.371346014203,2390.0,478,444,0.9288702928870293,34,0,440,12,12,12,7,7,1757.8961534630178,5162.168231871511,1458.588993608192,9303.874269202835,111,0.7024025569990044
early_optical_clear_probe,3078240695,15,6,15,1.0,True,488.1167196724013,7321.75079508602,4950.75079508602,24753.75397543011,1940.0,388,342,0.8814432989690721,46,0,356,15,15,15,5,5,1432.9611533564382,4076.2968427012765,508.08650195316636,7321.75079508602,40,0.6369909940040088
early_optical_clear_probe,985525661,12,3,12,1.0,True,669.717651542211,8036.6118185065325,5247.6118185065325,26238.05909253268,2305.0,461,420,0.911062906724512,41,0,424,12,12,12,2,2,608.2735783574549,3236.7985665591737,767.0494451530274,7004.953284366607,60,0.5796481979996315
early_optical_clear_probe,3694719757,16,10,16,1.0,True,467.8732719581229,7485.972351329967,5676.972351329968,28384.861756649847,1465.0,293,248,0.8464163822525598,45,0,264,16,16,16,5,5,1217.1433753455976,5160.25979039624,478.3538694630989,7485.972351329967,40,0.932465427002171
early_optical_clear_probe,338214668,15,7,15,1.0,True,557.9055770316326,8368.58365547449,5730.58365547449,28652.918277372468,2165.0,433,388,0.8960739030023095,45,0,398,15,15,15,5,5,1822.9878853310756,5176.099928642722,427.9531363417775,8368.58365547449,40,0.5976883819967043
early_optical_clear_probe,2624928194,12,6,12,1.0,True,807.8015850684801,9693.619020821761,6312.619020821759,31563.095104108797,2795.0,559,518,0.9266547406082289,41,0,520,14,14,12,7,7,1545.1138729606184,5725.9524840858,769.7470092115284,9693.619020821761,60,0.5074777819972951
early_optical_clear_probe,1383096299,10,4,10,1.0,True,814.1948354019627,8141.948354019627,5282.948354019627,26414.741770098146,2370.0,474,445,0.9388185654008439,29,0,439,10,10,10,1,1,1171.9404730114918,5392.379661101642,510.52632019044836,7735.139830995352,40,0.4962763229996199
early_optical_clear_probe,3007390848,16,6,16,1.0,True,446.68549197442263,7146.967871590762,5052.967871590763,25264.839357953828,1705.0,341,296,0.8680351906158358,45,0,309,16,16,16,5,5,1156.922741600967,3828.135968588226,754.7291657078075,7146.967871590762,60,0.7504946560002281
early_optical_clear_probe,2070214637,15,8,15,1.0,True,549.0452621602807,8235.678932404211,5897.678932404208,29488.394662021055,1910.0,382,338,0.8848167539267016,44,0,347,17,17,15,6,6,1750.0642548677201,5523.453588924772,976.0292461334092,7745.669983874123,78,0.7374618790054228
early_optical_clear_probe,108612610,13,8,13,1.0,True,669.9848625843176,8709.80321359613,5720.8032135961275,28604.01606798065,2465.0,493,444,0.9006085192697769,49,0,456,14,14,13,10,10,1264.6081869104817,7715.436359801242,514.290113489317,8709.80321359613,40,0.5522324119956465
early_optical_clear_probe,430039500,15,4,15,1.0,True,499.00601943673814,7485.090291551072,5430.090291551074,27150.451457755385,1680.0,336,290,0.8630952380952381,46,0,300,15,15,15,3,3,941.5458924351685,4571.770934517086,444.1808294645673,7485.090291551072,40,0.754774537999765
early_optical_clear_probe,3820070797,16,8,16,1.0,True,503.55597832312486,8056.895653169998,5673.895653169999,28369.478265849997,1940.0,388,337,0.8685567010309279,51,0,357,18,18,16,10,10,1490.9773797536077,6790.652685972095,756.7575155136486,8056.895653169998,58,1.0470162720012013
early_optical_clear_probe,1212775588,15,10,15,1.0,True,537.3417404693384,8060.126107040076,5578.126107040078,27890.6305352004,2035.0,407,358,0.8796068796068796,49,0,369,16,16,15,7,7,1076.5859497837175,6758.5880925725505,484.94190399805655,8060.126107040076,40,0.6706455259991344
early_optical_clear_probe,1539006321,15,8,15,1.0,True,507.5418293098773,7613.127439648159,5622.12743964816,28110.637198240813,1625.0,325,281,0.8646153846153846,44,0,291,15,15,15,8,8,589.7463478979396,2464.8392982182004,515.4962004845456,6273.868615402285,40,0.8759353229979752
early_optical_clear_probe,1609403908,15,9,15,1.0,True,539.259208415824,8088.88812623736,5834.88812623736,29174.440631186808,1845.0,369,326,0.8834688346883469,43,0,334,15,15,15,2,2,1547.0422405424042,4862.949901027703,485.3038466746681,8059.88812623736,40,0.688934080004401
early_optical_clear_probe,961432002,11,5,11,1.0,True,771.4366694583479,8485.803364041827,5761.803364041826,28809.01682020914,2250.0,450,418,0.9288888888888889,32,0,416,12,12,11,3,3,1140.8330947644065,3661.17858966936,521.3213490194706,7917.773900997978,40,0.5943757649947656
early_optical_clear_probe,290760594,11,7,11,1.0,True,774.1471599259355,8515.61875918529,5453.618759185294,27268.093795926485,2535.0,507,472,0.9309664694280079,35,0,472,11,11,11,7,7,1947.3801208163607,3993.718398317973,754.8951662855707,8515.61875918529,60,0.5179088170043542
early_optical_clear_probe,1861814061,15,8,15,1.0,True,562.8388635179476,8442.582952769215,6095.582952769215,30477.9147638461,1920.0,384,341,0.8880208333333334,43,0,349,16,16,15,5,5,1768.4384578689858,6156.303752264762,460.8957371478727,8147.24154185808,40,0.770836601004703
early_optical_clear_probe,3870422603,11,5,11,1.0,True,701.3358186502745,7714.69400515302,4950.694005153021,24753.470025765117,2285.0,457,423,0.925601750547046,34,0,421,12,12,11,5,5,1028.8534064065084,4029.4580857320857,418.1121675451147,7714.69400515302,40,0.568838521001453
early_optical_clear_probe,3820090675,16,7,16,1.0,True,494.3567861576101,7909.708578521761,5524.708578521761,27623.542892608824,1945.0,389,342,0.8791773778920309,47,0,357,17,17,16,5,5,2127.3040314710825,7104.60452019641,1835.1597185429498,7909.708578521761,136,0.6240735510000377
early_optical_clear_probe,2958371694,11,7,11,1.0,True,885.1866958014981,9737.05365381648,6686.053653816481,33430.268269082415,2525.0,505,475,0.9405940594059405,30,0,468,12,12,11,5,5,2586.64855437502,6464.96403433831,491.4513339313711,9737.05365381648,40,0.5797006659995532
early_optical_clear_probe,3241226197,13,9,13,1.0,True,705.6348624912255,9173.253212385931,6301.253212385929,31506.266061929662,2365.0,473,431,0.9112050739957717,42,0,439,14,14,13,10,10,1902.9840169104014,6992.451424469882,1502.0874463209811,8711.57618826131,115,0.5888621430058265
early_optical_clear_probe,3856494482,11,4,11,1.0,True,703.3414519208949,7736.755971129844,5029.755971129844,25148.779855649227,2240.0,448,415,0.9263392857142857,33,0,412,11,11,11,4,4,662.7793979385159,2674.2869327462067,518.859642809985,7136.4918181777475,40,0.5712570940013393
early_optical_clear_probe,3456441296,12,4,12,1.0,True,722.7553936750068,8673.06472410008,5646.06472410008,28230.32362050041,2500.0,500,463,0.926,37,0,464,13,13,12,5,5,1097.5319943685747,3727.7251776350595,464.82379868735586,8673.06472410008,40,0.5698792250041151
early_optical_clear_probe,533516559,12,6,12,1.0,True,642.2210034031602,7706.652040837923,5168.652040837923,25843.260204189613,2095.0,419,386,0.9212410501193318,33,0,383,12,12,12,3,3,672.8218964819021,4041.4198998484635,503.6041050220206,7100.745784127682,40,0.5338814869974158
early_optical_clear_probe,2957515308,14,9,14,1.0,True,642.3179919815178,8992.45188774125,5923.451887741251,29617.259438706267,2530.0,506,464,0.9169960474308301,42,0,469,14,14,14,7,7,2443.3869888255294,6662.603362466355,1045.3435274295932,8992.45188774125,80,0.5738802860068972
early_optical_clear_probe,358437076,16,8,16,1.0,True,484.15942997263,7746.55087956208,5671.550879562081,28357.754397810426,1690.0,338,289,0.8550295857988166,49,0,305,16,16,16,7,7,1307.2868692839018,7099.510227057753,474.9835591223467,7746.55087956208,40,0.5536633329975302
early_optical_clear_probe,3378640661,12,8,12,1.0,True,730.7055959075201,8768.467150890241,5772.46715089024,28862.335754451204,2475.0,495,459,0.9272727272727272,36,0,458,13,13,12,6,6,2794.2909586060964,6537.265981204896,702.4443228070871,8768.467150890241,60,0.5890522069967119
early_optical_clear_probe,3623040447,10,3,10,1.0,True,849.3025013347506,8493.025013347506,5375.025013347507,26875.125066737553,2585.0,517,491,0.9497098646034816,26,0,480,11,11,10,1,1,1767.859121130769,6192.954024133544,689.9650742022295,8322.156912620165,60,0.5284680069962633
early_optical_clear_probe,3556528153,12,9,12,1.0,True,749.6458377147446,8995.750052576936,5851.7500525769365,29258.750262884685,2600.0,520,483,0.9288461538461539,37,0,484,12,12,12,10,10,2079.8214094393884,4411.2624170846675,2046.7751087486215,8836.796443577865,157,0.44519411199871683
early_optical_clear_probe,44974632,16,9,16,1.0,True,440.1407988270218,7042.252781232349,5141.252781232349,25706.263906161752,1535.0,307,260,0.8469055374592834,47,0,283,17,17,16,6,6,1722.2868134918335,5684.582160484631,496.5966030510805,7042.252781232349,40,0.6082462319973274
early_optical_clear_probe,2390718514,15,7,15,1.0,True,616.1225826436038,9241.838739654057,6610.838739654057,33054.19369827029,2155.0,431,381,0.8839907192575406,50,0,395,17,17,15,6,6,2039.9564223596963,6628.09011888436,508.9729234355019,9241.838739654057,40,0.5973292540002149
early_optical_clear_probe,1023524120,14,4,14,1.0,True,528.649455364128,7401.092375097793,5379.092375097794,26895.461875488974,1655.0,331,289,0.8731117824773413,42,0,297,14,14,14,2,2,525.9345932869217,3003.8837627191338,448.5978345071347,5102.6453156423295,40,0.8172572269977536
early_optical_clear_probe,3756829328,10,9,10,1.0,True,880.4531732455778,8804.531732455778,5771.531732455778,28857.6586622789,2515.0,503,472,0.9383697813121272,31,0,468,10,10,10,5,5,1765.7481886363762,7692.847498376664,520.3897065576051,8295.3387928512,40,0.5106429980005487
early_optical_clear_probe,3653804074,10,2,10,1.0,True,870.9315224002497,8709.315224002497,5722.315224002499,28611.576120012505,2475.0,495,463,0.9353535353535354,32,0,459,11,11,10,2,2,1019.4594175410148,3366.075031361958,676.966784517094,8273.352746230468,58,0.6550952959951246
early_optical_clear_probe,3977043164,12,6,12,1.0,True,698.4718044935802,8381.661653922962,5550.661653922962,27753.30826961482,2340.0,468,429,0.9166666666666666,39,0,431,12,12,12,6,6,1719.0457260768071,4761.217673548881,734.4987856415571,7588.640049948328,60,0.5191251180003746
early_optical_clear_probe,218935108,11,2,11,1.0,True,729.9593934535116,8029.553327988627,5167.553327988629,25837.76663994315,2370.0,474,434,0.9156118143459916,40,0,437,11,11,11,0,0,1028.043665750598,5139.186440694009,522.299931046411,7835.421612481749,40,0.522995314997388
early_optical_clear_probe,4270760689,13,4,13,1.0,True,613.2112850591295,7971.746705768684,5266.746705768686,26333.733528843433,2225.0,445,402,0.903370786516854,43,0,409,15,15,13,3,3,1078.8382224470956,4924.37866094137,751.1840764464366,7601.29150957874,59,0.6070954349997919
early_optical_clear_probe,2292845516,11,5,11,1.0,True,711.2583754037823,7823.842129441606,5081.842129441607,25409.21064720804,2270.0,454,423,0.9317180616740088,31,0,417,11,11,11,2,2,1455.8672897682889,5287.571150162852,736.4299749965319,7823.842129441606,59,0.5530952210028772
early_optical_clear_probe,1269505971,11,6,11,1.0,True,820.9095491219159,9030.005040341075,5908.005040341073,29540.02520170538,2585.0,517,487,0.941972920696325,30,0,479,12,12,11,5,5,1204.4051319688958,5743.076712292282,1487.0249528158286,9030.005040341075,108,0.585883081999782
early_optical_clear_probe,2919248072,12,5,12,1.0,True,671.1509413819423,8053.811296583307,5075.811296583309,25379.056482916552,2460.0,492,456,0.926829268292683,36,0,458,12,12,12,4,4,2172.365354281165,7385.949570645018,2076.8073518606457,7761.685594822995,155,0.5401005010062363
early_optical_clear_probe,3458909344,12,3,12,1.0,True,681.5206132828165,8178.247359393798,5333.247359393799,26666.23679696899,2350.0,470,433,0.9212765957446809,37,0,435,12,12,12,2,2,2008.9940571855313,5942.810380585347,532.9200396167616,7588.479974873014,40,0.4826029949981603
early_optical_clear_probe,2390885444,11,6,11,1.0,True,766.2115304017981,8428.326834419779,5635.326834419777,28176.6341720989,2310.0,462,432,0.935064935064935,30,0,428,11,11,11,5,5,1025.2528422667167,3511.6616466314717,1457.8627568847598,6616.6325548206,116,0.6128636890061898
early_optical_clear_probe,1071245986,15,6,15,1.0,True,548.92528230615,8233.87923459225,5528.879234592251,27644.396172961267,2220.0,444,396,0.8918918918918919,48,0,410,15,15,15,6,6,2197.952128762577,4803.915234952159,2543.9788877021615,8233.87923459225,186,0.5678981669989298
early_optical_clear_probe,3419923298,15,4,15,1.0,True,504.24353947948134,7563.65309219222,5345.653092192221,26728.265460961116,1815.0,363,319,0.8787878787878788,44,0,328,15,15,15,3,3,832.3414522864001,4504.871276696543,479.90849450541174,7563.65309219222,40,0.7034964680060511
early_optical_clear_probe,2615973199,13,11,13,1.0,True,668.5350832573336,8690.956082345336,6008.956082345335,30044.78041172669,2210.0,442,403,0.9117647058823529,39,0,407,13,13,13,6,6,2118.6365726860104,7195.125181195749,1052.0434405124465,7707.531694218376,79,0.659948106003867
early_optical_clear_probe,1616346537,16,6,16,1.0,True,491.1680371395059,7858.688594232094,5585.688594232094,27928.44297116048,1855.0,371,329,0.8867924528301887,42,0,335,17,17,16,2,2,1478.5283158921902,7473.773760828516,655.4526764945523,7858.688594232094,60,0.675075758001185
early_optical_clear_probe,3475444314,12,3,12,1.0,True,695.0594853779634,8340.71382453556,5717.713824535559,28588.56912267781,2165.0,433,395,0.9122401847575058,38,0,395,13,13,12,5,5,522.0902422541195,2511.479601747946,426.29976797404186,8340.71382453556,40,0.6834445720014628
early_optical_clear_probe,1906843977,16,4,16,1.0,True,499.1265168255036,7986.024269208057,5715.024269208059,28575.1213460403,1850.0,370,316,0.8540540540540541,54,0,338,17,17,16,4,4,799.5757686679785,4919.605779028205,412.9172148839614,7986.024269208057,40,0.7312544259984861
early_optical_clear_probe,1438742219,10,4,10,1.0,True,831.2672413075807,8312.672413075807,5155.67241307581,25778.36206537905,2620.0,524,492,0.9389312977099237,32,0,487,10,10,10,4,4,1590.201037077587,4436.018409180941,2011.163865519504,8046.818282509626,151,0.46533436499885283
early_optical_clear_probe,3596590340,16,9,16,1.0,True,478.2294641141593,7651.671425826549,5615.671425826551,28078.35712913276,1655.0,331,283,0.8549848942598187,48,0,298,17,17,16,8,8,777.005549306138,7336.907533100031,774.9148796615332,7651.671425826549,59,0.7723553399991943
early_optical_clear_probe,2098418556,12,8,12,1.0,True,673.9162000798295,8086.994400957954,5572.994400957954,27864.972004789786,2075.0,415,379,0.9132530120481928,36,0,379,12,12,12,6,6,1140.5048055885356,4805.805449277577,678.4103563151621,7715.1691635318575,60,0.681246229003591
early_optical_clear_probe,906713679,13,8,13,1.0,True,622.9934034989226,8098.914245485993,5459.914245485995,27299.57122742998,2175.0,435,396,0.9103448275862069,39,0,399,13,13,13,7,7,1220.7053061679062,5541.811178891228,709.4123330762014,7161.469787477799,60,0.5158220030061784
early_optical_clear_probe,148927965,14,6,14,1.0,True,584.8016227892933,8187.222719050106,5346.222719050106,26731.113595250532,2340.0,468,427,0.9123931623931624,41,0,431,14,14,14,5,5,1952.0806315647826,5058.227983636779,719.3663475018848,7966.9281023175845,60,0.5181268730011652
early_optical_clear_probe,3255839425,13,6,13,1.0,True,631.7532087958529,8212.791714346087,5504.791714346087,27523.958571730444,2230.0,446,402,0.9013452914798207,44,0,410,14,14,13,2,2,2260.825346985014,6314.202908286025,1478.744354320966,8212.791714346087,116,0.6660817730007693
early_optical_clear_probe,3459667622,16,7,16,1.0,True,523.0877292707233,8369.403668331573,5937.403668331577,29687.018341657895,1985.0,397,345,0.8690176322418136,52,0,364,17,17,16,4,4,2144.7416863871617,7401.104439214786,756.8852829246802,8369.403668331573,59,0.5298108190036146
early_optical_clear_probe,3264681482,13,6,13,1.0,True,572.0089035689078,7436.1157463958025,5168.115746395803,25840.578731979032,1865.0,373,341,0.9142091152815014,32,0,338,13,13,13,4,4,1172.5729917107228,3685.7907888961117,723.0744967400483,7395.1157463958025,58,0.6811235820059665
early_optical_clear_probe,113145644,12,7,12,1.0,True,668.0768907438838,8016.9226889266065,5250.922688926607,26254.613444633054,2285.0,457,419,0.9168490153172867,38,0,421,12,12,12,4,4,1327.6822266319743,5284.863255291946,533.8040384895612,7868.64174318789,40,0.5743265600031009
early_optical_clear_probe,3619343408,11,4,11,1.0,True,787.6374462588017,8664.011908846818,5709.011908846817,28545.059544234096,2445.0,489,460,0.9406952965235174,29,0,455,11,11,11,3,3,1973.8715855465346,5101.468873951677,713.0288743549553,6313.522371029626,60,0.634654101995693
early_optical_clear_probe,2454437387,16,9,16,1.0,True,545.3987032293575,8726.37925166972,6349.37925166972,31746.896258348617,1945.0,389,343,0.8817480719794345,46,0,352,16,16,16,7,7,1324.2499279155106,4645.934136565787,462.1281372951976,8726.37925166972,40,0.6299339830002282
early_optical_clear_probe,1012838020,14,8,14,1.0,True,593.8240717827845,8313.537004958982,5733.537004958983,28667.68502479493,2120.0,424,381,0.8985849056603774,43,0,387,15,15,14,7,7,2316.3171527127397,7351.694683428833,492.7014584066154,7766.141035689321,40,0.7842595140027697
early_optical_clear_probe,2820959016,16,5,16,1.0,True,505.5161269845532,8088.258031752851,5751.258031752852,28756.29015876426,1910.0,382,331,0.8664921465968587,51,0,347,16,16,16,5,5,1450.3088726159567,7330.381382500892,734.208238750708,7779.687165926102,60,0.6061879709959612
early_optical_clear_probe,2642233955,14,9,14,1.0,True,625.3673352710399,8755.142693794558,6043.142693794556,30215.71346897279,2230.0,446,397,0.8901345291479821,49,0,412,14,14,14,9,9,1355.0681068625922,4888.540330365915,438.8433643315897,7848.02938547194,40,0.6288329210001393
early_optical_clear_probe,4220714802,13,7,13,1.0,True,646.1245475951098,8399.619118736427,5561.619118736426,27808.095593682145,2340.0,468,424,0.905982905982906,44,0,433,13,13,13,6,6,1920.9993740097536,5769.842493797788,784.4140870632423,7151.831455212042,60,0.5453910430005635
early_optical_clear_probe,2285627862,13,9,13,1.0,True,652.0165689565645,8476.215396435338,5544.215396435337,27721.0769821767,2420.0,484,446,0.9214876033057852,38,0,447,13,13,13,8,8,2427.8741592542883,5837.184417243246,503.57948289983597,7689.965309159214,40,0.5132880540040787
early_optical_clear_probe,55320050,10,8,10,1.0,True,866.0585477924636,8660.585477924637,5593.585477924639,27967.927389623208,2540.0,508,479,0.9429133858267716,29,0,471,12,12,10,5,5,1537.2629609354685,5450.258234666902,1279.4631397904095,8601.585477924637,94,0.6795865699968999
early_optical_clear_probe,3166525395,15,9,15,1.0,True,614.799081685068,9221.98622527602,6265.986225276019,31329.931126380103,2430.0,486,446,0.9176954732510288,40,0,451,15,15,15,6,6,3421.819429741025,6436.061509386478,487.09148900260755,9221.98622527602,40,0.4904646840004716
early_optical_clear_probe,3078958235,14,8,14,1.0,True,585.4916703783331,8196.883385296664,5701.883385296664,28509.41692648332,2045.0,409,369,0.902200488997555,40,0,377,15,15,14,5,5,1429.1441892133828,7014.945766525181,450.4704877208681,7751.762680167654,40,0.6160258439995232
early_optical_clear_probe,4096368449,14,5,14,1.0,True,575.565445566129,8057.916237925807,5650.916237925808,28254.581189629047,1975.0,395,354,0.8962025316455696,41,0,359,15,15,14,2,2,1143.3590806273257,7571.872588506777,1660.0549830389684,7896.8720184609465,117,0.7227215810053167
early_optical_clear_probe,1158609476,15,6,15,1.0,True,541.1612447119747,8117.418670679622,6014.418670679623,30072.09335339813,1715.0,343,293,0.8542274052478134,50,0,307,17,17,15,6,6,603.5341436120231,2508.0598603558856,721.9936412383082,7564.744139815118,59,0.7164353800035315
early_optical_clear_probe,450858354,11,6,11,1.0,True,823.5471021869668,9059.018124056634,5850.018124056631,29250.090620283172,2655.0,531,497,0.935969868173258,34,0,496,12,12,11,3,3,2762.1274111925127,7296.028296743292,1766.071898512122,7693.741072253378,132,0.7568168500001775
early_optical_clear_probe,3293380538,16,11,16,1.0,True,531.0692894378883,8497.108631006213,5643.108631006214,28215.543155031068,2340.0,468,417,0.8910256410256411,51,0,434,16,16,16,6,6,2747.2780910661863,7902.412259931231,1033.1109635712646,8497.108631006213,80,0.671259310998721
early_optical_clear_probe,632223927,14,5,14,1.0,True,573.1579555795577,8024.211378113807,5523.211378113808,27616.056890569038,2055.0,411,373,0.9075425790754258,38,0,376,14,14,14,3,3,1981.8978722621898,5309.455037335308,458.31983716198084,7378.482740282213,40,0.6601041789981537
early_optical_clear_probe,2461347961,14,9,14,1.0,True,728.9581118339032,10205.413565674646,6912.4135656746475,34562.06782837324,2715.0,543,498,0.9171270718232044,45,0,505,15,15,14,9,9,2729.54855592982,7069.065788989706,3398.6860258628817,10205.413565674646,256,0.5772878640054842
early_optical_clear_probe,69831849,13,7,13,1.0,True,654.0249634982694,8502.324525477501,5681.3245254775,28406.622627387507,2325.0,465,425,0.9139784946236559,40,0,428,14,14,13,5,5,1696.002220747424,6325.797960380709,535.4832160986567,7214.36904837851,40,0.4954186819959432
early_optical_clear_probe,677184265,15,5,15,1.0,True,577.5670871151851,8663.506306727777,6285.506306727774,31427.531533638885,1945.0,389,342,0.8791773778920309,47,0,352,17,17,15,6,6,524.2467163908406,4142.589833903993,503.2364734190918,8663.506306727777,40,0.7512227309998707
early_optical_clear_probe,1106202395,16,7,16,1.0,True,513.0944945607399,8209.511912971839,5682.511912971841,28412.55956485922,2065.0,413,362,0.8765133171912833,51,0,379,17,17,16,6,6,2610.7179941623544,6506.477937162082,465.01597805298775,8209.511912971839,40,0.5694597519977833
early_optical_clear_probe,538415946,11,6,11,1.0,True,826.9121653220463,9096.03381854251,6092.033818542509,30460.169092712553,2485.0,497,460,0.9255533199195171,37,0,461,12,12,11,9,9,1290.6809704159887,5154.75625066778,2293.713501412821,8465.815213537928,173,0.6773430719986209
early_optical_clear_probe,2046652308,16,10,16,1.0,True,545.7737815051343,8732.380504082148,6103.38050408215,30516.902520410767,2150.0,430,372,0.8651162790697674,58,0,396,17,17,16,10,10,1508.6112782248476,6559.239494764935,1540.592115859118,8732.380504082148,116,0.5834631079997052
early_optical_clear_probe,3299062044,13,4,13,1.0,True,619.6217944715273,8055.083328129855,5260.083328129855,26300.416640649284,2305.0,461,419,0.9088937093275488,42,0,425,13,13,13,4,4,1084.632970573514,5157.841666950038,834.5645075281068,8055.083328129855,60,0.5049367070023436
early_optical_clear_probe,3930946871,16,8,16,1.0,True,381.65161302671856,6106.425808427497,4330.425808427497,21652.129042137487,1435.0,287,237,0.8257839721254355,50,0,261,16,16,16,5,5,919.0207850205752,4321.4267773118445,977.7867426994014,6106.425808427497,74,0.6559100900049089
early_optical_clear_probe,2215248503,15,5,15,1.0,True,527.8818405281125,7918.227607921688,5539.227607921689,27696.138039608453,1950.0,390,347,0.8897435897435897,43,0,354,15,15,15,2,2,1899.5200599043144,7105.076463530797,436.8219913968021,7761.627764751261,40,0.7214308270049514
early_optical_clear_probe,3828144683,10,6,10,1.0,True,901.3233801019445,9013.233801019445,5710.23380101945,28551.169005097257,2740.0,548,520,0.948905109489051,28,0,513,10,10,10,1,1,2299.260097063031,5088.098297824064,497.8337004185354,8803.944539883474,40,0.5028063420031685
early_optical_clear_probe,3693738339,14,5,14,1.0,True,558.8794114533978,7824.311760347569,5651.311760347569,28256.558801737858,1780.0,356,316,0.8876404494382022,40,0,320,15,15,14,3,3,1054.3345018104992,3565.6968594057425,689.410232637434,7789.311760347569,60,0.8368599070017808
early_optical_clear_probe,325373788,12,4,12,1.0,True,669.2476510985266,8030.971813182319,5241.971813182322,26209.859065911613,2300.0,460,417,0.9065217391304348,43,0,426,13,13,12,7,7,784.4911696587513,3858.741531948193,473.84376410779686,7452.411415761452,40,0.45892563500092365
early_optical_clear_probe,3491369094,13,6,13,1.0,True,629.9143178610682,8188.886132193886,5549.886132193886,27749.43066096944,2170.0,434,395,0.9101382488479263,39,0,398,15,15,13,2,2,1795.5947369675673,6215.469695194063,459.90522664340523,6995.378707365552,40,0.5552597040004912
early_optical_clear_probe,396880622,10,2,10,1.0,True,886.1699772728207,8861.699772728207,5481.699772728207,27408.49886364105,2805.0,561,532,0.948306595365419,29,0,525,10,10,10,2,2,3174.7427845393277,6144.692350945101,3113.4797546748423,7753.681217246879,234,0.5042842410039157
early_optical_clear_probe,3499588722,12,8,12,1.0,True,732.3197916742365,8787.837500090838,5713.837500090835,28569.187500454198,2540.0,508,469,0.9232283464566929,39,0,471,13,13,12,9,9,1999.805598074552,6010.55516946404,2766.6772779568146,7865.657922880771,215,0.6209081369961496
early_optical_clear_probe,244084120,12,5,12,1.0,True,752.601124075031,9031.213488900372,5790.213488900371,28951.067444501863,2680.0,536,500,0.9328358208955224,36,0,501,12,12,12,5,5,2140.3627473978077,6859.531287477932,1555.3785542218134,8984.213488900372,116,0.5168787989969132
early_optical_clear_probe,382328148,13,6,13,1.0,True,687.1302790232319,8932.693627302015,6190.693627302012,30953.468136510073,2260.0,452,415,0.918141592920354,37,0,417,13,13,13,3,3,2108.950379458182,7794.914965392728,1541.876661116899,8932.693627302015,120,0.6655428930025664
early_optical_clear_probe,25130690,14,7,14,1.0,True,625.2376428439619,8753.326999815466,6046.3269998154665,30231.634999077338,2225.0,445,401,0.9011235955056179,44,0,406,16,16,14,11,11,1229.2193739902825,6488.169958951501,769.1549926219066,8753.326999815466,58,0.6485003729976597
early_optical_clear_probe,4265359673,13,4,13,1.0,True,581.7812473643919,7563.1562157370945,4942.1562157370945,24710.781078685482,2160.0,432,394,0.9120370370370371,38,0,396,13,13,13,3,3,580.9235701383406,3080.684714807748,528.0184910914655,7522.1562157370945,40,0.6106823419977445
early_optical_clear_probe,3265045715,15,4,15,1.0,True,516.633200434443,7749.498006516645,5217.4980065166465,26087.490032583228,2075.0,415,366,0.8819277108433735,49,0,382,15,15,15,5,5,1731.6667773585446,5538.831656008433,774.2395275515119,7449.230807309373,60,0.6300891069986392
early_optical_clear_probe,3722178064,15,7,15,1.0,True,488.1463934778102,7322.195902167153,5243.195902167153,26215.979510835772,1700.0,340,292,0.8588235294117647,48,0,304,15,15,15,3,3,1140.989976758859,2757.9549906636485,463.07547309908506,6650.471819130343,40,0.5820198040019022
early_optical_clear_probe,921635658,12,5,12,1.0,True,645.3874848220859,7744.649817865031,5065.649817865032,25328.24908932517,2210.0,442,407,0.920814479638009,35,0,406,13,13,12,1,1,1320.5598660071876,4844.696593704398,465.85746147517517,7697.649817865031,40,0.52257414500491
early_optical_clear_probe,2192236840,14,6,14,1.0,True,550.1877051580556,7702.627872212777,5121.627872212777,25608.139361063895,2120.0,424,381,0.8985849056603774,43,0,391,14,14,14,5,5,943.4203979926923,4330.962062881966,1298.73792047303,7667.627872212777,98,0.552995790996647
early_optical_clear_probe,993082500,12,7,12,1.0,True,678.8846152349612,8146.615382819534,5279.615382819535,26398.076914097684,2370.0,474,438,0.9240506329113924,36,0,437,12,12,12,6,6,1633.8923624176325,4203.718713815925,467.0137513682135,8146.615382819534,40,0.6788007409995771
early_optical_clear_probe,690813514,11,8,11,1.0,True,800.5996829690819,8806.5965126599,5695.5965126598985,28477.9825632995,2575.0,515,481,0.9339805825242719,34,0,481,11,11,11,9,9,2445.458923830439,4581.6226621327105,2088.1590088115418,8806.5965126599,160,0.5166141869995045
early_optical_clear_probe,1322565014,15,8,15,1.0,True,567.9471847803156,8519.207771704734,5732.207771704733,28661.038858523683,2290.0,458,409,0.8930131004366813,49,0,422,15,15,15,6,6,1839.2159328154567,5740.110120568852,772.134054071097,7476.403413517642,60,0.5755100859969389
early_optical_clear_probe,2858770879,11,5,11,1.0,True,725.3521682003148,7978.873850203464,5012.873850203464,25064.369251017328,2455.0,491,457,0.9307535641547862,34,0,456,11,11,11,4,4,1547.5860953483852,4001.9280963967963,491.8847649410247,7602.8028805446065,40,0.4915192679982283
early_optical_clear_probe,2790350186,15,8,15,1.0,True,548.0559024995965,8220.838537493948,5545.838537493951,27729.192687469756,2195.0,439,396,0.9020501138952164,42,1,402,16,16,15,5,5,1484.7673803821158,5477.050747935701,430.0804503141793,7096.66715579607,40,0.5507787370006554
early_optical_clear_probe,949451510,16,9,16,1.0,True,473.420694043454,7574.731104695264,5410.7311046952655,27053.655523476336,1760.0,352,304,0.8636363636363636,48,0,321,17,17,16,5,5,1632.2870718628142,6728.0784571904305,487.5520698206187,7574.731104695264,40,0.7353790589986602
early_optical_clear_probe,2516305175,16,12,16,1.0,True,470.1068056505451,7521.708890408721,5207.708890408721,26038.54445204361,1890.0,378,335,0.8862433862433863,43,0,344,16,16,16,5,5,1980.0608871637874,5735.187558222513,765.4855325214535,7521.708890408721,60,0.6268011439969996
early_optical_clear_probe,2481749816,11,3,11,1.0,True,780.5302477355316,8585.832725090848,5414.832725090849,27074.163625454254,2625.0,525,494,0.940952380952381,31,0,488,12,12,11,4,4,1850.3820371345728,7430.2022032251,782.6010397815919,8369.67501564905,60,0.46548878800240345
early_optical_clear_probe,1411705779,14,8,14,1.0,True,627.4704666266218,8784.586532772706,6001.586532772704,30007.93266386354,2290.0,458,421,0.9192139737991266,37,0,423,14,14,14,5,5,2556.0818112401353,5747.862271162543,443.24314954075226,8784.586532772706,40,0.5750548089999938
early_optical_clear_probe,317443951,13,6,13,1.0,True,627.4868422782764,8157.328949617593,5614.328949617593,28071.64474808797,2095.0,419,383,0.9140811455847255,36,0,383,13,13,13,6,6,1475.6925506757445,5087.24656443317,487.2366167001649,8116.328949617593,40,0.6951381390026654
early_optical_clear_probe,150768868,16,11,16,1.0,True,492.6888941651442,7883.022306642307,5436.022306642306,27180.111533211533,2000.0,400,347,0.8675,53,0,367,16,16,16,14,14,1839.0481427281609,7121.704741388395,2497.9120519310395,7883.022306642307,184,0.6054010849984479
early_optical_clear_probe,192788647,10,6,10,1.0,True,885.9517388168879,8859.517388168879,5534.517388168882,27672.586940844412,2760.0,552,521,0.9438405797101449,31,0,515,10,10,10,6,6,1756.7481798940728,6000.262744999859,469.97263652144784,8708.506531982232,40,0.5074908960014
early_optical_clear_probe,1823090573,16,12,16,1.0,True,494.1345421328615,7906.152674125784,5634.152674125784,28170.76337062893,1850.0,370,321,0.8675675675675676,49,0,342,16,16,16,9,9,2439.0243673602004,6946.845653093859,493.81351859993947,7906.152674125784,40,0.5804280430020299
early_optical_clear_probe,434019179,12,5,12,1.0,True,743.8747510014,8926.4970120168,6062.497012016799,30312.485060084007,2365.0,473,432,0.9133192389006343,41,0,436,13,13,12,6,6,1432.3221239904904,3954.306110531974,502.985077122512,8001.17403133376,40,0.5837440860050265
early_optical_clear_probe,3252899690,10,6,10,1.0,True,838.7984621484333,8387.984621484333,5113.984621484336,25569.923107421684,2715.0,543,516,0.9502762430939227,27,0,509,10,10,10,2,2,2246.314046538639,4683.5400188107815,1281.0137412356378,8063.180664009224,99,0.45212238500243984
early_optical_clear_probe,3137737418,10,6,10,1.0,True,922.7603726177397,9227.603726177396,5660.603726177394,28303.01863088698,2960.0,592,558,0.9425675675675675,34,0,557,10,10,10,5,5,3570.1703803129844,5897.451901564925,5164.550822302915,9227.603726177396,390,0.44773124600033043
early_optical_clear_probe,2635772674,14,8,14,1.0,True,573.3586664360126,8027.021330104177,5371.021330104177,26855.106650520884,2185.0,437,396,0.9061784897025171,41,0,401,14,14,14,2,2,2014.7509434628776,7167.906364942936,503.95084128488776,7806.15347225614,40,0.6071591840009205
early_optical_clear_probe,1539892372,14,6,14,1.0,True,554.1930037663188,7758.702052728464,5323.702052728465,26618.51026364234,2000.0,400,363,0.9075,37,0,365,14,14,14,2,2,1438.5866809823037,4136.087231753874,489.1748932234209,7236.481003253098,40,0.6132699830050115
early_optical_clear_probe,3737263451,11,6,11,1.0,True,780.7389723096417,8588.128695406058,5444.128695406057,27220.64347703029,2605.0,521,489,0.9385796545105566,32,0,484,11,11,11,9,9,1121.1209366563132,4701.273895274542,532.0682604744093,8535.128695406058,40,0.4572267080002348
early_optical_clear_probe,3663617639,16,11,16,1.0,True,530.1154578014932,8481.847324823892,6016.8473248238915,30084.23662411947,2010.0,402,348,0.8656716417910447,54,0,369,18,18,16,10,10,2381.624008711201,7643.453881003594,1575.1682464645414,8481.847324823892,116,0.61928115599585
early_optical_clear_probe,2596214497,12,6,12,1.0,True,687.1702038879239,8246.042446655087,5475.042446655088,27375.212233275444,2290.0,458,423,0.9235807860262009,35,0,421,12,12,12,4,4,1812.9478455448334,5194.060303763096,789.9750743084716,8199.042446655087,59,0.5816357990042889
early_optical_clear_probe,2349658437,13,5,13,1.0,True,641.7185068661994,8342.340589260592,5695.340589260591,28476.70294630297,2180.0,436,405,0.9288990825688074,31,0,402,13,13,13,2,2,2103.313297965408,6451.1867269707345,726.0887900221172,8139.386316424893,58,0.5529053999998723
early_optical_clear_probe,2070777438,16,10,16,1.0,True,530.5853479038972,8489.365566462355,6168.365566462354,30841.827832311792,1890.0,378,328,0.8677248677248677,49,1,345,18,18,16,12,12,1293.832631438044,6245.994524365651,389.2,8489.365566462355,40,0.7353128679969814
early_optical_clear_probe,3133637116,10,5,10,1.0,True,889.0555695248361,8890.55569524836,5843.555695248363,29217.778476241823,2525.0,505,476,0.9425742574257425,29,0,469,11,11,10,6,6,2199.744633832129,5727.016826745082,423.67365214477445,8732.900643748928,40,0.6462443149939645
early_optical_clear_probe,2933138599,12,6,12,1.0,True,707.2950473435934,8487.54056812312,5741.540568123121,28707.70284061561,2265.0,453,418,0.9227373068432672,35,0,418,13,13,12,5,5,1444.4712276857597,6289.120823036191,1288.7083613277073,6875.591838819335,96,0.5825601370015647
early_optical_clear_probe,3748318048,16,5,16,1.0,True,463.69074829343447,7419.0519726949515,5339.051972694951,26695.259863474756,1690.0,338,288,0.8520710059171598,50,0,307,17,17,16,5,5,1722.7944695554227,4797.038987664604,480.7044231686091,7419.0519726949515,40,0.550169583002571
early_optical_clear_probe,3619295191,15,7,15,1.0,True,558.9212644472631,8383.818966708946,5935.818966708947,29679.094833544747,2005.0,401,356,0.8877805486284289,45,0,365,16,16,15,10,10,962.5716561163529,3098.31042664788,1004.7886483179062,7775.638863460397,79,0.6699250219971873
early_optical_clear_probe,2885423397,14,7,14,1.0,True,600.701132819008,8409.81585946611,5867.815859466113,29339.079297330576,2090.0,418,378,0.9043062200956937,40,0,382,14,14,14,7,7,1806.4193704979864,7309.351108286897,971.0647063753707,8409.81585946611,79,0.6196748509973986
early_optical_clear_probe,4262786171,15,8,15,1.0,True,541.4314243661543,8121.471365492313,5492.471365492314,27462.356827461575,2155.0,431,389,0.9025522041763341,42,0,396,16,16,15,7,7,1976.2978972599803,5579.426669974603,525.2443029543498,7905.641331295568,40,0.5396551189987804
early_optical_clear_probe,2261492588,16,9,16,1.0,True,434.2999124901911,6948.798599843058,4907.798599843059,24538.992999215297,1660.0,332,285,0.858433734939759,47,0,301,16,16,16,7,7,1358.1810394873137,4715.327995141487,475.0173592232152,6948.798599843058,40,0.7211986850015819
early_optical_clear_probe,641813525,14,4,14,1.0,True,607.5595993550626,8505.834390970876,5717.834390970877,28589.17195485439,2295.0,459,416,0.906318082788671,43,0,423,14,14,14,2,2,2221.2525569980003,6480.4244791676365,688.2624017255552,8337.399019751429,60,0.6253775649965974
early_optical_clear_probe,2705262079,11,6,11,1.0,True,750.4921851870566,8255.414037057622,5399.414037057622,26997.07018528812,2365.0,473,440,0.9302325581395349,33,0,436,11,11,11,8,8,514.9861493964148,3037.247643360563,2580.50402516116,6087.7578232910055,194,0.509906248000334
early_optical_clear_probe,1198392789,11,6,11,1.0,True,723.3998037412409,7957.39784115365,5093.397841153652,25466.989205768263,2370.0,474,441,0.930379746835443,33,0,439,11,11,11,5,5,1149.9366265724454,3799.364046320937,773.0387337249243,7904.39784115365,59,0.7520347540048533
early_optical_clear_probe,2913167463,11,6,11,1.0,True,747.2108502186205,8219.319352404826,5344.319352404827,26721.596762024154,2380.0,476,446,0.9369747899159664,30,0,440,11,11,11,6,6,945.2942037806454,4919.721049404325,749.2033163101033,8049.4361357483085,58,0.6442915360021289
early_optical_clear_probe,403492866,12,6,12,1.0,True,693.9803966016566,8327.76475921988,5765.76475921988,28828.823796099423,2115.0,423,391,0.9243498817966903,32,0,387,12,12,12,2,2,1247.725907321939,6340.600713498816,457.7638970617255,8327.76475921988,40,0.6542906730028335
early_optical_clear_probe,1122285183,10,5,10,1.0,True,933.7038085477898,9337.038085477898,5835.038085477898,29175.1904273895,2905.0,581,546,0.9397590361445783,35,0,544,11,11,10,8,8,1597.3766362535066,5786.990445695672,3684.4599714696683,9337.038085477898,279,0.498817120998865
early_optical_clear_probe,3263308896,10,5,10,1.0,True,976.6962817212959,9766.96281721296,6258.962817212962,31294.814086064816,2905.0,581,547,0.9414802065404475,34,0,544,13,13,10,5,5,2314.1443109243983,5733.528621848795,1833.4679365593431,9766.96281721296,140,0.4497325119955349
early_optical_clear_probe,494802064,10,4,10,1.0,True,818.1235396305808,8181.2353963058085,5299.235396305809,26496.176981529065,2390.0,478,448,0.9372384937238494,30,0,442,10,10,10,3,3,255.474164495039,1559.3416449503898,1536.3416449503898,6081.687388828658,116,0.5536913440009812
early_optical_clear_probe,3908497840,13,9,13,1.0,True,670.5296794283403,8716.885832568423,5722.885832568427,28614.42916284215,2470.0,494,460,0.9311740890688259,34,0,459,13,13,13,5,5,2108.223911301036,7876.40483030623,533.0342047393767,8716.885832568423,40,0.6248662200014223
early_optical_clear_probe,965203050,15,7,15,1.0,True,503.9006769093407,7558.510153640111,5452.510153640111,27262.550768200566,1720.0,344,297,0.8633720930232558,47,0,308,16,16,15,7,7,944.4175433579264,5664.260579304408,1057.506851452509,7558.510153640111,78,0.6423392790020443
early_optical_clear_probe,2210903668,11,6,11,1.0,True,736.6325835063813,8102.958418570193,5347.958418570192,26739.792092850977,2280.0,456,421,0.9232456140350878,35,0,420,11,11,11,5,5,946.176016431044,3495.6194728775185,517.6918835246622,6518.790111478042,40,0.5149874830021872
early_optical_clear_probe,186947781,15,6,15,1.0,True,534.8943832746196,8023.415749119295,5242.4157491192955,26212.078745596493,2285.0,457,414,0.9059080962800875,43,0,421,15,15,15,4,4,1851.6172824541582,6429.775339177213,744.5949190662423,7727.927822597415,60,0.5836738090001745
early_optical_clear_probe,1878643507,11,4,11,1.0,True,812.6496097292697,8939.145707021968,5637.145707021966,28185.72853510984,2730.0,546,507,0.9285714285714286,39,0,511,13,13,11,5,5,2079.013932680326,7425.221813881311,744.652967868707,8170.5273197858305,60,0.5094339619972743
early_optical_clear_probe,1448012600,14,6,14,1.0,True,611.3616767725927,8559.063474816297,5780.0634748162975,28900.317374081504,2285.0,457,416,0.9102844638949672,41,0,421,15,15,14,1,1,1518.4116414052553,5553.692532974611,2574.44269037487,8559.063474816297,191,0.6070366600033594
early_optical_clear_probe,1380678195,15,6,15,1.0,True,545.2886594877699,8179.3298923165485,5845.329892316549,29226.649461582758,1910.0,382,337,0.8821989528795812,45,0,346,16,16,15,5,5,748.7882939900306,4142.47535590537,494.10660649861336,8179.3298923165485,40,0.6574720529970364
early_optical_clear_probe,2289974522,16,8,16,1.0,True,544.5981909204403,8713.571054727045,6308.571054727043,31542.85527363522,1965.0,393,344,0.8753180661577609,49,0,357,17,17,16,10,10,1320.6183119015895,5290.945505644016,660.934824283282,8713.571054727045,60,0.6508064640001976
early_optical_clear_probe,204102767,14,7,14,1.0,True,553.3558934794622,7746.982508712471,5546.982508712473,27734.91254356237,1805.0,361,319,0.8836565096952909,42,0,325,14,14,14,1,1,1172.462198068539,4776.33753297064,743.2870236679231,7192.01173010474,58,0.7799381599979824
early_optical_clear_probe,1406709927,11,8,11,1.0,True,841.7489495096214,9259.238444605835,5877.2384446058395,29386.1922230292,2800.0,560,523,0.9339285714285714,37,0,524,12,12,11,7,7,2909.019619044185,5596.827871427131,1255.6009670779827,9259.238444605835,100,0.5573370559941395
early_optical_clear_probe,2539457021,10,5,10,1.0,True,882.0883002062859,8820.88300206286,5429.883002062859,27149.4150103143,2815.0,563,531,0.9431616341030196,32,0,526,10,10,10,4,4,2654.507002533733,6998.987299039333,1820.4149780169196,8603.197022168415,139,0.4774463099965942
early_optical_clear_probe,432777217,10,7,10,1.0,True,886.7669875791596,8867.669875791596,5564.6698757916,27823.349378958006,2740.0,548,518,0.9452554744525548,30,0,513,10,10,10,5,5,2477.6520599383575,7274.124948699198,1738.04054336853,8867.669875791596,136,0.5126183399988804
early_optical_clear_probe,2588666029,11,9,11,1.0,True,847.9193439345902,9327.112783280492,5901.1127832804905,29505.56391640247,2840.0,568,535,0.9419014084507042,33,0,531,11,11,11,5,5,3580.6890671297533,7290.290212708869,2641.7183490863654,8677.0267961286,199,0.45831676999659976
early_optical_clear_probe,745313210,10,3,10,1.0,True,859.1164704651167,8591.164704651166,5482.164704651167,27410.823523255844,2580.0,516,486,0.9418604651162791,30,0,479,10,10,10,2,2,1846.4595427911427,6340.211594778055,956.5667884084825,8532.164704651166,77,0.5658133719989564
early_optical_clear_probe,1946152663,16,7,16,1.0,True,461.8820881235309,7390.113409976494,5255.113409976497,26275.567049882484,1740.0,348,303,0.8706896551724138,45,0,315,16,16,16,6,6,876.4880568183596,4452.8833408325745,736.2216634950789,7390.113409976494,57,0.6908810989989433
early_optical_clear_probe,1559812541,14,4,14,1.0,True,604.6846457969111,8465.585041156755,5652.585041156757,28262.925205783795,2315.0,463,426,0.9200863930885529,37,0,428,14,14,14,2,2,2665.984767734864,7787.695908386831,465.22370896020504,8465.585041156755,40,0.621527112001786
early_optical_clear_probe,2340806393,16,5,16,1.0,True,456.1080311613354,7297.728498581367,5267.728498581368,26338.642492906853,1645.0,329,276,0.8389057750759878,53,0,299,18,18,16,5,5,1410.2271362199886,6250.138882617196,690.6075166967101,7297.728498581367,60,0.6995008750018314
early_optical_clear_probe,3305971816,12,5,12,1.0,True,706.9628427765006,8483.554113318007,5554.554113318005,27772.77056659004,2420.0,484,443,0.9152892561983471,41,0,449,12,12,12,4,4,1282.2790479350494,4674.75107813761,457.1467489650154,8027.191598583011,40,0.5529882810005802
early_optical_clear_probe,2125346939,10,4,10,1.0,True,813.0369758726089,8130.369758726089,5217.36975872609,26086.848793630463,2415.0,483,450,0.9316770186335404,33,0,448,10,10,10,3,3,1155.888209084697,5616.041045423485,716.5967157211311,8071.369758726089,60,0.5743282859984902
early_optical_clear_probe,284418312,14,7,14,1.0,True,569.9598165723289,7979.437432012604,5131.4374320126035,25657.187160063022,2345.0,469,426,0.908315565031983,43,0,433,14,14,14,8,8,1707.75486163513,5073.230732219301,746.9667935160172,7943.437432012604,60,0.46847288199933246
early_optical_clear_probe,2837471349,13,5,13,1.0,True,616.4258293920043,8013.535782096055,5369.535782096055,26847.67891048029,2180.0,436,399,0.9151376146788991,37,0,399,13,13,13,5,5,1584.352959324763,3991.818975550176,445.02016837363993,7512.118434171732,40,0.643955895997351
early_optical_clear_probe,3326769493,12,3,12,1.0,True,682.1664675875833,8185.997611050999,5509.997611051001,27549.988055255006,2210.0,442,407,0.920814479638009,35,0,406,12,12,12,3,3,1939.4334623368295,5347.836351668213,677.5380434239041,8185.997611050999,60,0.6641973410005448
early_optical_clear_probe,3811889212,14,3,14,1.0,True,562.1959671798043,7870.743540517259,5614.743540517259,28073.71770258631,1850.0,370,327,0.8837837837837837,43,0,336,14,14,14,4,4,919.4097096564346,5629.672923514824,416.17867941297317,7345.176698694208,40,0.6276531529947533
early_optical_clear_probe,2692451592,14,7,14,1.0,True,577.80779875504,8089.309182570561,5532.309182570561,27661.545912852813,2100.0,420,375,0.8928571428571429,45,0,387,14,14,14,8,8,1139.7382810209886,5081.846052430099,710.2682010237437,8089.309182570561,60,0.5650427209984628
early_optical_clear_probe,2278970152,11,5,11,1.0,True,777.4348623591463,8551.78348595061,5376.78348595061,26883.91742975305,2630.0,526,491,0.9334600760456274,35,0,490,11,11,11,6,6,1980.5437868260917,6055.839791970152,473.7783459493367,8006.962696924563,40,0.5416157949948683
early_optical_clear_probe,4006316264,11,7,11,1.0,True,817.9570996183193,8997.528095801512,5523.52809580151,27617.640479007554,2880.0,576,547,0.9496527777777778,29,0,539,11,11,11,5,5,1773.5624772858043,5663.244876124983,1295.7141507130402,8997.528095801512,99,0.4995059549983125
early_optical_clear_probe,4067604524,13,10,13,1.0,True,692.5765482529397,9003.495127288215,6088.495127288215,30442.47563644108,2405.0,481,445,0.9251559251559252,36,0,445,13,13,13,11,11,2468.415651076205,7575.7359056555615,2599.017200620216,8503.520558417333,193,0.5824307339935331
early_optical_clear_probe,2438353924,12,6,12,1.0,True,687.6888944540909,8252.26673344909,5430.266733449089,27151.333667245453,2330.0,466,428,0.9184549356223176,38,0,432,12,12,12,5,5,2432.805939222068,5042.132820603187,2032.2798470090788,7616.621474328299,154,0.632912421002402
early_optical_clear_probe,2838577331,16,6,16,1.0,True,508.6584417324508,8138.535067719213,5852.535067719215,29262.675338596066,1860.0,372,325,0.8736559139784946,47,0,340,18,18,16,8,8,2058.719473777321,5599.856806239352,479.21986244705573,8138.535067719213,40,0.6596193759978632
early_optical_clear_probe,2047960730,12,1,12,1.0,True,671.1328706946042,8053.5944483352505,5181.594448335252,25907.972241676263,2370.0,474,436,0.919831223628692,38,0,439,13,13,12,1,1,1218.2712282075915,3348.686051081782,1291.7434684244188,7838.580243283127,99,0.5201423789985711
early_optical_clear_probe,441354162,10,8,10,1.0,True,958.2687244174247,9582.687244174247,6001.687244174245,30008.436220871245,2970.0,594,561,0.9444444444444444,33,0,558,11,11,10,9,9,2164.6845060099417,3426.949294299917,2078.5545037215447,9368.243668634905,155,0.5142208539982676
early_optical_clear_probe,1167775814,13,4,13,1.0,True,598.3706739158068,7778.8187609054885,5287.818760905491,26439.093804527467,2050.0,410,373,0.9097560975609756,37,0,376,13,13,13,4,4,422.8516517311336,2787.3755084296745,488.0279453038342,5712.381543843652,40,0.5841990600019926
early_optical_clear_probe,371840313,14,9,14,1.0,True,620.9314772821455,8693.040681950037,6020.040681950031,30100.203409750175,2200.0,440,400,0.9090909090909091,40,0,403,14,14,14,6,6,2219.133282990276,6514.550279875503,517.9599530528428,8693.040681950037,40,0.6816179989982629
early_optical_clear_probe,4100475960,13,7,13,1.0,True,656.1906044694867,8530.477858103328,5838.477858103329,29192.38929051665,2220.0,444,410,0.9234234234234234,34,0,407,13,13,13,3,3,2607.018715001972,7209.01356403298,518.6323161011028,8530.477858103328,40,0.6679360239941161
early_optical_clear_probe,3699235160,10,5,10,1.0,True,839.8365593747501,8398.365593747501,5379.365593747503,26896.827968737525,2505.0,501,474,0.9461077844311377,27,0,464,10,10,10,4,4,935.14898066234,4996.423303739733,728.6300307186758,8398.365593747501,60,0.5131326440023258
early_optical_clear_probe,1252912371,15,9,15,1.0,True,551.0096259697943,8265.144389546915,5753.144389546912,28765.721947734568,2060.0,412,366,0.8883495145631068,46,0,377,15,15,15,12,12,1565.178147997129,5474.317015629369,533.3709535214134,7555.837405674089,40,0.6374215709947748
early_optical_clear_probe,201886957,10,5,10,1.0,True,933.8274623542363,9338.274623542364,5778.274623542366,28891.373117711835,2955.0,591,559,0.9458544839255499,32,0,555,10,10,10,4,4,2365.13197257912,6745.889738123318,767.2681762336122,9072.766411016011,60,0.46360102200560505
early_optical_clear_probe,355161583,16,8,16,1.0,True,520.4081548250135,8326.530477200216,5680.530477200218,28402.652386001104,2165.0,433,384,0.8868360277136259,49,0,401,16,16,16,8,8,1760.9069299183693,5025.916952450684,705.4235481038742,8326.530477200216,60,0.5552940760026104
early_optical_clear_probe,2628196697,12,9,12,1.0,True,712.5114327528863,8550.137193034636,5901.137193034637,29505.68596517319,2185.0,437,402,0.919908466819222,35,0,401,13,13,12,4,4,1361.3984961613144,5578.40887940462,418.7875967516979,8550.137193034636,40,0.6827232569994521
early_optical_clear_probe,64293579,11,5,11,1.0,True,781.3590470032779,8594.949517036057,5543.949517036055,27719.74758518029,2525.0,505,474,0.9386138613861386,31,0,468,12,12,11,3,3,2178.17323624747,5278.310266511629,1805.9164761914699,7245.397942331343,139,0.5145819200042752
early_optical_clear_probe,4132276631,10,6,10,1.0,True,898.743167801634,8987.431678016339,5734.431678016341,28672.15839008171,2700.0,540,511,0.9462962962962963,29,0,503,10,10,10,7,7,2223.2708399633416,5273.813747753977,798.2936041647563,8714.093089405325,60,0.5078290039964486
early_optical_clear_probe,37982101,15,7,15,1.0,True,507.9326891153866,7618.990336730799,5576.990336730799,27884.951683654006,1665.0,333,288,0.8648648648648649,45,0,299,16,16,15,7,7,587.3459610210822,4755.170069981502,498.75560326564835,7618.990336730799,40,0.7243584280004143
early_optical_clear_probe,487499112,10,6,10,1.0,True,982.4314213396907,9824.314213396907,6469.314213396911,32346.571066984565,2785.0,557,527,0.9461400359066428,30,0,520,10,10,10,4,4,2434.3076531500237,7763.713799694491,485.83985519539294,9824.314213396907,40,0.5206873809947865
early_optical_clear_probe,3492102322,13,5,13,1.0,True,631.2844086107324,8206.69731193952,5471.6973119395225,27358.48655969762,2255.0,451,418,0.926829268292683,33,0,415,13,13,13,4,4,1986.785217424405,4964.087782348578,951.3060318979577,8206.69731193952,74,0.6096623409976019
early_optical_clear_probe,1358072248,14,7,14,1.0,True,570.9948231528143,7993.927524139401,5396.9275241394,26984.637620697005,2135.0,427,389,0.9110070257611241,38,0,392,14,14,14,6,6,1432.964733596946,4371.718192387364,485.1199120404815,7993.927524139401,40,0.555553186997713
early_optical_clear_probe,1826263848,12,9,12,1.0,True,739.014239595988,8868.170875151856,5983.170875151857,29915.8543757593,2385.0,477,447,0.9371069182389937,30,0,440,12,12,12,5,5,2769.2902146616493,8073.832822362615,407.7816829114521,8868.170875151856,40,0.723953556997003
early_optical_clear_probe,598689883,13,5,13,1.0,True,632.5285288788868,8222.87087542553,5519.87087542553,27599.354377127653,2225.0,445,408,0.9168539325842696,37,0,410,14,14,13,4,4,2136.9003458295065,5944.054737096498,726.1879933493075,8039.703198591101,58,0.6464904230015236
early_optical_clear_probe,2909111873,14,6,14,1.0,True,635.0556253329647,8890.778754661505,6006.778754661504,30033.89377330753,2375.0,475,432,0.9094736842105263,43,0,436,15,15,14,7,7,2079.528653087142,7774.913837196754,742.4833981362536,8890.778754661505,60,0.5878734329962754
early_optical_clear_probe,3629890307,14,7,14,1.0,True,575.8116382218119,8061.362935105367,5480.362935105367,27401.814675526843,2120.0,424,382,0.9009433962264151,42,0,388,15,15,14,5,5,1148.8184472074558,4809.209180100322,1726.259929582097,7438.093462542253,126,0.6046790889959084
early_optical_clear_probe,954211031,10,5,10,1.0,True,855.0712711220986,8550.712711220986,5395.712711220988,26978.56355610495,2615.0,523,492,0.9407265774378585,31,0,487,11,11,10,3,3,2774.016673635196,6122.9087124201415,760.4111533603814,8369.020356545207,60,0.5249016230009147
early_optical_clear_probe,998386073,13,8,13,1.0,True,648.7505655328773,8433.757351927405,5428.757351927404,27143.78675963703,2480.0,496,463,0.9334677419354839,33,0,460,13,13,13,6,6,2899.984011763627,7072.137332711383,2095.589865896162,8123.336613884998,155,0.5335834910001722
early_optical_clear_probe,1261592779,16,8,16,1.0,True,416.71194034780876,6667.39104556494,4638.39104556494,23191.955227824707,1645.0,329,286,0.8693009118541033,43,0,304,16,16,16,5,5,1599.3603083540154,5668.797665881035,497.53340959638666,6667.39104556494,40,0.6193831269993098
early_optical_clear_probe,1360958613,14,6,14,1.0,True,595.254032485409,8333.556454795726,5645.556454795727,28227.78227397864,2210.0,442,395,0.8936651583710408,47,0,408,14,14,14,4,4,1131.710132567025,5060.00963404617,479.90830443011265,8126.033812444407,40,0.5645627279955079
early_optical_clear_probe,4014658003,12,6,12,1.0,True,695.5783301137803,8346.939961365364,5366.939961365364,26834.699806826826,2460.0,492,453,0.9207317073170732,39,0,457,13,13,12,5,5,2662.4308562260035,7064.354248393666,1334.5341082704513,7817.069239528692,100,0.4481245260030846
early_optical_clear_probe,1139559440,13,8,13,1.0,True,637.461942036562,8287.005246475306,5510.005246475306,27550.026232376542,2290.0,458,424,0.925764192139738,34,0,422,13,13,13,5,5,1673.8891203459766,6791.7541525081215,753.6460725090454,7225.564404388549,60,0.576038642997446
early_optical_clear_probe,798198097,13,6,13,1.0,True,644.5138945190494,8378.680628747641,5874.680628747642,29373.403143738222,2060.0,412,372,0.9029126213592233,40,0,376,14,14,13,3,3,1409.8537115746406,7051.2803817450595,465.1348067309761,7301.594909137851,40,0.6162718620034866
early_optical_clear_probe,2561685338,14,8,14,1.0,True,557.3395534636531,7802.7537484911445,5182.753748491145,25913.76874245574,2155.0,431,392,0.9095127610208816,39,0,395,14,14,14,8,8,1488.1754353200904,4668.910933656457,398.3318707022793,7802.7537484911445,40,0.49860491499566706
early_optical_clear_probe,1949193033,15,6,15,1.0,True,524.8755121456642,7873.1326821849625,5560.132682184964,27800.66341092483,1895.0,379,333,0.8786279683377308,46,0,343,15,15,15,5,5,1228.1970039725425,5174.0654263417755,793.708910901601,7844.1326821849625,59,0.6829972499981523
early_optical_clear_probe,2346035371,13,8,13,1.0,True,684.7544385387483,8901.807701003729,5766.807701003726,28834.03850501864,2585.0,517,474,0.9168278529980658,43,0,482,14,14,13,7,7,1351.0746690316905,5231.198321524128,493.3500465278719,8901.807701003729,40,0.5539204099986819
early_optical_clear_probe,990830209,11,7,11,1.0,True,865.0374102121907,9515.411512334098,6181.411512334094,30907.05756167048,2765.0,553,520,0.9403254972875226,33,0,514,11,11,11,5,5,2473.5305984862216,7776.826006515699,1259.429241599011,9515.411512334098,98,0.512926002003951
early_optical_clear_probe,1805508966,16,7,16,1.0,True,498.3732686879357,7973.972299006971,5519.972299006971,27599.861495034864,2005.0,401,354,0.8827930174563591,47,0,369,16,16,16,7,7,2407.2353842439043,7151.937518254653,493.0692933857346,7829.484934935706,40,0.5897581710014492
early_optical_clear_probe,2335611499,15,6,15,1.0,True,532.7894379255438,7991.841568883157,5712.841568883159,28564.207844415803,1860.0,372,331,0.8897849462365591,41,0,338,17,17,15,3,3,770.1078531401668,4743.318865937523,415.65667753217394,7817.255838474727,40,0.7623684930003947
early_optical_clear_probe,2189450389,11,4,11,1.0,True,798.7707178715143,8786.477896586657,5555.4778965866535,27777.389482933275,2675.0,535,500,0.9345794392523364,35,0,498,12,12,11,5,5,2174.326258098115,5440.733158551651,714.6406444226769,8117.292325453849,60,0.5703173099973355
early_optical_clear_probe,3861069527,13,4,13,1.0,True,658.0840359710605,8555.092467623786,5601.092467623789,28005.462338118945,2435.0,487,444,0.9117043121149897,43,0,451,14,14,13,5,5,1842.0802430176752,4286.016766507305,3270.889368903306,8555.092467623786,246,0.5066213160025654
early_optical_clear_probe,944463935,13,5,13,1.0,True,621.087565829166,8074.138355779158,5434.138355779159,27170.691778895805,2175.0,435,395,0.9080459770114943,40,0,400,13,13,13,5,5,1616.8593225239124,4699.540766604001,747.5102770838888,7802.625167071009,59,0.5720327849994646
early_optical_clear_probe,3031797348,10,4,10,1.0,True,858.8872497612854,8588.872497612854,5574.872497612854,27874.362488064282,2500.0,500,468,0.936,32,0,464,10,10,10,6,6,668.7294775145918,4214.473772249287,466.3723419169433,7735.836511755554,40,0.5236367510005948
early_optical_clear_probe,551644539,11,5,11,1.0,True,746.569475083207,8212.264225915276,5428.264225915276,27141.3211295764,2305.0,461,428,0.928416485900217,33,0,424,11,11,11,3,3,1254.0395185132807,4451.529774112006,409.93415180004297,8212.264225915276,40,0.7752363249965128
early_optical_clear_probe,4080823578,10,5,10,1.0,True,853.4177211509198,8534.177211509197,5407.177211509198,27035.886057546002,2595.0,519,491,0.9460500963391136,28,0,482,10,10,10,6,6,1501.683878594539,5644.6486828708785,698.4825122161466,7659.931316719688,59,0.6095597700041253
early_optical_clear_probe,4015366056,15,6,15,1.0,True,520.9334405851664,7814.001608777497,5709.0016087774975,28545.0080438875,1720.0,344,300,0.872093023255814,44,0,310,15,15,15,3,3,1388.3495664878862,5446.294701825808,432.17977250201193,6789.969521204948,40,0.6405227950017434
early_optical_clear_probe,710373220,13,8,13,1.0,True,591.6926252635811,7692.004128426554,5430.004128426554,27150.020642132782,1860.0,372,332,0.8924731182795699,40,0,337,13,13,13,4,4,723.7580872607994,6125.606342532409,471.1603133355838,7651.004128426554,40,0.7710907700020471
early_optical_clear_probe,1730318409,16,10,16,1.0,True,477.54806787040513,7640.769085926482,5335.769085926482,26678.845429632416,1880.0,376,331,0.8803191489361702,45,0,345,16,16,16,7,7,1794.9127828148085,5460.814122804549,736.6967651807538,7640.769085926482,60,0.482295845002227
early_optical_clear_probe,1730744143,11,5,11,1.0,True,805.9302925279909,8865.2332178079,5707.233217807899,28536.166089039507,2610.0,522,490,0.9386973180076629,32,0,487,13,13,11,3,3,1820.4785478541767,5868.946794535632,1562.0238971621575,8865.2332178079,116,0.56783240599907
early_optical_clear_probe,2989540507,10,2,10,1.0,True,835.7908066385238,8357.908066385238,5428.908066385241,27144.54033192621,2430.0,486,456,0.9382716049382716,30,0,449,10,10,10,2,2,557.8105488574315,1939.1356522121591,423.36978517555247,6921.737759257564,40,0.4932085249965894
early_optical_clear_probe,72147366,16,10,16,1.0,True,536.7342289569323,8587.747663310916,5937.747663310913,29688.73831655457,2170.0,434,387,0.8917050691244239,47,0,397,17,17,16,6,6,2267.9609802893488,6375.352719205782,442.8604535768042,8587.747663310916,40,0.6210946999999578
early_optical_clear_probe,2823514231,14,6,14,1.0,True,619.6941564303205,8675.718190024487,5605.718190024487,28028.590950122434,2530.0,506,467,0.9229249011857708,39,0,470,14,14,14,6,6,1334.8584789508445,6558.608782975551,1483.4137192640524,8259.292344423153,112,0.47428596400277456
early_optical_clear_probe,3922301440,15,7,15,1.0,True,541.909544139735,8128.643162096024,5551.643162096026,27758.215810480146,2115.0,423,373,0.8817966903073287,50,0,387,15,15,15,6,6,2012.1404465158669,6002.55101820941,471.33651526465843,8128.643162096024,40,0.6244641590019455
early_optical_clear_probe,1877565865,10,3,10,1.0,True,858.5425977833886,8585.425977833886,5469.4259778338865,27347.12988916944,2585.0,517,490,0.9477756286266924,27,0,481,10,10,10,2,2,642.0679691123819,2947.939845561909,492.3066396418699,8585.425977833886,40,0.602665796999645
early_optical_clear_probe,2489101431,12,6,12,1.0,True,740.6239582432889,8887.487498919467,5732.487498919465,28662.437494597325,2610.0,522,490,0.9386973180076629,32,0,485,12,12,12,6,6,1691.4911645112209,5895.290649546565,489.87479188873283,8887.487498919467,40,0.5287647829973139
early_optical_clear_probe,3662224780,15,10,15,1.0,True,552.9730229070125,8294.595343605188,5666.5953436051905,28332.976718025962,2155.0,431,386,0.8955916473317865,45,0,398,15,15,15,10,10,1344.089344699111,5386.31188558165,750.8323495000866,6890.8584776207945,60,0.579378408001503
early_optical_clear_probe,3471614445,14,8,14,1.0,True,629.4884545422121,8812.83836359097,6064.8383635909695,30324.19181795486,2260.0,452,411,0.9092920353982301,41,0,418,14,14,14,9,9,1846.458117420859,5246.598263322167,728.6583951358418,8812.83836359097,59,0.5473274559990386
early_optical_clear_probe,982867523,14,5,14,1.0,True,591.9570751714219,8287.399052399907,5419.39905239991,27096.99526199955,2360.0,472,427,0.9046610169491526,45,0,438,14,14,14,4,4,2223.124997676865,7785.951812211205,1979.3522253893077,8102.563618310522,154,0.5182179030016414
early_optical_clear_probe,2726272056,16,9,16,1.0,True,468.1668798911419,7490.67007825827,5085.67007825827,25428.35039129136,1960.0,392,342,0.8724489795918368,50,0,365,16,16,16,8,8,2245.9028481779897,5171.800788450232,720.8749478033862,7490.67007825827,60,0.5445956740004476
early_optical_clear_probe,4176792779,13,6,13,1.0,True,647.7020083351779,8420.126108357312,5657.126108357313,28285.630541786573,2275.0,455,417,0.9164835164835164,38,0,420,14,14,13,4,4,2009.1486663375094,5193.839775373394,459.13813025588695,8420.126108357312,40,0.6028703650008538
early_optical_clear_probe,1970026058,13,7,13,1.0,True,625.2411702607703,8128.1352133900145,5478.135213390015,27390.676066950098,2185.0,437,396,0.9061784897025171,41,0,400,13,13,13,2,2,1992.1783217474704,5691.819560203489,458.07034440814164,8128.1352133900145,40,0.5427073139944696
early_optical_clear_probe,197805743,13,10,13,1.0,True,698.6136856867078,9081.977913927201,6011.977913927203,30059.889569636023,2530.0,506,462,0.9130434782608695,44,0,469,15,15,13,6,6,1572.48712115217,4943.570302114156,4003.1500724972325,9081.977913927201,285,0.5763747380042332
early_optical_clear_probe,827720033,16,8,16,1.0,True,506.4522783923156,8103.236454277049,5573.236454277053,27866.18227138526,2070.0,414,370,0.893719806763285,44,0,380,16,16,16,6,6,1985.8420639933663,4998.642951398161,513.6612967587621,8103.236454277049,40,0.5608628400004818
early_optical_clear_probe,2181838821,11,6,11,1.0,True,779.3665698338056,8573.03226817186,5759.032268171859,28795.16134085932,2330.0,466,435,0.9334763948497854,31,0,429,11,11,11,5,5,1488.3773955455408,6699.456516165715,737.2679205192949,8520.03226817186,59,0.6371952580011566
early_optical_clear_probe,1440242140,10,5,10,1.0,True,778.7788500830973,7787.788500830973,5281.788500830974,26408.942504154886,2075.0,415,387,0.9325301204819277,28,0,378,11,11,10,4,4,76.52000000000001,288.2,437.6879451565145,5998.442056650511,40,0.7769705559985596
early_optical_clear_probe,4098157403,16,8,16,1.0,True,469.75218657455275,7516.034985192844,5219.034985192845,26095.174925964227,1875.0,375,328,0.8746666666666667,47,0,342,16,16,16,5,5,1245.4423401221622,5219.898123413644,509.0786207512607,7516.034985192844,40,0.5705259940004908
early_optical_clear_probe,1029804176,11,4,11,1.0,True,810.611818062433,8916.729998686764,5700.729998686762,28503.649993433828,2665.0,533,496,0.9305816135084428,37,0,496,11,11,11,3,3,1818.5705741027284,5409.835925479258,732.0518200177952,8916.729998686764,60,0.5185378319947631
early_optical_clear_probe,1133221627,10,3,10,1.0,True,811.2244751036445,8112.244751036445,5142.244751036445,25711.223755182236,2460.0,492,462,0.9390243902439024,30,0,457,11,11,10,4,4,971.9759649699268,4637.631323932853,473.56182506488597,7941.235838307967,40,0.5440614470062428
early_optical_clear_probe,545663521,10,3,10,1.0,True,860.7364496730568,8607.364496730568,5551.364496730568,27756.822483652846,2535.0,507,481,0.9487179487179487,26,0,471,10,10,10,4,4,524.517300215846,2376.7255544453224,416.1851862186162,8373.649889500306,40,0.5946894009975949
early_optical_clear_probe,2454721088,15,5,15,1.0,True,501.38438416376755,7520.765762456514,5373.765762456514,26868.828812282576,1755.0,351,312,0.8888888888888888,39,0,317,15,15,15,2,2,1160.547877034279,4704.400810717629,752.7483270187004,7491.765762456514,59,0.6531247860039002
early_optical_clear_probe,1691470919,15,5,15,1.0,True,524.4127192854993,7866.19078928249,5242.190789282489,26210.953946412454,2155.0,431,384,0.8909512761020881,47,0,394,15,15,15,5,5,1891.3889776574026,5550.730069722348,774.3183559391789,7866.19078928249,60,0.6097178400013945
early_optical_clear_probe,1420844571,10,5,10,1.0,True,879.8306980812306,8798.306980812305,5749.3069808123055,28746.53490406154,2530.0,506,478,0.9446640316205533,28,0,469,10,10,10,6,6,1255.6080336313737,4038.171667059581,705.445202969191,8364.343096968363,60,0.5885196259987424
early_optical_clear_probe,1466433714,14,8,14,1.0,True,638.1010128175623,8933.414179445872,5954.414179445872,29772.07089722937,2455.0,491,447,0.9103869653767821,44,0,454,14,14,14,6,6,2046.547217886879,5089.011945397653,501.8831310770002,8933.414179445872,40,0.5017268859955948
early_optical_clear_probe,1427223958,13,5,13,1.0,True,675.1154570656806,8776.500941853848,5862.5009418538475,29312.50470926925,2405.0,481,447,0.9293139293139293,34,0,444,13,13,13,6,6,1990.7567770055516,4082.7805647776986,1015.7321780569926,8430.974413921129,78,0.5968880430009449
early_optical_clear_probe,892639222,10,5,10,1.0,True,861.809180930955,8618.09180930955,5649.091809309547,28245.45904654775,2460.0,492,463,0.9410569105691057,29,0,456,11,11,10,4,4,1830.0480950644298,3858.1190936585435,730.9185274188334,5930.594053505437,60,0.5844880590011599
early_optical_clear_probe,1466743446,10,3,10,1.0,True,850.7996594553719,8507.996594553719,5435.996594553719,27179.982972768616,2545.0,509,482,0.9469548133595285,27,0,474,11,11,10,2,2,2198.7145484399653,4807.7408589649895,2043.1276115909775,8250.497760179693,158,0.46221579399571056
early_optical_clear_probe,1883586954,16,7,16,1.0,True,486.34406866626506,7781.505098660241,5260.505098660245,26302.52549330122,2060.0,412,354,0.8592233009708737,58,0,381,16,16,16,4,4,1525.1981360692148,6334.589000600689,481.7659476179202,7781.505098660241,40,0.5253142950023175
early_optical_clear_probe,353982871,13,6,13,1.0,True,570.3560456321234,7414.628593217604,5110.628593217604,25553.14296608803,1895.0,379,347,0.9155672823218998,32,0,344,13,13,13,3,3,533.3766317303199,3060.9027331992315,528.3079351610941,5794.673230970724,40,0.6179598809976596
early_optical_clear_probe,2157894805,12,8,12,1.0,True,762.6550263159866,9151.860315791839,6164.860315791838,30824.3015789592,2470.0,494,457,0.9251012145748988,37,0,454,13,13,12,5,5,1743.400483224423,5374.411345312678,747.8948213082582,9151.860315791839,60,0.6070467149984324
early_optical_clear_probe,1711226248,13,9,13,1.0,True,684.3307873340855,8896.300235343111,5813.300235343113,29066.50117671557,2545.0,509,471,0.925343811394892,38,0,473,13,13,13,7,7,2461.294631991126,6755.534507908524,746.5687694080918,8896.300235343111,59,0.6139864259966998
early_optical_clear_probe,420526331,11,3,11,1.0,True,770.5614790776443,8476.176269854088,5354.176269854088,26770.88134927045,2585.0,517,488,0.9439071566731141,29,0,482,11,11,11,3,3,2878.0209302048947,6113.029416143339,659.2429825992617,8423.176269854088,60,0.5609465230008936
early_optical_clear_probe,1037351930,11,3,11,1.0,True,830.6970497729787,9137.667547502766,6107.667547502765,30538.33773751383,2505.0,501,465,0.9281437125748503,36,0,464,13,13,11,4,4,1286.4390956654022,4829.9150261597115,2167.4079169780175,9137.667547502766,163,0.6602746059943456
early_optical_clear_probe,3896514981,14,6,14,1.0,True,594.2398815604939,8319.358341846915,5775.358341846917,28876.7917092346,2090.0,418,379,0.9066985645933014,39,0,381,15,15,14,6,6,1496.092656696085,5917.073611354469,790.1580975211458,7824.198107862807,59,0.6812961430041469
early_optical_clear_probe,481841099,16,6,16,1.0,True,457.0895898868093,7313.4334381889485,5174.43343818895,25872.167190944758,1740.0,348,305,0.8764367816091954,43,0,319,16,16,16,2,2,1713.7234126191338,4732.167089128156,684.1157795869968,7313.4334381889485,60,0.6978132570002344
early_optical_clear_probe,3222291009,14,8,14,1.0,True,598.1304060564752,8373.825684790652,5372.825684790651,26864.128423953265,2470.0,494,449,0.9089068825910931,45,0,458,15,15,14,11,11,1921.787291262557,6274.06319465978,436.297963096608,7336.027432821581,40,0.5769445710029686
early_optical_clear_probe,1580313377,13,6,13,1.0,True,606.4104396780131,7883.33571581417,5526.335715814172,27631.678579070875,1940.0,388,345,0.8891752577319587,43,0,352,13,13,13,7,7,534.8268411751732,3759.3622402708174,1084.9735034030161,7479.387436145696,79,0.6910633939987747
early_optical_clear_probe,2552197789,14,7,14,1.0,True,554.0822964877698,7757.152150828777,5514.152150828777,27570.760754143903,1840.0,368,328,0.8913043478260869,40,0,330,15,15,14,4,4,1298.7042876918254,4984.420741656799,449.8428894431693,7757.152150828777,40,0.7015229040043778
early_optical_clear_probe,3254471826,10,4,10,1.0,True,859.8916931284,8598.916931284,5454.916931284001,27274.584656420015,2605.0,521,486,0.9328214971209213,35,0,486,11,11,10,4,4,1201.0847923753763,4254.3962057986455,1994.0068355671285,7708.076549981683,158,0.4856922230028431
early_optical_clear_probe,3299649829,11,5,11,1.0,True,814.0056048047464,8954.061652852211,5864.0616528522105,29320.308264261053,2560.0,512,474,0.92578125,38,0,475,11,11,11,6,6,1664.7709293810674,5336.6013131954605,1802.906018255022,7937.938987663053,138,0.5169408630026737
early_optical_clear_probe,1355448909,12,7,12,1.0,True,713.0140906991209,8556.16908838945,5869.16908838945,29345.845441947255,2215.0,443,409,0.9232505643340858,34,0,409,13,13,12,6,6,1555.2004358398315,6181.022385826858,471.2368975351542,7021.908902557781,40,0.6628876570030116
early_optical_clear_probe,896345255,15,8,15,1.0,True,565.0417135945662,8475.625703918493,5738.625703918493,28693.128519592476,2250.0,450,406,0.9022222222222223,44,0,412,15,15,15,4,4,2283.721740292771,6379.276267669977,543.1939356357143,8475.625703918493,40,0.634125201999268
early_optical_clear_probe,450791549,15,8,15,1.0,True,570.6082953658316,8559.124430487474,5959.124430487475,29795.622152437383,2135.0,427,382,0.8946135831381733,45,0,390,15,15,15,6,6,1801.8816040437566,6877.213822956576,523.3538690659178,8342.992952244931,40,0.701126097002998
early_optical_clear_probe,3912014615,13,5,13,1.0,True,623.9331129316153,8111.130468110999,5275.130468111,26375.652340554996,2340.0,468,431,0.9209401709401709,37,0,431,13,13,13,6,6,1624.1749805586032,5191.978833388029,768.8951159185742,7570.067540599543,59,0.6128652889965451
early_optical_clear_probe,423887375,10,4,10,1.0,True,794.6332736941953,7946.332736941953,5221.332736941955,26106.66368470979,2260.0,452,423,0.9358407079646017,29,0,415,10,10,10,2,2,296.2760271614966,837.5009323662247,407.12952414498346,6699.417737510625,40,0.6055195430017193
early_optical_clear_probe,4259108970,11,4,11,1.0,True,719.0867320849702,7909.954052934672,4968.954052934673,24844.77026467337,2435.0,487,459,0.9425051334702259,28,0,451,11,11,11,2,2,1748.3771188415815,5199.071442660985,465.1725827098426,7610.094101629435,40,0.6182963570026914
early_optical_clear_probe,254794991,11,3,11,1.0,True,765.846224325487,8424.308467580357,5447.308467580355,27236.542337901792,2460.0,492,454,0.9227642276422764,38,0,456,13,13,11,3,3,1279.9809681983315,5227.756204679995,467.0141818444574,7607.63267003143,40,0.4571227640044526
early_optical_clear_probe,166927551,14,6,14,1.0,True,623.3461312283556,8726.84583719698,5666.845837196979,28334.229185984903,2520.0,504,458,0.9087301587301587,46,0,467,15,15,14,4,4,1981.5242844799527,5482.0822247827955,454.2869474670317,8426.390124755562,40,0.49429380700166803
early_optical_clear_probe,1509547113,11,6,11,1.0,True,804.2779849619885,8847.057834581874,5942.057834581875,29710.289172909394,2405.0,481,445,0.9251559251559252,36,0,445,11,11,11,6,6,773.2064885566572,3389.944713155528,752.3910369425906,8376.529775797657,60,0.5917865019946476
early_optical_clear_probe,2830407205,14,11,14,1.0,True,629.1673337175101,8808.342672045143,5954.342672045139,29771.713360225705,2345.0,469,422,0.8997867803837953,47,0,436,15,15,14,12,12,1544.2094087335497,3748.033357246123,1577.0330732487116,8808.342672045143,119,0.5297818100007134
early_optical_clear_probe,3992899057,15,8,15,1.0,True,522.2024224530882,7833.036336796323,5142.0363367963255,25710.181683981627,2210.0,442,400,0.9049773755656109,42,0,406,15,15,15,7,7,2216.010993736321,7142.878599805676,2068.462181034961,7655.055572878984,153,0.6093904859953909
