strategy,seed,emitter_count,directional_count,cleared_count,clear_rate,all_cleared,average_localize_clear_time_s,virtual_time_s,movement_time_s,movement_distance_m,measure_time_s,measure_count,no_signal_count,no_signal_rate,direction_count,near_count,channel_switch_count,optical_count,clear_attempt_count,clear_success_count,directional_loss_count,directional_reacquisition_count,mean_first_seen_time_s,max_first_seen_time_s,first_clear_time_s,last_clear_time_s,measurements_before_first_clear,wall_time_s
replacement_aware_clear_probe,0,16,8,16,1.0,True,544.721575969973,8715.545215519567,5662.545215519568,28312.72607759784,2505.0,501,438,0.874251497005988,63,0,468,16,16,16,4,4,1778.6468114632419,6505.62288312972,488.3856408101482,8715.545215519567,40,0.4946422659995733
replacement_aware_clear_probe,1,11,7,11,1.0,True,914.1027008359931,10055.129709195924,6695.129709195924,33475.64854597963,2785.0,557,511,0.9174147217235189,46,0,520,11,11,11,5,5,2298.453792867213,7524.069431955927,805.7568319866361,10055.129709195924,60,0.6479798009968363
replacement_aware_clear_probe,2,16,6,16,1.0,True,413.4388588570791,6615.021741713265,4773.021741713266,23865.10870856634,1490.0,298,236,0.7919463087248322,62,0,272,16,16,16,3,3,1504.6771898105453,5402.037668967835,1024.7100381977966,6615.021741713265,80,0.7249902650000877
replacement_aware_clear_probe,3,11,2,11,1.0,True,822.4585051982529,9047.043557180781,5829.04355718078,29145.217785903915,2665.0,533,483,0.9061913696060038,50,0,498,11,11,11,5,5,1989.283501862597,4951.449335829004,2017.3979051076253,8994.043557180781,156,0.5656968580005923
replacement_aware_clear_probe,4,11,5,11,1.0,True,809.9581068698386,8909.539175568225,5873.539175568223,29367.69587784112,2515.0,503,457,0.9085487077534792,46,0,466,11,11,11,7,7,1155.861609173125,4068.635341624019,1324.396937185794,7861.952231522369,99,0.5730699610066949
replacement_aware_clear_probe,5,14,6,14,1.0,True,606.6871157361675,8493.619620306345,5405.619620306343,27028.098101531727,2545.0,509,461,0.9056974459724951,48,0,473,14,14,14,6,6,2336.511832500511,7653.396248328779,2541.893104065531,8493.619620306345,200,0.5442689439951209
replacement_aware_clear_probe,6,16,6,16,1.0,True,527.6383980803015,8442.214369284824,6007.214369284823,30036.071846424125,1995.0,399,336,0.8421052631578947,63,0,360,16,16,16,9,9,857.5807460147469,4555.0282323417405,500.6408669230328,8442.214369284824,40,0.6346504539978923
replacement_aware_clear_probe,7,12,7,12,1.0,True,758.690979763624,9104.291757163488,5757.291757163489,28786.458785817453,2770.0,554,507,0.9151624548736462,47,0,517,12,12,12,5,5,3046.7957082915837,7203.903110676462,2812.257638478274,9104.291757163488,212,0.4561265430020285
replacement_aware_clear_probe,8,11,6,11,1.0,True,850.1089697623461,9351.198667385806,5879.198667385803,29395.99333692903,2880.0,576,542,0.9409722222222222,34,0,537,11,11,11,3,3,4478.597475708974,6804.582736353559,721.7363987362885,9351.198667385806,60,0.5440686959991581
replacement_aware_clear_probe,9,13,8,13,1.0,True,743.912518114224,9670.862735484912,6354.8627354849095,31774.313677424558,2740.0,548,503,0.9178832116788321,45,0,511,13,13,13,5,5,2342.9885002480323,7462.313498421937,486.64098059199125,9670.862735484912,40,0.5342178310020245
replacement_aware_clear_probe,10,14,8,14,1.0,True,653.7919343007612,9153.087080210656,6011.087080210655,30055.435401053284,2590.0,518,466,0.8996138996138996,52,0,482,14,14,14,7,7,2068.3404493581606,6232.6766211067325,2349.276343869187,8568.493104480993,179,0.5841363270010334
replacement_aware_clear_probe,11,13,8,13,1.0,True,698.9181939447392,9085.93652128161,6094.936521281608,30474.68260640805,2470.0,494,454,0.9190283400809717,40,0,456,13,13,13,6,6,1602.083692769051,6993.5458915941135,729.2896959634774,9085.93652128161,59,0.6203866900032153
replacement_aware_clear_probe,12,13,10,13,1.0,True,692.5779921447839,9003.51389788219,6091.513897882188,30457.56948941095,2405.0,481,439,0.9126819126819127,42,0,442,13,13,13,8,8,2408.651585267198,7923.870335515584,489.0314665780419,9003.51389788219,40,0.5883192509936634
replacement_aware_clear_probe,13,12,6,12,1.0,True,763.055713662931,9156.668563955172,6043.668563955172,30218.34281977587,2575.0,515,475,0.9223300970873787,40,0,478,12,12,12,5,5,1903.469853926348,5400.3248468066695,772.066704293392,9156.668563955172,60,0.552045951000764
replacement_aware_clear_probe,14,10,6,10,1.0,True,879.6575010514327,8796.575010514327,5763.575010514325,28817.875052571635,2515.0,503,466,0.9264413518886679,37,0,468,10,10,10,4,4,1816.1426940679034,4690.89596654178,402.0951437485977,5364.346492621989,40,0.6113896700044279
replacement_aware_clear_probe,15,11,5,11,1.0,True,895.3314554288074,9848.646009716882,6344.646009716886,31723.230048584417,2905.0,581,539,0.927710843373494,42,0,544,11,11,11,7,7,2296.9236085295074,6103.695466402177,2322.791940619667,9848.646009716882,179,0.5141884250042494
replacement_aware_clear_probe,16,12,8,12,1.0,True,722.7190579121906,8672.628694946286,5767.628694946287,28838.143474731438,2400.0,480,441,0.91875,39,0,445,12,12,12,9,9,1449.3386900613593,5500.488093578769,2205.5020162807973,8672.628694946286,164,0.5759584379993612
replacement_aware_clear_probe,17,14,8,14,1.0,True,635.6985838504777,8899.780173906687,5841.780173906686,29208.90086953344,2520.0,504,452,0.8968253968253969,52,0,468,14,14,14,5,5,1862.5507516701325,5423.6289043161,798.4471035485246,8311.610562426098,60,0.5268393279984593
replacement_aware_clear_probe,18,11,4,11,1.0,True,801.3835404661764,8815.218945127941,5556.218945127943,27781.09472563973,2700.0,540,494,0.9148148148148149,46,0,504,11,11,11,3,3,2375.400585149294,7756.011951062342,1544.346735359738,8815.218945127941,120,0.5190407299960498
replacement_aware_clear_probe,19,15,10,15,1.0,True,598.5463759380943,8978.195639071415,6149.195639071417,30745.97819535708,2325.0,465,408,0.8774193548387097,57,0,429,15,15,15,7,7,2941.304930756632,7182.456996705587,447.09963166179915,8978.195639071415,40,0.6023304349946557
replacement_aware_clear_probe,20,15,6,15,1.0,True,569.1979165444006,8537.96874816601,5566.96874816601,27834.84374083006,2440.0,488,432,0.8852459016393442,56,0,456,15,15,15,4,4,2386.0221273898683,6744.1210032257795,499.4307601604577,8032.578592758458,40,0.5787236129981466
replacement_aware_clear_probe,21,11,5,11,1.0,True,752.1532754392209,8273.68602983143,5386.68602983143,26933.430149157157,2390.0,478,439,0.9184100418410042,39,0,442,11,11,11,6,6,1249.6132329965847,4150.6629593957,464.589629055842,7724.482426624462,40,0.5952998360007768
replacement_aware_clear_probe,22,11,2,11,1.0,True,757.154529507246,8328.699824579706,5410.699824579705,27053.499122898542,2415.0,483,445,0.9213250517598344,38,0,448,11,11,11,1,1,1776.2134663538716,5188.663219635147,712.909435372837,8275.699824579706,60,0.648293799997191
replacement_aware_clear_probe,23,16,9,16,1.0,True,530.5349757780863,8488.55961244938,5886.559612449381,29432.798062246922,2130.0,426,365,0.8568075117370892,61,0,392,16,16,16,9,9,1870.3418365255989,7392.559846912702,2282.034886959087,8221.231112504487,170,0.569952657999238
replacement_aware_clear_probe,24,15,10,15,1.0,True,632.5525971445594,9488.288957168392,6672.28895716839,33361.44478584196,2315.0,463,402,0.8682505399568035,61,0,426,15,15,15,7,7,2496.12167332595,7251.143553658847,807.2240961963117,9488.288957168392,60,0.5711977190003381
replacement_aware_clear_probe,25,13,7,13,1.0,True,656.7110980923899,8537.244275201068,5644.24427520107,28221.221376005356,2385.0,477,430,0.9014675052410901,47,0,443,13,13,13,8,8,1521.9943184897763,6730.594669646485,508.4101568833553,8496.244275201068,40,0.551276420999784
replacement_aware_clear_probe,26,15,7,15,1.0,True,572.2967916798716,8584.451875198074,5760.451875198074,28802.259375990387,2320.0,464,410,0.8836206896551724,54,0,429,15,15,15,9,9,1785.0163796680192,6477.67779756839,451.0890407733627,8584.451875198074,40,0.5928051279988722
replacement_aware_clear_probe,27,15,6,15,1.0,True,525.4542549482378,7881.813824223566,5658.813824223567,28294.06912111784,1820.0,364,311,0.8543956043956044,53,0,328,15,15,15,6,6,1121.381183133693,3593.423801892325,521.1674786353594,7372.581782686719,40,0.900636628997745
replacement_aware_clear_probe,28,10,6,10,1.0,True,860.8825195189911,8608.825195189911,5535.825195189912,27679.12597594957,2550.0,510,478,0.9372549019607843,32,0,473,10,10,10,8,8,574.0637125534264,2308.9712205065794,478.9763416608779,6049.541950757237,40,0.503166857000906
replacement_aware_clear_probe,29,14,7,14,1.0,True,621.2975610476732,8698.165854667424,5897.165854667423,29485.829273337135,2305.0,461,404,0.8763557483731019,57,0,426,14,14,14,11,11,1610.2083685253951,5256.43168923763,755.3076425755341,8663.165854667424,60,0.5450231819995679
replacement_aware_clear_probe,30,14,5,14,1.0,True,662.3823637771284,9273.353092879797,6268.353092879797,31341.765464398995,2475.0,495,448,0.9050505050505051,47,0,460,14,14,14,4,4,2632.4215492538888,6632.095489454317,1989.831324685567,9273.353092879797,160,0.5187025259947404
replacement_aware_clear_probe,31,10,5,10,1.0,True,855.3446645037438,8553.446645037438,5401.4466450374375,27007.2332251872,2615.0,523,485,0.9273422562141491,38,0,487,10,10,10,7,7,251.47669288850656,650.1889762950219,456.6702937963538,8553.446645037438,40,0.5935101789946202
replacement_aware_clear_probe,32,10,6,10,1.0,True,923.3265812805791,9233.265812805792,5793.265812805793,28966.329064028985,2855.0,571,529,0.9264448336252189,42,0,535,10,10,10,6,6,3125.3976123533657,8477.405577942027,1259.4472117857451,9173.265812805792,100,0.5382201110041933
replacement_aware_clear_probe,33,14,6,14,1.0,True,682.3584305325637,9553.018027455892,6701.0180274558925,33505.09013727947,2350.0,470,419,0.8914893617021277,51,0,432,14,14,14,7,7,1040.1296286072852,4266.709128342893,465.8263974538648,9553.018027455892,40,0.5798230789951049
replacement_aware_clear_probe,34,14,10,14,1.0,True,638.5745512668466,8940.043717735853,5981.0437177358535,29905.21858867928,2435.0,487,431,0.8850102669404517,56,0,454,14,14,14,13,13,2310.347355625809,7042.32503329772,504.65139563473986,8940.043717735853,40,0.7016389010022976
replacement_aware_clear_probe,35,14,9,14,1.0,True,700.9646526522968,9813.505137132155,6938.505137132152,34692.525685660774,2370.0,474,426,0.8987341772151899,48,0,435,14,14,14,9,9,2498.0192557724226,6536.711998674432,781.7711647127046,9813.505137132155,60,0.6740826099994592
replacement_aware_clear_probe,36,12,7,12,1.0,True,789.9023583066751,9478.8282996801,6192.828299680099,30964.141498400502,2720.0,544,503,0.9246323529411765,41,0,506,12,12,12,7,7,2642.274830635953,8572.176556269475,428.88295494158274,9478.8282996801,40,0.5687505819951184
replacement_aware_clear_probe,37,15,9,15,1.0,True,648.2907447133394,9724.361170700091,6811.361170700087,34056.805853500446,2395.0,479,427,0.8914405010438413,52,0,443,15,15,15,12,12,1523.5359647689106,4612.233036759134,2778.237221120178,9724.361170700091,220,0.5331782689972897
replacement_aware_clear_probe,38,15,9,15,1.0,True,556.6743497980455,8350.115246970681,5838.115246970681,29190.57623485341,2060.0,412,355,0.8616504854368932,57,0,377,15,15,15,9,9,2279.4865819216398,6367.632803515281,1279.2862493245464,8350.115246970681,96,0.6886270830000285
replacement_aware_clear_probe,39,11,4,11,1.0,True,745.7552204622484,8203.307425084733,5303.307425084733,26516.537125423678,2400.0,480,443,0.9229166666666667,37,0,445,11,11,11,3,3,1602.0056845470076,4836.981095253474,1092.8026623948754,7821.328799594473,80,0.51590357600071
replacement_aware_clear_probe,40,13,5,13,1.0,True,640.8274838217908,8330.75728968328,5800.757289683283,29003.786448416424,2085.0,417,369,0.8848920863309353,48,0,380,13,13,13,5,5,1099.3900289920512,3302.8365913664293,431.2673786281871,7092.488784950885,40,0.6200738659972558
replacement_aware_clear_probe,41,13,9,13,1.0,True,735.0590906559875,9555.768178527836,6761.7681785278355,33808.84089263919,2305.0,461,414,0.8980477223427332,47,0,424,13,13,13,9,9,1232.0033617147305,5260.701244516002,792.3265643181412,9555.768178527836,60,0.6094582859950606
replacement_aware_clear_probe,42,15,6,15,1.0,True,545.391383520191,8180.870752802864,5632.870752802865,28164.353764014337,2090.0,418,362,0.8660287081339713,56,0,383,15,15,15,4,4,1080.5307974295065,3212.026340060001,518.5108015030125,8180.870752802864,40,0.6065157490011188
replacement_aware_clear_probe,43,10,8,10,1.0,True,898.3659826736755,8983.659826736755,5813.659826736752,29068.299133683777,2630.0,526,488,0.9277566539923955,38,0,490,10,10,10,10,10,2284.676262226475,4533.79307268939,446.38586316414916,7475.426180956112,40,0.6231751619998249
replacement_aware_clear_probe,44,13,7,13,1.0,True,685.3233969638991,8909.204160530688,6097.204160530687,30486.020802653446,2320.0,464,413,0.8900862068965517,51,0,427,13,13,13,10,10,1094.620645309732,5032.246503003223,521.7097708663038,8909.204160530688,40,0.5398959429949173
replacement_aware_clear_probe,45,12,6,12,1.0,True,754.2814984493416,9051.3779813921,5842.377981392098,29211.8899069605,2655.0,531,486,0.9152542372881356,45,0,494,12,12,12,7,7,1834.3085920496667,6679.624278264443,736.938551201524,9051.3779813921,60,0.534135623005568
replacement_aware_clear_probe,46,10,4,10,1.0,True,885.072953349503,8850.72953349503,5541.7295334950295,27708.647667475154,2745.0,549,511,0.930783242258652,38,0,514,10,10,10,2,2,2609.742726630243,8288.255299089182,2110.712610694326,8850.72953349503,157,0.4269251079967944
replacement_aware_clear_probe,47,12,5,12,1.0,True,828.4932084081253,9941.918500897504,6668.918500897503,33344.59250448752,2710.0,542,496,0.915129151291513,46,0,503,12,12,12,7,7,1946.2128815684944,6182.619405278359,2585.0049692564994,9941.918500897504,199,0.5611583159989095
replacement_aware_clear_probe,48,14,5,14,1.0,True,574.8320997563083,8047.6493965883155,5475.649396588316,27378.246982941582,2115.0,423,371,0.8770685579196218,52,0,387,14,14,14,5,5,935.3301564784451,4873.144272100435,1493.8738193229922,7138.475332672786,108,0.6469550089968834
replacement_aware_clear_probe,49,10,6,10,1.0,True,921.0002516387858,9210.002516387858,5991.002516387859,29955.012581939307,2670.0,534,492,0.9213483146067416,42,0,499,10,10,10,9,9,1138.4424768303286,5348.612947619847,447.5931084992878,8682.812620272616,40,0.5212178700021468
replacement_aware_clear_probe,50,13,5,13,1.0,True,674.1384403318799,8763.799724314438,5614.799724314438,28073.998621572195,2600.0,520,462,0.8884615384615384,58,0,484,13,13,13,7,7,1824.256960099825,6231.046827099241,2095.058916792403,8763.799724314438,155,0.5641173089970835
replacement_aware_clear_probe,51,11,4,11,1.0,True,783.6090649479721,8619.699714427694,5510.699714427693,27553.498572138473,2575.0,515,472,0.916504854368932,43,0,479,11,11,11,2,2,2016.1985130568153,5511.678743255336,473.87431416165737,7679.447992691014,40,0.4956204879999859
replacement_aware_clear_probe,52,12,6,12,1.0,True,761.6261804120451,9139.514164944541,6097.514164944539,30487.570824722716,2515.0,503,459,0.9125248508946322,44,0,467,12,12,12,5,5,2183.005232973447,7467.762212767221,1307.3493843868132,9139.514164944541,99,0.5707376350037521
replacement_aware_clear_probe,53,14,6,14,1.0,True,603.505433832197,8449.076073650758,5656.076073650757,28280.380368253795,2300.0,460,412,0.8956521739130435,48,0,423,14,14,14,3,3,2553.9335515536773,7507.399207854938,496.73860768881707,8061.605436013288,40,0.5873022369996761
replacement_aware_clear_probe,54,11,8,11,1.0,True,800.153536636087,8801.688902996957,5699.688902996956,28498.444514984792,2570.0,514,466,0.9066147859922179,48,0,477,11,11,11,4,4,1692.290350667363,5620.975972237747,2021.9715850726,8801.688902996957,160,0.5783986250025919
replacement_aware_clear_probe,55,10,5,10,1.0,True,927.3085121414266,9273.085121414266,5714.085121414265,28570.425607071335,2955.0,591,558,0.9441624365482234,33,0,554,10,10,10,6,6,3004.9524836080595,7211.725697239597,2583.349676801983,9273.085121414266,193,0.5271631209980114
replacement_aware_clear_probe,56,16,10,16,1.0,True,547.3513845542755,8757.622152868407,6073.622152868409,30368.11076434205,2200.0,440,385,0.875,55,0,404,16,16,16,14,14,1518.6360434064886,5480.457122352961,415.23510083342956,8757.622152868407,40,0.6185191670010681
replacement_aware_clear_probe,57,10,5,10,1.0,True,888.0845003985111,8880.84500398511,5548.8450039851095,27744.225019925558,2765.0,553,515,0.9312839059674503,38,0,517,10,10,10,3,3,2519.6676827180177,7970.117538230939,2618.9215426179912,8262.438596101623,200,0.5373935870011337
replacement_aware_clear_probe,58,14,10,14,1.0,True,674.7243889259116,9446.141444962763,6397.141444962762,31985.707224813817,2515.0,503,445,0.8846918489065606,58,0,464,14,14,14,17,17,1247.7509294944527,6657.9525880656765,522.5088249183943,9446.141444962763,40,0.6224296580039663
replacement_aware_clear_probe,59,11,5,11,1.0,True,910.1178589004804,10011.296447905284,6240.296447905278,31201.48223952641,3130.0,626,578,0.9233226837060703,48,0,586,11,11,11,7,7,2952.124512975177,7322.4019031459,1798.1040413730223,10011.296447905284,139,0.48782794900034787
replacement_aware_clear_probe,60,12,5,12,1.0,True,705.395703387599,8464.748440651189,5710.7484406511885,28553.74220325597,2275.0,455,412,0.9054945054945055,43,0,419,12,12,12,4,4,1431.0946136140508,7041.625923463163,449.7890494624826,8464.748440651189,40,0.6627209819998825
replacement_aware_clear_probe,61,13,9,13,1.0,True,700.1035758272715,9101.34648575453,6090.346485754532,30451.732428772684,2485.0,497,452,0.9094567404426559,45,0,461,13,13,13,11,11,2113.345375313828,6898.195106758924,714.5816489978108,9101.34648575453,60,0.669844154996099
replacement_aware_clear_probe,62,14,7,14,1.0,True,661.624111990629,9262.737567868806,6186.737567868806,30933.68783934404,2535.0,507,458,0.903353057199211,49,0,471,14,14,14,7,7,3297.4592628525133,7185.697685912052,3146.0704836663936,9262.737567868806,238,0.5407788470038213
replacement_aware_clear_probe,63,13,7,13,1.0,True,689.8761352783774,8968.389758618907,6072.389758618905,30361.948793094547,2390.0,478,435,0.9100418410041841,43,0,441,13,13,13,7,7,1834.0323343312064,5045.243009632199,473.30217449828615,8968.389758618907,40,0.6463319480026257
replacement_aware_clear_probe,64,13,5,13,1.0,True,741.8664826708732,9644.264274721352,6892.26427472135,34461.32137360676,2270.0,454,405,0.8920704845814978,49,0,417,13,13,13,5,5,916.3425539756383,3539.2406101878105,1772.008590559143,9644.264274721352,135,0.6317027440018137
replacement_aware_clear_probe,65,13,5,13,1.0,True,659.2969029864756,8570.859738824183,5464.8597388241815,27324.298694120916,2565.0,513,465,0.9064327485380117,48,0,476,13,13,13,5,5,1955.2111327493892,5434.85391460334,1263.7337481552863,8570.859738824183,97,0.5184752669956652
replacement_aware_clear_probe,66,10,7,10,1.0,True,1027.7254237957284,10277.254237957284,6665.254237957284,33326.27118978643,3000.0,600,563,0.9383333333333334,37,0,562,10,10,10,9,9,1882.515036612561,4527.750366125615,3591.195443166609,10277.254237957284,276,0.5638237699968158
replacement_aware_clear_probe,67,10,6,10,1.0,True,963.3171253065154,9633.171253065155,6010.171253065152,30050.856265325776,3010.0,602,569,0.9451827242524917,33,0,563,10,10,10,6,6,4003.1169530226216,7740.157730519635,1482.8940767011695,9633.171253065155,117,0.557710307999514
replacement_aware_clear_probe,68,15,7,15,1.0,True,674.9991790902237,10124.987686353355,7069.987686353352,35349.93843176677,2515.0,503,440,0.8747514910536779,63,0,465,15,15,15,9,9,2512.159959277588,6925.01246233582,2074.2933023567202,10124.987686353355,160,0.5755573679998633
replacement_aware_clear_probe,69,15,9,15,1.0,True,596.4275539674522,8946.413309511783,5865.413309511786,29327.066547558934,2535.0,507,450,0.8875739644970414,57,0,471,15,15,15,14,14,850.0316267647744,3726.800405269371,495.20740475016794,8946.413309511783,40,0.5182384279978578
replacement_aware_clear_probe,70,10,3,10,1.0,True,917.5038625427484,9175.038625427484,6132.038625427479,30660.193127137412,2525.0,505,468,0.9267326732673268,37,0,468,10,10,10,3,3,948.5097067587119,3036.306200100719,2373.609859841941,8769.527464243132,179,0.6903126800025348
replacement_aware_clear_probe,71,12,5,12,1.0,True,748.0972383960813,8977.166860752975,5754.166860752978,28770.834303764892,2665.0,533,485,0.9099437148217636,48,0,498,12,12,12,8,8,1314.7184565045377,4283.9619205589215,1296.2274446387553,8799.8793943322,100,0.5189739289999125
replacement_aware_clear_probe,72,10,8,10,1.0,True,888.3359457226518,8883.359457226517,5472.3594572265165,27361.79728613259,2830.0,566,528,0.9328621908127208,38,0,531,10,10,10,7,7,2413.414227665842,5927.992167653704,1234.4574809892463,8243.870076251314,100,0.5132982840004843
replacement_aware_clear_probe,73,12,8,12,1.0,True,719.3341210145481,8632.009452174578,5567.009452174577,27835.0472608729,2535.0,507,466,0.9191321499013807,41,0,470,12,12,12,7,7,2152.0642455063057,7025.954367618814,439.8339164042569,8208.715657090603,40,0.5860780789953424
replacement_aware_clear_probe,74,16,7,16,1.0,True,517.6489362353725,8282.38297976596,5724.38297976596,28621.914898829807,2095.0,419,360,0.8591885441527446,59,0,383,16,16,16,2,2,1749.4415079405646,5004.045375961623,767.3538722049735,8161.97595152137,59,0.6756690239999443
replacement_aware_clear_probe,75,13,8,13,1.0,True,748.6572951886186,9732.544837452042,6388.544837452041,31942.724187260214,2765.0,553,505,0.9132007233273056,48,0,514,13,13,13,11,11,2004.2070643572688,6951.1220103496735,2372.7736564082093,9732.544837452042,180,0.590158512997732
replacement_aware_clear_probe,76,12,6,12,1.0,True,738.2790213583825,8859.34825630059,5986.348256300588,29931.74128150296,2375.0,475,442,0.9305263157894736,33,0,438,12,12,12,8,8,1378.3203752524744,5375.729624864493,1481.274017425718,8859.34825630059,104,0.6648129500026698
replacement_aware_clear_probe,77,16,7,16,1.0,True,417.993456903545,6687.89531045672,4752.895310456721,23764.476552283602,1570.0,314,260,0.8280254777070064,54,0,285,16,16,16,8,8,765.934511670303,2389.163789667986,703.939731881463,6687.89531045672,60,0.7319005160024972
replacement_aware_clear_probe,78,16,10,16,1.0,True,594.9470082063822,9519.152131302115,6488.152131302114,32440.760656510574,2490.0,498,445,0.893574297188755,53,0,461,16,16,16,14,14,2813.549371498408,6525.79344597973,414.78626811779895,9519.152131302115,40,0.6738323259996832
replacement_aware_clear_probe,79,11,3,11,1.0,True,775.7683619209776,8533.451981130753,5466.451981130749,27332.259905653762,2540.0,508,467,0.9192913385826772,41,0,472,11,11,11,5,5,760.1590387866723,4868.282612015164,705.5815617920068,6778.316454306233,60,0.5199929070004146
replacement_aware_clear_probe,80,12,6,12,1.0,True,714.3286871828064,8571.944246193678,5506.944246193678,27534.7212309684,2535.0,507,461,0.9092702169625246,46,0,470,12,12,12,4,4,1944.4087328364956,6563.704392938852,430.04337682398545,8124.831931659883,40,0.6908769789952203
replacement_aware_clear_probe,81,14,6,14,1.0,True,732.5767349886008,10256.074289840411,7427.074289840411,37135.37144920208,2330.0,466,411,0.8819742489270386,55,0,429,14,14,14,9,9,2286.4757604139863,7441.500677674782,1482.8195366254067,10256.074289840411,117,0.6741464180013281
replacement_aware_clear_probe,82,11,8,11,1.0,True,798.0676888479317,8778.744577327248,5682.744577327252,28413.722886636268,2565.0,513,476,0.9278752436647173,37,0,476,11,11,11,7,7,1370.033339589438,7631.011094411094,1282.997765484517,8367.664688160687,97,0.6269497629982652
replacement_aware_clear_probe,83,13,6,13,1.0,True,688.712616908715,8953.264019813294,5893.264019813293,29466.320099066477,2525.0,505,455,0.900990099009901,50,0,470,13,13,13,7,7,1995.4644670554221,7100.54168871167,768.8624634747455,8707.741114499218,60,0.5012863619995187
replacement_aware_clear_probe,84,15,8,15,1.0,True,602.6395731067412,9039.593596601118,6204.593596601116,31022.96798300559,2330.0,466,410,0.8798283261802575,56,0,430,15,15,15,7,7,2362.9498679900084,5814.143532736916,1005.2026862698583,9039.593596601118,80,0.5768286379970959
replacement_aware_clear_probe,85,11,5,11,1.0,True,904.6417173545466,9951.058890900013,6577.058890900012,32885.29445450007,2795.0,559,516,0.9230769230769231,43,0,524,11,11,11,6,6,2461.7440962528567,5322.738522512906,1023.2495962999445,9951.058890900013,80,0.528739282002789
replacement_aware_clear_probe,86,16,11,16,1.0,True,571.6637103015905,9146.619364825448,6263.619364825448,31318.09682412725,2365.0,473,409,0.864693446088795,64,0,438,16,16,16,14,14,1807.7497984882666,6925.488792500499,2048.8255629433215,9146.619364825448,152,0.5111383299954468
replacement_aware_clear_probe,87,11,6,11,1.0,True,836.224465144313,9198.469116587443,5850.46911658744,29252.34558293721,2775.0,555,506,0.9117117117117117,49,0,518,11,11,11,9,9,2279.8281728457246,8037.13692368651,1306.0629292178814,8957.986953688785,100,0.5500886740046553
replacement_aware_clear_probe,88,13,11,13,1.0,True,723.7685855116829,9408.991611651878,6026.991611651879,30134.958058259406,2795.0,559,512,0.9159212880143113,47,0,522,13,13,13,8,8,2914.198064915817,6896.179731413642,2065.9992807359563,9408.991611651878,159,0.6046136049990309
replacement_aware_clear_probe,89,10,7,10,1.0,True,906.01453803343,9060.1453803343,5818.145380334296,29090.726901671493,2690.0,538,504,0.9368029739776952,34,0,502,10,10,10,8,8,2441.3244179295466,6263.673775416696,754.0691282822539,9060.1453803343,60,0.5342023870034609
replacement_aware_clear_probe,90,11,8,11,1.0,True,916.0130572202808,10076.143629423088,6496.143629423087,32480.718147115436,2970.0,594,548,0.9225589225589226,46,0,555,11,11,11,11,11,1757.226908747888,6490.910159175512,2398.490890657715,10076.143629423088,180,0.47566963400458917
replacement_aware_clear_probe,91,10,2,10,1.0,True,913.9205815425878,9139.205815425878,5807.2058154258775,29036.029077129406,2765.0,553,512,0.9258589511754068,41,0,517,10,10,10,3,3,2182.8664932376537,7517.105284123616,1288.1757819586278,9139.205815425878,97,0.5758017129992368
replacement_aware_clear_probe,92,13,3,13,1.0,True,636.8817737901057,8279.463059271375,5448.463059271373,27242.315296356872,2335.0,467,416,0.8907922912205567,51,0,431,13,13,13,2,2,782.40089677409,3420.9055572402754,513.3294182603966,7142.8238931566975,40,0.538657201002934
replacement_aware_clear_probe,93,16,8,16,1.0,True,570.5717589094811,9129.148142551698,6570.148142551698,32850.7407127585,2095.0,419,360,0.8591885441527446,59,0,384,16,16,16,8,8,1152.6751959482015,6345.765941629173,400.32883158133143,9129.148142551698,40,0.7112750140004209
replacement_aware_clear_probe,94,14,9,14,1.0,True,728.2627342830909,10195.678279963273,6827.67827996327,34138.391399816355,2780.0,556,504,0.9064748201438849,52,0,518,14,14,14,10,10,2843.9050651231187,7022.252444097336,1310.3530893806162,10195.678279963273,100,0.5657902099992498
replacement_aware_clear_probe,95,16,11,16,1.0,True,584.9751118387074,9359.60178941932,6885.6017894193155,34428.00894709659,2025.0,405,348,0.8592592592592593,57,0,369,16,16,16,12,12,1998.7450258732586,8050.624707047409,447.1941268983684,9359.60178941932,40,0.7687129979967722
replacement_aware_clear_probe,96,12,4,12,1.0,True,747.7754610320544,8973.305532384653,5751.305532384656,28756.527661923283,2665.0,533,482,0.9043151969981238,51,0,497,12,12,12,5,5,2206.1088646092517,5698.698377045164,2049.970797468388,8973.305532384653,160,0.5584800869983155
replacement_aware_clear_probe,97,11,4,11,1.0,True,782.5777916039798,8608.355707643777,5548.355707643776,27741.778538218892,2535.0,507,471,0.9289940828402367,36,0,470,11,11,11,4,4,2291.230746820685,7207.231821287581,1791.0138026491925,8340.120718158334,136,0.5753260760029661
replacement_aware_clear_probe,98,12,6,12,1.0,True,733.5274711767761,8802.329654121313,5785.329654121314,28926.64827060658,2495.0,499,456,0.9138276553106213,43,0,462,12,12,12,3,3,1501.116781512719,4521.698731687926,1058.6459466210379,8802.329654121313,79,0.7140904349944321
replacement_aware_clear_probe,99,13,8,13,1.0,True,690.7971284175401,8980.362669428021,5937.362669428023,29686.813347140116,2510.0,502,453,0.9023904382470119,49,0,468,13,13,13,12,12,2024.8090548719597,3923.179966625996,2545.8344211701924,8980.362669428021,191,0.5249925079988316
replacement_aware_clear_probe,100,11,4,11,1.0,True,792.6739536377136,8719.41349001485,5544.413490014849,27722.06745007426,2630.0,526,481,0.9144486692015209,45,0,490,11,11,11,5,5,1078.5355802790627,4637.384203248759,719.9393424935524,8719.41349001485,59,0.566807841998525
replacement_aware_clear_probe,101,14,11,14,1.0,True,666.9897045264154,9337.855863369816,6436.85586336981,32184.279316849064,2390.0,478,428,0.895397489539749,50,0,441,14,14,14,11,11,1812.3705321555585,5622.021227609052,1061.8273126734134,9337.855863369816,80,0.5616022390022408
replacement_aware_clear_probe,102,11,6,11,1.0,True,854.8816175414858,9403.697792956344,6000.697792956342,30003.48896478172,2820.0,564,518,0.9184397163120568,46,0,528,11,11,11,12,12,807.5478499294553,5622.244090845872,1520.574531361948,9403.697792956344,118,0.5827557029988384
replacement_aware_clear_probe,103,15,9,15,1.0,True,583.8600717793319,8757.901076689977,5891.901076689977,29459.5053834499,2355.0,471,416,0.8832271762208068,55,0,436,15,15,15,10,10,1341.4267322238184,6977.233238092572,806.0776336864831,8578.6163891682,60,0.5893001179938437
replacement_aware_clear_probe,104,10,8,10,1.0,True,1089.2343124557754,10892.343124557754,7189.343124557747,35946.715622788746,3075.0,615,579,0.9414634146341463,36,0,578,10,10,10,12,12,2771.3992766874253,7490.91713099928,2658.4627673877317,10892.343124557754,199,0.5445611360046314
replacement_aware_clear_probe,105,14,6,14,1.0,True,567.0726048471126,7939.0164678595775,5102.016467859578,25510.0823392979,2335.0,467,411,0.880085653104925,56,0,432,14,14,14,5,5,2276.457365705031,5692.831071629982,773.0066944009732,7904.0164678595775,60,0.5073018580005737
replacement_aware_clear_probe,106,15,7,15,1.0,True,576.2004203473508,8643.006305210261,5970.006305210262,29850.03152605132,2195.0,439,386,0.8792710706150342,53,0,403,15,15,15,9,9,2029.418815065856,5910.963062620274,700.2099752273358,8240.987211230587,60,0.5657248300049105
replacement_aware_clear_probe,107,11,4,11,1.0,True,746.2577973518382,8208.83577087022,4959.835770870222,24799.178854351114,2690.0,538,501,0.9312267657992565,37,0,504,11,11,11,2,2,2539.9718092159733,6100.04095343281,728.7700671497462,8208.83577087022,60,0.5016945130046224
replacement_aware_clear_probe,108,11,5,11,1.0,True,761.9696589356492,8381.666248292142,5373.666248292142,26868.33124146072,2490.0,498,458,0.9196787148594378,40,0,463,11,11,11,3,3,1581.6902379497428,5834.682467917995,701.9971039732242,8381.666248292142,60,0.5431504809967009
replacement_aware_clear_probe,109,12,6,12,1.0,True,726.7943571779692,8721.53228613563,5775.532286135632,28877.66143067817,2435.0,487,439,0.9014373716632443,48,0,451,12,12,12,6,6,874.6026949687704,3131.767340086527,532.1939436344354,8721.53228613563,40,0.5680236360058188
replacement_aware_clear_probe,110,13,6,13,1.0,True,633.6212163711763,8237.075812825291,5405.075812825292,27025.379064126464,2335.0,467,424,0.9079229122055674,43,0,432,13,13,13,4,4,1948.6158864691706,4663.776794281783,454.6743122458191,7254.630041123275,40,0.6875835940008983
replacement_aware_clear_probe,111,16,5,16,1.0,True,494.4915532135684,7911.8648514170945,5579.864851417096,27899.324257085485,1905.0,381,322,0.8451443569553806,59,0,347,16,16,16,4,4,1424.378342938358,4874.470139611649,787.3953901420329,7911.8648514170945,60,0.6820250049931929
replacement_aware_clear_probe,112,13,6,13,1.0,True,695.9519315514651,9047.375110169047,6066.375110169045,30331.875550845234,2460.0,492,439,0.8922764227642277,53,0,456,13,13,13,9,9,1179.229692070835,4612.705270364443,468.29796823221136,8156.174609411714,40,0.5255071630017483
replacement_aware_clear_probe,113,10,4,10,1.0,True,894.8891530279407,8948.891530279407,5814.891530279408,29074.457651397042,2600.0,520,484,0.9307692307692308,36,0,484,10,10,10,2,2,2004.6468600524797,5149.44887861751,688.2407153653736,8948.891530279407,60,0.6206704369978979
replacement_aware_clear_probe,114,11,3,11,1.0,True,808.1814511274932,8889.995962402425,5595.995962402424,27979.979812012145,2730.0,546,501,0.9175824175824175,45,0,509,11,11,11,5,5,2347.7972307077926,6026.35142265777,2393.515852850238,8519.874978626542,180,0.5114969529968221
replacement_aware_clear_probe,115,12,4,12,1.0,True,715.1796111140544,8582.155333368653,5631.155333368653,28155.776666843274,2440.0,488,441,0.9036885245901639,47,0,451,12,12,12,5,5,1487.4771707035843,4646.271159337651,750.3457129152182,8582.155333368653,60,0.5539553620037623
replacement_aware_clear_probe,116,16,13,16,1.0,True,618.3505703002131,9893.60912480341,7301.609124803409,36508.04562401706,2125.0,425,377,0.8870588235294118,48,0,387,16,16,16,13,13,2939.016977436104,8439.049764330235,488.413927668748,9893.60912480341,40,0.5904047320000245
replacement_aware_clear_probe,117,11,7,11,1.0,True,813.892244342588,8952.814687768469,5633.814687768465,28169.07343884233,2750.0,550,505,0.9181818181818182,45,0,514,11,11,11,9,9,929.5734342074743,4833.464904168211,444.70623575351215,8097.352317521638,40,0.497766884000157
replacement_aware_clear_probe,118,15,6,15,1.0,True,534.6716055774207,8020.0740836613095,5456.074083661312,27280.37041830657,2105.0,421,366,0.8693586698337292,55,0,384,15,15,15,10,10,1770.111483567659,4219.240196492339,464.362228661019,8020.0740836613095,40,0.6289419140011887
replacement_aware_clear_probe,119,12,10,12,1.0,True,798.4098179586005,9580.917815503206,6491.917815503202,32459.58907751602,2555.0,511,470,0.9197651663405088,41,0,474,12,12,12,10,10,2350.5043253011463,7944.50123795026,692.1028085769595,9400.687175175004,60,0.5908796799994889
replacement_aware_clear_probe,120,14,7,14,1.0,True,608.4221914406999,8517.910680169798,5922.910680169801,29614.553400849,2135.0,427,379,0.8875878220140515,48,0,390,14,14,14,6,6,1749.9541728831277,5369.97446151761,1455.2575582805391,8482.910680169798,116,0.6680217030007043
replacement_aware_clear_probe,121,10,4,10,1.0,True,891.3621781677546,8913.621781677546,5539.621781677547,27698.108908387745,2800.0,560,522,0.9321428571428572,38,0,524,10,10,10,6,6,1024.7022896068863,6383.497450466989,460.3931986805866,8854.621781677546,40,0.5283856520036352
replacement_aware_clear_probe,122,14,5,14,1.0,True,619.5638617246558,8673.89406414518,5658.894064145179,28294.47032072591,2485.0,497,442,0.8893360160965795,55,0,460,14,14,14,6,6,2167.17252462265,7657.988597397047,2037.694161648534,8467.986495729967,160,0.5776323419995606
replacement_aware_clear_probe,123,10,7,10,1.0,True,977.4657731615977,9774.657731615976,6028.657731615974,30143.288658079888,3110.0,622,578,0.9292604501607717,44,0,586,10,10,10,10,10,3262.760538635912,8333.56406877335,2300.8106192145788,9502.146376471921,180,0.4786469059981755
replacement_aware_clear_probe,124,12,7,12,1.0,True,799.8779964094427,9598.535956913312,6209.53595691331,31047.679784566557,2805.0,561,513,0.9144385026737968,48,0,524,12,12,12,8,8,2452.8341891177174,5265.799400998423,2051.3988207571037,9598.535956913312,160,0.482741908999742
replacement_aware_clear_probe,125,11,6,11,1.0,True,857.595583639636,9433.551420035996,6150.551420035992,30752.757100179977,2720.0,544,500,0.9191176470588235,44,0,508,11,11,11,7,7,2207.7017802179366,6706.557622167898,1542.4868263458527,9433.551420035996,119,0.5591773560008733
replacement_aware_clear_probe,126,14,9,14,1.0,True,683.819324414398,9573.470541801573,6955.470541801575,34777.352709007886,2155.0,431,383,0.888631090487239,48,0,393,14,14,14,9,9,1893.596914907428,7672.27831285,484.1900861744609,9573.470541801573,40,0.743856154003879
replacement_aware_clear_probe,127,10,2,10,1.0,True,867.3959871768736,8673.959871768737,5466.959871768739,27334.799358843706,2660.0,532,495,0.9304511278195489,37,0,497,10,10,10,2,2,2209.226109974298,4583.9196557236355,1800.9447064574088,8450.927951222016,140,0.49662028400052804
replacement_aware_clear_probe,128,16,8,16,1.0,True,635.67942090007,10170.87073440112,7480.870734401118,37404.35367200561,2205.0,441,381,0.8639455782312925,60,0,405,16,16,16,12,12,1529.997634991429,6093.742920958402,405.60902651975965,10170.87073440112,40,0.7876722990040435
replacement_aware_clear_probe,129,14,8,14,1.0,True,596.5177618659037,8351.248666122652,5474.248666122654,27371.243330613273,2370.0,474,427,0.9008438818565401,47,0,437,14,14,14,9,9,2277.23992900615,6080.813774508927,791.7064614173355,8351.248666122652,60,0.5647502619976876
replacement_aware_clear_probe,130,14,7,14,1.0,True,575.710028973592,8059.940405630287,5512.940405630288,27564.702028151456,2095.0,419,369,0.8806682577565632,50,0,382,14,14,14,8,8,1260.8076261148847,6416.044845007939,472.51970562859,8059.940405630287,40,0.6575973049984896
replacement_aware_clear_probe,131,12,4,12,1.0,True,669.1781134302337,8030.137361162804,5215.137361162803,26075.686805814028,2325.0,465,424,0.9118279569892473,41,0,430,12,12,12,4,4,1862.571115554858,4973.655670184688,495.7147431532256,7983.137361162804,40,0.565310871003021
replacement_aware_clear_probe,132,13,7,13,1.0,True,772.0982641979227,10037.277434572996,6805.277434572997,34026.38717286498,2670.0,534,482,0.9026217228464419,52,0,497,13,13,13,8,8,1983.0042464309454,6936.421795619851,2332.2526031188177,10037.277434572996,178,0.6014014179963851
replacement_aware_clear_probe,133,13,6,13,1.0,True,664.3297688459991,8636.286994997989,5589.28699499799,27946.434974989956,2515.0,503,451,0.8966202783300199,52,0,467,13,13,13,6,6,2465.5511588169425,4796.0610860079,2616.715982642908,8636.286994997989,199,0.4805475260000094
replacement_aware_clear_probe,134,13,2,13,1.0,True,608.9601811595073,7916.482355073595,5523.482355073596,27617.411775367993,1970.0,394,346,0.8781725888324873,48,0,358,13,13,13,3,3,607.2263781330612,2621.052681023954,661.4177554426902,7916.482355073595,60,0.6390424159981194
replacement_aware_clear_probe,135,15,8,15,1.0,True,639.7008144122493,9595.512216183739,6635.512216183735,33177.56108091869,2435.0,487,432,0.8870636550308009,55,0,450,15,15,15,13,13,1956.350485971172,8193.318613399797,2303.2359788519075,9595.512216183739,174,0.5871381610049866
replacement_aware_clear_probe,136,14,8,14,1.0,True,630.4352783142411,8826.093896399376,6067.093896399374,30335.469481996883,2270.0,454,407,0.8964757709251101,47,0,419,14,14,14,9,9,1729.9040308416775,6770.515396027591,2088.554118625929,8677.506824752632,155,0.5981271069977083
replacement_aware_clear_probe,137,10,4,10,1.0,True,840.8104731879566,8408.104731879566,5448.104731879567,27240.52365939785,2455.0,491,454,0.924643584521385,37,0,455,10,10,10,3,3,1015.3323887220959,2856.4409903942174,777.2615445359789,8349.104731879566,60,0.5239476679998916
replacement_aware_clear_probe,138,11,4,11,1.0,True,750.6345389987126,8256.979928985838,5670.979928985839,28354.899644929206,2140.0,428,389,0.9088785046728972,39,0,391,11,11,11,4,4,972.785290917975,5279.987603987257,512.0289264099523,7864.9540905376,40,0.6321171319941641
replacement_aware_clear_probe,139,10,5,10,1.0,True,922.6651019461622,9226.651019461622,5910.6510194616185,29553.255097308105,2750.0,550,515,0.9363636363636364,35,0,516,10,10,10,6,6,2212.953664230052,7964.836709558047,727.1031164857258,8596.817117487293,59,0.6173597220040392
replacement_aware_clear_probe,140,16,6,16,1.0,True,553.8021579391276,8860.834527026042,6118.834527026046,30594.17263513024,2245.0,449,391,0.8708240534521158,58,0,417,16,16,16,8,8,2344.7907893813745,6801.01984730766,736.1939668544718,8860.834527026042,60,0.6227479350054637
replacement_aware_clear_probe,141,14,8,14,1.0,True,588.7626860084149,8242.67760411781,5725.67760411781,28628.388020589056,2070.0,414,364,0.8792270531400966,50,0,377,14,14,14,9,9,1357.4900999865263,6246.812657095434,435.9002310621742,6967.347563873041,40,0.6574647079978604
replacement_aware_clear_probe,142,14,7,14,1.0,True,619.542878493187,8673.600298904617,5865.600298904617,29328.00149452309,2310.0,462,410,0.8874458874458875,52,0,428,14,14,14,11,11,1216.9579208714326,5223.672729004558,829.5300282655554,8673.600298904617,60,0.48876758400001563
replacement_aware_clear_probe,143,11,2,11,1.0,True,763.1492893921073,8394.64218331318,5297.642183313181,26488.210916565913,2565.0,513,467,0.9103313840155945,46,0,477,11,11,11,1,1,392.002243310463,927.7686152150632,523.9502155548397,8046.4892569222775,40,0.539306596001552
replacement_aware_clear_probe,144,13,6,13,1.0,True,709.0718486147574,9217.934031991846,6147.934031991845,30739.670159959238,2535.0,507,459,0.9053254437869822,48,0,470,13,13,13,7,7,1951.04975969531,6440.466646287033,707.012531627528,8163.272626199707,60,0.5891987969953334
replacement_aware_clear_probe,145,16,7,16,1.0,True,623.8156364646709,9981.050183434734,7014.05018343473,35070.25091717367,2440.0,488,428,0.8770491803278688,60,0,447,16,16,16,5,5,2812.402559036701,5756.147466154885,722.6962454404904,9981.050183434734,60,0.5894450299965683
replacement_aware_clear_probe,146,11,6,11,1.0,True,782.9689747557499,8612.658722313248,5647.658722313249,28238.293611566252,2455.0,491,449,0.9144602851323829,42,0,455,11,11,11,5,5,1515.3871730305402,7881.536399581435,775.8653611280293,8274.210713570328,60,0.582504940997751
replacement_aware_clear_probe,147,14,6,14,1.0,True,658.6713754032032,9221.399255644845,5794.399255644843,28971.996278224236,2830.0,566,512,0.9045936395759717,54,0,527,14,14,14,7,7,1054.5808646591147,5762.364760479027,420.40519151634817,9221.399255644845,40,0.5520638239977416
replacement_aware_clear_probe,148,13,3,13,1.0,True,608.6410350215413,7912.333455280037,5526.333455280039,27631.667276400203,1965.0,393,340,0.8651399491094147,53,0,356,13,13,13,2,2,241.04431526514418,1339.6107852604373,510.13760308231053,7912.333455280037,40,0.7840161089989124
replacement_aware_clear_probe,149,10,7,10,1.0,True,983.6635453070654,9836.635453070654,6363.6354530706485,31818.177265353264,2885.0,577,547,0.9480069324090121,30,0,538,10,10,10,9,9,1924.624078954797,4903.730775736546,699.1894751440207,9836.635453070654,60,0.5672734449981363
replacement_aware_clear_probe,150,16,8,16,1.0,True,534.3622080878797,8549.795329406075,5901.795329406075,29508.97664703038,2170.0,434,374,0.8617511520737328,60,0,398,16,16,16,9,9,2211.287343694835,7323.7209109043015,423.27703514095674,8549.795329406075,40,0.6192100580010447
replacement_aware_clear_probe,151,15,5,15,1.0,True,545.4328681328647,8181.493021992969,6000.493021992969,30002.465109964865,1785.0,357,304,0.8515406162464986,53,0,321,15,15,15,1,1,1470.0690506653802,7546.6632133998155,490.40004801484065,8016.339098255557,40,0.721824893997109
replacement_aware_clear_probe,152,16,7,16,1.0,True,547.8536211057796,8765.657937692473,6127.657937692472,30638.289688462362,2160.0,432,364,0.8425925925925926,68,0,398,16,16,16,11,11,1504.8644280993838,5835.879703860543,2355.7638778331025,8765.657937692473,180,0.597211200001766
replacement_aware_clear_probe,153,13,6,13,1.0,True,635.533901391321,8261.940718087173,5701.940718087173,28509.703590435875,2110.0,422,375,0.8886255924170616,47,0,385,13,13,13,8,8,902.2670974138438,5316.2363028812315,777.9679580368928,8261.940718087173,60,0.6322319039973081
replacement_aware_clear_probe,154,11,6,11,1.0,True,774.9593497562305,8524.552847318535,5571.552847318534,27857.76423659268,2445.0,489,453,0.9263803680981595,36,0,453,11,11,11,10,10,1245.3688935158154,7263.6196573041325,1739.7408894430564,7964.921614605425,129,0.615148760000011
replacement_aware_clear_probe,155,14,7,14,1.0,True,611.0365307443068,8554.511430420294,5597.511430420293,27987.557152101483,2435.0,487,443,0.9096509240246407,44,0,452,14,14,14,4,4,2987.110886082581,7357.015542161689,431.1572655926665,8412.592867021987,40,0.5965973060010583
replacement_aware_clear_probe,156,13,10,13,1.0,True,737.4747111442946,9587.17124487583,6792.171244875828,33960.85622437915,2305.0,461,415,0.9002169197396963,46,0,425,13,13,13,8,8,1670.0532960943335,3735.4078696863126,2099.014347928486,9587.17124487583,156,0.7305561320026754
replacement_aware_clear_probe,157,14,8,14,1.0,True,610.5115501631454,8547.161702284036,5681.161702284038,28405.80851142019,2360.0,472,409,0.8665254237288136,63,0,436,14,14,14,8,8,1941.905045085831,7406.353581304746,1046.3499196719486,8320.748728408296,80,0.5701834060018882
replacement_aware_clear_probe,158,15,7,15,1.0,True,567.6509382040367,8514.76407306055,5863.7640730605535,29318.820365302778,2175.0,435,378,0.8689655172413793,57,0,401,15,15,15,4,4,1587.8571070152425,7747.948054524954,729.194261979142,8253.828141395235,60,0.5192606569980853
replacement_aware_clear_probe,159,13,10,13,1.0,True,692.0667991729878,8996.86838924884,5894.868389248842,29474.34194624422,2560.0,512,469,0.916015625,43,0,477,13,13,13,10,10,2415.1441796689583,5179.07901145309,1325.5371501758307,8996.86838924884,100,0.500804938004876
replacement_aware_clear_probe,160,10,3,10,1.0,True,822.9875806347452,8229.875806347452,5240.875806347455,26204.37903173728,2480.0,496,459,0.9254032258064516,37,0,459,10,10,10,5,5,373.266857767407,974.5155544009164,455.65748377989235,8170.875806347452,40,0.6002709700042033
replacement_aware_clear_probe,161,14,8,14,1.0,True,666.7249132404821,9334.14878536675,6192.148785366749,30960.74392683375,2590.0,518,466,0.8996138996138996,52,0,482,14,14,14,14,14,2101.9412085315753,6028.813079283555,519.5173763987451,9334.14878536675,40,0.4568309360038256
replacement_aware_clear_probe,162,10,3,10,1.0,True,861.809217502678,8618.09217502678,5304.092175026779,26520.460875133904,2750.0,550,509,0.9254545454545454,41,0,514,10,10,10,4,4,1430.0364892748873,4857.811319816526,3397.20146431775,8618.09217502678,257,0.5209396819991525
replacement_aware_clear_probe,163,14,4,14,1.0,True,613.4042176414777,8587.659046980687,5788.659046980689,28943.295234903446,2305.0,461,411,0.8915401301518439,50,0,424,14,14,14,3,3,1755.3745083924389,5183.562351063871,678.6712308362933,8587.659046980687,60,0.5612437300005695
replacement_aware_clear_probe,164,10,6,10,1.0,True,909.4033257337644,9094.033257337644,5822.033257337645,29110.16628668824,2715.0,543,506,0.9318600368324125,37,0,507,10,10,10,5,5,1998.3346964887398,6114.399079620947,704.305031902099,9094.033257337644,60,0.5591961610043654
replacement_aware_clear_probe,165,10,3,10,1.0,True,949.798815850829,9497.98815850829,6293.98815850829,31469.940792541453,2660.0,532,496,0.9323308270676691,36,0,494,10,10,10,3,3,1038.0316451662259,6007.546453593156,515.1684153756744,9497.98815850829,40,0.506783382006688
replacement_aware_clear_probe,166,11,3,11,1.0,True,747.5386384743989,8222.925023218388,5395.9250232183895,26979.625116091964,2340.0,468,430,0.9188034188034188,38,0,432,11,11,11,2,2,1540.3179227736111,3991.7097566829707,809.9399870993688,8169.925023218389,60,0.5770578850060701
replacement_aware_clear_probe,167,11,9,11,1.0,True,880.5922995342717,9686.515294876988,6450.515294876985,32252.57647438492,2680.0,536,495,0.9235074626865671,41,0,501,11,11,11,15,15,1108.6682882484495,5800.228595592199,787.5665877859728,8227.512496770874,60,0.5531893299994408
replacement_aware_clear_probe,168,15,5,15,1.0,True,540.5194427859002,8107.791641788503,5889.791641788504,29448.958208942535,1815.0,363,307,0.8457300275482094,56,0,328,15,15,15,3,3,1188.6418112124459,6207.178505738266,752.710842544755,8107.791641788503,60,0.5682424159967923
replacement_aware_clear_probe,169,12,8,12,1.0,True,756.356335034211,9076.276020410533,6017.276020410532,30086.380102052673,2530.0,506,462,0.9130434782608695,44,0,469,12,12,12,10,10,1300.7345979900922,6406.00005997079,1498.611759647882,9076.276020410533,117,0.5982843070014496
replacement_aware_clear_probe,170,16,9,16,1.0,True,577.4314596925653,9238.903355081045,6734.903355081045,33674.516775405245,2050.0,410,359,0.875609756097561,51,0,374,16,16,16,8,8,1512.3264819722724,7212.099262905249,781.1545105091453,9238.903355081045,60,0.7052241259953007
replacement_aware_clear_probe,171,16,8,16,1.0,True,447.13016953394117,7154.082712543059,4992.082712543057,24960.413562715294,1760.0,352,293,0.8323863636363636,59,0,322,16,16,16,4,4,1968.2507450718722,5626.190055800866,767.0413162725658,7154.082712543059,60,0.7200327669997932
replacement_aware_clear_probe,172,12,6,12,1.0,True,737.1036688791837,8845.244026550205,5941.2440265502055,29706.220132751037,2400.0,480,439,0.9145833333333333,41,0,444,12,12,12,8,8,1393.1452050323899,6183.2673732810745,425.5439467673276,8845.244026550205,40,0.641359717999876
replacement_aware_clear_probe,173,12,5,12,1.0,True,721.7427267867812,8660.912721441375,5643.9127214413775,28219.563607206892,2495.0,499,456,0.9138276553106213,43,0,462,12,12,12,4,4,2988.61822599474,6150.545889245265,517.1938575804455,8613.912721441375,40,0.612786761004827
replacement_aware_clear_probe,174,16,8,16,1.0,True,525.7862547578576,8412.580076125721,5534.580076125721,27672.900380628616,2360.0,472,411,0.8707627118644068,61,0,438,16,16,16,8,8,2633.553866692149,4638.558315950033,709.6377309175831,8412.580076125721,60,0.5707900089983013
replacement_aware_clear_probe,175,13,9,13,1.0,True,727.1908067194064,9453.480487352283,6279.480487352283,31397.402436761415,2620.0,524,474,0.9045801526717557,50,0,489,13,13,13,10,10,2104.752259162048,7189.784244970744,806.1069803191028,9453.480487352283,60,0.5037661750029656
replacement_aware_clear_probe,176,10,6,10,1.0,True,912.727994173053,9127.27994173053,5776.279941730529,28881.39970865265,2780.0,556,521,0.9370503597122302,35,0,521,10,10,10,7,7,3244.477224183005,6227.084479640241,837.884247879293,8924.730387154246,60,0.49930100300116464
replacement_aware_clear_probe,177,11,6,11,1.0,True,809.1419073622164,8900.56098098438,5618.560980984382,28092.80490492191,2720.0,544,498,0.9154411764705882,46,0,507,11,11,11,6,6,1616.3655747799783,5766.083228740991,772.8021724498951,8900.56098098438,60,0.5156262529999367
replacement_aware_clear_probe,178,10,5,10,1.0,True,926.2465183859409,9262.465183859409,5895.465183859413,29477.32591929707,2795.0,559,522,0.9338103756708408,37,0,522,10,10,10,4,4,2736.726891710908,5702.7444424688665,415.91173660300115,9262.465183859409,40,0.5467443429952255
replacement_aware_clear_probe,179,16,10,16,1.0,True,558.1276384918614,8930.042215869782,5838.042215869782,29190.211079348916,2540.0,508,447,0.8799212598425197,61,0,472,16,16,16,11,11,2662.172655436586,5811.355966305035,1522.771236498054,8930.042215869782,120,0.5777611869998509
replacement_aware_clear_probe,180,11,5,11,1.0,True,788.847082950931,8677.317912460241,5521.31791246024,27606.58956230121,2615.0,523,477,0.9120458891013384,46,0,486,11,11,11,7,7,1985.7434173358722,8175.089494754223,1499.7050495927579,8677.317912460241,120,0.5643949019940919
replacement_aware_clear_probe,181,14,3,14,1.0,True,625.8282037123527,8761.594851972937,6057.594851972939,30287.974259864706,2225.0,445,391,0.8786516853932584,54,0,409,14,14,14,5,5,727.0793619382918,3841.5657723919503,1258.4623656519057,8761.594851972937,100,0.578741990000708
replacement_aware_clear_probe,182,13,8,13,1.0,True,724.9996159530581,9424.995007389754,6392.995007389751,31964.975036948767,2500.0,500,455,0.91,45,0,467,13,13,13,8,8,1667.7595996064147,4976.7249969575105,2414.8526212782317,9035.812688875263,177,0.5375149739993503
replacement_aware_clear_probe,183,10,5,10,1.0,True,957.5845637148268,9575.845637148268,6143.845637148271,30719.22818574136,2850.0,570,527,0.9245614035087719,43,0,532,10,10,10,6,6,1702.0453187134979,4145.817729044993,2296.3149568899094,9575.845637148268,179,0.6032616680022329
replacement_aware_clear_probe,184,12,4,12,1.0,True,704.57201751132,8454.86421013584,5365.864210135843,26829.321050679217,2555.0,511,467,0.913894324853229,44,0,474,12,12,12,2,2,2431.3273206150575,4708.754398519514,430.1014455030769,8231.282304804454,40,0.5764778730008402
replacement_aware_clear_probe,185,16,6,16,1.0,True,552.6278796383581,8842.04607421373,6390.046074213728,31950.230371068646,2005.0,401,347,0.8653366583541147,54,0,367,16,16,16,8,8,1417.5278948219905,4228.0318844748535,1095.8398977717663,8842.04607421373,80,0.5398829309997382
replacement_aware_clear_probe,186,12,7,12,1.0,True,713.7033605506039,8564.440326607246,5665.440326607249,28327.20163303625,2395.0,479,435,0.9081419624217119,44,0,444,12,12,12,5,5,1673.4004948971976,4465.868073934215,465.21901685326446,8564.440326607246,40,0.6396682120030164
replacement_aware_clear_probe,187,12,5,12,1.0,True,698.0122128836689,8376.146554604027,5506.146554604026,27530.73277302015,2370.0,474,432,0.9113924050632911,42,0,440,12,12,12,5,5,1704.8936410141687,5682.472618227227,715.8564804322857,6611.850022200116,60,0.5902999109966913
replacement_aware_clear_probe,188,16,7,16,1.0,True,529.8677709815651,8477.884335705041,6071.884335705044,30359.421678525214,1970.0,394,334,0.8477157360406091,60,0,356,16,16,16,10,10,856.7536182190936,4569.149787477667,482.64993584331353,8477.884335705041,40,0.7383633950012154
replacement_aware_clear_probe,189,13,4,13,1.0,True,645.3392154013164,8389.409800217114,5757.409800217114,28787.049001085576,2170.0,434,387,0.8917050691244239,47,0,397,13,13,13,5,5,506.2283527631484,4298.132847701743,411.42139900430607,8389.409800217114,40,0.6528490950004198
replacement_aware_clear_probe,190,10,2,10,1.0,True,937.7802684826731,9377.802684826731,5890.802684826732,29454.013424133667,2895.0,579,533,0.9205526770293609,46,0,542,10,10,10,3,3,1619.567081179613,5228.560842318147,787.174853251209,9377.802684826731,60,0.5492556520039216
replacement_aware_clear_probe,191,16,12,16,1.0,True,683.1876665984576,10931.00266557532,7690.002665575319,38450.0133278766,2665.0,533,471,0.8836772983114447,62,0,496,16,16,16,17,17,2825.9258713780664,6918.170225225424,2814.2414820001313,10931.00266557532,220,0.5415352440031711
replacement_aware_clear_probe,192,12,7,12,1.0,True,751.7817688892563,9021.381226671076,6069.381226671075,30346.906133355387,2440.0,488,446,0.9139344262295082,42,0,452,12,12,12,9,9,1820.8573972928089,7164.113447447091,468.52052764519283,9021.381226671076,40,0.5492646799975773
replacement_aware_clear_probe,193,14,7,14,1.0,True,666.8063195449237,9335.28847362893,6380.288473628932,31901.44236814466,2435.0,487,439,0.9014373716632443,48,0,450,14,14,14,10,10,3054.5650629667953,7524.524636365386,528.0602129093817,9335.28847362893,40,0.5758695550030097
replacement_aware_clear_probe,194,16,12,16,1.0,True,576.2933906479952,9220.694250367924,6067.6942503679265,30338.471251839634,2590.0,518,453,0.8745173745173745,65,0,483,16,16,16,25,25,971.9036188009482,4264.943613633355,678.1501013301535,9196.694250367924,60,0.559341537002183
replacement_aware_clear_probe,195,14,3,14,1.0,True,557.1183341606985,7799.656678249778,5528.656678249778,27643.283391248893,1865.0,373,318,0.8525469168900804,55,0,336,14,14,14,2,2,927.8267342694174,4541.795384378865,429.2382347390869,7799.656678249778,40,0.6727011619950645
replacement_aware_clear_probe,196,15,6,15,1.0,True,572.2546346423485,8583.819519635228,5778.819519635229,28894.097598176155,2305.0,461,399,0.8655097613882863,62,0,425,15,15,15,8,8,1037.4528662944745,6304.501031870636,458.5603614690732,8357.70737498836,40,0.609619164999458
replacement_aware_clear_probe,197,14,3,14,1.0,True,602.1346012410895,8429.884417375253,5706.884417375253,28534.422086876268,2240.0,448,387,0.8638392857142857,61,0,413,14,14,14,0,0,1234.3551199566516,4237.357138890616,758.5347716790214,8242.996961510213,60,0.6924357549942215
replacement_aware_clear_probe,198,10,2,10,1.0,True,866.8309140027629,8668.30914002763,5619.309140027627,28096.545700138147,2530.0,506,473,0.9347826086956522,33,0,469,10,10,10,3,3,371.15991352791764,1414.4461688734987,438.1907511665796,6986.249039395148,40,0.6270391430007294
replacement_aware_clear_probe,199,12,7,12,1.0,True,726.8495758830833,8722.194910597,5559.194910597001,27795.974552985008,2615.0,523,480,0.9177820267686424,43,0,488,12,12,12,6,6,2254.7557473428624,7243.340804927989,746.4647513829349,8722.194910597,60,0.47380668799451087
replacement_aware_clear_probe,200,10,4,10,1.0,True,881.5374441763394,8815.374441763393,5345.374441763391,26726.872208816956,2880.0,576,538,0.9340277777777778,38,0,540,10,10,10,2,2,2405.147663935412,6907.458445927227,2625.632546873508,7628.290952178384,200,0.4330185870057903
replacement_aware_clear_probe,201,10,6,10,1.0,True,1030.5465493434235,10305.465493434236,6722.465493434231,33612.32746717118,2975.0,595,557,0.9361344537815126,38,0,558,10,10,10,6,6,2994.799342797476,7225.61563601085,1288.6961592440118,10305.465493434236,100,0.47431337199668633
replacement_aware_clear_probe,202,16,10,16,1.0,True,519.021474335575,8304.3435893692,5964.343589369199,29821.717946846016,1910.0,382,321,0.8403141361256544,61,0,350,16,16,16,11,11,1264.8183693720916,5944.09108230109,424.7589826045429,8304.3435893692,40,0.687664181998116
replacement_aware_clear_probe,203,10,7,10,1.0,True,965.0937691772397,9650.937691772397,6355.937691772395,31779.688458861987,2735.0,547,515,0.9414990859232175,32,0,510,10,10,10,8,8,2372.173150921408,5028.740917583853,2337.695180519969,9650.937691772397,180,0.5239846850017784
replacement_aware_clear_probe,204,13,6,13,1.0,True,658.2193380171859,8556.851394223417,5749.851394223418,28749.2569711171,2315.0,463,417,0.9006479481641468,46,0,427,13,13,13,8,8,1615.5653149734123,7506.862496412438,719.9222173996161,8556.851394223417,60,0.6429066739947302
replacement_aware_clear_probe,205,13,6,13,1.0,True,664.4851370908857,8638.306782181515,5850.306782181517,29251.533910907598,2300.0,460,421,0.9152173913043479,39,0,423,13,13,13,6,6,1518.5039628896052,6860.528977855215,429.2903227161049,8412.540531808892,40,0.6190843580043293
replacement_aware_clear_probe,206,10,5,10,1.0,True,918.7256297665062,9187.256297665062,5827.256297665063,29136.281488325323,2790.0,558,523,0.9372759856630825,35,0,520,10,10,10,7,7,1305.1193883512478,5723.332749483787,2310.4267907358753,9187.256297665062,178,0.6286858020030195
replacement_aware_clear_probe,207,14,5,14,1.0,True,632.885990281895,8860.40386394653,5970.403863946528,29852.01931973265,2380.0,476,419,0.8802521008403361,57,0,440,14,14,14,3,3,1984.796968158763,7634.39737561972,479.1853600632687,8860.40386394653,40,0.6308225410029991
replacement_aware_clear_probe,208,12,9,12,1.0,True,789.9695794068557,9479.634952882268,6108.6349528822675,30543.17476441135,2790.0,558,515,0.9229390681003584,43,0,521,12,12,12,9,9,3179.7426433478213,5896.8210405949085,1050.2057072884895,9479.634952882268,80,0.560867521999171
replacement_aware_clear_probe,209,14,6,14,1.0,True,670.2016070217186,9382.82249830406,6157.822498304058,30789.112491520293,2660.0,532,478,0.8984962406015038,54,0,495,14,14,14,7,7,2779.710668560753,8146.766046351093,1828.9950052399186,9382.82249830406,139,0.5293019730015658
replacement_aware_clear_probe,210,13,4,13,1.0,True,683.0623477166132,8879.810520315972,6042.810520315969,30214.05260157987,2340.0,468,419,0.8952991452991453,49,0,432,13,13,13,3,3,1022.5260995965693,6681.327372188108,511.0046784449744,8488.473655152737,40,0.6623935980023816
replacement_aware_clear_probe,211,14,7,14,1.0,True,642.8591894464652,9000.028652250512,6200.028652250513,31000.143261252557,2305.0,461,413,0.89587852494577,48,0,425,14,14,14,6,6,1282.3401423164128,6737.39440278939,680.5702324443082,9000.028652250512,60,0.6361996280029416
replacement_aware_clear_probe,212,13,7,13,1.0,True,683.0918398643311,8880.193918236304,6259.193918236304,31295.969591181525,2160.0,432,389,0.9004629629629629,43,0,396,13,13,13,8,8,1210.7533763319452,5567.3016934700345,515.9069882891554,8301.427276380764,40,0.5507918680013972
replacement_aware_clear_probe,213,11,7,11,1.0,True,830.6899469256227,9137.58941618185,6035.589416181848,30177.947080909253,2570.0,514,475,0.9241245136186771,39,0,477,11,11,11,8,8,1105.8086394350364,5004.798120659509,456.8326871774025,9137.58941618185,40,0.5603687420007191
replacement_aware_clear_probe,214,14,4,14,1.0,True,613.5700899537745,8589.981259352844,5632.981259352841,28164.90629676422,2435.0,487,437,0.8973305954825462,50,0,452,14,14,14,4,4,1973.3645086422341,5958.641348736754,710.8319575207311,8589.981259352844,60,0.5122787500004051
replacement_aware_clear_probe,215,10,2,10,1.0,True,869.4777379927885,8694.777379927886,5379.777379927886,26898.886899639434,2750.0,550,503,0.9145454545454546,47,0,515,10,10,10,4,4,1386.489019836316,4097.921707603684,728.8650270511017,8635.777379927886,60,0.5300933690014062
replacement_aware_clear_probe,216,16,8,16,1.0,True,583.6083770253991,9337.734032406386,6778.734032406383,33893.670162031936,2095.0,419,364,0.8687350835322196,55,0,384,16,16,16,9,9,1861.2766444753427,4269.1086643463395,769.6717246186743,9337.734032406386,60,0.6965091599995503
replacement_aware_clear_probe,217,12,8,12,1.0,True,694.5330967039196,8334.397160447035,5471.397160447036,27356.985802235195,2365.0,473,428,0.904862579281184,45,0,438,12,12,12,6,6,953.1092915707559,4344.765355454973,1248.3059447726484,8334.397160447035,100,0.5924784529997851
replacement_aware_clear_probe,218,12,9,12,1.0,True,784.94551577342,9419.34618928104,6364.346189281036,31821.73094640519,2525.0,505,462,0.9148514851485149,43,0,470,12,12,12,12,12,827.1204860696365,5604.330583086385,731.3646370268019,8965.38576575745,60,0.5575361869996414
replacement_aware_clear_probe,219,15,8,15,1.0,True,567.9259091646155,8518.888637469232,5876.888637469233,29384.443187346173,2170.0,434,384,0.8847926267281107,50,0,397,15,15,15,7,7,2076.189652652788,6023.19872084601,1028.5921502157707,8518.888637469232,80,0.6277961239975411
replacement_aware_clear_probe,220,15,6,15,1.0,True,519.210892024341,7788.163380365115,5618.163380365116,28090.816901825594,1775.0,355,298,0.8394366197183099,57,0,320,15,15,15,4,4,433.64578929354076,2096.3843353961097,681.7498624393037,7788.163380365115,60,0.7478479049968882
replacement_aware_clear_probe,221,11,1,11,1.0,True,736.2826436661549,8099.109080327703,5447.109080327704,27235.545401638527,2195.0,439,396,0.9020501138952164,43,0,402,11,11,11,2,2,342.8012867776039,2009.3502071694152,533.0639473842275,7728.354116689457,40,0.540683243998501
replacement_aware_clear_probe,222,16,7,16,1.0,True,509.02605527835436,8144.41688445367,5697.416884453671,28487.08442226836,2000.0,400,343,0.8575,57,0,367,16,16,16,8,8,1359.2121597909334,5225.973379822876,438.2584317701456,8144.41688445367,40,0.6669506830003229
replacement_aware_clear_probe,223,12,9,12,1.0,True,774.2361805859224,9290.83416703107,6057.834167031067,30289.17083515535,2675.0,535,491,0.9177570093457944,44,0,498,12,12,12,8,8,3318.0627445691075,6601.863379409348,1328.2343858483368,8813.678142749903,100,0.551965126003779
replacement_aware_clear_probe,224,10,5,10,1.0,True,867.9214711579164,8679.214711579163,5502.214711579161,27511.073557895816,2635.0,527,494,0.937381404174573,33,0,492,10,10,10,3,3,1988.64431277101,7239.0776911393905,714.130369869686,7973.107942388158,60,0.5601935419981601
replacement_aware_clear_probe,225,15,8,15,1.0,True,554.51215198623,8317.682279793451,5686.682279793452,28433.41139896727,2160.0,432,380,0.8796296296296297,52,0,396,15,15,15,10,10,1500.0536322813207,5553.763306012653,432.22266099139864,8317.682279793451,40,0.6948640610062284
replacement_aware_clear_probe,226,13,6,13,1.0,True,727.7952187178872,9461.337843332534,6143.337843332538,30716.68921666269,2740.0,548,494,0.9014598540145985,54,0,513,13,13,13,8,8,2835.5423081764643,5758.678044829872,432.13895796597757,9461.337843332534,40,0.5331709250021959
replacement_aware_clear_probe,227,13,6,13,1.0,True,641.1750559263971,8335.275727043163,5167.275727043164,25836.378635215813,2615.0,523,480,0.9177820267686424,43,0,488,13,13,13,5,5,2797.2682539615585,6271.287078619708,724.4278032640258,7736.77283793751,60,0.49631088499882026
replacement_aware_clear_probe,228,16,6,16,1.0,True,555.1608965095812,8882.5743441533,6457.5743441533,32287.871720766518,1985.0,397,335,0.8438287153652393,62,0,360,16,16,16,9,9,1517.0740805741907,5804.709349364521,436.455863006853,8882.5743441533,40,0.6794294099963736
replacement_aware_clear_probe,229,14,4,14,1.0,True,627.2297100275019,8781.215940385027,5778.215940385025,28891.079701925133,2475.0,495,443,0.8949494949494949,52,0,458,14,14,14,4,4,1843.638116861533,5587.311212020488,3779.0629178775357,8781.215940385027,274,0.5618626599971321
replacement_aware_clear_probe,230,15,9,15,1.0,True,610.0656245675137,9150.984368512705,6383.984368512702,31919.921842563534,2275.0,455,400,0.8791208791208791,55,0,417,15,15,15,10,10,1998.427875693107,5754.89161792372,494.19699109241367,9150.984368512705,40,0.6047066259998246
replacement_aware_clear_probe,231,16,7,16,1.0,True,554.348379272916,8869.574068366655,6034.574068366654,30172.87034183328,2325.0,465,393,0.8451612903225807,72,0,430,16,16,16,8,8,1987.2377096589876,5508.110263016127,2622.903049546028,8869.574068366655,200,0.5455333850040915
replacement_aware_clear_probe,232,12,7,12,1.0,True,806.1801343248779,9674.161611898535,6351.161611898533,31755.808059492676,2750.0,550,501,0.9109090909090909,49,0,513,12,12,12,9,9,1927.7050208698256,7192.738046550839,2318.9844258895682,9091.616815778429,173,0.5539614930021344
replacement_aware_clear_probe,233,15,11,15,1.0,True,563.3170873524642,8449.756310286963,6081.756310286963,30408.78155143483,1940.0,388,328,0.845360824742268,60,0,353,15,15,15,13,13,1017.2978471540097,5180.121468726205,730.8450522228884,6259.836253667447,60,0.5744025360036176
replacement_aware_clear_probe,234,12,7,12,1.0,True,723.2524586835452,8679.029504202543,5572.029504202544,27860.14752101273,2570.0,514,471,0.9163424124513618,43,0,477,12,12,12,7,7,1537.7520924308863,5688.191257422822,493.6083656832102,8679.029504202543,40,0.527769326006819
replacement_aware_clear_probe,235,12,7,12,1.0,True,822.5510545470975,9870.61265456517,6844.612654565167,34223.06327282586,2505.0,501,455,0.908183632734531,46,0,461,12,12,12,7,7,935.6316076591003,3188.2347047887206,524.4309026692366,9870.61265456517,40,0.6159294360040803
replacement_aware_clear_probe,236,15,8,15,1.0,True,610.0225420196643,9150.338130294966,6227.3381302949665,31136.690651474844,2405.0,481,425,0.8835758835758836,56,0,443,15,15,15,10,10,1510.269807746146,6412.9743949161175,394.82683119766347,9150.338130294966,40,0.5555738260009093
replacement_aware_clear_probe,237,14,7,14,1.0,True,621.0262284303969,8694.367198025557,5953.367198025555,29766.835990127776,2255.0,451,398,0.8824833702882483,53,0,416,14,14,14,8,8,1828.3209307809213,5033.455597582818,481.9254467170374,7907.073355446079,40,0.479372585999954
replacement_aware_clear_probe,238,16,8,16,1.0,True,525.9473491164505,8415.157585863208,5805.157585863208,29025.787929316044,2135.0,427,371,0.8688524590163934,56,0,395,16,16,16,11,11,2690.142869994948,5035.371459245678,2377.574006262045,8415.157585863208,179,0.5559727709987783
replacement_aware_clear_probe,239,10,5,10,1.0,True,907.0381934113082,9070.381934113082,5858.381934113081,29291.90967056542,2665.0,533,491,0.9212007504690432,42,0,497,10,10,10,4,4,2101.2189506052578,6558.839278965382,1767.9721421109768,9070.381934113082,139,0.5203204179997556
replacement_aware_clear_probe,240,16,11,16,1.0,True,597.9877415765488,9567.803865224781,6817.803865224781,34089.01932612391,2255.0,451,393,0.8713968957871396,58,0,415,16,16,16,8,8,1618.780945335107,5950.226444239159,750.0516264389812,9567.803865224781,60,0.6338363269969705
replacement_aware_clear_probe,241,15,8,15,1.0,True,623.0711796219531,9346.067694329297,6710.0676943292965,33550.33847164649,2165.0,433,385,0.8891454965357968,48,0,396,15,15,15,6,6,1651.7861184632873,7465.634148489402,988.8073257390157,9346.067694329297,76,0.8305012900018482
replacement_aware_clear_probe,242,12,3,12,1.0,True,699.6996158434949,8396.39539012194,5414.39539012194,27071.976950609707,2465.0,493,447,0.9066937119675457,46,0,457,12,12,12,3,3,1534.3183003718143,3532.7407088928926,475.98399268291837,8212.699198128359,40,0.5324730799984536
replacement_aware_clear_probe,243,14,8,14,1.0,True,634.0505378933257,8876.70753050656,5878.707530506559,29393.53765253281,2470.0,494,446,0.902834008097166,48,0,458,14,14,14,3,3,2793.967229955797,8041.932474274266,475.8414281435302,8876.70753050656,40,0.542768483996042
replacement_aware_clear_probe,244,16,9,16,1.0,True,579.6610366885625,9274.576587017,6465.576587016998,32327.882935084992,2305.0,461,406,0.8806941431670282,55,0,424,16,16,16,11,11,1736.6927648167969,7067.671934723074,404.7865446320513,9274.576587017,40,0.6289491959978477
replacement_aware_clear_probe,245,11,6,11,1.0,True,821.0019361165437,9031.02129728198,6053.02129728198,30265.106486409913,2465.0,493,451,0.9148073022312373,42,0,458,11,11,11,5,5,1248.323832616169,7728.700588481653,720.6897371596303,9031.02129728198,60,0.6283701499996823
replacement_aware_clear_probe,246,10,7,10,1.0,True,1077.4409860457959,10774.409860457958,7111.409860457956,35557.04930228979,3045.0,609,574,0.9425287356321839,35,0,568,10,10,10,9,9,3553.041087164659,7693.917674144546,1838.8409834383706,10774.409860457958,139,0.4732522889971733
replacement_aware_clear_probe,247,13,5,13,1.0,True,696.6207653710143,9056.069949823186,6093.069949823187,30465.349749115943,2445.0,489,440,0.8997955010224948,49,0,453,13,13,13,5,5,1663.1544558427374,5094.450839555686,1024.2233127227219,9015.069949823186,80,0.6307045680005103
replacement_aware_clear_probe,248,16,11,16,1.0,True,616.443300170912,9863.092802734593,6521.09280273459,32605.464013672954,2750.0,550,490,0.8909090909090909,60,0,512,16,16,16,13,13,2408.7492596890324,6167.666733728044,3113.327229284572,9863.092802734593,236,0.5221380340008182
replacement_aware_clear_probe,249,12,10,12,1.0,True,826.740293384516,9920.883520614192,6547.883520614191,32739.417603070964,2790.0,558,517,0.9265232974910395,41,0,523,12,12,12,13,13,2406.902645679808,6465.09542890632,750.1617499396064,9920.883520614192,60,0.47844341400195844
replacement_aware_clear_probe,250,13,6,13,1.0,True,669.7585896190541,8706.861665047703,5900.861665047702,29504.308325238515,2315.0,463,418,0.9028077753779697,45,0,426,13,13,13,4,4,1838.3161156484084,7383.977284246152,402.7803857413364,8102.356962490602,40,0.7483406550018117
replacement_aware_clear_probe,251,13,7,13,1.0,True,709.7079884052793,9226.20384926863,6216.203849268626,31081.019246343145,2485.0,497,447,0.8993963782696177,50,0,460,13,13,13,7,7,1601.1742781370936,5568.890147460281,2855.2139435677022,9226.20384926863,203,0.5382023140045931
replacement_aware_clear_probe,252,16,9,16,1.0,True,575.3932189517169,9206.29150322747,6312.291503227468,31561.457516137358,2375.0,475,421,0.8863157894736842,54,0,439,16,16,16,7,7,3486.981270868125,7009.354565047485,497.2846993179817,9206.29150322747,40,0.5642540059998282
replacement_aware_clear_probe,253,14,6,14,1.0,True,659.4277869539563,9231.989017355389,5988.989017355391,29944.945086776966,2675.0,535,483,0.902803738317757,52,0,498,14,14,14,7,7,2549.433541750546,6891.432953927039,1045.8096365460738,9231.989017355389,80,0.554148080998857
replacement_aware_clear_probe,254,12,7,12,1.0,True,764.9432602266737,9179.319122720084,5983.319122720082,29916.595613600417,2645.0,529,482,0.9111531190926276,47,0,491,12,12,12,8,8,2089.791065660773,5644.126382262924,1259.7374167672144,9179.319122720084,100,0.5193196549953427
replacement_aware_clear_probe,255,10,5,10,1.0,True,900.8777561698373,9008.777561698373,5820.777561698372,29103.887808491876,2645.0,529,495,0.9357277882797732,34,0,493,10,10,10,6,6,1911.2488992810183,5606.977782008279,704.0740281011523,9008.777561698373,60,0.5911320979939774
replacement_aware_clear_probe,256,13,5,13,1.0,True,655.6096298410828,8522.925187934075,5836.925187934077,29184.625939670394,2215.0,443,395,0.891647855530474,48,0,406,13,13,13,8,8,1443.8773988333103,6470.420395979262,525.4142384098391,8298.277889020623,40,0.5293794039971544
replacement_aware_clear_probe,257,12,1,12,1.0,True,735.7721287438213,8829.265544925856,5787.265544925858,28936.327724629304,2520.0,504,460,0.9126984126984127,44,0,462,12,12,12,1,1,2076.4979054081987,7370.881899568059,414.7813198181432,8829.265544925856,40,0.6406198240001686
replacement_aware_clear_probe,258,15,8,15,1.0,True,614.8454203936211,9222.681305904316,6203.681305904319,31018.406529521595,2485.0,497,444,0.8933601609657947,53,0,459,15,15,15,7,7,2564.76911146518,6442.820097329677,495.3442219739793,9222.681305904316,40,0.5627031490002992
replacement_aware_clear_probe,259,10,6,10,1.0,True,991.1308700683755,9911.308700683756,6659.308700683757,33296.5435034188,2700.0,540,508,0.9407407407407408,32,0,502,10,10,10,9,9,1405.6844282376621,5628.417646614586,483.2274344004859,9911.308700683756,40,0.624928324999928
replacement_aware_clear_probe,260,11,5,11,1.0,True,887.66895431224,9764.35849743464,6399.3584974346395,31996.79248717321,2790.0,558,518,0.9283154121863799,40,0,520,11,11,11,6,6,1589.9421032199605,6907.724839570755,746.1886167072948,9764.35849743464,60,0.5266507950000232
replacement_aware_clear_probe,261,13,5,13,1.0,True,677.4771306413282,8807.202698337267,6200.202698337268,31001.013491686357,2150.0,430,382,0.8883720930232558,48,0,392,13,13,13,3,3,1615.2828230967466,7421.294187917372,992.2380518146136,8807.202698337267,79,0.6423318320012186
replacement_aware_clear_probe,262,12,7,12,1.0,True,734.9329680588572,8819.195616706287,5772.195616706288,28860.97808353144,2520.0,504,454,0.9007936507936508,50,0,467,12,12,12,11,11,1525.946189972586,7058.836116716371,1314.9703930911296,8543.34726043626,100,0.48622642400005134
replacement_aware_clear_probe,263,15,7,15,1.0,True,534.7891970216795,8021.837955325192,5757.837955325192,28789.189776625968,1855.0,371,318,0.8571428571428571,53,0,334,15,15,15,7,7,1003.8876664223152,3948.4798943382007,507.6705365683361,7447.120537977187,40,0.6862279110064264
replacement_aware_clear_probe,264,14,3,14,1.0,True,625.5933998863433,8758.307598408806,5826.307598408805,29131.537992044035,2415.0,483,432,0.8944099378881988,51,0,447,14,14,14,6,6,1310.1730567540876,6463.358845317051,471.4612439564963,8561.244527460773,40,0.5308463010005653
replacement_aware_clear_probe,265,16,10,16,1.0,True,541.9635533611017,8671.416853777628,5727.416853777628,28637.08426888814,2415.0,483,421,0.8716356107660456,62,0,449,16,16,16,7,7,2682.605425629862,5810.627954073648,1578.4349018301705,8671.416853777628,119,0.5586178550001932
replacement_aware_clear_probe,266,10,5,10,1.0,True,901.9699421025034,9019.699421025034,5757.699421025035,28788.497105125178,2705.0,541,506,0.9353049907578558,35,0,507,10,10,10,5,5,1618.5158551379507,4696.009094516283,1028.8992485714107,9019.699421025034,80,0.4788594749988988
replacement_aware_clear_probe,267,11,5,11,1.0,True,840.9029221124019,9249.932143236421,5980.932143236419,29904.6607161821,2710.0,542,504,0.9298892988929889,38,0,504,11,11,11,6,6,2372.3289347376826,5647.4077833030815,1764.7255572903741,9249.932143236421,133,0.5530811810021987
replacement_aware_clear_probe,268,16,9,16,1.0,True,504.48047493694787,8071.687598991166,5155.687598991167,25778.437994955846,2390.0,478,414,0.8661087866108786,64,0,446,16,16,16,15,15,1166.608463464575,5353.683596913218,697.8420142585626,8071.687598991166,60,0.5752210190039477
replacement_aware_clear_probe,269,10,5,10,1.0,True,909.6506350604866,9096.506350604866,5639.506350604869,28197.531753024345,2870.0,574,534,0.9303135888501742,40,0,537,10,10,10,4,4,1129.6390168466019,4179.795084233008,2304.7378334155574,9096.506350604866,177,0.5334698989972821
replacement_aware_clear_probe,270,16,6,16,1.0,True,468.40608054284866,7494.4972886855785,5313.497288685579,26567.486443427908,1780.0,356,294,0.8258426966292135,62,0,321,16,16,16,5,5,1248.8592899188536,6501.323536139147,469.3117495581885,7494.4972886855785,40,0.6734570329936105
replacement_aware_clear_probe,271,13,3,13,1.0,True,647.8226049576006,8421.693864448807,5596.693864448808,27983.469322244047,2330.0,466,423,0.907725321888412,43,0,430,13,13,13,3,3,1197.1045943414408,4998.6089625748955,470.91110382637976,8421.693864448807,40,0.6537696590021369
replacement_aware_clear_probe,272,13,5,13,1.0,True,670.0527075158146,8710.68519770559,5651.685197705589,28258.425988527953,2525.0,505,457,0.904950495049505,48,0,469,13,13,13,7,7,1704.0108092155851,4689.146165570504,450.4032751762817,8710.68519770559,40,0.56927997800085
replacement_aware_clear_probe,273,11,5,11,1.0,True,859.8552555651465,9458.407811216612,5948.407811216611,29742.03905608307,2910.0,582,536,0.9209621993127147,46,0,545,11,11,11,7,7,2600.870708162572,6313.26844775849,2896.4361097923215,9157.840928634072,220,0.4839714279951295
replacement_aware_clear_probe,274,11,4,11,1.0,True,836.9256019906935,9206.18162189763,6308.181621897626,31540.90810948815,2400.0,480,439,0.9145833333333333,41,0,443,11,11,11,8,8,516.7409348613994,2062.490769267468,1027.7509411781375,9206.18162189763,80,0.5922716920031235
replacement_aware_clear_probe,275,16,6,16,1.0,True,594.5336181338482,9512.537890141572,6800.5378901415725,34002.68945070786,2225.0,445,377,0.8471910112359551,68,0,407,16,16,16,7,7,1869.5787376692354,5252.21200487487,1512.3120771556878,9512.537890141572,116,0.7094743859997834
replacement_aware_clear_probe,276,12,7,12,1.0,True,721.0572446108475,8652.68693533017,5479.686935330174,27398.434676650868,2625.0,525,481,0.9161904761904762,44,0,488,12,12,12,9,9,2195.9344953482,6293.814528201532,465.30399809307636,8485.69417229907,40,0.5475642159944982
replacement_aware_clear_probe,277,10,5,10,1.0,True,849.9728078391857,8499.728078391858,5461.728078391858,27308.6403919593,2520.0,504,471,0.9345238095238095,33,0,468,10,10,10,4,4,2090.7093891632585,6390.142891806883,515.2071226889165,8440.728078391858,40,0.5178438759976416
replacement_aware_clear_probe,278,12,5,12,1.0,True,817.206975442837,9806.483705314044,6659.483705314044,33297.418526570225,2605.0,521,475,0.9117082533589251,46,0,482,12,12,12,7,7,1664.8198182414383,4931.082284694064,1264.536003705937,9806.483705314044,99,0.5979821040018578
replacement_aware_clear_probe,279,13,3,13,1.0,True,586.8691849487012,7629.2994043331155,4906.299404333116,24531.497021665582,2245.0,449,396,0.8819599109131403,53,0,413,13,13,13,3,3,1255.5994432560217,4075.9733120111023,711.072958665647,7233.796592747209,60,0.5281283440053812
replacement_aware_clear_probe,280,12,6,12,1.0,True,778.8777827843205,9346.533393411846,6158.533393411844,30792.666967059216,2640.0,528,485,0.9185606060606061,43,0,488,12,12,12,6,6,1321.6411449265793,3247.292278483459,1803.9856569140138,9346.533393411846,140,0.5540038120016106
replacement_aware_clear_probe,281,10,5,10,1.0,True,936.8954389384138,9368.954389384138,5983.954389384135,29919.771946920686,2810.0,562,521,0.9270462633451957,41,0,525,10,10,10,4,4,3099.014044918074,7189.099730657555,2038.497375076664,8199.447247054119,160,0.5296403350002947
replacement_aware_clear_probe,282,15,9,15,1.0,True,583.2602896941004,8748.904345411505,6092.904345411507,30464.521727057545,2180.0,436,384,0.8807339449541285,52,0,401,15,15,15,10,10,1455.6089664717217,5837.829687708345,742.7987971823438,8748.904345411505,59,0.6540825470001437
replacement_aware_clear_probe,283,15,6,15,1.0,True,558.133230625234,8371.99845937851,5674.998459378508,28374.992296892557,2215.0,443,389,0.8781038374717833,54,0,407,15,15,15,3,3,2537.1310016903285,5780.782454536064,1808.7649426393234,8220.197645676997,138,0.6206743639995693
replacement_aware_clear_probe,284,10,2,10,1.0,True,933.8310819906295,9338.310819906295,6093.3108199062945,30466.554099531484,2695.0,539,504,0.935064935064935,35,0,500,10,10,10,1,1,1723.4125431647346,5348.554425628494,1020.9256512143967,9338.310819906295,80,0.5037743119974039
replacement_aware_clear_probe,285,14,9,14,1.0,True,667.6318056117395,9346.845278564353,6187.845278564355,30939.226392821784,2605.0,521,470,0.9021113243761996,51,0,484,14,14,14,14,14,2473.4596899243543,6547.503384619819,1570.730117242001,9346.845278564353,120,0.5029470920053427
replacement_aware_clear_probe,286,13,7,13,1.0,True,683.7629410683822,8888.91823388897,6008.91823388897,30044.591169444855,2375.0,475,427,0.8989473684210526,48,0,440,13,13,13,7,7,1814.3898084509942,5140.387801110767,705.8677750446856,8888.91823388897,60,0.6449343360000057
replacement_aware_clear_probe,287,14,5,14,1.0,True,589.6678078742276,8255.349310239186,5754.349310239187,28771.746551195945,2055.0,411,354,0.8613138686131386,57,0,376,14,14,14,6,6,814.4553180317055,5004.727763505384,715.0024666907404,6935.411918480355,60,0.6415411940033664
replacement_aware_clear_probe,288,16,9,16,1.0,True,533.4483368843623,8535.173390149797,6196.1733901497955,30980.86695074899,1910.0,382,324,0.8481675392670157,57,1,349,16,16,16,7,7,1057.1156955259735,4640.9592508354135,496.46951821428996,8535.173390149797,40,0.6568400519972784
replacement_aware_clear_probe,289,16,10,16,1.0,True,516.4529666905778,8263.247467049245,5719.247467049244,28596.237335246224,2080.0,416,357,0.8581730769230769,59,0,384,16,16,16,8,8,2426.8315394319106,7418.390693362491,506.61613682368863,8263.247467049245,40,0.6198605919998954
replacement_aware_clear_probe,290,14,9,14,1.0,True,633.740688794774,8872.369643126836,6054.369643126838,30271.848215634196,2320.0,464,418,0.9008620689655172,46,0,428,14,14,14,11,11,1473.952767879286,7867.777679024525,1022.4567447645878,8872.369643126836,78,0.6587245640039328
replacement_aware_clear_probe,291,15,6,15,1.0,True,535.2255828646917,8028.383742970375,5700.383742970374,28501.918714851898,1905.0,381,330,0.8661417322834646,51,0,348,15,15,15,7,7,598.3136348123138,2254.3612919110897,711.2250328641013,8028.383742970375,60,0.6154565699980594
replacement_aware_clear_probe,292,16,4,16,1.0,True,567.7623686122537,9084.197897796059,6738.197897796059,33690.9894889803,1920.0,384,326,0.8489583333333334,58,0,346,16,16,16,4,4,2095.7036230197264,6674.560916289932,698.5651088671045,9084.197897796059,60,0.7429931279984885
replacement_aware_clear_probe,293,13,7,13,1.0,True,760.2093973186861,9882.722165142919,6355.722165142923,31778.610825714608,2915.0,583,523,0.8970840480274442,60,0,547,13,13,13,12,12,1428.0211215920228,7395.7027576339615,3400.2540393848917,9882.722165142919,257,0.5134365140038426
replacement_aware_clear_probe,294,11,4,11,1.0,True,815.5769300825776,8971.346230908353,5894.346230908353,29471.731154541772,2550.0,510,469,0.9196078431372549,41,0,472,11,11,11,5,5,1231.1902465292858,3862.4066883267687,797.9119227947167,8971.346230908353,60,0.5604227400035597
replacement_aware_clear_probe,295,16,7,16,1.0,True,531.4620315677362,8503.392505083779,5866.392505083784,29331.962525418923,2160.0,432,376,0.8703703703703703,56,0,397,16,16,16,9,9,2445.5977242927743,6767.490973486134,416.41442189682266,8503.392505083779,40,0.6185981880043983
replacement_aware_clear_probe,296,10,5,10,1.0,True,939.2386825018775,9392.386825018775,6159.386825018775,30796.934125093885,2685.0,537,502,0.9348230912476723,35,0,498,10,10,10,5,5,2669.913707063487,7368.3288832604285,744.6707031286686,9392.386825018775,60,0.5246797369982232
replacement_aware_clear_probe,297,14,10,14,1.0,True,646.7725382742072,9054.815535838901,6273.815535838899,31369.0776791945,2290.0,458,407,0.888646288209607,51,0,421,14,14,14,8,8,1973.1502969518394,7174.189874992595,1247.44918519014,8383.876325370902,98,0.6156799079981283
replacement_aware_clear_probe,298,11,4,11,1.0,True,842.7095321009834,9269.804853110818,5734.804853110817,28674.02426555409,2930.0,586,547,0.9334470989761092,39,0,550,11,11,11,5,5,2201.02810930537,8034.109780689552,2276.004035669122,8873.507394637429,180,0.5202955250060768
replacement_aware_clear_probe,299,12,9,12,1.0,True,713.9035856689803,8566.843028027764,5705.843028027765,28529.21514013884,2365.0,473,432,0.9133192389006343,41,0,436,12,12,12,7,7,1050.328586269661,6613.10765633238,452.7184283338186,8566.843028027764,40,0.7051685260012164
replacement_aware_clear_probe,300,14,8,14,1.0,True,596.9230005110992,8356.922007155388,5652.922007155389,28264.610035776957,2225.0,445,391,0.8786516853932584,54,0,409,14,14,14,10,10,1355.0009026737266,7322.275835324768,3026.780909926688,8356.922007155388,217,0.6129069610033184
replacement_aware_clear_probe,301,13,6,13,1.0,True,648.0671856935039,8424.87341401555,5534.873414015546,27674.367070077747,2385.0,477,426,0.8930817610062893,51,0,440,13,13,13,5,5,2046.8886557580709,4775.966537309534,758.8562790743403,6686.10197566628,60,0.5247285690056742
replacement_aware_clear_probe,302,14,6,14,1.0,True,665.2281650820813,9313.194311149138,6261.194311149139,31305.971555745702,2515.0,503,450,0.8946322067594433,53,0,467,14,14,14,8,8,2656.1234958780906,6023.920206783167,2362.5204640814795,8990.308563616434,176,0.5713824940030463
replacement_aware_clear_probe,303,10,3,10,1.0,True,893.1128536830383,8931.128536830383,5701.128536830383,28505.642684151928,2680.0,536,490,0.914179104477612,46,0,500,10,10,10,5,5,981.285873422901,4923.458734229011,1815.7531552612013,8931.128536830383,140,0.5498559839979862
replacement_aware_clear_probe,304,11,6,11,1.0,True,758.5232675630251,8343.755943193277,5301.755943193278,26508.779715966397,2520.0,504,468,0.9285714285714286,36,0,467,11,11,11,5,5,1362.806243098522,5991.2702070754185,467.3435604480014,8343.755943193277,40,0.5646353749980335
replacement_aware_clear_probe,305,11,8,11,1.0,True,830.0770944210781,9130.848038631859,5618.84803863186,28094.240193159312,2910.0,582,540,0.9278350515463918,42,0,547,11,11,11,5,5,3135.3085810412363,5819.837176683083,1545.7820267316035,8787.912648616804,120,0.46023014999809675
replacement_aware_clear_probe,306,13,7,13,1.0,True,662.7796333518438,8616.13523357397,5640.13523357397,28200.676167869864,2455.0,491,446,0.9083503054989817,45,0,456,13,13,13,5,5,2446.335143543936,5257.052890832951,1810.3683768663775,7814.090687968311,140,0.5075952269980917
replacement_aware_clear_probe,307,15,4,15,1.0,True,548.7748352239718,8231.622528359576,5216.622528359579,26083.1126417979,2480.0,496,434,0.875,62,0,460,15,15,15,4,4,1926.1914587575009,5059.158382538062,1535.3569476997284,8062.567720370639,118,0.5235815510022803
replacement_aware_clear_probe,308,11,5,11,1.0,True,864.4111590164028,9508.52274918043,6010.522749180423,30052.613745902134,2900.0,580,535,0.9224137931034483,45,0,543,11,11,11,6,6,2476.962461516173,5946.738448043071,2627.776217196124,8924.508601514512,200,0.4623852429940598
replacement_aware_clear_probe,309,10,3,10,1.0,True,881.8133414182688,8818.133414182688,5750.133414182687,28750.66707091345,2545.0,509,471,0.925343811394892,38,0,473,10,10,10,6,6,978.0442061551342,4401.488400485296,518.9472843372333,7631.1605023056245,40,0.5995625840005232
replacement_aware_clear_probe,310,14,6,14,1.0,True,585.3003711541621,8194.20519615827,5803.205196158268,29016.025980791364,1965.0,393,336,0.8549618320610687,57,0,356,14,14,14,7,7,851.2025274516375,3234.8003490865517,1065.9721883441737,8159.20519615827,80,0.6067024079966359
replacement_aware_clear_probe,311,16,5,16,1.0,True,486.9654447313762,7791.447115702019,5690.44711570202,28452.235578510117,1715.0,343,288,0.8396501457725948,55,0,306,16,16,16,4,4,800.2340991619295,3955.774152394061,492.1635864850358,7791.447115702019,40,0.838496178999776
replacement_aware_clear_probe,312,15,6,15,1.0,True,543.3166877103656,8149.750315655485,5972.750315655485,29863.751578277435,1780.0,356,306,0.8595505617977528,50,0,322,15,15,15,4,4,1264.0055645361308,4494.969452961535,409.5767534021685,8149.750315655485,40,0.7793003890037653
replacement_aware_clear_probe,313,14,7,14,1.0,True,622.7733449359451,8718.826829103233,5733.826829103235,28669.134145516167,2460.0,492,439,0.8922764227642277,53,0,455,14,14,14,5,5,1686.475181739775,5247.446107706411,746.8192819960574,8718.826829103233,60,0.5476997689984273
replacement_aware_clear_probe,314,11,5,11,1.0,True,757.4810112017457,8332.291123219202,5379.291123219204,26896.45561609602,2445.0,489,448,0.9161554192229039,41,0,453,11,11,11,5,5,1404.4631157152724,5022.775172453114,1292.986326578635,8103.338611617609,100,0.534795520004991
replacement_aware_clear_probe,315,13,9,13,1.0,True,675.4332612227608,8780.632395895891,5783.632395895892,28918.16197947946,2475.0,495,452,0.9131313131313131,43,0,457,13,13,13,12,12,2603.9600488022134,6821.053439508181,468.0873131273355,8780.632395895891,40,0.5501806569955079
replacement_aware_clear_probe,316,10,2,10,1.0,True,850.5322238326229,8505.32223832623,5502.32223832623,27511.611191631164,2490.0,498,462,0.927710843373494,36,0,463,10,10,10,3,3,1016.8021690697975,5701.935893275285,2311.472707834215,8505.32223832623,172,0.5567579420021502
replacement_aware_clear_probe,317,13,4,13,1.0,True,721.7656649220334,9382.953643986433,6180.953643986431,30904.76821993217,2645.0,529,479,0.9054820415879017,50,0,492,13,13,13,5,5,2198.264871156602,6633.354958063173,1771.2349538128738,9382.953643986433,136,0.690442921993963
replacement_aware_clear_probe,318,15,7,15,1.0,True,567.9764758157685,8519.647137236527,5540.647137236527,27703.235686182656,2450.0,490,434,0.8857142857142857,56,0,454,15,15,15,5,5,2349.3832928419956,7711.360006319097,2623.0977921740587,8519.647137236527,200,0.5453700070065679
replacement_aware_clear_probe,319,11,5,11,1.0,True,819.53105046087,9014.84155506957,5787.841555069569,28939.207775347855,2675.0,535,493,0.9214953271028037,42,0,497,11,11,11,9,9,2100.443685418996,7467.004475008386,515.8361644896926,9014.84155506957,40,0.6237662560015451
replacement_aware_clear_probe,320,13,5,13,1.0,True,691.4550039921153,8988.915051897498,5785.915051897498,28929.575259487512,2645.0,529,485,0.9168241965973535,44,0,493,13,13,13,9,9,2344.167804548386,6462.777935868715,2343.69480453087,8988.915051897498,180,0.523822110000765
replacement_aware_clear_probe,321,12,9,12,1.0,True,737.1907146625532,8846.288575950639,5768.288575950636,28841.442879753202,2545.0,509,471,0.925343811394892,38,0,473,12,12,12,7,7,2371.9763475791947,5304.79096797396,836.9042358024255,8846.288575950639,60,0.5390566179994494
replacement_aware_clear_probe,322,16,7,16,1.0,True,554.5081810118901,8872.130896190241,5726.130896190242,28630.65448095122,2585.0,517,454,0.8781431334622823,63,0,481,16,16,16,13,13,2297.7333744954176,5749.847849665072,520.7240003574722,8543.136480664916,40,0.45094134399550967
replacement_aware_clear_probe,323,15,5,15,1.0,True,580.9114898345072,8713.672347517608,5777.672347517606,28888.361737588046,2415.0,483,423,0.8757763975155279,60,0,446,15,15,15,9,9,1224.3026681999058,5188.193314531914,940.4382175840122,8713.672347517608,79,0.5986627240054077
replacement_aware_clear_probe,324,14,5,14,1.0,True,625.2146585048971,8753.00521906856,6031.005219068561,30155.026095342815,2240.0,448,400,0.8928571428571429,48,0,412,14,14,14,4,4,2132.2145061724273,5687.24349694398,1485.4255306927096,8599.017159401656,114,0.6413754580062232
replacement_aware_clear_probe,325,14,7,14,1.0,True,663.5055776696566,9289.078087375194,6117.078087375193,30585.390436875972,2615.0,523,471,0.9005736137667304,52,0,487,14,14,14,10,10,2127.368742956528,5225.578811968379,452.56392434028174,9289.078087375194,40,0.5251238780037966
replacement_aware_clear_probe,326,10,6,10,1.0,True,881.5720173559852,8815.720173559852,5544.720173559851,27723.600867799265,2715.0,543,509,0.9373848987108656,34,0,506,10,10,10,4,4,2262.489390611658,6117.355539031061,1293.141600057154,8309.609660064501,100,0.4918566179985646
replacement_aware_clear_probe,327,16,9,16,1.0,True,547.9801562102123,8767.682499363396,6264.682499363395,31323.41249681699,2050.0,410,346,0.8439024390243902,64,0,373,16,16,16,11,11,1019.5906542352222,6335.289685562101,519.7198426821174,8767.682499363396,40,0.6748900370002957
replacement_aware_clear_probe,328,15,9,15,1.0,True,569.7867520237559,8546.801280356338,5910.801280356339,29554.0064017817,2165.0,433,386,0.8914549653579676,47,0,396,15,15,15,6,6,1863.2515440660572,6536.899047380523,491.3254001009592,8127.1242197325655,40,0.5731490819962346
replacement_aware_clear_probe,329,16,10,16,1.0,True,584.3740117190755,9349.984187505208,6587.984187505203,32939.92093752604,2265.0,453,392,0.8653421633554084,61,0,417,16,16,16,11,11,1776.5226412272582,5894.062541222,2013.4830824163016,9349.984187505208,160,0.6053358550052508
replacement_aware_clear_probe,330,14,7,14,1.0,True,635.2968628854042,8894.156080395658,5716.156080395658,28580.78040197829,2620.0,524,470,0.8969465648854962,54,0,488,14,14,14,9,9,2834.3403359969298,6308.008625900309,448.3902633392546,8894.156080395658,40,0.5903264440057683
replacement_aware_clear_probe,331,16,5,16,1.0,True,488.4398998429765,7815.038397487624,5199.038397487625,25995.19198743812,2140.0,428,365,0.852803738317757,63,0,396,16,16,16,6,6,1704.4463862835119,5284.380956822817,413.6339672153075,7815.038397487624,40,0.5582947169968975
replacement_aware_clear_probe,332,11,6,11,1.0,True,826.4801376281334,9091.281513909467,5934.281513909466,29671.407569547337,2615.0,523,482,0.9216061185468452,41,0,487,11,11,11,3,3,2529.371848179319,5774.204949780547,521.7050179979198,8150.479724869537,40,0.5536101409961702
replacement_aware_clear_probe,333,14,9,14,1.0,True,661.7584454709744,9264.618236593642,6110.61823659364,30553.091182968205,2600.0,520,460,0.8846153846153846,60,0,484,14,14,14,11,11,1718.8150368509107,6134.689816214083,3196.338419260498,9264.618236593642,240,0.5076456680035335
replacement_aware_clear_probe,334,11,7,11,1.0,True,775.3381903133167,8528.720093446484,5393.720093446486,26968.600467232434,2595.0,519,476,0.9171483622350675,43,0,485,11,11,11,8,8,1361.7372870882127,5199.222548040965,721.9898414231047,6775.535167658069,60,0.49275940700317733
replacement_aware_clear_probe,335,11,7,11,1.0,True,927.9075789496507,10206.983368446157,6694.9833684461555,33474.916842230785,2910.0,582,536,0.9209621993127147,46,0,547,11,11,11,8,8,3117.818716303322,6581.73198668291,2839.340856852343,10206.983368446157,216,0.4830752299967571
replacement_aware_clear_probe,336,10,3,10,1.0,True,823.8176029593712,8238.176029593713,5067.176029593716,25335.88014796858,2630.0,526,490,0.9315589353612167,36,0,491,10,10,10,2,2,1451.3878789853827,6364.920318579569,775.0803610166672,7774.512764254335,58,0.5242070859967498
replacement_aware_clear_probe,337,11,6,11,1.0,True,814.4373958239358,8958.811354063295,5718.811354063293,28594.056770316485,2685.0,537,496,0.9236499068901304,41,0,500,11,11,11,7,7,1940.7595912136137,4797.396893646039,1077.1031170667336,8958.811354063295,80,0.47664161400462035
replacement_aware_clear_probe,338,10,4,10,1.0,True,931.6217416898753,9316.217416898753,5883.217416898749,29416.087084493756,2850.0,570,532,0.9333333333333333,38,0,533,10,10,10,6,6,2111.3671502589555,6847.366559052097,750.0556545115413,8038.888841766022,60,0.5872712889977265
replacement_aware_clear_probe,339,11,5,11,1.0,True,778.1410746832015,8559.551821515217,5768.551821515217,28842.759107576097,2310.0,462,423,0.9155844155844156,39,0,426,11,11,11,2,2,1040.2406504036592,4795.742631772114,490.516133727165,6550.5543409672355,40,0.48975114399945596
replacement_aware_clear_probe,340,13,7,13,1.0,True,677.4948218187149,8807.432683643294,5700.432683643289,28502.163418216467,2565.0,513,467,0.9103313840155945,46,0,477,13,13,13,7,7,2984.2020433561024,7449.308250925717,1503.3055406326666,8807.432683643294,120,0.5143201730024884
replacement_aware_clear_probe,341,14,8,14,1.0,True,659.3097060404771,9230.335884566679,6425.335884566675,32126.67942283338,2310.0,462,413,0.8939393939393939,49,0,425,14,14,14,11,11,2281.190586811268,6544.483720757285,763.7025325200113,9230.335884566679,60,0.5928340650061728
replacement_aware_clear_probe,342,10,1,10,1.0,True,838.6603159184167,8386.603159184167,5313.603159184169,26568.015795920863,2550.0,510,471,0.9235294117647059,39,0,473,10,10,10,2,2,2296.6198840376514,5648.394259092494,2251.9180353622846,8327.603159184167,172,0.5736199599996326
replacement_aware_clear_probe,343,11,8,11,1.0,True,855.432830052911,9409.761130582021,6252.761130582024,31263.80565291013,2615.0,523,486,0.9292543021032504,37,0,487,11,11,11,8,8,2349.273644060489,5854.483898466617,1810.9420782700292,9409.761130582021,139,0.5666225339955417
replacement_aware_clear_probe,344,13,8,13,1.0,True,665.1769531649204,8647.300391143965,5493.300391143967,27466.501955719854,2605.0,521,471,0.9040307101727447,50,0,484,13,13,13,10,10,2387.4102259776455,6959.873533494704,1784.623137546689,8508.793984925367,135,0.5582044680049876
replacement_aware_clear_probe,345,16,6,16,1.0,True,523.237069638713,8371.793114219408,6151.793114219408,30758.965571097066,1815.0,363,304,0.837465564738292,59,0,325,16,16,16,9,9,631.25,1644.2,1775.6848269382222,8371.793114219408,134,0.7720895940001355
replacement_aware_clear_probe,346,14,3,14,1.0,True,664.4045553247728,9301.66377454682,6357.663774546816,31788.318872734097,2430.0,486,429,0.8827160493827161,57,0,444,14,14,14,3,3,1894.99845259551,5836.658596241052,735.2333780694995,9301.66377454682,60,0.6687228360024164
replacement_aware_clear_probe,347,12,8,12,1.0,True,772.7032716997511,9272.439260397014,5816.439260397014,29082.196301985074,2860.0,572,522,0.9125874125874126,50,0,536,12,12,12,8,8,1776.2524012261529,7878.384465708862,2605.5270282955953,9098.720991874296,199,0.5115261109967832
replacement_aware_clear_probe,348,16,7,16,1.0,True,592.6797320762671,9482.875713220274,6840.875713220272,34204.378566101375,2165.0,433,375,0.8660508083140878,58,0,397,16,16,16,7,7,2166.9231302839717,6555.320961061482,502.6864433967039,9482.875713220274,40,0.8480575840003439
replacement_aware_clear_probe,349,13,8,13,1.0,True,702.9991443877661,9138.98887704096,6420.988877040957,32104.944385204795,2240.0,448,402,0.8973214285714286,46,0,413,13,13,13,9,9,1499.2411167315793,6378.848481670998,683.0885394106707,9138.98887704096,60,0.715258039002947
replacement_aware_clear_probe,350,12,6,12,1.0,True,688.5263893395885,8262.316672075061,5767.316672075061,28836.583360375316,2060.0,412,370,0.8980582524271845,42,0,375,12,12,12,6,6,760.0213439470641,4160.019974580563,689.240045317925,5308.15906789679,60,0.6556665429961868
replacement_aware_clear_probe,351,16,9,16,1.0,True,553.99528562998,8863.92457007968,6005.924570079678,30029.622850398406,2345.0,469,406,0.8656716417910447,63,0,433,16,16,16,9,9,1779.8464108745316,5032.333373204409,1288.479533174339,8863.92457007968,100,0.5670808920040145
replacement_aware_clear_probe,352,12,6,12,1.0,True,767.1932390668188,9206.318868801825,5889.3188688018245,29446.594344009125,2745.0,549,498,0.907103825136612,51,0,512,12,12,12,7,7,1929.5059014966876,5624.374163592049,2335.986356837425,9159.318868801825,180,0.5374532569985604
replacement_aware_clear_probe,353,10,3,10,1.0,True,850.0068329328678,8500.068329328678,5499.068329328677,27495.3416466434,2490.0,498,457,0.9176706827309237,41,0,461,10,10,10,2,2,895.066595463215,3958.7379268230816,1838.0311967388723,6369.327183198099,135,0.5588099770029658
replacement_aware_clear_probe,354,11,3,11,1.0,True,791.3776621899157,8705.154284089072,5511.154284089074,27555.771420445373,2645.0,529,481,0.9092627599243857,48,0,494,11,11,11,2,2,2092.9235946993413,5900.729801384341,458.7202079636944,8652.154284089072,40,0.5933852810048847
replacement_aware_clear_probe,355,11,5,11,1.0,True,787.7995301972355,8665.794832169591,5610.794832169593,28053.97416084798,2530.0,506,467,0.9229249011857708,39,0,470,11,11,11,7,7,1046.9661073366797,6016.289214520583,497.26058228874956,8612.794832169591,40,0.5086266120051732
replacement_aware_clear_probe,356,15,4,15,1.0,True,571.6040870824022,8574.061306236033,5980.061306236032,29900.30653118017,2130.0,426,367,0.8615023474178404,59,0,389,15,15,15,5,5,1719.1002816667417,5267.569028126638,1325.6360672398632,7445.587600610793,100,0.629588733005221
replacement_aware_clear_probe,357,11,7,11,1.0,True,827.5533362212699,9103.086698433968,5766.086698433971,28830.43349216986,2765.0,553,513,0.9276672694394213,40,0,517,11,11,11,8,8,2431.638539405655,5434.564786692441,1278.0802231339717,9103.086698433968,97,0.4907010379974963
replacement_aware_clear_probe,358,16,12,16,1.0,True,486.56290581683675,7785.006493069388,5232.006493069388,26160.032465346943,2085.0,417,355,0.8513189448441247,62,0,388,16,16,16,15,15,2495.144860767079,5779.751507917842,750.8282264315841,7785.006493069388,60,0.6143505099971662
replacement_aware_clear_probe,359,10,6,10,1.0,True,898.4692057775674,8984.692057775674,5832.692057775672,29163.460288878374,2615.0,523,491,0.9388145315487572,32,0,487,10,10,10,9,9,2643.740974321863,6899.605920147616,1251.9955953771635,7819.389021001742,97,0.5718470160063589
replacement_aware_clear_probe,360,11,6,11,1.0,True,870.9219626016336,9580.14158861797,6076.141588617968,30380.707943089856,2905.0,581,545,0.9380378657487092,36,0,544,11,11,11,7,7,3167.6912030587528,6458.238920353351,2615.6086095689275,9580.14158861797,198,0.4813141210033791
replacement_aware_clear_probe,361,14,8,14,1.0,True,688.5139250836077,9639.194951170508,6534.194951170508,32670.97475585255,2560.0,512,463,0.904296875,49,0,475,14,14,14,10,10,2665.4972274824604,5865.8617628354505,487.59049698694395,9639.194951170508,40,0.6626696429957519
replacement_aware_clear_probe,362,16,6,16,1.0,True,506.34823413247506,8101.571746119601,6010.571746119601,30052.858730598015,1705.0,341,295,0.8651026392961877,46,0,306,16,16,16,5,5,830.17384502352,3878.0236968616045,443.07854786684896,8101.571746119601,40,0.7686058050021529
replacement_aware_clear_probe,363,16,7,16,1.0,True,504.25780516416035,8068.1248826265655,5925.124882626566,29625.62441313284,1745.0,349,292,0.836676217765043,57,0,318,16,16,16,8,8,1303.6468677502808,3144.6220312267083,730.6367197689109,8068.1248826265655,60,0.7296778110030573
replacement_aware_clear_probe,364,16,9,16,1.0,True,545.2140810928278,8723.425297485244,6499.4252974852425,32497.126487426223,1815.0,363,305,0.8402203856749312,58,0,329,16,16,16,8,8,1503.3082429613535,6016.264532524961,452.54808689985805,8723.425297485244,40,0.6656210869987262
replacement_aware_clear_probe,365,15,8,15,1.0,True,594.6760957558804,8920.141436338206,6300.141436338206,31500.707181691032,2150.0,430,382,0.8883720930232558,48,0,395,15,15,15,9,9,2070.3460311678677,7950.8338273314985,1035.9293804455,8920.141436338206,77,0.6106121049961075
replacement_aware_clear_probe,366,10,6,10,1.0,True,937.0021854256574,9370.021854256574,5931.021854256575,29655.109271282876,2855.0,571,542,0.9492119089316988,29,0,534,10,10,10,7,7,2073.7041870210655,8379.643002984738,443.31456237752644,9370.021854256574,40,0.6014897639979608
replacement_aware_clear_probe,367,10,4,10,1.0,True,870.7293497486022,8707.293497486022,5655.29349748602,28276.467487430113,2530.0,506,472,0.932806324110672,34,0,472,10,10,10,3,3,1124.3933579084842,5949.684833260877,1272.8798934088559,8275.735993938984,99,0.5620362140034558
replacement_aware_clear_probe,368,13,6,13,1.0,True,690.4417947169275,8975.743331320056,5574.74333132006,27873.716656600314,2810.0,562,508,0.9039145907473309,54,0,526,13,13,13,5,5,3112.409240184169,6150.667699319064,2649.8530982831826,8975.743331320056,199,0.49631325399968773
replacement_aware_clear_probe,369,16,8,16,1.0,True,566.6739034054847,9066.782454487755,6442.782454487756,32213.912272438793,2150.0,430,378,0.8790697674418605,52,0,394,16,16,16,10,10,1898.7616403068478,4765.546469778488,698.9866049049898,9066.782454487755,60,0.6439071830027387
replacement_aware_clear_probe,370,10,4,10,1.0,True,958.7179642152502,9587.179642152501,6147.1796421525,30735.898210762512,2855.0,571,531,0.9299474605954466,40,0,535,10,10,10,6,6,1880.150047255424,5936.383188655979,748.4666315020027,9587.179642152501,60,0.5340829150009085
replacement_aware_clear_probe,371,12,7,12,1.0,True,709.7861298671991,8517.433558406388,5577.433558406387,27887.167792031953,2430.0,486,443,0.911522633744856,43,0,450,12,12,12,8,8,1043.2504801928026,3958.922022737683,699.7723185334847,8140.910927112862,60,0.6227145029988606
replacement_aware_clear_probe,372,10,7,10,1.0,True,939.3838610072104,9393.838610072104,5809.838610072101,29049.193050360514,2975.0,595,557,0.9361344537815126,38,0,559,10,10,10,6,6,2795.120495203829,6133.255398880323,1250.9227942491352,9393.838610072104,100,0.500118009003927
replacement_aware_clear_probe,373,10,5,10,1.0,True,887.9798922684977,8879.798922684977,5505.798922684974,27528.994613424882,2800.0,560,524,0.9357142857142857,36,0,524,10,10,10,6,6,1380.2467870373528,4010.1169675933816,422.4499159442036,8879.798922684977,40,0.6360469400024158
replacement_aware_clear_probe,374,12,5,12,1.0,True,840.0927926293886,10081.113511552663,6775.113511552662,33875.567557763316,2735.0,547,495,0.9049360146252285,52,0,511,12,12,12,7,7,1942.952961121716,6052.600400947698,678.9499307124589,10081.113511552663,60,0.5723602049984038
replacement_aware_clear_probe,375,11,6,11,1.0,True,829.264798626964,9121.912784896604,5893.912784896603,29469.563924483027,2675.0,535,492,0.9196261682242991,43,0,498,11,11,11,6,6,1928.9762222708218,6890.173045821653,2357.6970487563663,8085.723883915547,179,0.5644218300003558
replacement_aware_clear_probe,376,15,6,15,1.0,True,555.1711260454664,8327.566890681996,5613.566890681996,28067.83445340999,2230.0,446,392,0.8789237668161435,54,0,409,15,15,15,8,8,2146.454569703224,6436.088637083226,487.1027108388048,7790.089414897575,40,0.5850376410016906
replacement_aware_clear_probe,377,11,4,11,1.0,True,817.4796720874659,8992.276392962125,5822.276392962125,29111.381964810633,2625.0,525,486,0.9257142857142857,39,0,490,11,11,11,5,5,1977.869018925821,5198.50291898722,676.6527907790539,8641.824862104757,60,0.5555887039954541
replacement_aware_clear_probe,378,10,5,10,1.0,True,980.421418942073,9804.21418942073,6476.214189420729,32381.070947103657,2765.0,553,519,0.9385171790235082,34,0,513,10,10,10,3,3,2543.4232045842173,6742.090813903746,752.4331059910156,9804.21418942073,60,0.540032060998783
replacement_aware_clear_probe,379,10,3,10,1.0,True,849.3119975077789,8493.119975077789,5311.119975077788,26555.599875388943,2640.0,528,492,0.9318181818181818,36,0,492,10,10,10,3,3,738.6903498769309,3241.2974014607885,1068.0402267338204,8263.163487839665,80,0.4805529330042191
replacement_aware_clear_probe,380,11,1,11,1.0,True,756.7832556180821,8324.615811798903,5348.615811798904,26743.07905899454,2465.0,493,451,0.9148073022312373,42,0,456,11,11,11,0,0,1472.0266718583794,4696.49506955519,448.422467412591,8043.712251031765,40,0.6093648140013102
replacement_aware_clear_probe,381,13,6,13,1.0,True,651.7830578071737,8473.179751493259,5607.1797514932605,28035.898757466315,2365.0,473,419,0.8858350951374208,54,0,436,13,13,13,10,10,484.3079865424794,3934.7123174610847,526.4797827213519,8473.179751493259,40,0.5870525389982504
replacement_aware_clear_probe,382,10,5,10,1.0,True,918.6002229695974,9186.002229695974,5861.0022296959705,29305.011148479873,2760.0,552,518,0.9384057971014492,34,0,515,10,10,10,3,3,1686.7594501637766,4962.734845136259,3449.4020788613393,8211.085426961301,260,0.49828656599856913
replacement_aware_clear_probe,383,14,8,14,1.0,True,599.0246771599593,8386.34548023943,5694.345480239431,28471.72740119716,2215.0,443,390,0.8803611738148984,53,0,407,14,14,14,7,7,1725.8041826530127,6363.834184829285,1567.6912654763883,8142.293449065393,119,0.5147515290009324
replacement_aware_clear_probe,384,15,11,15,1.0,True,603.1146793306307,9046.72018995946,6150.72018995946,30753.600949797314,2380.0,476,424,0.8907563025210085,52,0,441,15,15,15,12,12,2560.749280641689,7631.905257581703,1294.3242549876159,9046.72018995946,100,0.5212883759959368
replacement_aware_clear_probe,385,10,4,10,1.0,True,854.0698590686446,8540.698590686447,5311.698590686447,26558.49295343224,2680.0,536,498,0.9291044776119403,38,0,499,10,10,10,6,6,1968.9881339402077,5054.6865598254435,1229.288117826812,7867.344202737956,99,0.5457449739988078
replacement_aware_clear_probe,386,14,11,14,1.0,True,646.6394950461441,9052.952930646017,6185.952930646014,30929.764653230064,2360.0,472,418,0.885593220338983,54,0,437,14,14,14,10,10,1457.3704078454195,5794.363572602711,1298.0367427080992,8357.844002307436,100,0.5158969430049183
replacement_aware_clear_probe,387,13,5,13,1.0,True,660.0862558033382,8581.121325443397,5660.121325443398,28300.60662721699,2410.0,482,433,0.8983402489626556,49,0,446,13,13,13,3,3,1507.8932119282076,7333.311560273203,455.8137101023815,8581.121325443397,40,0.5126862000033725
replacement_aware_clear_probe,388,16,11,16,1.0,True,520.6650119029488,8330.64019044718,5827.640190447181,29138.20095223592,2050.0,410,350,0.8536585365853658,60,0,373,16,16,16,10,10,1846.2681832257663,5103.770157072486,988.3524929416486,8330.64019044718,78,0.5304255259979982
replacement_aware_clear_probe,389,15,9,15,1.0,True,656.9529792756213,9854.294689134318,7129.294689134321,35646.47344567162,2240.0,448,383,0.8549107142857143,65,0,410,15,15,15,14,14,1034.1340056464612,3397.3736888806734,669.793707411162,9854.294689134318,60,0.7782849180002813
replacement_aware_clear_probe,390,14,6,14,1.0,True,629.969707928553,8819.575910999742,5611.575910999744,28057.87955499872,2645.0,529,469,0.8865784499054821,60,0,493,14,14,14,7,7,2232.4225964297816,5640.2886817845265,1500.5449153584937,8499.948746239404,120,0.490268786001252
replacement_aware_clear_probe,391,13,8,13,1.0,True,669.1903159243994,8699.474107017193,5748.474107017192,28742.370535085975,2435.0,487,439,0.9014373716632443,48,0,451,13,13,13,6,6,2337.3116573533594,5442.743600371336,1509.5632447711096,8361.338279953896,120,0.5491944820023491
replacement_aware_clear_probe,392,14,8,14,1.0,True,622.4768418901309,8714.675786461832,5781.675786461833,28908.37893230917,2415.0,483,434,0.8985507246376812,49,0,448,14,14,14,10,10,1209.6856708007704,5245.487942233168,485.7061945425613,8562.363799807617,40,0.563939132996893
replacement_aware_clear_probe,393,12,3,12,1.0,True,729.6564784301254,8755.877741161505,5774.8777411615065,28874.38870580754,2465.0,493,454,0.920892494929006,39,0,456,12,12,12,2,2,1534.814254410273,7636.214074879285,430.0097035967579,8755.877741161505,40,0.652253065003606
replacement_aware_clear_probe,394,11,7,11,1.0,True,783.8899631818268,8622.789595000095,5736.789595000098,28683.94797500051,2390.0,478,440,0.9205020920502092,38,0,441,11,11,11,7,7,1039.7224490740587,4780.362735292283,506.8670362192629,8622.789595000095,40,0.578334157995414
replacement_aware_clear_probe,395,12,6,12,1.0,True,759.7330748408502,9116.796898090202,5732.7968980902015,28663.984490451017,2800.0,560,512,0.9142857142857143,48,0,524,12,12,12,8,8,2541.9511906737907,5921.494450262143,2594.2814461823373,8240.636975519643,192,0.5103139709972311
replacement_aware_clear_probe,396,10,7,10,1.0,True,941.0273321041344,9410.273321041344,6061.273321041342,30306.36660520672,2780.0,556,522,0.9388489208633094,34,0,519,10,10,10,7,7,2616.625158857648,7816.961012865907,747.5467465323369,8549.943826186101,60,0.58517516599386
replacement_aware_clear_probe,397,10,3,10,1.0,True,922.1531249623916,9221.531249623917,5979.53124962392,29897.656248119598,2690.0,538,496,0.9219330855018587,42,0,502,10,10,10,4,4,1369.7024254793212,7046.980982198427,1513.7697856182228,9221.531249623917,116,0.5693847950024065
replacement_aware_clear_probe,398,13,7,13,1.0,True,749.7122378205681,9746.259091667385,6119.259091667384,30596.29545833694,3000.0,600,550,0.9166666666666666,50,0,562,13,13,13,11,11,2127.859627582111,5892.438454530384,2550.557858168775,9746.259091667385,200,0.4868333979975432
replacement_aware_clear_probe,399,10,4,10,1.0,True,856.248433521752,8562.48433521752,5398.484335217521,26992.42167608762,2625.0,525,489,0.9314285714285714,36,0,489,10,10,10,5,5,1106.8147701297266,4397.933467103377,467.7880616220665,8503.48433521752,40,0.6284439869996277
replacement_aware_clear_probe,400,12,2,12,1.0,True,661.5698735718069,7938.838482861682,5256.838482861684,26284.192414308425,2215.0,443,399,0.9006772009029346,44,0,407,12,12,12,1,1,1149.65447414992,5285.891726349792,439.20878728630333,6213.628430703533,40,0.5735386570013361
replacement_aware_clear_probe,401,13,6,13,1.0,True,752.9638472993502,9788.530014891552,6214.530014891551,31072.65007445776,2955.0,591,535,0.9052453468697124,56,0,554,13,13,13,10,10,1663.307692307692,4477.399999999999,5125.686175577352,9788.530014891552,376,0.4864086910019978
replacement_aware_clear_probe,402,16,8,16,1.0,True,557.922862236175,8926.7657957788,6298.7657957788,31493.828978894016,2150.0,430,369,0.858139534883721,61,0,398,16,16,16,7,7,1183.4427667071388,4933.755941389132,455.34021684396663,8926.7657957788,40,0.6959970469979453
replacement_aware_clear_probe,403,11,4,11,1.0,True,844.4425682730263,9288.868251003289,5930.868251003289,29654.34125501645,2785.0,557,510,0.9156193895870736,47,0,518,11,11,11,8,8,2187.786938289752,5359.803360616603,733.4660320514721,9288.868251003289,60,0.5597690979993786
replacement_aware_clear_probe,404,10,8,10,1.0,True,913.7911687083767,9137.911687083768,5763.911687083766,28819.558435418847,2800.0,560,524,0.9357142857142857,36,0,524,10,10,10,10,10,2399.2854896765302,6311.3166873891505,1311.1417006939705,9078.911687083768,100,0.5169168530046591
replacement_aware_clear_probe,405,10,4,10,1.0,True,936.4217024475531,9364.21702447553,5762.217024475532,28811.085122377666,2990.0,598,562,0.939799331103679,36,0,562,10,10,10,5,5,2247.8662230416912,6336.406579680047,2628.0262434432675,9364.21702447553,200,0.49475703699863516
replacement_aware_clear_probe,406,13,6,13,1.0,True,646.0888905425011,8399.155577052514,5766.155577052513,28830.777885262578,2170.0,434,386,0.8894009216589862,48,0,398,13,13,13,3,3,1883.9759986605281,3734.3999428450006,1777.1248060414453,8399.155577052514,136,0.5952183120025438
replacement_aware_clear_probe,407,15,9,15,1.0,True,572.71539797498,8590.7309696247,6207.730969624702,31038.654848123522,1955.0,391,340,0.8695652173913043,51,0,353,15,15,15,7,7,1363.400998736491,5700.656000062756,428.31213766203274,8590.7309696247,40,0.7035957129992312
replacement_aware_clear_probe,408,16,12,16,1.0,True,588.4842246968849,9415.747595150158,6167.74759515016,30838.737975750806,2670.0,534,472,0.8838951310861424,62,0,498,16,16,16,17,17,1065.0450533256703,5492.520853210726,3631.3640858627505,9415.747595150158,260,0.5916847179978504
replacement_aware_clear_probe,409,16,10,16,1.0,True,501.4546660970775,8023.27465755324,5529.274657553242,27646.37328776622,2040.0,408,347,0.8504901960784313,61,0,374,16,16,16,11,11,1378.878909909225,5068.017730288133,469.868115341796,8023.27465755324,40,0.5216081660037162
replacement_aware_clear_probe,410,11,4,11,1.0,True,810.7901909708118,8918.692100678929,5778.692100678927,28893.460503394654,2600.0,520,481,0.925,39,0,485,11,11,11,2,2,1969.5316891334087,4399.719939230614,2588.4273296364017,8918.692100678929,192,0.562334649002878
replacement_aware_clear_probe,411,11,6,11,1.0,True,807.5414022332436,8882.95542456568,5941.955424565678,29709.77712282841,2435.0,487,443,0.9096509240246407,44,0,451,11,11,11,6,6,962.5630065781927,5737.660441654164,709.1835921118936,7953.960737481699,60,0.6556538489967352
replacement_aware_clear_probe,412,12,6,12,1.0,True,696.6465032495721,8359.758038994865,5579.758038994864,27898.790194974332,2295.0,459,411,0.8954248366013072,48,0,425,12,12,12,6,6,873.1356941133766,5091.334382119814,1941.5268262585626,7572.79665078277,145,0.6598065939979278
replacement_aware_clear_probe,413,16,9,16,1.0,True,546.1865523698818,8738.98483791811,6064.984837918108,30324.924189590543,2190.0,438,371,0.8470319634703196,67,0,404,16,16,16,13,13,1898.3453185088365,6778.293774083927,1277.02568326206,8738.98483791811,100,0.5740460119995987
replacement_aware_clear_probe,414,13,6,13,1.0,True,681.1054963025331,8854.37145193293,5988.371451932926,29941.85725966465,2365.0,473,427,0.9027484143763214,46,0,436,13,13,13,8,8,1137.2868199001173,5200.626783492654,513.7269501399921,7082.347539509739,40,0.5811169309963589
replacement_aware_clear_probe,415,16,10,16,1.0,True,519.01410545547,8304.22568728752,5722.225687287521,28611.128436437615,2110.0,422,361,0.8554502369668247,61,0,392,16,16,16,8,8,2533.8300043396443,7578.359338971831,1220.050861626325,8304.22568728752,100,0.5941331439971691
replacement_aware_clear_probe,416,12,7,12,1.0,True,740.2743677435359,8883.29241292243,6090.29241292243,30451.46206461217,2310.0,462,427,0.9242424242424242,35,0,423,12,12,12,4,4,1707.0495051569662,5762.832174802641,453.5506298979896,8883.29241292243,40,0.5941750290003256
replacement_aware_clear_probe,417,14,6,14,1.0,True,575.9691885454102,8063.568639635743,5479.568639635742,27397.843198178725,2125.0,425,373,0.8776470588235294,52,0,389,14,14,14,6,6,913.65096862488,2361.6508675624996,524.2501326390981,6445.194397377684,40,0.6273638320053578
replacement_aware_clear_probe,418,12,9,12,1.0,True,788.7093613487558,9464.51233618507,6202.512336185067,31012.561680925348,2700.0,540,493,0.912962962962963,47,0,502,12,12,12,14,14,1463.2156147997896,4397.046844399369,1265.2734809296699,9464.51233618507,97,0.6230494910050766
replacement_aware_clear_probe,419,14,11,14,1.0,True,641.1255111142083,8975.757155598916,5832.757155598915,29163.785777994584,2590.0,518,470,0.9073359073359073,48,0,483,14,14,14,7,7,1985.9764037109187,6306.7911712286295,732.131080109089,8975.757155598916,60,0.5137293290026719
replacement_aware_clear_probe,420,10,3,10,1.0,True,895.427296775709,8954.27296775709,6054.272967757087,30271.36483878545,2405.0,481,447,0.9293139293139293,34,0,445,10,10,10,3,3,499.22884263349243,2987.5849692466345,756.8070537524691,7961.923787323953,58,0.6547618790064007
replacement_aware_clear_probe,421,15,10,15,1.0,True,602.0081174168953,9030.12176125343,6388.121761253429,31940.608806267162,2170.0,434,383,0.8824884792626728,51,0,397,15,15,15,10,10,1471.9562647613252,6859.87217719371,412.12864355959016,9030.12176125343,40,0.6434996370007866
replacement_aware_clear_probe,422,13,7,13,1.0,True,624.6223313629425,8120.090307718253,5512.090307718253,27560.45153859127,2150.0,430,383,0.8906976744186047,47,0,393,13,13,13,5,5,1319.3580619504476,6916.836541617647,468.17532335155227,7975.441090008642,40,0.5772091409962741
replacement_aware_clear_probe,423,12,6,12,1.0,True,816.8870523345763,9802.644628014916,6552.644628014914,32763.223140074588,2690.0,538,492,0.9144981412639405,46,0,500,12,12,12,7,7,1267.6350119932983,5858.148373010283,1791.8124052437574,9802.644628014916,133,0.6175258490038686
replacement_aware_clear_probe,424,14,4,14,1.0,True,584.1174408617425,8177.644172064395,5575.644172064396,27878.220860321995,2140.0,428,377,0.8808411214953271,51,0,392,14,14,14,4,4,1297.264062656957,4092.20954284897,1274.8647625703024,8177.644172064395,100,0.6014426269975957
replacement_aware_clear_probe,425,13,5,13,1.0,True,654.3979969771813,8507.173960703356,5527.173960703353,27635.869803516773,2460.0,492,440,0.8943089430894309,52,0,455,13,13,13,3,3,1806.3449625562303,5447.722878717809,1276.364389594001,7783.44533243645,100,0.4762319950023084
replacement_aware_clear_probe,426,11,5,11,1.0,True,794.5203281285371,8739.723609413908,5853.723609413905,29268.618047069544,2390.0,478,442,0.9246861924686193,36,0,441,11,11,11,2,2,1193.966844166571,4345.03218356697,491.2738570744299,7796.140243838247,40,0.5873836989994743
replacement_aware_clear_probe,427,11,7,11,1.0,True,905.3490580155453,9958.839638170999,6680.83963817099,33404.19819085497,2715.0,543,493,0.9079189686924494,50,0,508,11,11,11,10,10,2149.714399867915,8310.876482830337,2354.627978848048,9958.839638170999,173,0.5315225550002651
replacement_aware_clear_probe,428,12,3,12,1.0,True,667.8139817508824,8013.767781010589,5200.767781010588,26003.83890505295,2325.0,465,418,0.8989247311827957,47,0,428,12,12,12,1,1,1859.5198304607802,4746.25314111293,496.3355733185957,7206.177736549384,40,0.5392297959988355
replacement_aware_clear_probe,429,14,7,14,1.0,True,585.8625901552927,8202.076262174098,5822.0762621741,29110.381310870504,1955.0,391,337,0.8618925831202046,54,0,355,14,14,14,7,7,827.3850906955042,7091.800696175563,532.2271370770446,8202.076262174098,40,0.6160539369957405
replacement_aware_clear_probe,430,12,6,12,1.0,True,768.3186967315556,9219.824360778668,6101.824360778666,30509.121803893333,2580.0,516,472,0.9147286821705426,44,0,478,12,12,12,9,9,1374.9416579946726,4598.628988261681,780.8671653743537,9219.824360778668,60,0.5463098149994039
replacement_aware_clear_probe,431,12,8,12,1.0,True,880.1826862661763,10562.192235194116,7011.19223519411,35055.96117597057,2945.0,589,545,0.9252971137521222,44,0,546,12,12,12,11,11,1548.4854346347622,7795.964436882189,2357.946113877281,10562.192235194116,176,0.6007704660005402
replacement_aware_clear_probe,432,14,5,14,1.0,True,593.1458198203997,8304.041477485594,5774.041477485594,28870.207387427985,2080.0,416,367,0.8822115384615384,49,0,380,14,14,14,4,4,2072.475904947055,6398.675919195377,768.0998280239605,7602.694176197724,60,0.6520893599954434
replacement_aware_clear_probe,433,11,4,11,1.0,True,822.2374059002934,9044.611464903228,5833.611464903225,29168.05732451614,2660.0,532,486,0.9135338345864662,46,0,496,11,11,11,5,5,1281.8621554381884,6135.856026809454,2649.048377973754,7710.387408728595,200,0.5417111200004001
replacement_aware_clear_probe,434,12,3,12,1.0,True,671.9507287803773,8063.408745364528,5202.408745364529,26012.04372682266,2365.0,473,432,0.9133192389006343,41,0,436,12,12,12,1,1,2160.7046463993565,4924.27021585648,1527.0649865546757,7447.693514788074,116,0.5311973209973075
replacement_aware_clear_probe,435,16,4,16,1.0,True,529.3304947336775,8469.28791573884,5462.287915738841,27311.439578694204,2470.0,494,432,0.8744939271255061,62,0,457,16,16,16,4,4,1708.3896810943365,6034.155718126746,1511.0867652801758,8469.28791573884,120,0.5270700389955891
replacement_aware_clear_probe,436,13,5,13,1.0,True,728.8228078018329,9474.696501423829,6528.69650142383,32643.482507119163,2430.0,486,444,0.9135802469135802,42,0,451,13,13,13,6,6,2496.8193362049724,6718.897311075047,688.9351268328877,9474.696501423829,60,0.5751073070059647
replacement_aware_clear_probe,437,14,6,14,1.0,True,638.467200356444,8938.540804990216,5904.540804990217,29522.70402495109,2500.0,500,445,0.89,55,0,464,14,14,14,7,7,1699.611834942418,6077.060298769965,1587.3885078139283,8938.540804990216,120,0.49520023700461024
replacement_aware_clear_probe,438,11,4,11,1.0,True,773.1111989978958,8504.223188976854,5479.223188976854,27396.115944884274,2505.0,501,459,0.9161676646706587,42,0,465,11,11,11,2,2,1482.869147073337,5075.515399793595,537.183800384061,8028.036297147585,40,0.4633918889958295
replacement_aware_clear_probe,439,13,8,13,1.0,True,688.3107626330494,8948.039914229643,6076.039914229645,30380.199571148223,2370.0,474,431,0.9092827004219409,43,0,437,13,13,13,9,9,1804.607493508719,7205.706026202323,423.8244195860693,8726.560101698446,40,0.558379658999911
replacement_aware_clear_probe,440,10,4,10,1.0,True,868.8926339127254,8688.926339127254,5830.926339127252,29154.631695636275,2370.0,474,439,0.9261603375527426,35,0,438,10,10,10,4,4,1306.6305303520858,5575.95722830884,530.2370156351194,6837.638786230602,40,0.6318843480039504
replacement_aware_clear_probe,441,11,3,11,1.0,True,768.6627451191463,8455.290196310609,5515.290196310611,27576.450981553062,2435.0,487,447,0.917864476386037,40,0,450,11,11,11,5,5,1149.8230918979682,5800.033801786702,1295.2070216097786,8402.290196310609,98,0.5485032389988191
replacement_aware_clear_probe,442,12,8,12,1.0,True,763.8903383956359,9166.684060747632,6016.684060747631,30083.42030373816,2605.0,521,474,0.9097888675623801,47,0,485,12,12,12,9,9,1758.2176268688627,4959.055584353914,1769.2915733319473,8855.89612217265,136,0.5727732600062154
replacement_aware_clear_probe,443,16,5,16,1.0,True,573.8659702344988,9181.855523751981,6294.855523751987,31474.277618759945,2370.0,474,403,0.8502109704641351,71,0,437,16,16,16,6,6,2126.2583931038134,5388.187402572021,766.1811679061253,9181.855523751981,60,0.5361822209961247
replacement_aware_clear_probe,444,12,7,12,1.0,True,750.7848681129076,9009.418417354891,5980.41841735489,29902.09208677447,2505.0,501,459,0.9161676646706587,42,0,464,12,12,12,8,8,1442.5424803959959,4259.360106540387,744.553406773906,9009.418417354891,60,0.5991014739993261
replacement_aware_clear_probe,445,14,6,14,1.0,True,618.2884815275456,8656.038741385639,6007.038741385639,30035.193706928203,2180.0,436,386,0.8853211009174312,50,0,399,14,14,14,7,7,1395.6971385139077,4360.186207232207,2293.2624476056303,7668.338200598244,169,0.7258396300021559
replacement_aware_clear_probe,446,16,6,16,1.0,True,475.6659130288839,7610.654608462142,5521.654608462142,27608.273042310717,1700.0,340,280,0.8235294117647058,60,0,309,16,16,16,7,7,1233.1168789155888,6904.822522200335,756.0949942961573,7610.654608462142,59,0.660534242997528
replacement_aware_clear_probe,447,13,6,13,1.0,True,711.4194548772467,9248.452913404208,5877.452913404206,29387.26456702105,2785.0,557,499,0.895870736086176,58,0,521,13,13,13,14,14,1482.7696634071144,3929.0080714267965,2015.5942959018387,9248.452913404208,155,0.5870549300016137
replacement_aware_clear_probe,448,12,4,12,1.0,True,696.92614635781,8363.11375629372,5590.11375629372,27950.568781468617,2290.0,458,414,0.9039301310043668,44,0,423,12,12,12,3,3,1318.030980406346,7475.316807330178,487.2116877474763,8178.4933524978,40,0.7334688470000401
replacement_aware_clear_probe,449,11,4,11,1.0,True,791.8999823194507,8710.899805513958,5714.899805513956,28574.499027569796,2480.0,496,453,0.9133064516129032,43,0,461,11,11,11,4,4,1089.624263110061,5009.332120685564,497.3503478112194,8160.87804614507,40,0.5278036610034178
replacement_aware_clear_probe,450,10,6,10,1.0,True,907.2564457440928,9072.564457440929,5872.564457440928,29362.822287204646,2655.0,531,492,0.9265536723163842,39,0,495,10,10,10,9,9,1411.6232746056564,4457.410845194364,2026.587699857126,9072.564457440929,155,0.5681044890006888
replacement_aware_clear_probe,451,10,5,10,1.0,True,925.1522320708525,9251.522320708526,5842.5223207085255,29212.611603542646,2830.0,566,524,0.9257950530035336,42,0,529,10,10,10,9,9,1139.5619840334632,5858.638703578575,1816.7743286311875,9251.522320708526,136,0.5125478819973068
replacement_aware_clear_probe,452,12,6,12,1.0,True,745.6146468716951,8947.37576246034,5672.375762460342,28361.87881230172,2710.0,542,499,0.9206642066420664,43,0,505,12,12,12,9,9,1125.206374561489,5896.892208609911,444.81155641513556,8947.37576246034,40,0.5544907719959156
replacement_aware_clear_probe,453,11,3,11,1.0,True,811.2513049690301,8923.764354659332,5989.76435465933,29948.821773296662,2430.0,486,443,0.911522633744856,43,0,449,11,11,11,4,4,702.4736759061589,5322.49114921193,524.5405592519293,8923.764354659332,40,0.6285706630005734
replacement_aware_clear_probe,454,12,7,12,1.0,True,769.4660351654757,9233.592421985708,6119.592421985705,30597.962109928532,2575.0,515,480,0.9320388349514563,35,0,479,12,12,12,5,5,2444.9372074446387,6799.919385663027,657.317954117309,8815.262581460727,60,0.6212274990029982
replacement_aware_clear_probe,455,16,5,16,1.0,True,501.6058153054725,8025.69304488756,5858.693044887561,29293.465224437816,1765.0,353,293,0.830028328611898,60,0,322,16,16,16,5,5,960.4498079662688,4597.941403352178,766.9603247377574,8025.69304488756,59,0.7415350309966016
replacement_aware_clear_probe,456,15,7,15,1.0,True,651.1623500916538,9767.435251374807,6533.435251374804,32667.176256874038,2665.0,533,475,0.8911819887429644,58,0,494,15,15,15,16,16,1329.2230804171288,5077.130746925375,1066.8110062539743,9767.435251374807,80,0.5903678879985819
replacement_aware_clear_probe,457,16,8,16,1.0,True,543.1632697319901,8690.612315711842,5867.612315711838,29338.0615785592,2315.0,463,413,0.8920086393088553,50,0,428,16,16,16,8,8,2129.6963090631716,6109.015486288845,1516.9384118324153,8690.612315711842,114,0.5217175459983991
replacement_aware_clear_probe,458,10,2,10,1.0,True,841.7526430008791,8417.526430008791,5775.526430008793,28877.632150043977,2190.0,438,406,0.9269406392694064,32,0,402,10,10,10,2,2,592.2613333744804,1568.593768496643,482.5762171450795,8417.526430008791,40,0.6297912270019879
replacement_aware_clear_probe,459,15,9,15,1.0,True,580.4433048748241,8706.649573122362,6107.64957312236,30538.247865611815,2130.0,426,374,0.8779342723004695,52,0,394,15,15,15,11,11,1452.5424408963258,4732.369123678991,513.5878500636255,7954.961320743491,40,0.7477919709999696
replacement_aware_clear_probe,460,12,7,12,1.0,True,712.9002182607595,8554.802619129114,5579.802619129114,27899.013095645587,2460.0,492,450,0.9146341463414634,42,0,455,12,12,12,8,8,2629.80096491032,5537.8439387608805,2362.9415752390146,8554.802619129114,179,0.484825407002063
replacement_aware_clear_probe,461,15,9,15,1.0,True,615.1555691412855,9227.333537119282,6411.333537119282,32056.66768559642,2315.0,463,410,0.8855291576673866,53,0,426,15,15,15,10,10,2734.0654277353606,5362.673866906517,2297.6496862468134,9227.333537119282,179,0.6149116500018863
replacement_aware_clear_probe,462,14,5,14,1.0,True,617.4753485287029,8644.65487940184,5773.654879401838,28868.274397009212,2365.0,473,427,0.9027484143763214,46,0,436,14,14,14,2,2,2617.5103536815063,8206.50680712418,776.5877198549173,8644.65487940184,60,0.5018362859991612
replacement_aware_clear_probe,463,11,5,11,1.0,True,824.0372343429638,9064.409577772602,5842.409577772601,29212.047888863017,2670.0,534,495,0.9269662921348315,39,0,497,11,11,11,5,5,1938.4919537637322,6716.961778117702,1011.1275798465147,9064.409577772602,79,0.5875431460008258
replacement_aware_clear_probe,464,12,5,12,1.0,True,733.8623802174405,8806.348562609286,5788.348562609286,28941.742813046432,2495.0,499,454,0.9098196392785571,45,0,463,12,12,12,5,5,1486.6031734466924,4680.043420558994,481.2288449683982,8806.348562609286,40,0.5320865020039491
replacement_aware_clear_probe,465,11,6,11,1.0,True,794.5596151867819,8740.1557670546,5924.155767054603,29620.778835273028,2330.0,466,429,0.9206008583690987,37,0,431,11,11,11,6,6,618.4218374523002,2708.3121390364136,518.2339164504399,8308.079453611088,40,0.7169555120053701
replacement_aware_clear_probe,466,10,4,10,1.0,True,878.9175377852167,8789.175377852167,5451.175377852166,27255.87688926083,2770.0,554,523,0.944043321299639,31,0,518,10,10,10,4,4,3335.2557137446906,7167.304962756357,727.8110285824412,8202.087319544758,60,0.49681847299507353
replacement_aware_clear_probe,467,12,6,12,1.0,True,793.6313537241822,9523.576244690186,6225.576244690189,31127.881223450953,2730.0,546,504,0.9230769230769231,42,0,508,12,12,12,3,3,1214.433755906278,4288.959725458586,727.6102339261884,9523.576244690186,60,0.5302768199981074
replacement_aware_clear_probe,468,11,8,11,1.0,True,826.3098734094309,9089.40860750374,6041.40860750374,30207.043037518713,2525.0,505,472,0.9346534653465347,33,0,468,11,11,11,4,4,2939.8288912589196,7649.971541059941,747.0748768619226,8546.551973900647,60,0.546695668999746
replacement_aware_clear_probe,469,12,5,12,1.0,True,721.2126921092962,8654.552305311554,5365.552305311555,26827.761526557777,2720.0,544,495,0.9099264705882353,49,0,509,12,12,12,6,6,968.2982989260246,5797.343616074049,708.8808768199285,8607.552305311554,60,0.5368783469966729
replacement_aware_clear_probe,470,10,5,10,1.0,True,915.7576164102924,9157.576164102924,5886.576164102919,29432.88082051462,2715.0,543,511,0.9410681399631676,32,0,506,10,10,10,2,2,2375.5748130456113,8504.102863689128,1475.498120173814,9157.576164102924,117,0.5170753479978885
replacement_aware_clear_probe,471,15,5,15,1.0,True,574.2117982971505,8613.176974457258,5784.176974457256,28920.884872286286,2325.0,465,407,0.875268817204301,58,0,429,15,15,15,9,9,1267.3945369555838,4299.939091877099,668.8378930157104,8613.176974457258,59,0.6240221499974723
replacement_aware_clear_probe,472,11,8,11,1.0,True,859.8587833085811,9458.446616394393,5876.44661639439,29382.233081971954,2970.0,594,553,0.930976430976431,41,0,557,11,11,11,5,5,3747.4187999735586,7306.876928829039,2280.168105338325,9458.446616394393,180,0.5310218869999517
replacement_aware_clear_probe,473,12,7,12,1.0,True,699.7998823729603,8397.598588475523,5505.598588475524,27527.992942377627,2390.0,478,435,0.9100418410041841,43,0,442,12,12,12,5,5,1170.3789425923733,3566.1824370361596,2028.0488101092726,7387.968296897357,151,0.5833577350058476
replacement_aware_clear_probe,474,10,5,10,1.0,True,893.4384603709599,8934.3846037096,5609.384603709598,28046.923018548,2760.0,552,514,0.9311594202898551,38,0,515,10,10,10,5,5,2102.4445914084768,5294.839111059932,1280.4866798069097,8934.3846037096,99,0.5171305620024214
replacement_aware_clear_probe,475,10,4,10,1.0,True,912.7846571948236,9127.846571948236,5760.846571948238,28804.232859741205,2795.0,559,517,0.924865831842576,42,0,522,10,10,10,10,10,454.0868693913142,2560.711058309982,504.44362194824475,9127.846571948236,40,0.557201329000236
replacement_aware_clear_probe,476,13,6,13,1.0,True,726.9168223979073,9449.918691172794,6355.918691172792,31779.593455863975,2555.0,511,460,0.9001956947162426,51,0,474,13,13,13,8,8,1413.5083732847745,6599.732226098275,422.69573169666023,9227.742232595596,40,0.591257811000105
replacement_aware_clear_probe,477,14,9,14,1.0,True,645.4813365578593,9036.73871181003,6134.7387118100305,30673.69355905016,2390.0,478,426,0.891213389121339,52,0,442,14,14,14,10,10,1511.9735513113953,5494.4406176931525,795.7611642269173,8639.166814255737,60,0.5616591060024803
replacement_aware_clear_probe,478,12,7,12,1.0,True,754.0636885334435,9048.764262401322,5730.7642624013215,28653.82131200662,2745.0,549,505,0.9198542805100182,44,0,513,12,12,12,7,7,2141.844346593945,6377.154837265958,1829.091423385218,9048.764262401322,140,0.5462778270011768
replacement_aware_clear_probe,479,16,8,16,1.0,True,528.4985599342394,8455.976958947831,6246.976958947833,31234.884794739173,1800.0,360,301,0.8361111111111111,59,0,329,16,16,16,10,10,722.3991918216792,4050.5075268331934,1022.6126212385493,8455.976958947831,80,0.6998013930060552
replacement_aware_clear_probe,480,13,5,13,1.0,True,716.4031011836588,9313.240315387564,5839.24031538756,29196.20157693782,2870.0,574,520,0.9059233449477352,54,0,539,13,13,13,5,5,2443.752396843479,7126.358599300407,2338.5859021485808,9313.240315387564,180,0.47910448699985864
replacement_aware_clear_probe,481,15,9,15,1.0,True,588.2905762856195,8824.358644284293,5863.358644284294,29316.79322142149,2435.0,487,438,0.8993839835728953,49,0,451,15,15,15,10,10,2081.362133867721,7783.8820116796915,1108.5862913866763,8634.64722330933,80,0.4365018040043651
replacement_aware_clear_probe,482,14,4,14,1.0,True,641.5654626749895,8981.916477449853,5920.916477449855,29604.582387249273,2520.0,504,447,0.8869047619047619,57,0,471,14,14,14,2,2,2794.9706095362585,7206.531352215104,1075.3251491600022,8981.916477449853,80,0.5148845420044381
replacement_aware_clear_probe,483,14,7,14,1.0,True,658.888907345586,9224.444702838204,6331.444702838202,31657.223514191024,2385.0,477,426,0.8930817610062893,51,0,438,14,14,14,8,8,1743.0160376959561,6393.241871936779,394.7588782526064,9224.444702838204,40,0.687425075993815
replacement_aware_clear_probe,484,14,6,14,1.0,True,691.2293792417614,9677.21130938466,6808.211309384658,34041.056546923304,2365.0,473,428,0.904862579281184,45,0,434,14,14,14,7,7,1603.0696060299374,6770.550213467525,499.9775364035428,9677.21130938466,40,0.5943168489975506
replacement_aware_clear_probe,485,11,5,11,1.0,True,722.4468846846686,7946.915731531355,5096.915731531357,25484.578657656795,2360.0,472,436,0.923728813559322,36,0,435,11,11,11,2,2,1113.5920300291234,4912.399820147903,470.33129953209664,6671.3808767713645,40,0.6027636059952783
replacement_aware_clear_probe,486,11,6,11,1.0,True,884.8196345586165,9733.01598014478,6434.01598014478,32170.07990072391,2735.0,547,500,0.9140767824497258,47,0,509,11,11,11,9,9,1901.460622580845,4877.597721585473,756.0276463957944,9733.01598014478,60,0.5504353110009106
replacement_aware_clear_probe,487,16,7,16,1.0,True,528.7146048104759,8459.433676967614,5960.433676967614,29802.16838483808,2045.0,409,353,0.863080684596577,56,0,374,16,16,16,5,5,965.2099419237773,5721.388689314772,478.54802051165547,8459.433676967614,40,0.6413723599980585
replacement_aware_clear_probe,488,10,6,10,1.0,True,929.9493292318675,9299.493292318675,5878.493292318676,29392.466461593398,2840.0,568,527,0.9278169014084507,41,0,531,10,10,10,7,7,2017.5494484348378,8008.526403903644,765.3903825448372,9299.493292318675,60,0.5623876049940009
replacement_aware_clear_probe,489,11,5,11,1.0,True,821.6835425916822,9038.518968508504,5753.518968508505,28767.594842542534,2720.0,544,507,0.9319852941176471,37,0,510,11,11,11,9,9,2039.2639154016977,5028.674336447257,1511.709853455851,9038.518968508504,120,0.49860157199873356
replacement_aware_clear_probe,490,15,8,15,1.0,True,646.7333160045309,9700.999740067964,6723.99974006796,33619.99870033982,2450.0,490,427,0.8714285714285714,63,0,452,15,15,15,11,11,1654.560088006954,5254.326935927223,778.5133196519325,9700.999740067964,60,0.5466674829949625
replacement_aware_clear_probe,491,13,4,13,1.0,True,640.6486070305565,8328.431891397235,5780.431891397234,28902.15945698619,2100.0,420,371,0.8833333333333333,49,0,383,13,13,13,1,1,973.0851331699789,5031.668616679308,512.8530956978655,7456.425751300021,40,0.7149110000027576
replacement_aware_clear_probe,492,16,11,16,1.0,True,560.9864150502831,8975.78264080453,6134.782640804529,30673.91320402267,2330.0,466,404,0.8669527896995708,62,0,431,16,16,16,13,13,1771.6381586955908,6274.261251951908,1263.8609466236744,8975.78264080453,100,0.5526991000006092
replacement_aware_clear_probe,493,12,4,12,1.0,True,734.0985270621351,8809.182324745621,5701.182324745622,28505.911623728127,2570.0,514,468,0.9105058365758755,46,0,478,12,12,12,6,6,690.5063041952918,4116.665424764929,512.1422216739275,8809.182324745621,40,0.5566851789990324
replacement_aware_clear_probe,494,15,9,15,1.0,True,570.3033654164883,8554.550481247325,6079.550481247325,30397.752406236625,2030.0,406,350,0.8620689655172413,56,0,370,15,15,15,10,10,1569.4386585718773,5873.605479728266,1250.4123206087222,8554.550481247325,97,0.7070859669984202
replacement_aware_clear_probe,495,15,4,15,1.0,True,545.1200278384588,8176.800417576881,5904.800417576881,29524.002087884415,1860.0,372,317,0.8521505376344086,55,0,337,15,15,15,5,5,1512.8953144050456,4927.884481055287,1048.6448136787026,7861.988879699102,80,0.55290986700129
replacement_aware_clear_probe,496,15,8,15,1.0,True,588.9457754662074,8834.18663199311,6144.186631993111,30720.933159965563,2210.0,442,389,0.8800904977375565,53,0,405,15,15,15,7,7,1650.9453455781345,5769.018144965075,793.8105830341296,8479.93034748713,60,0.5498058149969438
replacement_aware_clear_probe,497,12,5,12,1.0,True,734.5276864321403,8814.332237185683,5886.332237185684,29431.661185928424,2420.0,484,438,0.9049586776859504,46,0,448,12,12,12,4,4,1242.8882356879878,5176.309121285028,474.4891534848511,8814.332237185683,40,0.5376193770061946
replacement_aware_clear_probe,498,13,4,13,1.0,True,669.2767833716607,8700.59818383159,5695.598183831589,28477.99091915796,2480.0,496,441,0.8891129032258065,55,0,460,13,13,13,6,6,299.6328879725362,2117.5137718214855,513.173420219968,8700.59818383159,40,0.615190585005621
replacement_aware_clear_probe,499,10,7,10,1.0,True,918.1749406598544,9181.749406598545,5796.749406598544,28983.74703299273,2810.0,562,520,0.9252669039145908,42,0,525,10,10,10,11,11,1010.2097370742022,6162.64868537101,2393.942168216812,9181.749406598545,177,0.5191160449976451
replacement_aware_clear_probe,500,16,7,16,1.0,True,544.1927820793704,8707.084513269927,6005.084513269926,30025.422566349644,2215.0,443,384,0.8668171557562077,59,0,407,16,16,16,9,9,2205.491083174188,5991.384318235456,734.3382244068524,8707.084513269927,60,0.591455624999071
replacement_aware_clear_probe,501,15,9,15,1.0,True,550.8597771455638,8262.896657183457,5860.896657183458,29304.483285917304,1970.0,394,341,0.8654822335025381,53,0,357,15,15,15,7,7,1329.2566955858163,7735.135643753997,711.3634233054045,8262.896657183457,59,0.7063861589995213
replacement_aware_clear_probe,502,14,7,14,1.0,True,618.8270926585586,8663.579297219821,5839.5792972198215,29197.89648609912,2325.0,465,412,0.886021505376344,53,0,429,14,14,14,14,14,1607.1882115150358,4680.819532847486,750.7067429856143,8483.413381085105,60,0.5613818929996341
replacement_aware_clear_probe,503,11,4,11,1.0,True,796.809028263282,8764.899310896102,5716.8993108961,28584.49655448051,2525.0,505,460,0.9108910891089109,45,0,468,11,11,11,5,5,1979.5069551772046,5297.943924898422,769.9516533745216,8764.899310896102,60,0.5264949910051655
replacement_aware_clear_probe,504,13,9,13,1.0,True,740.5389837738969,9627.00678906066,6488.006789060657,32440.033945303305,2590.0,518,470,0.9073359073359073,48,0,484,13,13,13,11,11,2165.8107956213944,8218.539830018057,1635.2894332332967,9627.00678906066,119,0.5675075949984603
replacement_aware_clear_probe,505,11,3,11,1.0,True,778.7360219205307,8566.096241125837,5524.096241125838,27620.481205629185,2520.0,504,463,0.9186507936507936,41,0,467,11,11,11,4,4,1317.6205067096266,4643.232736668003,739.9764754362768,8121.394848059585,60,0.691842190004536
replacement_aware_clear_probe,506,16,10,16,1.0,True,481.00974466325306,7696.155914612049,5615.155914612049,28075.779573060256,1690.0,338,277,0.8195266272189349,61,0,311,16,16,16,14,14,1092.3817413988702,4476.112139223997,535.8686753471086,7696.155914612049,40,0.6125976929979515
replacement_aware_clear_probe,507,13,10,13,1.0,True,683.3337382741421,8883.338597563847,5662.338597563845,28311.69298781923,2660.0,532,487,0.9154135338345865,45,0,496,13,13,13,12,12,2693.472294764409,7931.471227692626,2780.4738757495415,8372.627455446785,198,0.4917808040045202
replacement_aware_clear_probe,508,14,11,14,1.0,True,733.0531091930209,10262.743528702293,7067.743528702286,35338.717643511445,2635.0,527,476,0.9032258064516129,51,0,490,14,14,14,10,10,3030.4428479304215,6019.236560440733,459.40506303845666,10262.743528702293,40,0.5323401069981628
replacement_aware_clear_probe,509,15,6,15,1.0,True,604.7166423499385,9070.749635249078,6336.749635249075,31683.7481762454,2245.0,449,390,0.8685968819599109,59,0,414,15,15,15,7,7,1767.052425145854,4673.928881945981,2023.1081011637332,9070.749635249078,160,0.5651834349991987
replacement_aware_clear_probe,510,15,9,15,1.0,True,647.8771802025469,9718.157703038203,6376.157703038203,31880.78851519102,2755.0,551,489,0.8874773139745916,62,0,512,15,15,15,12,12,2500.2918520670673,7933.795649159391,2315.4358421789143,9718.157703038203,177,0.5948058249996393
replacement_aware_clear_probe,511,10,6,10,1.0,True,894.6492278540065,8946.492278540065,5865.492278540062,29327.461392700323,2555.0,511,474,0.9275929549902152,37,0,476,10,10,10,7,7,796.3891902502,4040.4919025020004,1745.5109684557144,7359.518337415343,136,0.5543689760015695
replacement_aware_clear_probe,512,10,5,10,1.0,True,857.8196121295781,8578.196121295781,5451.196121295781,27255.98060647892,2595.0,519,486,0.9364161849710982,33,0,482,10,10,10,5,5,1557.090717611437,6245.5974939741445,772.495278321157,8231.25548086637,60,0.5557248050026828
replacement_aware_clear_probe,513,10,4,10,1.0,True,843.7093142994502,8437.093142994501,5351.093142994502,26755.46571497252,2560.0,512,477,0.931640625,35,0,476,10,10,10,5,5,1364.3205279330039,5439.932084278004,815.3799467441577,8378.093142994501,60,0.5938679489991046
replacement_aware_clear_probe,514,12,5,12,1.0,True,749.6993423945287,8996.392108734344,6099.392108734342,30496.960543671717,2395.0,479,441,0.9206680584551148,38,0,442,12,12,12,7,7,1650.9964046451744,4101.528459752452,429.41694972008753,8422.991018341436,40,0.6453294749953784
replacement_aware_clear_probe,515,11,6,11,1.0,True,800.7858823850673,8808.64470623574,5585.64470623574,27928.22353117871,2670.0,534,495,0.9269662921348315,39,0,498,11,11,11,7,7,1424.9868603957557,5980.610846568138,2598.6712335923107,8808.64470623574,198,0.5133110719980323
replacement_aware_clear_probe,516,16,6,16,1.0,True,462.69299591019734,7403.087934563157,5168.087934563158,25840.439672815795,1820.0,364,311,0.8543956043956044,53,0,335,16,16,16,7,7,1949.2854457995297,5489.389609520166,473.0881561010172,7403.087934563157,40,0.6626373889957904
replacement_aware_clear_probe,517,16,4,16,1.0,True,507.3096401192905,8116.954241908648,5668.95424190865,28344.771209543247,2005.0,401,340,0.8478802992518704,61,0,363,16,16,16,3,3,1544.4336270977662,4244.887973286554,1047.4986051814417,8116.954241908648,80,0.7003830459943856
replacement_aware_clear_probe,518,16,7,16,1.0,True,566.6290161266814,9066.064258026903,6329.064258026901,31645.32129013452,2245.0,449,390,0.8685968819599109,59,0,412,16,16,16,7,7,1867.925115375167,6580.4312707407025,1256.9438427036707,9066.064258026903,97,0.611282254998514
replacement_aware_clear_probe,519,14,10,14,1.0,True,647.2278161005987,9061.189425408382,6135.189425408381,30675.94712704192,2410.0,482,435,0.9024896265560166,47,0,446,14,14,14,8,8,2757.0071064311583,7585.854872838875,467.7602066756259,9061.189425408382,40,0.5980194580042735
replacement_aware_clear_probe,520,10,3,10,1.0,True,959.8558854920269,9598.55885492027,6210.55885492027,31052.79427460135,2815.0,563,526,0.9342806394316163,37,0,523,10,10,10,3,3,1174.6307570880142,4071.6369647972774,712.0142251787682,9598.55885492027,60,0.5526948640035698
replacement_aware_clear_probe,521,10,4,10,1.0,True,843.0171914015966,8430.171914015966,5434.171914015967,27170.859570079843,2485.0,497,464,0.9336016096579477,33,0,461,10,10,10,3,3,1539.5738710787696,4448.459465424069,478.3764984269571,8290.19933974413,40,0.6156855750014074
replacement_aware_clear_probe,522,10,3,10,1.0,True,849.2461286316811,8492.461286316811,5280.461286316811,26402.30643158406,2665.0,533,497,0.9324577861163227,36,0,497,10,10,10,0,0,2267.2712457544753,4593.239627369881,1020.4314284914,7861.739152652966,80,0.49017095300223446
replacement_aware_clear_probe,523,15,8,15,1.0,True,560.8410448212684,8412.615672319025,5960.615672319025,29803.078361595133,2010.0,402,345,0.8582089552238806,57,0,367,15,15,15,11,11,1784.6427971258438,5652.7901395242925,802.1814502490811,8412.615672319025,60,0.6110960370060639
replacement_aware_clear_probe,524,11,5,11,1.0,True,776.3984907648156,8540.383398412972,5706.383398412969,28531.916992064867,2345.0,469,428,0.9125799573560768,41,0,434,11,11,11,4,4,1380.1230771484268,4888.517530133364,800.125241409019,6296.23667901033,60,0.5345872709949617
replacement_aware_clear_probe,525,16,10,16,1.0,True,567.6948336766484,9083.117338826374,6597.117338826374,32985.58669413189,2035.0,407,345,0.8476658476658476,62,0,371,16,16,16,12,12,1601.09162517636,7489.806759421868,768.193963059618,9083.117338826374,60,0.7388235890030046
replacement_aware_clear_probe,526,11,7,11,1.0,True,812.0068924858383,8932.075817344221,5613.075817344219,28065.379086721103,2750.0,550,505,0.9181818181818182,45,0,514,11,11,11,7,7,1722.6418926102485,3940.5988691694633,1523.148576530189,8932.075817344221,120,0.4814347249994171
replacement_aware_clear_probe,527,13,7,13,1.0,True,667.2653132993115,8674.44907289105,5758.449072891049,28792.245364455255,2405.0,481,436,0.9064449064449065,45,0,446,13,13,13,6,6,1845.3593991072023,4528.315507499174,702.3202921475797,8421.280308027313,60,0.5354433250031434
replacement_aware_clear_probe,528,16,9,16,1.0,True,585.8574885957275,9373.71981753164,6745.719817531641,33728.59908765822,2155.0,431,379,0.8793503480278422,52,0,393,16,16,16,6,6,1896.958982015743,6992.638316394947,477.95406632166663,9373.71981753164,40,0.621569434995763
replacement_aware_clear_probe,529,15,6,15,1.0,True,590.6918181964604,8860.377272946906,6038.377272946906,30191.886364734528,2320.0,464,405,0.8728448275862069,59,0,427,15,15,15,3,3,2112.66231279916,6623.955423346284,522.8852134383662,8860.377272946906,40,0.5791337319969898
replacement_aware_clear_probe,530,12,7,12,1.0,True,697.1987145190915,8366.384574229098,5480.3845742291,27401.92287114551,2385.0,477,434,0.909853249475891,43,0,441,12,12,12,4,4,2147.2697252199923,5859.815452801448,492.5384942230662,8366.384574229098,40,0.6702238430007128
replacement_aware_clear_probe,531,15,6,15,1.0,True,532.6692231903057,7990.0383478545855,5430.038347854586,27150.19173927294,2100.0,420,356,0.8476190476190476,64,0,385,15,15,15,5,5,1715.0479182476881,5210.392727623873,757.6488520093402,7113.07356898114,60,0.4986019829957513
replacement_aware_clear_probe,532,11,6,11,1.0,True,852.0052110547819,9372.0573216026,6111.0573216026005,30555.286608013008,2700.0,540,500,0.9259259259259259,40,0,506,11,11,11,2,2,2676.008228501993,7823.630012406517,1255.4273062275256,9372.0573216026,97,0.5063421689992538
replacement_aware_clear_probe,533,13,7,13,1.0,True,637.6462574491702,8289.401346839213,5494.401346839213,27472.006734196075,2305.0,461,410,0.8893709327548807,51,0,425,13,13,13,3,3,2081.241979217826,4663.71326309082,1811.4260556844954,8289.401346839213,140,0.5210070850007469
replacement_aware_clear_probe,534,13,6,13,1.0,True,661.1321108598514,8594.717441178069,5834.717441178071,29173.587205890366,2275.0,455,405,0.8901098901098901,50,0,420,13,13,13,7,7,1293.6145968513677,7982.452716971458,454.95745561592867,8324.359190582085,40,0.5950688649973017
replacement_aware_clear_probe,535,11,3,11,1.0,True,796.3939889235357,8760.333878158894,5724.333878158894,28621.669390794475,2515.0,503,459,0.9125248508946322,44,0,466,11,11,11,5,5,1482.230967100762,6455.534124616229,1302.2709244766356,7947.136303116466,98,0.5140901539998595
replacement_aware_clear_probe,536,15,8,15,1.0,True,595.8623056667897,8937.934585001845,6046.934585001845,30234.672925009232,2375.0,475,415,0.8736842105263158,60,0,441,15,15,15,8,8,1242.1677874805391,6378.146175168793,466.2442474407433,8908.934585001845,40,0.5988637130067218
replacement_aware_clear_probe,537,15,4,15,1.0,True,504.61452623629395,7569.217893544409,5561.217893544409,27806.089467722057,1640.0,328,270,0.823170731707317,58,0,293,15,15,15,5,5,601.1952451458694,5445.445791383208,504.491190727951,5971.02429649754,40,0.8230365749986959
replacement_aware_clear_probe,538,12,8,12,1.0,True,763.8113779724193,9165.736535669032,6214.736535669027,31073.682678345147,2440.0,488,447,0.9159836065573771,41,0,451,12,12,12,11,11,1194.2395981327084,4143.281301319393,513.7690212436125,7052.961812414311,40,0.5613809350033989
replacement_aware_clear_probe,539,12,4,12,1.0,True,748.3922733658264,8980.707280389917,5819.707280389914,29098.53640194958,2615.0,523,474,0.9063097514340345,49,0,486,12,12,12,4,4,1979.0245436918697,5179.936990535466,2041.5035778362055,7968.665873684862,160,0.5217420379995019
replacement_aware_clear_probe,540,14,7,14,1.0,True,665.9732568154359,9323.625595416102,6241.6255954161,31208.12797708052,2540.0,508,450,0.8858267716535433,58,0,472,14,14,14,12,12,2786.7892481335466,7275.366051891031,777.0224619254867,9323.625595416102,60,0.5884491969991359
replacement_aware_clear_probe,541,12,3,12,1.0,True,752.7317295765041,9032.780754918049,6065.780754918048,30328.903774590253,2455.0,491,443,0.9022403258655805,48,0,452,12,12,12,5,5,1571.4404630240333,5317.96246525336,508.43630872371705,9032.780754918049,40,0.6416447939991485
replacement_aware_clear_probe,542,13,10,13,1.0,True,703.7102652086263,9148.233447712142,5765.23344771214,28826.167238560713,2795.0,559,510,0.9123434704830053,49,0,523,13,13,13,8,8,2949.0911464871974,5782.1619360819805,751.6704850414154,9107.233447712142,60,0.4992511700038449
replacement_aware_clear_probe,543,16,6,16,1.0,True,530.109017751403,8481.744284022448,5570.7442840224485,27853.72142011226,2390.0,478,416,0.8702928870292888,62,0,441,16,16,16,7,7,1357.6574504546893,5560.410631744565,496.426981223623,8481.744284022448,40,0.5710301130020525
replacement_aware_clear_probe,544,15,3,15,1.0,True,550.7424645945031,8261.136968917546,5324.136968917548,26620.684844587737,2415.0,483,428,0.8861283643892339,55,0,447,15,15,15,7,7,2310.76686590584,5303.753756740727,666.4227882533036,8261.136968917546,60,0.5230716619989835
replacement_aware_clear_probe,545,11,3,11,1.0,True,803.8364223323765,8842.200645656141,5784.200645656141,28921.00322828072,2535.0,507,463,0.9132149901380671,44,0,468,11,11,11,4,4,1223.489811153631,6028.977119663283,525.4449681287056,8842.200645656141,40,0.5655891700007487
replacement_aware_clear_probe,546,10,4,10,1.0,True,888.3021750523822,8883.021750523822,5516.021750523825,27580.108752619133,2795.0,559,518,0.9266547406082289,41,0,522,10,10,10,3,3,1582.0651367237497,4360.058635398896,495.7171970964497,8824.021750523822,40,0.5307389139998122
replacement_aware_clear_probe,547,10,7,10,1.0,True,960.5152871985204,9605.152871985203,6174.152871985199,30870.764359926012,2850.0,570,535,0.9385964912280702,35,0,531,10,10,10,9,9,2576.4430333537325,7632.008033714999,2328.298076234491,9605.152871985203,174,0.6522817089935415
replacement_aware_clear_probe,548,10,5,10,1.0,True,922.9670369208721,9229.670369208721,5754.67036920872,28773.35184604362,2885.0,577,536,0.92894280762565,41,0,540,10,10,10,7,7,1271.5927023905244,6616.655930922022,499.30301020649915,9229.670369208721,40,0.5707031139972969
replacement_aware_clear_probe,549,15,11,15,1.0,True,651.313056569365,9769.695848540476,6636.695848540475,33183.47924270238,2580.0,516,462,0.8953488372093024,54,0,478,15,15,15,16,16,2564.0665093127973,6486.145249592697,1299.3736153465165,9769.695848540476,100,0.5700312840053812
replacement_aware_clear_probe,550,16,8,16,1.0,True,591.8081542466672,9468.930467946675,6720.930467946675,33604.65233973339,2255.0,451,389,0.8625277161862528,62,0,413,16,16,16,7,7,1877.3880694477666,5131.776777491128,1512.0096270476288,9468.930467946675,116,0.7070203180046519
replacement_aware_clear_probe,551,14,6,14,1.0,True,588.0393347052724,8232.550685873814,5391.550685873813,26957.753429369073,2340.0,468,419,0.8952991452991453,49,0,431,14,14,14,9,9,1991.0648943391868,5167.683732224227,465.3547128627352,8022.188470322313,40,0.5599785160011379
replacement_aware_clear_probe,552,10,5,10,1.0,True,867.8314956327056,8678.314956327056,5322.314956327055,26611.574781635285,2785.0,557,517,0.9281867145421903,40,0,521,10,10,10,5,5,2504.797141816455,4746.496208243244,2066.989495164086,8382.975823547558,159,0.4483565079935943
replacement_aware_clear_probe,553,13,5,13,1.0,True,618.7776502180345,8044.109452834449,5423.109452834451,27115.547264172266,2160.0,432,383,0.8865740740740741,49,0,396,13,13,13,8,8,906.1128405301904,5554.204186733594,1018.0311897617695,6788.205602573457,80,0.5913422130033723
replacement_aware_clear_probe,554,14,5,14,1.0,True,621.2677576861173,8697.748607605643,5578.748607605648,27893.743038028246,2570.0,514,459,0.8929961089494164,55,0,479,14,14,14,5,5,2499.0744597105527,6804.893838738935,751.6541880679289,8697.748607605643,60,0.5142956839990802
replacement_aware_clear_probe,555,11,4,11,1.0,True,769.5796273804626,8465.375901185089,5429.375901185088,27146.87950592545,2515.0,503,467,0.9284294234592445,36,0,466,11,11,11,3,3,1337.3130172514375,6044.678163768706,702.1415000544382,8412.375901185089,60,0.5671310589968925
replacement_aware_clear_probe,556,15,8,15,1.0,True,627.1287294679015,9406.930942018522,6008.930942018525,30044.654710092622,2800.0,560,498,0.8892857142857142,62,0,523,15,15,15,12,12,2456.0878559933535,7054.54130564492,1575.4261778177904,9406.930942018522,120,0.4621290460054297
replacement_aware_clear_probe,557,10,7,10,1.0,True,887.1042904377113,8871.042904377113,5588.042904377111,27940.214521885573,2725.0,545,512,0.9394495412844037,33,0,508,10,10,10,6,6,2492.109936674312,7019.993033058517,515.4918244011049,7934.334145077983,40,0.5479834579964518
replacement_aware_clear_probe,558,13,6,13,1.0,True,694.0261754753539,9022.3402811796,5687.3402811795995,28436.701405898,2755.0,551,505,0.9165154264972777,46,0,515,13,13,13,4,4,3074.9458369312915,6631.100077828102,1325.9790772630538,8701.997191482764,100,0.5162144880014239
replacement_aware_clear_probe,559,10,8,10,1.0,True,1007.2989666694409,10072.98966669441,6633.989666694412,33169.94833347207,2855.0,571,534,0.9352014010507881,37,0,534,10,10,10,11,11,1317.8459184431774,8249.29169822252,520.8558017031623,10072.98966669441,40,0.5377088949971949
replacement_aware_clear_probe,560,16,6,16,1.0,True,558.8483794832591,8941.574071732146,5896.574071732149,29482.870358660755,2500.0,500,435,0.87,65,0,465,16,16,16,9,9,1992.9026873392686,7681.774303362778,461.86517190237316,8941.574071732146,40,0.5504197730042506
replacement_aware_clear_probe,561,14,5,14,1.0,True,610.8491777699786,8551.888488779701,5757.8884887797,28789.442443898504,2300.0,460,401,0.8717391304347826,59,0,424,14,14,14,6,6,2208.36170983592,4835.88461400998,2391.5526923151497,8251.057129532544,179,0.5680725170022924
replacement_aware_clear_probe,562,15,10,15,1.0,True,629.6157203196923,9444.235804795384,6534.235804795384,32671.179023976936,2395.0,479,418,0.872651356993737,61,0,440,15,15,15,11,11,2078.017640477391,4937.312330674441,1527.4439906541027,9444.235804795384,120,0.6482876579975709
replacement_aware_clear_probe,563,14,7,14,1.0,True,611.9028626313935,8566.640076839509,5531.640076839511,27658.20038419756,2500.0,500,448,0.896,52,0,465,14,14,14,4,4,3000.5218418290447,7828.241910997253,2828.955986787586,8402.247412990531,211,0.5239733529961086
replacement_aware_clear_probe,564,12,8,12,1.0,True,811.3627949694015,9736.353539632819,6311.353539632817,31556.767698164087,2835.0,567,526,0.927689594356261,41,0,530,12,12,12,12,12,2650.8701510627734,6524.98509163244,735.4750833308414,9736.353539632819,60,0.4766046929944423
replacement_aware_clear_probe,565,15,9,15,1.0,True,614.4825453048073,9217.23817957211,6324.238179572108,31621.19089786055,2380.0,476,421,0.884453781512605,55,0,438,15,15,15,11,11,2154.7783743205027,8581.213942461829,1034.0656364559925,9217.23817957211,78,0.6213536060022307
replacement_aware_clear_probe,566,16,4,16,1.0,True,494.8959165930017,7918.334665488027,5277.334665488028,26386.67332744014,2160.0,432,366,0.8472222222222222,66,0,401,16,16,16,2,2,1906.2139082077879,5286.9013257616825,1311.677768176333,7918.334665488027,99,0.51964611299627
replacement_aware_clear_probe,567,11,6,11,1.0,True,782.8482338152008,8611.33057196721,5688.33057196721,28441.65285983606,2420.0,484,444,0.9173553719008265,40,0,448,11,11,11,5,5,1313.2386883446134,5586.119259329458,475.6265837117211,8611.33057196721,40,0.6580285570016713
replacement_aware_clear_probe,568,10,4,10,1.0,True,901.0237892148976,9010.237892148976,5804.237892148974,29021.18946074489,2660.0,532,502,0.943609022556391,30,0,496,10,10,10,5,5,2127.0388235682726,6192.743390263595,1014.3848518853351,9010.237892148976,77,0.5276830009970581
replacement_aware_clear_probe,569,14,8,14,1.0,True,709.7288997282284,9936.204596195197,7006.204596195196,35031.022980976,2415.0,483,428,0.8861283643892339,55,0,445,14,14,14,12,12,1689.898504142775,5740.694126919044,420.7708044027137,9936.204596195197,40,0.5939315520008677
replacement_aware_clear_probe,570,10,3,10,1.0,True,889.0967986839441,8890.967986839441,5828.967986839441,29144.839934197214,2540.0,508,477,0.9389763779527559,31,0,472,10,10,10,0,0,1052.6962070818859,4780.855114493267,499.3008306909578,8418.174703958623,40,0.6443747430021176
replacement_aware_clear_probe,571,11,7,11,1.0,True,841.7635536019602,9259.399089621562,6011.399089621557,30056.995448107802,2690.0,538,501,0.9312267657992565,37,0,503,11,11,11,2,2,2898.627497422789,8437.183610180731,499.82086847018627,8757.844653487811,40,0.5697363630024483
replacement_aware_clear_probe,572,11,5,11,1.0,True,762.5961264338829,8388.557390772712,5507.557390772712,27537.78695386357,2385.0,477,432,0.9056603773584906,45,0,441,11,11,11,5,5,121.94545454545455,366.2,1240.414088039114,5381.943833889992,100,0.5718447659965022
replacement_aware_clear_probe,573,15,5,15,1.0,True,592.2767286024804,8884.150929037205,6189.150929037204,30945.754645186033,2215.0,443,378,0.8532731376975169,65,0,405,15,15,15,6,6,1037.0619336494829,6984.035012861959,474.1177898685891,8884.150929037205,40,0.7674488379998365
replacement_aware_clear_probe,574,12,7,12,1.0,True,731.0214182548126,8772.257019057752,5994.257019057753,29971.285095288767,2295.0,459,415,0.9041394335511983,44,0,423,12,12,12,5,5,1423.5187474464199,5992.127905066838,459.6783057099834,8410.798897867768,40,0.6922091129963519
replacement_aware_clear_probe,575,12,4,12,1.0,True,794.0880469039212,9529.056562847054,6099.056562847054,30495.282814235274,2840.0,568,518,0.9119718309859155,50,0,530,12,12,12,8,8,1794.8294771196863,5101.710745087246,983.8172006556498,9529.056562847054,79,0.5622581290008384
replacement_aware_clear_probe,576,16,6,16,1.0,True,575.4964925242766,9207.943880388426,5948.943880388427,29744.71940194214,2680.0,536,465,0.8675373134328358,71,0,499,16,16,16,9,9,2014.756669832032,7096.43114664844,2342.2974917818583,9207.943880388426,177,0.601294266001787
replacement_aware_clear_probe,577,13,4,13,1.0,True,670.8058906830482,8720.476578879627,5668.476578879626,28342.38289439815,2520.0,504,447,0.8869047619047619,57,0,467,13,13,13,6,6,1213.650745009024,4003.970658704761,1569.293410186857,8720.476578879627,120,0.5172111240026425
replacement_aware_clear_probe,578,16,10,16,1.0,True,524.0058766532961,8384.094026452738,6169.09402645274,30845.4701322637,1805.0,361,305,0.8448753462603878,56,0,330,16,16,16,8,8,1434.7857284382897,5963.610027871137,759.9416167300703,8384.094026452738,60,0.8768749660011963
replacement_aware_clear_probe,579,12,4,12,1.0,True,758.5895329857261,9103.074395828713,6092.074395828715,30460.371979143576,2490.0,498,449,0.9016064257028112,49,0,461,12,12,12,4,4,1633.8021612223465,4416.397340600379,2435.736419012941,9103.074395828713,180,0.5611106010037474
replacement_aware_clear_probe,580,14,10,14,1.0,True,737.4086217355706,10323.720704297988,7140.720704297989,35703.603521489946,2625.0,525,475,0.9047619047619048,50,0,488,14,14,14,9,9,2086.2895403510265,7080.59575176397,747.2329552193027,10323.720704297988,60,0.6268435419988236
replacement_aware_clear_probe,581,15,4,15,1.0,True,561.1997923023497,8417.996884535245,5761.996884535244,28809.984422676232,2180.0,436,374,0.8577981651376146,62,0,401,15,15,15,8,8,927.0191302619104,6015.956406523805,804.3373310727542,7893.20527182392,60,0.6673595460015349
replacement_aware_clear_probe,582,11,7,11,1.0,True,904.8697547449036,9953.56730219394,6634.567302193938,33172.836510969704,2750.0,550,507,0.9218181818181819,43,0,514,11,11,11,13,13,1603.2981273299781,5429.084886290875,435.60952186277865,9953.56730219394,40,0.5822425900041708
replacement_aware_clear_probe,583,14,10,14,1.0,True,706.8786252538032,9896.300753553245,6683.300753553246,33416.50376776624,2650.0,530,483,0.9113207547169812,47,0,493,14,14,14,11,11,2837.4752979674054,8302.772617616454,1806.6258971283305,9338.078892732201,140,0.4910076570013189
replacement_aware_clear_probe,584,14,8,14,1.0,True,629.5353520342435,8813.49492847941,5852.4949284794075,29262.474642397032,2440.0,488,439,0.8995901639344263,49,0,451,14,14,14,7,7,2153.606504686831,5724.136343626396,2539.1645624098364,7740.974947525687,194,0.5461736450015451
replacement_aware_clear_probe,585,10,7,10,1.0,True,1012.3165452759895,10123.165452759895,6590.165452759893,32950.82726379948,2935.0,587,548,0.9335604770017035,39,0,548,10,10,10,9,9,3243.4611076166334,6873.110709535738,2006.790598311524,10123.165452759895,160,0.5423282060000929
replacement_aware_clear_probe,586,15,6,15,1.0,True,638.291403621346,9574.37105432019,6543.371054320189,32716.855271600958,2495.0,499,442,0.8857715430861723,57,0,461,15,15,15,8,8,1493.0168240509745,5514.221705212222,1063.8720374031589,9574.37105432019,80,0.5751536259995191
replacement_aware_clear_probe,587,15,8,15,1.0,True,646.4604370788944,9696.906556183416,6891.906556183415,34459.532780917085,2305.0,461,408,0.8850325379609545,53,0,425,15,15,15,8,8,2276.9418077934906,5659.203494105719,699.431971114379,9696.906556183416,60,0.6857131680008024
replacement_aware_clear_probe,588,15,8,15,1.0,True,570.1992887476539,8552.989331214809,5862.989331214809,29314.946656074062,2210.0,442,383,0.8665158371040724,59,0,405,15,15,15,11,11,2088.9896194969356,5156.177756810807,695.3263703366962,6671.058442989989,60,0.6243894929939415
replacement_aware_clear_probe,589,10,6,10,1.0,True,939.3432030355092,9393.432030355092,6060.432030355091,30302.160151775464,2765.0,553,514,0.9294755877034359,39,0,518,10,10,10,8,8,1516.530366995457,7785.710808435621,2849.64974408014,8505.886827469178,220,0.5014994489974924
replacement_aware_clear_probe,590,10,6,10,1.0,True,951.647322669041,9516.47322669041,5999.473226690407,29997.366133452048,2920.0,584,548,0.9383561643835616,36,0,547,10,10,10,6,6,2654.9985977397223,7192.549069042353,805.1752246977004,8607.644507761173,60,0.48602242399647366
replacement_aware_clear_probe,591,14,8,14,1.0,True,644.8941688424538,9028.518363794354,6023.518363794352,30117.591818971774,2475.0,495,446,0.901010101010101,49,0,460,14,14,14,10,10,2363.782645482137,5106.567787358262,2326.7825252420826,8814.48137859122,177,0.5365079320035875
replacement_aware_clear_probe,592,10,7,10,1.0,True,911.331320207804,9113.31320207804,5666.313202078036,28331.566010390205,2860.0,572,535,0.9353146853146853,37,0,537,10,10,10,7,7,2641.1041929411235,6418.245196215276,2073.5390425792457,8922.527577689438,160,0.4732890250015771
replacement_aware_clear_probe,593,12,9,12,1.0,True,875.6690076208605,10508.028091450326,7255.028091450322,36275.140457251626,2690.0,538,494,0.9182156133828996,44,0,503,12,12,12,10,10,2618.0395874375363,5602.111499011806,2607.586369187895,10508.028091450326,199,0.516336954999133
replacement_aware_clear_probe,594,11,5,11,1.0,True,757.7803844298043,8335.584228727846,5509.584228727847,27547.921143639247,2340.0,468,429,0.9166666666666666,39,0,431,11,11,11,4,4,328.3475675333007,1294.3481332249828,738.6751096413252,6977.65281397316,60,0.5701833610000904
replacement_aware_clear_probe,595,12,5,12,1.0,True,690.5769667703361,8286.923601244032,5724.923601244033,28624.61800622018,2115.0,423,382,0.9030732860520094,41,0,387,12,12,12,2,2,1013.8953494219313,5059.669314183795,419.2576289593147,8286.923601244032,40,0.7548067539973999
replacement_aware_clear_probe,596,13,5,13,1.0,True,678.4912437871462,8820.386169232901,5730.386169232901,28651.930846164512,2550.0,510,467,0.9156862745098039,43,0,475,13,13,13,4,4,2553.84291829517,7742.828194526234,488.45196499436406,8820.386169232901,40,0.5514364959963132
replacement_aware_clear_probe,597,10,5,10,1.0,True,921.2414886732844,9212.414886732844,5960.414886732844,29802.074433664227,2700.0,540,507,0.9388888888888889,33,0,502,10,10,10,8,8,1684.1840088740223,4171.377644948016,2023.4273320314135,9212.414886732844,160,0.5320438389971969
replacement_aware_clear_probe,598,16,8,16,1.0,True,539.0805362256383,8625.288579610213,6190.288579610211,30951.442898051064,1990.0,398,342,0.8592964824120602,56,0,365,16,16,16,8,8,1774.2998440663814,8218.975969112038,1281.0258116134944,8625.288579610213,97,0.4934247530036373
replacement_aware_clear_probe,599,15,6,15,1.0,True,663.5162381793858,9952.743572690788,6648.743572690791,33243.71786345397,2720.0,544,491,0.9025735294117647,53,0,509,15,15,15,13,13,1215.524246507585,5149.494799644786,1782.3792986794142,9952.743572690788,136,0.5304473920041346
replacement_aware_clear_probe,600,12,6,12,1.0,True,754.9376967821601,9059.252361385921,6017.252361385922,30086.261806929622,2515.0,503,459,0.9125248508946322,44,0,467,12,12,12,4,4,2155.7135003585713,8013.82366587691,498.26380742360027,9059.252361385921,40,0.5951711759989848
replacement_aware_clear_probe,601,11,7,11,1.0,True,835.6318113661974,9191.949925028171,6035.949925028167,30179.74962514085,2615.0,523,487,0.9311663479923518,36,0,486,11,11,11,5,5,2682.1773004137435,7707.657349669624,710.0083153116448,9191.949925028171,60,0.6198720729953493
replacement_aware_clear_probe,602,13,6,13,1.0,True,651.1148879789763,8464.493543726692,5554.493543726692,27772.46771863348,2400.0,480,432,0.9,48,0,445,13,13,13,5,5,2255.159804599958,6829.8099661680035,768.3888869961706,8464.493543726692,59,0.6059629770024912
replacement_aware_clear_probe,603,11,6,11,1.0,True,777.1720417252577,8548.892458977834,5522.892458977833,27614.46229488917,2505.0,501,453,0.9041916167664671,48,0,466,11,11,11,10,10,1137.832535124395,4346.997377095537,1057.9837524935033,8495.892458977834,80,0.503488454996841
replacement_aware_clear_probe,604,10,2,10,1.0,True,884.4023668143261,8844.023668143262,5722.02366814326,28610.118340716308,2590.0,518,480,0.9266409266409267,38,0,482,10,10,10,1,1,1158.7490648928665,4285.551370316913,763.5272236391849,8844.023668143262,60,0.56921465099731
replacement_aware_clear_probe,605,11,5,11,1.0,True,796.689261749199,8763.581879241188,5660.581879241189,28302.90939620596,2570.0,514,473,0.9202334630350194,41,0,478,11,11,11,3,3,1367.1721992988464,7456.407406047822,1030.2375978889793,8257.387897123761,80,0.5198407920033787
replacement_aware_clear_probe,606,15,6,15,1.0,True,564.425859446373,8466.387891695595,6009.387891695596,30046.939458478,2015.0,403,346,0.858560794044665,57,0,367,15,15,15,2,2,1367.2112053932565,7263.097524452398,498.37658731781414,8279.152436871034,40,0.7238568620014121
replacement_aware_clear_probe,607,15,6,15,1.0,True,568.4443289122911,8526.664933684366,5894.6649336843675,29473.32466842185,2160.0,432,370,0.8564814814814815,62,0,397,15,15,15,6,6,1359.5601234064343,5016.8231171467605,1756.690714921948,8526.664933684366,133,0.6897042019991204
replacement_aware_clear_probe,608,11,4,11,1.0,True,743.3461348675413,8176.807483542954,5223.807483542954,26119.03741771479,2445.0,489,450,0.9202453987730062,39,0,453,11,11,11,6,6,1062.0653654482774,3857.7782664086662,730.887828360897,7488.135434092176,60,0.5714462189935148
replacement_aware_clear_probe,609,15,7,15,1.0,True,644.1037942114048,9661.55691317107,6538.556913171071,32692.784565855363,2570.0,514,455,0.8852140077821011,59,0,478,15,15,15,11,11,2548.8313849320025,6393.935645848157,2455.654571880018,9661.55691317107,180,0.4867004160041688
replacement_aware_clear_probe,610,13,7,13,1.0,True,679.8933851701457,8838.614007211894,5731.614007211894,28658.070036059482,2565.0,513,461,0.898635477582846,52,0,477,13,13,13,11,11,1311.521424721313,3408.3708916206765,1986.6921510898017,8838.614007211894,160,0.5140295300006983
replacement_aware_clear_probe,611,14,8,14,1.0,True,611.8617411858435,8566.06437660181,5815.06437660181,29075.32188300904,2265.0,453,401,0.8852097130242825,52,0,416,14,14,14,8,8,1954.1110158894592,6002.46734072408,495.9426776121056,8422.371661484347,40,0.6608850460033864
replacement_aware_clear_probe,612,16,9,16,1.0,True,571.278922240892,9140.462755854272,6550.462755854272,32752.313779271364,2120.0,424,369,0.8702830188679245,55,0,390,16,16,16,5,5,1945.7227460757706,7706.648260756021,724.6890701615603,9140.462755854272,60,0.6538284209964331
replacement_aware_clear_probe,613,12,6,12,1.0,True,754.3299404375002,9051.959285250003,5828.959285250004,29144.79642625003,2665.0,533,482,0.9043151969981238,51,0,498,12,12,12,7,7,2510.7876230782654,7283.771409762061,1224.1184642935664,9051.959285250003,100,0.5694423219974851
replacement_aware_clear_probe,614,12,6,12,1.0,True,756.315481438215,9075.78577725858,5979.785777258581,29898.92888629292,2560.0,512,467,0.912109375,45,0,476,12,12,12,9,9,1691.3815939931148,5830.497962247766,1265.0311070391917,9075.78577725858,99,0.5579293120026705
replacement_aware_clear_probe,615,11,2,11,1.0,True,787.6619401115536,8664.28134122709,5644.281341227088,28221.40670613545,2500.0,500,461,0.922,39,0,465,11,11,11,1,1,2318.1783498202426,5765.031463910693,468.77570794722703,7706.109167085977,40,0.6129744830031996
replacement_aware_clear_probe,616,10,7,10,1.0,True,914.0656106114641,9140.65610611464,5809.6561061146385,29048.280530573204,2765.0,553,523,0.945750452079566,30,0,516,10,10,10,3,3,2451.464052021244,5990.660130053109,3283.990161988123,8629.725214004538,231,0.5757268800007296
replacement_aware_clear_probe,617,15,5,15,1.0,True,560.8412051928821,8412.61807789323,5769.618077893231,28848.090389466164,2170.0,434,377,0.868663594470046,57,0,398,15,15,15,6,6,1760.6640853685853,4570.868561207922,1495.849360225908,8383.61807789323,120,0.5398451379951439
replacement_aware_clear_probe,618,13,6,13,1.0,True,695.2937891900493,9038.819259470642,5876.819259470641,29384.09629735322,2610.0,522,469,0.8984674329501916,53,0,487,13,13,13,7,7,1696.0597786381275,5317.921215675033,1859.4554485458225,9038.819259470642,140,0.5255640480027068
replacement_aware_clear_probe,619,14,7,14,1.0,True,637.9930205440803,8931.902287617124,6040.902287617124,30204.511438085632,2380.0,476,424,0.8907563025210085,52,0,441,14,14,14,7,7,1587.815833293554,5543.396184395746,432.5327307143662,8931.902287617124,40,0.693813042002148
replacement_aware_clear_probe,620,11,6,11,1.0,True,828.7022802867691,9115.72508315446,5712.725083154462,28563.62541577232,2820.0,564,519,0.9202127659574468,45,0,528,11,11,11,11,11,2236.7267216379073,6304.454963025642,473.29679704287565,9115.72508315446,40,0.4907418549992144
replacement_aware_clear_probe,621,12,7,12,1.0,True,763.8194332088483,9165.83319850618,5951.833198506178,29759.1659925309,2660.0,532,487,0.9154135338345865,45,0,494,12,12,12,10,10,1454.6044494380756,5289.51784620336,496.1289433454077,9165.83319850618,40,0.5217756960046245
replacement_aware_clear_probe,622,12,4,12,1.0,True,725.7618879243387,8709.142655092064,5702.142655092061,28510.71327546033,2485.0,497,447,0.8993963782696177,50,0,462,12,12,12,4,4,1480.1805531345565,5292.854849026057,701.0182755491007,8709.142655092064,60,0.6384990860024118
replacement_aware_clear_probe,623,10,3,10,1.0,True,866.195075725436,8661.95075725436,5382.950757254362,26914.753786271813,2720.0,544,510,0.9375,34,0,509,10,10,10,1,1,1717.8632968684378,8124.786844875485,424.6178749778541,8426.68698493017,40,0.5547008499997901
replacement_aware_clear_probe,624,11,2,11,1.0,True,805.6105278554787,8861.715806410266,5565.715806410267,27828.579032051333,2730.0,546,509,0.9322344322344323,37,0,511,11,11,11,2,2,2620.53032736485,7424.034367053497,513.6019325074908,8644.331419018432,40,0.4729683149998891
replacement_aware_clear_probe,625,13,8,13,1.0,True,724.4085165797085,9417.31071553621,6173.310715536206,30866.553577681036,2680.0,536,487,0.9085820895522388,49,0,499,13,13,13,10,10,2297.8636540811067,6339.543213370467,1329.813457009615,8378.459033236053,100,0.5302883780022967
replacement_aware_clear_probe,626,12,4,12,1.0,True,726.3026984725205,8715.632381670246,5920.632381670246,29603.161908351245,2310.0,462,416,0.9004329004329005,46,0,425,12,12,12,2,2,1486.0907818677636,5418.427386159507,791.5067950048456,8715.632381670246,60,0.5791826380009297
replacement_aware_clear_probe,627,12,6,12,1.0,True,815.4256028267524,9785.10723392103,6683.107233921027,33415.53616960515,2565.0,513,469,0.9142300194931774,44,0,477,12,12,12,7,7,581.4005801290015,1368.4229014729272,741.7794190430787,9785.10723392103,60,0.5390699480049079
replacement_aware_clear_probe,628,13,11,13,1.0,True,760.9663423334094,9892.562450334322,6796.562450334319,33982.81225167161,2555.0,511,462,0.9041095890410958,49,0,476,13,13,13,15,15,1897.6286155081546,7241.037929544239,2008.522817786019,9892.562450334322,160,0.546214043002692
replacement_aware_clear_probe,629,10,5,10,1.0,True,864.3031438061965,8643.031438061966,5382.0314380619675,26910.15719030984,2705.0,541,506,0.9353049907578558,35,0,506,10,10,10,4,4,3007.2206899023686,5890.100561497218,1830.8391551747468,8643.031438061966,140,0.4965651499951491
replacement_aware_clear_probe,630,13,5,13,1.0,True,648.1109287688416,8425.442073994942,5311.442073994942,26557.21036997472,2570.0,514,460,0.8949416342412452,54,0,479,13,13,13,6,6,1191.0506946197324,5175.008786193257,738.9194038932125,8384.442073994942,60,0.5107748760055983
replacement_aware_clear_probe,631,16,6,16,1.0,True,491.6590393061261,7866.544628898017,5606.544628898018,28032.723144490094,1840.0,368,307,0.8342391304347826,61,0,340,16,16,16,6,6,1137.0412680314382,6311.514844324815,445.6704484204706,7866.544628898017,40,0.6501541269972222
replacement_aware_clear_probe,632,12,7,12,1.0,True,770.7767956708481,9249.321548050177,5955.321548050178,29776.60774025089,2725.0,545,506,0.9284403669724771,39,0,509,12,12,12,6,6,3228.4531791657732,8009.790713056923,1038.5396613878975,8821.633516403532,80,0.5589406270009931
replacement_aware_clear_probe,633,10,1,10,1.0,True,884.0414142214271,8840.414142214271,5416.414142214275,27082.070711071377,2840.0,568,529,0.9313380281690141,39,0,534,10,10,10,1,1,1799.884300200949,4688.288812440222,432.90250433030224,8526.146609986376,40,0.4674188330027391
replacement_aware_clear_probe,634,11,8,11,1.0,True,841.3896261236503,9255.285887360153,5773.285887360152,28866.429436800772,2885.0,577,534,0.925476603119584,43,0,542,11,11,11,10,10,2739.60255195993,4920.8967407864975,3385.2496923468634,8396.97308298661,260,0.4678434639936313
replacement_aware_clear_probe,635,12,3,12,1.0,True,707.266369722861,8487.196436674332,5263.196436674334,26315.982183371674,2665.0,533,487,0.9136960600375235,46,0,499,12,12,12,2,2,2237.488428858739,4970.38002999966,2419.050998639071,8246.838088004457,180,0.45520348099671537
replacement_aware_clear_probe,636,11,4,11,1.0,True,732.5998727279748,8058.598600007723,5477.598600007724,27387.993000038627,2135.0,427,386,0.9039812646370023,41,0,391,11,11,11,6,6,556.7374460004381,3571.340819209781,517.8570289316795,8058.598600007723,40,0.7031080960005056
replacement_aware_clear_probe,637,13,7,13,1.0,True,685.1804657314073,8907.346054508294,5926.346054508295,29631.73027254149,2460.0,492,448,0.9105691056910569,44,0,456,13,13,13,7,7,1883.938970617383,6335.420285301468,437.26729458066313,8500.75098243104,40,0.5768602969983476
replacement_aware_clear_probe,638,15,11,15,1.0,True,624.2089634255826,9363.13445138374,6432.134451383735,32160.672256918686,2410.0,482,432,0.8962655601659751,50,0,446,15,15,15,17,17,2804.850558025278,8822.106537344383,755.5458252753643,9363.13445138374,60,0.5958843660046114
replacement_aware_clear_probe,639,15,9,15,1.0,True,670.3238869855228,10054.858304782842,6964.858304782841,34824.29152391422,2545.0,509,457,0.8978388998035364,52,0,470,15,15,15,14,14,2248.3402621535624,7432.55203907528,441.2690038963693,10054.858304782842,40,0.560300424003799
replacement_aware_clear_probe,640,10,6,10,1.0,True,879.4792850163612,8794.792850163612,5415.792850163613,27078.964250818084,2805.0,561,522,0.93048128342246,39,0,524,10,10,10,11,11,253.63999999999996,878.5999999999999,1277.4023992909492,8794.792850163612,99,0.5719779260034557
replacement_aware_clear_probe,641,13,5,13,1.0,True,670.2147970733129,8712.792361953067,5922.792361953066,29613.96180976534,2300.0,460,413,0.8978260869565218,47,0,425,13,13,13,3,3,1375.7336595663185,6124.681554161009,496.8219570252413,8712.792361953067,40,0.558447001996683
replacement_aware_clear_probe,642,15,9,15,1.0,True,600.7361555118276,9011.042332677414,6497.042332677414,32485.211663387083,2060.0,412,353,0.8567961165048543,59,0,379,15,15,15,11,11,1078.2485181599577,7263.783386753587,676.7668892701587,8386.671996323295,60,0.6363232410003548
replacement_aware_clear_probe,643,14,9,14,1.0,True,662.5099530388295,9275.139342543613,6317.13934254361,31585.69671271807,2440.0,488,438,0.8975409836065574,50,0,448,14,14,14,7,7,1993.0822301301528,7894.088113469413,488.6429779863561,9275.139342543613,40,0.6919085269983043
replacement_aware_clear_probe,644,13,8,13,1.0,True,658.3555674738885,8558.622377160551,5866.62237716055,29333.11188580276,2220.0,444,398,0.8963963963963963,46,0,407,13,13,13,6,6,2300.3675523922643,7395.337200024956,781.2484608651022,8558.622377160551,60,0.5755287400024827
replacement_aware_clear_probe,645,11,6,11,1.0,True,835.7313944753222,9193.045339228544,5837.045339228544,29185.22669614273,2780.0,556,511,0.9190647482014388,45,0,521,11,11,11,9,9,1485.1882424102987,3388.2276826450484,2652.99380928907,9193.045339228544,200,0.48411472200677963
replacement_aware_clear_probe,646,14,12,14,1.0,True,676.9647845948515,9477.506984327922,6444.506984327919,32222.534921639613,2500.0,500,447,0.894,53,0,463,14,14,14,16,16,2126.606763597771,6339.960383432121,2349.299173289914,9477.506984327922,179,0.5536835480015725
replacement_aware_clear_probe,647,15,9,15,1.0,True,621.2678842215414,9319.018263323122,6293.018263323126,31465.09131661564,2490.0,498,441,0.8855421686746988,57,0,461,15,15,15,12,12,1773.9247239989822,8310.869618750861,2346.210120383432,9319.018263323122,180,0.5791706389936735
replacement_aware_clear_probe,648,15,5,15,1.0,True,547.8227999607146,8217.341999410719,5753.341999410721,28766.709997053615,2020.0,404,354,0.8762376237623762,50,0,369,15,15,15,5,5,1542.6340938366577,4044.725731892951,749.4301140013082,8217.341999410719,57,0.8077871429995866
replacement_aware_clear_probe,649,12,6,12,1.0,True,746.3315585007977,8955.978702009572,5823.978702009568,29119.893510047856,2590.0,518,470,0.9073359073359073,48,0,482,12,12,12,6,6,2286.6551317917765,6218.116438570382,793.3152122300833,8955.978702009572,60,0.4956210770033067
replacement_aware_clear_probe,650,12,5,12,1.0,True,699.9187892605192,8399.025471126231,5489.025471126232,27445.127355631175,2405.0,481,436,0.9064449064449065,45,0,445,12,12,12,6,6,1476.7519214682222,3682.1115529428766,1555.718210427573,6057.8633792608925,120,0.5229877820020192
replacement_aware_clear_probe,651,10,5,10,1.0,True,848.272505567721,8482.72505567721,5348.725055677211,26743.62527838607,2600.0,520,483,0.9288461538461539,37,0,484,10,10,10,4,4,975.0657132300042,5722.32856615002,1235.7987707256284,8305.78680616854,99,0.5447326809953665
replacement_aware_clear_probe,652,11,7,11,1.0,True,853.0489911029171,9383.538902132088,6212.538902132085,31062.694510660433,2625.0,525,490,0.9333333333333333,35,0,491,11,11,11,8,8,1782.9202870086394,4871.13199701463,1628.476894041,9383.538902132088,115,0.5264952819998143
replacement_aware_clear_probe,653,15,7,15,1.0,True,592.071392342062,8881.07088513093,5956.07088513093,29780.35442565466,2405.0,481,420,0.8731808731808732,61,0,445,15,15,15,7,7,2245.4008049820322,5871.555016416186,2345.8955377293696,8881.07088513093,180,0.5471754139944096
replacement_aware_clear_probe,654,15,8,15,1.0,True,684.0765778415695,10261.148667623542,7327.148667623541,36635.74333811773,2415.0,483,429,0.8881987577639752,54,0,444,15,15,15,13,13,2146.1542862367132,7509.166243990916,1246.7294824899593,10261.148667623542,99,0.6094896940048784
replacement_aware_clear_probe,655,16,11,16,1.0,True,547.4372373995068,8758.995798392109,5874.995798392108,29374.97899196055,2365.0,473,412,0.8710359408033826,61,0,439,16,16,16,15,15,1835.6691987286308,6146.04170105643,539.2365111876431,8758.995798392109,40,0.5338689249983872
replacement_aware_clear_probe,656,15,8,15,1.0,True,680.5196843130354,10207.795264695531,7013.795264695534,35068.97632347768,2630.0,526,461,0.876425855513308,65,0,489,15,15,15,10,10,2276.8467419970234,5643.1033238621785,1286.3891149355945,10207.795264695531,96,0.5908677039988106
replacement_aware_clear_probe,657,14,8,14,1.0,True,589.0306476176886,8246.42906664764,5662.42906664764,28312.145333238215,2125.0,425,370,0.8705882352941177,55,0,389,14,14,14,12,12,979.6578203572834,2946.706227640157,732.3799857524742,7514.250101162429,60,0.6927305010030977
replacement_aware_clear_probe,658,11,8,11,1.0,True,827.2111560373701,9099.32271641107,6008.322716411072,30041.61358205537,2560.0,512,474,0.92578125,38,0,476,11,11,11,10,10,1798.665503574641,4984.596221088433,2619.8397329218574,9046.32271641107,197,0.5631277689972194
replacement_aware_clear_probe,659,15,9,15,1.0,True,675.5810635897644,10133.715953846466,7412.715953846463,37063.579769232325,2235.0,447,391,0.8747203579418344,56,0,411,15,15,15,8,8,2127.2376839695767,8368.12410080188,512.0659762375957,10133.715953846466,40,0.6799915299998247
replacement_aware_clear_probe,660,10,2,10,1.0,True,876.1013941971972,8761.013941971973,5598.013941971972,27990.069709859865,2625.0,525,482,0.9180952380952381,43,0,488,10,10,10,1,1,1050.38296488221,5050.9044660421405,707.1934242850425,8761.013941971973,59,0.5880018550014938
replacement_aware_clear_probe,661,11,4,11,1.0,True,857.316245471749,9430.478700189238,5925.478700189239,29627.393500946204,2905.0,581,537,0.9242685025817556,44,0,545,11,11,11,2,2,2717.8196734387698,5927.919381615523,1300.9295559627685,9430.478700189238,100,0.4901435470019351
replacement_aware_clear_probe,662,15,8,15,1.0,True,562.7015818852766,8440.52372827915,5803.5237282791495,29017.61864139577,2165.0,433,384,0.8868360277136259,49,0,397,15,15,15,10,10,2000.674287749487,6165.30671785849,1050.1959614918323,8273.25244557393,80,0.5914020130003337
replacement_aware_clear_probe,663,15,6,15,1.0,True,590.414828070485,8856.222421057275,6045.222421057273,30226.112105286385,2310.0,462,410,0.8874458874458875,52,0,426,15,15,15,7,7,1587.7911319849527,4998.029803326371,684.2834187639904,8856.222421057275,60,0.5153254609977012
replacement_aware_clear_probe,664,16,7,16,1.0,True,541.3366189229322,8661.385902766915,6208.385902766914,31041.929513834577,2005.0,401,339,0.8453865336658354,62,0,368,16,16,16,6,6,1737.8041960266012,7278.387723481434,501.69152354266157,8661.385902766915,40,0.6240055759990355
replacement_aware_clear_probe,665,14,7,14,1.0,True,629.5219615434345,8813.307461608083,6103.307461608081,30516.537308040413,2230.0,446,399,0.8946188340807175,47,0,410,14,14,14,5,5,1706.881713199276,4713.887846150333,757.8256164141277,8813.307461608083,60,0.5653682170013781
replacement_aware_clear_probe,666,13,8,13,1.0,True,703.4596740291274,9144.975762378657,5922.9757623786545,29614.878811893293,2660.0,532,480,0.9022556390977443,52,0,497,13,13,13,9,9,1846.9369880706213,7830.988091939036,745.4604442727779,9144.975762378657,60,0.5948475760014844
replacement_aware_clear_probe,667,10,3,10,1.0,True,890.8576548522072,8908.576548522073,5469.5765485220745,27347.882742610385,2855.0,571,535,0.9369527145359019,36,0,534,10,10,10,6,6,2129.7815115491,5148.88426203712,716.255450792809,8908.576548522073,60,0.494210753000516
replacement_aware_clear_probe,668,13,3,13,1.0,True,610.4874796914605,7936.337235988986,5231.337235988988,26156.68617994495,2230.0,446,394,0.8834080717488789,52,0,410,13,13,13,1,1,1360.6028298849585,6182.527638783645,817.9908395914467,6478.482130251468,60,0.5467603360011708
replacement_aware_clear_probe,669,12,7,12,1.0,True,750.337353833298,9004.048245999576,6114.0482459995765,30570.241229997897,2390.0,478,435,0.9100418410041841,43,0,440,12,12,12,8,8,1688.204348273527,7789.385997124976,468.66940165925735,9004.048245999576,40,0.6117599939971115
replacement_aware_clear_probe,670,14,7,14,1.0,True,687.7245651733914,9628.14391242748,6638.1439124274775,33190.7195621374,2465.0,493,442,0.896551724137931,51,0,455,14,14,14,9,9,2519.630800397185,8136.658165874108,484.0792893958326,9628.14391242748,40,0.6263756580010522
replacement_aware_clear_probe,671,16,9,16,1.0,True,572.5081562300445,9160.130499680712,6151.130499680716,30755.65249840359,2470.0,494,429,0.868421052631579,65,0,459,16,16,16,19,19,1078.853096098536,4661.713255411281,1208.8770815184153,9160.130499680712,98,0.5403523080021841
replacement_aware_clear_probe,672,10,7,10,1.0,True,953.7304222176463,9537.304222176463,5954.304222176464,29771.52111088233,2975.0,595,557,0.9361344537815126,38,0,558,10,10,10,11,11,1655.7803837079196,5759.161553879102,1565.4595877209429,9537.304222176463,119,0.48908312199637294
replacement_aware_clear_probe,673,14,5,14,1.0,True,567.1511554168693,7940.11617583617,5421.116175836169,27105.580879180856,2070.0,414,358,0.8647342995169082,56,0,379,14,14,14,4,4,967.2684401179707,3040.1102464511155,513.461021678135,7451.5117890754245,40,0.5290275820007082
replacement_aware_clear_probe,674,13,5,13,1.0,True,626.5376684015472,8144.989689220113,5824.989689220114,29124.948446100585,1910.0,382,335,0.8769633507853403,47,0,345,13,13,13,6,6,471.9631650366263,2113.2322412402305,778.6063774903422,7588.37102900687,60,0.652256278997811
replacement_aware_clear_probe,675,11,8,11,1.0,True,921.0469558376659,10131.516514214325,6728.516514214324,33642.58257107163,2820.0,564,527,0.9343971631205674,37,0,528,11,11,11,9,9,2100.368726815454,5901.876374622053,713.4231946346877,10131.516514214325,60,0.6153560269958689
replacement_aware_clear_probe,676,10,5,10,1.0,True,844.5203716417216,8445.203716417216,5366.203716417216,26831.018582086093,2555.0,511,469,0.9178082191780822,42,0,474,10,10,10,6,6,655.0182258253448,2700.248075670638,1063.6102265742206,8445.203716417216,80,0.5665478270020685
replacement_aware_clear_probe,677,15,6,15,1.0,True,555.7842163589703,8336.763245384554,5813.7632453845545,29068.816226922783,2070.0,414,359,0.8671497584541062,55,0,378,15,15,15,9,9,1442.3622364526811,4211.403286925574,737.4194395367427,8336.763245384554,59,0.7010631750017637
replacement_aware_clear_probe,678,10,8,10,1.0,True,904.7813234843941,9047.813234843941,5576.813234843942,27884.066174219715,2880.0,576,542,0.9409722222222222,34,0,541,10,10,10,9,9,2867.6511678988327,5197.488432156952,1562.0197099584477,8988.813234843941,118,0.4840539670040016
replacement_aware_clear_probe,679,15,7,15,1.0,True,605.5049642865717,9082.574464298576,6049.574464298572,30247.872321492876,2495.0,499,444,0.8897795591182365,55,0,463,15,15,15,10,10,2154.908708472338,8181.761425898154,2079.0926324392353,9082.574464298576,157,0.5980070360019454
replacement_aware_clear_probe,680,14,7,14,1.0,True,641.5363671368226,8981.509139915517,5893.50913991552,29467.545699577608,2545.0,509,456,0.8958742632612967,53,0,473,14,14,14,8,8,2380.275150424904,6403.853550891704,486.8563173946062,8981.509139915517,40,0.5639362700021593
replacement_aware_clear_probe,681,13,11,13,1.0,True,690.5350593639224,8976.95577173099,5995.955771730989,29979.778858654943,2460.0,492,447,0.9085365853658537,45,0,456,13,13,13,15,15,1207.068720267885,5434.450875812981,2000.4678034018687,8449.635580838827,158,0.5425372930039885
replacement_aware_clear_probe,682,14,5,14,1.0,True,624.7088616812041,8745.924063536857,6084.924063536856,30424.620317684297,2190.0,438,389,0.8881278538812786,49,0,401,14,14,14,7,7,863.9550962941194,3636.3453269527186,512.8323472019091,8745.924063536857,40,0.6147815510048531
replacement_aware_clear_probe,683,13,7,13,1.0,True,706.5111803093423,9184.64534402145,6041.645344021447,30208.226720107246,2595.0,519,471,0.9075144508670521,48,0,483,13,13,13,7,7,2267.327079159966,7483.019722706738,456.9725265759462,9184.64534402145,40,0.6296481120007229
replacement_aware_clear_probe,684,13,8,13,1.0,True,785.7325941956798,10214.523724543837,6831.523724543831,34157.618622719165,2795.0,559,508,0.9087656529516994,51,0,523,13,13,13,15,15,1810.7472631456296,6684.811108626909,4246.318233074747,10214.523724543837,307,0.47619903199665714
replacement_aware_clear_probe,685,12,7,12,1.0,True,711.9232056829305,8543.078468195166,5676.078468195166,28380.392340975846,2370.0,474,433,0.9135021097046413,41,0,437,12,12,12,8,8,1074.031910028453,5976.102083570177,514.5468308804536,7933.601038167861,40,0.5673070440025185
replacement_aware_clear_probe,686,14,9,14,1.0,True,573.221724086521,8025.104137211295,5320.104137211297,26600.520686056487,2225.0,445,397,0.8921348314606742,48,0,410,14,14,14,7,7,1548.4711170836167,5767.44068540128,1767.5893479770382,7990.104137211295,132,0.6839822609981638
replacement_aware_clear_probe,687,13,6,13,1.0,True,723.166331021799,9401.162303283387,6126.162303283386,30630.811516416932,2705.0,541,494,0.9131238447319778,47,0,505,13,13,13,5,5,2917.3170751227403,8817.699367270272,411.4158797648267,9401.162303283387,40,0.551030577000347
replacement_aware_clear_probe,688,16,8,16,1.0,True,593.6811046186938,9498.8976738991,6765.8976738991005,33829.48836949551,2240.0,448,391,0.8727678571428571,57,0,413,16,16,16,8,8,2756.509172337134,5853.724659930136,726.5890602775535,9498.8976738991,60,0.6139033749932423
replacement_aware_clear_probe,689,14,4,14,1.0,True,566.6873915412723,7933.623481577812,5337.623481577812,26688.11740788907,2135.0,427,370,0.8665105386416861,57,0,391,14,14,14,2,2,1199.316894368337,4290.188390973481,454.74662459996216,6691.350840407777,40,0.6403582740022102
replacement_aware_clear_probe,690,12,5,12,1.0,True,702.5532503838969,8430.639004606763,5579.6390046067645,27898.19502303383,2355.0,471,425,0.9023354564755839,46,0,436,12,12,12,5,5,1550.200637497329,4223.280452230249,1099.0727302852417,8383.639004606763,80,0.49552078700071434
replacement_aware_clear_probe,691,15,9,15,1.0,True,598.5905865978115,8978.858798967172,6420.858798967173,32104.293994835865,2100.0,420,375,0.8928571428571429,45,0,383,15,15,15,9,9,1504.0001769273103,4287.492275028721,491.6933579419805,8978.858798967172,40,0.5598317600015434
replacement_aware_clear_probe,692,16,6,16,1.0,True,451.60821934311826,7225.731509489892,4970.731509489892,24853.657547449468,1840.0,368,306,0.8315217391304348,62,0,335,16,16,16,8,8,1118.1910288454947,4448.584683042266,1534.7934658005572,7225.731509489892,118,0.6250504139970872
replacement_aware_clear_probe,693,13,4,13,1.0,True,682.6127688117891,8873.965994553258,5800.965994553259,29004.829972766307,2535.0,507,453,0.893491124260355,54,0,473,13,13,13,8,8,1431.47193369383,4969.944711213743,781.9817787141262,8873.965994553258,60,0.47993138099991484
replacement_aware_clear_probe,694,15,10,15,1.0,True,594.2722602767897,8914.083904151845,5869.083904151845,29345.419520759242,2505.0,501,449,0.8962075848303394,52,0,465,15,15,15,9,9,2512.087957639505,7757.7568663342245,2390.6472541071594,8914.083904151845,177,0.5366182349971496
replacement_aware_clear_probe,695,12,6,12,1.0,True,746.6947202892635,8960.336643471162,5784.336643471162,28921.683217355818,2625.0,525,479,0.9123809523809524,46,0,491,12,12,12,6,6,2147.547965761897,6320.3819132784565,1217.1742445768973,8960.336643471162,100,0.5103668240044499
replacement_aware_clear_probe,696,11,6,11,1.0,True,815.7455965370602,8973.201561907663,5750.201561907667,28751.00780953835,2670.0,534,492,0.9213483146067416,42,0,498,11,11,11,8,8,1732.8685436023088,6149.646419296351,804.8306573010982,8973.201561907663,60,0.5877724129968556
replacement_aware_clear_probe,697,11,8,11,1.0,True,823.6422375780617,9060.064613358678,5663.064613358679,28315.323066793408,2815.0,563,524,0.9307282415630551,39,0,527,11,11,11,12,12,2549.209275641473,5596.555440267622,503.15451937376656,9060.064613358678,40,0.5561771770007908
replacement_aware_clear_probe,698,16,8,16,1.0,True,621.9659518297963,9951.45522927674,7113.455229276741,35567.27614638371,2330.0,466,396,0.8497854077253219,70,0,428,16,16,16,14,14,1642.4010779551636,6062.5631638426985,2560.563884828972,9951.45522927674,189,0.5900204810022842
replacement_aware_clear_probe,699,12,6,12,1.0,True,737.1317403265894,8845.580883919072,5743.58088391907,28717.904419595354,2565.0,513,470,0.9161793372319688,43,0,477,12,12,12,7,7,1555.2495143230142,7226.818464329886,534.5728532394794,8560.788253532777,40,0.4743376080004964
replacement_aware_clear_probe,700,11,7,11,1.0,True,786.3525168275522,8649.877685103074,5527.877685103073,27639.388425515375,2585.0,517,473,0.9148936170212766,44,0,482,11,11,11,6,6,1605.5526340109673,6087.916956106666,504.35072522046477,8412.33993083793,40,0.6122198769953684
replacement_aware_clear_probe,701,15,6,15,1.0,True,581.6520519625136,8724.780779437704,6097.780779437702,30488.903897188524,2155.0,431,380,0.8816705336426914,51,0,397,15,15,15,5,5,2684.0633224870235,6276.628975247848,1218.9943858066852,8724.780779437704,100,0.5859958950022701
replacement_aware_clear_probe,702,16,9,16,1.0,True,564.1510427415116,9026.416683864185,6390.416683864185,31952.083419320934,2160.0,432,378,0.875,54,0,396,16,16,16,9,9,2423.599952923511,6818.2632264833155,715.4392883193784,9026.416683864185,60,0.6304285489968606
replacement_aware_clear_probe,703,10,2,10,1.0,True,909.2968302706835,9092.968302706835,5659.968302706833,28299.84151353416,2850.0,570,534,0.9368421052631579,36,0,533,10,10,10,3,3,2046.9633450275924,4646.404708062132,2060.957873362565,9092.968302706835,160,0.48680518999753986
replacement_aware_clear_probe,704,16,10,16,1.0,True,538.7638430635958,8620.221489017533,6051.221489017532,30256.107445087666,2105.0,421,368,0.8741092636579573,53,0,384,16,16,16,7,7,1922.387008078361,6500.218042969344,426.56160099830373,8620.221489017533,40,0.6948386570002185
replacement_aware_clear_probe,705,16,7,16,1.0,True,472.92906091847294,7566.864974695567,5785.864974695568,28929.324873477854,1445.0,289,237,0.8200692041522492,52,0,256,16,16,16,6,6,676.7794255781532,4418.809081804007,783.0692358928579,7566.864974695567,59,0.9811213439970743
replacement_aware_clear_probe,706,14,8,14,1.0,True,660.8013743656429,9251.219241119,6450.219241118998,32251.096205595,2305.0,461,409,0.8872017353579176,52,0,426,14,14,14,9,9,1341.2742309376324,4883.112960555825,792.1817918923628,9251.219241119,60,0.4729278700033319
replacement_aware_clear_probe,707,10,4,10,1.0,True,906.8844838788664,9068.844838788664,5656.844838788661,28284.22419394332,2830.0,566,529,0.9346289752650176,37,0,532,10,10,10,5,5,2262.1602889079604,4389.545979784741,2602.435686080381,8832.684110986274,199,0.4842714620026527
replacement_aware_clear_probe,708,10,4,10,1.0,True,928.0586128216576,9280.586128216575,5870.586128216577,29352.930641082894,2830.0,566,529,0.9346289752650176,37,0,530,10,10,10,7,7,750.81108421027,2550.461443018734,446.4195130502053,9280.586128216575,40,0.56428309900366
replacement_aware_clear_probe,709,14,6,14,1.0,True,587.0837107797478,8219.171950916469,5658.1719509164695,28290.859754582365,2105.0,421,372,0.8836104513064132,49,0,386,14,14,14,7,7,1242.623486096313,5888.941206694112,413.35021014063864,7789.666089702061,40,0.5926455879962305
replacement_aware_clear_probe,710,13,8,13,1.0,True,746.7308818708291,9707.501464320778,6456.501464320775,32282.50732160389,2685.0,537,485,0.9031657355679702,52,0,501,13,13,13,10,10,2413.298759181953,7524.459329233864,2313.372654064505,9707.501464320778,177,0.54111005699815
replacement_aware_clear_probe,711,14,7,14,1.0,True,625.694814022606,8759.727396316484,5923.727396316486,29618.636981582433,2335.0,467,417,0.892933618843683,50,0,431,14,14,14,7,7,2594.6864700311626,6980.0270911723765,463.62692024626415,8094.783178870871,40,0.4950947149991407
replacement_aware_clear_probe,712,12,9,12,1.0,True,809.1162470873769,9709.394965048523,6092.394965048521,30461.974825242614,2995.0,599,552,0.9215358931552587,47,0,562,12,12,12,14,14,1990.2233312871547,5150.87997544586,5055.7470763279825,9709.394965048523,370,0.5045811969976057
replacement_aware_clear_probe,713,13,9,13,1.0,True,652.424554030248,8481.519202393225,5777.519202393227,28887.596011966143,2230.0,446,399,0.8946188340807175,47,0,409,13,13,13,10,10,588.7769725831874,1691.7279938785778,489.3663762238719,8343.109280455548,40,0.6186371209987556
replacement_aware_clear_probe,714,16,9,16,1.0,True,647.9571215955683,10367.313945529093,7356.313945529095,36781.569727645474,2475.0,495,430,0.8686868686868687,65,0,456,16,16,16,11,11,2429.27867147936,7935.136328714058,486.1821745643608,10367.313945529093,40,0.5945491179954843
replacement_aware_clear_probe,715,14,9,14,1.0,True,658.2853246029678,9215.994544441548,6271.994544441547,31359.972722207745,2425.0,485,437,0.9010309278350516,48,0,449,14,14,14,10,10,2886.643216294035,7766.632198183395,1273.629446670126,9215.994544441548,99,0.5190360269989469
replacement_aware_clear_probe,716,11,4,11,1.0,True,883.8400593397718,9722.24065273749,6387.240652737489,31936.20326368744,2765.0,553,518,0.9367088607594937,35,0,515,11,11,11,4,4,1075.8805129546054,3202.8571285001317,509.20990052762716,9722.24065273749,40,0.5699147429986624
replacement_aware_clear_probe,717,11,9,11,1.0,True,870.1082518610073,9571.19077047108,6391.190770471078,31955.953852355407,2635.0,527,490,0.9297912713472486,37,0,490,11,11,11,9,9,2339.0568851855305,6164.742017698922,2351.6951258375298,9571.19077047108,175,0.5161662999962573
replacement_aware_clear_probe,718,12,4,12,1.0,True,714.0492588022803,8568.591105627364,5622.591105627362,28112.95552813681,2435.0,487,445,0.9137577002053389,42,0,451,12,12,12,3,3,2157.738005294598,5473.979542457858,751.4868802749488,7952.393826146431,60,0.5649158999949577
replacement_aware_clear_probe,719,12,4,12,1.0,True,768.8031179620752,9225.637415544903,6144.637415544901,30723.187077724517,2550.0,510,466,0.9137254901960784,44,0,471,12,12,12,5,5,1625.6934327534218,7170.382050124351,1833.5610924948612,9225.637415544903,140,0.5179784089996247
replacement_aware_clear_probe,720,15,11,15,1.0,True,624.403402611662,9366.05103917493,6375.051039174931,31875.255195874666,2460.0,492,436,0.8861788617886179,56,0,456,15,15,15,11,11,3362.676884274465,7208.892559190331,2859.0610960318627,8659.41543033316,214,0.5447828839969588
replacement_aware_clear_probe,721,11,2,11,1.0,True,760.592175090226,8366.513925992485,5532.5139259924845,27662.569629962436,2345.0,469,429,0.9147121535181236,40,0,434,11,11,11,2,2,809.2213525804389,3082.1592315053394,416.31618488989494,7576.203901608952,40,0.6816485409945017
replacement_aware_clear_probe,722,14,6,14,1.0,True,590.7771328670017,8270.879860138024,5909.879860138025,29549.399300690133,1940.0,388,339,0.8737113402061856,49,0,351,14,14,14,9,9,730.2986595876145,3746.793758206065,485.9810381050395,6097.749482785342,40,0.7116124780004611
replacement_aware_clear_probe,723,14,5,14,1.0,True,621.1949714699734,8696.729600579629,6136.729600579627,30683.64800289814,2105.0,421,371,0.8812351543942993,50,0,385,14,14,14,6,6,573.6300758082846,2833.5140304855086,488.5502032777383,7975.765367411472,40,0.643181903004006
replacement_aware_clear_probe,724,15,5,15,1.0,True,597.5187982503347,8962.781973755022,5867.781973755023,29338.90986877512,2550.0,510,455,0.8921568627450981,55,0,470,15,15,15,8,8,1402.0031992970835,5609.297892664698,1079.43282154469,8962.781973755022,80,0.5037994830054231
replacement_aware_clear_probe,725,10,6,10,1.0,True,1040.3255015594275,10403.255015594275,6804.255015594274,34021.275077971375,2990.0,598,566,0.9464882943143813,32,0,559,10,10,10,4,4,3101.984993332358,6904.918246446566,1061.4951232226258,10403.255015594275,80,0.4629555790015729
replacement_aware_clear_probe,726,12,6,12,1.0,True,745.0722446460187,8940.866935752225,6072.866935752227,30364.334678761148,2370.0,474,433,0.9135021097046413,41,0,438,12,12,12,3,3,1759.4933571659137,4399.260505946898,702.9493599864218,8940.866935752225,60,0.6380165130030946
replacement_aware_clear_probe,727,14,8,14,1.0,True,646.0830551418888,9045.162771986445,6141.1627719864455,30705.81385993224,2390.0,478,426,0.891213389121339,52,0,444,14,14,14,10,10,2061.6500618456803,3481.1521327663463,2786.768195626594,9045.162771986445,220,0.654503935998946
replacement_aware_clear_probe,728,10,7,10,1.0,True,959.9376430955281,9599.37643095528,5907.376430955281,29536.88215477641,3065.0,613,565,0.9216965742251223,48,0,577,10,10,10,13,13,1572.5123294619548,5893.761647309773,2365.613848414318,9599.37643095528,177,0.5371034940035315
replacement_aware_clear_probe,729,15,8,15,1.0,True,589.797275506282,8846.95913259423,5885.959132594228,29429.79566297115,2435.0,487,429,0.8809034907597536,58,0,451,15,15,15,11,11,2602.878582897844,7382.270433594871,2089.7688767802606,8498.324334975574,157,0.5512103660003049
replacement_aware_clear_probe,730,12,4,12,1.0,True,733.1919969466927,8798.303963360313,5529.303963360312,27646.519816801563,2705.0,541,494,0.9131238447319778,47,0,504,12,12,12,5,5,1739.1831914470022,5474.909266325336,702.4067221859788,8798.303963360313,60,0.5294706280037644
replacement_aware_clear_probe,731,15,6,15,1.0,True,630.9858189689462,9464.787284534194,6673.787284534191,33368.936422670966,2295.0,459,398,0.8671023965141612,61,0,421,15,15,15,11,11,1511.8107550333937,6327.395287758769,746.5951827082478,9464.787284534194,60,0.631452966001234
replacement_aware_clear_probe,732,15,11,15,1.0,True,641.838123629023,9627.571854435346,6181.571854435345,30907.859272176738,2840.0,568,508,0.8943661971830986,60,0,531,15,15,15,18,18,2139.425435727372,6580.668501726511,1856.0390272780214,9627.571854435346,139,0.5252455539957737
replacement_aware_clear_probe,733,13,4,13,1.0,True,600.546719183575,7807.107349386475,5028.107349386475,25140.536746932383,2290.0,458,406,0.8864628820960698,52,0,424,13,13,13,2,2,1319.0155066913221,4650.8625538655615,1098.2059039699418,7571.624147479834,78,0.5572160110023106
replacement_aware_clear_probe,734,15,6,15,1.0,True,598.7400242139133,8981.1003632087,6057.100363208696,30285.501816043485,2400.0,480,413,0.8604166666666667,67,0,449,15,15,15,9,9,1640.600705037841,5336.5372361477275,3141.234300215748,8981.1003632087,231,0.5758882950030966
replacement_aware_clear_probe,735,13,5,13,1.0,True,653.8266003369467,8499.745804380307,5564.745804380309,27823.72902190155,2420.0,484,435,0.8987603305785123,49,0,450,13,13,13,9,9,1321.734163621165,5630.192393851207,463.8938944809663,8499.745804380307,40,0.6897695920051774
replacement_aware_clear_probe,736,12,3,12,1.0,True,697.9841283922309,8375.80954070677,5765.80954070677,28829.047703533866,2155.0,431,387,0.8979118329466357,44,0,395,12,12,12,4,4,1435.3438034325188,4651.182976123074,452.5293662557156,7202.986917790283,40,0.8660169439972378
replacement_aware_clear_probe,737,10,5,10,1.0,True,890.2169438671178,8902.169438671179,5931.169438671176,29655.847193355894,2465.0,493,465,0.9432048681541582,28,0,456,10,10,10,4,4,1940.5784720672953,6741.31208489611,696.7259632446611,7451.91836344164,60,0.6677782929982641
replacement_aware_clear_probe,738,16,5,16,1.0,True,486.7756011711686,7788.409618738698,5181.4096187387,25907.048093693495,2130.0,426,366,0.8591549295774648,60,0,397,16,16,16,7,7,1767.4618926051817,4531.508589984547,1307.9248904005638,7788.409618738698,99,0.5969207230009488
replacement_aware_clear_probe,739,11,6,11,1.0,True,810.1820384317011,8912.002422748712,5810.002422748713,29050.01211374358,2570.0,514,475,0.9241245136186771,39,0,477,11,11,11,8,8,1000.9628196896206,7476.804199591508,466.22719632517897,8717.141803428294,40,0.6913628979964415
replacement_aware_clear_probe,740,14,8,14,1.0,True,614.4908922803301,8602.872491924621,5647.872491924619,28239.362459623106,2435.0,487,431,0.8850102669404517,56,0,450,14,14,14,7,7,1350.649144451984,5812.296635116532,506.81746038831284,8294.770264116296,40,0.5982529799948679
replacement_aware_clear_probe,741,11,4,11,1.0,True,748.1964345524949,8230.160780077444,5197.1607800774445,25985.803900387225,2510.0,502,466,0.9282868525896414,36,0,468,11,11,11,1,1,1514.8658136676393,6754.5961843580835,469.5563553109755,7791.727679967538,40,0.47901465999893844
replacement_aware_clear_probe,742,13,9,13,1.0,True,686.6897407906223,8926.96663027809,5532.96663027809,27664.833151390456,2805.0,561,512,0.9126559714795008,49,0,524,13,13,13,6,6,2706.6591853935824,6349.523761658356,772.7876609897877,8926.96663027809,60,0.4617948000013712
replacement_aware_clear_probe,743,15,8,15,1.0,True,544.5792663153693,8168.688994730539,5758.68899473054,28793.44497365271,1975.0,395,337,0.8531645569620253,58,0,360,15,15,15,7,7,1123.4014660095236,3420.9956369848414,764.4156694891913,8168.688994730539,60,0.6583554169992567
replacement_aware_clear_probe,744,12,9,12,1.0,True,764.8992589687368,9178.791107624842,5813.791107624839,29068.955538124203,2785.0,557,508,0.9120287253141831,49,0,520,12,12,12,13,13,1971.3089317949434,5976.988338123004,2628.362914250904,9178.791107624842,200,0.48952352999913273
replacement_aware_clear_probe,745,11,4,11,1.0,True,797.6692429397158,8774.361672336874,5468.361672336873,27341.808361684372,2740.0,548,509,0.9288321167883211,39,0,511,11,11,11,3,3,1425.1924386043775,5801.774987326656,1844.5092660637274,8774.361672336874,140,0.5000749140017433
replacement_aware_clear_probe,746,13,5,13,1.0,True,762.3968211452918,9911.158674888793,6860.15867488879,34300.793374443965,2520.0,504,458,0.9087301587301587,46,0,466,13,13,13,6,6,2940.971206939086,6973.826048650435,782.6123875528378,9911.158674888793,60,0.5893391399949905
replacement_aware_clear_probe,747,12,7,12,1.0,True,773.1179827706042,9277.41579324725,5959.415793247251,29797.07896623627,2745.0,549,505,0.9198542805100182,44,0,513,12,12,12,11,11,1901.124266288936,7479.98622197433,497.77163277309035,9277.41579324725,40,0.5458341960038524
replacement_aware_clear_probe,748,10,5,10,1.0,True,835.0234135464294,8350.234135464294,5555.234135464294,27776.170677321483,2320.0,464,436,0.9396551724137931,28,0,425,10,10,10,2,2,616.1980115721592,2536.322248142254,468.21159234673485,8350.234135464294,40,0.7132094360058545
replacement_aware_clear_probe,749,16,7,16,1.0,True,498.4207607455888,7974.7321719294205,5540.73217192942,27703.66085964711,1990.0,398,336,0.8442211055276382,62,0,364,16,16,16,11,11,1141.4383292016846,5023.369039220862,492.03769167884377,7974.7321719294205,40,0.6631678400008241
replacement_aware_clear_probe,750,12,3,12,1.0,True,692.2927143829075,8307.512572594891,5248.512572594891,26242.562862974464,2530.0,506,469,0.9268774703557312,37,0,469,12,12,12,4,4,1930.1729171509342,5275.977133231953,466.9220789495867,7959.165429671026,40,0.5051984050005558
replacement_aware_clear_probe,751,16,9,16,1.0,True,474.8516349044937,7597.6261584718995,5417.626158471901,27088.13079235951,1775.0,355,300,0.8450704225352113,55,0,325,16,16,16,7,7,1943.664826027868,6966.876317793601,767.1808689537118,7597.6261584718995,60,0.6353062350026448
replacement_aware_clear_probe,752,14,8,14,1.0,True,738.9106596062387,10344.749234487343,7101.7492344873435,35508.746172436724,2675.0,535,480,0.897196261682243,55,0,498,14,14,14,7,7,2993.882604292913,8194.11230731403,2063.2461122182476,10344.749234487343,159,0.6305006320035318
replacement_aware_clear_probe,753,16,8,16,1.0,True,531.3311868242065,8501.298989187304,5856.298989187304,29281.49494593654,2170.0,434,373,0.8594470046082949,61,0,395,16,16,16,9,9,1868.5127309366544,5709.135657958954,1273.1214442429732,8501.298989187304,97,0.7161381539990543
replacement_aware_clear_probe,754,11,6,11,1.0,True,803.933062291141,8843.263685202552,5691.263685202553,28456.318426012767,2610.0,522,485,0.9291187739463601,37,0,487,11,11,11,8,8,1608.6935941151896,7965.870361478399,694.385117039177,8237.116799054113,60,0.5426521490007872
replacement_aware_clear_probe,755,16,11,16,1.0,True,593.9014497966141,9502.423196745825,6788.4231967458245,33942.11598372912,2225.0,445,390,0.8764044943820225,55,0,409,16,16,16,12,12,1814.9720437649487,6056.258415631741,1806.4783689325634,9502.423196745825,137,0.5601251239932026
replacement_aware_clear_probe,756,13,11,13,1.0,True,705.8242080794708,9175.71470503312,5876.71470503312,29383.57352516561,2725.0,545,489,0.8972477064220183,56,0,509,13,13,13,12,12,2083.0091197523425,5756.828492993704,1597.942743428523,9175.71470503312,120,0.46523669700400205
replacement_aware_clear_probe,757,13,8,13,1.0,True,702.80597018127,9136.47761235651,6299.477612356508,31497.38806178256,2340.0,468,423,0.9038461538461539,45,0,432,13,13,13,7,7,1477.3618660996606,7945.020449898364,491.28967417429425,9136.47761235651,40,0.6276891870002146
replacement_aware_clear_probe,758,12,6,12,1.0,True,743.6782466402852,8924.138959683423,5757.138959683421,28785.694798417113,2620.0,524,477,0.9103053435114504,47,0,487,12,12,12,8,8,896.5662673974434,7619.279869113398,782.7590179729799,8001.095412223471,60,0.5877304969981196
replacement_aware_clear_probe,759,10,3,10,1.0,True,898.3057707419063,8983.057707419062,5772.057707419064,28860.28853709533,2665.0,533,499,0.9362101313320825,34,0,496,10,10,10,3,3,2021.9257804710069,7772.275438189105,496.8381289190514,8983.057707419062,40,0.6309393050032668
replacement_aware_clear_probe,760,11,9,11,1.0,True,824.2154643331095,9066.370107664205,5692.370107664202,28461.850538321018,2795.0,559,519,0.9284436493738819,40,0,524,11,11,11,12,12,2990.1074338815374,5870.123602834821,1490.373060511326,8460.965341873216,120,0.4968695469942759
replacement_aware_clear_probe,761,11,3,11,1.0,True,799.6706179893794,8796.376797883173,5879.37679788317,29396.883989415866,2415.0,483,442,0.9151138716356108,41,0,447,11,11,11,2,2,903.3617680096845,5748.179448106528,2377.027004078688,8796.376797883173,178,0.5758690680013387
replacement_aware_clear_probe,762,15,2,15,1.0,True,510.34859400583724,7655.228910087559,5469.22891008756,27346.144550437806,1790.0,358,307,0.8575418994413407,51,0,321,15,15,15,0,0,1501.334185224056,4604.040127196856,476.1037518660653,7473.717931375655,40,0.8167245509976055
replacement_aware_clear_probe,763,14,7,14,1.0,True,661.3522704196283,9258.931785874796,6363.931785874797,31819.658929373993,2385.0,477,425,0.8909853249475891,52,0,440,14,14,14,7,7,2100.492590938504,7398.46851549389,1233.6435634054192,9258.931785874796,100,0.7460902029997669
replacement_aware_clear_probe,764,15,7,15,1.0,True,714.196904327196,10712.953564907939,7810.9535649079335,39054.76782453968,2390.0,478,423,0.8849372384937239,55,0,437,15,15,15,10,10,1500.18639531322,7894.663183738729,488.71549517917765,10712.953564907939,40,0.6447410760010825
replacement_aware_clear_probe,765,10,6,10,1.0,True,943.51403502172,9435.1403502172,6014.140350217194,30070.70175108598,2840.0,568,529,0.9313380281690141,39,0,531,10,10,10,6,6,2774.9206560375856,7976.926187568239,709.0403670954375,9435.1403502172,60,0.5277889349963516
replacement_aware_clear_probe,766,12,7,12,1.0,True,741.6259160123218,8899.510992147862,5677.51099214786,28387.554960739304,2665.0,533,489,0.9174484052532833,44,0,497,12,12,12,6,6,1335.3829427512862,7617.413118087613,408.11996812921564,8029.454213434218,40,0.5382054050060106
replacement_aware_clear_probe,767,16,9,16,1.0,True,558.3028089248887,8932.84494279822,6189.844942798218,30949.224713991094,2250.0,450,397,0.8822222222222222,53,0,413,16,16,16,6,6,2276.0282718108747,7955.66459187718,710.9806180565035,8932.84494279822,60,0.6051402430020971
replacement_aware_clear_probe,768,10,6,10,1.0,True,910.3285345303027,9103.285345303027,5848.285345303029,29241.42672651515,2700.0,540,502,0.9296296296296296,38,0,505,10,10,10,7,7,1934.9943665047795,4673.858969516989,2000.4178714308518,9103.285345303027,155,0.530862388004607
replacement_aware_clear_probe,769,10,4,10,1.0,True,884.9754671795848,8849.754671795848,5522.7546717958485,27613.77335897926,2760.0,552,518,0.9384057971014492,33,1,517,10,10,10,4,4,2241.472003050112,8020.698462692012,772.116670361464,8590.100826843842,60,0.5491702699946472
replacement_aware_clear_probe,770,13,3,13,1.0,True,706.3763626728481,9182.892714747026,5932.892714747026,29664.46357373513,2685.0,537,490,0.9124767225325885,47,0,500,13,13,13,4,4,1482.1694020754596,5462.337597583583,473.94805407353573,9182.892714747026,40,0.5285900490052882
replacement_aware_clear_probe,771,13,10,13,1.0,True,731.9335373933135,9515.135986113075,5965.135986113076,29825.679930565402,2935.0,587,541,0.9216354344122658,46,0,550,13,13,13,13,13,1829.2725268560628,4956.282777942731,3370.5772932433556,9515.135986113075,255,0.4704189390031388
replacement_aware_clear_probe,772,10,6,10,1.0,True,816.941016682473,8169.4101668247295,5282.410166824731,26412.050834123667,2395.0,479,443,0.9248434237995825,36,0,442,10,10,10,5,5,912.3553359068522,4699.457534561729,515.5762170121842,6081.873861829651,40,0.624067576995003
replacement_aware_clear_probe,773,11,7,11,1.0,True,855.7736179233317,9413.509797156648,6061.509797156647,30307.54898578325,2780.0,556,516,0.9280575539568345,40,0,517,11,11,11,11,11,1867.9917635520994,7379.151490979666,761.5539569889567,9413.509797156648,60,0.5252642830018885
replacement_aware_clear_probe,774,12,6,12,1.0,True,747.25390142764,8967.04681713168,6016.0468171316825,30080.23408565842,2440.0,488,443,0.9077868852459017,45,0,451,12,12,12,8,8,1512.1637866314247,3882.4227451001284,673.4961475496809,8967.04681713168,60,0.6105013710039202
replacement_aware_clear_probe,775,13,9,13,1.0,True,715.9856088401376,9307.81291492179,5991.812914921785,29959.064574608936,2740.0,548,502,0.916058394160584,46,0,511,13,13,13,9,9,2851.1893965369018,8282.556432618807,2361.2659721265327,9307.81291492179,174,0.5932802180032013
replacement_aware_clear_probe,776,13,8,13,1.0,True,700.6975535947332,9109.068196731532,6177.068196731531,30885.340983657657,2420.0,484,436,0.9008264462809917,48,0,447,13,13,13,11,11,1373.2855254425488,6429.470615453969,401.53343648657307,9109.068196731532,40,0.6371394579982734
replacement_aware_clear_probe,777,11,6,11,1.0,True,775.2260359441174,8527.486395385291,5603.486395385289,28017.431976926462,2420.0,484,444,0.9173553719008265,40,0,449,11,11,11,8,8,677.2372103581856,5332.021298106723,510.5940079166593,7676.022603025047,40,0.5614231879953877
replacement_aware_clear_probe,778,10,3,10,1.0,True,875.0076176540231,8750.076176540231,5448.076176540232,27240.380882701178,2740.0,548,509,0.9288321167883211,39,0,512,10,10,10,3,3,1320.533727284696,5210.120213997774,401.74260381677755,8286.691471292017,40,0.5464092850015732
replacement_aware_clear_probe,779,14,7,14,1.0,True,629.2800632787546,8809.920885902564,6162.920885902564,30814.604429512838,2180.0,436,380,0.8715596330275229,56,0,397,14,14,14,8,8,695.2319619218033,4552.493446722838,763.5593264858928,8809.920885902564,60,0.7097924620029517
replacement_aware_clear_probe,780,11,7,11,1.0,True,859.095757524604,9450.053332770643,5784.053332770645,28920.26666385324,3040.0,608,557,0.9161184210526315,51,0,571,11,11,11,10,10,1675.6206994088227,6130.413846748525,2815.089541715161,9397.053332770643,219,0.4692153910000343
replacement_aware_clear_probe,781,11,5,11,1.0,True,793.5872335440639,8729.459568984703,5410.459568984703,27052.29784492353,2750.0,550,510,0.9272727272727272,40,0,514,11,11,11,6,6,2945.3537041354098,7654.346597934822,1801.6284823279689,8729.459568984703,140,0.4638592460032669
replacement_aware_clear_probe,782,15,8,15,1.0,True,589.1414138486955,8837.121207730432,6164.121207730431,30820.606038652168,2195.0,439,380,0.8656036446469249,59,0,403,15,15,15,13,13,1085.544630392181,5844.580315879558,1054.0959384610874,8837.121207730432,80,0.554306763006025
replacement_aware_clear_probe,783,14,10,14,1.0,True,742.2741719707126,10391.838407589976,6729.8384075899785,33649.1920379499,3025.0,605,554,0.915702479338843,51,0,567,14,14,14,9,9,2627.531887659751,8116.566858139164,1305.9566483514254,10391.838407589976,100,0.46893952199752675
replacement_aware_clear_probe,784,13,3,13,1.0,True,660.8174195807519,8590.626454549774,5579.626454549774,27898.132272748877,2485.0,497,447,0.8993963782696177,50,0,461,13,13,13,3,3,1553.5255645568132,5999.386474211627,1026.857297353713,8052.900060899624,80,0.6063416370016057
replacement_aware_clear_probe,785,14,8,14,1.0,True,727.2443723239319,10181.421212535046,6938.421212535046,34692.10606267523,2675.0,535,481,0.8990654205607477,54,0,498,14,14,14,16,16,1462.962804463721,5786.66034526867,3073.914679351404,10181.421212535046,228,0.5787471009971341
replacement_aware_clear_probe,786,16,8,16,1.0,True,506.42827545170553,8102.8524072272885,5582.8524072272885,27914.262036136446,2060.0,412,350,0.8495145631067961,62,0,380,16,16,16,9,9,1520.6118838214236,4990.360626757793,1514.0436504630898,8102.8524072272885,117,0.5963307470010477
replacement_aware_clear_probe,787,12,7,12,1.0,True,781.1198309219303,9373.437971063164,6223.4379710631665,31117.18985531584,2605.0,521,476,0.9136276391554703,45,0,485,12,12,12,8,8,2483.519897230775,6985.239724827746,482.52986422290087,9373.437971063164,40,0.5600970259984024
replacement_aware_clear_probe,788,14,10,14,1.0,True,668.0278431659445,9352.389804323224,6397.389804323223,31986.949021616125,2435.0,487,440,0.9034907597535934,47,0,450,14,14,14,11,11,1346.5177874686815,4424.326055159596,483.8261113775005,9352.389804323224,40,0.6173808769963216
replacement_aware_clear_probe,789,13,7,13,1.0,True,692.2064934262999,8998.684414541898,6090.684414541899,30453.422072709494,2400.0,480,432,0.9,48,0,443,13,13,13,9,9,1936.9024257782044,6146.440698939801,1312.5391227427695,8998.684414541898,100,0.5186228980019223
replacement_aware_clear_probe,790,15,10,15,1.0,True,602.013177228507,9030.197658427604,5984.1976584276,29920.98829213801,2505.0,501,448,0.8942115768463074,53,0,466,15,15,15,7,7,3139.841002057821,8294.281136823056,739.4677171011999,8732.466688431823,60,0.525410884001758
replacement_aware_clear_probe,791,15,7,15,1.0,True,551.9906897028012,8279.860345542018,5874.860345542018,29374.3017277101,1970.0,394,337,0.8553299492385786,57,0,360,15,15,15,4,4,2114.580142418675,5826.092016043827,691.2053744345872,8279.860345542018,60,0.7130390790043748
replacement_aware_clear_probe,792,14,9,14,1.0,True,641.156598531731,8976.192379444234,5979.192379444233,29895.96189722118,2470.0,494,446,0.902834008097166,48,0,457,14,14,14,7,7,2561.004526297821,6156.808884059771,2025.1830303136376,8976.192379444234,154,0.6041977360000601
replacement_aware_clear_probe,793,16,8,16,1.0,True,552.6590145421794,8842.54423267487,6052.5442326748735,30262.721163374375,2290.0,458,386,0.8427947598253275,72,0,420,16,16,16,13,13,950.3935104917713,4884.6546859119935,468.5015001351986,8842.54423267487,40,0.5827239069985808
replacement_aware_clear_probe,794,12,4,12,1.0,True,718.9812800511926,8627.77536061431,5417.775360614309,27088.876803071566,2655.0,531,485,0.9133709981167608,46,0,495,12,12,12,5,5,2479.75148418607,5579.6674971112125,732.2590231907504,8324.632228602688,60,0.5331540109982598
replacement_aware_clear_probe,795,13,7,13,1.0,True,709.4130747544799,9222.369971808239,6235.369971808238,31176.849859041195,2465.0,493,447,0.9066937119675457,46,0,457,13,13,13,8,8,2226.398941943997,6803.773293819297,785.5808240475375,8826.372744933575,59,0.6170190110060503
replacement_aware_clear_probe,796,14,4,14,1.0,True,591.3677241478866,8279.148138070414,5887.148138070415,29435.740690352082,1965.0,393,341,0.8676844783715013,52,0,357,14,14,14,4,4,1162.9580307162264,4145.688447053464,475.0661184349789,8034.038845305754,40,0.705806867001229
replacement_aware_clear_probe,797,14,8,14,1.0,True,625.2290086979925,8753.206121771895,5827.206121771891,29136.03060885947,2410.0,482,425,0.8817427385892116,57,0,446,14,14,14,9,9,1435.365720360623,7061.8376677593305,3181.996885854982,8753.206121771895,220,0.5243346679999377
replacement_aware_clear_probe,798,13,5,13,1.0,True,640.2071502594922,8322.692953373398,5792.692953373398,28963.464766867,2085.0,417,365,0.8752997601918465,52,0,380,13,13,13,6,6,690.8333880999684,3718.2945025695353,697.3575406704598,8322.692953373398,60,0.585098209005082
replacement_aware_clear_probe,799,16,12,16,1.0,True,637.9582592006619,10207.33214721059,7463.33214721059,37316.66073605296,2250.0,450,395,0.8777777777777778,55,0,414,16,16,16,17,17,1467.6224868962497,6501.769804421412,502.19720791322595,10207.33214721059,40,0.5826707489977707
replacement_aware_clear_probe,800,15,9,15,1.0,True,620.2577924389038,9303.866886583557,6582.866886583555,32914.334432917785,2235.0,447,395,0.883668903803132,52,0,411,15,15,15,10,10,1252.6519154316986,5460.428891943652,699.1515047003318,9303.866886583557,60,0.7048208039996098
replacement_aware_clear_probe,801,10,1,10,1.0,True,836.2531471791824,8362.531471791825,5055.531471791824,25277.657358959124,2745.0,549,511,0.930783242258652,38,0,512,10,10,10,2,2,1657.7705046345577,4516.711287050507,409.1776919299896,7914.872453957159,40,0.4867244760025642
replacement_aware_clear_probe,802,14,7,14,1.0,True,633.2174518237534,8865.044325532548,5790.044325532546,28950.22162766274,2535.0,507,450,0.8875739644970414,57,0,470,14,14,14,10,10,1847.943616282991,5869.957407018258,482.05609230346334,8865.044325532548,40,0.49891001200012397
replacement_aware_clear_probe,803,10,6,10,1.0,True,995.2784506048607,9952.784506048607,6645.784506048604,33228.922530243035,2745.0,549,510,0.9289617486338798,39,0,512,10,10,10,6,6,1692.1384897558758,7232.952754532984,1045.0002110097114,9952.784506048607,79,0.5759418340021512
replacement_aware_clear_probe,804,13,6,13,1.0,True,651.7503262272933,8472.754240954813,5929.754240954812,29648.771204774075,2095.0,419,377,0.8997613365155132,42,0,383,13,13,13,3,3,1142.407428321296,5440.906113378394,498.00319545182265,6736.396054244784,40,0.6030947910039686
replacement_aware_clear_probe,805,13,12,13,1.0,True,703.7495164410709,9148.743713733922,6461.743713733922,32308.718568669618,2215.0,443,398,0.8984198645598194,45,0,407,13,13,13,11,11,1667.7263462909264,6064.83735169325,798.1306274376477,8471.86296653318,60,0.6134046040024259
replacement_aware_clear_probe,806,13,5,13,1.0,True,657.1671982729513,8543.173577548367,5333.1735775483685,26665.867887741846,2650.0,530,477,0.9,53,0,495,13,13,13,8,8,1977.3483224766662,5075.08641425546,3749.00968291669,8502.173577548367,284,0.5278917989999172
replacement_aware_clear_probe,807,12,5,12,1.0,True,738.0635025756604,8856.762030907925,5711.762030907925,28558.810154539628,2600.0,520,473,0.9096153846153846,47,0,485,12,12,12,6,6,1019.3027855325364,4749.137512754848,765.7120141937173,7976.768681104476,60,0.5552190730013535
replacement_aware_clear_probe,808,12,3,12,1.0,True,727.3133073763264,8727.759688515916,5734.759688515916,28673.79844257959,2475.0,495,455,0.9191919191919192,40,0,458,12,12,12,1,1,2197.5485833068847,7980.2384446764,463.7924749148335,8727.759688515916,40,0.7039032969987602
replacement_aware_clear_probe,809,10,4,10,1.0,True,838.920106701574,8389.20106701574,5478.201067015742,27391.005335078728,2415.0,483,447,0.9254658385093167,36,0,446,10,10,10,5,5,1196.1855842148498,5256.799920382677,414.6667074537918,8389.20106701574,40,0.723306080995826
replacement_aware_clear_probe,810,15,6,15,1.0,True,558.8423708429142,8382.635562643713,5871.635562643713,29358.177813218583,2060.0,412,352,0.8543689320388349,60,0,376,15,15,15,5,5,982.5712377395063,4617.165554854654,776.7615133165542,8382.635562643713,60,0.6939496690029046
replacement_aware_clear_probe,811,10,5,10,1.0,True,986.9966015441057,9869.966015441058,6376.966015441056,31884.830077205283,2900.0,580,544,0.9379310344827586,36,0,543,10,10,10,5,5,1451.0553450896414,6999.77744748011,2043.0199157965944,9869.966015441058,160,0.5216964069986716
replacement_aware_clear_probe,812,10,5,10,1.0,True,850.9171946533891,8509.17194653389,5424.171946533888,27120.859732669458,2560.0,512,478,0.93359375,34,0,475,10,10,10,5,5,616.9697022235075,2865.221684347106,463.05880605870925,6587.674119106372,40,0.5084542600015993
replacement_aware_clear_probe,813,11,6,11,1.0,True,795.7765173275146,8753.54169060266,5853.5416906026585,29267.70845301331,2400.0,480,438,0.9125,42,0,445,11,11,11,7,7,1016.8535642664817,5244.830950208639,1259.0918566954874,8753.54169060266,99,0.6383980500031612
replacement_aware_clear_probe,814,14,4,14,1.0,True,577.2508980179402,8081.512572251164,5647.512572251164,28237.562861255836,2000.0,400,342,0.855,58,0,364,14,14,14,1,1,1053.1644114018502,5943.966144764315,534.8662376332736,8046.512572251164,40,0.7459235880014603
replacement_aware_clear_probe,815,10,6,10,1.0,True,953.1769456387592,9531.769456387592,5940.769456387592,29703.847281937975,2980.0,596,555,0.9312080536912751,41,0,561,10,10,10,7,7,2036.597355280753,6146.164455900494,2041.266627980307,9531.769456387592,154,0.570030349001172
replacement_aware_clear_probe,816,11,5,11,1.0,True,961.6080464827796,10577.688511310576,6599.688511310575,32998.442556552895,3300.0,660,614,0.9303030303030303,46,0,623,11,11,11,7,7,4021.7090909090894,6635.999999999996,6848.362054800973,10577.688511310576,518,0.47979134699562564
replacement_aware_clear_probe,817,11,7,11,1.0,True,838.0253075834756,9218.278383418232,5851.27838341823,29256.391917091158,2790.0,558,515,0.9229390681003584,43,0,522,11,11,11,9,9,2196.7762761634713,5702.716848303404,1036.7152410294673,9218.278383418232,80,0.49980377099564066
replacement_aware_clear_probe,818,13,6,13,1.0,True,683.556863233469,8886.239222035098,5671.2392220350985,28356.196110175515,2655.0,531,484,0.911487758945386,47,0,495,13,13,13,5,5,1447.3467742338185,6882.618331950772,2366.541478508522,8886.239222035098,179,0.4897026940016076
replacement_aware_clear_probe,819,12,5,12,1.0,True,720.797152808287,8649.565833699444,5277.565833699443,26387.82916849723,2790.0,558,515,0.9229390681003584,43,0,522,12,12,12,6,6,2571.2635226488633,6841.571071735259,699.2576931436698,8410.515527846243,60,0.46946981200017035
replacement_aware_clear_probe,820,11,4,11,1.0,True,878.6743012146582,9665.41731336124,6455.417313361244,32277.08656680622,2660.0,532,492,0.924812030075188,40,0,495,11,11,11,7,7,1633.7096622712065,7520.922488201171,535.359778459358,9665.41731336124,40,0.5075198859994998
replacement_aware_clear_probe,821,14,6,14,1.0,True,596.2271412487272,8347.179977482181,5578.179977482182,27890.899887410913,2280.0,456,397,0.8706140350877193,59,0,419,14,14,14,5,5,2105.746488379214,6517.830762824764,468.4359590037082,7998.5416067372325,40,0.6839300329957041
replacement_aware_clear_probe,822,10,4,10,1.0,True,873.3039685646442,8733.039685646441,5652.0396856464395,28260.198428232216,2555.0,511,479,0.9373776908023483,32,0,476,10,10,10,3,3,1464.7225814266342,3939.9800957723105,772.583431391824,8733.039685646441,60,0.5977586780063575
replacement_aware_clear_probe,823,12,4,12,1.0,True,702.2839534006977,8427.407440808372,5559.4074408083725,27797.03720404188,2370.0,474,431,0.9092827004219409,43,0,438,12,12,12,4,4,1835.6528985874384,5655.276548686274,472.48922129698246,8427.407440808372,40,0.5426557819955633
replacement_aware_clear_probe,824,15,8,15,1.0,True,584.8387604763211,8772.581407144817,5636.581407144819,28182.907035724107,2580.0,516,451,0.874031007751938,65,0,481,15,15,15,14,14,1363.7774332442896,6060.389783021008,466.33611853900413,8772.581407144817,40,0.5070000120031182
replacement_aware_clear_probe,825,12,6,12,1.0,True,759.6482825449433,9115.77939053932,5947.779390539318,29738.89695269661,2620.0,524,484,0.9236641221374046,40,0,488,12,12,12,7,7,1146.4711283602005,3945.7473332695417,517.2182785504162,8726.129247451367,40,0.5287026540027
replacement_aware_clear_probe,826,14,6,14,1.0,True,591.1997173233163,8276.796042526428,5763.796042526429,28818.980212632163,2065.0,413,361,0.87409200968523,52,0,378,14,14,14,5,5,1706.266854836391,5078.446171744866,520.8434771136299,7612.379217495327,40,0.5740244780026842
replacement_aware_clear_probe,827,12,6,12,1.0,True,769.077982604029,9228.935791248348,5720.935791248346,28604.678956241743,2905.0,581,540,0.9294320137693631,41,0,543,12,12,12,10,10,2335.947602939337,8256.214174906194,495.5012299509814,9228.935791248348,40,0.4636219639942283
replacement_aware_clear_probe,828,11,5,11,1.0,True,831.0249815204247,9141.274796724672,5912.27479672467,29561.37398362337,2675.0,535,493,0.9214953271028037,42,0,499,11,11,11,8,8,1523.9432144352759,5739.871126258085,1831.038205099162,8902.078428286066,140,0.46347111700015375
replacement_aware_clear_probe,829,11,6,11,1.0,True,821.766725692615,9039.433982618764,6024.433982618761,30122.16991309381,2495.0,499,459,0.9198396793587175,40,0,465,11,11,11,6,6,1769.8481980074423,5726.096954103924,1230.9062616848705,7483.051526368674,100,0.535538957999961
replacement_aware_clear_probe,830,10,5,10,1.0,True,884.8825402217419,8848.825402217419,5522.825402217419,27614.12701108711,2760.0,552,516,0.9347826086956522,36,0,516,10,10,10,7,7,1404.0104946656227,5952.780779806721,413.84320123287034,8442.417855602378,40,0.6336259180025081
replacement_aware_clear_probe,831,11,7,11,1.0,True,824.1323550060501,9065.455905066552,5651.455905066556,28257.279525332786,2830.0,566,525,0.9275618374558304,41,0,529,11,11,11,7,7,2362.888458392285,4155.1864958748565,2819.0345950379183,9065.455905066552,216,0.5068745070020668
replacement_aware_clear_probe,832,15,8,15,1.0,True,513.582494774413,7703.737421616195,5331.737421616195,26658.687108080994,1945.0,389,336,0.8637532133676092,53,0,352,15,15,15,2,2,1932.270406461947,6358.6093948301,702.0034175878995,7674.737421616195,60,0.5920736780026346
replacement_aware_clear_probe,833,14,5,14,1.0,True,591.9909409069885,8287.873172697839,5744.873172697839,28724.365863489194,2090.0,418,370,0.8851674641148325,48,0,383,14,14,14,4,4,1866.8193525351348,6854.380751967208,505.47440643283517,8252.873172697839,40,0.712618448997091
replacement_aware_clear_probe,834,12,9,12,1.0,True,781.2225060876204,9374.670073051446,6242.670073051448,31213.350365257244,2590.0,518,473,0.9131274131274131,45,0,482,12,12,12,11,11,1459.8325285570725,4953.613414260379,729.2678078051412,9374.670073051446,60,0.5267365769977914
replacement_aware_clear_probe,835,14,6,14,1.0,True,746.2448984847333,10447.428578786266,7387.4285787862655,36937.142893931334,2525.0,505,453,0.897029702970297,52,0,465,14,14,14,11,11,1486.8426964425612,4842.90212679382,1110.794228623735,10447.428578786266,80,0.5086845909972908
replacement_aware_clear_probe,836,13,5,13,1.0,True,645.8924769790797,8396.602200728035,5918.602200728035,29593.01100364019,2040.0,408,360,0.8823529411764706,48,0,373,13,13,13,6,6,586.9516021852215,3025.663412247309,459.67961231879207,8396.602200728035,40,0.8596188359952066
replacement_aware_clear_probe,837,14,9,14,1.0,True,624.6845296784998,8745.583415498997,5902.583415498998,29512.917077494993,2340.0,468,411,0.8782051282051282,57,0,433,14,14,14,9,9,1640.4293850700537,5672.717074794788,505.9115249369771,8745.583415498997,40,0.6056587290004245
replacement_aware_clear_probe,838,14,9,14,1.0,True,686.4048852410764,9609.66839337507,6557.668393375067,32788.34196687535,2515.0,503,458,0.9105367793240556,45,0,467,14,14,14,9,9,2194.853406327088,6362.203728556792,1510.5056349779807,9125.288806902146,116,0.5336149150025449
replacement_aware_clear_probe,839,14,3,14,1.0,True,616.8840346462719,8636.376485047806,5739.3764850478055,28696.882425239044,2385.0,477,422,0.8846960167714885,55,0,442,14,14,14,6,6,1452.007962253087,6957.281762164252,453.30773070855787,8506.51419820774,40,0.6119421359981061
replacement_aware_clear_probe,840,11,4,11,1.0,True,835.6251677419211,9191.876845161132,6083.876845161134,30419.38422580568,2575.0,515,480,0.9320388349514563,35,0,478,11,11,11,6,6,1622.086764889404,7420.2466284485145,721.4537839099061,9191.876845161132,60,0.5339756499961368
replacement_aware_clear_probe,841,14,7,14,1.0,True,703.5755220067578,9850.057308094609,6764.05730809461,33820.286540473055,2545.0,509,453,0.8899803536345776,56,0,471,14,14,14,12,12,1058.6076285887443,3799.7210967694036,714.1528527943003,9850.057308094609,60,0.5662700020038756
replacement_aware_clear_probe,842,10,6,10,1.0,True,914.6613166185476,9146.613166185476,5665.613166185472,28328.065830927368,2890.0,578,543,0.9394463667820069,35,0,541,10,10,10,4,4,2745.6970980700576,7070.22788517839,1052.4042943538998,7784.996754005565,80,0.49385141899983864
replacement_aware_clear_probe,843,15,4,15,1.0,True,592.5618524223129,8888.427786334692,5584.427786334694,27922.138931673475,2720.0,544,476,0.875,68,0,509,15,15,15,5,5,1026.9205481854046,5275.529756539701,1029.8472339825787,8859.427786334692,80,0.48620829499850515
replacement_aware_clear_probe,844,15,7,15,1.0,True,540.0919455570206,8101.379183355309,5537.379183355309,27686.895916776564,2105.0,421,362,0.8598574821852731,59,0,384,15,15,15,6,6,809.327330027331,3914.3512462812632,733.2337677678771,8072.379183355309,59,0.6516864779987372
replacement_aware_clear_probe,845,10,4,10,1.0,True,916.8906674383928,9168.906674383928,5818.906674383928,29094.533371919642,2780.0,556,518,0.9316546762589928,38,0,520,10,10,10,2,2,2070.284736024548,6801.574760591325,486.3867503327697,8057.560455580597,40,0.4762497510018875
replacement_aware_clear_probe,846,10,7,10,1.0,True,933.7976029504391,9337.97602950439,6198.976029504389,30994.88014752196,2605.0,521,486,0.9328214971209213,35,0,484,10,10,10,11,11,962.8261091502002,4515.616795432765,435.6724080814212,9337.97602950439,40,0.6218552610007464
replacement_aware_clear_probe,847,13,8,13,1.0,True,628.1122191551015,8165.458849016319,5598.458849016318,27992.2942450816,2115.0,423,368,0.8699763593380615,55,0,387,13,13,13,7,7,1156.9447744962354,4019.2640680291615,1072.1787331473897,6089.86685102601,80,0.618100764004339
replacement_aware_clear_probe,848,16,8,16,1.0,True,539.62480116521,8633.99681864336,5942.9968186433625,29714.98409321683,2205.0,441,382,0.8662131519274376,59,0,406,16,16,16,10,10,1388.9625593731691,5815.065042816693,738.6768329764425,8633.99681864336,60,0.5898855669947807
replacement_aware_clear_probe,849,10,9,10,1.0,True,955.8300996680958,9558.300996680959,6095.300996680959,30476.5049834048,2875.0,575,537,0.9339130434782609,38,0,538,10,10,10,8,8,2147.6312018218136,6020.877478829345,1873.343706402022,9140.514575123661,140,0.48627209199912613
replacement_aware_clear_probe,850,16,11,16,1.0,True,554.6652404326861,8874.643846922978,5781.643846922977,28908.2192346149,2540.0,508,442,0.8700787401574803,66,0,473,16,16,16,10,10,1797.1134001373869,6420.7858052082265,1498.009270842873,8874.643846922978,120,0.5129478689996176
replacement_aware_clear_probe,851,14,5,14,1.0,True,582.5343831830619,8155.4813645628665,5505.481364562867,27527.40682281436,2180.0,436,389,0.8922018348623854,47,0,400,14,14,14,9,9,1174.8784353675353,5493.711048433773,496.9403228980764,8155.4813645628665,40,0.6982624379961635
replacement_aware_clear_probe,852,16,8,16,1.0,True,557.9520063685452,8927.232101896723,5911.232101896723,29556.160509483623,2475.0,495,438,0.8848484848484849,57,0,461,16,16,16,8,8,2540.2766076191256,7249.08282466944,536.2850591361373,8927.232101896723,40,0.4453098060039338
replacement_aware_clear_probe,853,13,7,13,1.0,True,783.7923814511659,10189.300958865157,6791.300958865158,33956.504794325796,2810.0,562,509,0.905693950177936,53,0,523,13,13,13,10,10,1682.0081273218582,6048.498963259353,2655.572425385562,10189.300958865157,200,0.5628295779970358
replacement_aware_clear_probe,854,16,10,16,1.0,True,539.0435991299497,8624.697586079195,6136.697586079195,30683.487930395993,2035.0,407,346,0.8501228501228502,61,0,373,16,16,16,11,11,1629.9298840163558,5715.759329065636,2266.8993441454786,8624.697586079195,172,0.6239250150028965
replacement_aware_clear_probe,855,11,5,11,1.0,True,850.1300588122914,9351.430646935205,5792.430646935206,28962.153234676036,2950.0,590,546,0.9254237288135593,44,0,554,11,11,11,7,7,2908.494558812135,6263.784761142971,730.5826032098186,9351.430646935205,60,0.512086784998246
replacement_aware_clear_probe,856,11,5,11,1.0,True,808.5317613551662,8893.849374906828,5725.849374906826,28629.246874534136,2625.0,525,489,0.9314285714285714,36,0,488,11,11,11,3,3,2160.1283451578765,6731.814760357515,2345.432722477754,8893.849374906828,179,0.5647070970007917
replacement_aware_clear_probe,857,13,8,13,1.0,True,687.0940814652398,8932.223059048118,5850.223059048116,29251.115295240583,2545.0,509,462,0.9076620825147348,47,0,472,13,13,13,11,11,1415.1036089058684,5928.156811048505,786.0756350250031,8303.024611708097,60,0.5325373009982286
replacement_aware_clear_probe,858,14,9,14,1.0,True,680.6380690317758,9528.932966444861,6693.932966444863,33469.66483222432,2335.0,467,415,0.8886509635974305,52,0,430,14,14,14,8,8,1465.0849048629375,4290.9289521225455,1053.4991638188949,9528.932966444861,80,0.5807890859941836
replacement_aware_clear_probe,859,14,7,14,1.0,True,633.7222312674938,8872.111237744914,5969.111237744911,29845.556188724568,2390.0,478,425,0.8891213389121339,53,0,443,14,14,14,8,8,1859.0394879635587,6414.187675431579,2338.9568830480857,8139.0789031982595,176,0.5693863870037603
replacement_aware_clear_probe,860,11,6,11,1.0,True,813.4167464737621,8947.584211211384,5791.584211211382,28957.92105605693,2615.0,523,482,0.9216061185468452,41,0,486,11,11,11,6,6,1726.6401613180824,6129.7884438107085,769.2600433281086,8813.471223360202,60,0.6495307400036836
replacement_aware_clear_probe,861,16,10,16,1.0,True,485.86183827947144,7773.789412471543,5332.789412471543,26663.947062357718,1995.0,399,336,0.8421052631578947,63,0,366,16,16,16,11,11,1407.899675295069,4859.725339830446,483.5173891109518,7773.789412471543,40,0.58408149999741
replacement_aware_clear_probe,862,14,8,14,1.0,True,652.694110550702,9137.717547709828,6232.7175477098235,31163.587738549122,2395.0,479,426,0.8893528183716075,53,0,440,14,14,14,8,8,1791.9258726738383,4539.4996304583565,1831.4808240447076,9137.717547709828,139,0.5338571740066982
replacement_aware_clear_probe,863,14,9,14,1.0,True,633.1570512730644,8864.198717822903,5823.198717822903,29115.993589114514,2505.0,501,445,0.8882235528942116,56,0,466,14,14,14,8,8,2574.4960706284437,6567.76569612515,2579.5723803718806,8126.236200191778,198,0.566360655000608
replacement_aware_clear_probe,864,12,8,12,1.0,True,759.4688914774034,9113.626697728841,5871.626697728841,29358.133488644216,2680.0,536,493,0.9197761194029851,43,0,502,12,12,12,12,12,1482.1195890702668,5252.495986405401,3449.341098749372,8663.281584709654,260,0.6041889199987054
replacement_aware_clear_probe,865,13,9,13,1.0,True,744.6305745351262,9680.197468956641,6214.197468956643,31070.98734478322,2865.0,573,522,0.9109947643979057,51,0,536,13,13,13,9,9,2694.3129677929637,8892.890948113867,785.3111461916496,9680.197468956641,60,0.47568468800454866
replacement_aware_clear_probe,866,10,5,10,1.0,True,943.1542708598038,9431.542708598037,5913.542708598035,29567.713542990175,2920.0,584,541,0.9263698630136986,43,0,548,10,10,10,7,7,3112.1996628672723,5877.217857633053,810.7160599603715,9431.542708598037,60,0.48889006699755555
replacement_aware_clear_probe,867,16,8,16,1.0,True,538.6155096084962,8617.848153735938,6034.848153735939,30174.24076867971,2115.0,423,369,0.8723404255319149,54,0,388,16,16,16,10,10,2202.7006914446715,6980.624778106476,405.0438953314844,8617.848153735938,40,0.7401673529966502
replacement_aware_clear_probe,868,13,5,13,1.0,True,743.1093946654154,9660.4221306504,6397.4221306504,31987.11065325201,2695.0,539,492,0.9128014842300557,47,0,503,13,13,13,7,7,3045.6280815013533,7531.985067762646,1885.9581698103993,9660.4221306504,140,0.4623537529987516
replacement_aware_clear_probe,869,13,7,13,1.0,True,645.9414353570306,8397.238659641398,5464.238659641399,27321.193298207003,2420.0,484,437,0.9028925619834711,47,0,448,13,13,13,12,12,2307.155530177789,5480.981835578134,1066.7792527625375,8026.882501726201,80,0.5311284089984838
replacement_aware_clear_probe,870,11,5,11,1.0,True,808.7822774366148,8896.605051802762,5900.605051802761,29503.02525901382,2480.0,496,458,0.9233870967741935,38,0,461,11,11,11,3,3,1151.5907352393367,4525.614330288389,2510.7667484148064,8896.605051802762,191,0.676596322999103
replacement_aware_clear_probe,871,12,6,12,1.0,True,755.3562376442927,9064.274851731512,5723.274851731512,28616.374258657568,2765.0,553,507,0.9168173598553345,46,0,516,12,12,12,6,6,2659.3710493315475,6221.820937912079,1720.1554577867162,9064.274851731512,138,0.5417691590046161
replacement_aware_clear_probe,872,14,8,14,1.0,True,610.1229834879306,8541.721768831028,5532.721768831028,27663.60884415515,2480.0,496,447,0.9012096774193549,49,0,459,14,14,14,7,7,2332.1804300413078,8107.588133858984,498.40524195650175,8541.721768831028,40,0.6166799950005952
replacement_aware_clear_probe,873,11,6,11,1.0,True,946.6527102755997,10413.179813031596,6940.179813031596,34700.899065157995,2880.0,576,535,0.9288194444444444,41,0,538,11,11,11,10,10,2574.2910659249783,7335.546695982101,1019.9051158522325,10413.179813031596,79,0.5944689489988377
replacement_aware_clear_probe,874,14,12,14,1.0,True,687.9223224781883,9630.912514694637,6443.912514694636,32219.562573473188,2630.0,526,476,0.9049429657794676,50,0,487,14,14,14,11,11,2633.7812162097907,7315.978075512982,2344.0605358795524,9630.912514694637,180,0.511176346000866
replacement_aware_clear_probe,875,14,7,14,1.0,True,619.864321260411,8678.100497645753,5704.100497645756,28520.50248822879,2450.0,490,439,0.8959183673469387,51,0,454,14,14,14,8,8,2361.8083034464457,5540.019051829272,1263.2762218069881,8678.100497645753,98,0.5141737450030632
replacement_aware_clear_probe,876,15,10,15,1.0,True,605.720823635207,9085.812354528105,6075.812354528103,30379.06177264053,2475.0,495,449,0.907070707070707,46,0,460,15,15,15,7,7,2394.1958035375133,7462.391848442744,726.5133709442902,8584.654347503263,60,0.5588540349999676
replacement_aware_clear_probe,877,11,6,11,1.0,True,801.1416004954737,8812.55760545021,5667.557605450208,28337.788027251045,2605.0,521,479,0.9193857965451055,42,0,485,11,11,11,5,5,1927.0394352210462,8092.208981116855,2349.632786430707,8812.55760545021,175,0.5920189509997726
replacement_aware_clear_probe,878,16,8,16,1.0,True,535.2919411242102,8564.671057987363,6107.671057987365,30538.355289936833,2010.0,402,350,0.8706467661691543,52,0,367,16,16,16,6,6,1914.300651923121,6850.939665705197,483.97036499949616,8564.671057987363,40,0.6768235779964016
replacement_aware_clear_probe,879,10,4,10,1.0,True,885.4256966336045,8854.256966336045,5744.256966336045,28721.284831680237,2580.0,516,479,0.9282945736434108,37,0,480,10,10,10,4,4,883.4052243357346,4251.627584415085,530.7506358454748,8190.487426988774,40,0.5361023989971727
replacement_aware_clear_probe,880,10,5,10,1.0,True,936.3028228494088,9363.028228494088,6073.028228494085,30365.14114247044,2730.0,546,514,0.9413919413919414,32,0,510,10,10,10,8,8,1319.3395215793412,5141.44691509919,464.9476413744931,9363.028228494088,40,0.48572389900073176
replacement_aware_clear_probe,881,15,8,15,1.0,True,593.1560350058693,8897.340525088039,6080.34052508804,30401.702625440208,2315.0,463,404,0.8725701943844493,59,0,427,15,15,15,9,9,2112.999097857374,5609.585466134823,2014.0581341627758,8897.340525088039,155,0.60996721599804
replacement_aware_clear_probe,882,10,6,10,1.0,True,1018.4822666282595,10184.822666282595,6746.822666282594,33734.11333141298,2855.0,571,535,0.9369527145359019,36,0,533,10,10,10,10,10,675.3408308316737,4055.6761412029414,1059.2132603004522,10184.822666282595,80,0.5339136399998097
replacement_aware_clear_probe,883,14,8,14,1.0,True,625.323556254217,8754.529787559039,5834.5297875590395,29172.648937795217,2405.0,481,435,0.9043659043659044,46,0,445,14,14,14,9,9,1865.8304668239202,5058.5582259743605,516.949320251932,8754.529787559039,40,0.5750009319963283
replacement_aware_clear_probe,884,16,6,16,1.0,True,587.4598488382683,9399.357581412292,6848.357581412293,34241.78790706147,2090.0,418,353,0.8444976076555024,65,0,381,16,16,16,10,10,1234.5066231130977,5235.26082819816,684.2010406585755,9399.357581412292,60,0.7617509030023939
replacement_aware_clear_probe,885,12,6,12,1.0,True,747.0794403898391,8964.95328467807,5818.953284678068,29094.76642339035,2605.0,521,477,0.9155470249520153,44,0,481,12,12,12,6,6,1851.5234374579616,7380.013000272792,510.30741695033873,8964.95328467807,40,0.5528945539990673
replacement_aware_clear_probe,886,11,6,11,1.0,True,834.8906402978031,9183.797043275834,5847.79704327583,29238.98521637917,2765.0,553,517,0.9349005424954792,36,0,516,11,11,11,8,8,2239.529234832471,7878.893724276397,1255.9623477951536,9183.797043275834,98,0.5364981400052784
replacement_aware_clear_probe,887,13,5,13,1.0,True,668.4889761224421,8690.356689591747,5920.356689591748,29601.78344795875,2285.0,457,414,0.9059080962800875,43,0,420,13,13,13,2,2,2137.0610997547205,6803.261777862435,733.1966933949559,8142.794123581845,60,0.62147890500637
replacement_aware_clear_probe,888,10,6,10,1.0,True,902.8973226567117,9028.973226567117,5715.973226567115,28579.866132835585,2750.0,550,516,0.9381818181818182,34,0,513,10,10,10,8,8,2440.3405456496853,6985.641254213129,1235.6074737389922,8827.848625316832,100,0.5471763489986188
replacement_aware_clear_probe,889,15,8,15,1.0,True,622.5145855014351,9337.718782521528,6814.71878252153,34073.59391260766,2070.0,414,354,0.855072463768116,60,0,378,15,15,15,6,6,1838.1952756195371,6538.808493008387,789.8893351947975,9337.718782521528,60,0.6533371890036506
replacement_aware_clear_probe,890,10,9,10,1.0,True,918.3020299145849,9183.020299145848,5713.020299145846,28565.101495729243,2880.0,576,529,0.9184027777777778,47,0,540,10,10,10,12,12,1757.4040326425056,4610.460551680913,2591.5033760220877,9183.020299145848,195,0.5277689520007698
replacement_aware_clear_probe,891,15,10,15,1.0,True,611.2395536465582,9168.593304698374,6249.593304698375,31247.966523491883,2400.0,480,425,0.8854166666666666,55,0,444,15,15,15,10,10,1991.8040745595367,6481.359437089104,1279.7873361479744,9168.593304698374,100,0.5493455169998924
replacement_aware_clear_probe,892,11,6,11,1.0,True,789.0994656384763,8680.09412202324,5559.094122023242,27795.470610116216,2585.0,517,471,0.9110251450676983,46,0,481,11,11,11,6,6,1302.4896446893779,3787.5965228957884,1771.7688686262968,8434.094579372537,134,0.5508976650016848
replacement_aware_clear_probe,893,14,8,14,1.0,True,671.812260721521,9405.371650101295,5989.371650101296,29946.858250506484,2820.0,564,510,0.9042553191489362,54,0,526,14,14,14,10,10,2524.1012668526478,6293.565278303802,2880.880228488334,9405.371650101295,220,0.4806722200009972
replacement_aware_clear_probe,894,13,6,13,1.0,True,734.3808600246596,9546.951180320575,6223.951180320574,31119.755901602875,2745.0,549,494,0.8998178506375227,55,0,513,13,13,13,8,8,1845.9792550693167,8638.869488942279,2383.8889487017805,9175.00643511644,180,0.5041168870011461
replacement_aware_clear_probe,895,15,11,15,1.0,True,590.9056232572973,8863.58434885946,6106.584348859459,30532.921744297306,2265.0,453,403,0.8896247240618101,50,0,417,15,15,15,8,8,2198.6437795214324,6626.465014936886,779.2884326100507,8863.58434885946,60,0.5361777739963145
replacement_aware_clear_probe,896,11,4,11,1.0,True,839.4507904675621,9233.958695143183,5782.958695143184,28914.793475715916,2860.0,572,532,0.9300699300699301,40,0,536,11,11,11,6,6,2318.3279409579554,4826.291189756576,1804.4595613521349,9233.958695143183,140,0.4622268669991172
replacement_aware_clear_probe,897,10,3,10,1.0,True,850.6703937955168,8506.703937955168,5473.703937955168,27368.519689775847,2515.0,503,465,0.9244532803180915,38,0,468,10,10,10,3,3,623.358698056493,2418.9289935216434,706.4682759590066,7195.014676603224,60,0.5705636679995223
replacement_aware_clear_probe,898,13,5,13,1.0,True,688.8121992659819,8954.558590457766,5697.558590457764,28487.792952288833,2690.0,538,494,0.9182156133828996,44,0,502,13,13,13,4,4,2979.1868189024385,6735.540749053562,2596.1578177639367,8954.558590457766,198,0.4684279510038323
replacement_aware_clear_probe,899,16,6,16,1.0,True,516.4130415783264,8262.608665253223,5969.608665253221,29848.043326266128,1870.0,374,320,0.8556149732620321,54,0,343,16,16,16,4,4,1756.4378914175002,6557.586392953164,1107.621920358893,8262.608665253223,79,0.6997319450019859
replacement_aware_clear_probe,900,14,10,14,1.0,True,651.3446097544794,9118.824536562712,6211.824536562712,31059.12268281357,2395.0,479,429,0.8956158663883089,50,0,442,14,14,14,13,13,1803.526851346766,7731.801531918988,1842.3426286410613,9118.824536562712,139,0.5408547990009538
replacement_aware_clear_probe,901,13,8,13,1.0,True,729.8213604544616,9487.677685908,6315.677685908001,31578.388429540013,2620.0,524,480,0.916030534351145,44,0,487,13,13,13,9,9,2047.805996785727,5535.167962017211,724.2450297644974,9487.677685908,59,0.6236746469949139
replacement_aware_clear_probe,902,12,8,12,1.0,True,761.5059951479622,9138.071941775546,5989.0719417755445,29945.359708877728,2605.0,521,471,0.9040307101727447,50,0,484,12,12,12,6,6,2332.5675239346792,7561.327658549943,2055.357086590945,8858.928404529684,160,0.5497046640011831
replacement_aware_clear_probe,903,10,6,10,1.0,True,970.2932165167622,9702.932165167622,6065.932165167618,30329.6608258381,3020.0,604,564,0.9337748344370861,40,0,567,10,10,10,10,10,1834.280892335765,4004.914701427405,2588.512493305436,9702.932165167622,199,0.48138145100529073
replacement_aware_clear_probe,904,15,3,15,1.0,True,556.251629316796,8343.77443975194,5856.774439751939,29283.87219875971,2040.0,408,360,0.8823529411764706,48,0,372,15,15,15,2,2,1374.0129431955809,6117.940300551656,527.4788639928041,8217.93895093838,40,0.7776201110027614
replacement_aware_clear_probe,905,15,6,15,1.0,True,524.306675928023,7864.600138920345,5449.600138920346,27248.000694601735,1980.0,396,337,0.851010101010101,59,0,360,15,15,15,5,5,408.08424686853283,1272.7047704834542,455.147530686855,7864.600138920345,40,0.7053134309971938
replacement_aware_clear_probe,906,10,6,10,1.0,True,918.214738312409,9182.147383124091,5611.147383124091,28055.73691562047,2965.0,593,562,0.9477234401349073,31,0,556,10,10,10,7,7,2756.2867159178563,6514.015260808133,743.8211544174583,9182.147383124091,60,0.45616080299805617
replacement_aware_clear_probe,907,15,6,15,1.0,True,640.0994138458368,9601.491207687552,6737.491207687549,33687.456038437755,2355.0,471,409,0.8683651804670913,62,0,434,15,15,15,6,6,2279.2112670633587,5140.151890269667,1788.4004479620971,9601.491207687552,138,0.6140626729975338
replacement_aware_clear_probe,908,15,7,15,1.0,True,553.8697553181033,8308.04632977155,5600.046329771552,28000.231648857774,2225.0,445,384,0.8629213483146068,61,0,408,15,15,15,8,8,1183.2582860805255,5439.439161268039,479.61706897800696,7834.618169026783,40,0.5879786990044522
replacement_aware_clear_probe,909,11,4,11,1.0,True,817.2014226503321,8989.215649153653,5887.21564915365,29436.07824576827,2570.0,514,473,0.9202334630350194,41,0,477,11,11,11,4,4,1648.6482452765842,8256.802682370802,1284.7911891146216,8810.518357003924,100,0.5370285520039033
replacement_aware_clear_probe,910,14,6,14,1.0,True,664.7622660077411,9306.671724108375,6147.671724108376,30738.35862054189,2605.0,521,466,0.8944337811900192,55,0,484,14,14,14,7,7,2777.8046911951965,6532.194040135892,2325.7237814567934,9306.671724108375,176,0.5741701160004595
replacement_aware_clear_probe,911,13,8,13,1.0,True,701.0693425664917,9113.901453364393,6168.901453364389,30844.50726682196,2430.0,486,438,0.9012345679012346,48,0,450,13,13,13,9,9,2113.818882004419,8096.593213077451,424.12062774258567,8361.172755183077,40,0.5694540619952022
replacement_aware_clear_probe,912,14,3,14,1.0,True,573.6842275106891,8031.579185149648,5510.579185149649,27552.895925748257,2070.0,414,365,0.8816425120772947,49,0,381,14,14,14,5,5,1031.102112931888,5092.703995784985,505.45124775599925,7415.094154620059,40,0.5208910240035038
replacement_aware_clear_probe,913,10,5,10,1.0,True,906.8110905137228,9068.110905137228,5826.110905137224,29130.55452568613,2690.0,538,506,0.9405204460966543,32,0,502,10,10,10,6,6,1916.5966542315862,8002.19582879806,397.3483422186137,8699.558824352682,40,0.5472164770035306
replacement_aware_clear_probe,914,10,5,10,1.0,True,910.6411238606706,9106.411238606706,5919.411238606703,29597.056193033524,2645.0,529,497,0.9395085066162571,32,0,492,10,10,10,5,5,1774.944080663157,7204.252505870765,441.62701812296626,7619.828150462571,40,0.6447371340036625
replacement_aware_clear_probe,915,11,2,11,1.0,True,771.6491299431221,8488.140429374344,5337.140429374341,26685.702146871714,2610.0,522,479,0.9176245210727969,43,0,486,11,11,11,2,2,2252.5901014688466,5914.453922747118,1544.9155688201565,7637.155961214869,120,0.4449359580030432
replacement_aware_clear_probe,916,15,7,15,1.0,True,645.9241313767557,9688.861970651335,6849.861970651333,34249.30985325667,2335.0,467,414,0.8865096359743041,53,0,429,15,15,15,6,6,2535.6610597482386,6540.928894430716,743.9775626452023,9688.861970651335,59,0.7249972540012095
replacement_aware_clear_probe,917,16,12,16,1.0,True,567.5708058624831,9081.13289379973,6169.132893799731,30845.66446899865,2390.0,478,420,0.8786610878661087,58,0,442,16,16,16,19,19,1445.734530552623,7102.386417342617,488.4170726690818,9081.13289379973,40,0.5630522630017367
replacement_aware_clear_probe,918,16,9,16,1.0,True,540.8202633446652,8653.124213514644,6406.124213514648,32030.621067573247,1835.0,367,312,0.8501362397820164,55,0,332,16,16,16,8,8,1256.2714379419751,6983.233074143353,442.195332341719,8653.124213514644,40,0.8600568180045229
replacement_aware_clear_probe,919,15,9,15,1.0,True,634.1848734244229,9512.773101366343,6692.77310136634,33463.86550683172,2315.0,463,409,0.8833693304535637,54,0,430,15,15,15,13,13,1713.243051399954,6121.901031491747,2467.61875681657,9512.773101366343,180,0.5918542060026084
replacement_aware_clear_probe,920,14,7,14,1.0,True,653.3467123234632,9146.853972528485,6496.853972528483,32484.269862642424,2180.0,436,389,0.8922018348623854,47,0,400,14,14,14,10,10,1511.1476179650479,5831.369749257391,672.7052966893198,9146.853972528485,59,0.6142532949961605
replacement_aware_clear_probe,921,12,3,12,1.0,True,738.0476545026826,8856.57185403219,5574.571854032193,27872.85927016096,2715.0,543,492,0.9060773480662984,51,0,507,12,12,12,1,1,2459.8411167918957,5552.111286444977,1328.8645898097288,8316.804787508754,100,0.522163041998283
replacement_aware_clear_probe,922,10,5,10,1.0,True,933.8279824900304,9338.279824900304,5947.279824900304,29736.39912450153,2815.0,563,525,0.9325044404973357,38,0,526,10,10,10,7,7,1374.530009413531,7388.1985708218035,511.46979240106396,8443.702907302159,40,0.55309870900237
replacement_aware_clear_probe,923,16,9,16,1.0,True,543.9121461491186,8702.594338385898,5983.594338385895,29917.97169192949,2230.0,446,389,0.8721973094170403,57,0,409,16,16,16,8,8,2378.8151242735903,7007.074932320638,447.5160753612203,8702.594338385898,40,0.5828526799959945
replacement_aware_clear_probe,924,14,9,14,1.0,True,662.1134422924988,9269.588192094983,6283.5881920949805,31417.940960474916,2460.0,492,449,0.9126016260162602,43,0,456,14,14,14,9,9,2937.0727031701826,6991.106183663335,2324.142104871832,9269.588192094983,179,0.4874668769989512
replacement_aware_clear_probe,925,10,6,10,1.0,True,920.1772297393485,9201.772297393485,5987.772297393482,29938.861486967427,2665.0,533,499,0.9362101313320825,34,0,499,10,10,10,4,4,2403.1673990081786,7035.866969350462,1583.8012420702487,9201.772297393485,120,0.5456239199993433
replacement_aware_clear_probe,926,15,7,15,1.0,True,562.5921335888,8438.882003832001,5873.882003832003,29369.410019160023,2105.0,421,371,0.8812351543942993,50,0,385,15,15,15,9,9,2252.7941230367064,6322.225964478993,485.3358760307842,8409.882003832001,40,0.6161898740028846
replacement_aware_clear_probe,927,15,8,15,1.0,True,580.9632610352236,8714.448915528354,5789.4489155283545,28947.24457764178,2405.0,481,431,0.896049896049896,50,0,445,15,15,15,6,6,2612.8475922776315,6483.209824727485,473.28506676087153,8579.776653529605,40,0.5732094970007893
replacement_aware_clear_probe,928,12,9,12,1.0,True,740.3536623191636,8884.243947829964,5561.243947829962,27806.21973914982,2750.0,550,510,0.9272727272727272,40,0,513,12,12,12,10,10,1328.602012376253,6854.835840859432,545.3232020236442,8884.243947829964,40,0.48972915800550254
replacement_aware_clear_probe,929,11,5,11,1.0,True,853.2031931821216,9385.235125003337,5960.235125003335,29801.175625016684,2840.0,568,525,0.9242957746478874,43,0,530,11,11,11,8,8,1128.2570519480876,5765.313785714481,2642.951041634133,9385.235125003337,197,0.5381684029998723
replacement_aware_clear_probe,930,14,10,14,1.0,True,666.7859898781178,9335.003858293649,6351.0038582936495,31755.01929146825,2460.0,492,440,0.8943089430894309,52,0,454,14,14,14,12,12,1447.2374145120114,4707.715496604559,2378.648777472832,9335.003858293649,180,0.5726039270011825
replacement_aware_clear_probe,931,16,5,16,1.0,True,519.0728017532996,8305.164828052793,5778.164828052796,28890.824140263994,2070.0,414,351,0.8478260869565217,63,0,377,16,16,16,5,5,1517.294599462617,5808.037685581957,1959.3837674151673,8305.164828052793,153,0.570090754001285
replacement_aware_clear_probe,932,14,10,14,1.0,True,659.0483012925736,9226.67621809603,6168.676218096031,30843.381090480165,2520.0,504,451,0.8948412698412699,53,0,468,14,14,14,12,12,1854.5768212449213,5558.273167663172,505.7882285794817,9226.67621809603,40,0.5686690949951299
replacement_aware_clear_probe,933,14,8,14,1.0,True,614.1075917601116,8597.506284641562,5810.506284641566,29052.53142320784,2295.0,459,410,0.8932461873638344,49,0,422,14,14,14,8,8,1735.9716174950304,4360.2278742151175,1256.3869457953667,8597.506284641562,100,0.5320399390038801
replacement_aware_clear_probe,934,13,6,13,1.0,True,703.6211415085701,9147.07483961141,6191.074839611408,30955.37419805705,2440.0,488,442,0.9057377049180327,46,0,451,13,13,13,5,5,2016.37768035811,5552.347620232755,457.0314707581587,8253.152747271115,40,0.5373082070000237
replacement_aware_clear_probe,935,16,7,16,1.0,True,472.58585718347763,7561.373714935642,5375.373714935642,26876.86857467823,1780.0,356,294,0.8258426966292135,62,0,326,16,16,16,5,5,1447.0176796462288,6760.251778533645,761.3585258727135,7561.373714935642,60,0.7032391350003309
replacement_aware_clear_probe,936,11,4,11,1.0,True,779.1672123993895,8570.839336393285,5814.839336393285,29074.196681966434,2280.0,456,415,0.9100877192982456,41,0,421,11,11,11,5,5,868.9500217083443,6075.305841440023,776.6011858545675,8570.839336393285,60,0.6191868720052298
replacement_aware_clear_probe,937,14,5,14,1.0,True,642.815929177642,8999.423008486989,5934.423008486989,29672.11504243495,2525.0,505,440,0.8712871287128713,65,0,470,14,14,14,6,6,1774.355035462675,7640.753549839963,2545.929618207652,8999.423008486989,193,0.600937346003775
replacement_aware_clear_probe,938,13,6,13,1.0,True,679.7341677721736,8836.544181038256,6018.544181038258,30092.7209051913,2325.0,465,418,0.8989247311827957,47,0,428,13,13,13,9,9,1656.0901218281772,5879.498303494703,427.2306848228408,8836.544181038256,40,0.5475067959996522
replacement_aware_clear_probe,939,10,5,10,1.0,True,916.8628342253257,9168.628342253258,5860.628342253255,29303.14171126629,2745.0,549,516,0.9398907103825137,33,0,513,10,10,10,3,3,3267.6792158159005,6608.196018764792,706.3122981284052,7459.474587387568,60,0.5947604069951922
replacement_aware_clear_probe,940,12,8,12,1.0,True,763.8853457695309,9166.62414923437,6185.624149234368,30928.120746171844,2465.0,493,456,0.9249492900608519,37,0,456,12,12,12,5,5,2253.3057588602237,5790.424679363375,492.8322238079825,9166.62414923437,40,0.656654553997214
replacement_aware_clear_probe,941,12,4,12,1.0,True,779.1045638819986,9349.254766583983,6138.254766583982,30691.273832919916,2655.0,531,482,0.9077212806026366,49,0,496,12,12,12,4,4,1977.7945127139617,6004.4547303648405,2042.5141563273282,9349.254766583983,160,0.5179125470021972
replacement_aware_clear_probe,942,13,7,13,1.0,True,652.2786604678774,8479.622586082407,5594.622586082406,27973.112930412037,2380.0,476,434,0.9117647058823529,42,0,440,13,13,13,5,5,2001.9421880359369,8086.849108206734,754.7269833186558,8479.622586082407,60,0.4686024879993056
replacement_aware_clear_probe,943,14,7,14,1.0,True,639.6108524018889,8954.551933626444,6051.551933626447,30257.759668132243,2390.0,478,425,0.8891213389121339,53,0,443,14,14,14,7,7,1849.5255126177435,4381.495400233994,1310.826940379844,8680.304400402569,99,0.5685255319986027
replacement_aware_clear_probe,944,10,5,10,1.0,True,833.9681800113838,8339.681800113838,5482.681800113837,27413.4090005692,2370.0,474,439,0.9261603375527426,35,0,437,10,10,10,7,7,130.76,330.2,402.687489548966,8339.681800113838,40,0.5975881129998015
replacement_aware_clear_probe,945,13,6,13,1.0,True,689.6360575042262,8965.268747554941,5775.268747554944,28876.34373777473,2635.0,527,477,0.905123339658444,50,0,490,13,13,13,4,4,1765.7646555752372,5149.549495608458,4854.991026869629,8924.268747554941,353,0.5234578379968298
replacement_aware_clear_probe,946,10,5,10,1.0,True,975.3422116294498,9753.422116294498,6405.422116294493,32027.11058147248,2780.0,556,512,0.920863309352518,44,0,518,10,10,10,13,13,1136.6132691085888,3265.4442303619626,2059.332170873717,9753.422116294498,159,0.5660211159993196
replacement_aware_clear_probe,947,11,4,11,1.0,True,833.969619601288,9173.665815614168,5633.665815614167,28168.32907807084,2935.0,587,541,0.9216354344122658,46,0,550,11,11,11,4,4,3326.026469599135,8614.187894767963,1800.9194310516482,9173.665815614168,134,0.49967474000004586
replacement_aware_clear_probe,948,14,9,14,1.0,True,640.7683443263669,8970.756820569137,6062.756820569139,30313.784102845697,2395.0,479,426,0.8893528183716075,53,0,443,14,14,14,13,13,2361.3045032564537,6020.879101651656,487.21795494538264,8970.756820569137,40,0.5994686850026483
replacement_aware_clear_probe,949,12,6,12,1.0,True,759.3805631993955,9112.566758392746,6031.566758392745,30157.833791963734,2550.0,510,470,0.9215686274509803,40,0,471,12,12,12,5,5,2182.8704899659533,4473.183728043533,2081.950630144031,9112.566758392746,160,0.6145752250013174
replacement_aware_clear_probe,950,11,4,11,1.0,True,818.5448716388614,9003.993588027475,5570.993588027472,27854.967940137376,2845.0,569,528,0.9279437609841827,41,0,533,11,11,11,5,5,2569.5270542737517,7246.827900015654,1830.057837322957,8808.544641319888,140,0.46509142199647613
replacement_aware_clear_probe,951,16,8,16,1.0,True,488.0445620330618,7808.712992528989,5443.71299252899,27218.56496264496,1930.0,386,328,0.8497409326424871,58,0,355,16,16,16,8,8,1451.3527536544643,7291.629697657498,804.3720867348693,7699.82381588941,60,0.6066098119990784
replacement_aware_clear_probe,952,10,7,10,1.0,True,971.5099962250988,9715.099962250988,6093.099962250986,30465.49981125494,3005.0,601,562,0.9351081530782029,39,0,567,10,10,10,10,10,2571.5033447535793,7866.243497665183,1290.2492798390376,9715.099962250988,100,0.5375135219946969
replacement_aware_clear_probe,953,10,7,10,1.0,True,959.3595268101811,9593.595268101812,6045.5952681018125,30227.97634050907,2945.0,589,556,0.9439728353140917,33,0,553,10,10,10,8,8,2394.990702287552,7740.375384370167,1305.0855589737648,9593.595268101812,100,0.47569697799917776
replacement_aware_clear_probe,954,11,8,11,1.0,True,842.7266206956887,9269.992827652575,6077.992827652572,30389.964138262876,2645.0,529,496,0.9376181474480151,33,0,492,11,11,11,6,6,2501.0318048403046,6842.883131169132,691.1957510416622,9269.992827652575,60,0.6371525770009612
replacement_aware_clear_probe,955,15,8,15,1.0,True,584.0273278312402,8760.409917468603,6115.4099174686025,30577.04958734302,2170.0,434,376,0.8663594470046083,58,0,400,15,15,15,10,10,1509.0516203677134,5296.278241548781,670.1454598586844,7985.4673447392015,60,0.737361741004861
replacement_aware_clear_probe,956,15,10,15,1.0,True,619.0460054107086,9285.69008116063,6537.6900811606265,32688.450405803145,2260.0,452,397,0.8783185840707964,55,0,413,15,15,15,8,8,1973.9866639926092,4941.877942025444,497.64798720850524,9285.69008116063,40,0.6472083900007419
replacement_aware_clear_probe,957,13,6,13,1.0,True,640.2213035365231,8322.8769459748,5738.876945974798,28694.384729874004,2130.0,426,375,0.8802816901408451,51,0,389,13,13,13,4,4,1104.6853736694711,3796.0093582206746,455.28881882558477,6993.60562684326,40,0.7734821229969384
replacement_aware_clear_probe,958,12,7,12,1.0,True,719.1634568315517,8629.96148197862,5550.961481978621,27754.807409893117,2545.0,509,468,0.9194499017681729,41,0,474,12,12,12,7,7,2326.1485095954645,5730.231214037682,750.0836060449473,7942.463183885682,60,0.6249707070019213
replacement_aware_clear_probe,959,13,8,13,1.0,True,671.1167144142323,8724.51728738502,6000.517287385021,30002.58643692512,2245.0,449,398,0.8864142538975501,51,0,414,13,13,13,9,9,1236.1929228324843,5874.099271062509,477.36380812624157,7978.1469184179,40,0.7192762630002107
replacement_aware_clear_probe,960,13,6,13,1.0,True,695.8012086175206,9045.415712027769,5986.415712027768,29932.07856013884,2525.0,505,457,0.904950495049505,48,0,469,13,13,13,7,7,1889.4765820745727,3970.648162179779,2605.535594133555,9045.415712027769,200,0.5511986880010227
replacement_aware_clear_probe,961,15,3,15,1.0,True,585.8301845371791,8787.452768057687,6025.452768057688,30127.263840288448,2270.0,454,399,0.8788546255506607,55,0,417,15,15,15,3,3,2389.517013147258,7866.660985468642,1206.92759323325,8432.508800985093,95,0.6334922610039939
replacement_aware_clear_probe,962,12,6,12,1.0,True,681.1260818297342,8173.51298195681,5516.51298195681,27582.564909784065,2195.0,439,403,0.9179954441913439,36,0,402,12,12,12,2,2,1231.326314319432,5569.662013844403,479.03560711466264,8173.51298195681,40,0.5546700909981155
replacement_aware_clear_probe,963,14,9,14,1.0,True,573.1743698003086,8024.4411772043195,5288.44117720432,26442.205886021617,2250.0,450,397,0.8822222222222222,53,0,416,14,14,14,11,11,986.559198564795,4490.630025582708,746.6991855784287,7692.784993099994,60,0.6242833739961497
replacement_aware_clear_probe,964,16,7,16,1.0,True,545.6996802717816,8731.194884348506,5801.194884348507,29005.974421742547,2405.0,481,422,0.8773388773388774,59,0,445,16,16,16,11,11,1569.1775565129028,4960.669264574948,784.2014870529869,8731.194884348506,60,0.5908512620007969
replacement_aware_clear_probe,965,11,7,11,1.0,True,835.0176036628856,9185.193640291742,5927.193640291742,29635.968201458723,2700.0,540,502,0.9296296296296296,38,0,503,11,11,11,4,4,2788.6415667424485,7753.097615131681,789.6568332053512,8997.945691568704,60,0.5547904009945341
replacement_aware_clear_probe,966,10,4,10,1.0,True,883.6433508051508,8836.433508051508,5833.433508051508,29167.16754025755,2490.0,498,461,0.9257028112449799,37,0,463,10,10,10,5,5,1223.095697412599,3021.9609494337265,470.71317639108395,8836.433508051508,40,0.5384396060035215
replacement_aware_clear_probe,967,14,6,14,1.0,True,594.8027982719085,8327.239175806719,6031.239175806719,30156.195879033614,1885.0,377,326,0.8647214854111406,51,0,341,14,14,14,4,4,869.2842600316626,5424.665718555845,720.1429015598574,7184.112563774691,60,0.695941297999525
replacement_aware_clear_probe,968,16,6,16,1.0,True,520.3071096516427,8324.913754426283,5579.913754426281,27899.568772131417,2250.0,450,389,0.8644444444444445,61,0,415,16,16,16,8,8,2486.7015535946443,6025.0617120846255,1070.0436408003818,8324.913754426283,80,0.5669181420016685
replacement_aware_clear_probe,969,13,6,13,1.0,True,661.8708149965903,8604.320594955674,5826.320594955672,29131.602974778365,2290.0,458,408,0.8908296943231441,50,0,423,13,13,13,7,7,1307.5922376244623,6043.29462707744,434.819039514536,8604.320594955674,40,0.6034268350049388
replacement_aware_clear_probe,970,16,10,16,1.0,True,487.12618479647483,7794.018956743597,5383.018956743599,26915.094783717992,1970.0,394,337,0.8553299492385786,57,0,361,16,16,16,10,10,1825.1701205599113,5286.969572039324,515.7154475991823,7565.615200488621,40,0.687070086998574
replacement_aware_clear_probe,971,12,7,12,1.0,True,762.3909525463147,9148.691430555777,6023.6914305557775,30118.457152778905,2585.0,517,473,0.9148936170212766,44,0,480,12,12,12,6,6,2163.944683124155,8108.123540866851,492.7782162983232,9148.691430555777,40,0.5958764480019454
replacement_aware_clear_probe,972,15,9,15,1.0,True,565.21881038754,8478.2821558131,5595.2821558131,27976.410779065503,2370.0,474,415,0.8755274261603375,59,0,438,15,15,15,8,8,1857.5047539229388,6154.435273319188,462.70781727282736,7380.063385658934,40,0.5428603239997756
replacement_aware_clear_probe,973,11,7,11,1.0,True,875.1094717360976,9626.204189097074,6347.204189097073,31736.020945485372,2720.0,544,502,0.9227941176470589,42,0,504,11,11,11,11,11,1315.0840894661449,4205.791706943499,518.6971226068142,9626.204189097074,40,0.610217831999762
replacement_aware_clear_probe,974,12,9,12,1.0,True,785.6940335554422,9428.328402665305,5665.328402665306,28326.642013326535,3115.0,623,574,0.9213483146067416,49,0,588,12,12,12,14,14,1546.5965148082987,6043.386059233194,2371.27600828121,9428.328402665305,180,0.44674942799611017
replacement_aware_clear_probe,975,13,7,13,1.0,True,671.6049049028103,8730.863763736534,5491.863763736536,27459.318818682685,2675.0,535,481,0.8990654205607477,54,0,499,13,13,13,8,8,2836.7514298985448,4810.079313150308,1823.3397834845869,8413.221078261964,140,0.47964274200057844
replacement_aware_clear_probe,976,16,7,16,1.0,True,492.10995250854506,7873.759240136721,5395.759240136722,26978.79620068361,2025.0,405,341,0.8419753086419753,64,0,373,16,16,16,7,7,1076.3709256618372,5326.930673514311,1799.2018382852943,7873.759240136721,140,0.6482734710007207
replacement_aware_clear_probe,977,15,10,15,1.0,True,623.1864360316771,9347.796540475156,6653.796540475154,33268.98270237578,2215.0,443,388,0.8758465011286681,55,0,404,15,15,15,10,10,1410.2011079555284,6062.581939311152,505.0672906246499,9347.796540475156,40,0.6733686250008759
replacement_aware_clear_probe,978,14,8,14,1.0,True,636.6903298134886,8913.66461738884,5958.6646173888375,29793.3230869442,2435.0,487,433,0.8891170431211499,54,0,450,14,14,14,5,5,3253.471227175069,6685.3650249597,501.57252318416283,8913.66461738884,40,0.5538586680049775
replacement_aware_clear_probe,979,13,6,13,1.0,True,729.5224202567729,9483.791463338048,6154.791463338049,30773.95731669026,2750.0,550,498,0.9054545454545454,52,0,514,13,13,13,11,11,1670.541631651595,6501.461211036328,518.4439801948482,9483.791463338048,40,0.48778972800209885
replacement_aware_clear_probe,980,13,8,13,1.0,True,703.4260206698649,9144.538268708244,6175.538268708241,30877.691343541224,2450.0,490,437,0.8918367346938776,53,0,454,13,13,13,12,12,1171.8032765938726,3630.1354775321374,464.8859035801322,8834.342002692467,40,0.6005086770019261
replacement_aware_clear_probe,981,11,6,11,1.0,True,793.6431410452245,8730.07455149747,5526.07455149747,27630.372757487366,2655.0,531,488,0.9190207156308852,43,0,494,11,11,11,5,5,1783.8305274879074,3368.4811295253694,2322.856038218755,7784.786040433364,180,0.5109744350047549
replacement_aware_clear_probe,982,14,6,14,1.0,True,628.9954994908588,8805.936992872024,5830.936992872025,29154.68496436013,2450.0,490,437,0.8918367346938776,53,0,455,14,14,14,6,6,3112.9491311459083,5967.768413157825,2209.1038004475654,8677.86271269466,171,0.5562507650029147
replacement_aware_clear_probe,983,15,10,15,1.0,True,636.3611048182852,9545.416572274278,6764.4165722742755,33822.082861371375,2285.0,457,401,0.8774617067833698,56,0,421,15,15,15,11,11,1788.8562826788584,5758.305228350676,1490.5425930472484,8793.276860068067,120,0.6002736759983236
replacement_aware_clear_probe,984,16,7,16,1.0,True,488.90978319603124,7822.5565311365,5639.5565311365,28197.782655682517,1775.0,355,303,0.8535211267605634,52,0,328,16,16,16,7,7,1200.7525197521318,4001.5011773997667,407.8673578892674,7822.5565311365,40,0.6937493749937858
replacement_aware_clear_probe,985,12,6,12,1.0,True,761.7731019860167,9141.277223832201,5984.277223832201,29921.386119161012,2610.0,522,479,0.9176245210727969,43,0,487,12,12,12,6,6,1732.2132745429217,4940.400533488046,2048.9275554615106,8244.404895650185,160,0.526726215997769
replacement_aware_clear_probe,986,10,5,10,1.0,True,837.9152411527269,8379.15241152727,5395.15241152727,26975.762057636366,2475.0,495,460,0.9292929292929293,35,0,459,10,10,10,6,6,325.4,1614.2,2265.2218691389553,7299.5462978440155,167,0.6394110169931082
replacement_aware_clear_probe,987,14,7,14,1.0,True,628.2360913234428,8795.3052785282,6250.305278528198,31251.526392641004,2090.0,418,370,0.8851674641148325,48,0,385,14,14,14,5,5,1702.8286001573724,7056.853122255654,479.8374428429998,7957.958554112772,40,0.6431222829996841
replacement_aware_clear_probe,988,12,9,12,1.0,True,746.8970467630598,8962.764561156719,5745.764561156717,28728.822805783588,2660.0,532,488,0.9172932330827067,44,0,497,12,12,12,9,9,1623.326017042439,4277.728105373442,2911.8209487865383,8962.764561156719,220,0.5396464469959028
replacement_aware_clear_probe,989,16,5,16,1.0,True,520.5561035270752,8328.897656433202,5428.8976564332015,27144.488282166014,2380.0,476,415,0.8718487394957983,61,0,440,16,16,16,7,7,2504.338210205161,7120.155018491159,740.5800660123989,8328.897656433202,60,0.5249108619973413
replacement_aware_clear_probe,990,16,6,16,1.0,True,504.74454015019734,8075.912642403157,5500.912642403159,27504.563212015804,2105.0,421,360,0.8551068883610451,61,0,390,16,16,16,5,5,1643.8848103914117,5911.227318707243,682.945629445036,8075.912642403157,60,0.6445870269963052
replacement_aware_clear_probe,991,11,6,11,1.0,True,888.8560465590676,9777.416512149744,6231.416512149742,31157.082560748735,2940.0,588,545,0.9268707482993197,43,0,551,11,11,11,7,7,3727.167718284478,6446.686610491129,2892.2429435836502,9777.416512149744,217,0.5209943219961133
replacement_aware_clear_probe,992,11,7,11,1.0,True,824.9124190193902,9074.036609213292,5898.036609213291,29490.183046066464,2630.0,526,485,0.9220532319391636,41,0,491,11,11,11,7,7,1647.9711267919943,4536.81969921085,518.5943093102484,9074.036609213292,40,0.4839091620015097
replacement_aware_clear_probe,993,10,6,10,1.0,True,838.592302350072,8385.92302350072,5186.92302350072,25934.615117503614,2655.0,531,494,0.9303201506591338,37,0,494,10,10,10,5,5,1159.9223707128185,4204.0866762872265,502.4686100179084,6313.645482234785,40,0.47305242600123165
replacement_aware_clear_probe,994,11,5,11,1.0,True,809.5680322329041,8905.248354561945,5646.248354561943,28231.241772809728,2700.0,540,499,0.924074074074074,41,0,504,11,11,11,7,7,2658.237568470981,7385.2258013941255,471.48660221978787,8905.248354561945,40,0.4860634650030988
replacement_aware_clear_probe,995,11,2,11,1.0,True,756.1298457265452,8317.428302991997,5358.428302992,26792.141514960014,2450.0,490,448,0.9142857142857143,42,0,454,11,11,11,1,1,1210.483155807774,6236.553057157505,1286.1138437086101,8264.428302991997,100,0.5005554109957302
replacement_aware_clear_probe,996,13,5,13,1.0,True,679.8803582713856,8838.444657528013,6007.4446575280135,30037.223287640092,2335.0,467,424,0.9079229122055674,43,0,431,13,13,13,4,4,1511.9688684058297,5869.219043942711,502.02138845021045,8838.444657528013,40,0.6086043670002255
replacement_aware_clear_probe,997,13,6,13,1.0,True,634.8316223627137,8252.811090715279,5588.8110907152795,27944.055453576413,2195.0,439,396,0.9020501138952164,43,0,404,13,13,13,6,6,1385.9181610698408,4744.788351654116,498.0152067347803,8252.811090715279,40,0.5506375719996868
replacement_aware_clear_probe,998,11,4,11,1.0,True,777.5473301142753,8553.020631257028,5384.020631257029,26920.103156285157,2625.0,525,485,0.9238095238095239,40,0,489,11,11,11,5,5,1894.2482816083977,7571.509941500564,797.8386997920184,8553.020631257028,60,0.4913610889998381
replacement_aware_clear_probe,999,16,10,16,1.0,True,528.3250002046708,8453.200003274733,5633.200003274736,28166.000016373684,2310.0,462,406,0.8787878787878788,56,0,430,16,16,16,8,8,2520.2889371445285,6335.810651531782,1287.6274840830954,8453.200003274733,100,0.5641300990027958
