strategy,seed,emitter_count,directional_count,cleared_count,clear_rate,all_cleared,average_localize_clear_time_s,virtual_time_s,movement_time_s,movement_distance_m,measure_time_s,measure_count,no_signal_count,no_signal_rate,direction_count,near_count,channel_switch_count,optical_count,clear_attempt_count,clear_success_count,directional_loss_count,directional_reacquisition_count,mean_first_seen_time_s,max_first_seen_time_s,first_clear_time_s,last_clear_time_s,measurements_before_first_clear,wall_time_s
clear_probe,0,16,8,16,1.0,True,572.2163842533865,9155.462148054185,6234.462148054185,31172.310740270925,2370.0,474,412,0.869198312236287,62,0,471,16,16,16,12,12,1676.2025348463776,5760.766443965814,490.4637186641315,9155.462148054185,40,0.07604824799636845
clear_probe,1,11,7,11,1.0,True,857.599777834296,9433.597556177256,6259.597556177259,31297.98778088629,2600.0,520,479,0.9211538461538461,41,0,519,11,11,11,6,6,1704.7156025892668,6315.817027978247,1319.9869784557202,9433.597556177256,98,0.05184346900205128
clear_probe,2,16,6,16,1.0,True,615.7778249795525,9852.44519967284,7204.445199672841,36022.22599836421,2145.0,429,368,0.8578088578088578,61,0,423,16,16,16,7,7,1716.5572553032155,6416.023253259601,1033.6309582310344,9852.44519967284,80,0.0934641929998179
clear_probe,3,11,2,11,1.0,True,792.7926519940356,8720.719171934392,5540.7191719343955,27703.595859671972,2605.0,521,475,0.9117082533589251,46,0,520,11,11,11,4,4,2210.259202394917,5221.591162926615,1750.6791874398764,8720.719171934392,137,0.0471657160014729
clear_probe,4,11,5,11,1.0,True,838.5675295874742,9224.242825462215,5907.242825462214,29536.21412731107,2720.0,544,503,0.9246323529411765,41,0,542,11,11,11,7,7,1875.0109637244802,5167.706866989761,3677.0418794916563,9224.242825462215,272,0.056101751993992366
clear_probe,5,14,6,14,1.0,True,669.7333743044853,9376.267240262794,6434.267240262793,32171.33620131397,2395.0,479,430,0.8977035490605428,49,0,477,14,14,14,9,9,2731.5520927518664,5426.457428708041,1818.1265583866993,9376.267240262794,140,0.07897859800141305
clear_probe,6,16,6,16,1.0,True,425.46896502505297,6807.5034404008475,4664.503440400848,23322.517202004245,1720.0,344,282,0.8197674418604651,62,0,343,16,16,16,7,7,1131.6385307860146,5600.213559500347,502.7389155774529,6807.5034404008475,40,0.05445031199633377
clear_probe,7,12,7,12,1.0,True,776.7637060219116,9321.164472262939,6118.164472262938,30590.822361314695,2620.0,524,480,0.916030534351145,44,0,523,12,12,12,9,9,2570.470047860791,6459.11651369334,2000.3282122706578,9321.164472262939,153,0.10059651600022335
clear_probe,8,11,6,11,1.0,True,847.9552563730223,9327.507820103245,6103.507820103243,30517.539100516213,2645.0,529,494,0.9338374291115312,35,0,524,11,11,11,7,7,2547.158773032363,4934.722317759975,726.2713812523642,9327.507820103245,60,0.06335804000264034
clear_probe,9,13,8,13,1.0,True,728.9205196656775,9475.966755653808,6099.966755653808,30499.833778269043,2760.0,552,506,0.9166666666666666,46,0,551,13,13,13,8,8,2705.4340562658076,6582.101907167093,489.11577981176504,9475.966755653808,40,0.0538445310012321
clear_probe,10,14,8,14,1.0,True,622.3015842666707,8712.22217973339,5577.222179733387,27886.110898666946,2555.0,511,453,0.8864970645792564,58,0,510,14,14,14,8,8,1829.4266311896704,5347.552168194323,3925.2492465730984,8676.22217973339,300,0.06829715800267877
clear_probe,11,13,8,13,1.0,True,719.4999838263419,9353.499789742446,6332.4997897424455,31662.498948712233,2465.0,493,445,0.9026369168356998,48,0,491,13,13,13,13,13,1618.0376712903837,6811.349568391374,733.7348583470529,9353.499789742446,59,0.06972899199899985
clear_probe,12,13,10,13,1.0,True,732.3174764940348,9520.127194422454,6432.127194422453,32160.635972112264,2520.0,504,458,0.9087301587301587,46,0,503,13,13,13,10,10,2192.8664001018683,7993.019610620754,491.2435141061389,9520.127194422454,40,0.05258283799776109
clear_probe,13,12,6,12,1.0,True,815.7232964693909,9788.679557632691,6773.679557632695,33868.39778816348,2465.0,493,454,0.920892494929006,39,0,490,12,12,12,7,7,1908.9280579709791,7481.18700868467,776.8433221086632,9788.679557632691,60,0.046058701002039015
clear_probe,14,10,6,10,1.0,True,889.7271274156525,8897.271274156525,5770.271274156523,28851.35637078261,2565.0,513,478,0.9317738791423001,35,0,512,10,10,10,4,4,2122.336362909731,5665.546737019157,403.94169435937135,8398.533381472926,40,0.031053104998136405
clear_probe,15,11,5,11,1.0,True,869.8351374085574,9568.186511494132,6346.186511494131,31730.932557470653,2640.0,528,488,0.9242424242424242,40,0,527,11,11,11,6,6,2113.126406287878,8178.004564958013,1755.398523545633,9568.186511494132,138,0.060457436004071496
clear_probe,16,12,8,12,1.0,True,720.4764870703971,8645.717844844765,5922.717844844764,29613.589224223826,2220.0,444,404,0.9099099099099099,40,0,443,12,12,12,6,6,1718.785355254943,4527.998693803507,524.7521508905238,8026.183412811235,40,0.031548068996926304
clear_probe,17,14,8,14,1.0,True,637.9927867303226,8931.899014224517,5779.899014224515,28899.495071122576,2570.0,514,457,0.8891050583657587,57,0,512,14,14,14,8,8,3030.4282094823134,6969.890824545119,1550.8480493243965,8931.899014224517,117,0.0731589949937188
clear_probe,18,11,4,11,1.0,True,887.4908143941415,9762.398958335556,6422.398958335554,32111.99479167778,2740.0,548,496,0.9051094890510949,52,0,545,11,11,11,3,3,1995.2448537361997,6679.548185865051,2026.1024995929724,9762.398958335556,153,0.17166227299458114
clear_probe,19,15,10,15,1.0,True,657.6875413907809,9865.313120861714,6915.313120861714,34576.56560430857,2400.0,480,423,0.88125,57,0,475,15,15,15,6,6,3380.63782147192,7254.28689263057,448.98378313357387,9865.313120861714,40,0.14689368199469754
clear_probe,20,15,6,15,1.0,True,547.5067166931291,8212.600750396936,5402.600750396936,27013.00375198468,2280.0,456,399,0.875,57,0,455,15,15,15,5,5,1486.9158399826665,6438.6244327465265,501.9904123080294,7334.607460509416,40,0.0674108149978565
clear_probe,21,11,5,11,1.0,True,812.8513795487222,8941.365175035944,5743.365175035943,28716.82587517972,2620.0,524,486,0.9274809160305344,38,0,523,11,11,11,6,6,1745.8187555040524,5584.8007269392565,466.4593564062068,8659.949261543281,40,0.07260785300604766
clear_probe,22,11,2,11,1.0,True,698.16536619994,7679.819028199339,4745.819028199339,23729.095140996695,2400.0,480,442,0.9208333333333333,38,0,479,11,11,11,1,1,1951.521463897356,5401.905528557371,719.3933322121983,7151.019033192535,60,0.0415916499987361
clear_probe,23,16,9,16,1.0,True,603.4095262135638,9654.552419417021,6799.552419417023,33997.76209708511,2315.0,463,402,0.8682505399568035,61,0,460,16,16,16,8,8,1546.0998545979028,5219.754006105825,1498.8333434968235,9654.552419417021,117,0.10894125399499899
clear_probe,24,15,10,15,1.0,True,651.9087871415267,9778.6318071229,6742.631807122899,33713.1590356145,2470.0,494,443,0.8967611336032388,51,0,491,15,15,15,10,10,2195.1154310157162,6297.678145157956,1208.9736937949199,9778.6318071229,97,0.13629449300060514
clear_probe,25,13,7,13,1.0,True,631.4261630319827,8208.540119415775,5674.540119415774,28372.70059707887,2060.0,412,367,0.8907766990291263,45,0,409,13,13,13,8,8,660.6417831926608,4861.2656001125615,510.8329947836284,8208.540119415775,40,0.08010800500051118
clear_probe,26,15,7,15,1.0,True,599.1307095137306,8986.960642705959,6128.960642705957,30644.803213529784,2320.0,464,408,0.8793103448275862,56,0,463,15,15,15,8,8,2049.5527771137954,5924.643370099729,453.24033488166896,8986.960642705959,40,0.0806357969995588
clear_probe,27,15,6,15,1.0,True,504.83865503209404,7572.579825481411,4912.57982548141,24562.899127407054,2155.0,431,374,0.8677494199535963,57,0,430,15,15,15,7,7,1802.9100406373618,5999.042515030798,523.300445590628,7572.579825481411,40,0.05087373699643649
clear_probe,28,10,6,10,1.0,True,850.3850681013082,8503.850681013082,5394.850681013082,26974.25340506541,2550.0,510,479,0.9392156862745098,31,0,509,10,10,10,7,7,494.0571158367255,2092.3136327450284,481.6410238406226,8503.850681013082,40,0.039469340998039115
clear_probe,29,14,7,14,1.0,True,682.7976345896979,9559.16688425577,6569.16688425577,32845.83442127884,2435.0,487,434,0.891170431211499,53,0,485,14,14,14,7,7,1704.9126917291858,7014.590146010647,762.1706040277918,9559.16688425577,60,0.06816557999991346
clear_probe,30,14,5,14,1.0,True,714.7994469051858,10007.192256672603,7013.192256672604,35065.96128336302,2440.0,488,433,0.8872950819672131,55,0,484,14,14,14,5,5,2740.64976163045,6246.892827653639,1537.3505361176833,10007.192256672603,120,0.08112598900333978
clear_probe,31,10,5,10,1.0,True,946.1999722655997,9461.999722655997,5938.999722655995,29694.998613279975,2895.0,579,537,0.927461139896373,42,0,578,10,10,10,7,7,318.6787397385004,879.5957991283346,458.74753210903236,9461.999722655997,40,0.07348611699853791
clear_probe,32,10,6,10,1.0,True,911.701728211231,9117.01728211231,5798.0172821123115,28990.086410561562,2725.0,545,512,0.9394495412844037,33,0,544,10,10,10,4,4,2988.231172778196,8380.843123852173,1744.9644347851222,9117.01728211231,133,0.03546733000257518
clear_probe,33,14,6,14,1.0,True,690.6177262899203,9668.648168058884,6906.648168058885,34533.24084029443,2245.0,449,397,0.8841870824053452,52,0,447,14,14,14,12,12,1025.375634158969,4826.511239312899,467.78001383009047,9668.648168058884,40,0.08298591199854854
clear_probe,34,14,10,14,1.0,True,644.9518235841527,9029.32553017814,5913.325530178142,29566.627650890707,2540.0,508,452,0.889763779527559,56,0,506,14,14,14,15,15,1593.2960141808476,7213.629637439368,507.24872845484845,9029.32553017814,40,0.07283350200304994
clear_probe,35,14,9,14,1.0,True,774.5219449204812,10843.307228886737,7650.30722888674,38251.53614443371,2605.0,521,470,0.9021113243761996,51,0,518,14,14,14,13,13,2720.765349746035,6790.337652266211,2577.3183456678876,10843.307228886737,188,0.10139215900562704
clear_probe,36,12,7,12,1.0,True,840.8887854059159,10090.665424870991,7143.66542487099,35718.32712435495,2410.0,482,438,0.9087136929460581,44,0,477,12,12,12,7,7,2064.3947411048885,8252.903394408091,430.46870354063634,10090.665424870991,40,0.08784178699715994
clear_probe,37,15,9,15,1.0,True,621.6522395623483,9324.783593435224,6366.783593435225,31833.91796717613,2405.0,481,425,0.8835758835758836,56,0,478,15,15,15,14,14,1313.169422334026,5066.024107028577,1523.867894525041,9324.783593435224,120,0.096342785996967
clear_probe,38,15,9,15,1.0,True,553.5440901632229,8303.161352448344,5769.161352448344,28845.806762241722,2050.0,410,355,0.8658536585365854,55,0,409,15,15,15,9,9,2351.494913006261,6252.693855930756,803.7411600715145,8303.161352448344,60,0.04828889800410252
clear_probe,39,11,4,11,1.0,True,794.7190136287137,8741.909149915851,5597.909149915849,27989.54574957924,2575.0,515,477,0.9262135922330097,38,0,514,11,11,11,3,3,2356.930501047605,6620.700760707697,737.5647702531049,8741.909149915851,60,0.04542593500082148
clear_probe,40,13,5,13,1.0,True,563.8348943941784,7329.853627124319,5033.853627124319,25169.268135621594,1860.0,372,321,0.8629032258064516,51,0,371,13,13,13,3,3,835.1801023587955,2571.1691960453118,432.1955215423772,7329.853627124319,40,0.04393414200603729
clear_probe,41,13,9,13,1.0,True,747.4426597319689,9716.754576515596,6898.754576515595,34493.77288257796,2295.0,459,411,0.8954248366013072,48,0,458,13,13,13,10,10,1889.4211020780224,5089.258324023526,743.7115553941263,9716.754576515596,60,0.048827615995833185
clear_probe,42,15,6,15,1.0,True,620.4961876056898,9307.442814085347,6927.442814085343,34637.21407042672,1925.0,385,322,0.8363636363636363,63,0,380,15,15,15,7,7,751.5329833429961,2276.1731942042934,520.6467308598617,9307.442814085347,40,0.10724227200262249
clear_probe,43,10,8,10,1.0,True,919.1022372863159,9191.022372863159,5836.022372863159,29180.1118643158,2755.0,551,514,0.9328493647912885,37,0,550,10,10,10,9,9,3252.476921104976,6571.915713685677,448.5995400087695,8155.817927625028,40,0.0592214749995037
clear_probe,44,13,7,13,1.0,True,789.5116139900593,10263.650981870771,7287.650981870768,36438.25490935383,2430.0,486,440,0.9053497942386831,46,0,481,13,13,13,12,12,1424.218439542314,7432.095473257146,523.896436872775,10263.650981870771,40,0.13194022900279379
clear_probe,45,12,6,12,1.0,True,692.9178513559864,8315.014216271837,5502.014216271837,27510.07108135919,2295.0,459,416,0.906318082788671,43,0,458,12,12,12,7,7,1612.153372952581,4957.033141825718,744.0154418131798,7773.783888021551,60,0.05843037000158802
clear_probe,46,10,4,10,1.0,True,903.2429998935488,9032.429998935488,5611.429998935486,28057.14999467743,2810.0,562,516,0.9181494661921709,46,0,561,10,10,10,10,10,1776.5,4271.0,4716.1686766020875,8765.008987982086,350,0.058859752003627364
clear_probe,47,12,5,12,1.0,True,704.5603475950583,8454.724171140699,5317.7241711407,26588.6208557035,2565.0,513,469,0.9142300194931774,44,0,512,12,12,12,6,6,2494.197449701845,5565.5582992305335,1733.330648851871,8190.06191058869,134,0.05091221600014251
clear_probe,48,14,5,14,1.0,True,610.7982550331318,8551.175570463845,5908.175570463846,29540.877852319234,2145.0,429,375,0.8741258741258742,54,0,428,14,14,14,6,6,1267.307194841879,6551.210533967309,474.1941975964953,8551.175570463845,40,0.06566582599771209
clear_probe,49,10,6,10,1.0,True,879.7053368952047,8797.053368952047,5544.053368952046,27720.26684476024,2670.0,534,495,0.9269662921348315,39,0,533,10,10,10,7,7,727.864730148253,2685.9863030784045,449.6746953257205,8797.053368952047,40,0.04427468300127657
clear_probe,50,13,5,13,1.0,True,644.3155158437328,8376.101705968525,5420.101705968524,27100.508529842627,2410.0,482,428,0.8879668049792531,54,0,481,13,13,13,4,4,2175.7352565506562,6538.434279405895,1804.3778869271423,8334.101705968525,136,0.058082504001504276
clear_probe,51,11,4,11,1.0,True,753.5183606962877,8288.701967659164,5336.701967659166,26683.50983829583,2415.0,483,445,0.9213250517598344,38,0,482,11,11,11,4,4,2091.297516024079,6178.773919706365,476.1536344689191,7437.769591780118,40,0.037052063998999074
clear_probe,52,12,6,12,1.0,True,753.1639798121918,9037.9677577463,5972.967757746298,29864.838788731497,2505.0,501,461,0.9201596806387226,40,0,500,12,12,12,8,8,2385.9800360759164,8209.15251877338,1853.4224637348368,9037.9677577463,138,0.03827494700090028
clear_probe,53,14,6,14,1.0,True,585.896996405728,8202.557949680193,5571.557949680192,27857.789748400966,2135.0,427,375,0.8782201405152225,52,0,426,14,14,14,7,7,2671.048152606202,6802.073995656282,498.1153121603504,8202.557949680193,40,0.05351594400417525
clear_probe,54,11,8,11,1.0,True,974.3343009677454,10717.6773106452,7075.6773106452,35378.38655322601,2990.0,598,550,0.919732441471572,48,0,597,11,11,11,16,16,1942.1558639326902,5391.428625814898,1791.6075369769442,10717.6773106452,140,0.1359657739958493
clear_probe,55,10,5,10,1.0,True,874.2558734134616,8742.558734134616,5412.558734134615,27062.793670673083,2735.0,547,513,0.9378427787934186,34,0,545,10,10,10,4,4,2641.2370083391643,5421.771341460974,794.3109085448798,8742.558734134616,60,0.07799325099767884
clear_probe,56,16,10,16,1.0,True,608.6714531338044,9738.743250140871,6943.743250140868,34718.71625070435,2265.0,453,386,0.8520971302428256,67,0,450,16,16,16,10,10,1867.7316393232893,5480.887874125878,417.43765552074206,9738.743250140871,40,0.14238135200139368
clear_probe,57,10,5,10,1.0,True,874.3211848218641,8743.211848218642,5604.211848218642,28021.05924109321,2575.0,515,481,0.9339805825242719,34,0,514,10,10,10,3,3,1984.9137984647627,8335.774931410888,1546.2456673960062,8743.211848218642,119,0.039000808996206615
clear_probe,58,14,10,14,1.0,True,671.6890385778827,9403.646540090358,6430.646540090356,32153.23270045178,2420.0,484,427,0.8822314049586777,57,0,483,14,14,14,14,14,1223.4792175534078,4352.616619754154,524.8889063412473,9403.646540090358,40,0.09779782300029183
clear_probe,59,11,5,11,1.0,True,877.07918239008,9647.87100629088,6278.8710062908785,31394.35503145439,2765.0,553,510,0.9222423146473779,43,0,549,11,11,11,5,5,2743.5588931726993,5552.670462189598,2006.1192281099632,9647.87100629088,158,0.07957623599941144
clear_probe,60,12,5,12,1.0,True,706.4870016976287,8477.844020371544,6006.844020371543,30034.22010185771,2010.0,402,361,0.8980099502487562,41,0,401,12,12,12,3,3,1129.0973708702422,4423.866015312155,451.8692838197505,8477.844020371544,40,0.043913694004004356
clear_probe,61,13,9,13,1.0,True,708.5043203296643,9210.556164285636,6404.556164285633,32022.78082142816,2285.0,457,411,0.899343544857768,46,0,456,13,13,13,11,11,1702.4945883986543,6714.196329945048,719.7832879538407,9210.556164285636,60,0.06454416600172408
clear_probe,62,14,7,14,1.0,True,692.7353440394525,9698.294816552334,6371.294816552335,31856.47408276167,2715.0,543,487,0.8968692449355433,56,0,542,14,14,14,10,10,3211.970449125152,7206.606035947541,3174.6830484848706,9698.294816552334,238,0.11382293700444279
clear_probe,63,13,7,13,1.0,True,644.5719261180946,8379.435039535228,5611.435039535228,28057.17519767614,2255.0,451,411,0.9113082039911308,40,0,448,13,13,13,10,10,1644.1032772507047,6575.954592825331,475.38552099083654,8379.435039535228,40,0.08538782199320849
clear_probe,64,13,5,13,1.0,True,681.3418817903162,8857.44446327411,5715.44446327411,28577.22231637055,2565.0,513,457,0.8908382066276803,56,0,512,13,13,13,8,8,1490.2785400210425,6443.52636858837,3823.012903666132,8857.44446327411,285,0.06082674799836241
clear_probe,65,13,5,13,1.0,True,690.687789677371,8978.941265805823,5950.941265805823,29754.706329029108,2470.0,494,443,0.8967611336032388,51,0,493,13,13,13,3,3,2062.5601603051527,5298.910247072585,1272.8270967523383,8978.941265805823,97,0.06926340100471862
clear_probe,66,10,7,10,1.0,True,970.1865659386907,9701.865659386907,6049.86565938691,30249.328296934553,3005.0,601,562,0.9351081530782029,39,0,597,10,10,10,12,12,2144.2594116784553,4201.835758572556,1835.4153239217712,9701.865659386907,138,0.12466354600474006
clear_probe,67,10,6,10,1.0,True,937.1434164978831,9371.434164978831,5710.434164978829,28552.17082489415,3010.0,602,564,0.9368770764119602,38,0,601,10,10,10,6,6,3054.0919497872987,4957.319916312164,2825.4021629327626,9371.434164978831,220,0.05216660200676415
clear_probe,68,15,7,15,1.0,True,636.7812274801311,9551.718412201966,6465.718412201964,32328.592061009822,2510.0,502,444,0.8844621513944223,58,0,501,15,15,15,8,8,3019.0437137299173,6331.944078055312,3690.847231925757,9551.718412201966,279,0.05518922599731013
clear_probe,69,15,9,15,1.0,True,670.9837569524093,10064.756354286139,6750.756354286139,33753.7817714307,2700.0,540,482,0.8925925925925926,58,0,539,15,15,15,18,18,1064.8727923774088,4768.971715370049,497.4290462789876,10064.756354286139,40,0.07408913700055564
clear_probe,70,10,3,10,1.0,True,895.79482992318,8957.9482992318,5932.948299231803,29664.74149615902,2480.0,496,453,0.9133064516129032,43,0,495,10,10,10,4,4,1498.0879022156666,5561.856469436516,1806.1660832836358,8957.9482992318,140,0.05296326199459145
clear_probe,71,12,5,12,1.0,True,709.7643448904954,8517.172138685944,5338.172138685942,26690.86069342971,2600.0,520,477,0.9173076923076923,43,0,519,12,12,12,3,3,1910.1347367866965,6644.9047893024745,1744.017009158682,8517.172138685944,136,0.04697634300100617
clear_probe,72,10,8,10,1.0,True,964.0788618480049,9640.788618480048,5763.788618480047,28818.94309240024,3190.0,638,597,0.9357366771159875,41,0,637,10,10,10,14,14,2457.3476663649653,5584.492221216551,3929.2743254171246,9640.788618480048,300,0.06380628600163618
clear_probe,73,12,8,12,1.0,True,796.0851889237832,9553.022267085398,6160.022267085398,30800.11133542699,2780.0,556,513,0.9226618705035972,43,0,553,12,12,12,10,10,3387.011111547896,8560.751886438935,441.7867673202887,9553.022267085398,40,0.043854299998201896
clear_probe,74,16,7,16,1.0,True,476.4243926783561,7622.790282853698,5335.790282853699,26678.9514142685,1840.0,368,314,0.8532608695652174,54,0,367,16,16,16,5,5,1491.6155789131533,6132.656266325839,523.3466226252197,7408.75131748617,40,0.04660674699698575
clear_probe,75,13,8,13,1.0,True,789.3268827807753,10261.24947615008,6679.249476150074,33396.24738075037,2935.0,587,538,0.9165247018739353,49,0,582,13,13,13,11,11,1763.7958115998952,6113.0819395334165,1331.0217021789945,10261.24947615008,100,0.1827373229971272
clear_probe,76,12,6,12,1.0,True,735.7956669916657,8829.548003899989,5896.548003899989,29482.740019499943,2395.0,479,442,0.9227557411273486,37,0,478,12,12,12,7,7,1750.4992139711678,7613.893992359232,2444.142712929731,7959.563330278981,168,0.04181608100043377
clear_probe,77,16,7,16,1.0,True,518.4128455639525,8294.60552902324,5630.605529023238,28153.027645116188,2155.0,431,371,0.8607888631090487,60,0,429,16,16,16,11,11,1001.4053518202938,5794.007592877502,707.576168304475,8294.60552902324,60,0.06426399200427113
clear_probe,78,16,10,16,1.0,True,567.0512875760098,9072.820601216157,6371.820601216158,31859.103006080786,2185.0,437,379,0.8672768878718535,58,0,436,16,16,16,8,8,3018.155846532565,6110.285424879745,416.1623533842405,9072.820601216157,40,0.06861276600102428
clear_probe,79,11,3,11,1.0,True,745.5035128738547,8200.538641612402,5392.538641612401,26962.69320806201,2295.0,459,411,0.8954248366013072,48,0,458,11,11,11,2,2,608.2755495044563,3092.0310445490195,1788.673683891287,8200.538641612402,133,0.05324414799542865
clear_probe,80,12,6,12,1.0,True,796.4636774297127,9557.564129156552,6411.564129156549,32057.820645782736,2575.0,515,467,0.9067961165048544,48,0,511,12,12,12,9,9,1930.1686082163642,7519.680015973723,432.1015354448854,9557.564129156552,40,0.15892326000175672
clear_probe,81,14,6,14,1.0,True,649.1240499340231,9087.736699076324,6121.73669907632,30608.683495381607,2415.0,483,428,0.8861283643892339,55,0,481,14,14,14,7,7,2947.254137353765,7460.939778079211,1820.3755376890635,9087.736699076324,134,0.06874648699886166
clear_probe,82,11,8,11,1.0,True,872.4368511311278,9596.805362442406,6249.805362442406,31249.02681221203,2745.0,549,504,0.9180327868852459,45,0,547,11,11,11,13,13,1180.3890403733224,8011.279444106545,3911.305779639807,9596.805362442406,286,0.07595771599881118
clear_probe,83,13,6,13,1.0,True,679.2498814463876,8830.248458803038,5874.248458803041,29371.24229401521,2410.0,482,430,0.8921161825726142,52,0,481,13,13,13,6,6,1671.333919948966,5337.391611290377,773.2562892030509,8830.248458803038,60,0.054232588001468685
clear_probe,84,15,8,15,1.0,True,570.0609546245362,8550.914319368043,5686.914319368041,28434.571596840207,2325.0,465,400,0.8602150537634409,65,0,464,15,15,15,8,8,2370.0579414571166,5368.946293502014,1012.0764865498473,8550.914319368043,80,0.05571324199991068
clear_probe,85,11,5,11,1.0,True,839.2789231784238,9232.068154962662,5932.068154962661,29660.340774813314,2705.0,541,502,0.9279112754158965,39,0,540,11,11,11,7,7,2551.1395415061143,6647.430880528661,1028.4202170830827,9232.068154962662,80,0.046026188996620476
clear_probe,86,16,11,16,1.0,True,609.7347195745368,9755.75551319259,6908.755513192587,34543.77756596294,2310.0,462,392,0.8484848484848485,70,0,457,16,16,16,18,18,967.4988948995376,4228.425827534591,802.1586481575846,9755.75551319259,60,0.18400345600093715
clear_probe,87,11,6,11,1.0,True,934.5832958880229,10280.416254768252,6976.416254768249,34882.08127384124,2710.0,542,494,0.9114391143911439,48,0,539,11,11,11,13,13,1780.8022781316963,4198.4496169372505,1334.7948100403096,10280.416254768252,100,0.08353461400110973
clear_probe,88,13,11,13,1.0,True,859.801785369108,11177.423209798404,7949.4232097983995,39747.11604899201,2640.0,528,482,0.9128787878787878,46,0,523,13,13,13,16,16,3020.117044364241,8772.691544344863,1506.6358506017114,11177.423209798404,119,0.10252849599783076
clear_probe,89,10,7,10,1.0,True,915.702045793622,9157.02045793622,5800.020457936219,29000.102289681086,2760.0,552,518,0.9384057971014492,34,0,547,10,10,10,8,8,2119.4719931067416,7712.277066899609,758.1264527147989,9157.02045793622,60,0.11775175399816362
clear_probe,90,11,8,11,1.0,True,812.9022526935279,8941.924779628807,5793.924779628808,28969.62389814404,2580.0,516,475,0.9205426356589147,41,0,513,11,11,11,7,7,1546.5117523050546,3974.6605858686085,1504.564568130133,8941.924779628807,118,0.07475055800023256
clear_probe,91,10,2,10,1.0,True,818.4128916204231,8184.128916204231,5219.128916204232,26095.644581021166,2430.0,486,444,0.9135802469135802,42,0,485,10,10,10,3,3,1246.5546323079839,5071.842167466892,1016.3816529390857,7904.630702695021,80,0.04172999400179833
clear_probe,92,13,3,13,1.0,True,648.0694617501545,8424.903002752008,5966.9030027520075,29834.515013760036,1995.0,399,351,0.8796992481203008,48,0,398,13,13,13,2,2,1453.5833286935367,6952.170143771292,516.1465902459222,7923.773793610276,40,0.05383622799854493
clear_probe,93,16,8,16,1.0,True,605.0413304440225,9680.66128710436,7184.661287104357,35923.30643552179,2015.0,403,347,0.8610421836228288,56,0,401,16,16,16,10,10,1091.2135780325764,6484.077462631186,402.3940456099548,9680.66128710436,40,0.06490510299772723
clear_probe,94,14,9,14,1.0,True,723.7688735104464,10132.764229146249,7019.764229146246,35098.821145731235,2540.0,508,462,0.9094488188976378,46,0,503,14,14,14,8,8,2782.784991612913,8419.685202716926,1782.869646214905,10132.764229146249,138,0.07324726899969392
clear_probe,95,16,11,16,1.0,True,577.603087436646,9241.649398986336,6559.649398986334,32798.24699493166,2170.0,434,376,0.8663594470046083,58,0,432,16,16,16,9,9,1681.1054742806082,6312.506393357466,449.25797241076356,9241.649398986336,40,0.06714533799822675
clear_probe,96,12,4,12,1.0,True,794.5059317311058,9534.07118077327,5995.07118077327,29975.355903866348,2900.0,580,530,0.9137931034482759,50,0,579,12,12,12,7,7,2694.26728476664,5355.253419946402,2380.5312069662727,9534.07118077327,180,0.0720346999951289
clear_probe,97,11,4,11,1.0,True,740.0960275480637,8141.0563030287,5291.056303028701,26455.281515143506,2330.0,466,430,0.9227467811158798,36,0,465,11,11,11,4,4,1808.0528676410074,5704.596771825096,1824.1476250114122,8141.0563030287,136,0.04207513800065499
clear_probe,98,12,6,12,1.0,True,671.7443861323292,8060.93263358795,4923.932633587949,24619.663167939747,2565.0,513,465,0.9064327485380117,48,0,512,12,12,12,7,7,2466.5554741412725,6928.2254777636235,1046.9096571987743,7844.023933749745,80,0.04328321199864149
clear_probe,99,13,8,13,1.0,True,751.5335311663328,9769.935905162325,6717.935905162325,33589.679525811625,2490.0,498,452,0.9076305220883534,46,0,497,13,13,13,9,9,2319.851362862573,6924.692625101326,528.1745378855901,9769.935905162325,40,0.04370776100404328
clear_probe,100,11,4,11,1.0,True,740.3781304347982,8144.15943478278,5300.15943478278,26500.797173913903,2325.0,465,425,0.9139784946236559,40,0,464,11,11,11,3,3,966.3814532634705,4024.7104107822647,723.3304369674543,7578.021023720477,59,0.03641763800260378
clear_probe,101,14,11,14,1.0,True,693.059338466978,9702.830738537692,6832.830738537692,34164.153692688466,2335.0,467,412,0.8822269807280514,55,0,465,14,14,14,13,13,1575.0973560372636,7700.2003752310175,665.8568794500363,9702.830738537692,60,0.06526968899561325
clear_probe,102,11,6,11,1.0,True,802.3695397136994,8826.064936850693,5688.064936850694,28440.324684253457,2570.0,514,468,0.9105058365758755,46,0,513,11,11,11,10,10,703.4852571630851,4276.66071992351,1532.9156512627778,8826.064936850693,118,0.06301739499758696
clear_probe,103,15,9,15,1.0,True,658.6029754226317,9879.044631339477,6799.044631339476,33995.223156697386,2505.0,501,449,0.8962075848303394,52,0,500,15,15,15,9,9,2753.6456658170496,6140.828978399184,1535.7859667284827,9879.044631339477,117,0.08912972699909005
clear_probe,104,10,8,10,1.0,True,1016.572023801943,10165.72023801943,6260.720238019438,31303.601190097175,3215.0,643,600,0.9331259720062208,43,0,640,10,10,10,16,16,3379.035344994883,7016.29714587429,3133.9732470468202,10165.72023801943,235,0.07745220999640878
clear_probe,105,14,6,14,1.0,True,607.0422331876778,8498.591264627488,5669.591264627486,28347.95632313743,2300.0,460,402,0.8739130434782608,58,0,459,14,14,14,7,7,1469.027281525404,3345.891884962627,779.3827656502951,8498.591264627488,60,0.051355867995880544
clear_probe,106,15,7,15,1.0,True,599.0678935114661,8986.01840267199,6344.018402671994,31720.092013359976,2140.0,428,364,0.8504672897196262,64,0,427,15,15,15,9,9,1060.3553864439737,3520.205771374123,701.363729031468,8986.01840267199,60,0.08037818299635546
clear_probe,107,11,4,11,1.0,True,753.1811946408586,8284.993141049445,5512.993141049446,27564.96570524722,2265.0,453,414,0.9139072847682119,39,0,452,11,11,11,3,3,1632.4422628930022,4790.208765695533,737.2722297620186,8284.993141049445,60,0.03770532100315904
clear_probe,108,11,5,11,1.0,True,756.8259974897132,8325.085972386845,5386.085972386846,26930.429861934226,2405.0,481,440,0.9147609147609148,41,0,479,11,11,11,6,6,1750.762925693192,7140.221455009317,704.3425704647577,8325.085972386845,60,0.06198845600010827
clear_probe,109,12,6,12,1.0,True,712.6827732937539,8552.193279525047,5601.193279525046,28005.966397625227,2410.0,482,437,0.9066390041493776,45,0,481,12,12,12,6,6,1343.6828551372607,7052.094119492877,534.8202102648636,8552.193279525047,40,0.0454993800012744
clear_probe,110,13,6,13,1.0,True,710.2418169345475,9233.143620149118,6128.143620149114,30640.718100745577,2535.0,507,464,0.9151873767258383,43,0,505,13,13,13,6,6,1539.6627832155855,7582.765546011124,457.0903282480434,9233.143620149118,40,0.05000601000210736
clear_probe,111,16,5,16,1.0,True,563.6126366266394,9017.80218602623,6576.80218602623,32884.01093013115,1970.0,394,332,0.8426395939086294,62,0,391,16,16,16,5,5,2101.9512066904413,6664.917606396734,792.3901539740755,9017.80218602623,60,0.07301774799998384
clear_probe,112,13,6,13,1.0,True,767.7603099717211,9980.884029632374,6730.884029632373,33654.42014816186,2655.0,531,483,0.9096045197740112,48,0,530,13,13,13,9,9,1950.982094053746,6818.545351118243,470.6819469504566,9980.884029632374,40,0.06076988200220512
clear_probe,113,10,4,10,1.0,True,852.4378374144933,8524.378374144933,5385.378374144933,26926.89187072467,2575.0,515,473,0.9184466019417475,42,0,514,10,10,10,1,1,2414.312170471826,7180.811066576747,692.0376907237995,8524.378374144933,60,0.09256924499641173
clear_probe,114,11,3,11,1.0,True,774.4562467156012,8519.018713871614,5567.018713871615,27835.09356935807,2415.0,483,443,0.917184265010352,40,0,482,11,11,11,5,5,1780.7561889734802,4623.401499423526,1518.8415406065037,8048.992311302627,119,0.03982270399865229
clear_probe,115,12,4,12,1.0,True,736.1007518017942,8833.209021621531,5937.20902162153,29686.045108107654,2365.0,473,423,0.8942917547568711,50,0,471,12,12,12,6,6,1009.4252164369178,5428.772376579517,754.4923427148962,8833.209021621531,60,0.10050480400241213
clear_probe,116,16,13,16,1.0,True,688.8808199365623,11022.093118984996,7755.093118984997,38775.46559492498,2660.0,532,473,0.8890977443609023,59,0,527,16,16,16,11,11,2892.747112861548,6766.324773463633,490.38742822338963,11022.093118984996,40,0.13961990700045135
clear_probe,117,11,7,11,1.0,True,826.803818607104,9094.842004678143,5975.842004678141,29879.21002339071,2555.0,511,467,0.913894324853229,44,0,509,11,11,11,8,8,1105.9771749861857,6057.0591993875505,446.79139450674677,9094.842004678143,40,0.05558432600082597
clear_probe,118,15,6,15,1.0,True,528.0872574859341,7921.308862289011,5304.308862289009,26521.54431144505,2120.0,424,364,0.8584905660377359,60,0,422,15,15,15,7,7,800.2347143997893,1691.127567508965,466.6277434340833,7921.308862289011,40,0.05647015500289854
clear_probe,119,12,10,12,1.0,True,836.9669093564099,10043.60291227692,6664.602912276918,33323.0145613846,2770.0,554,508,0.9169675090252708,46,0,549,12,12,12,15,15,3327.0079793293353,7464.230390925657,698.7655866854649,10043.60291227692,60,0.13152981600433122
clear_probe,120,14,7,14,1.0,True,658.4133501112693,9217.78690155777,6166.786901557771,30833.93450778885,2485.0,497,450,0.9054325955734407,47,0,496,14,14,14,10,10,1758.9710755759456,5537.354174979035,3802.886708105167,9217.78690155777,279,0.06978798300406197
clear_probe,121,10,4,10,1.0,True,826.9069025251802,8269.069025251802,5262.069025251802,26310.34512625901,2465.0,493,455,0.922920892494929,38,0,492,10,10,10,4,4,951.699547575388,4696.199542196183,463.41313836490076,7790.9779573478,40,0.03655956000147853
clear_probe,122,14,5,14,1.0,True,618.5419668277628,8659.58753558868,5638.587535588683,28192.937677943413,2460.0,492,443,0.9004065040650406,49,0,491,14,14,14,4,4,2991.2972668506377,7423.330375322738,1305.5031568218767,8415.782659657603,100,0.05391361000511097
clear_probe,123,10,7,10,1.0,True,889.9575580280246,8899.575580280245,5616.575580280245,28082.877901401218,2695.0,539,498,0.9239332096474954,41,0,538,10,10,10,9,9,1340.9460209757203,3604.5952609859273,1791.2020029262767,8899.575580280245,139,0.09198052400461165
clear_probe,124,12,7,12,1.0,True,752.6303934678732,9031.564721614479,6128.564721614479,30642.82360807238,2370.0,474,425,0.8966244725738397,49,0,473,12,12,12,9,9,1982.8980958351815,5429.491849574633,1561.591317160429,9031.564721614479,120,0.05645483999978751
clear_probe,125,11,6,11,1.0,True,801.2758802669606,8814.034682936566,5472.034682936565,27360.17341468283,2740.0,548,507,0.9251824817518248,41,0,547,11,11,11,8,8,2312.6695371698493,5952.119109437161,1811.712723043604,8496.948271881565,140,0.04387206099636387
clear_probe,126,14,9,14,1.0,True,678.9286677744607,9505.00134884245,6809.001348842452,34045.00674421226,2190.0,438,385,0.8789954337899544,53,0,436,14,14,14,9,9,2037.2524631141484,5957.770580154332,486.27628908901187,9505.00134884245,40,0.08511746799922548
clear_probe,127,10,2,10,1.0,True,940.3274324393269,9403.27432439327,5751.274324393268,28756.371621966344,3005.0,601,566,0.9417637271214643,35,0,597,10,10,10,4,4,3633.766663725347,6342.703618160228,2618.824811764648,9403.27432439327,200,0.07164467600523494
clear_probe,128,16,8,16,1.0,True,456.1100750508949,7297.761200814319,5010.76120081432,25053.806004071605,1840.0,368,312,0.8478260869565217,56,0,367,16,16,16,9,9,722.7561198236714,4738.05532459236,407.1539719223666,7297.761200814319,40,0.040037445003690664
clear_probe,129,14,8,14,1.0,True,622.7469625518195,8718.457475725472,5866.45747572547,29332.28737862736,2320.0,464,410,0.8836206896551724,54,0,462,14,14,14,10,10,1750.7853519265045,4203.469349772308,795.3183070200351,8718.457475725472,60,0.06985554499988211
clear_probe,130,14,7,14,1.0,True,601.7244836861794,8424.142771606512,5667.142771606514,28335.71385803256,2240.0,448,389,0.8683035714285714,59,0,447,14,14,14,8,8,1845.4031522053454,7417.104264805671,474.6663141219098,8424.142771606512,40,0.06943761399452342
clear_probe,131,12,4,12,1.0,True,682.0326689702292,8184.392027642751,5347.3920276427525,26736.960138213763,2315.0,463,422,0.9114470842332614,41,0,462,12,12,12,5,5,1630.6440665020416,4088.6761908600797,497.9819416208609,8184.392027642751,40,0.06249707499955548
clear_probe,132,13,7,13,1.0,True,751.2016995595048,9765.622094273564,6372.622094273564,31863.110471367807,2775.0,555,501,0.9027027027027027,54,0,553,13,13,13,9,9,2008.3529255558558,5934.3439379886595,1522.31510181686,9765.622094273564,120,0.10024465499736834
clear_probe,133,13,6,13,1.0,True,604.171492988523,7854.2294088508,5097.229408850801,25486.147044254012,2245.0,449,402,0.8953229398663697,47,0,447,13,13,13,5,5,2475.2861837141204,6815.554055613626,2627.8137767416456,7854.2294088508,200,0.0515889390007942
clear_probe,134,13,2,13,1.0,True,600.6069972299807,7807.890963989749,5439.890963989749,27199.454819948754,1920.0,384,337,0.8776041666666666,47,0,383,13,13,13,3,3,755.7903891558469,4701.755387390254,664.4943500828329,7807.890963989749,60,0.04943542500404874
clear_probe,135,15,8,15,1.0,True,588.4453140344114,8826.67971051617,6042.679710516168,30213.39855258083,2260.0,452,395,0.8738938053097345,57,0,449,15,15,15,7,7,1639.5596664888317,6644.972870998561,801.5613685294896,8826.67971051617,60,0.07844128600117983
clear_probe,136,14,8,14,1.0,True,649.6248797782358,9094.748316895302,6213.7483168952995,31068.741584476495,2345.0,469,420,0.8955223880597015,49,0,466,14,14,14,8,8,1844.49779044705,6750.010233117969,1262.2373228055844,9094.748316895302,100,0.11273346000234596
clear_probe,137,10,4,10,1.0,True,879.9734977604292,8799.734977604292,5612.734977604293,28063.67488802146,2615.0,523,486,0.9292543021032504,37,0,522,10,10,10,4,4,1801.0238785765057,5639.502462954753,782.5482796960547,7907.34966756448,60,0.060622320997936185
clear_probe,138,11,4,11,1.0,True,760.2626386665946,8362.88902533254,5410.88902533254,27054.445126662704,2415.0,483,445,0.9213250517598344,38,0,482,11,11,11,5,5,865.8419502410579,4256.158017805017,514.2860782633152,8362.88902533254,40,0.037473282995051704
clear_probe,139,10,5,10,1.0,True,932.5091225129412,9325.091225129412,6061.091225129413,30305.45612564707,2680.0,536,498,0.9291044776119403,38,0,534,10,10,10,9,9,1859.5400439849568,6619.810376041276,738.190755211155,9325.091225129412,60,0.07982610700128134
clear_probe,140,16,6,16,1.0,True,513.5374117401316,8216.598587842105,5503.598587842107,27517.99293921054,2195.0,439,387,0.8815489749430524,52,0,438,16,16,16,7,7,2707.1611968380716,6739.626330522146,736.5161040875137,8216.598587842105,60,0.056190612995123956
clear_probe,141,14,8,14,1.0,True,595.2747190955353,8333.846067337494,5900.846067337493,29504.230336687466,1970.0,394,343,0.8705583756345178,51,0,393,14,14,14,10,10,1152.035653986839,5681.277422906612,437.686856317727,8333.846067337494,40,0.06569673299964052
clear_probe,142,14,7,14,1.0,True,626.7610105606052,8774.654147848472,5723.654147848471,28618.270739242354,2485.0,497,446,0.89738430583501,51,0,496,14,14,14,12,12,2283.0382608103687,5915.809637114119,1058.4108651198849,8346.091438859667,79,0.056496662997233216
clear_probe,143,11,2,11,1.0,True,763.9462238942768,8403.408462837046,5679.4084628370465,28397.042314185233,2225.0,445,402,0.903370786516854,43,0,444,11,11,11,2,2,403.58384505636405,934.696747879856,526.6353041005802,7939.914966510838,40,0.044715653006278444
clear_probe,144,13,6,13,1.0,True,694.5093951202005,9028.622136562606,6318.622136562604,31593.11068281303,2205.0,441,393,0.891156462585034,48,0,440,13,13,13,7,7,1228.0961769736095,4612.962901037114,710.9715853969051,9028.622136562606,60,0.0418442700029118
clear_probe,145,16,7,16,1.0,True,604.4753849740858,9671.606159585373,6668.606159585373,33343.03079792688,2440.0,488,431,0.8831967213114754,57,0,483,16,16,16,5,5,3086.176140000692,7875.058436686504,726.2980952112707,9671.606159585373,60,0.09449785700417124
clear_probe,146,11,6,11,1.0,True,884.3072987838543,9727.380286622398,6489.380286622397,32446.901433111976,2655.0,531,488,0.9190207156308852,43,0,528,11,11,11,9,9,1318.8306074597213,6227.096464470426,781.7975710013451,9727.380286622398,60,0.08713166900270153
clear_probe,147,14,6,14,1.0,True,734.735332277878,10286.294651890292,6920.294651890295,34601.47325945146,2750.0,550,494,0.8981818181818182,56,0,546,14,14,14,8,8,1104.9659925660687,3964.063759897333,422.4353449953827,10286.294651890292,40,0.11229293000360485
clear_probe,148,13,3,13,1.0,True,591.5440823488285,7690.0730705347705,5262.0730705347705,26310.365352673853,1970.0,394,341,0.8654822335025381,53,0,393,13,13,13,4,4,247.3922298818732,1399.0494942321757,511.6870020311728,6047.151087125804,40,0.04910678900341736
clear_probe,149,10,7,10,1.0,True,897.1675407681872,8971.675407681872,5538.675407681874,27693.377038409362,2820.0,564,532,0.9432624113475178,32,0,563,10,10,10,7,7,2751.8829795025567,7387.064738488358,704.4937421892735,8971.675407681872,60,0.03867293799703475
clear_probe,150,16,8,16,1.0,True,521.3805407989261,8342.088652782817,5839.088652782818,29195.443263914083,2020.0,404,349,0.8638613861386139,55,0,403,16,16,16,5,5,2229.1375159920285,7832.149836782891,425.5145185509532,8342.088652782817,40,0.055895609002618585
clear_probe,151,15,5,15,1.0,True,562.7287716508597,8440.931574762895,5777.931574762893,28889.65787381447,2160.0,432,377,0.8726851851851852,55,0,428,15,15,15,4,4,1752.5978514145174,6003.314730509495,438.37883550941007,8440.931574762895,40,0.15058128099917667
clear_probe,152,16,7,16,1.0,True,556.2130827777986,8899.409324444778,6084.409324444776,30422.04662222389,2280.0,456,392,0.8596491228070176,64,0,455,16,16,16,8,8,1664.4694442423304,7093.69668803661,1841.9463084926142,8899.409324444778,140,0.053738987997348886
clear_probe,153,13,6,13,1.0,True,677.4040398786328,8806.252518422227,6024.252518422227,30121.262592111143,2265.0,453,397,0.8763796909492274,56,0,452,13,13,13,11,11,641.3477340591411,2822.932910943452,784.258389741361,8806.252518422227,60,0.052326166005514096
clear_probe,154,11,6,11,1.0,True,800.6825001679271,8807.507501847198,5471.507501847197,27357.537509235986,2735.0,547,506,0.9250457038391224,41,0,546,11,11,11,10,10,1375.87155525488,5945.722488698875,3964.0782310737163,8807.507501847198,281,0.048300861002644524
clear_probe,155,14,7,14,1.0,True,662.6769570581243,9277.47739881374,6455.477398813743,32277.386994068715,2295.0,459,411,0.8954248366013072,48,0,457,14,14,14,10,10,1893.1524075321142,6515.65665876087,432.8312743020969,9277.47739881374,40,0.07519913800206268
clear_probe,156,13,10,13,1.0,True,783.4128859577354,10184.36751745056,6629.367517450559,33146.837587252805,2910.0,582,539,0.9261168384879725,43,0,580,13,13,13,13,13,3074.907756427677,6849.055673573547,2017.1771443762934,10184.36751745056,156,0.06474696400255198
clear_probe,157,14,8,14,1.0,True,653.9526373451697,9155.336922832375,6154.336922832377,30771.684614161877,2445.0,489,432,0.8834355828220859,57,0,486,14,14,14,7,7,1830.6375075615156,6111.902003005122,1054.7793569708867,9155.336922832375,80,0.1160858509974787
clear_probe,158,15,7,15,1.0,True,576.4184469901505,8646.276704852258,6064.276704852257,30321.38352426129,2090.0,418,363,0.868421052631579,55,0,417,15,15,15,7,7,1426.4761887905781,6733.207522218807,731.9809734212438,7906.487645522083,60,0.04350931999942986
clear_probe,159,13,10,13,1.0,True,722.4210921652689,9391.474198148495,6231.474198148498,31157.370990742478,2580.0,516,471,0.9127906976744186,45,0,515,13,13,13,9,9,2653.167437306298,5529.536188102875,1568.8820476857882,9391.474198148495,120,0.05942401200445602
clear_probe,160,10,3,10,1.0,True,830.1957354514731,8301.95735451473,5522.957354514732,27614.786772573654,2275.0,455,415,0.9120879120879121,40,0,454,10,10,10,2,2,832.5173469077796,5000.54653622844,457.640028836973,8301.95735451473,40,0.05725145200267434
clear_probe,161,14,8,14,1.0,True,708.4125570006812,9917.775798009538,6779.775798009536,33898.878990047684,2560.0,512,459,0.896484375,53,0,508,14,14,14,11,11,2701.7147774951845,7503.822503404508,522.2493987639912,9917.775798009538,40,0.11426976900111185
clear_probe,162,10,3,10,1.0,True,898.9174170395011,8989.17417039501,5502.174170395011,27510.870851975058,2865.0,573,530,0.924956369982548,43,0,572,10,10,10,4,4,2117.1650222611524,8130.695769200003,2865.1424782298036,8989.17417039501,220,0.0625137010065373
clear_probe,163,14,4,14,1.0,True,581.4334299364365,8140.06801911011,5600.068019110111,28000.340095550553,2060.0,412,362,0.8786407766990292,50,0,410,14,14,14,4,4,1632.7391578381407,6652.130067911413,685.4627706101037,8140.06801911011,60,0.05189276800228981
clear_probe,164,10,6,10,1.0,True,974.6374460381163,9746.374460381163,6447.374460381161,32236.872301905805,2710.0,542,506,0.933579335793358,36,0,539,10,10,10,5,5,2004.079194672906,7189.965694176979,1795.6602957496784,9746.374460381163,135,0.07211786100378959
clear_probe,165,10,3,10,1.0,True,902.7449123281192,9027.449123281192,5631.449123281191,28157.24561640595,2790.0,558,524,0.9390681003584229,34,0,556,10,10,10,2,2,2735.830934944706,6749.72678511816,1814.7701935858333,9027.449123281192,140,0.04348251500050537
clear_probe,166,11,3,11,1.0,True,792.4202967834565,8716.623264618021,5796.623264618021,28983.116323090104,2390.0,478,437,0.9142259414225942,41,0,475,11,11,11,4,4,1957.938874228461,7571.342666865549,1323.7031131507588,8716.623264618021,98,0.05565545900026336
clear_probe,167,11,9,11,1.0,True,766.1561633226196,8427.717796548815,5613.717796548815,28068.588982744077,2300.0,460,427,0.9282608695652174,33,0,459,11,11,11,9,9,865.8622453190636,4804.982102843955,1776.2103732381424,6404.081536194115,132,0.04525238600035664
clear_probe,168,15,5,15,1.0,True,620.2426233716615,9303.639350574922,6632.639350574921,33163.19675287462,2165.0,433,372,0.859122401847575,61,0,431,15,15,15,5,5,1265.0534267242474,5187.850309126307,758.8551731125967,9303.639350574922,60,0.0850887389970012
clear_probe,169,12,8,12,1.0,True,729.5012896788602,8754.015476146322,5845.015476146321,29225.07738073161,2375.0,475,434,0.9136842105263158,41,0,474,12,12,12,8,8,1222.885932849995,5050.31559709997,1504.6878342183015,7851.211980652229,116,0.048240536998491734
clear_probe,170,16,9,16,1.0,True,553.6380688181168,8858.20910108987,6349.2091010898675,31746.045505449343,2025.0,405,340,0.8395061728395061,65,0,404,16,16,16,7,7,1646.2502427843103,6941.881620921672,788.4106106782322,8858.20910108987,60,0.06534516400279244
clear_probe,171,16,8,16,1.0,True,513.2871822104448,8212.594915367117,5661.594915367118,28307.974576835586,2060.0,412,358,0.8689320388349514,54,0,411,16,16,16,8,8,1762.6274763486274,5125.802003256813,773.0321483029518,8212.594915367117,60,0.06147530299494974
clear_probe,172,12,6,12,1.0,True,805.009272469987,9660.111269639843,6529.111269639842,32645.55634819922,2560.0,512,465,0.908203125,47,0,511,12,12,12,10,10,1419.7965767803246,6188.464047081045,427.2448858594796,9660.111269639843,40,0.06380973300110782
clear_probe,173,12,5,12,1.0,True,701.7917855772298,8421.501426926758,5518.501426926757,27592.507134633786,2370.0,474,434,0.9156118143459916,40,0,473,12,12,12,3,3,1884.0804863662245,5317.590272129888,469.1825409352935,8203.149447943813,40,0.041254579002270475
clear_probe,174,16,8,16,1.0,True,535.4150043688353,8566.640069901365,5973.640069901367,29868.200349506827,2095.0,419,361,0.8615751789976134,58,0,418,16,16,16,6,6,2120.7445213557166,3358.9436695225077,717.9714852804856,8566.640069901365,60,0.058413721999386325
clear_probe,175,13,9,13,1.0,True,807.5040822442977,10497.55306917587,7332.5530691758695,36662.765345879336,2590.0,518,472,0.9111969111969112,46,0,510,13,13,13,10,10,2699.4575348179033,7000.433704775349,1574.7258021777604,10497.55306917587,117,0.141917351000302
clear_probe,176,10,6,10,1.0,True,921.704248554012,9217.04248554012,5706.04248554012,28530.212427700604,2885.0,577,544,0.9428076256499134,33,0,576,10,10,10,6,6,3188.462442154234,6842.12602620434,1780.026335933538,9217.04248554012,136,0.06141852000291692
clear_probe,177,11,6,11,1.0,True,851.8512110756733,9370.363321832407,6113.363321832406,30566.816609162026,2670.0,534,494,0.9250936329588015,40,0,532,11,11,11,10,10,2190.6659030856727,6550.6314676029915,778.0683647587639,9370.363321832407,60,0.06575205999979516
clear_probe,178,10,5,10,1.0,True,852.0225049811294,8520.225049811294,5201.2250498112935,26006.125249056466,2725.0,545,505,0.926605504587156,40,0,544,10,10,10,6,6,2812.1627603316406,4665.848851959758,417.6661118200607,7999.717343282148,40,0.044715686002746224
clear_probe,179,16,10,16,1.0,True,578.9186202092349,9262.697923347758,6375.697923347758,31878.48961673879,2340.0,468,414,0.8846153846153846,54,0,467,16,16,16,8,8,3039.173603528239,7320.8452947306905,2566.462832713033,9262.697923347758,193,0.06513627099775476
clear_probe,180,11,5,11,1.0,True,792.0937494732774,8713.031244206051,5691.031244206053,28455.15622103026,2475.0,495,452,0.9131313131313131,43,0,492,11,11,11,5,5,1791.4945722180125,5894.378123458068,1821.2932241635906,8713.031244206051,138,0.060947545993258245
clear_probe,181,14,3,14,1.0,True,586.0506404458094,8204.708966241333,5303.708966241333,26518.544831206662,2360.0,472,409,0.8665254237288136,63,0,471,14,14,14,3,3,881.2822037556995,4292.053803904416,3340.563672929245,7592.14099901173,255,0.06324086200038437
clear_probe,182,13,8,13,1.0,True,709.8273785603199,9227.755921284159,6038.755921284161,30193.779606420798,2605.0,521,470,0.9021113243761996,51,0,519,13,13,13,14,14,1816.336667416073,4837.219298998265,2006.484715823722,9227.755921284159,157,0.06801647400425281
clear_probe,183,10,5,10,1.0,True,995.2627477184893,9952.627477184893,6481.627477184894,32408.137385924467,2855.0,571,532,0.9316987740805605,39,0,566,10,10,10,8,8,2356.811956575829,5783.468629550236,2804.620131091746,9952.627477184893,214,0.1077334029978374
clear_probe,184,12,4,12,1.0,True,743.9129053572648,8926.954864287178,6011.954864287178,30059.77432143588,2380.0,476,439,0.9222689075630253,37,0,475,12,12,12,4,4,2285.9732833784315,4915.578547585306,432.4045100235396,8926.954864287178,40,0.04503225000371458
clear_probe,185,16,6,16,1.0,True,572.3601805648714,9157.762889037942,6354.762889037941,31773.81444518971,2270.0,454,395,0.8700440528634361,59,0,453,16,16,16,9,9,1774.738138334865,6361.543490156516,2587.6497387895774,9157.762889037942,193,0.06427081899892073
clear_probe,186,12,7,12,1.0,True,735.4401407936044,8825.281689523254,5748.281689523252,28741.408447616257,2515.0,503,465,0.9244532803180915,38,0,502,12,12,12,6,6,2312.0546238295433,5824.33525814604,451.72258297652553,8538.348252732943,40,0.04943680400174344
clear_probe,187,12,5,12,1.0,True,725.0575914992995,8700.691097991594,5834.691097991594,29173.455489957953,2340.0,468,426,0.9102564102564102,42,0,466,12,12,12,7,7,1621.954549156181,5760.363647468543,717.7529695615397,8700.691097991594,60,0.051557312996010296
clear_probe,188,16,7,16,1.0,True,536.5543540560972,8584.869664897555,6352.869664897554,31764.34832448778,1795.0,359,294,0.8189415041782729,65,0,357,16,16,16,9,9,1033.4250216825758,4825.131609814132,485.08758122180114,8584.869664897555,40,0.07677920500282198
clear_probe,189,13,4,13,1.0,True,638.7425400070515,8303.65302009167,5617.653020091671,28088.26510045835,2185.0,437,385,0.8810068649885584,52,0,436,13,13,13,5,5,496.698365968042,4181.883729044319,413.9531166775967,8303.65302009167,40,0.06445864899433218
clear_probe,190,10,2,10,1.0,True,844.3168507117867,8443.168507117867,5268.168507117868,26340.842535589334,2605.0,521,481,0.9232245681381958,40,0,520,10,10,10,2,2,2247.3595594229705,5938.511191280074,792.8362629034394,8007.142860073432,60,0.045033839996904135
clear_probe,191,16,12,16,1.0,True,599.2098556707751,9587.357690732402,6796.357690732401,33981.78845366201,2260.0,452,393,0.8694690265486725,59,0,451,16,16,16,12,12,2727.0977786590756,6212.527330732792,1806.0069151168059,9304.042706422144,140,0.06369333500333596
clear_probe,192,12,7,12,1.0,True,727.7804684819977,8733.365621783973,5820.365621783974,29101.828108919875,2380.0,476,434,0.9117647058823529,42,0,473,12,12,12,7,7,1379.7804457795544,4234.134501633142,1479.3821705791918,8733.365621783973,108,0.08007665399782127
clear_probe,193,14,7,14,1.0,True,721.5686684470346,10101.961358258484,7052.9613582584825,35264.806791292416,2485.0,497,448,0.9014084507042254,49,0,494,14,14,14,11,11,2686.9403700182984,7182.480837696623,530.0307168579724,10101.961358258484,40,0.10847259200090775
clear_probe,194,16,12,16,1.0,True,628.1361910771113,10050.179057233781,7134.179057233781,35670.89528616891,2365.0,473,403,0.8520084566596194,70,0,471,16,16,16,22,22,1021.8259417211899,3543.427779139134,1335.5531542974923,10050.179057233781,100,0.09318225199967856
clear_probe,195,14,3,14,1.0,True,670.241268758765,9383.377762622711,6519.377762622713,32596.888813113565,2330.0,466,412,0.8841201716738197,54,0,464,14,14,14,4,4,1707.5621655829211,5189.915772055604,431.1895437816491,9383.377762622711,40,0.08222869699966395
clear_probe,196,15,6,15,1.0,True,572.3968014391324,8585.952021586987,5705.952021586987,28529.760107934937,2340.0,468,403,0.8611111111111112,65,0,465,15,15,15,9,9,1902.2891291891349,6152.867877475078,462.506654673933,8585.952021586987,40,0.0646057589983684
clear_probe,197,14,3,14,1.0,True,564.4578175741274,7902.409446037784,5337.409446037783,26687.04723018891,2080.0,416,352,0.8461538461538461,64,0,415,14,14,14,1,1,1433.9637191288564,4735.509258534321,767.6433021402656,7902.409446037784,60,0.0864663069951348
clear_probe,198,10,2,10,1.0,True,809.0263177344559,8090.263177344559,5305.263177344558,26526.31588672279,2280.0,456,419,0.918859649122807,37,0,455,10,10,10,2,2,912.1670322101247,3149.8901073670822,440.2340513332565,4869.068634956499,40,0.04735830800200347
clear_probe,199,12,7,12,1.0,True,766.3181246140751,9195.817495368901,5968.8174953689,29844.0874768445,2640.0,528,483,0.9147727272727273,45,0,527,12,12,12,4,4,3028.3098304338164,7197.8177966668245,747.8900793936311,9195.817495368901,60,0.04237125899817329
clear_probe,200,10,4,10,1.0,True,867.1676524372997,8671.676524372997,5370.676524372997,26853.38262186499,2710.0,542,497,0.9169741697416974,45,0,541,10,10,10,5,5,1772.010412912329,4829.553037993728,1507.722861028199,8288.44587040242,120,0.07760877400141908
clear_probe,201,10,6,10,1.0,True,964.1734087121735,9641.734087121735,5975.734087121734,29878.670435608674,3015.0,603,570,0.945273631840796,33,0,601,10,10,10,5,5,3666.3084215632016,7861.961236089979,2639.0557501752533,9641.734087121735,198,0.06185180999455042
clear_probe,202,16,10,16,1.0,True,558.9198904662015,8942.718247459225,6171.718247459222,30858.591237296107,2245.0,449,387,0.8619153674832962,62,0,446,16,16,16,11,11,1078.0338765853799,4260.422472136757,426.38001713865884,8942.718247459225,40,0.09235454599547666
clear_probe,203,10,7,10,1.0,True,963.1974959619549,9631.974959619549,6008.974959619544,30044.87479809772,2980.0,596,557,0.9345637583892618,39,0,593,10,10,10,7,7,3091.0191730401943,6633.480548470335,2651.797117630378,9631.974959619549,199,0.08937912099645473
clear_probe,204,13,6,13,1.0,True,608.24529834894,7907.18887853622,5443.188878536221,27215.9443926811,2000.0,400,352,0.88,48,0,399,13,13,13,7,7,1269.1441454369103,5319.386331269517,722.8702545192156,7907.18887853622,60,0.0436297660053242
clear_probe,205,13,6,13,1.0,True,681.4253259459639,8858.529237297531,6058.529237297531,30292.64618648764,2280.0,456,412,0.9035087719298246,44,0,455,13,13,13,6,6,1639.5973002936569,7498.070192269721,431.789779278351,8858.529237297531,40,0.03518468199763447
clear_probe,206,10,5,10,1.0,True,1034.28689765226,10342.8689765226,6555.868976522603,32779.34488261301,3115.0,623,585,0.9390048154093098,38,0,622,10,10,10,9,9,1748.6,5546.0,6953.768889336166,10342.8689765226,505,0.05536627299443353
clear_probe,207,14,5,14,1.0,True,594.2374869432463,8319.324817205448,5718.32481720545,28591.62408602725,2110.0,422,368,0.8720379146919431,54,0,421,14,14,14,2,2,1343.217116234786,4427.9826031110215,481.3472495557639,7581.155382977747,40,0.04573561600409448
clear_probe,208,12,9,12,1.0,True,804.7756306764963,9657.307568117956,6365.307568117957,31826.537840589775,2695.0,539,496,0.9202226345083488,43,0,537,12,12,12,7,7,3050.589832987274,6659.988292405453,1060.3583950533084,9657.307568117956,80,0.058594617003109306
clear_probe,209,14,6,14,1.0,True,702.282185881712,9831.950602343968,6693.950602343967,33469.75301171983,2560.0,512,457,0.892578125,55,0,508,14,14,14,5,5,2604.7585120492986,6021.545886557526,1760.0274980141828,9831.950602343968,139,0.09025496099638985
clear_probe,210,13,4,13,1.0,True,683.7265242028018,8888.444814636423,5694.444814636425,28472.224073182126,2610.0,522,468,0.896551724137931,54,0,519,13,13,13,5,5,1857.8598502236514,8055.422555179292,513.3718347897849,8888.444814636423,40,0.09847590899880743
clear_probe,211,14,7,14,1.0,True,598.733608795201,8382.270523132815,5769.270523132813,28846.352615664062,2120.0,424,369,0.8702830188679245,55,0,423,14,14,14,5,5,1079.2453994555697,5388.051898852093,687.7940862366654,8382.270523132815,60,0.06978047799930209
clear_probe,212,13,7,13,1.0,True,717.638343319372,9329.298463151836,6045.2984631518375,30226.492315759184,2685.0,537,489,0.9106145251396648,48,0,534,13,13,13,7,7,2007.8684059654495,6139.224631750583,518.9678396366093,9329.298463151836,40,0.09532312900410034
clear_probe,213,11,7,11,1.0,True,784.0247533121448,8624.272286433592,5984.272286433593,29921.361432167956,2155.0,431,398,0.9234338747099768,33,0,430,11,11,11,5,5,1015.9837839697345,3046.6604379903456,458.8474098481393,8369.170900922083,40,0.044610226002987474
clear_probe,214,14,4,14,1.0,True,636.3904447983024,8909.466227176234,5786.466227176234,28932.331135881166,2545.0,509,453,0.8899803536345776,56,0,508,14,14,14,4,4,2269.840442345969,6867.101203840256,716.734137265199,8909.466227176234,60,0.06838876200345112
clear_probe,215,10,2,10,1.0,True,836.5267337607459,8365.267337607458,5028.267337607458,25141.33668803729,2740.0,548,498,0.9087591240875912,50,0,547,10,10,10,2,2,1952.2075856556773,5213.945678967471,736.6506530944536,7887.005250110591,60,0.06486105999647407
clear_probe,216,16,8,16,1.0,True,544.2070229196681,8707.31236671469,6120.312366714691,30601.561833573454,2090.0,418,361,0.8636363636363636,57,0,417,16,16,16,10,10,2089.8349933595314,4838.012412627746,773.6944426313097,8707.31236671469,60,0.07485240700043505
clear_probe,217,12,8,12,1.0,True,722.4134796114832,8668.9617553378,5501.9617553378,27509.80877668899,2590.0,518,479,0.9247104247104247,39,0,517,12,12,12,7,7,1641.0725433793161,5774.088089829249,1259.6062510640477,8668.9617553378,100,0.03972711099777371
clear_probe,218,12,9,12,1.0,True,874.9441946245657,10499.33033549479,7476.3303354947875,37381.651677473936,2470.0,494,449,0.9089068825910931,45,0,493,12,12,12,13,13,787.8583615468789,5219.778677860776,734.8663517025664,10499.33033549479,60,0.06939265599794453
clear_probe,219,15,8,15,1.0,True,571.2144399867465,8568.216599801197,5863.216599801198,29316.082999005997,2195.0,439,392,0.8929384965831435,47,0,435,15,15,15,7,7,1863.3715058389769,5819.331559638936,1038.0005313574702,8568.216599801197,80,0.10553338600584539
clear_probe,220,15,6,15,1.0,True,585.4728633860553,8782.09295079083,6419.092950790828,32095.464753954144,1910.0,382,318,0.8324607329842932,64,0,378,15,15,15,6,6,611.229681275241,3652.839003172897,690.3787345315986,8782.09295079083,60,0.12170897999749286
clear_probe,221,11,1,11,1.0,True,730.1817862251393,8031.9996484765325,5301.9996484765325,26509.998242382662,2230.0,446,402,0.9013452914798207,44,0,445,11,11,11,3,3,296.6395342136721,1199.5174381751967,544.4766760277049,8031.9996484765325,40,0.052248521002184134
clear_probe,222,16,7,16,1.0,True,516.9414267989882,8271.062828783812,5946.062828783812,29730.31414391907,1875.0,375,317,0.8453333333333334,58,0,370,16,16,16,8,8,1231.0913642008588,5014.8615001256685,439.45572094609525,8271.062828783812,40,0.09132225999928778
clear_probe,223,12,9,12,1.0,True,774.2517071334505,9291.020485601406,5734.020485601407,28670.102428007034,2915.0,583,541,0.9279588336192109,42,0,582,12,12,12,10,10,4498.089958860136,7932.48273128161,1304.8075679172546,9291.020485601406,100,0.04978473800292704
clear_probe,224,10,5,10,1.0,True,897.2467782625672,8972.467782625672,5775.467782625671,28877.338913128366,2625.0,525,492,0.9371428571428572,33,0,522,10,10,10,6,6,2019.9400834195735,6384.614438138358,719.2092837180527,8972.467782625672,60,0.05976271400140831
clear_probe,225,15,8,15,1.0,True,557.4076702058295,8361.115053087442,5853.115053087442,29265.57526543722,2030.0,406,352,0.8669950738916257,54,0,403,15,15,15,9,9,1615.4182707241466,6955.431862816723,434.70173693421816,8361.115053087442,40,0.08802238399948692
clear_probe,226,13,6,13,1.0,True,649.4800257446834,8443.240334680884,5433.240334680887,27166.201673404426,2455.0,491,444,0.9042769857433809,47,0,490,13,13,13,2,2,3161.3050367053024,7031.141171973433,434.74817582708766,8443.240334680884,40,0.06080219100113027
clear_probe,227,13,6,13,1.0,True,638.6385897284882,8302.301666470346,5127.301666470346,25636.508332351732,2595.0,519,474,0.9132947976878613,45,0,515,13,13,13,4,4,3196.039470224787,6031.675452346908,728.0511556562616,8302.301666470346,60,0.061142744998505805
clear_probe,228,16,6,16,1.0,True,498.26272805561894,7972.203648889903,5807.203648889903,29036.018244449515,1740.0,348,281,0.8074712643678161,67,0,345,16,16,16,8,8,1191.9777794929669,6086.619474411063,438.9811101809707,7972.203648889903,40,0.07356554199941456
clear_probe,229,14,4,14,1.0,True,657.3849273829152,9203.388983360812,6476.388983360809,32381.94491680405,2215.0,443,392,0.8848758465011287,51,0,442,14,14,14,3,3,2145.591275614785,5500.600472151361,1716.5507397078375,9203.388983360812,136,0.05177407099836273
clear_probe,230,15,9,15,1.0,True,617.3430044361787,9260.14506654268,6512.14506654268,32560.725332713406,2230.0,446,389,0.8721973094170403,57,0,443,15,15,15,10,10,1946.4237949488818,6114.5973902201795,496.7741458990101,9260.14506654268,40,0.09202878100040834
clear_probe,231,16,7,16,1.0,True,462.4444631106325,7399.11140977012,5118.11140977012,25590.557048850595,1835.0,367,303,0.8256130790190735,64,0,366,16,16,16,4,4,1682.0334214001027,6898.155972334086,1240.2320823964421,7399.11140977012,100,0.05974992399569601
clear_probe,232,12,7,12,1.0,True,809.2580829297117,9711.09699515654,6244.0969951565385,31220.484975782696,2840.0,568,513,0.903169014084507,55,0,567,12,12,12,11,11,1882.0890509583696,7060.134964964057,3564.9837751795703,9711.09699515654,260,0.06247647400596179
clear_probe,233,15,11,15,1.0,True,641.1656263121222,9617.484394681833,6834.484394681833,34172.42197340915,2260.0,452,393,0.8694690265486725,59,0,448,15,15,15,12,12,1696.7729555378714,6872.317240214221,734.108181172937,9617.484394681833,60,0.12257404800038785
clear_probe,234,12,7,12,1.0,True,752.2378354740813,9026.854025688976,5961.8540256889755,29809.270128444878,2505.0,501,456,0.9101796407185628,45,0,500,12,12,12,12,12,1494.532434168,5128.852979245161,495.60638699388414,9026.854025688976,40,0.05263542700413382
clear_probe,235,12,7,12,1.0,True,787.4658492257654,9449.590190709185,6417.590190709187,32087.95095354593,2480.0,496,451,0.9092741935483871,45,0,492,12,12,12,8,8,1643.1117178637617,5725.176741000715,526.0966605959493,9449.590190709185,40,0.09441749300458468
clear_probe,236,15,8,15,1.0,True,629.9105094502269,9448.657641753403,6635.657641753402,33178.28820876701,2285.0,457,400,0.87527352297593,57,0,453,15,15,15,10,10,1584.3814892956798,4592.942782807975,396.6183778464599,9448.657641753403,40,0.07526139700348722
clear_probe,237,14,7,14,1.0,True,607.2178640372533,8501.050096521547,5660.050096521549,28300.250482607742,2310.0,462,406,0.8787878787878788,56,0,461,14,14,14,7,7,1704.2337374087726,5246.750101140339,484.28948840026845,8501.050096521547,40,0.08062337699811906
clear_probe,238,16,8,16,1.0,True,604.241597891842,9667.865566269473,6681.865566269473,33409.327831347364,2425.0,485,417,0.8597938144329897,68,0,481,16,16,16,13,13,2325.158120272894,4983.985403931729,1822.7091639277307,9667.865566269473,136,0.14483407700026873
clear_probe,239,10,5,10,1.0,True,988.2006204780997,9882.006204780997,6311.006204780997,31555.031023904983,2935.0,587,537,0.9148211243611585,50,0,586,10,10,10,7,7,1892.9003912562807,6149.7063961156855,2130.744300880975,9882.006204780997,160,0.06812789700052235
clear_probe,240,16,11,16,1.0,True,482.2337296795754,7715.739674873206,5411.739674873207,27058.698374366028,1855.0,371,315,0.8490566037735849,56,0,369,16,16,16,11,11,1032.6190591999818,3189.4033288118017,754.6557107744441,7715.739674873206,60,0.06470652799907839
clear_probe,241,15,8,15,1.0,True,645.2030587136105,9678.045880704158,6934.04588070416,34670.22940352081,2225.0,445,392,0.8808988764044944,53,0,444,15,15,15,12,12,1638.3328310802249,7709.977023713658,741.9057022012596,9678.045880704158,58,0.0762397200014675
clear_probe,242,12,3,12,1.0,True,702.0010782584419,8424.012939101303,5263.012939101302,26315.064695506513,2585.0,517,473,0.9148936170212766,44,0,516,12,12,12,4,4,2450.2061599108606,6975.2206717133395,478.36609413796214,8424.012939101303,40,0.04669168599502882
clear_probe,243,14,8,14,1.0,True,623.8622255480188,8734.071157672264,5887.071157672265,29435.35578836132,2315.0,463,414,0.8941684665226782,49,0,462,14,14,14,7,7,1944.1572646218647,4891.353105339295,478.19608985981023,8734.071157672264,40,0.056475106001016684
clear_probe,244,16,9,16,1.0,True,527.798112334586,8444.769797353376,6259.769797353375,31298.84898676687,1755.0,351,292,0.8319088319088319,59,0,350,16,16,16,12,12,747.7101811945402,3682.1847529209613,407.12204434473915,8444.769797353376,40,0.0721963429969037
clear_probe,245,11,6,11,1.0,True,786.5382483819409,8651.92073220135,5885.920732201353,29429.603661006764,2260.0,452,413,0.9137168141592921,39,0,451,11,11,11,4,4,1093.587891092203,5082.855059289546,728.2579958390805,8651.92073220135,60,0.04203348999726586
clear_probe,246,10,7,10,1.0,True,1014.2693857445914,10142.693857445915,6607.693857445915,33038.46928722957,2905.0,581,546,0.9397590361445783,35,0,580,10,10,10,4,4,4085.010369344332,7786.232885953177,1840.226502489378,9561.025528522307,140,0.062038325995672494
clear_probe,247,13,5,13,1.0,True,701.4490207286125,9118.837269471962,6018.837269471963,30094.186347359813,2530.0,506,455,0.8992094861660079,51,0,505,13,13,13,7,7,1598.8166876698897,4822.209624785778,1033.4332791644747,9118.837269471962,80,0.06265958100266289
clear_probe,248,16,11,16,1.0,True,556.8288745582519,8909.26199293203,6052.261992932027,30261.30996466014,2315.0,463,405,0.8747300215982722,58,0,462,16,16,16,10,10,2717.8827805481296,8109.626004329121,1279.1031931732457,8909.26199293203,100,0.05224436699791113
clear_probe,249,12,10,12,1.0,True,804.6474344631487,9655.769213557784,6398.769213557782,31993.846067788912,2665.0,533,493,0.924953095684803,40,0,532,12,12,12,12,12,2238.7481642195658,6669.991959986704,753.9884020084046,9655.769213557784,60,0.04406145199754974
clear_probe,250,13,6,13,1.0,True,674.4738433782043,8768.159963916656,5752.159963916655,28760.799819583277,2460.0,492,432,0.8780487804878049,60,0,491,13,13,13,4,4,2139.2315151141743,6793.063505765542,404.25492533192806,8768.159963916656,40,0.0677939460001653
clear_probe,251,13,7,13,1.0,True,654.8286242706703,8512.772115518714,5370.7721155187155,26853.860577593576,2565.0,513,461,0.898635477582846,52,0,512,13,13,13,11,11,1619.2618038491844,5000.177527485233,1524.1195542555593,7731.872604165907,117,0.05411835099948803
clear_probe,252,16,9,16,1.0,True,560.9057051089338,8974.491281742941,6125.49128174294,30627.45640871471,2310.0,462,397,0.8593073593073594,65,0,459,16,16,16,12,12,1017.9369887819073,6353.116751004157,499.5566403865773,8974.491281742941,40,0.10548166900116485
clear_probe,253,14,6,14,1.0,True,639.7127642554244,8955.978699575942,5954.978699575941,29774.893497879708,2445.0,489,440,0.8997955010224948,49,0,486,14,14,14,6,6,3335.6206781411174,7815.254793737713,1052.522391494837,8955.978699575942,80,0.06288613800279563
clear_probe,254,12,7,12,1.0,True,746.3992839649194,8956.791407579032,5801.791407579034,29008.957037895165,2580.0,516,466,0.9031007751937985,50,0,515,12,12,12,9,9,1842.889308996076,5238.307247133027,1813.041979907464,8956.791407579032,137,0.05044472000008682
clear_probe,255,10,5,10,1.0,True,999.7853881536752,9997.853881536752,6648.853881536749,33244.26940768375,2750.0,550,516,0.9381818181818182,34,0,549,10,10,10,7,7,2299.361871460296,5111.940577513408,709.5369486074801,9997.853881536752,60,0.04537571700348053
clear_probe,256,13,5,13,1.0,True,662.6591832046868,8614.569381660927,6066.5693816609255,30332.846908304633,2070.0,414,367,0.8864734299516909,47,0,413,13,13,13,5,5,1366.4965334200892,6002.619660403506,527.6923110932346,8614.569381660927,40,0.0389456019984209
clear_probe,257,12,1,12,1.0,True,651.702246976328,7820.426963715936,4869.426963715937,24347.13481857969,2410.0,482,443,0.9190871369294605,39,0,481,12,12,12,0,0,2510.3061366807665,7026.006177650446,416.6466337268476,7175.578752055292,40,0.03878898000402842
clear_probe,258,15,8,15,1.0,True,569.9452060654044,8549.178090981066,5697.178090981067,28485.890454905337,2315.0,463,407,0.8790496760259179,56,0,462,15,15,15,8,8,2682.7202235249747,6243.630054432984,497.57891039223904,8350.487951717716,40,0.04924184000265086
clear_probe,259,10,6,10,1.0,True,927.4688090480173,9274.688090480173,6149.688090480171,30748.440452400864,2565.0,513,479,0.9337231968810916,34,0,510,10,10,10,7,7,932.0554246123982,2809.966513824631,485.27584228752653,9274.688090480173,40,0.0531082880042959
clear_probe,260,11,5,10,0.9090909090909091,False,1000.8896953455076,10008.896953455076,6718.896953455072,33594.48476727536,2710.0,542,502,0.9261992619926199,40,0,530,10,10,10,8,7,1040.7297240762266,7032.289094495538,748.085364871662,10008.896953455076,60,0.1044290009958786
clear_probe,261,13,5,13,1.0,True,701.3265180984076,9117.244735279299,6005.2447352793,30026.223676396497,2540.0,508,460,0.905511811023622,48,0,507,13,13,13,5,5,2482.5908443971402,7782.045960236886,1264.9942482613108,9117.244735279299,99,0.05079006999585545
clear_probe,262,12,7,12,1.0,True,747.9703948432788,8975.644738119345,5718.644738119346,28593.223690596715,2665.0,533,485,0.9099437148217636,48,0,532,12,12,12,10,10,770.8345107027643,3127.3341742504117,1519.3457799323483,8476.656640366937,119,0.05244504500296898
clear_probe,263,15,7,15,1.0,True,557.3577860691985,8360.366791037977,5790.366791037976,28951.833955189886,2080.0,416,358,0.8605769230769231,58,0,415,15,15,15,9,9,1429.2964007923,6274.250608542859,510.06988831584306,8360.366791037977,40,0.05134966899640858
clear_probe,264,14,3,14,1.0,True,584.3048120034476,8180.267368048267,5321.267368048268,26606.336840241325,2325.0,465,414,0.8903225806451613,51,0,464,14,14,14,2,2,1942.086131712918,5495.350211966827,476.0132524571269,8144.267368048267,40,0.05764458599878708
clear_probe,265,16,10,16,1.0,True,596.6202410163352,9545.923856261363,6658.923856261364,33294.61928130682,2340.0,468,409,0.8739316239316239,59,0,467,16,16,16,6,6,1994.215214591191,4646.488572944125,3304.538599043229,9545.923856261363,252,0.09317456500139087
clear_probe,266,10,5,10,1.0,True,882.8614354953,8828.614354953,5575.614354953002,27878.071774765012,2670.0,534,496,0.9288389513108615,38,0,533,10,10,10,4,4,1673.1029015101976,5714.625396645842,1037.2129716654815,7982.018388709491,80,0.04523821499606129
clear_probe,267,11,5,11,1.0,True,856.6306334714737,9422.936968186212,5848.93696818621,29244.684840931048,2935.0,587,549,0.9352640545144804,38,0,584,11,11,11,8,8,2543.3802628255416,5500.594907725846,1776.1178378005154,9422.936968186212,133,0.07418907799728913
clear_probe,268,16,9,16,1.0,True,495.70826922373914,7931.332307579826,5434.332307579826,27171.661537899137,2015.0,403,347,0.8610421836228288,56,0,402,16,16,16,11,11,1155.7435501250084,5555.806566905538,703.3058313807365,7653.905711908835,60,0.04875377600546926
clear_probe,269,10,5,10,1.0,True,932.6701549911398,9326.701549911399,5863.701549911396,29318.507749556993,2845.0,569,528,0.9279437609841827,41,0,568,10,10,10,6,6,1786.1777946902148,5424.66997557555,3700.353063223249,9326.701549911399,278,0.0551275909965625
clear_probe,270,16,6,16,1.0,True,515.0644005923723,8241.030409477957,6015.030409477958,30075.152047389784,1790.0,358,298,0.8324022346368715,60,0,356,16,16,16,6,6,1168.0706368141325,5748.815766261849,472.1120078620471,8241.030409477957,40,0.09594070300227031
clear_probe,271,13,3,13,1.0,True,671.4977825060612,8729.471172578795,5923.471172578795,29617.355862893968,2285.0,457,412,0.9015317286652079,45,0,456,13,13,13,4,4,1282.6278410382943,6189.513280522279,473.5720257777732,8729.471172578795,40,0.04960453500098083
clear_probe,272,13,5,13,1.0,True,657.8622866407891,8552.209726330258,5818.209726330258,29091.048631651287,2225.0,445,395,0.8876404494382022,50,0,444,13,13,13,6,6,1471.70290265704,6182.556502414227,452.1301290021939,8552.209726330258,40,0.05286408300162293
clear_probe,273,11,5,11,1.0,True,786.3275416139193,8649.602957753112,5547.602957753112,27738.01478876556,2540.0,508,468,0.9212598425196851,40,0,507,11,11,11,7,7,2498.2073095333485,4492.901590517201,1523.7394278352965,8649.602957753112,119,0.0558437759973458
clear_probe,274,11,4,11,1.0,True,789.5323599415547,8684.8559593571,5744.855959357101,28724.279796785504,2405.0,481,440,0.9147609147609148,41,0,480,11,11,11,7,7,514.8550779332377,2272.030681686077,1033.3751755795365,8684.8559593571,80,0.06271415600349428
clear_probe,275,16,6,16,1.0,True,507.4095545242787,8118.552872388459,5657.552872388458,28287.76436194229,1985.0,397,333,0.8387909319899244,64,0,396,16,16,16,4,4,1963.6394471776225,5645.457962368727,800.2146503433587,8118.552872388459,60,0.06816971499938518
clear_probe,276,12,7,12,1.0,True,765.8003283889472,9189.603940667366,5824.603940667365,29123.01970333683,2755.0,551,504,0.9147005444646098,47,0,550,12,12,12,13,13,1923.0360051255195,5011.655984225125,467.4254382504457,9189.603940667366,40,0.04663691799942171
clear_probe,277,10,5,10,1.0,True,838.9187237307867,8389.187237307868,5424.1872373078695,27120.93618653935,2430.0,486,451,0.9279835390946503,35,0,485,10,10,10,2,2,1111.0480522049968,3035.1124437115054,516.8711505299713,8389.187237307868,40,0.05590716299775522
clear_probe,278,12,5,12,1.0,True,832.9387748224026,9995.265297868831,6717.265297868829,33586.32648934415,2685.0,537,495,0.9217877094972067,42,0,533,12,12,12,6,6,2243.18118739178,7680.206687979363,1982.7662547729199,9995.265297868831,156,0.14231644500250695
clear_probe,279,13,3,13,1.0,True,535.2787656417155,6958.623953342301,4338.623953342302,21693.11976671151,2130.0,426,374,0.8779342723004695,52,0,425,13,13,13,1,1,1373.599941890849,4029.6024294309855,711.8163250540213,6689.856099689104,60,0.06284192099701613
clear_probe,280,12,6,12,1.0,True,815.3065015492357,9783.678018590828,6531.678018590826,32658.390092954138,2665.0,533,487,0.9136960600375235,46,0,527,12,12,12,9,9,1566.5349474275529,4189.061850605661,1871.7659277287428,9783.678018590828,140,0.16582001299684634
clear_probe,281,10,5,10,1.0,True,880.2657738566925,8802.657738566924,5687.657738566925,28438.288692834627,2555.0,511,474,0.9275929549902152,37,0,510,10,10,10,4,4,1812.7825931903499,4453.656940984619,1785.7850878211586,8802.657738566924,140,0.07268287199985934
clear_probe,282,15,9,15,1.0,True,658.2580983960029,9873.871475940043,7336.871475940038,36684.3573797002,2055.0,411,356,0.8661800486618005,55,0,407,15,15,15,13,13,1191.6209087656418,6140.339794963055,524.7469982107036,9873.871475940043,40,0.11853079900174635
clear_probe,283,15,6,15,1.0,True,590.5481780903111,8858.222671354666,5730.222671354662,28651.11335677332,2545.0,509,449,0.8821218074656189,60,0,508,15,15,15,7,7,2720.6228763691115,6056.949066462761,2657.5623278110124,8858.222671354666,200,0.05656241300312104
clear_probe,284,10,2,10,1.0,True,831.5653375257832,8315.653375257833,5236.653375257834,26183.266876289163,2525.0,505,471,0.9326732673267327,34,0,504,10,10,10,1,1,1759.7953938274507,5104.54011624638,1029.3058177479554,7643.609889850726,80,0.03887182700418634
clear_probe,285,14,9,14,1.0,True,773.0881619082605,10823.234266715648,7082.234266715649,35411.17133357824,3060.0,612,554,0.9052287581699346,58,0,611,14,14,14,15,15,2243.051924360531,6315.484675644026,1505.034611750328,10823.234266715648,120,0.09545159700064687
clear_probe,286,13,7,13,1.0,True,706.3448887752559,9182.483554078326,6246.483554078329,31232.41777039165,2395.0,479,431,0.8997912317327766,48,0,476,13,13,13,7,7,2582.4361759824938,6818.91453422861,712.9057275166016,9182.483554078326,60,0.05877563800459029
clear_probe,287,14,5,14,1.0,True,639.1010081043709,8947.414113461193,6149.414113461193,30747.07056730597,2275.0,455,388,0.8527472527472527,67,0,453,14,14,14,9,9,715.0130206002092,4066.749050726755,717.6111071751087,8947.414113461193,60,0.08498458300164202
clear_probe,288,16,9,16,1.0,True,617.9595069793862,9887.35211167018,7123.35211167018,35616.76055835091,2240.0,448,384,0.8571428571428571,64,0,444,16,16,16,11,11,1731.2679152055616,7430.804729729931,498.9050189605961,9887.35211167018,40,0.09190723400388379
clear_probe,289,16,10,16,1.0,True,558.7786377602656,8940.45820416425,6291.458204164246,31457.291020821227,2145.0,429,372,0.8671328671328671,57,0,424,16,16,16,9,9,1710.6216820910674,5780.634132057438,509.24354650940563,8940.45820416425,40,0.12389049599732971
clear_probe,290,14,9,14,1.0,True,620.4523290000052,8686.332606000073,5953.332606000073,29766.663030000367,2220.0,444,390,0.8783783783783784,54,0,443,14,14,14,8,8,1008.7580008776479,5174.263783351813,1050.560920762126,8686.332606000073,80,0.05009685500408523
clear_probe,291,15,6,15,1.0,True,518.1353661716964,7772.030492575446,5538.030492575446,27690.152462877228,1800.0,360,302,0.8388888888888889,58,0,359,15,15,15,6,6,1061.6048850036964,4386.993934912076,714.3319301435758,7772.030492575446,60,0.048233961999358144
clear_probe,292,16,4,16,1.0,True,559.3008770080783,8948.814032129252,6321.81403212925,31609.070160646257,2125.0,425,363,0.8541176470588235,62,0,422,16,16,16,6,6,2427.561512084039,7165.07394305653,3459.297236775699,8948.814032129252,206,0.12699271900055464
clear_probe,293,13,7,13,1.0,True,741.589648298069,9640.665427874897,6571.665427874899,32858.327139374494,2505.0,501,449,0.8962075848303394,52,0,499,13,13,13,11,11,1209.6997222041755,4591.3690798671205,2341.2823401102,9640.665427874897,177,0.06788562900328543
clear_probe,294,11,4,11,1.0,True,755.4007313742892,8309.408045117181,5633.408045117179,28167.040225585893,2185.0,437,397,0.9084668192219679,40,0,436,11,11,11,4,4,1548.7356546401074,4952.871070990253,802.2256765383615,8309.408045117181,60,0.05518979400221724
clear_probe,295,16,7,16,1.0,True,529.6483061790141,8474.372898864225,5785.372898864226,28926.864494321133,2175.0,435,373,0.8574712643678161,62,0,434,16,16,16,10,10,1751.0188945961318,6614.491582654754,418.40820775198176,8474.372898864225,40,0.05188581299444195
clear_probe,296,10,5,10,1.0,True,881.0336961777251,8810.336961777251,5683.336961777252,28416.684808886257,2565.0,513,478,0.9317738791423001,35,0,512,10,10,10,5,5,2520.0047171305678,5699.669806679829,747.5014799159321,8810.336961777251,60,0.041553196002496406
clear_probe,297,14,10,14,1.0,True,630.1800306895301,8822.520429653421,6000.520429653422,30002.602148267102,2295.0,459,408,0.8888888888888888,51,0,457,14,14,14,9,9,2243.6844852727263,7599.893003768923,804.5777831478779,8822.520429653421,60,0.072286652000912
clear_probe,298,11,4,11,1.0,True,750.1473226898954,8251.62054958885,5017.620549588851,25088.10274794425,2650.0,530,492,0.9283018867924528,38,0,529,11,11,11,5,5,2310.7983714598395,7422.5942716243,1323.9606431774523,8053.121613084971,100,0.04816278799989959
clear_probe,299,12,9,12,1.0,True,696.0729514124399,8352.875416949279,5491.875416949278,27459.377084746393,2335.0,467,419,0.8972162740899358,48,0,466,12,12,12,9,9,1133.14698581644,5341.032306396712,455.3546286165438,8352.875416949279,40,0.046701082996150944
clear_probe,300,14,8,14,1.0,True,645.5891602422929,9038.248243392101,6192.248243392101,30961.2412169605,2315.0,463,409,0.8833693304535637,54,0,461,14,14,14,10,10,1100.4288417611062,4443.001261551829,1253.0485518804999,9038.248243392101,100,0.0862252679944504
clear_probe,301,13,6,13,1.0,True,688.0023863144835,8944.031022088286,5748.031022088287,28740.155110441436,2610.0,522,474,0.9080459770114943,48,0,521,13,13,13,6,6,3297.077416896714,6980.844738368899,1305.2698258132311,8415.813191993904,99,0.04624562800017884
clear_probe,302,14,6,14,1.0,True,694.1765689417061,9718.471965183886,6475.471965183885,32377.35982591943,2645.0,529,473,0.8941398865784499,56,0,528,14,14,14,12,12,3421.9051688127656,7934.933121494559,1838.8914692994908,9718.471965183886,140,0.0581897919983021
clear_probe,303,10,3,10,1.0,True,796.7295687265251,7967.295687265251,4936.295687265251,24681.47843632625,2485.0,497,456,0.9175050301810865,41,0,496,10,10,10,3,3,1788.9826958414233,4989.721724261743,1791.8894375522914,6810.605809637459,136,0.05930243899638299
clear_probe,304,11,6,11,1.0,True,744.3864746716586,8188.251221388245,5464.251221388244,27321.25610694122,2225.0,445,400,0.898876404494382,45,0,444,11,11,11,4,4,1040.0532914209157,4158.971980869648,465.2953392221399,8188.251221388245,40,0.054148622999491636
clear_probe,305,11,8,11,1.0,True,800.8565160511699,8809.42167656287,5575.42167656287,27877.10838281435,2650.0,530,487,0.9188679245283019,43,0,529,11,11,11,3,3,2538.8198403734964,5768.787021302703,1232.49496511582,7803.349933902754,100,0.059583595997537486
clear_probe,306,13,7,13,1.0,True,763.4677065089321,9925.080184616118,6648.080184616119,33240.4009230806,2680.0,536,487,0.9085820895522388,49,0,532,13,13,13,12,12,2752.935606117486,5671.606749235992,1797.8118466003893,9925.080184616118,140,0.1286961829973734
clear_probe,307,15,4,15,1.0,True,596.3592655540061,8945.388983310091,5847.388983310091,29236.944916550463,2520.0,504,438,0.8690476190476191,66,0,503,15,15,15,4,4,2399.6873065472682,6107.059852898983,1787.2753685771916,8945.388983310091,139,0.06381495499954326
clear_probe,308,11,5,11,1.0,True,817.165234687664,8988.817581564304,5918.8175815643035,29594.087907821522,2515.0,503,461,0.9165009940357853,42,0,500,11,11,11,5,5,1102.2135328931688,3931.8504769066126,1769.7061614213544,8988.817581564304,140,0.09257642900047358
clear_probe,309,10,3,10,1.0,True,809.5849508186078,8095.849508186078,5064.84950818608,25324.2475409304,2485.0,497,457,0.9195171026156942,40,0,496,10,10,10,2,2,1035.5460833157172,7322.275499407674,521.2283500647363,7671.917534567646,40,0.05077133899612818
clear_probe,310,14,6,14,1.0,True,722.4456760921768,10114.239465290475,7256.239465290474,36281.19732645237,2325.0,465,416,0.8946236559139785,49,0,463,14,14,14,8,8,1393.0139050873643,8098.829555454359,1257.8953554169184,10114.239465290475,99,0.06994374499481637
clear_probe,311,16,5,16,1.0,True,464.8054692917347,7436.887508667755,5335.887508667755,26679.43754333878,1685.0,337,275,0.8160237388724035,62,0,336,16,16,16,4,4,1350.0642108924171,5176.605644335698,493.47331205691347,7045.014097780595,40,0.05472042199835414
clear_probe,312,15,6,15,1.0,True,540.9748372530122,8114.622558795183,5850.622558795183,29253.11279397592,1825.0,365,318,0.8712328767123287,47,0,364,15,15,15,5,5,1530.0335613827374,6325.291157593239,411.38647936026297,7712.039549692793,40,0.05269843099813443
clear_probe,313,14,7,14,1.0,True,633.4718268309888,8868.605575633843,6346.605575633843,31733.027878169218,2045.0,409,359,0.8777506112469438,50,0,407,14,14,14,6,6,1515.3085258051585,5926.061168592406,700.622249864176,8868.605575633843,60,0.09272735199920135
clear_probe,314,11,5,11,1.0,True,834.8366291566028,9183.202920722631,6004.202920722631,30021.014603613163,2605.0,521,476,0.9136276391554703,45,0,519,11,11,11,7,7,1011.9402768363834,4199.343045200217,2055.4661207008517,9183.202920722631,158,0.08849919199565193
clear_probe,315,13,9,13,1.0,True,641.2909422409351,8336.782249132157,5580.782249132158,27903.911245660787,2245.0,449,410,0.9131403118040089,39,0,446,13,13,13,7,7,2684.122406556718,6650.85899638511,470.8688648800447,8336.782249132157,40,0.09632786599831888
clear_probe,316,10,2,10,1.0,True,973.7736917669384,9737.736917669385,6670.736917669386,33353.68458834692,2515.0,503,463,0.9204771371769384,40,0,502,10,10,10,5,5,967.8669509382746,6711.165292760556,1509.082229738082,9737.736917669385,116,0.05628160299966112
clear_probe,317,13,4,13,1.0,True,694.1285693665588,9023.671401765265,5795.671401765261,28978.35700882631,2640.0,528,474,0.8977272727272727,54,0,523,13,13,13,5,5,3121.2351682667622,8648.055349678514,2022.1915466441476,9023.671401765265,158,0.11298822100070538
clear_probe,318,15,7,15,1.0,True,589.4642924907561,8841.96438736134,6285.964387361339,31429.821936806693,2070.0,414,356,0.8599033816425121,58,0,411,15,15,15,8,8,1530.107382950629,4808.511926058138,1986.6509091074363,8841.96438736134,157,0.0843999709977652
clear_probe,319,11,5,11,1.0,True,902.5180595707344,9927.698655278078,6833.698655278079,34168.49327639039,2535.0,507,464,0.9151873767258383,43,0,504,11,11,11,8,8,1396.0735511554044,6394.309564913165,518.4083823417443,9927.698655278078,40,0.05836836599337403
clear_probe,320,13,5,13,1.0,True,683.8855773425065,8890.512505452585,5706.512505452585,28532.562527262933,2600.0,520,470,0.9038461538461539,50,0,519,13,13,13,6,6,2233.493923284703,5358.73914075603,1817.4799058056653,8890.512505452585,139,0.0481071329995757
clear_probe,321,12,9,12,1.0,True,819.9056261680463,9838.867514016556,6420.867514016555,32104.337570082764,2800.0,560,522,0.9321428571428572,38,0,558,12,12,12,4,4,3638.2372342704075,9209.681366067392,1748.3720672552133,9838.867514016556,132,0.052040899005078245
clear_probe,322,16,7,16,1.0,True,544.0293737575048,8704.469980120077,6111.4699801200795,30557.349900600384,2095.0,419,353,0.8424821002386634,66,0,418,16,16,16,8,8,1435.2992071719138,6640.13764157483,523.1904467966409,8704.469980120077,40,0.11223540799983311
clear_probe,323,15,5,15,1.0,True,500.384719498853,7505.770792482795,5019.770792482795,25098.853962413974,2010.0,402,349,0.8681592039800995,53,0,401,15,15,15,6,6,815.4464478991712,2860.8947597633132,1715.622492832904,7505.770792482795,134,0.05777931899501709
clear_probe,324,14,5,14,1.0,True,590.4872925655307,8266.822095917429,5563.8220959174305,27819.110479587147,2195.0,439,394,0.89749430523918,45,0,438,14,14,14,7,7,1871.704049171992,5629.31973520052,1251.2281000969017,8266.822095917429,96,0.04720768200058956
clear_probe,325,14,7,14,1.0,True,704.5451553156427,9863.632174418997,6399.632174418999,31998.16087209499,2830.0,566,508,0.8975265017667845,58,0,564,14,14,14,10,10,2446.8183399732666,6888.5255006978405,454.6170750013469,9863.632174418997,40,0.06564023199462099
clear_probe,326,10,6,10,1.0,True,932.3345069730974,9323.345069730975,5746.345069730976,28731.72534865487,2940.0,588,551,0.9370748299319728,37,0,587,10,10,10,10,10,2846.996842291185,6087.739808015166,1765.527696590497,9323.345069730975,138,0.045226843998534605
clear_probe,327,16,9,16,1.0,True,582.753398131289,9324.054370100625,6960.054370100628,34800.27185050312,1905.0,381,324,0.8503937007874016,57,0,379,16,16,16,14,14,1029.2505041339512,6221.984790918252,523.3000996847805,9324.054370100625,40,0.07462002200190909
clear_probe,328,15,9,15,1.0,True,550.8397804362916,8262.596706544373,5656.596706544373,28282.983532721864,2110.0,422,373,0.8838862559241706,49,0,421,15,15,15,7,7,1526.6084863143665,6341.740561040115,493.4457122610436,8262.596706544373,40,0.03927713099983521
clear_probe,329,16,10,16,1.0,True,560.5391639227757,8968.626622764412,6017.626622764413,30088.13311382207,2395.0,479,420,0.8768267223382046,59,0,476,16,16,16,14,14,2054.809159484654,6123.120907954743,1319.212453566293,8968.626622764412,100,0.07527239499904681
clear_probe,330,14,7,14,1.0,True,650.2437936919096,9103.413111686734,6103.413111686734,30517.065558433667,2445.0,489,436,0.8916155419222904,53,0,485,14,14,14,8,8,2102.896278353027,5182.233131632031,450.1892116838832,9103.413111686734,40,0.09719490299903555
clear_probe,331,16,5,16,1.0,True,484.42438947681825,7750.790231629092,5349.790231629093,26748.95115814546,1935.0,387,324,0.8372093023255814,63,0,386,16,16,16,6,6,1585.080421839397,5523.045880123938,415.16358301035166,7750.790231629092,40,0.05278832899784902
clear_probe,332,11,6,11,1.0,True,848.5782222929173,9334.36044522209,6328.360445222092,31641.802226110452,2460.0,492,455,0.9247967479674797,37,0,491,11,11,11,5,5,2239.7836261499697,5948.202997663784,523.0116574477955,9334.36044522209,40,0.03339653799775988
clear_probe,333,14,9,14,1.0,True,673.1429128880584,9424.000780432818,6490.000780432817,32450.003902164088,2390.0,478,424,0.8870292887029289,54,0,474,14,14,14,11,11,2057.5621766683425,5272.756726531353,1827.4338750019795,9424.000780432818,139,0.08944183999847155
clear_probe,334,11,7,11,1.0,True,858.2514041703879,9440.765445874267,6056.765445874266,30283.827229371334,2775.0,555,509,0.9171171171171171,46,0,554,11,11,11,11,11,1453.7961239109197,5629.677951985024,726.6233435696644,9440.765445874267,60,0.05462509099743329
clear_probe,335,11,7,11,1.0,True,857.7725882563008,9435.498470819308,6222.498470819309,31112.492354096546,2635.0,527,486,0.9222011385199241,41,0,523,11,11,11,10,10,2110.95105955276,6451.307043568662,2073.4024865259285,9435.498470819308,159,0.09616770099819405
clear_probe,336,10,3,10,1.0,True,842.0662368811769,8420.662368811769,5161.66236881177,25808.311844058848,2675.0,535,496,0.9271028037383178,39,0,534,10,10,10,3,3,1764.4278994634528,6897.51397599616,923.6301409120525,7498.916659692284,76,0.03955592000420438
clear_probe,337,11,6,11,1.0,True,895.8350782865233,9854.185861151756,6532.185861151757,32660.92930575879,2725.0,545,504,0.9247706422018349,41,0,542,11,11,11,4,4,1964.8466680482231,5930.32797004266,3332.292888443579,9854.185861151756,251,0.07852234999882057
clear_probe,338,10,4,10,1.0,True,913.3182588752816,9133.182588752816,5940.182588752818,29700.91294376409,2620.0,524,486,0.9274809160305344,38,0,523,10,10,10,5,5,2241.5726755240303,6345.912331327627,754.4596492133858,9133.182588752816,60,0.03953971999726491
clear_probe,339,11,5,11,1.0,True,747.8439468596033,8226.283415455637,5358.283415455637,26791.417077278184,2345.0,469,428,0.9125799573560768,41,0,468,11,11,11,4,4,745.3037802909531,3214.585395800121,492.76821445428914,8029.902094768552,40,0.054657208995195106
clear_probe,340,13,7,13,1.0,True,766.8350145811521,9968.855189554977,6371.855189554975,31859.275947774877,2945.0,589,543,0.9219015280135824,46,0,587,13,13,13,11,11,2200.5173635208366,5199.145145154174,2818.153727913559,9968.855189554977,212,0.07822916800068924
clear_probe,341,14,8,14,1.0,True,668.3366132588836,9356.712585624371,6503.712585624371,32518.56292812186,2320.0,464,414,0.8922413793103449,50,0,463,14,14,14,12,12,1757.0757801989323,5032.588342971379,769.1331631880689,9320.712585624371,60,0.04438598200067645
clear_probe,342,10,1,10,1.0,True,766.0503030649486,7660.503030649486,4809.5030306494855,24047.515153247426,2335.0,467,428,0.9164882226980728,39,0,466,10,10,10,1,1,2242.8434618114143,4848.571855494878,1774.0010138907928,7660.503030649486,138,0.042792716005351394
clear_probe,343,11,8,11,1.0,True,967.7138153667494,10644.851969034244,7022.85196903424,35114.25984517119,2975.0,595,552,0.9277310924369748,43,0,592,11,11,11,14,14,3372.541019585305,8860.667104381333,1798.1194881045374,10644.851969034244,139,0.09571945300558582
clear_probe,344,13,8,13,1.0,True,709.1564147832178,9219.033392181831,6115.033392181827,30575.16696090913,2535.0,507,462,0.9112426035502958,45,0,504,13,13,13,10,10,2407.409908663615,7057.20020206197,1783.7416130426984,9219.033392181831,133,0.07305246599571547
clear_probe,345,16,6,16,1.0,True,522.6817974844304,8362.908759750886,6179.908759750886,30899.543798754432,1755.0,351,287,0.8176638176638177,64,0,348,16,16,16,5,5,867.8170270330849,3132.3748407989283,1229.4418464272069,8362.908759750886,99,0.07358756300527602
clear_probe,346,14,3,14,1.0,True,587.1343476849279,8219.88086758899,5681.880867588993,28409.40433794496,2060.0,412,363,0.8810679611650486,49,0,408,14,14,14,3,3,1224.4182074351122,5642.768408999512,738.0037989685179,8219.88086758899,60,0.05814554100652458
clear_probe,347,12,8,12,1.0,True,689.1629653881265,8269.955584657519,5282.955584657518,26414.777923287587,2440.0,488,438,0.8975409836065574,50,0,487,12,12,12,10,10,1638.4045039201192,6005.323363816367,1274.6304130036854,8269.955584657519,99,0.049064737002481706
clear_probe,348,16,7,16,1.0,True,552.0051389508411,8832.082223213458,6336.082223213459,31680.41111606731,2015.0,403,341,0.8461538461538461,62,0,401,16,16,16,7,7,1387.0693554024854,3769.3400342286636,505.358629398443,8832.082223213458,40,0.06584672899771249
clear_probe,349,13,8,13,1.0,True,676.5210378071037,8794.773491492348,5785.7734914923485,28928.867457461747,2455.0,491,440,0.8961303462321792,51,0,489,13,13,13,9,9,1627.2569925817256,6950.730832196471,689.7162944959304,8794.773491492348,60,0.08510775600007037
clear_probe,350,12,6,12,1.0,True,694.4938926072577,8333.926711287093,5430.926711287093,27154.633556435467,2370.0,474,430,0.9071729957805907,44,0,473,12,12,12,7,7,1321.9159393431476,6801.1766004802585,689.8325349080236,8333.926711287093,60,0.04462113699992187
clear_probe,351,16,9,16,1.0,True,595.9049814662337,9534.47970345974,6486.479703459741,32432.398517298705,2475.0,495,432,0.8727272727272727,63,0,493,16,16,16,9,9,2651.9292772292747,8148.963585183449,1057.6197315063343,9534.47970345974,80,0.08952203800436109
clear_probe,352,12,6,12,1.0,True,672.9762065024088,8075.714478028905,5358.714478028905,26793.572390144527,2215.0,443,396,0.8939051918735892,47,0,442,12,12,12,4,4,2349.3273804869514,5723.175214330508,1828.876340507771,6911.093476092821,139,0.04726412699528737
clear_probe,353,10,3,10,1.0,True,847.8784038986938,8478.784038986938,5591.784038986939,27958.920194934697,2365.0,473,431,0.9112050739957717,42,0,472,10,10,10,2,2,987.7696926767054,5548.298912059517,1556.996493350666,8478.784038986938,116,0.06741974400210893
clear_probe,354,11,3,11,1.0,True,792.9181587021848,8722.099745724032,5774.09974572403,28870.49872862016,2415.0,483,438,0.906832298136646,45,0,478,11,11,11,5,5,1430.46179198107,4440.155506847967,460.34528041208694,8722.099745724032,40,0.09738833700248506
clear_probe,355,11,5,11,1.0,True,787.880935889273,8666.690294782004,5690.690294782002,28453.451473910016,2435.0,487,444,0.9117043121149897,43,0,486,11,11,11,7,7,736.4558662614668,4500.355723858025,499.55499731773597,8666.690294782004,40,0.06810434499493567
clear_probe,356,15,4,15,1.0,True,646.853323554537,9702.799853318056,6551.799853318056,32758.999266590272,2565.0,513,450,0.8771929824561403,63,0,511,15,15,15,5,5,2570.4336930768363,7108.686390153834,1308.0478019344841,9702.799853318056,100,0.07145948900142685
clear_probe,357,11,7,11,1.0,True,806.1428459228574,8867.571305151432,5646.571305151433,28232.856525757164,2640.0,528,488,0.9242424242424242,40,0,526,11,11,11,11,11,2178.9130152462426,5715.995111776977,1794.0876356580543,8867.571305151432,133,0.09633322199806571
clear_probe,358,16,12,16,1.0,True,626.8023061100185,10028.836897760297,7521.836897760293,37609.18448880147,2025.0,405,340,0.8395061728395061,65,0,402,16,16,16,20,20,1387.50365060172,4133.079397863202,752.1933455043882,10028.836897760297,60,0.11464475600223523
clear_probe,359,10,6,10,1.0,True,979.205602869768,9792.05602869768,6349.05602869768,31745.280143488395,2830.0,566,535,0.9452296819787986,31,0,563,10,10,10,10,10,2776.818557519098,8353.734498457137,533.0687864776505,9792.05602869768,40,0.06333500799519243
clear_probe,360,11,6,11,1.0,True,889.5051171305126,9784.556288435639,6276.556288435639,31382.781442178188,2880.0,576,534,0.9270833333333334,42,0,573,11,11,11,9,9,3154.0896506318463,6922.103527266054,2886.583179046793,9784.556288435639,213,0.1050084560047253
clear_probe,361,14,8,14,1.0,True,657.9229803949241,9210.921725528939,6125.921725528937,30629.60862764468,2520.0,504,457,0.9067460317460317,47,0,495,14,14,14,9,9,2638.4226271888933,6856.522648767547,489.8060119764239,9210.921725528939,40,0.10413088899804279
clear_probe,362,16,6,16,1.0,True,575.5229150965434,9208.366641544695,6773.366641544693,33866.833207723466,1965.0,393,337,0.8575063613231552,56,0,390,16,16,16,8,8,1518.9516554636596,7278.217562933509,445.5522829879078,9208.366641544695,40,0.09733287699782522
clear_probe,363,16,7,16,1.0,True,537.9317628153175,8606.90820504508,5911.908205045082,29559.5410252254,2180.0,436,374,0.8577981651376146,62,0,435,16,16,16,7,7,1911.9845013781587,6494.82762763446,735.1802491495537,8606.90820504508,60,0.05496269799914444
clear_probe,364,16,9,16,1.0,True,551.5778613934028,8825.245782294445,6468.245782294443,32341.228911472197,1900.0,380,321,0.8447368421052631,59,0,377,16,16,16,11,11,1502.6907637007157,6785.327224673269,454.37199116055643,8825.245782294445,40,0.09162592999928165
clear_probe,365,15,8,15,1.0,True,557.2175319860818,8358.262979791227,5519.262979791225,27596.31489895613,2305.0,461,409,0.8872017353579176,52,0,459,15,15,15,9,9,2170.2909140437655,6273.665757854618,1676.5889759504196,8358.262979791227,127,0.11588471600407502
clear_probe,366,10,6,10,1.0,True,926.7068339726445,9267.068339726446,5846.068339726447,29230.341698632237,2810.0,562,533,0.9483985765124555,29,0,561,10,10,10,10,10,1576.0787316604312,7601.964894378664,445.6831037291482,9267.068339726446,40,0.05298537400085479
clear_probe,367,10,4,10,1.0,True,851.8973097826978,8518.973097826978,5379.973097826979,26899.86548913489,2575.0,515,479,0.9300970873786408,36,0,514,10,10,10,3,3,874.3030704857181,3846.4863779374823,1282.9487007463551,7958.1228883478725,99,0.042240468006639276
clear_probe,368,13,6,13,1.0,True,687.473854818005,8937.160112634065,5699.160112634064,28495.8005631703,2645.0,529,476,0.8998109640831758,53,0,528,13,13,13,6,6,3412.9647258806826,6208.294824732615,2853.662968712347,8555.599033777853,217,0.0533871950028697
clear_probe,369,16,8,16,1.0,True,535.9847651678456,8575.75624268553,5803.756242685527,29018.781213427636,2245.0,449,391,0.8708240534521158,57,1,447,16,16,16,10,10,2305.9472671073368,6877.493685753648,702.8803149993387,8575.75624268553,60,0.062132381994160824
clear_probe,370,10,4,10,1.0,True,835.2464536064286,8352.464536064286,5303.464536064286,26517.322680321442,2500.0,500,468,0.936,32,0,499,10,10,10,4,4,2051.877046213399,6950.30565386326,748.0405164613485,7517.988335510268,60,0.03464493399951607
clear_probe,371,12,7,12,1.0,True,682.2396545101004,8186.8758541212055,5307.8758541212055,26539.379270606027,2350.0,470,419,0.8914893617021277,51,0,469,12,12,12,9,9,1403.0873170524544,4558.594141671221,703.6405957408168,8186.8758541212055,60,0.041547594002622645
clear_probe,372,10,7,10,1.0,True,911.6836754519034,9116.836754519034,5878.836754519032,29394.183772595166,2660.0,532,492,0.924812030075188,40,0,528,10,10,10,6,6,1591.8201261424715,7310.706305924624,1791.2586353511688,9116.836754519034,140,0.09111639000184368
clear_probe,373,10,5,10,1.0,True,884.1506774183297,8841.506774183297,5684.506774183297,28422.533870916486,2590.0,518,479,0.9247104247104247,39,0,517,10,10,10,8,8,1940.9466824525036,5815.9207012302795,424.807844370657,8841.506774183297,40,0.05116731000453001
clear_probe,374,12,5,12,1.0,True,804.7400266863589,9656.880320236307,6360.880320236304,31804.40160118152,2700.0,540,493,0.912962962962963,47,0,536,12,12,12,7,7,2732.677627630231,7099.41961139667,685.6276425061986,9656.880320236307,60,0.1128388690049178
clear_probe,375,11,6,11,1.0,True,779.9261951826527,8579.18814700918,5441.188147009177,27205.940735045897,2570.0,514,470,0.914396887159533,44,0,513,11,11,11,4,4,1600.9921962599356,4659.15795610242,1573.8651239240671,8579.18814700918,120,0.08707200600474607
clear_probe,376,15,6,15,1.0,True,647.6897751215141,9715.346626822711,6731.346626822713,33656.73313411356,2425.0,485,429,0.8845360824742268,56,0,484,15,15,15,7,7,2153.3476332320565,6691.302137747192,489.43475172590644,9715.346626822711,40,0.09054389899392845
clear_probe,377,11,4,11,1.0,True,780.6508500006396,8587.159350007036,5251.159350007035,26255.796750035177,2735.0,547,505,0.923217550274223,42,0,546,11,11,11,6,6,2654.3211195411186,7570.222234414812,678.6019957175675,8587.159350007036,60,0.04723044199636206
clear_probe,378,10,5,10,1.0,True,857.5687203143834,8575.687203143834,5412.687203143834,27063.43601571917,2595.0,519,482,0.928709055876686,37,0,518,10,10,10,6,6,2494.1983317079976,6230.429498801694,757.7170746916638,8575.687203143834,60,0.06479513300291728
clear_probe,379,10,3,10,1.0,True,820.9323931237035,8209.323931237035,5268.323931237032,26341.619656185165,2410.0,482,445,0.9232365145228216,37,0,481,10,10,10,5,5,761.7553652507343,3925.1639724727024,1263.607847670907,8209.323931237035,99,0.09013690899882931
clear_probe,380,11,1,11,1.0,True,689.5705420453377,7585.275962498714,4771.275962498714,23856.379812493564,2300.0,460,416,0.9043478260869565,44,0,459,11,11,11,0,0,1565.4551311145767,5028.059445121626,450.39207416248996,7311.588276090341,40,0.06359701800101902
clear_probe,381,13,6,13,1.0,True,612.825660180761,7966.733582349893,5382.733582349892,26913.66791174946,2100.0,420,369,0.8785714285714286,51,0,419,13,13,13,9,9,399.83134660321605,2836.9037529209045,528.8561418374424,7924.733582349893,40,0.05562675799592398
clear_probe,382,10,5,10,1.0,True,886.3494479267292,8863.494479267292,5838.494479267292,29192.472396336467,2480.0,496,464,0.9354838709677419,32,0,495,10,10,10,4,4,1426.3516101696637,6123.202729134656,1756.3471692404141,8219.92663972651,138,0.04691861299943412
clear_probe,383,14,8,14,1.0,True,691.5295936021059,9681.414310429484,6174.414310429484,30872.07155214742,2865.0,573,513,0.8952879581151832,60,0,572,14,14,14,10,10,1522.5793311656512,4789.422127263823,2597.3479462679547,9681.414310429484,199,0.1005550289992243
clear_probe,384,15,11,15,1.0,True,709.6917445704072,10645.376168556108,7465.376168556106,37326.880842780534,2590.0,518,465,0.8976833976833977,53,0,515,15,15,15,18,18,2070.6127466424396,6169.687494134902,2129.523834834782,10645.376168556108,159,0.07897316500020679
clear_probe,385,10,4,10,1.0,True,803.9783706961571,8039.783706961571,4930.783706961572,24653.91853480785,2550.0,510,474,0.9294117647058824,36,0,509,10,10,10,2,2,2143.8190241870407,5608.599081770561,1268.5156719604456,7547.922712574426,99,0.03571505899890326
clear_probe,386,14,11,14,1.0,True,663.1652782392038,9284.313895348852,6419.313895348853,32096.569476744266,2330.0,466,419,0.8991416309012875,47,0,465,14,14,14,11,11,2265.9708234776863,6800.323505842835,1519.4187043663549,9284.313895348852,117,0.061207371996715665
clear_probe,387,13,5,13,1.0,True,701.8603735911582,9124.184856685057,6294.1848566850595,31470.924283425295,2305.0,461,416,0.9023861171366594,45,0,460,13,13,13,6,6,1278.827738897943,8070.966966484358,458.0677260767484,9124.184856685057,40,0.04429114399681566
clear_probe,388,16,11,16,1.0,True,639.9933068476656,10239.89290956265,7034.892909562648,35174.46454781324,2605.0,521,459,0.8809980806142035,62,0,520,16,16,16,12,12,3348.506874053359,7378.7027303523055,3087.481556649332,10239.89290956265,227,0.08988311100256396
clear_probe,389,15,9,15,1.0,True,555.406431600673,8331.096474010095,5623.096474010094,28115.48237005047,2195.0,439,381,0.8678815489749431,58,0,438,15,15,15,10,10,2075.81990974272,6002.896385326527,673.9763815124288,8331.096474010095,60,0.07173263100412441
clear_probe,390,14,6,14,1.0,True,602.3842841367313,8433.379977914237,5502.379977914238,27511.89988957118,2385.0,477,418,0.8763102725366876,59,0,476,14,14,14,8,8,1790.6939673630145,6361.664886572185,2580.133457084398,8433.379977914237,197,0.056715001999691594
clear_probe,391,13,8,13,1.0,True,717.7245177302864,9330.418730493722,6356.41873049372,31782.09365246861,2425.0,485,434,0.8948453608247423,51,0,484,13,13,13,6,6,2153.699614304682,4814.986604778746,2058.505438140255,9330.418730493722,160,0.07936346000496997
clear_probe,392,14,8,14,1.0,True,609.5195919750453,8533.274287650635,5837.274287650635,29186.37143825318,2190.0,438,382,0.8721461187214612,56,0,436,14,14,14,12,12,1104.0146130348055,5409.828183469342,487.1150887293137,8533.274287650635,40,0.06625020799401682
clear_probe,393,12,3,12,1.0,True,660.7088431883989,7928.506118260787,4971.506118260786,24857.530591303926,2415.0,483,445,0.9213250517598344,38,0,482,12,12,12,3,3,1708.8353213471555,5644.809494158268,432.80681931666464,7928.506118260787,40,0.0317916809945018
clear_probe,394,11,7,11,1.0,True,899.024433059915,9889.268763659065,6700.2687636590645,33501.34381829531,2615.0,523,481,0.9196940726577438,42,0,519,11,11,11,11,11,1446.5522834555275,6084.840452180718,509.39917436365465,9889.268763659065,40,0.07733699699747376
clear_probe,395,12,6,12,1.0,True,753.3851607455614,9040.621928946737,5648.621928946738,28243.109644733693,2780.0,556,509,0.9154676258992805,47,0,552,12,12,12,10,10,2933.8843458554607,6865.895486426704,804.7861714084854,9040.621928946737,60,0.0844924289995106
clear_probe,396,10,7,10,1.0,True,942.8386231408471,9428.38623140847,6253.386231408472,31266.931157042356,2605.0,521,484,0.9289827255278311,37,0,520,10,10,10,8,8,1910.8580157669815,4962.774382411054,754.9656894615148,9428.38623140847,60,0.04586837600072613
clear_probe,397,10,3,10,1.0,True,886.492172112385,8864.92172112385,5767.921721123847,28839.60860561924,2540.0,508,467,0.9192913385826772,41,0,507,10,10,10,3,3,1198.8716557207977,5618.858278603988,1823.117118729706,8864.92172112385,136,0.04151065399491927
clear_probe,398,13,7,13,1.0,True,773.6148725821803,10056.993343568343,6685.993343568342,33429.96671784171,2760.0,552,503,0.9112318840579711,49,0,546,13,13,13,8,8,2435.460535268815,6026.638476647416,1251.8257204228546,10056.993343568343,100,0.09875643999839667
clear_probe,399,10,4,10,1.0,True,849.2901860569982,8492.901860569982,5443.901860569981,27219.509302849903,2500.0,500,465,0.93,35,0,499,10,10,10,6,6,1557.5683241849338,6532.4174396038115,469.9114035629008,8123.339475226027,40,0.03221891300199786
clear_probe,400,12,2,12,1.0,True,672.1507926351178,8065.809511621414,5438.809511621415,27194.047558107064,2140.0,428,376,0.8785046728971962,52,0,427,12,12,12,3,3,604.0711468051985,3193.954495891173,441.26211869408064,8065.809511621414,40,0.04777484900114359
clear_probe,401,13,6,13,1.0,True,734.551857595681,9549.174148743852,6305.174148743849,31525.870743719246,2650.0,530,477,0.9,53,0,529,13,13,13,11,11,1862.489885030023,6218.815705336315,1488.8737792123268,9549.174148743852,120,0.07213491800212068
clear_probe,402,16,8,16,1.0,True,556.1896805172739,8899.034888276383,6206.034888276383,31030.174441381918,2180.0,436,371,0.8509174311926605,65,0,433,16,16,16,7,7,1242.4802286521851,6991.434468853095,457.0849784606393,8899.034888276383,40,0.078757504998066
clear_probe,403,11,4,11,1.0,True,885.6988883554718,9742.68777191019,6232.687771910188,31163.43885955094,2880.0,576,532,0.9236111111111112,44,0,575,11,11,11,3,3,2768.090368841348,8099.715459598348,739.5215210938594,8892.222770083334,60,0.04653026499727275
clear_probe,404,10,8,10,1.0,True,1082.7321015567873,10827.321015567872,7132.321015567871,35661.60507783935,3040.0,608,572,0.9407894736842105,36,0,605,10,10,10,10,10,1927.3309952710547,7484.9833069307415,2086.920959319469,10827.321015567872,160,0.061959042999660596
clear_probe,405,10,4,10,1.0,True,900.7894866033361,9007.89486603336,5526.89486603336,27634.474330166795,2860.0,572,536,0.9370629370629371,36,0,571,10,10,10,4,4,1973.0167974736232,7117.055991578744,2085.4308629275956,9007.89486603336,158,0.037699070999224205
clear_probe,406,13,6,13,1.0,True,696.802666922887,9058.434669997532,5724.43466999753,28622.173349987657,2725.0,545,493,0.9045871559633027,52,0,544,13,13,13,6,6,3614.4993906322775,7201.201629726163,4046.8955222512423,9058.434669997532,298,0.06492269899899838
clear_probe,407,15,9,15,1.0,True,520.9365568628151,7814.048352942226,5610.048352942226,28050.241764711132,1775.0,355,302,0.8507042253521127,53,0,354,15,15,15,10,10,1160.1124340185424,4428.872180120557,430.130249565737,7081.790723476597,40,0.046722482999030035
clear_probe,408,16,12,16,1.0,True,581.0325961906767,9296.521539050827,6523.521539050829,32617.60769525414,2245.0,449,384,0.8552338530066815,65,0,448,16,16,16,15,15,1766.2727069799455,7104.275042552652,2036.235924509219,9296.521539050827,158,0.08444546700047795
clear_probe,409,16,10,16,1.0,True,541.3316562387039,8661.306499819262,6027.306499819263,30136.532499096313,2130.0,426,367,0.8615023474178404,59,0,424,16,16,16,13,13,653.3465525290911,1914.414582446134,471.5286728943264,8661.306499819262,40,0.07267517100262921
clear_probe,410,11,4,11,1.0,True,813.2303661731643,8945.534027904807,5531.534027904809,27657.670139524045,2800.0,560,516,0.9214285714285714,44,0,559,11,11,11,3,3,2593.8308757665436,7577.227926686396,2562.9522084934956,8945.534027904807,190,0.04748086900508497
clear_probe,411,11,6,11,1.0,True,835.0912876727184,9186.004164399903,6164.004164399902,30820.02082199951,2475.0,495,451,0.9111111111111111,44,0,492,11,11,11,6,6,847.4726560169694,4040.7245970194967,716.3283874025248,9186.004164399903,60,0.07914517000608612
clear_probe,412,12,6,12,1.0,True,747.8786318752049,8974.543582502458,6131.543582502459,30657.717912512282,2320.0,464,418,0.9008620689655172,46,0,463,12,12,12,5,5,883.0381547909532,6819.64583662825,798.5972148629887,8974.543582502458,60,0.0555799800058594
clear_probe,413,16,9,16,1.0,True,556.1205480347624,8897.928768556198,6128.9287685561985,30644.64384278099,2245.0,449,387,0.8619153674832962,62,0,444,16,16,16,13,13,1732.901353936905,6585.93056606292,1318.6662537394648,8897.928768556198,100,0.05844032000459265
clear_probe,414,13,6,13,1.0,True,646.0780894620858,8399.015163007116,5773.015163007117,28865.07581503558,2135.0,427,383,0.8969555035128806,44,0,426,13,13,13,8,8,1049.950566385529,5139.874661983351,516.1614957810095,7014.598219960745,40,0.033925295996596105
clear_probe,415,16,10,16,1.0,True,574.8123253295928,9196.997205273485,6291.997205273484,31459.98602636741,2355.0,471,407,0.8641188959660298,64,0,470,16,16,16,10,10,2312.010515554218,7176.118077882226,2396.5679999476083,9196.997205273485,180,0.08030218900239561
clear_probe,416,12,7,12,1.0,True,722.2956143672099,8667.547372406518,5752.547372406517,28762.73686203259,2380.0,476,437,0.9180672268907563,39,0,475,12,12,12,7,7,2134.0177861728903,4649.836348818995,455.6001662832243,8667.547372406518,40,0.04700963099458022
clear_probe,417,14,6,14,1.0,True,667.5539527585088,9345.755338619123,6270.755338619124,31353.77669309562,2505.0,501,452,0.9021956087824351,49,0,500,14,14,14,8,8,2480.8258688989304,6281.412164315506,526.7808428751453,9345.755338619123,40,0.048151862996746786
clear_probe,418,12,9,12,1.0,True,789.0603417492657,9468.724100991189,6145.724100991183,30728.62050495593,2720.0,544,497,0.9136029411764706,47,0,543,12,12,12,12,12,1530.9836714141438,5078.585957192834,1061.415820617092,9468.724100991189,79,0.045501189000788145
clear_probe,419,14,11,14,1.0,True,674.6683807229966,9445.357330121953,6184.357330121954,30921.786650609763,2660.0,532,486,0.9135338345864662,46,0,531,14,14,14,11,11,2763.784787036641,6261.958211897627,738.3408559136843,9445.357330121953,60,0.05638096699840389
clear_probe,420,10,3,10,1.0,True,860.642948216403,8606.42948216403,5557.429482164033,27787.147410820166,2500.0,500,463,0.926,37,0,499,10,10,10,3,3,995.6844068394082,5903.077498189664,503.4931464728904,8190.886193623618,40,0.03850971700012451
clear_probe,421,15,10,15,1.0,True,628.9327577994819,9433.991366992228,6762.99136699223,33814.95683496114,2165.0,433,381,0.8799076212471132,52,0,431,15,15,15,15,15,1332.818323386936,5921.857723096026,414.14899596735904,9433.991366992228,40,0.06815952000033576
clear_probe,422,13,7,13,1.0,True,586.088208849267,7619.146715040471,5131.1467150404715,25655.733575202365,2020.0,404,361,0.8935643564356436,43,0,403,13,13,13,2,2,898.2298849980143,5242.619426473548,470.4098709492817,7619.146715040471,40,0.03473935399961192
clear_probe,423,12,6,12,1.0,True,742.7227523232508,8912.67302787901,5553.673027879007,27768.365139395035,2750.0,550,498,0.9054545454545454,52,0,549,12,12,12,6,6,1690.39146318573,5898.248124900743,1307.6174342654467,8912.67302787901,100,0.05543929799750913
clear_probe,424,14,4,14,1.0,True,669.1239239167863,9367.734934835009,6204.73493483501,31023.67467417505,2580.0,516,456,0.8837209302325582,60,0,513,14,14,14,5,5,1866.3831291106944,6194.513672338843,3867.964311513051,9367.734934835009,295,0.08511654699395876
clear_probe,425,13,5,13,1.0,True,666.4411632916175,8663.735122791028,5633.735122791026,28168.675613955125,2475.0,495,439,0.8868686868686869,56,0,490,13,13,13,6,6,1752.3974116439456,5647.399910065482,1860.4866330446762,8663.735122791028,140,0.07767238299857127
clear_probe,426,11,5,11,1.0,True,803.5785741400028,8839.364315540031,6001.364315540032,30006.821577700153,2320.0,464,429,0.9245689655172413,35,0,463,11,11,11,2,2,1505.3501186176543,7577.819295494559,493.5718661630956,8401.618012879897,40,0.047302081002271734
clear_probe,427,11,7,11,1.0,True,931.0229384627384,10241.252323090122,6918.252323090124,34591.26161545062,2725.0,545,500,0.9174311926605505,45,0,543,11,11,11,7,7,2343.9049351399417,6953.450423607981,2119.1567442724736,10241.252323090122,160,0.11025445599807426
clear_probe,428,12,3,12,1.0,True,721.329342873017,8655.952114476204,5600.952114476203,28004.760572381,2500.0,500,452,0.904,48,0,495,12,12,12,3,3,2022.5864246500707,5863.391874709548,498.53160496110155,8655.952114476204,40,0.13067169200076023
clear_probe,429,14,7,14,1.0,True,579.7821076787319,8116.949507502247,5323.949507502248,26619.747537511234,2270.0,454,400,0.8810572687224669,54,0,453,14,14,14,8,8,753.9125542391073,5543.622005060783,535.0998963967329,8116.949507502247,40,0.04597846600518096
clear_probe,430,12,6,12,1.0,True,743.7347690314958,8924.81722837795,5758.817228377949,28794.086141889737,2590.0,518,475,0.916988416988417,43,0,516,12,12,12,9,9,1402.6359845501263,5035.997069034011,784.5561542341181,8924.81722837795,60,0.07058383299590787
clear_probe,431,12,8,12,1.0,True,744.0041094102762,8928.049312923315,5899.049312923315,29495.246564616573,2475.0,495,451,0.9111111111111111,44,0,494,12,12,12,8,8,1739.7311489740866,6919.211184995799,1868.951899766737,8928.049312923315,140,0.056281185999978334
clear_probe,432,14,5,14,1.0,True,612.9038258281904,8580.653561594665,6135.653561594663,30678.267807973316,1980.0,396,343,0.8661616161616161,53,0,395,14,14,14,6,6,1215.462824412408,3544.952738146429,771.8679834346547,8580.653561594665,60,0.05673850000312086
clear_probe,433,11,4,11,1.0,True,761.8901997911436,8380.79219770258,5436.792197702582,27183.960988512907,2410.0,482,438,0.9087136929460581,44,0,479,11,11,11,7,7,1203.4252138623474,4672.691709999769,1769.1553382637267,8380.79219770258,136,0.08909037899866235
clear_probe,434,12,3,12,1.0,True,727.5888988482519,8731.066786179023,5543.066786179015,27715.333930895096,2610.0,522,475,0.9099616858237548,47,0,518,12,12,12,3,3,2917.6565244507874,5866.571177159003,2827.2043931815583,8731.066786179023,214,0.11957283900119364
clear_probe,435,16,4,16,1.0,True,536.7949477167421,8588.719163467873,5911.719163467871,29558.595817339363,2165.0,433,369,0.8521939953810623,64,0,432,16,16,16,6,6,1587.0881530285392,5174.947081088761,1281.3984428035958,8588.719163467873,100,0.07167764799669385
clear_probe,436,13,5,13,1.0,True,740.2951611591307,9623.837095068699,6547.837095068696,32739.18547534347,2510.0,502,456,0.9083665338645418,46,0,501,13,13,13,7,7,2974.483431629123,6781.15456605603,694.1024077172148,9623.837095068699,60,0.05856937800126616
clear_probe,437,14,6,14,1.0,True,706.9856054491262,9897.798476287766,6768.798476287763,33843.99238143881,2550.0,510,457,0.8960784313725491,53,0,509,14,14,14,5,5,1708.9082209307326,6008.571697676752,3843.4216666151556,9897.798476287766,286,0.0602279350059689
clear_probe,438,11,4,11,1.0,True,866.9367139724972,9536.30385369747,6449.303853697468,32246.51926848734,2530.0,506,466,0.9209486166007905,40,0,502,11,11,11,4,4,1910.0322456576434,6390.060703026901,769.6314343191407,9536.30385369747,59,0.1000413709989516
clear_probe,439,13,8,13,1.0,True,718.350046621099,9338.550606074286,6424.5506060742855,32122.753030371427,2375.0,475,425,0.8947368421052632,50,0,474,13,13,13,7,7,1684.8244855782832,7483.145399134434,425.80992446468446,9338.550606074286,40,0.06868170500092674
clear_probe,440,10,4,10,1.0,True,892.3928617225863,8923.928617225863,5730.928617225863,28654.643086129316,2620.0,524,484,0.9236641221374046,40,0,523,10,10,10,5,5,1857.8227764611663,7462.272798460318,530.849660908229,8923.928617225863,40,0.04986829099652823
clear_probe,441,11,3,11,1.0,True,755.4459500918994,8309.905451010893,5303.905451010891,26519.527255054458,2460.0,492,452,0.9186991869918699,40,0,491,11,11,11,2,2,1392.699005525998,6320.174089884031,1251.6558876820784,7290.34361131235,99,0.055867170995043125
clear_probe,442,12,8,12,1.0,True,723.3872803653118,8680.647364383742,5645.6473643837435,28228.236821918712,2480.0,496,453,0.9133064516129032,43,0,495,12,12,12,11,11,2458.788311954579,7304.556722686409,1520.1437366642383,8680.647364383742,117,0.05190923999907682
clear_probe,443,16,5,16,1.0,True,505.631699540548,8090.107192648768,5503.107192648768,27515.535963243838,2090.0,418,343,0.8205741626794258,75,0,417,16,16,16,8,8,1580.544193441869,4734.510294890824,770.9154051202165,8090.107192648768,60,0.06962289300281554
clear_probe,444,12,7,12,1.0,True,806.9411306264329,9683.293567517196,6390.293567517195,31951.467837585973,2695.0,539,497,0.922077922077922,42,0,538,12,12,12,8,8,2629.859963583984,6213.463912601563,747.6370052167656,9683.293567517196,60,0.05992097499984084
clear_probe,445,14,6,14,1.0,True,639.9407066574628,8959.169893204478,5926.169893204477,29630.84946602239,2470.0,494,447,0.9048582995951417,47,0,493,14,14,14,7,7,2062.8786634806415,6585.467113962945,1791.305929985779,8959.169893204478,133,0.053693261004809756
clear_probe,446,16,6,16,1.0,True,526.4792500722227,8423.668001155564,5969.668001155562,29848.340005777805,1980.0,396,337,0.851010101010101,59,0,394,16,16,16,7,7,1287.5566101011823,7315.945028016398,767.8031568188798,8423.668001155564,60,0.06341162799799349
clear_probe,447,13,6,13,1.0,True,707.4277330012345,9196.56052901605,6031.56052901605,30157.802645080254,2585.0,517,470,0.9090909090909091,47,0,515,13,13,13,10,10,2353.6553112231013,5237.506348633439,4166.944760876167,9196.56052901605,306,0.060844018997158855
clear_probe,448,12,4,12,1.0,True,640.0510015071687,7680.612018086025,5089.612018086025,25448.060090430132,2110.0,422,373,0.8838862559241706,49,0,421,12,12,12,4,4,804.741585900933,4197.484015650622,489.88615641139415,7680.612018086025,40,0.046147614004439674
clear_probe,449,11,4,11,1.0,True,839.2478576796598,9231.726434476257,5814.726434476257,29073.632172381276,2805.0,561,518,0.9233511586452763,43,0,557,11,11,11,5,5,1279.4849712577554,5694.973105099101,499.86980246919615,9231.726434476257,40,0.07295120400522137
clear_probe,450,10,6,10,1.0,True,945.9823063928209,9459.823063928208,6230.823063928207,31154.115319641034,2650.0,530,492,0.9283018867924528,38,0,529,10,10,10,8,8,1317.7043778295638,5827.972292426086,796.845081898985,9459.823063928208,60,0.05762426000001142
clear_probe,451,10,5,10,1.0,True,936.0425199509054,9360.425199509054,6018.425199509054,30092.12599754527,2745.0,549,506,0.9216757741347905,43,0,547,10,10,10,7,7,1209.7924125154304,8344.924125154304,3581.5282583302046,9360.425199509054,261,0.06517302399879554
clear_probe,452,12,6,12,1.0,True,787.1280192209991,9445.53623065199,6375.536230651991,31877.681153259953,2510.0,502,453,0.9023904382470119,49,0,500,12,12,12,10,10,1685.6316914341598,6347.178871222699,447.49006711334334,9445.53623065199,40,0.0950386679978692
clear_probe,453,11,3,11,1.0,True,761.3155674898591,8374.47124238845,5236.471242388448,26182.356211942242,2570.0,514,470,0.914396887159533,44,0,513,11,11,11,4,4,885.7220660651219,4583.256766562736,525.9448255311415,8374.47124238845,40,0.04278300500300247
clear_probe,454,12,7,12,1.0,True,718.2587974586636,8619.105569503963,5554.105569503965,27770.52784751982,2505.0,501,465,0.9281437125748503,36,0,500,12,12,12,4,4,2039.2356011287727,5616.646834539346,667.7012782408744,8217.441235047874,60,0.045695656997850165
clear_probe,455,16,5,16,1.0,True,529.2210768129208,8467.537229006733,6138.537229006732,30692.686145033666,1875.0,375,311,0.8293333333333334,64,0,374,16,16,16,5,5,1024.5318204953303,4042.5356114911506,534.632342173446,8467.537229006733,40,0.07163315400248393
clear_probe,456,15,7,15,1.0,True,636.3793681281325,9545.690521921986,6590.690521921984,32953.45260960993,2405.0,481,426,0.8856548856548857,55,0,475,15,15,15,10,10,1873.3654785051797,5915.094085075152,1270.625146973182,9545.690521921986,98,0.09736189700197428
clear_probe,457,16,8,16,1.0,True,585.5853385069279,9369.365416110846,6254.365416110846,31271.827080554234,2530.0,506,443,0.8754940711462451,63,0,505,16,16,16,10,10,1969.7329349890097,6348.443667851054,736.8480088198322,9369.365416110846,60,0.07658110999909695
clear_probe,458,10,2,10,1.0,True,887.2807899215401,8872.8078992154,5463.807899215401,27319.039496077003,2800.0,560,522,0.9321428571428572,38,0,559,10,10,10,3,3,2087.041983663036,6532.093367358153,485.81938534059185,8872.8078992154,40,0.03383390499948291
clear_probe,459,15,9,15,1.0,True,696.4253367670555,10446.380051505832,7711.380051505832,38556.90025752915,2220.0,444,385,0.8671171171171171,59,0,440,15,15,15,10,10,1509.7017730195466,4221.880489465942,518.2050787442747,10446.380051505832,40,0.08701984999788692
clear_probe,460,12,7,12,1.0,True,798.8667315822257,9586.400778986708,6029.400778986706,30147.003894933547,2915.0,583,534,0.9159519725557461,49,0,582,12,12,12,6,6,3920.4864116682543,7875.1474302223005,2610.155646074614,9586.400778986708,200,0.0669196809976711
clear_probe,461,15,9,15,1.0,True,706.0206473085466,10590.309709628198,7167.309709628199,35836.54854814099,2795.0,559,498,0.8908765652951699,61,0,553,15,15,15,11,11,2694.5634490372026,6626.389235298218,2883.211262767114,10590.309709628198,220,0.14818409299914492
clear_probe,462,14,5,14,1.0,True,578.6909412277438,8101.673177188412,5632.673177188412,28163.365885942058,2000.0,400,349,0.8725,51,0,399,14,14,14,2,2,1981.958092812323,7435.250559637992,781.4906851092813,7911.408515825463,60,0.04255468400515383
clear_probe,463,11,5,11,1.0,True,801.4849084178353,8816.333992596188,5816.33399259619,29081.669962980952,2455.0,491,451,0.9185336048879837,40,0,490,11,11,11,7,7,1613.388230899292,6137.471525239312,1544.7161563094592,8136.8301131714525,114,0.04150392399606062
clear_probe,464,12,5,12,1.0,True,676.9553588513958,8123.464306216749,5337.464306216748,26687.32153108374,2275.0,455,416,0.9142857142857143,38,1,451,12,12,12,3,3,2352.9572397521856,7103.53923169599,391.0,8123.464306216749,40,0.05754772500222316
clear_probe,465,11,6,11,1.0,True,830.106524953926,9131.171774493187,6341.171774493186,31705.85887246593,2280.0,456,417,0.9144736842105263,39,0,455,11,11,11,5,5,938.8479670845717,5029.648209091183,520.817620746177,9131.171774493187,40,0.04750085499836132
clear_probe,466,10,4,10,1.0,True,1003.226830515948,10032.26830515948,6920.26830515948,34601.3415257974,2555.0,511,482,0.9432485322896281,29,0,507,10,10,10,3,3,2398.4174137485147,5089.967799112692,710.314783962046,10032.26830515948,60,0.040244066003651824
clear_probe,467,12,6,12,1.0,True,671.395367038349,8056.744404460188,5027.744404460187,25138.722022300935,2475.0,495,451,0.9111111111111111,44,0,494,12,12,12,1,1,1787.2077964501084,7590.775842994778,733.7346006721377,8056.744404460188,60,0.05522140699758893
clear_probe,468,11,8,11,1.0,True,836.2601837432775,9198.862021176052,5899.862021176049,29499.310105880257,2705.0,541,507,0.9371534195933456,34,0,539,11,11,11,9,9,2131.8740526718666,7145.630694018571,750.7943489689284,9198.862021176052,60,0.0641884860015125
clear_probe,469,12,5,12,1.0,True,700.8576838743157,8410.29220649179,5502.292206491792,27511.461032458952,2375.0,475,427,0.8989473684210526,48,0,473,12,12,12,6,6,765.8471148637651,3988.862120925609,712.4808125773893,8410.29220649179,60,0.0765217579973978
clear_probe,470,10,5,10,1.0,True,892.5404337408352,8925.404337408352,5522.404337408349,27612.021687041757,2795.0,559,521,0.9320214669051878,38,0,558,10,10,10,5,5,2676.4830808652778,7678.339229783964,1784.5536092054372,8925.404337408352,135,0.04180076599732274
clear_probe,471,15,5,15,1.0,True,596.5492120408936,8948.238180613404,6158.238180613403,30791.190903067014,2265.0,453,388,0.8565121412803532,65,0,450,15,15,15,6,6,1615.862514288609,6484.206503099865,526.7966823227529,8948.238180613404,40,0.07969593999587232
clear_probe,472,11,8,11,1.0,True,858.4723157832722,9443.195473615993,5705.1954736159905,28525.977368079966,3070.0,614,572,0.9315960912052117,42,0,613,11,11,11,10,10,3431.5454545454545,6335.0,7110.637935202457,9443.195473615993,517,0.05257450399949448
clear_probe,473,12,7,12,1.0,True,839.4300945370902,10073.161134445083,6518.161134445083,32590.80567222541,2915.0,583,536,0.9193825042881647,47,0,580,12,12,12,13,13,1517.713541653112,5970.0454355036145,1728.06065966999,10073.161134445083,137,0.08585074500297196
clear_probe,474,10,5,10,1.0,True,930.3139966204184,9303.139966204184,5746.139966204181,28730.69983102091,2925.0,585,537,0.9179487179487179,48,0,582,10,10,10,8,8,1694.9269718838866,4949.2317893060335,2619.4901536181364,9303.139966204184,200,0.11463922099937918
clear_probe,475,10,4,10,1.0,True,853.3852565829075,8533.852565829075,5790.852565829075,28954.262829145362,2245.0,449,412,0.9175946547884187,37,0,448,10,10,10,5,5,309.67578145960334,807.5859381986777,508.9558448927443,8311.514343209574,40,0.0399864470018656
clear_probe,476,13,6,13,1.0,True,779.453222979788,10132.891898737245,6901.891898737242,34509.45949368622,2640.0,528,473,0.8958333333333334,55,0,526,13,13,13,11,11,1511.6543696079766,6183.508837459572,424.9039328626895,10132.891898737245,40,0.09457339600339765
clear_probe,477,14,9,14,1.0,True,621.5777254905532,8702.088156867745,5819.088156867744,29095.44078433872,2345.0,469,414,0.8827292110874201,55,0,468,14,14,14,10,10,1650.5457924154591,6324.926414220333,799.6985412238262,8449.56498001203,60,0.04837823499838123
clear_probe,478,12,7,12,1.0,True,751.6387471021861,9019.664965226233,5816.664965226233,29083.32482613116,2620.0,524,485,0.9255725190839694,39,0,523,12,12,12,6,6,3118.230350842081,7399.356128675085,1512.9108147316144,8273.657525080711,119,0.038774448999902233
clear_probe,479,16,8,16,1.0,True,494.96279387781885,7919.404702045102,5454.404702045102,27272.023510225506,1990.0,398,338,0.8492462311557789,60,0,395,16,16,16,13,13,1068.7967748913525,6187.959468676991,1030.4875829725643,7919.404702045102,80,0.06652715100062778
clear_probe,480,13,5,13,1.0,True,732.0341971732407,9516.44456325213,6491.444563252128,32457.222816260633,2470.0,494,447,0.9048582995951417,47,0,490,13,13,13,4,4,1587.9284348883339,4244.586225850582,1228.0094254357448,9516.44456325213,100,0.0902015859974199
clear_probe,481,15,9,15,1.0,True,664.1063505227493,9961.59525784124,7008.595257841239,35042.976289206184,2400.0,480,426,0.8875,54,0,478,15,15,15,13,13,2014.7863468386315,6261.018872408952,1256.2703445849731,9961.59525784124,99,0.08062930700543802
clear_probe,482,14,4,14,1.0,True,631.4454491864207,8840.236288609889,6120.236288609892,30601.18144304946,2210.0,442,392,0.8868778280542986,50,0,440,14,14,14,3,3,1801.1498631486668,4380.5749364974745,1230.2715588381395,8840.236288609889,98,0.07077580199984368
clear_probe,483,14,7,14,1.0,True,732.1947802048926,10250.726922868496,6995.726922868497,34978.63461434249,2655.0,531,476,0.896421845574388,55,0,530,14,14,14,12,12,2015.2556070005703,6041.258804954278,397.0656581028587,10250.726922868496,40,0.08073512699775165
clear_probe,484,14,6,14,1.0,True,642.163560676131,8990.289849465835,6042.2898494658375,30211.449247329183,2400.0,480,431,0.8979166666666667,49,0,478,14,14,14,10,10,1234.307789929295,7576.254912888861,501.87436133701954,8990.289849465835,40,0.08366166900668759
clear_probe,485,11,5,11,1.0,True,781.2355999020115,8593.591598922127,5623.591598922129,28117.95799461064,2430.0,486,446,0.9176954732510288,40,0,485,11,11,11,6,6,1249.5769151228676,6081.6453090917985,473.04587686178604,8593.591598922127,40,0.05408953400183236
clear_probe,486,11,6,11,1.0,True,848.5574046365939,9334.131451002533,5836.131451002531,29180.65725501266,2870.0,574,530,0.9233449477351916,44,0,573,11,11,11,9,9,3414.254407403437,6716.82690810288,761.7483386015998,8525.467824413554,60,0.04096337800001493
clear_probe,487,16,7,16,1.0,True,468.75545976054707,7500.087356168753,5297.087356168751,26485.436780843764,1770.0,354,301,0.8502824858757062,53,0,353,16,16,16,6,6,1646.3577781964589,6428.000764343292,479.5657950730654,7500.087356168753,40,0.037973124999552965
clear_probe,488,10,6,10,1.0,True,863.0439550569397,8630.439550569397,5713.439550569397,28567.19775284699,2390.0,478,442,0.9246861924686193,36,0,477,10,10,10,5,5,1513.9935771797343,6970.625129432176,770.9531384670493,7754.665810060405,60,0.038297204999253154
clear_probe,489,11,5,11,1.0,True,799.1643093639551,8790.807403003506,5340.807403003507,26704.03701501753,2830.0,566,526,0.9293286219081273,40,0,565,11,11,11,10,10,2340.404520180271,5463.45150060204,2824.0492181810823,8344.423649792383,216,0.0410717909981031
clear_probe,490,15,8,15,1.0,True,674.211769304588,10113.17653956882,7342.176539568819,36710.8826978441,2250.0,450,396,0.88,54,0,446,15,15,15,14,14,1335.585873654044,3909.1403305778167,782.5295895660413,10113.17653956882,60,0.08747861799929524
clear_probe,491,13,4,13,1.0,True,711.899514983965,9254.693694791546,6498.693694791543,32493.46847395772,2245.0,449,397,0.8841870824053452,52,0,446,13,13,13,4,4,690.577778453512,3592.76325295252,515.3416211310165,9254.693694791546,40,0.0661121200027992
clear_probe,492,16,11,16,1.0,True,604.3089836049671,9668.943737679474,6609.943737679473,33049.71868839738,2485.0,497,427,0.8591549295774648,70,0,494,16,16,16,13,13,1744.8000712953865,5716.0562698615495,2022.9529525103399,9668.943737679474,158,0.07962450599734439
clear_probe,493,12,4,12,1.0,True,762.4457390407806,9149.348868489367,6259.34886848937,31296.74434244685,2360.0,472,423,0.8961864406779662,49,0,470,12,12,12,5,5,1013.4429099371987,6982.2206307834695,514.4193307124983,9149.348868489367,40,0.06493675999809057
clear_probe,494,15,9,15,1.0,True,605.8628015676774,9087.942023515161,6079.942023515161,30399.710117575803,2445.0,489,433,0.885480572597137,56,0,488,15,15,15,7,7,2606.1596765641566,7969.1076262153565,527.5371110640137,9087.942023515161,40,0.04269213900261093
clear_probe,495,15,4,15,1.0,True,616.2832642356108,9244.24896353416,6267.248963534159,31336.244817670784,2420.0,484,428,0.8842975206611571,56,0,482,15,15,15,5,5,2158.261323628973,6218.201039953412,1281.932381130456,9244.24896353416,99,0.061066848000336904
clear_probe,496,15,8,15,1.0,True,556.933563674904,8354.00345512356,5826.00345512356,29130.017275617793,2045.0,409,356,0.8704156479217604,53,0,408,15,15,15,5,5,1825.1054303885912,6981.617452520234,798.2512298772986,8354.00345512356,60,0.050370381999528036
clear_probe,497,12,5,12,1.0,True,648.8138996129558,7785.766795355469,5152.76679535547,25763.833976777354,2145.0,429,385,0.8974358974358975,44,0,428,12,12,12,5,5,999.6786847527511,5394.191868633962,476.55858713808686,7785.766795355469,40,0.03926816199964378
clear_probe,498,13,4,13,1.0,True,634.2634661902492,8245.42506047324,5788.42506047324,28942.125302366203,1995.0,399,350,0.8771929824561403,49,0,397,13,13,13,5,5,363.0944722486751,2819.416817223485,515.2175872811805,8245.42506047324,40,0.05806750600459054
clear_probe,499,10,7,10,1.0,True,855.4275272906438,8554.275272906438,5277.275272906438,26386.376364532185,2690.0,538,498,0.9256505576208178,40,0,537,10,10,10,11,11,707.1098610863597,4404.098610863597,3389.106342985584,7769.777962001137,252,0.045603102997120004
