strategy,seed,emitter_count,directional_count,cleared_count,clear_rate,all_cleared,average_localize_clear_time_s,virtual_time_s,movement_time_s,movement_distance_m,measure_time_s,measure_count,no_signal_count,no_signal_rate,direction_count,near_count,channel_switch_count,optical_count,clear_attempt_count,clear_success_count,directional_loss_count,directional_reacquisition_count,mean_first_seen_time_s,max_first_seen_time_s,first_clear_time_s,last_clear_time_s,measurements_before_first_clear,wall_time_s
geometry_early_optical_clear_probe,2505911560,13,13,13,1.0,True,604.3328939566182,7856.327621436038,5580.327621436038,27901.638107180202,1870.0,374,342,0.9144385026737968,32,0,341,13,13,13,6,6,1756.548412389202,6479.520046581209,743.6821046367759,7815.327621436038,60,0.5819541939999908
geometry_early_optical_clear_probe,2678734042,10,10,10,1.0,True,880.3511378067885,8803.511378067886,5719.511378067885,28597.556890339438,2555.0,511,485,0.949119373776908,26,0,476,11,11,10,8,8,1526.96610909151,5653.347505970546,949.247359804549,8538.433822928308,78,0.7197184690012364
geometry_early_optical_clear_probe,1459314139,12,12,12,1.0,True,719.6213124305376,8635.455749166451,5903.455749166452,29517.27874583227,2255.0,451,418,0.926829268292683,33,0,417,12,12,12,7,7,1814.8557954616035,7727.671041040925,757.2005088227028,8587.455749166451,59,0.8511810789932497
geometry_early_optical_clear_probe,2030028370,12,12,12,1.0,True,698.9306591493583,8387.1679097923,5725.167909792302,28625.83954896152,2185.0,437,404,0.9244851258581236,33,0,405,16,16,12,11,11,1700.631052795217,5775.870256989671,968.5908061513045,6790.112867397136,78,0.7030788770061918
geometry_early_optical_clear_probe,1392019107,13,13,13,1.0,True,607.6689670796749,7899.696572035773,5479.696572035773,27398.482860178876,1990.0,398,370,0.9296482412060302,28,0,365,13,13,13,6,6,1710.2601306863316,3788.013666829509,508.285462734391,7899.696572035773,40,0.6698290920030558
geometry_early_optical_clear_probe,3474233566,11,11,11,1.0,True,750.4503474898021,8254.953822387823,5614.953822387823,28074.769111939124,2180.0,436,408,0.9357798165137615,28,0,402,12,12,11,4,4,1864.9901161110663,7194.125939710921,721.892950827524,7847.686697494265,59,0.6466500370006543
geometry_early_optical_clear_probe,4101041811,16,16,16,1.0,True,478.9221578610927,7662.754525777484,5586.7545257774855,27933.772628887436,1690.0,338,293,0.8668639053254438,45,0,306,16,16,16,10,10,1523.645727159351,7310.692185410033,761.7741768634967,7662.754525777484,59,1.0278808520088205
geometry_early_optical_clear_probe,1373337745,16,16,16,1.0,True,530.1348569022797,8482.157710436475,6187.157710436475,30935.788552182385,1875.0,375,336,0.896,39,0,340,16,16,16,12,12,2017.543626795871,7789.622841300128,494.7740217230901,8482.157710436475,40,0.7785570730047766
geometry_early_optical_clear_probe,197432197,15,15,15,1.0,True,631.6899878148896,9475.349817223345,6902.349817223346,34511.74908611674,2110.0,422,378,0.8957345971563981,44,0,382,17,17,15,14,14,1598.2680782633622,7084.757498001903,430.6425854778916,9475.349817223345,40,0.9284803479968105
geometry_early_optical_clear_probe,1319944218,10,10,10,1.0,True,928.632500020318,9286.32500020318,6146.325000203176,30731.625001015902,2605.0,521,492,0.944337811900192,29,0,485,10,10,10,9,9,1649.6351226565075,5585.685882521858,735.8454088841914,9021.383777397947,60,1.0575970009958837
geometry_early_optical_clear_probe,3558448003,12,12,12,1.0,True,839.1980608826838,10070.376730592205,7105.376730592204,35526.88365296102,2450.0,490,459,0.936734693877551,31,0,452,13,13,12,8,8,1608.1590728826159,5929.274029119012,750.3196368986005,10070.376730592205,60,0.9706605889950879
geometry_early_optical_clear_probe,2539597685,14,14,14,1.0,True,646.5023335543249,9051.032669760549,6155.032669760549,30775.16334880276,2380.0,476,437,0.9180672268907563,39,0,443,15,15,14,14,14,2458.4638498869012,6373.705384321357,517.3752737530255,9051.032669760549,40,0.9718430520006223
geometry_early_optical_clear_probe,212687437,14,14,14,1.0,True,551.345036531549,7718.830511441686,5400.830511441687,27004.152557208443,1900.0,380,344,0.9052631578947369,36,0,348,14,14,14,9,9,1569.7258253124326,6876.063570991606,565.8013285249981,7718.830511441686,40,0.8810787770053139
geometry_early_optical_clear_probe,129072690,14,14,14,1.0,True,596.7646546052875,8354.705164474026,5665.705164474025,28328.52582237012,2210.0,442,401,0.9072398190045249,41,0,409,14,14,14,10,10,2664.034902387309,7755.036439915552,463.87279912178724,8319.705164474026,40,0.7346168910007691
geometry_early_optical_clear_probe,329740033,14,14,14,1.0,True,605.1272006382222,8471.780808935111,6015.780808935114,30078.904044675583,2015.0,403,369,0.9156327543424317,34,0,371,14,14,14,9,9,1717.0056754145662,5393.14808424931,777.0952691103502,8471.780808935111,59,0.8693814319994999
geometry_early_optical_clear_probe,1294128972,16,16,16,1.0,True,498.3811973007764,7974.099156812423,5445.099156812425,27225.495784062135,2070.0,414,371,0.8961352657004831,43,0,379,16,16,16,14,14,1962.2655770946958,7191.772087590987,510.7217670147653,7974.099156812423,40,0.9913252460100921
geometry_early_optical_clear_probe,1911275846,11,11,11,1.0,True,803.5060178376556,8838.566196214211,5854.566196214211,29272.830981071074,2470.0,494,461,0.9331983805668016,33,0,459,11,11,11,9,9,1816.6573164011875,8377.33132665218,428.0001749091095,8838.566196214211,40,0.786194546992192
geometry_early_optical_clear_probe,3327158308,15,15,15,1.0,True,562.9656563475262,8444.484845212894,5969.4848452128945,29847.42422606449,2025.0,405,364,0.8987654320987655,41,0,372,16,16,15,14,14,1789.6679657609297,7524.546247187066,1728.0237349613205,8304.730501184526,130,1.1748832820012467
geometry_early_optical_clear_probe,3255235056,11,11,11,1.0,True,851.9398586905291,9371.33844559582,6348.3384455958185,31741.692227979096,2500.0,500,468,0.936,32,0,465,12,12,11,9,9,1573.134036421761,6416.505489386543,776.8069917054372,7599.858752447887,59,0.8071959929948207
geometry_early_optical_clear_probe,947396888,12,12,12,1.0,True,788.699015030587,9464.388180367045,6511.388180367043,32556.94090183522,2435.0,487,455,0.9342915811088296,32,0,452,14,14,12,13,13,2351.4097683271802,5542.014704045131,2063.7656771206543,9464.388180367045,160,0.7566558719991008
geometry_early_optical_clear_probe,154965253,11,11,11,1.0,True,785.7287108579126,8643.015819437038,5601.015819437039,28005.0790971852,2520.0,504,473,0.9384920634920635,31,0,467,11,11,11,7,7,2855.928380998417,7516.337285328588,778.4498131320314,8643.015819437038,59,0.7389207509986591
geometry_early_optical_clear_probe,316317131,11,11,11,1.0,True,736.0510887702126,8096.561976472338,5236.561976472338,26182.809882361704,2360.0,472,445,0.9427966101694916,27,0,442,12,12,11,7,7,2497.651521089469,5719.09338120315,2884.188347939943,8096.561976472338,206,0.6818649189954158
geometry_early_optical_clear_probe,3843527993,11,11,11,1.0,True,766.5968688823176,8432.565557705493,5442.565557705494,27212.82778852747,2475.0,495,466,0.9414141414141414,29,0,460,11,11,11,7,7,2453.462381554092,5706.372191973453,1856.8708183603192,7789.007349423365,138,0.7037817740056198
geometry_early_optical_clear_probe,1547667663,11,11,11,1.0,True,759.7000963880223,8356.701060268246,5576.701060268247,27883.505301341243,2300.0,460,432,0.9391304347826087,28,0,425,11,11,11,6,6,1901.5203495366907,7809.775998121531,499.812126136557,8356.701060268246,40,0.5535520370031008
geometry_early_optical_clear_probe,2149052713,11,11,11,1.0,True,795.1897058423193,8747.086764265512,5865.086764265511,29325.433821327566,2385.0,477,447,0.9371069182389937,30,0,442,11,11,11,7,7,2469.6582049001563,6617.807389557314,993.5226689603652,7740.335907342033,78,0.6658307110046735
geometry_early_optical_clear_probe,10075035,13,13,13,1.0,True,628.207145643089,8166.692893360157,5757.6928933601575,28788.464466800793,1980.0,396,363,0.9166666666666666,33,0,361,14,14,13,8,8,1719.5539534233733,7178.864811068915,505.91803057800064,8166.692893360157,40,0.6149060989991995
geometry_early_optical_clear_probe,3956691237,16,16,16,1.0,True,469.7982263130836,7516.771621009338,5653.771621009338,28268.858105046696,1510.0,302,261,0.8642384105960265,41,0,270,17,17,16,8,8,1259.7827085803542,6739.346187122067,447.63040157386916,7516.771621009338,40,1.1522507810004754
geometry_early_optical_clear_probe,3660585625,10,10,10,1.0,True,969.2386446145222,9692.386446145221,6222.386446145218,31111.93223072609,2875.0,575,542,0.9426086956521739,33,0,539,12,12,10,10,10,3090.9104417098765,8520.216637845531,1896.46547855494,9692.386446145221,137,0.938046117007616
geometry_early_optical_clear_probe,756855399,10,10,10,1.0,True,851.607191135901,8516.07191135901,5489.0719113590085,27445.359556795054,2510.0,502,474,0.9442231075697212,28,0,467,10,10,10,9,9,1967.5766559242536,5257.939058005527,1502.5890481226188,8266.20717391663,117,0.6626901419949718
geometry_early_optical_clear_probe,2038860079,14,14,14,1.0,True,643.0543717230863,9002.761204123208,6453.761204123207,32268.806020616048,2095.0,419,386,0.9212410501193318,33,0,384,14,14,14,10,10,2492.533030845942,7577.61152597354,719.4920247883558,9002.761204123208,60,1.0358302539971191
geometry_early_optical_clear_probe,46763575,11,11,11,1.0,True,795.3098223449506,8748.408045794456,5826.408045794454,29132.04022897228,2420.0,484,455,0.9400826446280992,29,0,447,11,11,11,9,9,1590.8350740633994,6535.209294014819,697.463830953874,8748.408045794456,59,0.7994772370002465
geometry_early_optical_clear_probe,4155996332,13,13,13,1.0,True,716.102742987438,9309.335658836693,6204.335658836694,31021.67829418349,2560.0,512,475,0.927734375,37,0,477,14,14,13,11,11,2566.374584683061,7624.561836263541,740.7809556993844,9309.335658836693,60,0.8173883449926507
geometry_early_optical_clear_probe,1421675089,10,10,10,1.0,True,861.1410361961027,8611.410361961027,5649.410361961023,28247.05180980513,2455.0,491,463,0.9429735234215886,28,0,457,10,10,10,12,12,1700.7358527258234,7041.757203880524,425.7213157433539,8552.410361961027,40,0.7116543110023485
geometry_early_optical_clear_probe,933058859,14,14,14,1.0,True,649.6907688203607,9095.67076348505,6057.670763485051,30288.35381742526,2500.0,500,463,0.926,37,0,465,15,15,14,9,9,2966.34002937137,7571.569260736613,715.1242863530775,9095.67076348505,60,0.8154420250066323
geometry_early_optical_clear_probe,4105521416,11,11,11,1.0,True,852.9351427353329,9382.286570088661,6561.286570088666,32806.432850443336,2335.0,467,438,0.9379014989293362,29,0,431,11,11,11,6,6,1424.4729599273223,4564.512800981368,766.0914395351566,9382.286570088661,57,0.7405430100043304
geometry_early_optical_clear_probe,3962991329,13,13,13,1.0,True,644.0058815988804,8372.076460785445,5461.076460785446,27305.382303927236,2400.0,480,442,0.9208333333333333,38,0,446,13,13,13,6,6,3050.647600848183,6288.860849352273,440.6509374649615,8372.076460785445,40,0.7414298950025113
geometry_early_optical_clear_probe,4005220144,10,10,10,1.0,True,778.1183034598331,7781.183034598331,5232.1830345983335,26160.91517299168,2110.0,422,397,0.9407582938388626,25,0,389,10,10,10,4,4,1118.0770337584986,3946.518698805563,465.3853278685566,7722.183034598331,40,0.6659991470078239
geometry_early_optical_clear_probe,1398079843,11,11,11,1.0,True,750.0590417241118,8250.64945896523,5474.64945896523,27373.24729482616,2295.0,459,430,0.9368191721132898,29,0,423,12,12,11,6,6,1627.9106359992343,4550.286128788067,957.7031285065897,8250.64945896523,78,0.6679873719986062
geometry_early_optical_clear_probe,3694593039,15,15,15,1.0,True,596.1927586528025,8942.891379792038,6412.8913797920395,32064.45689896019,2070.0,414,369,0.8913043478260869,45,0,379,17,17,15,13,13,1233.6509738876368,6535.533612063808,477.67005299043376,8942.891379792038,40,1.1092933829932008
geometry_early_optical_clear_probe,711069391,12,12,12,1.0,True,707.7740611566063,8493.288733879275,6064.288733879275,30321.44366939639,2000.0,400,370,0.925,30,0,366,13,13,12,8,8,1038.9524129941192,3741.347916578179,767.9028911581998,8493.288733879275,58,0.7949133729998721
geometry_early_optical_clear_probe,2825386762,10,10,10,1.0,True,811.265889957601,8112.658899576009,5451.65889957601,27258.29449788007,2205.0,441,414,0.9387755102040817,27,0,406,10,10,10,8,8,1084.3670036815636,5435.143986645442,999.773533467774,8112.658899576009,80,0.8781197390053421
geometry_early_optical_clear_probe,3994346289,16,16,16,1.0,True,554.0462598335472,8864.740157336755,6116.740157336756,30583.70078668378,2250.0,450,406,0.9022222222222223,44,0,415,17,17,16,7,7,3186.072881644952,7809.930717340247,788.2140864459257,8864.740157336755,60,0.8955306600109907
geometry_early_optical_clear_probe,2115115790,15,15,15,1.0,True,622.3179780830017,9334.769671245025,6728.769671245028,33643.84835622515,2130.0,426,381,0.8943661971830986,45,0,389,19,19,15,10,10,1858.1834505120457,4899.903679821681,500.1393569390493,9334.769671245025,40,0.7601439220015891
geometry_early_optical_clear_probe,26725696,10,10,10,1.0,True,951.0315991245006,9510.315991245006,6243.315991245005,31216.57995622504,2710.0,542,514,0.948339483394834,28,0,507,10,10,10,5,5,2304.2735201459727,4257.621330854109,1329.2527734903238,9510.315991245006,100,0.6554591809981503
geometry_early_optical_clear_probe,1224275524,15,15,15,1.0,True,600.3951866970593,9005.92780045589,6309.927800455891,31549.639002279455,2215.0,443,405,0.9142212189616253,38,0,406,15,15,15,10,10,2679.8840446749305,8290.721764687967,786.3406506744991,9005.92780045589,58,0.7827400469977874
geometry_early_optical_clear_probe,3262263406,10,10,10,1.0,True,830.1516878351074,8301.516878351074,5471.516878351076,27357.584391755387,2345.0,469,443,0.9445628997867804,26,0,435,10,10,10,10,10,1060.8586510037717,3175.3200497945627,1030.7599549391211,8028.646366601691,79,0.7598549959948286
geometry_early_optical_clear_probe,1155900864,16,16,16,1.0,True,514.3771898005049,8230.035036808078,6019.03503680808,30095.175184040414,1800.0,360,317,0.8805555555555555,43,0,328,17,17,16,9,9,1531.2523190044772,5232.671459418831,513.8843501021148,8230.035036808078,40,1.0066593649971765
geometry_early_optical_clear_probe,1302948952,11,11,11,1.0,True,782.5542552938967,8608.096808232864,6048.096808232864,30240.484041164334,2115.0,423,396,0.9361702127659575,27,0,387,12,12,11,8,8,723.9299260619491,1800.6994188039585,512.8821835535608,8213.849443448313,40,0.861760565006989
geometry_early_optical_clear_probe,1181950404,16,16,16,1.0,True,523.2784382673265,8372.455012277223,5868.4550122772225,29342.275061386117,2045.0,409,369,0.902200488997555,40,0,379,16,16,16,14,14,3003.771651526432,6172.111427769089,1346.7568029247004,8372.455012277223,100,0.8808521530008875
geometry_early_optical_clear_probe,902769221,15,15,15,1.0,True,536.4405703786426,8046.60855567964,5829.6085556796415,29148.04277839822,1805.0,361,312,0.8642659279778393,49,0,331,17,17,15,8,8,984.0709775779746,5884.653037938179,715.2007494357955,8046.60855567964,60,0.8170506230089813
geometry_early_optical_clear_probe,4070536123,10,10,10,1.0,True,915.5254980732225,9155.254980732225,5867.254980732222,29336.274903661128,2725.0,545,513,0.9412844036697248,32,0,510,11,11,10,11,11,845.54682449701,3085.217710871685,1333.7059262404293,9155.254980732225,99,1.0412218600104097
geometry_early_optical_clear_probe,1339231159,16,16,16,1.0,True,546.1880332202827,8739.008531524523,6244.0085315245215,31220.04265762262,2040.0,408,364,0.8921568627450981,44,0,372,17,17,16,12,12,1360.2795093083375,3031.32369871427,795.1169306147297,8739.008531524523,60,1.1007549819914857
geometry_early_optical_clear_probe,1028750500,11,11,11,1.0,True,802.7924685691636,8830.7171542608,5918.717154260799,29593.585771304013,2410.0,482,453,0.9398340248962656,29,0,447,11,11,11,6,6,1970.535429433188,7526.155210136706,469.0747954075395,8830.7171542608,40,0.6049760379974032
geometry_early_optical_clear_probe,1936160509,12,12,12,1.0,True,750.6333313714907,9007.599976457888,6051.59997645789,30257.999882289467,2440.0,488,454,0.930327868852459,34,0,453,13,13,12,6,6,2863.5355663901723,7372.7967409804905,1204.3694127070617,9007.599976457888,97,0.6528128389909398
geometry_early_optical_clear_probe,1916577274,15,15,15,1.0,True,652.0974101663925,9781.461152495887,7222.461152495882,36112.30576247943,2095.0,419,384,0.9164677804295943,35,0,383,17,17,15,9,9,3092.5180840079865,7732.188400488844,716.5970018555977,9781.461152495887,60,0.8818913060094928
geometry_early_optical_clear_probe,1567686654,15,15,15,1.0,True,618.956305280375,9284.344579205625,6590.344579205627,32951.722896028135,2205.0,441,395,0.8956916099773242,46,0,408,17,17,15,13,13,1936.7140644696617,5024.944973468466,1000.2315942277543,9284.344579205625,79,0.6788849489967106
geometry_early_optical_clear_probe,3799564974,15,15,15,1.0,True,583.4864748355607,8752.29712253341,6374.297122533406,31871.48561266705,1945.0,389,345,0.8868894601542416,44,0,355,16,16,15,8,8,1357.8727531655563,6839.868322387166,720.9446633618134,8752.29712253341,59,0.9353662520006765
geometry_early_optical_clear_probe,3925513733,11,11,11,1.0,True,794.7841735942258,8742.625909536484,5781.625909536487,28908.129547682427,2445.0,489,458,0.9366053169734151,31,0,455,13,13,11,6,6,2460.6535867705193,7405.144785684885,488.2754565227443,8554.811994693486,40,0.6479599190060981
geometry_early_optical_clear_probe,570056227,12,12,12,1.0,True,726.635505951926,8719.626071423112,5949.626071423117,29748.130357115588,2285.0,457,429,0.9387308533916849,28,0,422,13,13,12,4,4,2572.144756673332,5362.561768678905,501.7332166426621,8719.626071423112,40,0.7953463430021657
geometry_early_optical_clear_probe,3477489965,12,12,12,1.0,True,723.3655458744296,8680.386550493155,6223.386550493155,31116.93275246579,2025.0,405,372,0.9185185185185185,33,0,369,13,13,12,10,10,870.1336915329797,4700.627109753456,418.40128533190284,8680.386550493155,40,0.8703559360001236
geometry_early_optical_clear_probe,2666304596,10,10,10,1.0,True,912.4145196869925,9124.145196869926,6064.145196869924,30320.725984349632,2535.0,507,478,0.9428007889546351,29,0,472,11,11,10,7,7,2199.390458963926,7081.396146946303,458.92780819706206,9124.145196869926,40,0.9301033439987805
geometry_early_optical_clear_probe,3091255480,13,13,13,1.0,True,777.5179544399888,10107.733407719854,7101.733407719856,35508.66703859929,2475.0,495,464,0.9373737373737374,31,0,460,15,15,13,9,9,3393.725632400876,8875.381859028159,984.7561502678006,10107.733407719854,80,0.7734525410050992
geometry_early_optical_clear_probe,3592801910,14,14,14,1.0,True,553.0667668277938,7742.934735589113,5360.934735589113,26804.673677945575,1955.0,391,355,0.907928388746803,36,0,357,14,14,14,9,9,2057.0912398776063,5875.764278217801,738.0545141385863,6881.843731712717,60,0.83634422000614
geometry_early_optical_clear_probe,1662709787,15,15,15,1.0,True,598.8529428904343,8982.794143356514,6374.794143356515,31873.970716782576,2140.0,428,389,0.9088785046728972,39,0,393,15,15,15,10,10,2520.0077803069266,6900.933801630248,757.5388458652546,8511.022804296006,60,0.7935772310011089
geometry_early_optical_clear_probe,3143311893,12,12,12,1.0,True,779.704478430512,9356.453741166144,6158.453741166142,30792.26870583071,2645.0,529,494,0.9338374291115312,35,0,493,12,12,12,11,11,2961.3848635871786,7925.06375430625,1268.1738074526959,9356.453741166144,100,0.8233588270086329
geometry_early_optical_clear_probe,163459565,13,13,13,1.0,True,608.1201763116328,7905.562292051226,5504.562292051225,27522.811460256144,1975.0,395,361,0.9139240506329114,34,0,361,13,13,13,9,9,1439.596583216586,3934.6836232561805,475.96786620547704,6757.232295429827,40,0.7434175139933359
geometry_early_optical_clear_probe,2283485034,11,11,11,1.0,True,744.9675917908637,8194.643509699501,5318.643509699502,26593.21754849752,2380.0,476,448,0.9411764705882353,28,0,441,11,11,11,5,5,2109.074917990696,6635.808434658212,1021.0989304930931,7565.208487633926,76,0.5499529859953327
geometry_early_optical_clear_probe,2138299589,15,15,15,1.0,True,588.1028273121335,8821.542409682002,6232.5424096820025,31162.712048410023,2120.0,424,386,0.910377358490566,38,0,391,16,16,15,12,12,3060.3515323414927,7622.428424421239,448.6670217918772,8821.542409682002,40,0.7196014740038663
geometry_early_optical_clear_probe,288878910,16,16,16,1.0,True,522.4583721485778,8359.333954377245,6116.333954377245,30581.66977188623,1830.0,366,326,0.8907103825136612,40,0,333,16,16,16,11,11,1897.18850310419,7181.098911249506,496.2664549377856,8359.333954377245,40,1.1117034700000659
geometry_early_optical_clear_probe,2086407879,14,14,14,1.0,True,598.222250164105,8375.11150229747,5676.11150229747,28380.557511487368,2220.0,444,405,0.9121621621621622,39,0,409,14,14,14,12,12,952.9340697726531,3227.523461701768,1568.8387109872488,7104.809100393911,113,1.1410500729980413
geometry_early_optical_clear_probe,3404733567,10,10,10,1.0,True,929.709375249925,9297.09375249925,6008.0937524992505,30040.468762496268,2725.0,545,518,0.9504587155963303,27,0,511,11,11,10,8,8,2520.5725795864882,7790.506794647493,944.847279314703,9297.09375249925,79,0.9149457689927658
geometry_early_optical_clear_probe,1490996772,15,15,15,1.0,True,619.5472521904326,9293.208782856489,6598.208782856489,32991.04391428245,2210.0,442,390,0.8823529411764706,52,0,407,16,16,15,15,15,2370.6674464814564,7352.185452657123,516.6711648050951,9293.208782856489,40,0.9219422979949741
geometry_early_optical_clear_probe,3090547391,13,13,13,1.0,True,638.5873617125415,8301.635702263038,5479.635702263039,27398.178511315215,2325.0,465,431,0.9268817204301075,34,0,432,13,13,13,8,8,2547.8085994808334,6176.465560646952,445.8783464855321,8301.635702263038,40,0.7648381480103126
geometry_early_optical_clear_probe,2021903312,10,10,10,1.0,True,853.8968344870079,8538.96834487008,5330.968344870083,26654.841724350423,2655.0,531,504,0.9491525423728814,27,0,497,12,12,10,4,4,3401.680579088605,7811.727188150402,455.48485701080506,8479.96834487008,40,0.5781492209935095
geometry_early_optical_clear_probe,895759458,12,12,12,1.0,True,788.5113998031319,9462.136797637582,6070.136797637582,30350.683988187917,2805.0,561,531,0.946524064171123,30,0,524,13,13,12,6,6,2992.773910445685,8211.727193083647,508.9211074076504,9462.136797637582,40,1.1190570699982345
geometry_early_optical_clear_probe,972583285,11,11,11,1.0,True,840.533607394753,9245.869681342283,6047.869681342279,30239.348406711415,2650.0,530,503,0.9490566037735849,27,0,493,11,11,11,3,3,2785.7339838870953,8417.97275027596,442.77569482341715,8785.07679668467,40,0.8762865589960711
geometry_early_optical_clear_probe,647161701,14,14,14,1.0,True,674.3236692678075,9440.531369749306,6356.531369749306,31782.656848746534,2540.0,508,468,0.9212598425196851,40,0,468,16,16,14,13,13,3369.7508432916634,9044.628892616092,712.7984603317309,9440.531369749306,60,0.713166140994872
geometry_early_optical_clear_probe,1467093083,14,14,14,1.0,True,668.890495376877,9364.466935276278,6507.46693527628,32537.3346763814,2350.0,470,431,0.9170212765957447,39,0,434,15,15,14,12,12,2393.19559543517,5850.720939697082,939.594202540118,9364.466935276278,77,0.9569038129993714
geometry_early_optical_clear_probe,4007871521,11,11,11,1.0,True,745.6449032471857,8202.093935719042,5468.093935719041,27340.46967859521,2260.0,452,425,0.9402654867256637,27,0,419,11,11,11,6,6,2321.7472034631064,6933.550813615849,712.6990447852969,7277.970261233349,60,0.7184513849933865
geometry_early_optical_clear_probe,41131772,11,11,11,1.0,True,767.8664170755884,8446.530587831472,5710.530587831472,28552.65293915737,2260.0,452,423,0.9358407079646017,29,0,418,12,12,11,3,3,2140.6355134247465,6315.387519945556,726.7437471974308,7402.822452159046,60,0.7459003219992155
geometry_early_optical_clear_probe,1829866359,13,13,13,1.0,True,624.4379482623269,8117.693327410249,5283.693327410249,26418.46663705125,2335.0,467,434,0.9293361884368309,33,0,434,13,13,13,6,6,3309.3620486876744,7138.396642001691,1847.275673244829,7712.618210437656,139,0.6669515160028823
geometry_early_optical_clear_probe,2404169927,13,13,13,1.0,True,608.2315265662633,7907.009845361423,5324.009845361424,26620.04922680713,2125.0,425,392,0.9223529411764706,33,0,393,13,13,13,6,6,2533.767487567291,6362.5082369344345,514.7274121460667,7907.009845361423,40,0.624151536001591
geometry_early_optical_clear_probe,1219740420,14,14,14,1.0,True,647.2437983836969,9061.413177371756,6193.4131773717545,30967.06588685879,2360.0,472,439,0.9300847457627118,33,0,438,14,14,14,10,10,2604.8846042772007,7009.33979901012,437.3110377868641,8667.618519508618,40,0.9874906390032265
geometry_early_optical_clear_probe,2640025685,10,10,10,1.0,True,888.2162664250907,8882.162664250907,5735.162664250907,28675.813321254547,2610.0,522,494,0.946360153256705,28,0,487,10,10,10,8,8,1029.8004839546054,2663.3044081851563,723.4238629703632,8882.162664250907,60,0.9944035869993968
geometry_early_optical_clear_probe,3384034838,11,11,11,1.0,True,756.8357169002328,8325.192885902561,5585.192885902563,27925.96442951283,2265.0,453,428,0.9448123620309051,25,0,420,11,11,11,5,5,2307.828763759728,6998.483263984257,511.8199059697905,8325.192885902561,40,0.5478310500038788
geometry_early_optical_clear_probe,1179825093,16,16,16,1.0,True,501.94278828413525,8031.084612546164,5955.084612546165,29775.423062730835,1685.0,337,294,0.8724035608308606,43,0,308,17,17,16,8,8,1935.1763637428708,5502.427134598121,748.3146474629913,8031.084612546164,60,1.0494462689966895
geometry_early_optical_clear_probe,326989166,10,10,10,1.0,True,793.3750744003871,7933.750744003871,5072.750744003872,25363.75372001937,2370.0,474,449,0.9472573839662447,25,0,441,10,10,10,9,9,1445.003293053913,5297.756973265885,473.07460849374604,6870.610018618322,40,0.7600917810050305
geometry_early_optical_clear_probe,3767358989,13,13,13,1.0,True,670.4665157524655,8716.064704782051,5877.064704782052,29385.323523910272,2340.0,468,432,0.9230769230769231,36,0,434,13,13,13,13,13,2219.0116282379026,5523.277264375632,806.8070264853318,8716.064704782051,59,0.9327807950030547
geometry_early_optical_clear_probe,2015248677,11,11,11,1.0,True,806.9850570944043,8876.835628038447,5952.835628038449,29764.178140192253,2420.0,484,456,0.9421487603305785,28,0,449,11,11,11,6,6,1599.0551199661857,5890.93996358897,673.1514504235862,8876.835628038447,57,1.0276960150076775
geometry_early_optical_clear_probe,2420005567,12,12,12,1.0,True,710.393584165476,8524.723009985712,5655.723009985711,28278.61504992856,2370.0,474,445,0.9388185654008439,29,0,439,12,12,12,5,5,2778.4221060229534,7756.978281131752,420.23479320327715,8074.795270238344,40,0.8082398000115063
geometry_early_optical_clear_probe,998753340,15,15,15,1.0,True,595.8133990327235,8937.200985490852,6171.200985490853,30856.00492745428,2270.0,454,418,0.920704845814978,36,0,421,15,15,15,12,12,2180.9013836934328,8301.951818940033,497.793119714776,8589.534062148938,40,0.6764926160103641
geometry_early_optical_clear_probe,2622667058,12,12,12,1.0,True,686.2687912689174,8235.225495227009,5281.2254952270105,26406.12747613506,2435.0,487,451,0.9260780287474333,36,0,453,14,14,12,8,8,2103.026261126519,6933.106634223146,1027.2077933657324,8235.225495227009,80,0.6117511720076436
geometry_early_optical_clear_probe,3456838385,10,10,10,1.0,True,814.8154224470602,8148.154224470602,5276.1542244706025,26380.77112235302,2380.0,476,449,0.9432773109243697,27,0,442,10,10,10,9,9,1361.5321774981464,5598.240996058562,441.5238342131476,8089.154224470602,40,0.6922848870017333
geometry_early_optical_clear_probe,2616126057,14,14,14,1.0,True,593.7518544129906,8312.525961781868,5725.52596178187,28627.629808909365,2125.0,425,390,0.9176470588235294,35,0,392,14,14,14,9,9,1722.1105801086321,6021.055757345721,754.2901578754587,8312.525961781868,60,0.8316676600079518
geometry_early_optical_clear_probe,2214678606,12,12,12,1.0,True,794.3922597391788,9532.707116870146,6526.707116870146,32633.535584350735,2480.0,496,459,0.9254032258064516,37,0,460,14,14,12,10,10,2362.12377199101,7213.167054886955,795.2115831168519,9532.707116870146,60,0.9790728549996857
geometry_early_optical_clear_probe,2749559266,14,14,14,1.0,True,617.1287446845296,8639.802425583413,6017.802425583411,30089.012127917063,2150.0,430,389,0.9046511627906977,41,0,396,16,16,14,10,10,1395.4014576531433,2813.2927637576754,1785.1531299128553,8000.1509003195715,137,0.941019937992678
geometry_early_optical_clear_probe,948115485,16,16,16,1.0,True,613.0571677182579,9808.914683492127,6862.914683492126,34314.57341746064,2410.0,482,432,0.8962655601659751,50,0,447,19,19,16,18,18,2561.3316628545244,7757.416173186696,756.7438963032935,9808.914683492127,60,1.2705837009998504
geometry_early_optical_clear_probe,2372915379,10,10,10,1.0,True,928.50548940763,9285.0548940763,6009.054894076301,30045.27447038152,2715.0,543,519,0.9558011049723757,24,0,508,11,11,10,9,9,2830.990884478794,8219.068392962308,1207.5936356645784,9285.0548940763,100,0.7996496709965868
geometry_early_optical_clear_probe,2065924135,13,13,13,1.0,True,688.703707968402,8953.148203589226,6340.148203589227,31700.741017946155,2150.0,430,394,0.9162790697674419,36,0,395,14,14,13,6,6,1870.191950534286,3253.5095247776385,737.0992575253488,8953.148203589226,60,0.8408871729916427
geometry_early_optical_clear_probe,709680047,15,15,15,1.0,True,508.2647887352076,7623.971831028114,5370.971831028114,26854.859155140577,1840.0,368,326,0.8858695652173914,42,0,338,15,15,15,8,8,2033.4294766855726,5892.109992375853,707.4751397979517,7594.971831028114,60,0.754989631997887
geometry_early_optical_clear_probe,369453640,15,15,15,1.0,True,597.8213772302802,8967.320658454202,6237.320658454203,31186.603292271026,2240.0,448,403,0.8995535714285714,45,0,412,16,16,15,16,16,2124.8529017633664,6865.073503393145,458.45300327850254,8967.320658454202,40,0.8376552870031446
geometry_early_optical_clear_probe,2500417860,12,12,12,1.0,True,750.3675663919051,9004.410796702861,5671.410796702858,28357.053983514303,2755.0,551,515,0.9346642468239564,36,0,518,12,12,12,13,13,2641.980606147688,8040.670703183559,1597.3462718332041,9004.410796702861,119,0.7388042959937593
geometry_early_optical_clear_probe,62417761,11,11,10,0.9090909090909091,False,948.1364569869231,9481.36456986923,6657.364569869233,33286.82284934618,2345.0,469,444,0.9466950959488273,25,0,429,10,10,10,6,5,1791.4008455111193,3877.9660837484994,503.80578783249825,9481.36456986923,40,0.7203875169943785
geometry_early_optical_clear_probe,1107618951,15,15,15,1.0,True,554.5068777596324,8317.603166394487,5745.603166394486,28728.015831972443,2110.0,422,378,0.8957345971563981,44,0,387,15,15,15,7,7,1717.4290273328845,6800.906442489497,512.1962676092471,8317.603166394487,40,0.843260891007958
geometry_early_optical_clear_probe,1732314349,10,10,10,1.0,True,923.146650301275,9231.46650301275,6220.466503012744,31102.332515063732,2495.0,499,475,0.9519038076152304,24,0,463,11,11,10,9,9,957.6292403150177,2923.825235852762,417.16686825644024,6724.757168643995,40,0.9528051689994754
geometry_early_optical_clear_probe,919503992,12,12,12,1.0,True,774.7044938155755,9296.453925786906,6313.453925786903,31567.26962893452,2465.0,493,459,0.9310344827586207,34,0,458,12,12,12,11,11,2506.102481981305,7235.232761287822,478.7893572348546,9249.453925786906,40,1.00982233499235
geometry_early_optical_clear_probe,29789564,16,16,16,1.0,True,512.40028936858,8198.40462989728,5730.404629897281,28652.023149486413,2015.0,403,360,0.8933002481389578,43,0,373,16,16,16,11,11,2876.1234322812593,7385.8752113479495,1847.9546924672475,8198.40462989728,140,1.030781316003413
geometry_early_optical_clear_probe,1771204291,10,10,10,1.0,True,909.7911755744283,9097.911755744282,6107.9117557442805,30539.55877872141,2475.0,495,467,0.9434343434343434,28,0,459,12,12,10,8,8,1664.6709054294722,5210.541463924195,2069.3113481682426,9097.911755744282,152,0.6487009289994603
geometry_early_optical_clear_probe,837585112,16,16,16,1.0,True,528.7430060896631,8459.88809743461,6218.888097434609,31094.44048717306,1825.0,365,319,0.873972602739726,46,0,336,16,16,16,14,14,1384.9890637460624,4167.073696249157,514.7767448246267,8459.88809743461,40,1.0326846379903145
geometry_early_optical_clear_probe,1204260380,15,15,15,1.0,True,565.8170349297245,8487.255523945867,6042.255523945865,30211.277619729342,2000.0,400,360,0.9,40,0,367,16,16,15,6,6,2492.720500642366,6563.664406042645,407.02273089994185,8487.255523945867,40,0.898645024994039
geometry_early_optical_clear_probe,4037919345,11,11,11,1.0,True,808.4628059533039,8893.090865486343,5938.090865486344,29690.45432743174,2440.0,488,455,0.9323770491803278,33,0,451,14,14,11,11,11,1018.4489895723462,5185.634551913387,1197.485849877266,8893.090865486343,94,1.0454633310000645
geometry_early_optical_clear_probe,3845131062,14,14,14,1.0,True,692.0894879908913,9689.252831872478,6602.25283187248,33011.2641593624,2540.0,508,470,0.9251968503937008,38,0,474,15,15,14,12,12,2506.6165614203524,5749.056063217948,716.4368294965695,9689.252831872478,60,0.8811302590038395
geometry_early_optical_clear_probe,2627696145,11,11,11,1.0,True,747.8508277014084,8226.359104715493,5219.359104715494,26096.795523577483,2485.0,497,464,0.9336016096579477,33,0,464,12,12,11,5,5,2867.617301948897,7388.506379237308,470.1017236822772,8226.359104715493,40,0.7246777510008542
geometry_early_optical_clear_probe,338839170,10,10,10,1.0,True,873.7983994699582,8737.983994699582,5681.983994699582,28409.91997349792,2535.0,507,479,0.9447731755424064,28,0,471,10,10,10,6,6,2234.9706854908445,5877.9930542862885,448.6743503653884,8737.983994699582,40,0.7177792080037761
geometry_early_optical_clear_probe,551127888,12,12,12,1.0,True,717.7123983728853,8612.548780474624,5933.548780474625,29667.74390237313,2210.0,442,410,0.9276018099547512,32,0,409,12,12,12,8,8,2588.17444058646,6398.084220385022,493.24073104266586,8612.548780474624,40,0.7105110520060407
geometry_early_optical_clear_probe,3347860246,11,11,11,1.0,True,772.3281844142971,8495.610028557268,5534.610028557268,27673.050142786346,2450.0,490,464,0.9469387755102041,26,0,456,11,11,11,3,3,3035.362913527526,6670.959262309529,982.8830583977558,8495.610028557268,78,0.593982940990827
geometry_early_optical_clear_probe,3899938943,13,13,13,1.0,True,612.8961328849186,7967.649727503942,5451.649727503942,27258.248637519715,2070.0,414,379,0.9154589371980676,35,0,381,13,13,13,8,8,2143.083785574073,6645.3927992736235,1547.2444977736832,7140.872367326839,116,0.6791719460015884
geometry_early_optical_clear_probe,619530778,11,11,11,1.0,True,814.4747946566177,8959.222741222795,5950.2227412227985,29751.113706114003,2490.0,498,466,0.9357429718875502,32,0,461,12,12,11,5,5,2527.6966643363403,6196.565643303223,470.43533300870973,8959.222741222795,40,0.6875867660128279
geometry_early_optical_clear_probe,1416623985,10,10,10,1.0,True,813.8516167672088,8138.516167672088,5400.516167672088,27002.580838360453,2270.0,454,430,0.947136563876652,24,0,418,10,10,10,8,8,925.0696649024134,2627.613049677204,522.9258425738185,8079.516167672088,40,0.7007810180075467
geometry_early_optical_clear_probe,3110291387,15,15,15,1.0,True,528.3429893636256,7925.144840454384,5624.144840454384,28120.72420227193,1880.0,376,328,0.8723404255319149,48,0,340,17,17,15,9,9,1794.798536004206,4875.391444533274,470.36004665440726,7896.144840454384,40,0.8603173680021428
geometry_early_optical_clear_probe,2292961958,11,11,11,1.0,True,787.4446310266322,8661.890941292955,5760.890941292956,28804.45470646479,2400.0,480,453,0.94375,27,0,446,11,11,11,5,5,2999.501625427823,8080.969853164248,489.89400656885687,8447.026816342037,40,0.5898139850032749
geometry_early_optical_clear_probe,1621145214,13,13,13,1.0,True,653.4865166327878,8495.324716226241,5837.324716226242,29186.62358113122,2190.0,438,407,0.9292237442922374,31,0,403,13,13,13,8,8,1358.8362918838243,5647.3880413201005,455.9665428574126,8454.324716226241,40,0.8818662090052385
geometry_early_optical_clear_probe,877215710,16,16,16,1.0,True,517.4303215061666,8278.885144098665,5825.8851440986655,29129.425720493327,2000.0,400,362,0.905,38,0,370,17,17,16,10,10,2792.081192733948,6966.602257581425,735.8750284006246,8278.885144098665,59,0.613959635986248
geometry_early_optical_clear_probe,384400226,16,16,16,1.0,True,578.1622283921681,9250.59565427469,6777.595654274691,33887.97827137347,2025.0,405,359,0.8864197530864197,46,0,368,16,16,16,7,7,2421.165433975883,6360.860992461564,734.6737719264604,9250.59565427469,60,1.090968176999013
geometry_early_optical_clear_probe,292348938,14,14,14,1.0,True,633.4270739654297,8867.979035516017,6047.979035516017,30239.895177580092,2320.0,464,425,0.915948275862069,39,0,430,14,14,14,8,8,2676.650434691208,6902.096960655426,776.8856973857065,8326.439967800494,60,0.7949800469941692
geometry_early_optical_clear_probe,1622160660,11,11,11,1.0,True,731.6578628315848,8048.236491147433,5264.236491147434,26321.182455737184,2300.0,460,426,0.9260869565217391,34,0,429,11,11,11,4,4,1811.2078298400709,6833.856881699525,721.8457433034391,8048.236491147433,60,0.675234221998835
geometry_early_optical_clear_probe,2682940472,15,15,15,1.0,True,569.9884752486653,8549.82712872998,5782.8271287299785,28914.135643649894,2270.0,454,417,0.9185022026431718,37,0,422,15,15,15,8,8,3340.657967296601,7111.588811323063,1014.4719130332488,7955.150666793078,80,0.8256491990032373
geometry_early_optical_clear_probe,4132746666,13,13,13,1.0,True,691.6675081127627,8991.677605465915,6146.677605465918,30733.388027329598,2340.0,468,428,0.9145299145299145,40,0,434,15,15,13,16,16,1451.9787722533297,5640.078720573129,736.6086629541093,8991.677605465915,60,1.178850741009228
geometry_early_optical_clear_probe,3334982767,15,15,15,1.0,True,519.9182842367267,7798.774263550899,5241.7742635509,26208.871317754507,2095.0,419,382,0.9116945107398569,37,0,387,15,15,15,7,7,3029.280900610429,6607.273210634205,512.757620260833,7633.936797146367,40,0.8406401620013639
geometry_early_optical_clear_probe,4060823860,13,13,13,1.0,True,743.2900526735978,9662.770684756772,6580.770684756767,32903.853423783854,2545.0,509,475,0.9332023575638507,34,0,472,13,13,13,11,11,2945.613051495025,7862.295514088203,455.51876656022534,9662.770684756772,40,0.8182096719974652
geometry_early_optical_clear_probe,3477050952,13,13,13,1.0,True,706.0959741790957,9179.247664328244,6242.247664328245,31211.238321641227,2420.0,484,453,0.9359504132231405,31,0,449,14,14,13,7,7,2979.8858431753624,8085.384125228366,524.789055954023,8821.816286258552,40,0.7020555490016704
geometry_early_optical_clear_probe,1580075360,10,10,10,1.0,True,946.64925892632,9466.4925892632,6191.492589263198,30957.462946316005,2720.0,544,519,0.9540441176470589,25,0,505,10,10,10,7,7,2002.5450308306486,6850.496975901036,795.3816733277883,9466.4925892632,60,0.672440796988667
geometry_early_optical_clear_probe,3074203486,11,11,11,1.0,True,804.9716593793818,8854.688253173199,5928.688253173198,29643.441265866,2420.0,484,456,0.9421487603305785,28,0,448,12,12,11,6,6,2418.7649587621395,5370.510688851114,943.3622482537818,8854.688253173199,78,0.6007167009956902
geometry_early_optical_clear_probe,4291533681,13,13,13,1.0,True,641.8024273979512,8343.431556173366,5632.431556173364,28162.157780866833,2235.0,447,413,0.9239373601789709,34,0,411,13,13,13,4,4,1797.9153728548747,7661.637923868968,722.0465034989086,8343.431556173366,60,0.8446584220073419
geometry_early_optical_clear_probe,153120511,11,11,11,1.0,True,827.4573414417265,9102.030755858992,6171.030755858988,30855.153779294953,2425.0,485,458,0.9443298969072165,27,0,451,11,11,11,8,8,2080.7627937916754,7129.912600330604,755.9347509420436,7505.170366321683,60,0.7159132429951569
geometry_early_optical_clear_probe,3836434807,13,13,13,1.0,True,621.947896373337,8085.322652853381,5399.322652853381,26996.613264266925,2210.0,442,407,0.920814479638009,35,0,408,14,14,13,6,6,2426.8143374829283,5247.619777715569,1286.9367789158118,8043.322652853381,96,0.7141405760048656
geometry_early_optical_clear_probe,2578348735,12,12,12,1.0,True,682.7116984490975,8192.54038138917,5470.54038138917,27352.701906945855,2245.0,449,418,0.9309576837416481,31,0,414,13,13,12,7,7,1493.2531507490683,3345.354247618366,443.0521726661749,8192.54038138917,40,0.7390272289921995
geometry_early_optical_clear_probe,820896510,14,14,14,1.0,True,662.60604071342,9276.48456998788,6865.48456998788,34327.4228499394,1970.0,394,354,0.8984771573604061,40,0,359,18,18,14,8,8,1970.2545053724057,5688.954714995201,499.9719939680154,9276.48456998788,40,0.842549823995796
geometry_early_optical_clear_probe,4238687403,10,10,10,1.0,True,891.8187472165312,8918.187472165311,5825.187472165311,29125.937360826567,2565.0,513,487,0.949317738791423,26,0,478,10,10,10,9,9,2751.7258278788076,7387.708639502083,740.239595186877,8918.187472165311,60,0.7242992669926025
geometry_early_optical_clear_probe,1844697538,14,14,14,1.0,True,653.1886136170207,9144.64059063829,6572.640590638288,32863.20295319145,2110.0,422,385,0.9123222748815166,37,0,389,15,15,14,8,8,1723.3272683335795,5931.175005230044,788.4763417753013,9144.64059063829,60,0.8840468050038908
geometry_early_optical_clear_probe,4103992330,14,14,14,1.0,True,616.6500974131861,8633.101363784606,6105.101363784606,30525.50681892304,2075.0,415,380,0.9156626506024096,35,0,380,15,15,14,6,6,2474.6195544623574,7035.143479149082,752.0068470422282,8633.101363784606,60,1.077667970006587
geometry_early_optical_clear_probe,1719639655,12,12,12,1.0,True,706.3121559282331,8475.745871138797,5719.745871138797,28598.729355694,2275.0,455,425,0.9340659340659341,30,0,421,12,12,12,6,6,1897.395691099124,5514.752993848969,516.6211868469372,8475.745871138797,40,0.8117030919966055
geometry_early_optical_clear_probe,2444057763,13,13,13,1.0,True,649.4819010837056,8443.264714088173,5636.2647140881745,28181.323570440873,2315.0,463,427,0.9222462203023758,36,0,427,13,13,13,8,8,2181.762105500406,7166.8933844014555,724.9198496650607,8210.496939994138,60,0.7454909369989764
geometry_early_optical_clear_probe,1858554284,10,10,10,1.0,True,838.7155464544128,8387.155464544128,5448.155464544128,27240.77732272065,2435.0,487,460,0.944558521560575,27,0,454,10,10,10,6,6,1573.9561996051193,3167.8233324364096,761.0131186926335,7931.677791433498,60,0.6946375289990101
geometry_early_optical_clear_probe,1785320293,16,16,16,1.0,True,535.5971581288757,8569.55453006201,5908.55453006201,29542.77265031006,2180.0,436,396,0.908256880733945,40,0,401,16,16,16,6,6,3532.2061199913173,7641.9036588674735,2297.803222520396,8569.55453006201,167,0.7831853480020072
geometry_early_optical_clear_probe,1890523379,13,13,13,1.0,True,650.4788356857651,8456.224863914947,5679.224863914947,28396.124319574745,2285.0,457,420,0.9190371991247265,37,0,424,14,14,13,9,9,1622.6415359589867,7350.264755012556,1266.7647218489228,8456.224863914947,98,1.1179969860095298
geometry_early_optical_clear_probe,1761322588,10,10,10,1.0,True,884.8608561127716,8848.608561127716,5870.608561127713,29353.042805638575,2470.0,494,468,0.9473684210526315,26,0,458,10,10,10,8,8,1545.7392272186462,6204.996916048636,1022.3406535762082,7945.866412428911,80,0.7803779340028996
geometry_early_optical_clear_probe,3689832907,11,11,11,1.0,True,773.7197101854571,8510.916812040028,5777.916812040029,28889.584060200155,2260.0,452,425,0.9402654867256637,27,0,418,11,11,11,8,8,1708.5412050321938,5949.043666005245,787.2233920910337,8510.916812040028,60,0.7598907739884453
geometry_early_optical_clear_probe,2669857522,13,13,13,1.0,True,661.4653980838599,8599.050175090179,5811.050175090177,29055.250875450893,2300.0,460,422,0.9173913043478261,38,0,423,13,13,13,9,9,1468.5004438722451,6184.117263926594,975.1811990253752,6876.806592610508,80,1.1042330240015872
geometry_early_optical_clear_probe,3107128805,15,15,15,1.0,True,509.7558113014241,7646.337169521362,5345.337169521362,26726.685847606823,1885.0,377,335,0.8885941644562334,42,0,341,15,15,15,8,8,1295.4490209380217,6443.8053895615885,729.4848877866867,6970.716398550901,60,1.0017332379939035
geometry_early_optical_clear_probe,1762769754,11,11,11,1.0,True,817.8479222203473,8996.32714442382,6270.327144423819,31351.63572211911,2255.0,451,424,0.9401330376940134,27,0,416,11,11,11,6,6,1776.7863739612103,6512.196905592788,1363.8718429883318,8996.32714442382,98,0.6255333050066838
geometry_early_optical_clear_probe,2143112671,16,16,16,1.0,True,519.6728274970393,8314.765239952629,5957.76523995263,29788.826199763153,1920.0,384,344,0.8958333333333334,40,0,354,17,17,16,7,7,1655.7361472906966,6100.0516225621905,406.4519553407854,8173.884407923729,40,1.1275041619956028
geometry_early_optical_clear_probe,4185221414,16,16,16,1.0,True,603.7990490537994,9660.78478486079,7151.784784860789,35758.923924303956,2055.0,411,370,0.9002433090024331,41,0,374,16,16,16,11,11,1625.952721531349,5686.274319429906,463.2332628560963,9660.78478486079,40,0.8478036059968872
geometry_early_optical_clear_probe,537393316,12,12,12,1.0,True,683.5889494900061,8203.067393880074,5745.067393880075,28725.33696940038,2025.0,405,371,0.9160493827160494,34,0,370,13,13,12,8,8,820.7165233052004,3334.8404088209777,405.4492901664948,7997.269939516752,40,0.9354213740007253
geometry_early_optical_clear_probe,2523384211,15,15,15,1.0,True,610.341418998261,9155.121284973915,6371.121284973912,31855.60642486956,2285.0,457,419,0.9168490153172867,38,0,424,15,15,15,8,8,3394.499611627309,7647.475089533292,3356.8380796777165,8784.789581419802,234,0.9584452739945846
geometry_early_optical_clear_probe,824262775,10,10,10,1.0,True,920.4273182973868,9204.273182973868,5917.273182973869,29586.365914869355,2720.0,544,510,0.9375,34,0,508,13,13,10,7,7,2968.3779427154595,6992.621426975784,468.804882526676,9204.273182973868,40,0.8172460070054512
geometry_early_optical_clear_probe,3324775992,14,14,14,1.0,True,546.9009269863244,7656.612977808542,5321.612977808542,26608.06488904272,1915.0,383,348,0.9086161879895561,35,0,350,14,14,14,12,12,1048.4146382549109,2943.5845830745943,1025.856212560938,7656.612977808542,80,0.7247018769994611
geometry_early_optical_clear_probe,3862942005,12,12,12,1.0,True,725.9287496656572,8711.144995987886,5907.144995987888,29535.72497993944,2315.0,463,431,0.9308855291576674,32,0,429,12,12,12,10,10,1854.8172269221202,6787.275931998733,1322.9347894765451,8664.144995987886,98,0.8488203279994195
geometry_early_optical_clear_probe,2228786601,13,13,13,1.0,True,769.5597265728397,10004.276445446916,7088.276445446916,35441.38222723458,2405.0,481,450,0.9355509355509356,31,0,446,13,13,13,9,9,2268.2249312754325,5729.076929309557,482.2234336192503,10004.276445446916,40,0.8882382899901131
geometry_early_optical_clear_probe,1134812757,11,11,11,1.0,True,858.9045579653889,9447.950137619278,6514.950137619278,32574.75068809641,2425.0,485,455,0.9381443298969072,30,0,450,12,12,11,6,6,2754.536890042044,5668.629805922286,1010.7870077238018,9447.950137619278,79,0.7034723739925539
geometry_early_optical_clear_probe,1179285334,16,16,16,1.0,True,508.84454821849084,8141.5127714958535,5513.512771495855,27567.563857479276,2150.0,430,386,0.8976744186046511,44,0,395,17,17,16,12,12,2586.3556842710304,7301.958950503879,463.8497968150301,8141.5127714958535,40,1.0395075709966477
geometry_early_optical_clear_probe,1025451461,12,12,12,1.0,True,634.6332459777692,7615.598951733231,5227.598951733232,26137.994758666162,1965.0,393,358,0.910941475826972,35,0,360,13,13,12,6,6,1546.120317407743,4988.749798306156,744.5579221654821,7568.598951733231,60,0.7011239739949815
geometry_early_optical_clear_probe,2705090984,15,15,15,1.0,True,653.1422668955936,9797.134003433905,6900.134003433907,34500.670017169534,2370.0,474,432,0.9113924050632911,42,0,443,18,18,15,11,11,3544.334949955216,7566.350391671711,772.1632359826939,9797.134003433905,60,0.8240139440022176
geometry_early_optical_clear_probe,1989510120,13,13,13,1.0,True,698.026975199258,9074.350677590353,6395.350677590353,31976.75338795178,2205.0,441,408,0.9251700680272109,33,0,403,15,15,13,9,9,1449.7383356821213,3567.8947169094017,783.4849920554923,9074.350677590353,60,1.1657949549990008
geometry_early_optical_clear_probe,1293511415,15,15,15,1.0,True,580.5238130761319,8707.857196141978,6070.857196141977,30354.285980709883,2165.0,433,390,0.9006928406466512,43,0,397,15,15,15,10,10,2396.4730425335315,6702.272894171124,480.6706965021259,8707.857196141978,40,0.5976270359969931
geometry_early_optical_clear_probe,644163118,15,15,15,1.0,True,624.1559207261403,9362.338810892104,6602.338810892108,33011.694054460546,2260.0,452,410,0.9070796460176991,42,0,416,18,18,15,8,8,2769.899935057087,7623.544208640374,463.2464054723133,9362.338810892104,40,1.1978870000020834
geometry_early_optical_clear_probe,2808062733,16,16,16,1.0,True,533.631812784177,8538.109004546832,5910.10900454683,29550.54502273415,2150.0,430,391,0.9093023255813953,39,0,398,16,16,16,9,9,2767.759143483964,8172.311851158942,1092.8420041714332,8538.109004546832,76,0.7417668429989135
geometry_early_optical_clear_probe,802893849,14,14,14,1.0,True,617.4801809774416,8644.722533684182,6138.722533684181,30693.612668420916,2060.0,412,377,0.9150485436893204,35,0,376,14,14,14,8,8,2281.6194625908543,7564.63135758106,741.0495538205,7886.91227518582,60,0.872356937994482
geometry_early_optical_clear_probe,2442807159,11,11,11,1.0,True,746.5738225482474,8212.312048030723,5364.312048030723,26821.560240153627,2355.0,471,437,0.9278131634819533,34,0,435,12,12,11,7,7,1380.108966768186,4816.8055534677715,472.1060963888898,8159.312048030723,40,0.7127698120020796
geometry_early_optical_clear_probe,411390474,13,13,13,1.0,True,645.4679390792733,8391.083208030552,5938.083208030554,29690.41604015278,2020.0,404,370,0.9158415841584159,34,0,368,13,13,13,10,10,952.4963293432513,2945.6191754991123,421.4697634660158,7279.72333952685,40,0.8674080499913543
geometry_early_optical_clear_probe,1538048219,10,10,10,1.0,True,845.4930714675123,8454.930714675123,5701.930714675124,28509.653573375635,2280.0,456,429,0.9407894736842105,27,0,423,10,10,10,5,5,1228.4892761793626,8137.088891084272,494.4815077984982,8454.930714675123,40,0.6497608670033514
geometry_early_optical_clear_probe,2839953750,12,12,12,1.0,True,741.0322238603704,8892.386686324446,5609.386686324446,28046.933431622245,2715.0,543,516,0.9502762430939227,27,0,508,12,12,12,9,9,2433.1706423629325,7801.055559110998,408.615075167795,8845.386686324446,40,0.8883779829920968
geometry_early_optical_clear_probe,2219481429,16,16,16,1.0,True,418.19891561889364,6691.182649902298,4902.1826499023,24510.9132495115,1445.0,289,251,0.8685121107266436,38,0,261,17,17,16,9,9,1042.0774207442792,5295.063536484709,467.2300938346665,6691.182649902298,40,0.9914960919995792
geometry_early_optical_clear_probe,1832349767,11,11,11,1.0,True,788.0069287104797,8668.076215815276,5747.076215815276,28735.381079076386,2415.0,483,454,0.9399585921325052,29,0,448,12,12,11,7,7,1253.0976936563045,3893.1624186776526,462.09961680677367,8668.076215815276,40,0.7754192939901259
geometry_early_optical_clear_probe,2968080870,15,15,15,1.0,True,557.5831505438026,8363.74725815704,5779.747258157043,28898.736290785215,2120.0,424,380,0.8962264150943396,44,0,389,15,15,15,16,16,1421.97641735277,6440.217399320276,969.0134836369897,8186.426177169561,79,0.9309823299990967
geometry_early_optical_clear_probe,3368897562,14,14,14,1.0,True,594.7798794639384,8326.918312495138,5978.918312495135,29894.591562475685,1925.0,385,351,0.9116883116883117,34,0,353,14,14,14,11,11,1635.3570769195253,6180.899492011844,497.9292942244656,8326.918312495138,40,0.7600105909950798
geometry_early_optical_clear_probe,101369938,13,13,13,1.0,True,640.8165246309629,8330.614820202518,5880.614820202518,29403.074101012608,2015.0,403,365,0.9057071960297767,38,0,370,13,13,13,8,8,1228.4207306532244,4056.6176141543783,756.8026731736181,6608.412825966016,60,1.0332770149980206
geometry_early_optical_clear_probe,1805884846,14,14,14,1.0,True,660.0239405969007,9240.33516835661,6465.3351683566125,32326.675841783075,2280.0,456,418,0.9166666666666666,38,0,422,15,15,14,9,9,2486.205489504534,5918.325602484705,702.9267433235253,9240.33516835661,60,0.7201475079928059
geometry_early_optical_clear_probe,187710597,16,16,16,1.0,True,575.6102251390298,9209.763602224477,6748.763602224474,33743.818011122385,2010.0,402,359,0.8930348258706468,43,0,368,17,17,16,14,14,1866.0131292380865,7459.352856029217,1566.3949081603257,9209.763602224477,116,0.7708607519889483
geometry_early_optical_clear_probe,1759263099,15,15,15,1.0,True,568.8064584312918,8532.096876469377,5959.096876469378,29795.4843823469,2110.0,422,387,0.9170616113744076,35,0,388,15,15,15,9,9,1800.4280431443078,6659.229990457361,518.3565767428007,8011.5693344360425,40,0.9483949830027996
geometry_early_optical_clear_probe,1268237989,13,13,13,1.0,True,713.6898028931186,9277.967437610541,6233.9674376105395,31169.837188052716,2510.0,502,466,0.9282868525896414,36,0,466,14,14,13,11,11,2859.4743840145193,7218.344922675972,754.9212987167524,9277.967437610541,60,0.6760375570011092
geometry_early_optical_clear_probe,4287639224,15,15,15,1.0,True,518.4447007375173,7776.670511062761,5460.670511062762,27303.352555313817,1895.0,379,332,0.8759894459102903,47,0,346,15,15,15,14,14,1917.5569479392516,6948.233295490218,1032.4616924604768,7747.670511062761,80,0.8426223669957835
geometry_early_optical_clear_probe,1914690615,14,14,14,1.0,True,567.4906317048928,7944.8688438685,5719.8688438685,28599.34421934251,1820.0,364,322,0.8846153846153846,42,0,332,15,15,14,12,12,1149.5527974758982,3192.087307686115,1019.0843573686266,6284.416231614103,78,0.8416713749902556
geometry_early_optical_clear_probe,118777527,10,10,10,1.0,True,891.6846133250867,8916.846133250867,5738.84613325087,28694.230666254356,2635.0,527,498,0.9449715370018975,29,0,493,10,10,10,6,6,2563.7995569931013,6109.494817556276,482.12023504358643,8916.846133250867,40,0.6487221579882316
geometry_early_optical_clear_probe,2970483487,12,12,12,1.0,True,676.3957895151915,8116.749474182298,5556.749474182298,27783.747370911504,2110.0,422,389,0.9218009478672986,33,0,387,13,13,12,8,8,1401.0117431853987,5223.043352952782,743.4428904125448,6401.818661927454,60,0.7827207590016769
geometry_early_optical_clear_probe,632199034,10,10,10,1.0,True,819.7563584712076,8197.563584712076,5492.563584712075,27462.81792356039,2240.0,448,426,0.9508928571428571,22,0,415,10,10,10,2,2,1948.0050469134767,5928.011500023827,771.6396748506266,6856.117190049342,60,0.6162047999969218
geometry_early_optical_clear_probe,2220177371,10,10,10,1.0,True,964.9295739443914,9649.295739443914,6665.295739443912,33326.47869721957,2470.0,494,469,0.9493927125506073,25,0,458,12,12,10,6,6,1484.2029240013792,3862.7291628490852,515.7334437643077,9649.295739443914,40,0.8481984280078905
geometry_early_optical_clear_probe,2511651165,13,13,13,1.0,True,659.3360832350022,8571.36908205503,5683.369082055031,28416.845410275168,2380.0,476,439,0.9222689075630253,37,0,443,13,13,13,9,9,3285.247382330745,7606.461264180742,746.734683378127,8228.709071842954,60,0.726074302001507
geometry_early_optical_clear_probe,1147609371,13,13,13,1.0,True,644.7787143621229,8382.123286707598,5526.123286707599,27630.616433538,2355.0,471,433,0.9193205944798302,38,0,436,13,13,13,9,9,2314.5707814702364,6821.059035150489,746.1573424960037,8341.123286707598,60,1.2113455590006197
geometry_early_optical_clear_probe,1807853353,15,15,15,1.0,True,577.6583465076836,8664.875197615254,6316.875197615255,31584.375988076277,1920.0,384,346,0.9010416666666666,38,0,350,16,16,15,12,12,1836.5432616390115,5810.01169600296,1724.4517677900742,8664.875197615254,136,1.084667706003529
geometry_early_optical_clear_probe,2257367005,11,11,11,1.0,True,761.0420198821136,8371.46221870325,5724.462218703249,28622.311093516262,2185.0,437,408,0.9336384439359268,29,0,401,13,13,11,4,4,1410.328383107946,4645.2440900728225,687.7941260104049,8371.46221870325,60,0.7548152139934245
geometry_early_optical_clear_probe,1464821918,10,10,10,1.0,True,900.5160691056842,9005.160691056843,5854.160691056841,29270.803455284225,2610.0,522,493,0.9444444444444444,29,0,488,11,11,10,7,7,2470.5642664341703,6411.5255871448135,1228.3860971475997,9005.160691056843,96,0.7083288330031792
geometry_early_optical_clear_probe,1328598646,12,12,12,1.0,True,666.4218399126645,7997.0620789519735,5463.062078951973,27315.310394759872,2090.0,418,387,0.9258373205741627,31,0,384,12,12,12,4,4,1453.9799496647304,5844.459473088736,513.5596102318427,7950.0620789519735,40,0.7588681909983279
geometry_early_optical_clear_probe,4283867886,14,14,14,1.0,True,591.7301661136871,8284.22232559162,5789.2223255916215,28946.111627958115,2050.0,410,375,0.9146341463414634,35,0,375,14,14,14,6,6,2197.8217716563136,7508.896437531057,432.2918994240688,8056.674755220303,40,0.5707445810112404
geometry_early_optical_clear_probe,741530618,15,15,15,1.0,True,597.4077134687083,8961.115702030624,6584.115702030624,32920.57851015312,1945.0,389,349,0.897172236503856,40,0,354,16,16,15,10,10,2028.3738538085502,5828.847516309654,971.9495428834605,8508.226708526643,77,0.8535277829942061
geometry_early_optical_clear_probe,3570180605,12,12,12,1.0,True,710.4758211866064,8525.709854239276,5691.709854239277,28458.549271196385,2340.0,468,432,0.9230769230769231,36,0,434,12,12,12,7,7,2149.9867965894405,6113.372990868936,410.0397796995382,7908.2393513402885,40,0.8527336539991666
geometry_early_optical_clear_probe,3939019294,16,16,16,1.0,True,566.5260385849956,9064.41661735993,6566.416617359928,32832.08308679965,2040.0,408,364,0.8921568627450981,44,0,372,18,18,16,13,13,1945.924301634228,7829.110850003781,451.38599271659774,9064.41661735993,40,0.9996417109941831
geometry_early_optical_clear_probe,540459785,10,10,10,1.0,True,864.7309624256399,8647.309624256399,5453.309624256399,27266.548121281998,2645.0,529,500,0.945179584120983,29,0,493,12,12,10,8,8,2321.0453299423475,6209.305890795942,818.5866152506445,8588.309624256399,60,0.9471962160023395
geometry_early_optical_clear_probe,4132039250,14,14,14,1.0,True,690.3605491787439,9665.047688502415,6619.047688502412,33095.238442512076,2505.0,501,460,0.9181636726546906,41,0,465,16,16,14,11,11,3755.4498157524513,8155.110172096727,1838.5199795808871,9630.047688502415,138,1.0838223339960678
geometry_early_optical_clear_probe,3654327433,13,13,13,1.0,True,648.9331913470508,8436.13148751166,6255.13148751166,31275.65743755832,1790.0,358,318,0.888268156424581,40,0,323,14,14,13,14,14,600.0285061879658,2194.1767102740505,735.8518170079022,8083.223918178611,60,1.059895651997067
geometry_early_optical_clear_probe,325603602,15,15,15,1.0,True,597.0877856702299,8956.316785053448,6299.316785053448,31496.58392526726,2180.0,436,392,0.8990825688073395,44,0,402,15,15,15,13,13,2272.890242433884,7193.792842454047,1337.1055788486449,8927.316785053448,100,1.1854982939985348
geometry_early_optical_clear_probe,500275779,10,10,10,1.0,True,828.9098730200327,8289.098730200327,5430.098730200328,27150.493651001652,2370.0,474,450,0.9493670886075949,24,0,439,10,10,10,5,5,1542.484460839116,5391.217903315249,960.9005345315319,8289.098730200327,78,0.6304065050062491
geometry_early_optical_clear_probe,2852224622,16,16,16,1.0,True,500.0793034363593,8001.2688549817485,5706.268854981749,28531.344274908748,1870.0,374,330,0.8823529411764706,44,0,342,17,17,16,8,8,2394.939353959481,6561.610903392235,740.0534140100697,8001.2688549817485,60,0.7235508479934651
geometry_early_optical_clear_probe,4191484600,13,13,13,1.0,True,603.2299867010981,7841.989827114276,5589.9898271142765,27949.949135571398,1850.0,370,339,0.9162162162162162,31,0,337,13,13,13,6,6,1868.3341062180004,6688.834943299291,764.948983197477,7841.989827114276,60,0.6719749299954856
geometry_early_optical_clear_probe,4033317545,15,15,15,1.0,True,700.6305549350981,10509.458324026471,7708.458324026469,38542.29162013237,2295.0,459,417,0.9084967320261438,42,0,425,17,17,15,10,10,3116.5491828381905,8808.187994050872,1397.9382809887543,10509.458324026471,97,1.02043317600328
geometry_early_optical_clear_probe,96458592,14,14,14,1.0,True,557.3019988578853,7802.227984010395,5757.227984010396,28786.13992005199,1675.0,335,296,0.8835820895522388,39,0,300,14,14,14,8,8,812.5245848178436,6006.2707269533685,480.38351143857574,7250.057267278829,40,0.8646201079973252
geometry_early_optical_clear_probe,3260287578,11,11,11,1.0,True,800.50388142763,8805.542695703929,5790.542695703928,28952.71347851965,2495.0,499,468,0.9378757515030061,31,0,465,11,11,11,8,8,2895.052201267047,6971.250183904816,1238.740142841942,8501.347034659986,100,0.7099630930024432
geometry_early_optical_clear_probe,1003872916,11,11,11,1.0,True,808.7192701224118,8895.91197134653,6164.911971346528,30824.55985673265,2255.0,451,421,0.9334811529933481,30,0,415,13,13,11,7,7,1634.6328317742716,4235.353094778321,738.5508969591298,6603.498330639857,60,0.8474038509884849
geometry_early_optical_clear_probe,1171338060,11,11,11,1.0,True,793.000781583528,8723.008597418808,5723.008597418807,28615.042987094046,2485.0,497,469,0.9436619718309859,28,0,460,11,11,11,8,8,1851.2418448820144,7769.748052420272,735.1306756627994,8132.415364756698,60,0.8638126820005709
geometry_early_optical_clear_probe,1620540038,13,13,13,1.0,True,620.0330638389217,8060.429829905983,5326.429829905985,26632.149149529938,2250.0,450,414,0.92,36,0,419,13,13,13,9,9,2113.615611007406,6773.060744197265,506.1287452197611,7873.395592806147,40,0.7983681449986761
geometry_early_optical_clear_probe,2743997003,10,10,10,1.0,True,844.401954540602,8444.01954540602,5486.019545406019,27430.097727030105,2450.0,490,463,0.9448979591836735,27,0,455,11,11,10,5,5,1729.2342989738167,4992.264717957819,791.4805849473422,8385.01954540602,60,0.704415448999498
geometry_early_optical_clear_probe,2495021762,11,11,11,1.0,True,828.8161447912488,9116.977592703737,6116.977592703738,30584.887963518697,2480.0,496,464,0.9354838709677419,32,0,462,12,12,11,10,10,2398.807589859209,5351.364326845886,456.0453385944079,9116.977592703737,40,0.8606050249945838
geometry_early_optical_clear_probe,1500717685,15,15,15,1.0,True,529.2442658581137,7938.663987871707,5937.663987871708,29688.319939358546,1630.0,326,289,0.8865030674846626,37,0,293,16,16,15,12,12,1093.4618911962896,6160.444581414489,512.7737799591985,7938.663987871707,40,1.1942413590004435
geometry_early_optical_clear_probe,1536825320,15,15,15,1.0,True,574.4617791929119,8616.926687893678,6151.926687893678,30759.6334394684,2015.0,403,364,0.9032258064516129,39,0,369,17,17,15,7,7,2557.4947089457446,7887.43348083033,1677.259178506524,8616.926687893678,123,0.8696633840008872
geometry_early_optical_clear_probe,3231228579,16,16,16,1.0,True,523.2517722882072,8372.028356611316,6051.028356611315,30255.141783056573,1895.0,379,340,0.8970976253298153,39,0,346,16,16,16,11,11,1897.362878198128,7925.1227342283555,502.22604363224593,8372.028356611316,40,0.9323717939987546
geometry_early_optical_clear_probe,3553494301,10,10,10,1.0,True,879.6632524282697,8796.632524282697,5889.632524282695,29448.16262141348,2410.0,482,453,0.9398340248962656,29,0,447,10,10,10,8,8,1328.1280740199002,5888.463174362414,1317.5135373409757,6778.1855401746325,100,0.7725894420000259
geometry_early_optical_clear_probe,1560399556,14,14,14,1.0,True,601.6395006915291,8422.953009681407,5781.953009681408,28909.765048407055,2170.0,434,395,0.9101382488479263,39,0,401,14,14,14,14,14,1722.6354455954731,5856.922238399634,1226.679375990771,7369.399396723791,98,0.9459272000094643
geometry_early_optical_clear_probe,2382610091,10,10,10,1.0,True,813.8665961315421,8138.665961315422,5479.6659613154225,27398.329806577127,2200.0,440,413,0.9386363636363636,27,0,406,11,11,10,7,7,682.9737279270664,2693.0394401047524,464.9094958610423,6240.639762909925,40,0.8637669120071223
geometry_early_optical_clear_probe,769194248,15,15,15,1.0,True,673.9051588483363,10108.577382725045,7327.577382725049,36637.88691362525,2280.0,456,410,0.8991228070175439,46,0,420,17,17,15,15,15,2562.6591618103234,7727.32946472405,780.8883064924621,10108.577382725045,60,0.8493070650001755
geometry_early_optical_clear_probe,566997885,13,13,13,1.0,True,667.7064322929817,8680.183619808762,5906.183619808759,29530.91809904381,2285.0,457,423,0.925601750547046,34,0,421,14,14,13,7,7,2499.244584667575,7339.762741470648,498.4433081054325,7687.698007909636,40,0.8540147200110368
geometry_early_optical_clear_probe,3015400077,11,11,11,1.0,True,772.3706080135145,8496.07668814866,5887.076688148658,29435.383440743306,2155.0,431,397,0.9211136890951276,34,0,399,11,11,11,11,11,834.4567505484447,5733.97530859561,516.5091468708404,6853.090712290227,40,0.9605711589974817
geometry_early_optical_clear_probe,1160115743,15,15,15,1.0,True,571.2449486718084,8568.674230077126,5943.674230077124,29718.371150385625,2155.0,431,388,0.9002320185614849,43,0,395,15,15,15,16,16,1562.4380300054374,6284.810905968535,1013.9763238037634,7787.166039812742,80,1.4132199919986306
geometry_early_optical_clear_probe,219403581,11,11,11,1.0,True,789.4465345508838,8683.911880059723,5711.911880059718,28559.559400298614,2460.0,492,462,0.9390243902439024,30,0,457,11,11,11,7,7,1864.4023447431996,5228.671379400605,996.3093461548609,7627.247014470707,80,0.656517971001449
geometry_early_optical_clear_probe,3992497871,14,14,14,1.0,True,649.1416457086879,9087.98303992163,6668.983039921629,33344.915199608164,1985.0,397,360,0.906801007556675,37,0,361,15,15,14,13,13,1526.6572957749183,6735.640413845106,480.4332258228504,9087.98303992163,40,1.0617897799966158
geometry_early_optical_clear_probe,980066091,15,15,15,1.0,True,624.1517502378452,9362.27625356768,6546.276253567676,32731.381267838395,2310.0,462,418,0.9047619047619048,44,0,428,16,16,15,13,13,3723.759773824871,7112.6270336945645,2817.4158658198444,8437.527024225516,212,0.7237448819942074
geometry_early_optical_clear_probe,1387681600,15,15,15,1.0,True,532.9654556654529,7994.481834981792,5634.481834981792,28172.409174908968,1930.0,386,346,0.8963730569948186,40,0,355,15,15,15,11,11,1481.5220460094135,6221.648936945523,489.8197186582787,7994.481834981792,40,0.8636992870015092
geometry_early_optical_clear_probe,2067705538,14,14,14,1.0,True,645.0442210123513,9030.619094172918,6369.619094172919,31848.095470864595,2185.0,437,401,0.9176201372997712,36,0,403,15,15,14,13,13,1969.945300258925,4253.815703554046,710.9030945288755,9030.619094172918,58,0.9993996020057239
geometry_early_optical_clear_probe,2045481353,16,16,16,1.0,True,501.9401470942514,8031.042353508023,5719.0423535080245,28595.211767540135,1885.0,377,336,0.8912466843501327,41,0,344,17,17,16,11,11,2638.4782804464903,7127.280291947716,777.3417665173257,8031.042353508023,60,0.8794030560093233
geometry_early_optical_clear_probe,618753306,12,12,12,1.0,True,714.997463912831,8579.969566953972,5934.9695669539715,29674.847834769866,2180.0,436,403,0.9243119266055045,33,0,402,13,13,12,8,8,1346.0611201728204,6166.425195179612,515.483401182648,7791.588071557798,40,0.7334664530062582
geometry_early_optical_clear_probe,2197752482,13,13,13,1.0,True,632.2918696888385,8219.7943059549,5733.794305954899,28668.97152977451,2045.0,409,371,0.9070904645476773,38,0,376,13,13,13,8,8,1580.0579055932524,6746.004820403649,467.9982916244223,8000.268030904761,40,0.6769397629977902
geometry_early_optical_clear_probe,2637733103,16,16,16,1.0,True,626.4415255356214,10023.064408569942,7351.064408569944,36755.32204284973,2185.0,437,394,0.9016018306636155,43,0,401,18,18,16,14,14,2183.684935497001,5128.631343187464,436.1121612692108,10023.064408569942,40,0.8504073700023582
geometry_early_optical_clear_probe,795279631,12,12,12,1.0,True,746.1384421327817,8953.661305593381,6111.6613055933785,30558.306527966903,2345.0,469,436,0.929637526652452,33,0,434,13,13,12,8,8,2530.425616180135,6563.937040015677,529.7768368729685,7413.8891591804295,40,0.7097006249969127
geometry_early_optical_clear_probe,3965124298,15,15,15,1.0,True,539.6919581249732,8095.379371874598,5643.379371874598,28216.896859373006,2010.0,402,365,0.9079601990049752,37,0,367,15,15,15,4,4,2953.3301366685146,6909.101539205408,857.236398667974,7548.612569680296,60,0.9077018730022246
geometry_early_optical_clear_probe,2770751470,14,14,14,1.0,True,617.8098211410179,8649.33749597425,6168.33749597425,30841.68747987127,2035.0,407,369,0.9066339066339066,38,0,373,15,15,14,7,7,1735.0113449421224,6924.511104897751,1025.9626457326165,8649.33749597425,78,0.9136776580126025
geometry_early_optical_clear_probe,2360560766,10,10,10,1.0,True,875.0843696472235,8750.843696472235,5783.843696472231,28919.218482361168,2460.0,492,464,0.943089430894309,28,0,457,10,10,10,10,10,1558.5889753441165,5447.80581659827,1545.9416086364217,6656.241765536777,118,0.7696836289978819
geometry_early_optical_clear_probe,2509885713,14,14,14,1.0,True,691.951980589886,9687.327728258404,6647.327728258403,33236.63864129204,2505.0,501,463,0.9241516966067864,38,0,462,15,15,14,9,9,3423.3768641997663,7459.57370607303,419.3138348434992,9687.327728258404,40,0.9537055269902339
geometry_early_optical_clear_probe,1970804147,14,14,14,1.0,True,666.6497830500858,9333.096962701202,6608.096962701201,33040.484813506024,2240.0,448,405,0.9040178571428571,43,0,409,16,16,14,13,13,2168.0817845014944,6888.41475193799,765.7391742415526,9333.096962701202,60,1.0610970269917743
geometry_early_optical_clear_probe,3789556585,12,12,12,1.0,True,706.3484644962905,8476.181573955486,5499.181573955488,27495.90786977745,2460.0,492,463,0.9410569105691057,29,0,457,12,12,12,10,10,1529.3233002493218,6600.174419955679,474.9747050632128,8429.181573955486,40,0.7548642890033079
geometry_early_optical_clear_probe,1522174265,12,12,12,1.0,True,730.9474974929807,8771.369969915768,5879.369969915766,29396.849849578848,2390.0,478,446,0.9330543933054394,32,0,442,12,12,12,8,8,1576.1219702291812,3463.2026739567755,734.2648893661293,7975.6998135310405,60,0.9443403940094868
geometry_early_optical_clear_probe,1684693449,16,16,16,1.0,True,451.4576650749403,7223.3226411990445,4945.322641199046,24726.613205995225,1855.0,371,326,0.8787061994609164,45,0,343,16,16,16,9,9,2468.283895353132,6470.197765773805,491.50338607292167,7223.3226411990445,40,0.7134143830044195
geometry_early_optical_clear_probe,2576691756,13,13,13,1.0,True,748.854837711413,9735.112890248369,6908.11289024837,34540.564451241866,2330.0,466,432,0.927038626609442,34,0,432,13,13,13,8,8,2048.8725584311014,7291.340162495505,503.59478759742734,9735.112890248369,40,0.8299047299951781
geometry_early_optical_clear_probe,451041488,11,11,11,1.0,True,818.6286190216792,9004.914809238471,5559.91480923847,27799.574046192363,2855.0,571,538,0.9422066549912435,33,0,535,11,11,11,11,11,4044.6721613199506,7575.061447656796,993.8871065440316,8398.142509713916,80,0.7042603090085322
geometry_early_optical_clear_probe,1300928371,16,16,16,1.0,True,501.4962914640558,8023.940663424893,5670.940663424896,28354.70331712448,1920.0,384,337,0.8776041666666666,47,0,350,17,17,16,12,12,2205.1546072636143,6197.142171491403,1026.5223902077296,8023.940663424893,77,0.7515375150105683
geometry_early_optical_clear_probe,3502945088,13,13,13,1.0,True,719.5627702720316,9354.31601353641,6224.316013536411,31121.580067682055,2580.0,516,477,0.9244186046511628,39,0,482,14,14,13,7,7,3285.8970985603646,8225.12779080254,753.8117932143659,9354.31601353641,60,0.7624777500022901
geometry_early_optical_clear_probe,3764387152,16,16,16,1.0,True,505.9330027310037,8094.928043696059,5221.928043696061,26109.640218480294,2355.0,471,427,0.9065817409766455,44,0,438,16,16,16,7,7,3666.980616247829,7508.730460188447,506.3254916787928,8094.928043696059,40,0.7469880040007411
geometry_early_optical_clear_probe,1257716182,11,11,11,1.0,True,890.2009477855412,9792.210425640953,6552.210425640951,32761.052128204763,2680.0,536,503,0.9384328358208955,33,0,499,13,13,11,11,11,2579.385046858374,8884.040151989228,1558.2344559907451,9792.210425640953,117,0.7996829480107408
geometry_early_optical_clear_probe,2379334567,11,11,11,1.0,True,854.352186239263,9397.874048631893,5826.8740486318975,29134.370243159494,2955.0,591,557,0.9424703891708968,34,0,555,13,13,11,8,8,4195.932057009742,6767.808118099499,2090.4724833272167,9397.874048631893,160,0.7260497609968297
geometry_early_optical_clear_probe,1368932152,10,10,10,1.0,True,995.9885390479689,9959.885390479689,6487.885390479684,32439.42695239843,2880.0,576,547,0.9496527777777778,29,0,539,11,11,10,10,10,1545.0721502351246,4591.709214554611,1600.7049997134745,9959.885390479689,120,0.9748947740008589
geometry_early_optical_clear_probe,4006931834,14,14,14,1.0,True,585.7335966860726,8200.270353605016,5836.270353605015,29181.35176802508,1940.0,388,349,0.8994845360824743,39,0,354,14,14,14,11,11,959.639967129149,3131.450700006215,529.321521880423,8200.270353605016,40,1.0922127369994996
geometry_early_optical_clear_probe,4109773531,14,14,14,1.0,True,658.1229738920814,9213.72163448914,6653.721634489141,33268.6081724457,2105.0,421,382,0.9073634204275535,39,0,385,14,14,14,8,8,1287.188052068983,5129.219491989357,1020.4837562640788,9213.72163448914,79,0.7410682189947693
geometry_early_optical_clear_probe,1743568763,16,16,16,1.0,True,588.242415262455,9411.87864419928,6531.878644199278,32659.393220996404,2355.0,471,420,0.89171974522293,51,0,436,19,19,16,14,14,2540.883009826351,7248.670076245851,470.9350818150052,9411.87864419928,40,1.1263823339977534
geometry_early_optical_clear_probe,952271317,11,11,11,1.0,True,779.2020596328636,8571.2226559615,5671.2226559615,28356.11327980751,2400.0,480,451,0.9395833333333333,29,0,445,11,11,11,6,6,2273.1025681362353,7385.855363888068,797.4513472089154,8297.065565094024,60,0.8432368079957087
geometry_early_optical_clear_probe,1283321760,14,14,14,1.0,True,666.739508262263,9334.353115671682,6395.35311567168,31976.765578358412,2420.0,484,452,0.9338842975206612,32,0,449,14,14,14,8,8,2977.2909518626116,7330.427907532884,980.818547107722,9334.353115671682,80,0.9053005759924417
geometry_early_optical_clear_probe,729583523,12,12,12,1.0,True,749.1088740374045,8989.306488448854,6295.306488448858,31476.53244224429,2220.0,444,412,0.9279279279279279,32,0,408,14,14,12,5,5,2022.5914669815227,7718.036905403225,780.1221064275567,8989.306488448854,60,0.7085396189941093
geometry_early_optical_clear_probe,4091640530,12,12,12,1.0,True,669.9892011829858,8039.87041419583,5354.87041419583,26774.352070979156,2215.0,443,410,0.9255079006772009,33,0,410,12,12,12,11,11,1383.9239916872586,5589.0798904958865,423.45246067617626,7992.87041419583,40,1.003791117007495
geometry_early_optical_clear_probe,721525269,15,15,15,1.0,True,576.9538016154436,8654.307024231653,6671.307024231655,33356.5351211583,1615.0,323,281,0.8699690402476781,42,0,287,17,17,15,6,6,587.6994198169934,2015.3424329478787,424.1544447599886,8654.307024231653,40,1.2265662799909478
geometry_early_optical_clear_probe,924867295,14,14,14,1.0,True,640.9614715904854,8973.460602266796,6386.460602266797,31932.303011334003,2120.0,424,386,0.910377358490566,38,0,394,15,15,14,9,9,2186.3635074785443,5671.97972336447,513.1963088218068,8973.460602266796,40,0.9435061759868404
geometry_early_optical_clear_probe,1295350147,10,10,10,1.0,True,857.9512063645088,8579.512063645088,5718.512063645088,28592.560318225456,2370.0,474,451,0.9514767932489452,23,0,441,10,10,10,6,6,1954.8474316807976,7328.654341785219,500.003103470974,8579.512063645088,40,0.6113468050025403
geometry_early_optical_clear_probe,2256939127,12,12,12,1.0,True,757.7768861739288,9093.322634087146,6481.322634087143,32406.613170435725,2155.0,431,398,0.9234338747099768,33,0,394,13,13,12,12,12,1207.9316127614745,5820.82800716519,498.2919868005586,7074.175149928689,40,1.0074451260006754
geometry_early_optical_clear_probe,2115613860,12,12,12,1.0,True,765.8994928011922,9190.793913614307,6391.793913614304,31958.969568071534,2310.0,462,425,0.9199134199134199,37,0,426,13,13,12,13,13,1537.04136446822,7113.150348436705,1150.942089415915,8205.454984233575,78,0.8533283809956629
geometry_early_optical_clear_probe,4182357020,11,11,11,1.0,True,904.6318688561008,9950.950557417109,6808.950557417109,34044.75278708554,2600.0,520,484,0.9307692307692308,36,0,484,12,12,11,12,12,1523.2344308974511,6562.41812800809,501.29589933078967,9950.950557417109,40,0.8653762269968865
geometry_early_optical_clear_probe,1538150361,14,14,14,1.0,True,632.5391608466591,8855.548251853228,6058.548251853228,30292.74125926615,2295.0,459,418,0.9106753812636166,41,0,426,16,16,14,16,16,2138.7535512659842,6130.220721606921,787.796551719912,8855.548251853228,60,1.0643731860036496
geometry_early_optical_clear_probe,4131039210,15,15,15,1.0,True,638.2702944552442,9574.054416828663,7008.054416828662,35040.27208414333,2100.0,420,381,0.9071428571428571,39,0,385,17,17,15,12,12,1600.8357797190804,7086.447103142597,522.2762856362752,9574.054416828663,40,0.9009076380025363
geometry_early_optical_clear_probe,4211060354,13,13,13,1.0,True,651.6808806730704,8471.851448749916,5576.851448749914,27884.257243749576,2385.0,477,437,0.9161425576519916,40,0,442,14,14,13,9,9,2119.5842215401663,6344.931626674053,2289.8051299796034,7156.90060059909,173,0.8821576680056751
geometry_early_optical_clear_probe,3781481983,13,13,13,1.0,True,682.4257146796474,8871.534290835416,6104.534290835411,30522.671454177074,2280.0,456,413,0.9057017543859649,43,0,416,15,15,13,11,11,1428.0614414457764,3321.7971628027367,742.72324565478,8871.534290835416,60,1.045291760994587
geometry_early_optical_clear_probe,888828911,14,14,14,1.0,True,606.7448726154146,8494.428216615805,5887.428216615803,29437.14108307903,2140.0,428,389,0.9088785046728972,39,0,394,15,15,14,7,7,2590.2938679192016,7054.361299587981,415.6731687465346,8494.428216615805,40,0.830429492998519
geometry_early_optical_clear_probe,2718531892,10,10,10,1.0,True,890.1168394563559,8901.16839456356,5884.168394563559,29420.841972817805,2500.0,500,470,0.94,30,0,464,11,11,10,6,6,1563.817373383388,5840.681362294657,501.0852523179966,8901.16839456356,40,0.930254323000554
geometry_early_optical_clear_probe,2746850121,12,12,12,1.0,True,696.3280767240527,8355.936920688633,5646.936920688634,28234.684603443176,2230.0,446,415,0.9304932735426009,31,0,416,13,13,12,10,10,1379.8034580001458,4345.402774046629,459.9112344493135,8355.936920688633,40,0.8413690809975378
geometry_early_optical_clear_probe,3290704626,13,13,13,1.0,True,768.6385122503873,9992.300659255035,6909.300659255031,34546.503296275165,2540.0,508,474,0.9330708661417323,34,0,472,15,15,13,9,9,2749.898759438562,7774.633332456657,2849.6805560576718,9992.300659255035,210,1.2738619029987603
geometry_early_optical_clear_probe,4116168837,13,13,13,1.0,True,650.5529055973578,8457.187772765652,5732.187772765652,28660.938863828265,2245.0,449,417,0.9287305122494433,32,0,415,13,13,13,10,10,1785.8262049556558,5106.946277813566,554.0811369093055,8457.187772765652,40,0.9165788700047415
geometry_early_optical_clear_probe,4288502270,13,13,13,1.0,True,666.0437133619229,8658.568273704997,5867.568273704997,29337.841368525,2300.0,460,417,0.9065217391304348,43,0,423,14,14,13,8,8,1655.2312397119472,8075.113007534962,525.6151976726946,8617.568273704997,40,1.0089818979904521
geometry_early_optical_clear_probe,284883296,14,14,14,1.0,True,574.0264814680589,8036.370740552826,5517.370740552827,27586.85370276413,2070.0,414,373,0.9009661835748792,41,0,379,14,14,14,8,8,2034.5744632668516,5809.386925423425,980.4385340049195,8036.370740552826,80,0.8548176379990764
geometry_early_optical_clear_probe,407146941,11,11,11,1.0,True,730.3458915555213,8033.804807110735,5273.804807110736,26369.02403555369,2280.0,456,422,0.9254385964912281,34,0,422,12,12,11,5,5,1135.460376357534,3458.28587892855,1010.8305646961571,7980.804807110735,79,0.8844227630033856
geometry_early_optical_clear_probe,1506968250,12,12,12,1.0,True,676.5251350702223,8118.301620842668,5615.301620842671,28076.508104213357,2065.0,413,385,0.9322033898305084,28,0,378,12,12,12,2,2,1187.9951293702607,6877.020522076567,431.63411176108576,7395.929464969337,40,0.7368413740041433
geometry_early_optical_clear_probe,4010083100,14,14,14,1.0,True,718.9470374578043,10065.25852440926,7310.258524409263,36551.29262204631,2260.0,452,412,0.911504424778761,40,0,419,16,16,14,8,8,2121.718589330277,8010.389095107941,508.15609148315144,10065.25852440926,40,0.7255117870081449
geometry_early_optical_clear_probe,2483013489,15,15,15,1.0,True,540.741715753735,8111.125736306024,5797.125736306025,28985.628681530132,1895.0,379,336,0.8865435356200527,43,0,344,15,15,15,10,10,1502.629495944651,7171.236048706833,461.23394831849214,7895.19558298838,40,1.010571462000371
geometry_early_optical_clear_probe,3465865056,16,16,16,1.0,True,510.67698048087016,8170.8316876939225,5886.8316876939225,29434.158438469633,1865.0,373,332,0.8900804289544236,41,0,339,16,16,16,7,7,2703.4729093687583,7458.528289738635,959.2536117587325,8170.8316876939225,76,0.6672307060071034
geometry_early_optical_clear_probe,94995134,12,12,12,1.0,True,721.0849467909652,8653.019361491582,5906.019361491583,29530.096807457918,2265.0,453,419,0.9249448123620309,34,0,419,13,13,12,5,5,1940.0861295529694,8162.169298263741,1087.8240618974805,8653.019361491582,77,0.6576651430077618
geometry_early_optical_clear_probe,4049015135,11,11,11,1.0,True,820.6052798883046,9026.65807877135,5867.658078771348,29338.29039385676,2615.0,523,495,0.9464627151051626,28,0,486,12,12,11,7,7,1938.102199292882,5206.100893963019,818.2289635267452,7770.055419056774,59,1.111729367999942
geometry_early_optical_clear_probe,2779883125,14,14,14,1.0,True,610.2779892990401,8543.891850186561,5932.891850186562,29664.459250932825,2145.0,429,394,0.9184149184149184,35,0,393,15,15,14,9,9,2214.1597757501486,7206.008606976123,787.0594283374826,8543.891850186561,60,0.8548379609856056
geometry_early_optical_clear_probe,1493417661,13,13,13,1.0,True,684.9542143558743,8904.404786626366,6205.404786626365,31027.023933131844,2225.0,445,412,0.9258426966292135,33,0,409,13,13,13,11,11,1267.1292653834623,3477.859083642688,1223.4462408073853,8904.404786626366,98,0.8162411599914776
geometry_early_optical_clear_probe,4230473511,11,11,11,1.0,True,834.5372540471049,9179.909794518153,6222.909794518153,31114.54897259078,2445.0,489,460,0.9406952965235174,29,0,454,12,12,11,9,9,2178.414369505296,8167.460950159096,1525.4193635362883,9179.909794518153,112,0.6403321960096946
geometry_early_optical_clear_probe,401585436,14,14,14,1.0,True,629.2542937683565,8809.560112756992,6235.560112756992,31177.800563784975,2110.0,422,377,0.8933649289099526,45,0,388,16,16,14,12,12,1120.5195027770612,6409.986761511624,415.419163146763,8809.560112756992,40,1.458909681008663
geometry_early_optical_clear_probe,1964912277,15,15,15,1.0,True,520.7973847563056,7811.960771344585,5512.960771344586,27564.80385672293,1880.0,376,338,0.898936170212766,38,0,344,15,15,15,12,12,1979.6254988419364,4894.822518703128,737.8986981479001,6590.864813657695,60,0.9044419630081393
geometry_early_optical_clear_probe,3366682789,14,14,14,1.0,True,651.0855299024371,9115.19741863412,6539.197418634118,32695.987093170606,2115.0,423,381,0.900709219858156,42,0,388,15,15,14,18,18,1104.7639869865193,7503.023360872457,975.6011411145545,9115.19741863412,80,0.9097760919976281
geometry_early_optical_clear_probe,2606652647,16,16,16,1.0,True,513.9539441339475,8223.26310614316,5669.263106143162,28346.315530715816,2090.0,418,372,0.8899521531100478,46,0,384,16,16,16,10,10,2783.2957483564282,7599.410695720927,480.3909657742655,8223.26310614316,40,0.8063986329943873
geometry_early_optical_clear_probe,1439720659,11,11,11,1.0,True,791.2886403895604,8704.175044285164,5850.175044285165,29250.875221425835,2360.0,472,441,0.934322033898305,31,0,439,11,11,11,7,7,2109.161455640091,4583.342171691666,2352.4360102725796,8433.619063391807,172,0.731679606004036
geometry_early_optical_clear_probe,4171546518,12,12,12,1.0,True,837.6579966889364,10051.895960267237,6794.895960267233,33974.47980133619,2685.0,537,504,0.9385474860335196,33,0,500,16,16,12,12,12,2929.195651634349,8223.909102268566,2703.2135741354887,10051.895960267237,197,1.0518567749968497
geometry_early_optical_clear_probe,1450155378,16,16,16,1.0,True,518.2651843671949,8292.242949875119,6109.242949875119,30546.214749375606,1775.0,355,310,0.8732394366197183,45,0,322,18,18,16,7,7,1964.8735193757955,6252.208681409833,471.0194874705775,8292.242949875119,40,0.8841440429969225
geometry_early_optical_clear_probe,3045816007,13,13,13,1.0,True,672.5026563855064,8742.534533011583,5713.534533011583,28567.672665057926,2495.0,499,463,0.9278557114228457,36,0,466,14,14,13,8,8,3058.523823238844,7470.072376620171,469.1434115301035,8742.534533011583,40,0.6090950700017856
geometry_early_optical_clear_probe,2116265080,10,10,10,1.0,True,945.1664691328718,9451.664691328719,6194.664691328714,30973.323456643575,2700.0,540,518,0.9592592592592593,22,0,507,10,10,10,5,5,3038.200522659335,6170.570110130476,450.0769644612765,7767.8465879703,40,0.6850713339954382
geometry_early_optical_clear_probe,2190931641,16,16,16,1.0,True,432.14825022672267,6914.372003627563,5137.372003627563,25686.86001813782,1435.0,287,245,0.8536585365853658,42,0,259,17,17,16,7,7,1049.7619245650524,6334.85115722213,413.0323321341931,6914.372003627563,40,0.9287208349996945
geometry_early_optical_clear_probe,1158938363,14,14,14,1.0,True,606.3158777266086,8488.42228817252,5953.422288172519,29767.111440862605,2080.0,416,378,0.9086538461538461,38,0,382,15,15,14,5,5,2913.491602981532,7571.900871059531,768.7444371757209,7917.055909695828,57,0.6877089749905281
geometry_early_optical_clear_probe,3945364358,14,14,14,1.0,True,590.3810757906585,8265.33506106922,5618.335061069221,28091.675305346103,2175.0,435,401,0.9218390804597701,34,0,402,14,14,14,5,5,1972.04042970073,6478.328870215178,729.9252688610212,8032.888890107296,60,0.70870920199377
geometry_early_optical_clear_probe,3490711914,12,12,12,1.0,True,761.3288048604078,9135.945658324894,6039.945658324894,30199.72829162448,2560.0,512,483,0.943359375,29,0,476,12,12,12,5,5,4098.789104405457,8056.097936913763,788.6362876443321,9135.945658324894,60,0.5918370919971494
geometry_early_optical_clear_probe,3217321301,16,16,16,1.0,True,483.36744385750563,7733.87910172009,5702.87910172009,28514.395508600468,1645.0,329,284,0.8632218844984803,45,0,297,19,19,16,10,10,2104.1356506698003,6921.728198107775,1220.8208637911648,7536.4093922219945,95,0.8575185079971561
geometry_early_optical_clear_probe,1894038653,16,16,16,1.0,True,512.6625974931472,8202.601559890356,5623.601559890358,28118.007799451792,2110.0,422,381,0.9028436018957346,41,0,389,16,16,16,9,9,1682.4223709193993,6841.201592512291,523.5617403500202,8202.601559890356,40,0.9577338380040601
geometry_early_optical_clear_probe,1008711440,15,15,15,1.0,True,630.1839742313016,9452.759613469523,6639.759613469523,33198.79806734762,2305.0,461,421,0.913232104121475,40,0,427,17,17,15,13,13,2371.4049231148733,7704.984575913575,1591.535190972987,9297.08222477779,118,1.1400864790048217
geometry_early_optical_clear_probe,3489148146,11,11,11,1.0,True,756.8760501682523,8325.636551850776,5212.636551850776,26063.18275925389,2575.0,515,485,0.941747572815534,30,0,480,12,12,11,5,5,2802.052157966244,7614.2346165751,693.4633971282396,7927.84097922274,60,0.8383103609958198
geometry_early_optical_clear_probe,3329898826,11,11,11,1.0,True,781.406869001105,8595.475559012155,5503.475559012156,27517.37779506079,2560.0,512,481,0.939453125,31,0,477,11,11,11,8,8,1711.96188158184,6768.7051881096895,438.66895408877167,8595.475559012155,40,1.0038127669977257
geometry_early_optical_clear_probe,2020609976,11,11,11,1.0,True,764.3669225856519,8408.03614844217,5595.036148442172,27975.18074221087,2325.0,465,434,0.9333333333333333,31,0,430,12,12,11,8,8,1502.7750795677339,7072.3550740235105,485.07756008960854,8408.03614844217,40,0.8344448459974956
geometry_early_optical_clear_probe,2738886396,13,13,13,1.0,True,594.2831711499629,7725.681224949517,5304.681224949518,26523.406124747595,1985.0,397,359,0.9042821158690176,38,0,365,15,15,13,6,6,1574.2176021029995,5428.103968906867,524.5311908140415,7725.681224949517,40,0.7239189489919227
geometry_early_optical_clear_probe,3662965080,12,12,12,1.0,True,716.1242382215623,8593.490858658748,5587.490858658745,27937.454293293744,2485.0,497,468,0.9416498993963782,29,0,461,12,12,12,9,9,3023.0678289253606,7457.867583026133,1029.066825382573,8023.859091575559,79,0.6495950670068851
geometry_early_optical_clear_probe,1846555461,11,11,11,1.0,True,828.1813677930917,9109.995045724008,6042.9950457240075,30214.97522862005,2540.0,508,482,0.9488188976377953,26,0,472,11,11,11,6,6,2468.1626294588573,7869.5833186723585,735.8757200943955,8528.134465626837,60,0.9255123290058691
geometry_early_optical_clear_probe,2291502559,15,15,15,1.0,True,565.7844295337654,8486.766443006481,5799.766443006482,28998.832215032417,2205.0,441,401,0.909297052154195,40,0,407,15,15,15,14,14,2922.481922501261,5609.335143169241,1045.1872906739718,8486.766443006481,80,0.7855739859951427
geometry_early_optical_clear_probe,1491821942,13,13,13,1.0,True,696.3695673074793,9052.804374997231,6275.8043749972285,31379.021874986152,2290.0,458,419,0.9148471615720524,39,0,422,13,13,13,10,10,1315.875644792188,4580.403961824016,793.4881734669386,8100.5846387430165,59,1.3632693529943936
geometry_early_optical_clear_probe,953499578,15,15,15,1.0,True,607.9156676887445,9118.735015331167,6795.735015331165,33978.675076655825,1885.0,377,326,0.8647214854111406,51,0,345,21,21,15,18,18,1008.0267371169774,3499.498548037687,498.6257961812979,9118.735015331167,40,1.276340928990976
geometry_early_optical_clear_probe,3193264663,12,12,12,1.0,True,716.5924983479991,8599.10998017599,5709.109980175989,28545.549900879956,2385.0,477,441,0.9245283018867925,36,0,442,13,13,12,8,8,1819.3366192284157,6815.170826559614,447.35499842953163,8599.10998017599,40,0.9813824590091826
geometry_early_optical_clear_probe,2468072947,10,10,10,1.0,True,930.9228914634754,9309.228914634754,6019.228914634751,30096.14457317377,2725.0,545,519,0.9522935779816514,26,0,509,12,12,10,4,4,2673.2337100945083,7433.039128922305,740.808908348726,9309.228914634754,60,0.8759359450050397
geometry_early_optical_clear_probe,430222109,16,16,16,1.0,True,499.71294552554485,7995.407128408718,5712.4071284087195,28562.035642043604,1860.0,372,319,0.8575268817204301,53,0,343,16,16,16,11,11,1775.9266827184274,6569.25486551045,430.6817380777523,7995.407128408718,40,0.947665228988626
geometry_early_optical_clear_probe,132313487,15,15,15,1.0,True,610.6976247454975,9160.464371182463,6621.464371182465,33107.32185591234,2075.0,415,374,0.9012048192771084,41,0,383,17,17,15,12,12,1445.7147947090025,7781.08016707953,495.1954522246217,9160.464371182463,40,1.0619809850031743
geometry_early_optical_clear_probe,1804549707,12,12,12,1.0,True,801.9446636122462,9623.335963346955,6498.335963346952,32491.67981673477,2585.0,517,486,0.9400386847195358,31,0,480,12,12,12,10,10,3473.5107822763807,8800.105395371069,778.0358741146716,9623.335963346955,60,0.8368074079917278
geometry_early_optical_clear_probe,3211204791,13,13,13,1.0,True,661.4243403548945,8598.516424613628,6146.516424613627,30732.582123068154,2015.0,403,360,0.8933002481389578,43,0,369,14,14,13,10,10,872.6933522087687,4202.726965993501,495.2300537370744,8598.516424613628,40,0.8419425890024286
geometry_early_optical_clear_probe,786116132,10,10,10,1.0,True,856.7577980817084,8567.577980817085,5623.577980817087,28117.88990408544,2440.0,488,461,0.944672131147541,27,0,454,10,10,10,7,7,1485.458670596857,4233.44985082823,1034.769818272121,8567.577980817085,79,0.6116296040127054
geometry_early_optical_clear_probe,3158612225,13,13,13,1.0,True,635.2778411423211,8258.611934850174,5749.6119348501725,28748.059674250868,2065.0,413,378,0.9152542372881356,35,0,379,13,13,13,8,8,2049.769013119681,6789.4277521468475,434.12077695186895,8258.611934850174,40,0.8662417869927594
geometry_early_optical_clear_probe,1387667801,10,10,10,1.0,True,845.5735725878434,8455.735725878434,5459.735725878434,27298.678629392176,2485.0,497,465,0.9356136820925554,32,0,461,10,10,10,8,8,1059.7661284720352,2405.8612847203517,1795.801025837381,7868.739264745,136,0.8812785899935989
geometry_early_optical_clear_probe,3827665664,10,10,10,1.0,True,876.7237826992347,8767.237826992347,5770.237826992345,28851.189134961736,2485.0,497,470,0.9456740442655935,27,0,462,10,10,10,8,8,1784.0834501756694,5707.797287535346,1035.3469510154312,8576.70195662056,79,0.6978058840031736
geometry_early_optical_clear_probe,4207851612,15,15,15,1.0,True,598.6868146619602,8980.302219929403,6327.302219929399,31636.51109964699,2175.0,435,394,0.9057471264367816,41,0,400,16,16,15,10,10,2553.333008115627,7077.4966956920525,475.3511439686175,8980.302219929403,40,0.8335889450099785
geometry_early_optical_clear_probe,731692431,16,16,16,1.0,True,494.48444491027743,7911.751118564439,5537.751118564441,27688.755592822203,1935.0,387,343,0.8863049095607235,44,0,356,17,17,16,8,8,1984.770436397844,7052.127071922525,1042.2736713268655,7911.751118564439,78,1.0152364520035917
geometry_early_optical_clear_probe,1200114763,13,13,13,1.0,True,636.171650663807,8270.23145862949,5899.23145862949,29496.15729314747,1950.0,390,357,0.9153846153846154,33,0,356,13,13,13,10,10,1159.408372649206,5080.643988491584,439.48813119804163,7440.315897910342,40,0.9914122440095525
geometry_early_optical_clear_probe,1173322744,12,12,12,1.0,True,728.6337377517657,8743.604853021188,5825.604853021191,29128.024265105963,2405.0,481,448,0.9313929313929314,33,0,450,13,13,12,8,8,2921.8012252616795,7687.188876365357,817.9663632423118,8743.604853021188,60,0.7053914919961244
geometry_early_optical_clear_probe,1421469243,14,14,14,1.0,True,598.4176223292452,8377.846712609433,5746.846712609433,28734.233563047175,2160.0,432,397,0.9189814814814815,35,0,398,15,15,14,4,4,2942.402780228291,6624.491691099216,722.0818138396933,7816.780115600112,59,0.6788660250022076
geometry_early_optical_clear_probe,2965325296,15,15,15,1.0,True,559.9687311038654,8399.53096655798,5761.53096655798,28807.654832789904,2165.0,433,396,0.9145496535796767,37,0,398,15,15,15,6,6,2364.9948200792637,6835.492223223739,436.99913547240806,8399.53096655798,40,0.8740605149941985
geometry_early_optical_clear_probe,828038835,16,16,16,1.0,True,478.10276323013346,7649.644211682135,5536.6442116821345,27683.221058410687,1720.0,344,299,0.8691860465116279,45,0,313,16,16,16,8,8,2000.339024401618,6979.044434944961,479.2978506337002,7649.644211682135,40,1.0856830999982776
geometry_early_optical_clear_probe,3438183990,14,14,14,1.0,True,642.5438664829229,8995.614130760921,6566.614130760921,32833.070653804614,1990.0,398,356,0.8944723618090452,42,0,366,15,15,14,14,14,1276.803300683862,4146.33725847269,784.9772996615412,8995.614130760921,60,1.1853800919925561
geometry_early_optical_clear_probe,4252369754,15,15,15,1.0,True,578.7940639307764,8681.910958961646,5939.9109589616455,29699.55479480823,2250.0,450,414,0.92,36,0,417,15,15,15,11,11,3237.369322948718,7520.307999135773,1051.5749917807134,8681.910958961646,78,0.6419095789897256
geometry_early_optical_clear_probe,3350677452,14,14,14,1.0,True,644.3745543539884,9021.243760955838,5953.243760955839,29766.2188047792,2520.0,504,457,0.9067460317460317,47,0,469,17,17,14,15,15,1704.8812663429505,5153.0303295828235,3033.562578081869,8985.243760955838,228,1.520337149995612
geometry_early_optical_clear_probe,4247674073,15,15,15,1.0,True,548.0660908327504,8220.991362491257,5805.991362491258,29029.95681245629,1975.0,395,356,0.9012658227848102,39,0,359,17,17,15,6,6,1934.8596260582754,4800.86852905629,465.0429732442214,8220.991362491257,40,0.7821832560002804
geometry_early_optical_clear_probe,4065598769,14,14,14,1.0,True,705.6930873580202,9879.703223012282,6705.703223012281,33528.5161150614,2615.0,523,483,0.9235181644359465,40,0,486,15,15,14,9,9,4312.901533621035,8049.427958844667,444.7060405578907,9879.703223012282,40,0.6207553879939951
geometry_early_optical_clear_probe,3637237702,13,13,13,1.0,True,609.8479038514292,7928.0227500685805,5416.02275006858,27080.11375034291,2065.0,413,371,0.8983050847457628,42,0,379,14,14,13,9,9,1509.654022672305,6646.9893872056555,490.3205367791255,7395.878972520237,40,0.7890972449968103
geometry_early_optical_clear_probe,2688736081,15,15,15,1.0,True,601.4359060766565,9021.538591149847,6183.538591149846,30917.69295574923,2330.0,466,425,0.9120171673819742,41,0,430,16,16,15,10,10,2097.9994601126155,6593.2686529829825,730.4668832717867,9021.538591149847,59,0.7620077120081987
geometry_early_optical_clear_probe,2710933440,12,12,12,1.0,True,777.8459663080121,9334.151595696145,6394.151595696143,31970.757978480724,2425.0,485,449,0.9257731958762887,36,0,449,14,14,12,7,7,1754.9155995505744,4541.62462973425,809.7485972658112,9334.151595696145,60,1.0468310399883194
geometry_early_optical_clear_probe,2839657864,12,12,12,1.0,True,723.4280650788631,8681.136780946357,5994.136780946359,29970.683904731806,2220.0,444,412,0.9279279279279279,32,0,407,12,12,12,6,6,1827.9807482001424,5282.077908283217,453.58892735769996,8681.136780946357,40,0.8441302470018854
geometry_early_optical_clear_probe,1792112289,10,10,10,1.0,True,875.4523536101899,8754.523536101899,5608.523536101899,28042.6176805095,2610.0,522,492,0.9425287356321839,30,0,486,10,10,10,10,10,1910.6535934760054,5545.812178135848,699.1144495423706,8695.523536101899,60,0.8238504500041017
geometry_early_optical_clear_probe,1444677647,12,12,12,1.0,True,863.625801752717,10363.509621032605,7042.5096210326,35212.54810516301,2750.0,550,518,0.9418181818181818,32,0,511,12,12,12,10,10,3100.9421653974314,7406.018364585377,778.0602942646188,10363.509621032605,60,0.8849331569945207
geometry_early_optical_clear_probe,4077932298,14,14,14,1.0,True,562.3809834526774,7873.333768337483,5262.333768337484,26311.668841687435,2145.0,429,393,0.916083916083916,36,0,396,14,14,14,10,10,2398.736351414881,5664.398899333817,401.9481937483608,7873.333768337483,40,0.7412643949937774
geometry_early_optical_clear_probe,3546472495,12,12,12,1.0,True,721.6589634630569,8659.907561556684,5746.907561556684,28734.53780778344,2405.0,481,447,0.9293139293139293,34,0,445,13,13,12,9,9,1643.2360198018384,6837.906466701585,728.6488426018229,8449.502373840622,60,0.7832279819995165
geometry_early_optical_clear_probe,1810302594,14,14,14,1.0,True,634.5739831154832,8884.035763616765,6199.0357636167655,30995.17881808383,2205.0,441,396,0.8979591836734694,45,0,407,15,15,14,17,17,1507.8870239028572,5964.324833298786,1030.37309226121,8362.749633532068,79,1.1041862029960612
geometry_early_optical_clear_probe,1545473267,16,16,16,1.0,True,445.28446766350686,7124.55148261611,4846.551482616111,24232.75741308055,1855.0,371,327,0.8814016172506739,44,0,343,16,16,16,11,11,2609.199319663257,5621.426768902095,462.54210593877815,7124.55148261611,40,0.7021184000041103
geometry_early_optical_clear_probe,1383490745,16,16,16,1.0,True,454.13865188197076,7266.218430111532,5183.218430111532,25916.092150557666,1690.0,338,297,0.878698224852071,41,0,313,16,16,16,12,12,2031.2054592049521,6419.794453674677,777.558178495074,7266.218430111532,60,0.7679072089958936
geometry_early_optical_clear_probe,1422307521,14,14,14,1.0,True,574.6596852290961,8045.235593207345,5541.235593207347,27706.17796603674,2055.0,411,373,0.9075425790754258,38,0,379,14,14,14,6,6,2712.658229842474,6040.8508860092315,722.1378762547831,7510.310415383679,60,0.6293484030029504
geometry_early_optical_clear_probe,2265868656,13,13,13,1.0,True,662.8186481026628,8616.642425334616,5989.642425334615,29948.21212667309,2165.0,433,400,0.9237875288683602,33,0,397,13,13,13,6,6,2035.8652002762442,7782.426116469233,497.6719390608725,8059.527673719318,40,0.7486150289914804
geometry_early_optical_clear_probe,1382094082,12,12,12,1.0,True,722.8184346061902,8673.821215274282,5827.821215274283,29139.106076371423,2350.0,470,436,0.9276595744680851,34,0,433,13,13,12,8,8,2274.291678502873,7235.628836832549,499.9100975343424,8673.821215274282,40,0.7797273909964133
geometry_early_optical_clear_probe,4148177583,11,11,11,1.0,True,794.3317582212259,8737.649340433485,5806.649340433487,29033.246702167435,2425.0,485,454,0.9360824742268041,31,0,451,11,11,11,8,8,1967.328386387,6587.048041899057,1613.7099239947327,8684.649340433485,118,0.9326875870028744
geometry_early_optical_clear_probe,546219923,13,13,13,1.0,True,664.9740918850202,8644.663194505263,5882.663194505264,29413.315972526332,2270.0,454,418,0.920704845814978,36,0,421,15,15,13,7,7,3414.4577905934543,6446.7434358292885,2630.573164109975,8644.663194505263,188,0.6139272240106948
geometry_early_optical_clear_probe,212858008,12,12,12,1.0,True,670.0113685714741,8040.1364228576895,5349.136422857691,26745.682114288462,2220.0,444,409,0.9211711711711712,35,0,411,12,12,12,5,5,1918.9907663829629,6618.701836471718,747.0585379788748,8040.1364228576895,59,0.6905688940023538
geometry_early_optical_clear_probe,2107766186,11,11,11,1.0,True,757.8150268269987,8335.965295096987,5498.9652950969885,27494.826475484955,2345.0,469,439,0.9360341151385928,30,0,437,11,11,11,8,8,2136.335790069596,7583.6806771065,515.7127554622108,8335.965295096987,40,0.6989715039962903
geometry_early_optical_clear_probe,148765277,13,13,13,1.0,True,607.8067179108311,7901.487332840805,5410.487332840806,27052.436664204044,2045.0,409,378,0.9242053789731052,31,0,378,14,14,13,6,6,1935.9230432870406,5915.564292411532,1184.1946899363613,7078.706603526414,78,0.766539386997465
geometry_early_optical_clear_probe,1529881404,13,13,13,1.0,True,673.807140985236,8759.492832808068,5968.4928328080705,29842.464164040353,2295.0,459,424,0.9237472766884531,35,0,428,14,14,13,11,11,2558.342521885307,8357.227445438943,1140.5021687212816,8759.492832808068,80,0.8847865370044019
geometry_early_optical_clear_probe,4246391648,14,14,14,1.0,True,606.5479702158003,8491.671583021205,6121.671583021207,30608.357915106044,1945.0,389,353,0.9074550128534704,36,0,355,14,14,14,9,9,1383.134201545628,6498.343974392294,745.4201798465325,8242.40803994278,60,1.2168489879986737
geometry_early_optical_clear_probe,4193846907,10,10,10,1.0,True,829.2988278426194,8292.988278426194,5332.988278426192,26664.941392130975,2455.0,491,467,0.9511201629327902,24,0,455,10,10,10,6,6,1682.6319861200639,7303.694488998966,401.57057430386817,8292.988278426194,40,0.9033106999995653
geometry_early_optical_clear_probe,392184607,14,14,14,1.0,True,609.996140153608,8539.945962150512,5679.945962150513,28399.729810752586,2350.0,470,432,0.9191489361702128,38,0,437,15,15,14,6,6,3338.320688937991,7295.454585906447,801.8768931748943,8539.945962150512,60,0.7184097129938891
geometry_early_optical_clear_probe,2199185415,13,13,13,1.0,True,691.681995078158,8991.865936016055,6404.865936016052,32024.329680080275,2125.0,425,390,0.9176470588235294,35,0,391,15,15,13,6,6,2684.8090374945054,7747.386656728726,1000.5773610611304,8991.865936016055,77,0.6659373410075204
geometry_early_optical_clear_probe,2662118596,14,14,14,1.0,True,560.4715697649102,7846.601976708743,5507.601976708743,27538.00988354372,1920.0,384,344,0.8958333333333334,40,0,349,14,14,14,8,8,1507.1087198614755,5361.577118074844,404.40608371277375,7811.601976708743,40,0.8159041479957523
geometry_early_optical_clear_probe,2835310918,13,13,13,1.0,True,647.7641606392815,8420.93408831066,5992.934088310659,29964.67044155331,1995.0,399,363,0.9097744360902256,36,0,365,14,14,13,9,9,1535.9017221627405,6202.000133394985,439.417946978945,6896.746344434415,40,0.9856864269968355
geometry_early_optical_clear_probe,281544521,14,14,14,1.0,True,687.5384582353112,9625.538415294357,6789.53841529436,33947.69207647181,2335.0,467,431,0.9229122055674518,36,0,431,14,14,14,7,7,3013.664113448668,8370.9821733796,745.852855199716,9625.538415294357,60,0.9904722100036452
geometry_early_optical_clear_probe,2477847693,14,14,14,1.0,True,633.5444003538466,8869.621604953853,6289.621604953852,31448.108024769263,2120.0,424,386,0.910377358490566,38,0,390,14,14,14,12,12,1967.50717067855,5580.015566891835,1202.6550035810005,8869.621604953853,99,1.212358642995241
geometry_early_optical_clear_probe,2423844570,11,11,11,1.0,True,771.0054164802281,8481.059581282509,5502.059581282508,27510.29790641255,2465.0,493,458,0.9290060851926978,35,0,459,11,11,11,5,5,2454.7017024874435,6488.20039501568,431.2996086170373,8481.059581282509,40,0.6595073290081928
geometry_early_optical_clear_probe,3454975872,10,10,10,1.0,True,808.3678908190391,8083.678908190391,5229.678908190392,26148.394540951973,2365.0,473,443,0.9365750528541226,30,0,439,10,10,10,8,8,1530.3494948246573,5487.445280580619,517.1392533816169,7511.337035370155,40,0.5941910629917402
geometry_early_optical_clear_probe,4183217939,10,10,10,1.0,True,946.8126901049785,9468.126901049785,6291.126901049785,31455.634505248934,2635.0,527,502,0.952561669829222,25,0,492,10,10,10,8,8,2881.43388976197,5547.2531447964375,743.0932740382127,9468.126901049785,60,0.7161047080007847
geometry_early_optical_clear_probe,1203003787,11,11,11,1.0,True,767.8554838051473,8446.41032185662,5739.410321856617,28697.051609283095,2240.0,448,422,0.9419642857142857,26,0,412,11,11,11,6,6,1676.264115213087,5073.226567121565,724.7837711024143,6031.1356434239615,59,0.7957546909892699
geometry_early_optical_clear_probe,1513115526,16,16,16,1.0,True,533.186960290632,8530.991364650112,6225.991364650108,31129.956823250555,1875.0,375,330,0.88,45,0,341,19,19,16,14,14,1949.1711144375024,6345.9213437326725,1731.061806011478,8530.991364650112,122,1.0700591899949359
geometry_early_optical_clear_probe,2725801749,11,11,11,1.0,True,676.0131993325089,7436.145192657597,4910.145192657599,24550.725963288005,2085.0,417,392,0.9400479616306955,25,0,386,11,11,11,5,5,1448.5418440159608,6082.169516741045,480.166007775031,7161.708702133305,40,0.7142325369932223
geometry_early_optical_clear_probe,2958572141,11,11,11,1.0,True,852.4915426612005,9377.406969273205,6240.406969273203,31202.034846366027,2595.0,519,489,0.9421965317919075,30,0,484,12,12,11,5,5,3900.7592678501474,8081.062134835476,1045.9828456908338,8474.681127246515,78,0.5676171079976484
geometry_early_optical_clear_probe,2721103663,10,10,10,1.0,True,1014.2710362140967,10142.710362140968,6720.710362140965,33603.55181070485,2835.0,567,535,0.9435626102292769,32,0,531,12,12,10,6,6,3692.9351684275725,9129.639713652039,747.5452344114283,9461.535525102336,60,0.7575429139978951
geometry_early_optical_clear_probe,402615726,16,16,16,1.0,True,545.7040691383282,8731.265106213252,6206.26510621325,31031.32553106625,2065.0,413,365,0.8837772397094431,48,0,380,16,16,16,11,11,1666.4361902109733,5897.407474167339,1001.403000024432,8731.265106213252,80,1.3311672230047407
geometry_early_optical_clear_probe,1887841163,15,15,15,1.0,True,578.7499090430382,8681.248635645574,6025.2486356455765,30126.243178227887,2180.0,436,401,0.9197247706422018,35,0,401,15,15,15,6,6,2966.6045166404137,7006.4648216377545,468.5065585532795,8681.248635645574,40,0.8893636039865669
geometry_early_optical_clear_probe,1128976624,12,12,12,1.0,True,729.3331147212657,8751.997376655188,5837.997376655189,29189.986883275957,2405.0,481,450,0.9355509355509356,31,0,446,13,13,12,12,12,1956.1503850702268,6221.409790870657,2300.7167190072973,7560.990177114891,180,1.0096237849938916
geometry_early_optical_clear_probe,2214487221,12,12,12,1.0,True,821.3190385296476,9855.828462355772,6820.828462355772,34104.142311778865,2510.0,502,474,0.9442231075697212,28,0,465,12,12,12,7,7,3039.7224583232714,6998.276521613921,739.4001221557146,9855.828462355772,60,0.684039127008873
geometry_early_optical_clear_probe,3239329441,15,15,15,1.0,True,598.484972239168,8977.27458358752,6420.2745835875185,32101.372917937602,2095.0,419,375,0.8949880668257757,44,0,387,15,15,15,10,10,1756.7774024832595,6305.9684002523645,533.2035025387032,8977.27458358752,40,0.6091143300000113
geometry_early_optical_clear_probe,3726850558,12,12,12,1.0,True,678.6493644961799,8143.792373954159,5410.792373954158,27053.96186977081,2255.0,451,418,0.926829268292683,33,0,418,12,12,12,8,8,2528.4700834044065,6147.722491522561,493.2234269254244,6992.205435043825,40,0.5069996920065023
geometry_early_optical_clear_probe,2096491902,10,10,10,1.0,True,815.6790692068702,8156.790692068702,5203.790692068704,26018.953460343528,2445.0,489,465,0.950920245398773,24,0,458,10,10,10,3,3,2699.7356158058346,6048.259604331013,472.0886036706982,8156.790692068702,40,0.6742064599966398
geometry_early_optical_clear_probe,2994525049,16,16,16,1.0,True,530.4449211729967,8487.118738767947,6075.118738767947,30375.593693839746,1965.0,393,350,0.8905852417302799,43,0,361,18,18,16,10,10,2699.4544669001343,7760.035719042421,510.6907711742218,8487.118738767947,40,0.6662092119950103
geometry_early_optical_clear_probe,1964582421,16,16,16,1.0,True,393.9153515270531,6302.645624432849,4589.645624432848,22948.228122164248,1380.0,276,231,0.8369565217391305,45,0,253,16,16,16,10,10,1176.693175390915,5731.399518752394,483.7722776414739,6302.645624432849,40,0.9026422119932249
geometry_early_optical_clear_probe,1082062923,15,15,15,1.0,True,547.4806765212958,8212.210147819436,5822.210147819438,29111.050739097194,1955.0,391,351,0.8976982097186701,40,0,357,16,16,15,6,6,2087.778204339166,5721.765621506055,1483.0818109436345,8212.210147819436,111,0.6466412070003571
geometry_early_optical_clear_probe,267617612,16,16,16,1.0,True,516.5734518009383,8265.175228815013,6019.175228815014,30095.876144075075,1830.0,366,317,0.8661202185792349,49,0,333,17,17,16,16,16,1326.3023587233442,5509.510543827935,760.9743966765659,8265.175228815013,59,0.816156041008071
geometry_early_optical_clear_probe,536768739,14,14,14,1.0,True,682.5841906991947,9556.178669788726,6660.178669788725,33300.89334894364,2375.0,475,429,0.9031578947368422,46,0,442,17,17,14,9,9,2582.622500720776,6949.845510085665,729.4845540341897,9556.178669788726,60,0.905099659008556
geometry_early_optical_clear_probe,3597037701,15,15,15,1.0,True,598.2079931053246,8973.119896579869,6321.1198965798685,31605.599482899357,2175.0,435,396,0.9103448275862069,39,0,399,16,16,15,10,10,3021.9545429264344,8399.422814250383,721.7290332560699,8973.119896579869,60,0.7833437929948559
geometry_early_optical_clear_probe,457505534,10,10,10,1.0,True,885.96596969792,8859.659696979199,5904.659696979197,29523.298484895993,2450.0,490,463,0.9448979591836735,27,0,455,10,10,10,6,6,1611.1158863681853,6019.190764655133,753.7534604064429,8800.659696979199,60,0.6725693379994482
geometry_early_optical_clear_probe,534125694,16,16,16,1.0,True,532.6084939165772,8521.735902665236,6080.735902665237,30403.679513326177,1995.0,399,352,0.8822055137844611,47,0,366,16,16,16,14,14,2182.096187593481,7987.604977196819,1055.7811650646813,8521.735902665236,79,0.8300416619895259
geometry_early_optical_clear_probe,3536991683,10,10,10,1.0,True,843.0595273877167,8430.595273877167,5685.595273877169,28427.976369385862,2275.0,455,432,0.9494505494505494,23,0,420,10,10,10,6,6,1595.2202354476644,5270.63966502867,484.5641507801754,8430.595273877167,40,0.7064490280026803
geometry_early_optical_clear_probe,3355830765,12,12,12,1.0,True,843.2617116669115,10119.140540002938,7109.140540002936,35545.7027000147,2485.0,497,463,0.93158953722334,34,0,459,14,14,12,10,10,1791.1732920607562,7103.033944073255,966.7758536661339,10119.140540002938,80,1.2223252370022237
geometry_early_optical_clear_probe,3427256792,15,15,15,1.0,True,533.8044434625124,8007.066651937686,5738.066651937686,28690.33325968844,1855.0,371,333,0.8975741239892183,38,0,339,15,15,15,11,11,2178.473969928781,7048.821269913385,512.8500881650061,7978.066651937686,40,0.6324657690129243
geometry_early_optical_clear_probe,3997426440,15,15,15,1.0,True,552.0444548241366,8280.666822362049,6080.666822362052,30403.33411181027,1800.0,360,319,0.8861111111111111,41,0,325,15,15,15,9,9,1833.191440407811,5665.17677257877,477.6038151017169,8280.666822362049,40,0.9104299369937507
geometry_early_optical_clear_probe,3986715748,13,13,13,1.0,True,706.276136416141,9181.589773409833,6333.589773409831,31667.94886704917,2345.0,469,436,0.929637526652452,33,0,435,14,14,13,11,11,1339.4913475440628,6408.214641042172,1013.9690798168809,9181.589773409833,80,1.1681104769959347
geometry_early_optical_clear_probe,3763349170,12,12,12,1.0,True,735.0323371791548,8820.388046149857,5810.388046149859,29051.940230749307,2485.0,497,463,0.93158953722334,34,0,465,12,12,12,9,9,1440.1823674241843,5004.360343968447,435.6208703803977,8212.130073245035,40,0.8843419019976864
geometry_early_optical_clear_probe,1099372409,13,13,13,1.0,True,657.2210463078757,8543.873602002384,5747.873602002383,28739.368010011927,2305.0,461,429,0.93058568329718,32,0,426,13,13,13,5,5,2676.5129579520976,6535.737357386539,740.4258665578869,7313.572338766034,60,0.6768211949965917
geometry_early_optical_clear_probe,543939682,12,12,12,1.0,True,779.7313254366665,9356.775905239998,6489.775905239997,32448.879526199988,2370.0,474,441,0.930379746835443,33,0,437,12,12,12,8,8,2157.057877436541,5833.268010928522,729.5779414788501,9356.775905239998,57,0.8413635120086838
geometry_early_optical_clear_probe,268015490,11,11,11,1.0,True,777.9763727724986,8557.740100497485,5747.740100497485,28738.700502487434,2325.0,465,436,0.9376344086021505,29,0,430,11,11,11,8,8,1646.171852466363,3926.4493588794057,757.4742845859273,7896.82504956826,60,0.764186778003932
geometry_early_optical_clear_probe,733034272,11,11,11,1.0,True,819.1798760635639,9010.978636699203,5847.978636699201,29239.893183496017,2620.0,524,494,0.9427480916030534,30,0,488,11,11,11,9,9,1518.7079361569631,5520.49580394709,518.4080533493774,9010.978636699203,40,0.880895505004446
geometry_early_optical_clear_probe,2581748167,12,12,11,0.9166666666666666,False,885.5568092480994,9741.124901729094,6758.124901729093,33790.62450864547,2470.0,494,465,0.9412955465587044,29,0,455,12,12,11,11,10,1658.4606312189205,3980.4127602892613,770.5407475001044,7929.390702419732,60,0.9104649469954893
geometry_early_optical_clear_probe,2025186397,14,14,14,1.0,True,654.616763689433,9164.634691652062,6234.634691652062,31173.173458260317,2410.0,482,447,0.9273858921161826,35,0,444,16,16,14,11,11,2252.3797815461467,5217.079143472859,495.17626587740665,9164.634691652062,40,0.8926601739949547
geometry_early_optical_clear_probe,595207673,14,14,14,1.0,True,621.1334300399587,8695.868020559423,6003.868020559421,30019.340102797116,2215.0,443,402,0.90744920993228,41,0,407,14,14,14,12,12,1432.3739729934955,6957.449915131208,456.66758103984637,7797.058764612217,40,1.1119480979978107
geometry_early_optical_clear_probe,4104036786,12,12,12,1.0,True,724.6091717750833,8695.310061301,5803.310061300997,29016.550306504992,2390.0,478,442,0.9246861924686193,36,0,442,12,12,12,6,6,2167.2361628718186,7807.562297941099,1069.308876906837,8147.594497893933,80,0.876736798993079
geometry_early_optical_clear_probe,38151927,15,15,15,1.0,True,557.332366228879,8359.985493433185,6143.985493433184,30719.927467165933,1810.0,362,322,0.8895027624309392,40,0,331,15,15,15,11,11,1655.0065673473202,7082.957636189851,765.832445851433,7615.460222120204,60,0.7530711029976374
geometry_early_optical_clear_probe,827157132,15,15,15,1.0,True,550.1141016282738,8251.711524424107,5964.711524424107,29823.557622120537,1870.0,374,335,0.8957219251336899,39,0,339,16,16,15,12,12,1394.8998879257294,3348.4630187523335,725.2475841962984,7351.275783598647,59,0.9749505100044189
geometry_early_optical_clear_probe,4089794641,13,13,13,1.0,True,636.0258859239149,8268.336517010894,5668.336517010894,28341.682585054466,2140.0,428,395,0.9228971962616822,33,0,392,14,14,13,9,9,1250.942569666345,4659.895271521464,982.9397665712421,8268.336517010894,80,0.8046797719871392
geometry_early_optical_clear_probe,1420537586,15,15,15,1.0,True,570.0952105583406,8551.428158375109,5982.428158375108,29912.140791875554,2105.0,421,377,0.8954869358669834,44,0,389,15,15,15,13,13,2087.825493510309,6562.814713486125,422.4204660466904,8521.428158375109,40,0.8506912229931913
geometry_early_optical_clear_probe,1351289997,11,11,11,1.0,True,816.242856142595,8978.671417568545,5982.671417568543,29913.35708784272,2475.0,495,458,0.9252525252525252,37,0,460,13,13,11,12,12,1172.275734627696,5327.263887285683,697.8675756714756,8389.467646376537,60,0.894414857000811
geometry_early_optical_clear_probe,1935142209,16,16,16,1.0,True,516.1142352231499,8257.827763570398,6118.8277635704,30594.138817852014,1740.0,348,306,0.8793103448275862,42,0,316,17,17,16,13,13,1997.1162108817846,5467.57173179578,515.5021191511959,8257.827763570398,40,0.9077372399915475
geometry_early_optical_clear_probe,297989840,14,14,14,1.0,True,535.0209083337594,7490.292716672632,5219.292716672634,26096.463583363176,1860.0,372,338,0.9086021505376344,34,0,341,14,14,14,8,8,1895.2645403960457,6560.659334628131,553.8473672175563,7163.671500362321,40,0.731046177999815
geometry_early_optical_clear_probe,4027046314,16,16,16,1.0,True,514.5607768096921,8232.972428955074,5682.972428955076,28414.862144775387,2085.0,417,377,0.9040767386091128,40,0,385,16,16,16,12,12,2095.6851337694984,5778.1643179652865,1533.0475117022643,8232.972428955074,120,0.8860257269989233
geometry_early_optical_clear_probe,4031641928,15,15,15,1.0,True,603.1923142876184,9047.884714314276,6160.884714314272,30804.423571571373,2370.0,474,430,0.9071729957805907,44,0,439,16,16,15,12,12,2778.944254084511,7673.471629724492,504.74684707347626,9047.884714314276,40,0.8630197440070333
geometry_early_optical_clear_probe,1672886542,12,12,12,1.0,True,717.098307833081,8605.179693996972,5662.179693996973,28310.898469984873,2430.0,486,454,0.934156378600823,32,0,450,13,13,12,5,5,2262.176920244676,7670.959844941727,1039.1509732071581,8178.0480396881985,78,0.9897218049882213
geometry_early_optical_clear_probe,2135348133,14,14,14,1.0,True,599.8542255512,8397.9591577168,6084.959157716799,30424.795788584,1895.0,379,346,0.9129287598944591,33,0,348,14,14,14,3,3,2443.4108289101323,5076.880474735515,490.8377252386698,8397.9591577168,40,0.700586380000459
geometry_early_optical_clear_probe,103846792,16,16,16,1.0,True,577.4821461870754,9239.714338993206,6751.714338993203,33758.57169496602,2030.0,406,360,0.8866995073891626,46,0,372,18,18,16,8,8,2586.09675920246,6728.099099854238,777.090285046105,9239.714338993206,60,0.9304304450051859
geometry_early_optical_clear_probe,3413707039,16,16,16,1.0,True,414.522511176909,6632.360178830544,4564.360178830544,22821.80089415272,1680.0,336,297,0.8839285714285714,39,0,308,16,16,16,5,5,2274.6813111111173,6403.089374409486,409.21060358750145,6632.360178830544,40,0.8495012879866408
geometry_early_optical_clear_probe,1250603381,11,11,11,1.0,True,801.6535202662992,8818.188722929292,5713.188722929291,28565.943614646458,2570.0,514,485,0.943579766536965,29,0,480,11,11,11,5,5,3257.740624474405,7269.632706971978,1245.4494672124513,7578.164261296822,100,0.6807934050011681
geometry_early_optical_clear_probe,386595888,14,14,14,1.0,True,604.1431402632209,8458.003963685092,6021.0039636850925,30105.019818425473,2000.0,400,364,0.91,36,0,364,15,15,14,5,5,2208.445688410388,4808.646967319287,1024.946846883513,6822.919819777549,77,0.7700170720054302
geometry_early_optical_clear_probe,1051932437,13,13,13,1.0,True,664.6671797091428,8640.673336218857,5865.673336218859,29328.3666810943,2285.0,457,422,0.9234135667396062,35,0,422,14,14,13,8,8,2376.254747386481,7373.348988584859,742.6403288376696,8237.695236039011,60,0.6978010660095606
geometry_early_optical_clear_probe,2760094612,12,12,12,1.0,True,742.8461476221192,8914.153771465431,6102.153771465431,30510.768857327166,2320.0,464,429,0.9245689655172413,35,0,429,13,13,12,7,7,1355.806408312751,8217.577024987633,707.7930930337809,8867.153771465431,60,0.9484572129877051
geometry_early_optical_clear_probe,4213747825,11,11,11,1.0,True,827.7281996534816,9105.010196188297,5959.010196188301,29795.05098094151,2605.0,521,490,0.9404990403071017,31,0,486,11,11,11,9,9,2397.344933264843,5893.188657465556,1542.5177824648981,9105.010196188297,120,0.8990297089912929
geometry_early_optical_clear_probe,3131019355,12,12,12,1.0,True,829.2013771184029,9950.416525420835,6425.416525420832,32127.082627104173,2915.0,583,546,0.9365351629502573,37,0,544,14,14,12,8,8,3411.075762940447,7275.772869375616,962.4807637470236,9950.416525420835,80,1.0252381440077443
geometry_early_optical_clear_probe,4143546125,11,11,11,1.0,True,777.2078956971109,8549.28685266822,5670.286852668218,28351.434263341107,2380.0,476,445,0.9348739495798319,31,0,441,12,12,11,8,8,1685.2465340383415,8056.192475687567,926.5526050732085,8496.28685266822,79,1.0488319099968066
geometry_early_optical_clear_probe,2341156624,13,13,13,1.0,True,712.8419086098446,9266.94481192798,6674.9448119279805,33374.724059639906,2130.0,426,389,0.9131455399061033,37,0,388,16,16,13,11,11,1324.3665439277988,5571.105627700858,734.7829797214629,9266.94481192798,58,1.2687353689980228
geometry_early_optical_clear_probe,1429910348,15,15,15,1.0,True,593.0033052894685,8895.049579342027,5897.049579342029,29485.24789671014,2465.0,493,454,0.920892494929006,39,0,458,15,15,15,8,8,3458.5108906839573,6104.708654281589,749.6000817194426,8478.512233573421,60,0.6923926699964795
geometry_early_optical_clear_probe,2032787276,11,11,11,1.0,True,805.7615804616063,8863.377385077669,5796.377385077667,28981.886925388353,2540.0,508,477,0.9389763779527559,31,0,472,11,11,11,8,8,2221.3118288008413,5807.272014694045,466.3239508895304,8863.377385077669,40,0.6518862859957153
geometry_early_optical_clear_probe,2767071460,15,15,15,1.0,True,514.9688753068455,7724.5331296026825,5370.533129602685,26852.665648013422,1925.0,385,345,0.8961038961038961,40,0,354,15,15,15,9,9,2028.5244634913095,5491.436339803563,444.4743424575224,7017.361534735681,40,0.5565208129992243
geometry_early_optical_clear_probe,4025968,12,12,12,1.0,True,776.4359619753817,9317.23154370458,6234.231543704581,31171.15771852291,2545.0,509,475,0.9332023575638507,34,0,475,13,13,12,8,8,2362.402946019976,5444.578533554823,504.109708301922,9105.27135230064,40,0.8739362880005501
geometry_early_optical_clear_probe,768126362,10,10,10,1.0,True,889.6630406514766,8896.630406514767,5544.63040651477,27723.152032573846,2780.0,556,529,0.9514388489208633,27,0,522,10,10,10,5,5,2861.96129183958,6568.524109741426,743.5606378211852,8896.630406514767,60,0.6902012229984393
geometry_early_optical_clear_probe,2111996440,10,10,10,1.0,True,946.0891385591037,9460.891385591038,6080.891385591035,30404.456927955183,2805.0,561,533,0.9500891265597148,28,0,525,10,10,10,9,9,2288.373577257346,8068.575288471447,2902.0458177667133,9460.891385591038,219,0.9694901710026897
geometry_early_optical_clear_probe,4106372997,14,14,14,1.0,True,616.1284589757961,8625.798425661145,6170.7984256611435,30853.99212830573,2015.0,403,368,0.913151364764268,35,0,367,15,15,14,9,9,1440.2266562132684,4858.157087938323,523.0049830375269,8625.798425661145,40,0.938328513992019
geometry_early_optical_clear_probe,2844829289,13,13,13,1.0,True,585.833902206935,7615.840728690155,5220.840728690155,26104.203643450794,1970.0,394,359,0.9111675126903553,35,0,360,13,13,13,8,8,1251.710709426159,5640.4844533544265,445.380038412588,7061.5842318812665,40,0.7214664880011696
geometry_early_optical_clear_probe,265349494,14,14,14,1.0,True,562.7590604628375,7878.626846479725,5104.626846479726,25523.134232398625,2280.0,456,416,0.9122807017543859,40,0,424,14,14,14,8,8,2818.7626640182716,5733.573115845975,1063.693755621723,7878.626846479725,79,0.7465955919906264
geometry_early_optical_clear_probe,2591936593,10,10,10,1.0,True,867.3252125865658,8673.252125865658,5714.252125865657,28571.260629328295,2450.0,490,468,0.9551020408163265,22,0,459,10,10,10,5,5,2020.4751387971196,5998.014861954537,497.0673400117694,8673.252125865658,40,0.6451520929986145
geometry_early_optical_clear_probe,2386162169,10,10,10,1.0,True,838.5806933092739,8385.80693309274,5413.806933092741,27069.034665463718,2465.0,493,464,0.9411764705882353,29,0,457,10,10,10,7,7,1540.0948270135923,6087.6725598948815,724.9399033944228,8326.80693309274,59,0.7010217630013358
geometry_early_optical_clear_probe,3958449721,10,10,10,1.0,True,991.5081083469165,9915.081083469166,6589.081083469165,32945.40541734583,2760.0,552,526,0.9528985507246377,26,0,513,11,11,10,10,10,2055.154384300093,6238.081306154131,1213.5753217800645,9915.081083469166,100,0.8429466710076667
geometry_early_optical_clear_probe,2750575047,14,14,14,1.0,True,611.6325574888025,8562.855804843235,6292.855804843235,31464.279024216194,1855.0,371,334,0.9002695417789758,37,0,336,17,17,14,8,8,1156.0249585756421,4304.6950830530905,491.6787104464483,8562.855804843235,40,0.870142546002171
geometry_early_optical_clear_probe,2170256599,13,13,13,1.0,True,631.6710012630002,8211.723016419002,5630.723016419002,28153.615082095028,2125.0,425,389,0.9152941176470588,36,0,391,13,13,13,7,7,1852.9114958627647,4610.006280993292,474.74049725350415,8007.896348463624,40,0.7288867750030477
geometry_early_optical_clear_probe,1770496987,15,15,15,1.0,True,643.033181995179,9645.497729927685,6864.497729927685,34322.48864963844,2280.0,456,418,0.9166666666666666,38,0,423,16,16,15,8,8,3964.5825476022196,8231.032613720918,796.1757868139198,9645.497729927685,60,0.7011082369863288
geometry_early_optical_clear_probe,955898968,11,11,11,1.0,True,769.5389208161181,8464.928128977299,5777.928128977299,28889.640644886505,2220.0,444,415,0.9346846846846847,29,0,409,12,12,11,8,8,1306.606310565853,4085.7114933113926,965.177244334363,8193.272183395744,78,0.801070047004032
geometry_early_optical_clear_probe,1296847774,16,16,16,1.0,True,556.9022957125006,8910.43673140001,6543.436731400011,32717.18365700006,1935.0,387,341,0.8811369509043928,46,0,352,16,16,16,13,13,1921.5976125003538,5255.585111648802,493.9714132696462,8910.43673140001,40,1.0794856819993583
geometry_early_optical_clear_probe,3507487570,12,12,12,1.0,True,761.0579685254916,9132.695622305899,6118.695622305894,30593.47811152948,2490.0,498,467,0.9377510040160643,31,0,464,12,12,12,11,11,976.5557453525911,3461.04441518395,747.4413137898634,9132.695622305899,60,0.912067109005875
geometry_early_optical_clear_probe,1650217019,11,11,11,1.0,True,803.2930708180066,8836.223778998074,6077.2237789980745,30386.118894990377,2285.0,457,430,0.9409190371991247,27,0,419,11,11,11,10,10,1662.8125815512408,8134.0942258525165,512.626760393007,8836.223778998074,40,0.6753768070047954
geometry_early_optical_clear_probe,2309740207,12,12,12,1.0,True,694.0522886919126,8328.627464302952,5747.627464302953,28738.137321514776,2130.0,426,395,0.9272300469483568,31,0,391,12,12,12,5,5,1056.6557997434747,4977.4637349220475,447.7199466859252,7911.625163564599,40,0.9504607199924067
geometry_early_optical_clear_probe,4205971645,11,11,11,1.0,True,833.9107876283888,9173.018663912277,5873.018663912278,29365.093319561405,2735.0,547,515,0.9414990859232175,32,0,510,11,11,11,11,11,2788.3567619758187,8373.995097478506,520.7747147629342,8918.722727639828,40,0.7704729499964742
geometry_early_optical_clear_probe,816051634,12,12,12,1.0,True,804.1675043619176,9650.010052343012,6488.010052343007,32440.050261715052,2615.0,523,487,0.9311663479923518,36,0,487,12,12,12,10,10,1981.711453344279,8384.622590202223,720.5806586014321,8791.876385923766,60,1.203732268011663
geometry_early_optical_clear_probe,1160234107,11,11,11,1.0,True,769.0217829516944,8459.239612468638,5686.239612468637,28431.198062343195,2295.0,459,429,0.934640522875817,30,0,423,11,11,11,2,2,2031.1360591054274,7028.996006993225,702.5229340911858,7376.441592597741,60,0.6743743810075102
geometry_early_optical_clear_probe,2887307262,14,14,14,1.0,True,623.2852778667057,8725.99389013388,6024.993890133881,30124.969450669414,2220.0,444,406,0.9144144144144144,38,0,408,15,15,14,9,9,1972.989438219089,7380.553129615676,950.4227643038978,8725.99389013388,78,0.8713918559951708
geometry_early_optical_clear_probe,3937568184,15,15,15,1.0,True,592.0933222020716,8881.399833031073,6193.399833031075,30966.99916515538,2205.0,441,399,0.9047619047619048,42,0,408,15,15,15,15,15,2477.8213986120245,7357.203382723992,481.0693030420538,8881.399833031073,40,0.790052882002783
geometry_early_optical_clear_probe,693021886,16,16,16,1.0,True,449.84642789424663,7197.542846307946,5185.542846307945,25927.71423153972,1625.0,325,277,0.8523076923076923,48,0,301,18,18,16,15,15,1530.932589620466,6068.446848563297,441.5939850044523,7197.542846307946,40,0.8954197429993656
geometry_early_optical_clear_probe,2881733382,10,10,10,1.0,True,846.4468197707517,8464.468197707518,5488.468197707517,27442.340988537602,2465.0,493,467,0.947261663286004,26,0,458,11,11,10,8,8,2253.0147090225496,6211.953847656884,688.7651988701176,7231.746875727832,60,0.7239451659988845
geometry_early_optical_clear_probe,927869091,15,15,15,1.0,True,626.5123442138364,9397.685163207547,6590.685163207548,32953.42581603774,2300.0,460,417,0.9065217391304348,43,0,426,17,17,15,10,10,3131.9451672640926,6908.596824863105,453.9263025764524,9397.685163207547,40,0.8896954280062346
geometry_early_optical_clear_probe,3290969633,12,12,12,1.0,True,724.095205000795,8689.14246000954,5574.142460009538,27870.7123000477,2575.0,515,482,0.9359223300970874,33,0,480,12,12,12,8,8,2639.438355979541,7561.235155911354,445.116094439562,8642.14246000954,40,0.8369249710085569
geometry_early_optical_clear_probe,1335133901,11,11,11,1.0,True,744.9460082495548,8194.406090745102,5387.406090745102,26937.03045372552,2320.0,464,429,0.9245689655172413,35,0,429,12,12,11,5,5,1943.0575481942637,4753.233573603745,447.2288979728139,8141.406090745101,40,0.68064150599821
geometry_early_optical_clear_probe,2623663109,11,11,11,1.0,True,759.0261589338505,8349.287748272356,5640.287748272358,28201.438741361802,2235.0,447,418,0.9351230425055929,29,0,413,13,13,11,8,8,658.7907434719888,3585.643249625741,502.74175912858993,8349.287748272356,40,0.7509389970073244
geometry_early_optical_clear_probe,1422581240,11,11,11,1.0,True,834.3290430532422,9177.619473585664,5994.619473585662,29973.09736792832,2630.0,526,497,0.9448669201520913,29,0,492,13,13,11,11,11,2497.9595687855385,7476.441377081602,2590.8222311426894,8512.95281353769,192,0.7872683989990037
geometry_early_optical_clear_probe,1349369552,10,10,10,1.0,True,825.6488206282544,8256.488206282544,5373.4882062825445,26867.441031412724,2390.0,478,451,0.9435146443514645,27,0,443,10,10,10,9,9,740.1594312997638,3469.837975880176,422.86899820600706,7205.473284450028,40,0.7840631370054325
geometry_early_optical_clear_probe,2401423036,13,13,13,1.0,True,640.4380474667685,8325.69461706799,5599.694617067989,27998.473085339956,2245.0,449,416,0.9265033407572383,33,0,413,14,14,13,11,11,1199.9330900945106,6575.823873701259,1023.9484851207058,8325.69461706799,79,0.8595997800002806
geometry_early_optical_clear_probe,113105873,15,15,15,1.0,True,609.2308236922088,9138.462355383132,6767.462355383131,33837.311776915674,1940.0,388,339,0.8737113402061856,49,0,353,16,16,15,18,18,760.7865884629283,4026.4623453244044,515.5140890555086,9138.462355383132,40,0.9048756140109617
geometry_early_optical_clear_probe,108701678,12,12,12,1.0,True,694.6518042406134,8335.821650887361,6014.821650887359,30074.10825443681,1910.0,382,344,0.900523560209424,38,0,348,13,13,12,9,9,778.3606483457532,4749.102980090236,397.8468653556481,8169.580373966904,40,0.9922836259938776
geometry_early_optical_clear_probe,3973890583,14,14,14,1.0,True,560.7376610353277,7850.3272544945885,5555.327254494589,27776.636272472944,1880.0,376,333,0.8856382978723404,43,0,342,15,15,14,8,8,1269.4290155695576,3222.7406121121535,731.9263431251063,7850.3272544945885,59,1.11261482599366
geometry_early_optical_clear_probe,1541408324,15,15,15,1.0,True,523.825551955821,7857.383279337314,5723.383279337314,28616.91639668658,1745.0,349,309,0.8853868194842407,40,0,314,15,15,15,14,14,1216.9631483271935,3752.8587967768062,498.7516188761258,6795.886617344291,40,0.9673643520072801
geometry_early_optical_clear_probe,2198878447,12,12,12,1.0,True,713.6505326068274,8563.806391281929,5755.806391281931,28779.031956409657,2315.0,463,431,0.9308855291576674,32,0,430,13,13,12,10,10,1886.285921534791,7078.989255942832,493.2167876137531,8516.806391281929,40,0.6717163499997696
geometry_early_optical_clear_probe,1100428531,11,11,11,1.0,True,854.5732488427296,9400.305737270026,6608.305737270022,33041.52868635013,2305.0,461,432,0.9370932754880694,29,0,426,13,13,11,6,6,1925.9490845986809,4681.568555345926,1718.1841567744282,8865.055780146911,110,0.7992438660003245
geometry_early_optical_clear_probe,3660045005,10,10,10,1.0,True,749.1228706212124,7491.228706212124,4602.228706212125,23011.14353106062,2390.0,478,452,0.9456066945606695,26,0,446,11,11,10,1,1,2825.453423239732,4993.610930783602,473.296285472116,7226.742798906494,40,0.545240573992487
geometry_early_optical_clear_probe,3689276386,10,10,10,1.0,True,939.8379959824358,9398.379959824359,6083.379959824356,30416.89979912178,2750.0,550,521,0.9472727272727273,29,0,512,11,11,10,11,11,2708.067133412902,8355.044027837746,1817.7960643923275,9398.379959824359,140,0.9321651680074865
geometry_early_optical_clear_probe,2362516032,12,12,12,1.0,True,721.9947446254392,8663.936935505271,5939.936935505271,29699.684677526377,2250.0,450,417,0.9266666666666666,33,0,414,12,12,12,9,9,1234.1372269624987,5029.6047731657945,1049.0557823233512,8181.217479334871,78,0.8366876719956053
geometry_early_optical_clear_probe,2967247331,11,11,11,1.0,True,781.5265972557225,8596.792569812947,5798.79256981295,28993.96284906476,2315.0,463,436,0.9416846652267818,27,0,428,11,11,11,8,8,1774.2177403405897,6520.908184948588,1036.812596632119,8596.792569812947,79,0.7716218319983454
geometry_early_optical_clear_probe,1432408694,13,13,13,1.0,True,652.4938772795722,8482.420404634438,5614.420404634441,28072.102023172207,2365.0,473,438,0.9260042283298098,35,0,438,13,13,13,6,6,2744.6085716867824,8239.865191340317,1471.8025889164405,8482.420404634438,117,0.7802969650074374
geometry_early_optical_clear_probe,2295171769,13,13,13,1.0,True,663.8951224007119,8630.636591209255,5819.636591209254,29098.182956046276,2315.0,463,429,0.9265658747300216,34,0,428,14,14,13,8,8,2200.3295892701876,7633.936065072765,451.6128317675569,8630.636591209255,40,0.8414265210012672
geometry_early_optical_clear_probe,181201480,15,15,15,1.0,True,655.5927232424942,9833.890848637413,7222.89084863741,36114.45424318705,2140.0,428,387,0.9042056074766355,41,0,390,17,17,15,19,19,1482.2882765459217,6054.7909629131855,752.7654965069428,9833.890848637413,60,1.5740964229917154
geometry_early_optical_clear_probe,3661364571,15,15,15,1.0,True,568.7176778181414,8530.76516727212,6038.765167272122,30193.825836360626,2040.0,408,366,0.8970588235294118,42,0,374,16,16,15,11,11,1531.7418710542192,6065.437977569478,470.4659865550112,8530.76516727212,40,1.1757521069957875
geometry_early_optical_clear_probe,931278858,16,16,16,1.0,True,515.9503777591052,8255.206044145683,5979.206044145683,29896.030220728426,1855.0,371,327,0.8814016172506739,44,0,341,16,16,16,11,11,1968.8678619844834,7029.185309405549,495.72214546752394,8255.206044145683,40,1.3357115760009037
geometry_early_optical_clear_probe,3579981079,13,13,13,1.0,True,726.9996082542389,9450.994907305105,6714.994907305107,33574.974536525544,2255.0,451,417,0.9246119733924612,34,0,413,14,14,13,10,10,2436.8332576583325,6029.592913427083,459.3831119823816,9450.994907305105,40,0.8050027999997837
geometry_early_optical_clear_probe,3439765265,15,15,15,1.0,True,605.7449822770902,9086.174734156353,6282.174734156353,31410.87367078177,2305.0,461,422,0.9154013015184381,39,0,424,15,15,15,10,10,3003.5143380534546,7175.9581375044645,1043.5920321409978,9086.174734156353,79,0.8463331800012384
geometry_early_optical_clear_probe,2077794709,12,12,12,1.0,True,796.0814596415162,9552.977515698194,6344.977515698192,31724.88757849099,2655.0,531,500,0.9416195856873822,31,0,493,12,12,12,8,8,3185.3560868444333,7401.516711988068,1763.7882591216592,9552.977515698194,133,0.7351163380080834
geometry_early_optical_clear_probe,3162184505,16,16,16,1.0,True,591.0193593104437,9456.3097489671,7061.3097489671,35306.548744835505,1950.0,390,341,0.8743589743589744,49,0,356,19,19,16,16,16,2213.4760150227125,7297.952844984535,757.3478201967107,9456.3097489671,60,1.1467876779934159
geometry_early_optical_clear_probe,1191983383,11,11,11,1.0,True,814.4502246653433,8958.952471318777,5930.952471318776,29654.762356593892,2510.0,502,475,0.9462151394422311,27,0,463,11,11,11,8,8,2784.5844011518384,8291.126114828596,1291.5231035508036,8958.952471318777,95,0.6868899740074994
geometry_early_optical_clear_probe,1160326934,15,15,15,1.0,True,575.9114404989596,8638.671607484393,5994.671607484397,29973.35803742199,2170.0,434,392,0.9032258064516129,42,0,399,15,15,15,11,11,2145.7960172622275,5556.291410367636,434.8231993854875,8638.671607484393,40,0.7425070610042894
geometry_early_optical_clear_probe,4213194043,16,16,16,1.0,True,573.7090325577127,9179.344520923403,6713.344520923402,33566.72260461702,2020.0,404,357,0.8836633663366337,47,0,366,16,16,16,14,14,1945.8170054106881,7162.243665521575,465.6282309097663,9179.344520923403,40,0.9414813220064389
geometry_early_optical_clear_probe,1264961730,13,13,13,1.0,True,653.7700842890525,8499.011095757684,5734.011095757685,28670.05547878844,2280.0,456,414,0.9078947368421053,42,0,420,13,13,13,13,13,1020.8039756883172,3275.7543256694585,745.8726045033386,8499.011095757684,60,0.9439193580037681
geometry_early_optical_clear_probe,1589200380,13,13,13,1.0,True,823.814745250467,10709.59168825607,7449.591688256072,37247.95844128037,2685.0,537,499,0.9292364990689013,38,0,498,17,17,13,9,9,3421.0057501405604,7494.3918570713795,947.1825575451788,10709.59168825607,80,1.187359456991544
geometry_early_optical_clear_probe,217953478,13,13,13,1.0,True,621.6156109487586,8081.002942333861,5744.002942333862,28720.014711669315,1920.0,384,350,0.9114583333333334,34,0,349,14,14,13,7,7,1366.1981670420528,3853.4655684606773,817.1517245382437,8040.002942333861,60,0.8612046090129297
geometry_early_optical_clear_probe,3507102258,11,11,11,1.0,True,756.8048260084616,8324.853086093079,5509.8530860930805,27549.265430465406,2330.0,466,434,0.9313304721030042,32,0,430,11,11,11,8,8,1096.7579478986465,5180.491164553191,527.729835799606,8324.853086093079,40,1.0679253970010905
geometry_early_optical_clear_probe,615658512,16,16,16,1.0,True,524.6956937242512,8395.13109958802,6075.131099588019,30375.6554979401,1895.0,379,337,0.8891820580474934,42,0,345,16,16,16,11,11,1588.2077977954293,5730.484986551192,521.2746470853572,8395.13109958802,40,1.0447317020007176
geometry_early_optical_clear_probe,3239657899,11,11,11,1.0,True,762.6485637544597,8389.134201299057,5483.134201299061,27415.671006495308,2405.0,481,455,0.9459459459459459,26,0,446,11,11,11,10,10,1470.4319294435631,4451.915311991778,449.68727155208336,8389.134201299057,40,0.6389927290001651
geometry_early_optical_clear_probe,1564408851,14,14,14,1.0,True,545.2434150139724,7633.407810195613,5544.407810195615,27722.039050978085,1710.0,342,304,0.8888888888888888,38,0,309,14,14,14,8,8,1335.6636575262662,5919.650462036301,744.1581596110836,7598.407810195613,60,0.8462547910021385
geometry_early_optical_clear_probe,2956768636,16,16,16,1.0,True,541.9074905277994,8670.51984844479,6317.519848444792,31587.599242223965,1915.0,383,335,0.8746736292428199,48,0,349,19,19,16,14,14,1675.1251658409997,4718.009009954349,449.39608759772267,8670.51984844479,40,0.9598344879923388
geometry_early_optical_clear_probe,1642971518,14,14,14,1.0,True,633.9090594434166,8874.726832207833,6122.726832207832,30613.634161039157,2265.0,453,416,0.9183222958057395,37,0,417,14,14,14,7,7,3099.538022917764,8194.255269818908,421.8270091517184,8467.392341642868,40,0.741948840994155
geometry_early_optical_clear_probe,98477983,16,16,16,1.0,True,479.31248371230856,7668.999739396937,5368.999739396938,26844.998696984694,1875.0,375,330,0.88,45,0,345,16,16,16,10,10,1758.852000795929,5590.105789804805,513.4815783782454,7496.184865956104,40,0.9605729739996605
geometry_early_optical_clear_probe,894661141,13,13,13,1.0,True,622.4722699179661,8092.139508933558,5341.139508933558,26705.6975446678,2265.0,453,417,0.9205298013245033,36,0,418,14,14,13,9,9,2326.5929697086076,5148.687850948062,973.4235685981572,8092.139508933558,78,0.6732657670072513
geometry_early_optical_clear_probe,4006296055,13,13,13,1.0,True,634.3067248800252,8245.987423440327,5448.987423440326,27244.93711720164,2305.0,461,427,0.9262472885032538,34,0,427,13,13,13,11,11,2181.960792017906,7327.899903834962,449.8339409496232,7817.236414269547,40,0.7666487759997835
geometry_early_optical_clear_probe,2976250484,14,14,14,1.0,True,656.5140885686704,9191.197239961386,6326.197239961382,31630.98619980693,2355.0,471,432,0.9171974522292994,39,0,437,15,15,14,9,9,3129.5778644187862,7215.596401307395,1103.3721189248135,9191.197239961386,78,0.8602626659994712
geometry_early_optical_clear_probe,1107974971,14,14,14,1.0,True,659.2029706690838,9228.841589367174,6133.841589367174,30669.20794683587,2550.0,510,469,0.9196078431372549,41,0,475,14,14,14,14,14,2556.662065496937,6990.680194447018,1284.7916120949947,9228.841589367174,100,0.9165732209949056
geometry_early_optical_clear_probe,3594755524,15,15,15,1.0,True,541.6107858916425,8124.1617883746385,5724.1617883746385,28620.80894187319,1965.0,393,351,0.8931297709923665,42,0,360,15,15,15,8,8,1891.5977799213954,6529.720887168919,672.7196552252467,8124.1617883746385,59,0.6940957460028585
geometry_early_optical_clear_probe,2225022764,13,13,13,1.0,True,603.7697793798357,7849.007131937864,5388.007131937863,26940.035659689325,2025.0,405,372,0.9185185185185185,33,0,371,13,13,13,8,8,999.9730735747409,2597.8493106872115,471.1437825077483,6322.797795803241,40,0.9079576529911719
geometry_early_optical_clear_probe,2509193889,11,11,11,1.0,True,797.4546141632053,8772.000755795258,5908.000755795258,29540.003778976305,2370.0,474,439,0.9261603375527426,35,0,439,11,11,11,9,9,1112.5364513751474,3677.481697590131,769.8808047515984,8345.653789244867,60,0.8134375590016134
geometry_early_optical_clear_probe,3723549856,12,12,12,1.0,True,682.5501076594829,8190.601291913795,5739.601291913797,28698.006459568995,2010.0,402,367,0.9129353233830846,35,0,369,16,16,12,10,10,1514.3260438512777,5633.293407009883,469.48587999802,6189.09553175104,40,0.8738055220019305
geometry_early_optical_clear_probe,1186329171,10,10,10,1.0,True,798.014838078096,7980.14838078096,4907.148380780961,24535.741903904815,2545.0,509,484,0.9508840864440079,25,0,475,11,11,10,3,3,1864.6947763080068,6806.062354635587,453.12369253576816,7920.14838078096,40,0.8308481979911448
geometry_early_optical_clear_probe,908357896,13,13,13,1.0,True,628.1242915483574,8165.615790128647,5572.615790128649,27863.078950643252,2135.0,427,391,0.9156908665105387,36,0,393,13,13,13,8,8,1503.3421125622958,5762.465090078734,727.4449162835546,8124.615790128647,60,0.7480737570003839
geometry_early_optical_clear_probe,1849953921,11,11,11,1.0,True,755.3175589029187,8308.493147932106,5454.493147932107,27272.465739660547,2360.0,472,448,0.9491525423728814,24,0,439,11,11,11,2,2,2392.2766477949067,5711.649767476742,438.8967659227449,7923.393673186705,40,0.5990042139892466
geometry_early_optical_clear_probe,1241159563,10,10,10,1.0,True,878.1114518652748,8781.114518652748,5661.114518652747,28305.572593263754,2585.0,517,489,0.9458413926499033,28,0,482,11,11,10,6,6,2707.3365130658804,7134.162692431729,473.57612233288745,8361.248233791763,40,0.7799091199995019
geometry_early_optical_clear_probe,3092282508,13,13,13,1.0,True,613.4597679077856,7974.976982801213,5365.976982801213,26829.88491400608,2150.0,430,397,0.9232558139534883,33,0,394,13,13,13,5,5,1615.8656130585075,6790.491878547333,508.1256754978779,7933.976982801213,40,0.7820453450112836
geometry_early_optical_clear_probe,3244274003,15,15,15,1.0,True,574.6668361014833,8620.00254152225,5920.002541522248,29600.012707611248,2215.0,443,405,0.9142212189616253,38,0,410,15,15,15,12,12,2889.372750127499,7055.241327939614,809.8530694842844,8038.0814296752715,60,0.8007899160002125
geometry_early_optical_clear_probe,2220215050,15,15,15,1.0,True,508.432200826186,7626.4830123927895,5446.4830123927895,27232.415061963966,1780.0,356,315,0.8848314606741573,41,0,325,15,15,15,9,9,1499.25035440833,6444.150829980121,443.6784325974831,7597.4830123927895,40,0.8171212769957492
geometry_early_optical_clear_probe,2514192375,14,14,14,1.0,True,710.7199695055546,9950.079573077765,7238.079573077763,36190.39786538882,2230.0,446,408,0.9147982062780269,38,0,409,15,15,14,10,10,1971.517963700242,4936.300585249062,701.3413998817841,9950.079573077765,60,1.0762396509962855
geometry_early_optical_clear_probe,2587628612,15,15,15,1.0,True,640.7654824377623,9611.482236566435,6830.482236566437,34152.411182832184,2280.0,456,419,0.918859649122807,37,0,423,16,16,15,12,12,2304.027908786548,7414.89112681637,1048.5612005305777,9611.482236566435,79,1.2711932270030957
geometry_early_optical_clear_probe,1924308249,11,11,11,1.0,True,800.97028012903,8810.67308141933,5617.673081419333,28088.365407096673,2645.0,529,499,0.943289224952741,30,0,493,11,11,11,10,10,1583.82171615335,5309.225034682722,963.0427213483594,8548.668082999004,80,0.7839039550017333
geometry_early_optical_clear_probe,1561321826,13,13,13,1.0,True,710.2578678923874,9233.352282601036,6214.352282601034,31071.76141300517,2490.0,498,462,0.927710843373494,36,0,464,13,13,13,10,10,2680.4333566311784,8263.461771919947,772.2626325526775,9007.961869051545,60,0.9300679130101344
geometry_early_optical_clear_probe,1043019460,10,10,10,1.0,True,787.8737024837309,7878.737024837309,5056.73702483731,25283.685124186566,2340.0,468,438,0.9358974358974359,30,0,432,10,10,10,4,4,1291.1586510672603,4682.602290174125,500.7404071201015,7819.737024837309,40,0.6361552109883633
geometry_early_optical_clear_probe,360379023,14,14,14,1.0,True,539.0457130399285,7546.639982558999,5367.639982559,26838.199912795004,1780.0,356,319,0.8960674157303371,37,0,323,16,16,14,8,8,1574.8475042178193,5466.218324650187,1268.1177766964322,7546.639982558999,88,0.7614752340014093
geometry_early_optical_clear_probe,2831191043,10,10,10,1.0,True,849.6152527438684,8496.152527438684,5692.152527438684,28460.76263719344,2320.0,464,442,0.9525862068965517,22,0,431,11,11,10,0,0,2066.411361320982,6628.424093768213,772.0317359863614,8496.152527438684,60,0.5951006680115825
geometry_early_optical_clear_probe,840454954,16,16,16,1.0,True,548.6660552779213,8778.65688444674,6494.656884446739,32473.284422233686,1860.0,372,325,0.8736559139784946,47,0,335,19,19,16,10,10,1765.3142945016273,7482.048956268603,2377.4464534189924,8778.65688444674,164,1.0451751810032874
geometry_early_optical_clear_probe,4216403845,13,13,13,1.0,True,608.2115596915315,7906.75027598991,5802.750275989912,29013.751379949575,1725.0,345,314,0.9101449275362319,31,0,314,13,13,13,6,6,777.309237805323,2752.6268310273663,499.19496325971204,5860.953433041032,40,0.6296641720109619
geometry_early_optical_clear_probe,1903298157,15,15,15,1.0,True,530.5568318600721,7958.35247790108,5619.352477901082,28096.76238950542,1915.0,383,340,0.8877284595300261,43,0,349,15,15,15,10,10,1511.573534822955,3885.742774596125,486.24463124237354,7958.35247790108,40,0.7462075090006692
geometry_early_optical_clear_probe,133962238,15,15,15,1.0,True,557.7011684677459,8365.517527016189,6193.517527016191,30967.587635080963,1770.0,354,312,0.8813559322033898,42,0,324,16,16,15,16,16,979.6234396915089,3623.553582278454,792.930533919634,8365.517527016189,60,0.9934804069926031
geometry_early_optical_clear_probe,3040116348,15,15,15,1.0,True,649.197503500716,9737.96255251074,7048.962552510738,35244.81276255371,2205.0,441,397,0.9002267573696145,44,0,406,16,16,15,10,10,1473.6931711999675,3182.4152333097836,1025.6967679768418,9737.96255251074,80,1.2394629629998235
geometry_early_optical_clear_probe,2067013924,10,10,10,1.0,True,892.4495341219699,8924.4953412197,5472.495341219699,27362.476706098507,2865.0,573,546,0.9528795811518325,27,0,537,10,10,10,9,9,2835.5619724297476,7114.323667284069,406.8891632729737,8924.4953412197,40,0.8025270549987908
geometry_early_optical_clear_probe,81344490,12,12,12,1.0,True,699.170529253418,8390.046351041015,5712.046351041015,28560.231755205095,2210.0,442,408,0.9230769230769231,34,0,408,12,12,12,9,9,1136.0554864672124,2277.510972934425,697.7562282947646,6662.618085667254,60,0.999656510000932
geometry_early_optical_clear_probe,3047958229,12,12,12,1.0,True,726.6343487156228,8719.612184587473,6050.612184587475,30253.06092293739,2200.0,440,403,0.9159090909090909,37,0,406,13,13,12,12,12,1195.9685523591386,6683.124174811059,528.3873722649852,8719.612184587473,40,0.5622506549989339
geometry_early_optical_clear_probe,3954887455,14,14,14,1.0,True,598.5059893552087,8379.083850972922,5851.083850972922,29255.419254864617,2075.0,415,380,0.9156626506024096,35,0,383,14,14,14,9,9,2503.5216987745803,7060.325086254141,491.4758620457519,7829.920881769097,40,0.6603099429921713
geometry_early_optical_clear_probe,1724974928,11,11,11,1.0,True,724.7603145137477,7972.363459651225,5239.363459651227,26196.817298256145,2260.0,452,424,0.9380530973451328,28,0,418,11,11,11,5,5,2037.4270146325143,7024.069930750659,449.41527510394786,7540.596621525315,40,0.6893024460005108
geometry_early_optical_clear_probe,163458378,12,12,12,1.0,True,709.583519335854,8515.002232030249,5775.00223203025,28875.011160151244,2260.0,452,418,0.9247787610619469,34,0,417,13,13,12,12,12,1620.829324942786,6363.3531271005495,751.6271786085225,8515.002232030249,60,0.7908428579976317
geometry_early_optical_clear_probe,494847528,15,15,15,1.0,True,535.4482041637829,8031.723062456744,5648.723062456744,28243.615312283724,1950.0,390,348,0.8923076923076924,42,0,358,15,15,15,15,15,1774.3128604463136,7382.121773301991,761.2377406401652,8031.723062456744,60,1.0446054239873774
geometry_early_optical_clear_probe,3304399172,13,13,13,1.0,True,582.2789518562687,7569.626374131493,5151.626374131493,25758.131870657482,1990.0,398,363,0.9120603015075377,35,0,363,13,13,13,5,5,1189.3371019048977,2761.590703131786,462.2942290973963,7528.626374131493,40,0.7886449670040747
geometry_early_optical_clear_probe,1011669024,10,10,10,1.0,True,863.1838063115332,8631.838063115332,5700.838063115332,28504.190315576674,2430.0,486,459,0.9444444444444444,27,0,451,10,10,10,10,10,1471.4352785280948,6957.063910516112,1067.5310108474393,8631.838063115332,78,0.7584294639964355
geometry_early_optical_clear_probe,1538355921,10,10,10,1.0,True,854.0616016162774,8540.616016162774,5815.616016162776,29078.080080813892,2260.0,452,428,0.9469026548672567,24,0,415,10,10,10,2,2,1323.2732329504418,6309.093263002676,746.1728907049446,8540.616016162774,58,0.7108162179938518
geometry_early_optical_clear_probe,167544188,15,15,15,1.0,True,527.8009863998889,7917.014795998333,5473.014795998333,27365.073979991677,2005.0,401,360,0.8977556109725686,41,0,364,15,15,15,8,8,1971.300443798333,7384.143225230962,464.21391187604524,7917.014795998333,40,0.775073134995182
geometry_early_optical_clear_probe,4086988151,14,14,14,1.0,True,627.1393384118828,8779.95073776636,6298.950737766359,31494.753688831817,2035.0,407,363,0.8918918918918919,44,0,373,15,15,14,15,15,1018.7524988200677,4958.402608346271,753.1208529678989,8779.95073776636,60,1.3308446919982089
geometry_early_optical_clear_probe,435209321,15,15,15,1.0,True,533.4884534972856,8002.3268024592835,5718.326802459284,28591.63401229644,1865.0,373,332,0.8900804289544236,41,0,341,16,16,15,12,12,1386.586555612846,6408.761519608207,768.1460554151533,8002.3268024592835,60,0.7848746250092518
geometry_early_optical_clear_probe,2005282940,14,14,14,1.0,True,555.6223833118719,7778.713366366207,5304.71336636621,26523.566831831053,2030.0,406,365,0.8990147783251231,41,0,374,14,14,14,10,10,2348.214830704106,6039.469974714977,983.9097917728313,7778.713366366207,80,0.6191202589980094
geometry_early_optical_clear_probe,2645833480,13,13,13,1.0,True,684.8012217325345,8902.415882522948,6217.415882522948,31087.079412614756,2210.0,442,406,0.918552036199095,36,0,407,14,14,13,9,9,2194.1275199001025,7271.334573281518,1203.6085029831959,8902.415882522948,96,0.895771618001163
geometry_early_optical_clear_probe,1800597904,10,10,10,1.0,True,894.7209325445874,8947.209325445874,5634.209325445878,28171.046627229396,2745.0,549,522,0.9508196721311475,27,0,515,11,11,10,3,3,3632.3130222972227,8079.413501758777,780.2049246040459,8683.867578259844,60,0.6555782690120395
geometry_early_optical_clear_probe,408840455,12,12,12,1.0,True,719.7576690873346,8637.092029048015,5840.092029048018,29200.460145240104,2310.0,462,428,0.9264069264069265,34,0,427,12,12,12,5,5,2656.299169390065,5578.921720251671,760.5363434701933,8637.092029048015,60,0.6650814239983447
geometry_early_optical_clear_probe,34162549,15,15,15,1.0,True,560.9070171844743,8413.605257767114,5896.605257767117,29483.026288835594,2065.0,413,376,0.910411622276029,37,0,377,15,15,15,9,9,1870.58439376032,4754.54959137087,707.606694775368,8413.605257767114,60,0.7653367479942972
geometry_early_optical_clear_probe,1147457222,15,15,15,1.0,True,704.8949531637328,10573.424297455991,7698.424297455988,38492.12148727997,2365.0,473,436,0.9217758985200846,37,0,435,15,15,15,13,13,2703.108738410903,5894.034339603499,793.6713162495685,10573.424297455991,60,0.9926772539911326
geometry_early_optical_clear_probe,944909202,14,14,14,1.0,True,610.9106455949949,8552.749038329928,5782.749038329929,28913.745191649654,2280.0,456,418,0.9166666666666666,38,0,420,14,14,14,10,10,2182.8648285714326,7659.512773353349,2074.3100612447784,8552.749038329928,151,1.0537891459971434
geometry_early_optical_clear_probe,1549089582,12,12,12,1.0,True,743.4372991183865,8921.247589420638,6007.247589420637,30036.237947103207,2405.0,481,450,0.9355509355509356,31,0,446,13,13,12,7,7,1888.3926788801625,6285.109563875792,1205.3189561136176,8715.89438793549,97,0.8325767450005515
geometry_early_optical_clear_probe,3122150554,11,11,11,1.0,True,742.4402159817381,8166.842375799119,5315.842375799118,26579.211878995604,2355.0,471,443,0.940552016985138,28,0,438,12,12,11,5,5,2569.456346644567,6995.806071029507,464.8569819944928,8166.842375799119,40,0.5373976489936467
geometry_early_optical_clear_probe,4083176864,11,11,11,1.0,True,791.4727780567489,8706.200558624238,5673.200558624235,28366.002793121195,2510.0,502,473,0.9422310756972112,29,0,468,11,11,11,8,8,2007.2800242200067,5063.56492283898,489.2798336042159,8706.200558624238,40,0.6863180159998592
geometry_early_optical_clear_probe,216150264,16,16,16,1.0,True,583.5207464764867,9336.331943623787,6623.331943623786,33116.659718118935,2215.0,443,400,0.9029345372460497,43,0,409,19,19,16,16,16,1718.3321752475588,4998.385029252011,1477.8372527361248,9336.331943623787,112,1.1496592890034663
geometry_early_optical_clear_probe,2820467363,12,12,12,1.0,True,697.6084877437328,8371.301852924793,5801.301852924792,29006.509264623972,2115.0,423,389,0.9196217494089834,34,0,389,14,14,12,4,4,1882.4642859734965,7732.922370284173,525.1936599915193,7989.955172589142,40,0.7622375140053919
geometry_early_optical_clear_probe,3028444202,13,13,13,1.0,True,639.9222349694677,8318.98905460308,5665.98905460308,28329.94527301541,2185.0,437,404,0.9244851258581236,33,0,403,13,13,13,10,10,2534.82525735542,7514.719835369003,984.7689704772059,8318.98905460308,78,0.775987939996412
geometry_early_optical_clear_probe,3878257918,16,16,16,1.0,True,500.55334362743804,8008.853498039009,5686.853498039011,28434.26749019506,1895.0,379,331,0.8733509234828496,48,0,344,17,17,16,12,12,2082.915981222418,4944.815877815958,1319.122852828063,8008.853498039009,97,1.013242151006125
geometry_early_optical_clear_probe,3094982068,10,10,10,1.0,True,911.1576414138765,9111.576414138764,5875.576414138765,29377.882070693835,2680.0,536,502,0.9365671641791045,34,0,500,12,12,10,4,4,2697.5901724814685,7677.250097606264,2278.5647707827557,8911.63505916388,164,0.8346874870039755
geometry_early_optical_clear_probe,3885709312,16,16,16,1.0,True,632.0465006057148,10112.744009691436,7460.744009691434,37303.72004845719,2170.0,434,387,0.8917050691244239,47,0,396,18,18,16,14,14,2920.518764215719,7497.437818200781,745.3510017707695,10112.744009691436,60,0.9742787440045504
geometry_early_optical_clear_probe,3364923813,10,10,10,1.0,True,891.3697891951664,8913.697891951664,5737.697891951667,28688.489459758344,2635.0,527,504,0.9563567362428842,23,0,491,10,10,10,7,7,2189.5900797475765,7008.081253288426,1495.462868693542,8854.697891951664,117,0.6380861579964403
geometry_early_optical_clear_probe,1315464624,15,15,15,1.0,True,534.4552004842503,8016.828007263754,5498.828007263755,27494.140036318793,2065.0,413,374,0.9055690072639225,39,0,378,15,15,15,8,8,2953.7636410982786,6730.009513646622,1030.360561217028,7150.911118010322,77,0.7284367250103969
geometry_early_optical_clear_probe,396276177,14,14,14,1.0,True,637.6951183455731,8927.731656838023,6374.731656838021,31873.65828419011,2095.0,419,377,0.8997613365155132,42,0,385,15,15,14,15,15,1818.3696654055773,6219.449906547291,1044.2703221544125,7836.172671458481,78,0.9256052979908418
geometry_early_optical_clear_probe,870522876,15,15,15,1.0,True,600.764808877502,9011.47213316253,6282.472133162526,31412.360665812634,2240.0,448,410,0.9151785714285714,38,0,414,15,15,15,7,7,2856.5531458709956,7438.5766747939215,1021.3115771288236,9011.47213316253,79,0.879912404998322
geometry_early_optical_clear_probe,1495591198,15,15,15,1.0,True,529.9771217307624,7949.656825961436,5683.656825961437,28418.284129807198,1855.0,371,331,0.8921832884097035,40,0,336,15,15,15,8,8,1698.4016258916324,5614.892832090156,785.1209542772913,7215.472547813832,59,0.8013460579968523
geometry_early_optical_clear_probe,352974370,16,16,16,1.0,True,501.3688328585264,8021.901325736422,5826.901325736421,29134.506628682117,1790.0,358,313,0.8743016759776536,45,0,325,16,16,16,13,13,1730.4979653531893,6739.777086105465,451.58707069739074,8021.901325736422,40,0.9293712070066249
geometry_early_optical_clear_probe,2701610376,11,11,11,1.0,True,837.6931309575034,9214.624440532538,6279.624440532537,31398.122202662697,2430.0,486,455,0.9362139917695473,31,0,450,11,11,11,10,10,1126.4949855976715,7262.627338419486,517.7954660215278,9214.624440532538,40,1.0546677670063218
geometry_early_optical_clear_probe,1256414657,11,11,11,1.0,True,787.6939330001534,8664.633263001688,5671.63326300169,28358.166315008457,2475.0,495,463,0.9353535353535354,32,0,460,12,12,11,9,9,1482.605229126074,6239.271076433844,462.0443592533717,8664.633263001688,40,0.9831208910036366
geometry_early_optical_clear_probe,1089909650,12,12,12,1.0,True,729.7507243293926,8757.008691952711,5885.008691952708,29425.04345976355,2370.0,474,441,0.930379746835443,33,0,439,13,13,12,9,9,1894.9853033570007,5852.08613434942,478.68475357664295,7747.629045689813,40,0.6592386800039094
geometry_early_optical_clear_probe,2788256264,11,11,11,1.0,True,799.0132230042021,8789.145453046223,6046.145453046224,30230.727265231126,2265.0,453,420,0.9271523178807947,33,0,420,12,12,11,8,8,1388.8812292669406,4969.218044215085,476.3028330573635,8789.145453046223,40,0.8424779929919168
geometry_early_optical_clear_probe,1704862201,10,10,10,1.0,True,822.6915239985192,8226.915239985192,5389.915239985192,26949.576199925974,2350.0,470,443,0.9425531914893617,27,0,434,11,11,10,4,4,1506.3888754039049,6901.520114581698,442.8646074606936,7676.616706212592,40,0.9337768169934861
geometry_early_optical_clear_probe,684431023,11,11,11,1.0,True,784.6840277857038,8631.524305642743,6022.5243056427435,30112.621528213727,2150.0,430,399,0.9279069767441861,31,0,398,13,13,11,8,8,1492.183780052328,5161.899861008353,1063.9683934553548,8631.524305642743,80,0.8487750890053576
geometry_early_optical_clear_probe,2351261584,16,16,16,1.0,True,540.8516368837335,8653.626190139736,5780.626190139737,28903.130950698698,2355.0,471,426,0.9044585987261147,45,0,438,16,16,16,12,12,2693.518647801081,6814.797747853463,751.1118888117205,8653.626190139736,60,1.0040253570041386
geometry_early_optical_clear_probe,2546359360,11,11,11,1.0,True,872.4299220872242,9596.729142959466,6516.729142959463,32583.64571479733,2550.0,510,481,0.9431372549019608,29,0,475,11,11,11,8,8,2309.9186139399912,6534.482750208319,1024.8495068715029,8500.697788691194,80,0.7319104829948628
geometry_early_optical_clear_probe,3291450294,13,13,13,1.0,True,648.7797820329187,8434.137166427943,6001.137166427944,30005.685832139723,2000.0,400,361,0.9025,39,0,365,14,14,13,10,10,1532.0306923745547,6339.886587170199,521.9418961787753,8434.137166427943,40,1.0135409840004286
geometry_early_optical_clear_probe,2535771856,12,12,12,1.0,True,729.9339077047331,8759.206892456798,6042.206892456796,30211.034462283995,2245.0,449,418,0.9309576837416481,31,0,412,12,12,12,9,9,1510.1758438782035,4255.892058037741,1003.935725643704,8142.426461890037,78,0.9442977169965161
geometry_early_optical_clear_probe,3587054153,15,15,15,1.0,True,568.9303321887473,8533.95498283121,6333.954982831211,31669.774914156067,1795.0,359,317,0.883008356545961,42,0,324,17,17,15,6,6,1806.0981342093428,5724.481952014731,1089.7212434586504,8533.95498283121,73,0.9123821569955908
geometry_early_optical_clear_probe,3915251323,12,12,12,1.0,True,700.9943324981178,8411.931989977415,5693.9319899774155,28469.65994988709,2245.0,449,421,0.9376391982182628,28,0,413,12,12,12,4,4,1808.541689257993,4520.578201132252,434.1854542533838,8239.735308391262,40,0.8613809780072188
geometry_early_optical_clear_probe,3045616921,13,13,13,1.0,True,642.3369448967145,8350.380283657289,5888.380283657288,29441.901418286445,2025.0,405,368,0.908641975308642,37,0,372,13,13,13,8,8,2304.460137776689,5640.869291605663,481.225560369348,7334.414564729281,40,0.6309974259929731
geometry_early_optical_clear_probe,4034224539,12,12,12,1.0,True,704.0854042378629,8449.024850854355,5855.024850854355,29275.124254271785,2140.0,428,397,0.927570093457944,31,0,394,12,12,12,9,9,1684.9609482734604,4659.770680170107,1054.9001851153034,7075.845416583549,79,0.7341146730032051
geometry_early_optical_clear_probe,654721717,10,10,10,1.0,True,854.9164764484545,8549.164764484545,5772.164764484544,28860.82382242273,2300.0,460,435,0.9456521739130435,25,0,424,11,11,10,5,5,1185.301711762248,7244.841361455378,1032.8125747830218,7506.57949755954,78,0.7889024689939106
geometry_early_optical_clear_probe,2559083994,16,16,16,1.0,True,477.1662598699175,7634.66015791868,5608.66015791868,28043.300789593406,1645.0,329,288,0.8753799392097265,41,0,301,16,16,16,11,11,1719.377364996119,6381.410152207425,747.915805537404,7634.66015791868,60,0.7193130630039377
geometry_early_optical_clear_probe,1191207749,11,11,11,1.0,True,821.2670222255282,9033.93724448081,6081.937244480813,30409.686222404067,2435.0,487,457,0.9383983572895277,30,0,453,14,14,11,7,7,2149.904568855673,6244.561354050111,411.06834548651767,9033.93724448081,40,0.7014160069957143
geometry_early_optical_clear_probe,4132813812,16,16,16,1.0,True,496.5797132415346,7945.2754118645535,5486.275411864554,27431.37705932278,2010.0,402,360,0.8955223880597015,42,0,369,16,16,16,5,5,2577.895231644846,6917.280993009491,671.3664890697239,7945.2754118645535,60,0.8514259859948652
geometry_early_optical_clear_probe,2424507074,13,13,13,1.0,True,684.0724565253294,8892.941934829281,6339.94193482928,31699.70967414641,2100.0,420,388,0.9238095238095239,32,0,385,14,14,13,5,5,2400.9415675191954,6241.26801975215,767.9498144992165,7983.798950858111,60,0.8081128250050824
geometry_early_optical_clear_probe,3252572613,15,15,15,1.0,True,560.4131772961936,8406.197659442903,6006.1976594429025,30030.988297214524,1960.0,392,354,0.9030612244897959,38,0,359,17,17,15,12,12,2085.1160835696464,6432.719157088075,1043.2564074086133,7910.634660308757,78,0.9032143319927854
geometry_early_optical_clear_probe,1129617246,14,14,14,1.0,True,662.6422452521334,9276.991433529867,6449.991433529867,32249.957167649347,2325.0,465,429,0.9225806451612903,36,0,432,14,14,14,9,9,3258.517427807344,7081.3137336251575,1547.1236294381201,9276.991433529867,120,0.911289415002102
geometry_early_optical_clear_probe,1866138414,13,13,13,1.0,True,649.6875676787889,8445.938379824256,5989.938379824256,29949.691899121288,2020.0,404,369,0.9133663366336634,35,0,371,13,13,13,8,8,1985.639524496564,6180.7241040710605,468.3128252293561,8445.938379824256,40,0.6537937209941447
geometry_early_optical_clear_probe,1581031033,12,12,12,1.0,True,724.9762606262569,8699.715127515083,5719.715127515083,28598.57563757542,2455.0,491,460,0.9368635437881874,31,0,459,14,14,12,5,5,3096.658410009415,6991.232851847318,1092.056384686128,7816.207731807264,76,0.8027928390074521
geometry_early_optical_clear_probe,2997119327,14,14,14,1.0,True,602.2138012569,8430.993217596599,6139.993217596598,30699.96608798301,1880.0,376,342,0.9095744680851063,34,0,341,14,14,14,7,7,1880.6277553768507,7253.018630216531,745.1261580608484,8430.993217596599,60,0.6171483680082019
geometry_early_optical_clear_probe,1798036984,14,14,14,1.0,True,557.0814194255207,7799.139871957291,5182.13987195729,25910.699359786464,2150.0,430,393,0.913953488372093,37,0,397,14,14,14,11,11,1396.3884188959855,7168.953295695021,464.42555545331925,7799.139871957291,40,0.7978177280019736
geometry_early_optical_clear_probe,4076743252,13,13,13,1.0,True,735.5734591660349,9562.454969158454,6438.454969158458,32192.27484579231,2575.0,515,482,0.9359223300970874,33,0,481,14,14,13,9,9,3681.163184289874,7329.174254404865,799.9027094772872,9562.454969158454,60,0.7360172050102847
geometry_early_optical_clear_probe,4186184703,14,14,14,1.0,True,648.1063370330065,9073.488718462091,6238.488718462089,31192.44359231046,2330.0,466,425,0.9120171673819742,41,0,432,15,15,14,9,9,2358.862238630383,8194.368000992197,2448.164402086875,8692.290252392302,174,1.0152466220024507
geometry_early_optical_clear_probe,3546266375,15,15,15,1.0,True,567.1144539970927,8506.716809956391,5874.7168099563905,29373.584049781948,2160.0,432,392,0.9074074074074074,40,0,397,15,15,15,10,10,3176.025907164717,8011.883774516128,1270.2159287452957,8506.716809956391,98,0.6927639649948105
geometry_early_optical_clear_probe,926102385,16,16,16,1.0,True,456.01484521849557,7296.237523495929,5371.23752349593,26856.187617479653,1565.0,313,269,0.8594249201277955,44,0,280,16,16,16,13,13,988.7677980220392,3963.0664059956325,533.1836649819899,7296.237523495929,40,0.8985598550061695
geometry_early_optical_clear_probe,2361707215,15,15,15,1.0,True,652.5567470491628,9788.351205737443,6986.351205737438,34931.7560286872,2295.0,459,414,0.9019607843137255,45,0,423,18,18,15,11,11,2956.902839427776,8076.987192939925,1051.1680860008476,8826.987524924783,77,0.7135683660017094
geometry_early_optical_clear_probe,493904157,15,15,15,1.0,True,655.57056971389,9833.55854570835,7042.558545708348,35212.79272854175,2290.0,458,420,0.9170305676855895,38,0,420,17,17,15,8,8,3759.8935140709405,7900.889489463117,1841.6738338163784,9833.55854570835,136,0.7204493669996737
geometry_early_optical_clear_probe,1720012582,12,12,12,1.0,True,761.5397543315094,9138.477051978112,6222.4770519781105,31112.38525989056,2405.0,481,449,0.9334719334719335,32,0,445,14,14,12,8,8,1959.499735294361,3548.0014159908997,2337.4483670914633,9138.477051978112,173,0.8477173910068814
geometry_early_optical_clear_probe,70811300,10,10,10,1.0,True,846.7509116845191,8467.50911684519,5493.50911684519,27467.545584225958,2465.0,493,469,0.9513184584178499,24,0,459,10,10,10,5,5,1784.7047311745123,5621.859062634727,410.44856048223954,8467.50911684519,40,0.7396965969965095
geometry_early_optical_clear_probe,1197373005,15,15,15,1.0,True,558.8130980816495,8382.196471224743,5874.1964712247445,29370.98235612373,2055.0,411,375,0.9124087591240876,36,0,378,15,15,15,11,11,1635.3474296680436,4237.301082353117,730.9564490359736,8382.196471224743,60,0.8408398440078599
geometry_early_optical_clear_probe,3578390915,16,16,16,1.0,True,585.5777412864984,9369.243860583974,6823.243860583979,34116.2193029199,2085.0,417,373,0.894484412470024,44,0,381,16,16,16,15,15,1553.436296991326,6226.559942311993,787.3991562188804,9369.243860583974,59,1.1977357449941337
geometry_early_optical_clear_probe,1842545103,10,10,10,1.0,True,908.3568794702327,9083.568794702327,5907.568794702329,29537.843973511655,2635.0,527,503,0.9544592030360531,24,0,491,10,10,10,9,9,2147.5705386898208,6165.426346724551,752.2905118664244,9083.568794702327,60,0.7532557789963903
geometry_early_optical_clear_probe,393562361,12,12,12,1.0,True,672.1203047346507,8065.443656815809,5353.443656815811,26767.218284079056,2235.0,447,417,0.9328859060402684,30,0,414,13,13,12,9,9,1652.13224182224,3735.8187768055845,951.1760630073426,8018.443656815809,77,0.6540659690072061
geometry_early_optical_clear_probe,658658471,11,11,11,1.0,True,755.4466719685224,8309.913391653747,5526.913391653747,27634.566958268744,2300.0,460,428,0.9304347826086956,32,0,425,12,12,11,8,8,2023.838363927009,7302.524001613703,693.2155075225002,8038.120304200071,60,0.7189583290019073
geometry_early_optical_clear_probe,3445148236,10,10,10,1.0,True,827.6254380556423,8276.254380556424,5524.254380556425,27621.271902782137,2280.0,456,430,0.9429824561403509,26,0,422,10,10,10,5,5,1681.4061088831404,4411.420623196366,502.46430217358716,8217.254380556424,40,0.7461352839891333
geometry_early_optical_clear_probe,2543530668,14,14,14,1.0,True,604.9106881005,8468.749633407,5743.749633406999,28718.748167035003,2240.0,448,410,0.9151785714285714,38,0,412,15,15,14,6,6,2380.832070534675,7583.574612198081,476.72046179611766,8468.749633407,40,0.6575277350057149
geometry_early_optical_clear_probe,2916723437,12,12,12,1.0,True,689.7700193841503,8277.240232609804,5637.240232609805,28186.201163049034,2180.0,436,407,0.9334862385321101,29,0,400,12,12,12,6,6,1667.0035774742466,7148.394744683214,488.3489138968965,7446.7793264702295,40,0.8739876640029252
geometry_early_optical_clear_probe,2661095063,12,12,12,1.0,True,726.9104384316573,8722.925261179887,5943.925261179885,29719.626305899434,2290.0,458,430,0.9388646288209607,28,0,426,13,13,12,6,6,2513.746773293254,7673.837979049486,484.0202061884796,8022.744866465601,40,0.575820891011972
geometry_early_optical_clear_probe,3711217341,12,12,12,1.0,True,754.6533580061146,9055.840296073375,5961.840296073377,29809.201480366886,2555.0,511,475,0.9295499021526419,36,0,476,13,13,12,8,8,2846.473931647264,5806.336347314611,2103.8153101096373,9055.840296073375,160,0.9584233959903941
geometry_early_optical_clear_probe,4178591263,12,12,12,1.0,True,727.0898687564903,8725.078425077883,5913.0784250778825,29565.39212538943,2320.0,464,428,0.9224137931034483,36,0,432,12,12,12,11,11,1979.422347130553,7098.40950235129,488.95558604272287,8725.078425077883,40,0.9286994259891799
geometry_early_optical_clear_probe,310076248,12,12,12,1.0,True,705.7666374416996,8469.199649300395,5353.199649300396,26765.998246501993,2575.0,515,480,0.9320388349514563,35,0,481,12,12,12,9,9,3283.7960680610063,6691.151702636078,1285.2128267455057,8469.199649300395,98,0.5995385240094038
geometry_early_optical_clear_probe,3949784943,16,16,16,1.0,True,551.2924367543314,8820.678988069303,6436.678988069305,32183.394940346534,1945.0,389,344,0.884318766066838,45,0,356,17,17,16,15,15,2569.3753104650523,7997.956855395036,1326.895879604711,8820.678988069303,100,1.0587429300067015
geometry_early_optical_clear_probe,1216085952,11,11,11,1.0,True,812.6262270767094,8938.888497843804,5788.888497843801,28944.442489219018,2605.0,521,490,0.9404990403071017,31,0,487,12,12,11,7,7,2795.608644355635,7921.350219558335,1844.2339684262188,8885.888497843804,140,0.870027385011781
geometry_early_optical_clear_probe,692792910,14,14,14,1.0,True,656.5577497493687,9191.808496491161,6381.808496491161,31909.042482455814,2310.0,462,427,0.9242424242424242,35,0,427,15,15,14,14,14,1829.5787695820607,6194.191784426422,449.06114727366094,9191.808496491161,40,1.0238764009991428
geometry_early_optical_clear_probe,606274298,13,13,13,1.0,True,667.8031573557398,8681.441045624617,5839.441045624617,29197.205228123097,2345.0,469,435,0.9275053304904051,34,0,432,13,13,13,10,10,3165.836064427936,7620.014719634928,709.37588621436,8335.595210001455,60,0.7405373829969903
geometry_early_optical_clear_probe,2368103369,11,11,11,1.0,True,689.6351526096666,7585.986678706333,4997.986678706332,24989.933393531664,2135.0,427,395,0.9250585480093677,32,0,398,11,11,11,4,4,1957.7681394089223,4945.957937461902,758.9633972685482,7585.986678706333,59,0.45694631700462196
geometry_early_optical_clear_probe,4143460826,13,13,13,1.0,True,614.3308191475109,7986.3006489176405,5613.300648917641,28066.503244588217,1950.0,390,352,0.9025641025641026,38,0,358,13,13,13,11,11,1115.134340905886,5475.867782483291,555.3965539020204,7629.866605587608,40,0.9450642529991455
geometry_early_optical_clear_probe,2970818004,12,12,12,1.0,True,761.2731103190081,9135.277323828097,5674.277323828099,28371.386619140507,2865.0,573,540,0.9424083769633508,33,0,536,12,12,12,10,10,2117.7599175695664,6166.7687784993905,436.08276678397317,9135.277323828097,40,1.0802250580018153
geometry_early_optical_clear_probe,1281351845,16,16,16,1.0,True,462.05749149806513,7392.919863969042,5291.919863969044,26459.599319845227,1710.0,342,299,0.8742690058479532,43,0,311,16,16,16,12,12,1451.7583807073859,5380.299817140635,460.308812248433,7392.919863969042,40,1.0971031630033394
geometry_early_optical_clear_probe,4064710552,12,12,12,1.0,True,736.3717779327914,8836.461335193497,5835.461335193493,29177.306675967484,2480.0,496,462,0.9314516129032258,34,0,461,12,12,12,9,9,2125.2938204878747,5647.290655265887,1044.4716401981436,7902.071367503426,80,0.8989425729960203
geometry_early_optical_clear_probe,2916237863,13,13,13,1.0,True,651.9101991654663,8474.832589151063,5841.832589151065,29209.162945755335,2165.0,433,399,0.9214780600461894,34,0,400,14,14,13,15,15,1802.7331517962687,6620.31860286523,495.8506111568238,8474.832589151063,40,0.908131151998532
geometry_early_optical_clear_probe,119306261,16,16,16,1.0,True,515.4826437188894,8247.722299502231,5844.722299502231,29223.611497511167,1960.0,392,349,0.8903061224489796,43,0,360,17,17,16,11,11,1454.8993629902009,3908.9384480204417,466.98002730938606,8247.722299502231,40,1.4115888239903143
geometry_early_optical_clear_probe,807888492,15,15,15,1.0,True,655.3523551437139,9830.285327155709,6591.285327155704,32956.42663577854,2665.0,533,492,0.9230769230769231,41,0,493,17,17,15,12,12,4175.976359914994,8615.288819101697,2393.007514764143,9830.285327155709,176,1.1126237659918843
geometry_early_optical_clear_probe,3675318758,10,10,10,1.0,True,846.6883943368487,8466.883943368486,5573.883943368484,27869.419716842433,2395.0,479,450,0.9394572025052192,29,0,445,11,11,10,7,7,1439.8210667941062,4238.285302282409,1795.7564203273403,6509.71103553229,129,0.9096548960078508
geometry_early_optical_clear_probe,817101966,16,16,16,1.0,True,539.0614451160478,8624.983121856765,6168.983121856766,30844.91560928384,2005.0,401,360,0.8977556109725686,41,0,371,16,16,16,13,13,2095.612674535701,7605.126893943559,1312.3126640967305,8459.47130052472,97,0.9426054310024483
geometry_early_optical_clear_probe,1145220213,11,11,11,1.0,True,839.1565807968669,9230.722388765536,6120.722388765535,30603.61194382768,2575.0,515,485,0.941747572815534,30,0,480,11,11,11,8,8,2769.1705441218473,7982.229195525885,1305.7713181026022,9230.722388765536,97,0.7438785550039029
geometry_early_optical_clear_probe,3149711120,11,11,11,1.0,True,771.2506549650129,8483.757204615142,5560.757204615144,27803.786023075714,2415.0,483,452,0.9358178053830227,31,0,450,12,12,11,7,7,1433.4732450221734,7187.545778755762,502.74025964350244,8205.1968539185,40,0.9248754020081833
geometry_early_optical_clear_probe,4164551549,16,16,16,1.0,True,616.2243543392492,9859.589669427987,6672.58966942799,33362.94834713994,2615.0,523,474,0.9063097514340345,49,0,489,17,17,16,11,11,3615.0981099773435,8738.945446166543,1753.8769922025092,9859.589669427987,140,1.3021098539902596
geometry_early_optical_clear_probe,2372506538,10,10,10,1.0,True,849.6159952458527,8496.159952458527,5535.159952458529,27675.799762292663,2455.0,491,464,0.945010183299389,27,0,456,10,10,10,6,6,2232.948311383414,6448.867748344994,467.3459464794872,8496.159952458527,40,0.6788160989963217
geometry_early_optical_clear_probe,4131202027,11,11,11,1.0,True,735.0794348919824,8085.873783811806,5227.873783811808,26139.36891905905,2365.0,473,442,0.9344608879492601,31,0,438,11,11,11,3,3,2359.544700717508,6096.242777104103,451.63294751366334,8032.873783811806,40,0.6916992050100816
geometry_early_optical_clear_probe,2423077045,12,12,12,1.0,True,748.1309411972815,8977.571294367377,5985.571294367377,29927.856471836894,2470.0,494,465,0.9412955465587044,29,0,459,13,13,12,9,9,2209.073190628793,5586.130256977729,761.9159255283956,8977.571294367377,60,0.7797737110086018
geometry_early_optical_clear_probe,1758415967,15,15,15,1.0,True,481.68637868243866,7225.29568023658,5188.29568023658,25941.47840118291,1660.0,332,293,0.8825301204819277,39,0,299,16,16,15,6,6,1247.4452201738925,4823.579733042946,765.3187558618446,7195.29568023658,59,0.8971638170041842
geometry_early_optical_clear_probe,144593118,16,16,16,1.0,True,552.1010146778871,8833.616234846193,6051.616234846192,30258.081174230963,2280.0,456,410,0.8991228070175439,46,0,422,16,16,16,12,12,2273.7054906379462,6994.074447765344,974.1817257726168,8833.616234846193,79,1.0807015180034796
geometry_early_optical_clear_probe,1182140927,10,10,10,1.0,True,869.742998979205,8697.42998979205,5744.429989792048,28722.149948960257,2450.0,490,466,0.9510204081632653,24,0,453,10,10,10,8,8,1869.3883227474148,7003.253259222262,675.2503833905953,7993.1246453512285,60,0.7456573200033745
geometry_early_optical_clear_probe,3274873068,15,15,15,1.0,True,551.782437864927,8276.736567973905,5638.736567973906,28193.68283986954,2160.0,432,391,0.9050925925925926,41,0,400,16,16,15,8,8,2264.9578412916435,5958.5305755308245,487.0539029519563,8029.791717087454,40,0.8771195059962338
geometry_early_optical_clear_probe,3600160971,13,13,13,1.0,True,682.7569195117389,8875.839953652607,6138.839953652607,30694.199768263043,2255.0,451,419,0.9290465631929047,32,0,417,13,13,13,10,10,2259.0153629641345,7327.969330369618,779.573819909042,8561.754015918837,60,0.8643392710073385
geometry_early_optical_clear_probe,1783188450,15,15,15,1.0,True,534.6323144840275,8019.484717260411,5826.484717260411,29132.423586302066,1785.0,357,314,0.8795518207282913,43,0,327,17,17,15,16,16,1554.2858845849207,5710.788888109388,1019.4949650897511,8019.484717260411,78,1.328660008002771
geometry_early_optical_clear_probe,1117422118,10,10,10,1.0,True,812.2592379646723,8122.592379646722,5564.592379646723,27822.96189823362,2115.0,423,395,0.933806146572104,28,0,390,11,11,10,7,7,561.4841685353862,2400.7253481866464,813.4640164001443,8122.592379646722,58,0.8802412340010051
geometry_early_optical_clear_probe,833553552,14,14,14,1.0,True,499.1024174961695,6987.433844946373,5034.433844946372,25172.169224731864,1595.0,319,283,0.8871473354231975,36,0,288,14,14,14,9,9,1050.4140018606179,4585.637206807257,541.5628235842944,6414.771549036105,40,0.7369980370131088
geometry_early_optical_clear_probe,1585686719,12,12,12,1.0,True,653.2637415102287,7839.1648981227445,5165.1648981227445,25825.824490613722,2205.0,441,411,0.9319727891156463,30,0,409,12,12,12,6,6,2324.4458645036502,6428.076201361315,462.2331068027098,7839.1648981227445,40,0.712306504996377
geometry_early_optical_clear_probe,3132748828,14,14,14,1.0,True,669.036070874764,9366.504992246697,6553.504992246696,32767.52496123349,2310.0,462,424,0.9177489177489178,38,0,427,16,16,14,13,13,3068.858013792913,7648.983200597691,477.5350866335437,9028.367077866591,40,0.9186517960042693
geometry_early_optical_clear_probe,3371435527,13,13,13,1.0,True,712.9211993611375,9267.975591694787,6372.975591694785,31864.87795847394,2385.0,477,444,0.9308176100628931,33,0,442,14,14,13,10,10,2659.3318401836946,9013.043245726943,719.3887524427411,9267.975591694787,59,0.9179142270004377
geometry_early_optical_clear_probe,413642759,12,12,12,1.0,True,678.4009310509125,8140.81117261095,5361.81117261095,26809.05586305476,2295.0,459,426,0.9281045751633987,33,0,424,12,12,12,4,4,2509.169256268101,6369.064110338707,422.3244763274263,8093.81117261095,40,0.6865032350033289
geometry_early_optical_clear_probe,2166358469,16,16,16,1.0,True,567.2905233172164,9076.648373075463,6809.648373075465,34048.24186537734,1850.0,370,326,0.8810810810810811,44,0,331,18,18,16,13,13,1329.22775590221,5734.553496308502,508.21910152075293,9076.648373075463,40,1.1736510729970178
geometry_early_optical_clear_probe,3920972483,13,13,13,1.0,True,747.8122682067807,9721.55948668815,6713.5594866881465,33567.79743344075,2480.0,496,462,0.9314516129032258,34,0,460,14,14,13,6,6,3567.2384802803717,8806.259298172006,713.7038110222387,9721.55948668815,60,0.7512898629938718
geometry_early_optical_clear_probe,1366575454,15,15,15,1.0,True,575.6099084746195,8634.148627119292,5981.1486271192925,29905.743135596473,2175.0,435,393,0.903448275862069,42,0,403,15,15,15,10,10,2438.0529225719047,5931.223879749042,757.9915639373328,8634.148627119292,60,0.7545562759914901
geometry_early_optical_clear_probe,191192858,16,16,16,1.0,True,522.8922721336539,8366.276354138463,6064.276354138462,30321.381770692315,1880.0,376,335,0.8909574468085106,41,0,342,16,16,16,8,8,2516.131267935636,7417.652174127668,452.345491888991,8366.276354138463,40,1.0416557999997167
geometry_early_optical_clear_probe,1888539721,16,16,16,1.0,True,551.2794909147614,8820.471854636182,6016.471854636185,30082.359273180926,2295.0,459,416,0.906318082788671,43,0,426,17,17,16,8,8,2040.135283410364,6582.007762273215,1776.4099020390208,8820.471854636182,129,1.0412337980087614
geometry_early_optical_clear_probe,3231207680,10,10,10,1.0,True,822.4958367298295,8224.958367298295,5479.958367298297,27399.7918364915,2275.0,455,425,0.9340659340659341,30,0,420,10,10,10,3,3,1471.0700142466953,7651.796722504073,762.2883129747578,8224.958367298295,60,0.7815215660084505
geometry_early_optical_clear_probe,2390965590,15,15,15,1.0,True,590.791647949689,8861.874719245336,5936.874719245335,29684.373596226673,2400.0,480,440,0.9166666666666666,40,0,444,17,17,15,8,8,3416.1338491830297,7969.459338667193,491.9891552061083,8861.874719245336,40,0.7392350400041323
geometry_early_optical_clear_probe,573632384,11,11,11,1.0,True,826.5480204427582,9092.02822487034,5934.028224870337,29670.141124351685,2615.0,523,492,0.9407265774378585,31,0,488,11,11,11,10,10,2258.7637802056047,4494.115206940616,491.8019423540013,8182.68241439681,40,0.9321738830039976
geometry_early_optical_clear_probe,3173785463,16,16,16,1.0,True,588.2184225640805,9411.494761025288,6907.494761025287,34537.47380512645,2045.0,409,364,0.8899755501222494,45,0,373,18,18,16,13,13,1473.6678036600244,3813.39250868498,1792.2983546129587,9411.494761025288,129,1.314950415995554
geometry_early_optical_clear_probe,1005883526,12,12,12,1.0,True,794.5494979755634,9534.59397570676,6498.593975706758,32492.9698785338,2510.0,502,463,0.9223107569721115,39,0,463,13,13,12,8,8,1695.7705591679878,7642.043859037084,457.5038190886291,9534.59397570676,40,1.1662613859953126
geometry_early_optical_clear_probe,1686810356,11,11,11,1.0,True,836.7564146530572,9204.32056118363,5928.320561183628,29641.602805918148,2710.0,542,511,0.9428044280442804,31,0,508,12,12,11,8,8,1634.1246112507724,5796.118736659272,695.3477459480871,9204.32056118363,60,0.9700099239998963
geometry_early_optical_clear_probe,655310363,13,13,13,1.0,True,686.8858550816141,8929.516116060982,6102.516116060981,30512.58058030491,2330.0,466,429,0.9206008583690987,37,0,432,13,13,13,11,11,2166.613650971735,7100.566391252721,1759.4713147089872,8929.516116060982,139,0.860574294012622
geometry_early_optical_clear_probe,2231358961,16,16,16,1.0,True,599.0882544027525,9585.41207044404,6744.412070444038,33722.06035222022,2325.0,465,419,0.9010752688172043,46,0,430,18,18,16,15,15,1894.8888417642668,7419.54639219733,467.9147167961755,9585.41207044404,40,1.0472357319958974
geometry_early_optical_clear_probe,1446782598,14,14,14,1.0,True,631.5697177476197,8841.976048466677,6159.976048466676,30799.880242333387,2200.0,440,401,0.9113636363636364,39,0,406,16,16,14,14,14,1641.478785257304,6137.714351626059,784.944452505351,8841.976048466677,60,0.8037012250133557
geometry_early_optical_clear_probe,3673808624,10,10,10,1.0,True,861.1555869885169,8611.55586988517,5479.555869885171,27397.779349425866,2595.0,519,490,0.9441233140655106,29,0,484,11,11,10,9,9,2233.3339104413653,5487.612066509613,1298.336723906032,8552.55586988517,97,0.6797326340019936
geometry_early_optical_clear_probe,1545395532,16,16,16,1.0,True,550.6740091968043,8810.784147148868,6092.78414714887,30463.920735744356,2225.0,445,398,0.8943820224719101,47,0,410,17,17,16,17,17,2270.436954208157,5865.459353261316,1321.2569881026748,8810.784147148868,100,1.4374151829979382
geometry_early_optical_clear_probe,311560899,10,10,10,1.0,True,919.347744801598,9193.47744801598,5856.4774480159795,29282.38724007991,2770.0,554,529,0.9548736462093863,25,0,517,10,10,10,6,6,2326.2353434694005,8132.020321543718,738.7241653337951,8876.776349965321,60,0.9097270119964378
geometry_early_optical_clear_probe,2852599726,14,14,14,1.0,True,581.3121831890974,8138.370564647364,5744.3705646473645,28721.852823236834,1965.0,393,356,0.905852417302799,37,0,359,14,14,14,6,6,2132.3165680242496,6760.16100483536,780.4717184329172,8103.370564647364,60,0.8674745119933505
geometry_early_optical_clear_probe,703522911,11,11,11,1.0,True,758.8633385463829,8347.496724010212,5459.496724010213,27297.48362005108,2390.0,478,449,0.9393305439330544,29,0,443,11,11,11,4,4,1168.0324067139786,4471.765743342522,482.9126773462449,8031.201760742329,40,1.0508433950017206
geometry_early_optical_clear_probe,615045160,15,15,15,1.0,True,535.6542806116738,8034.814209175108,5872.814209175107,29364.07104587555,1765.0,353,314,0.8895184135977338,39,0,319,16,16,15,7,7,1903.2370819143657,5451.746456719067,748.6439866429358,8034.814209175108,60,0.9797153810068266
geometry_early_optical_clear_probe,1249426395,15,15,15,1.0,True,576.1371336527599,8642.057004791399,5934.0570047914025,29670.285023957014,2220.0,444,404,0.9099099099099099,40,0,410,16,16,15,10,10,1904.138393640903,4841.303839850997,525.1662612648644,8642.057004791399,40,0.8884717659966554
geometry_early_optical_clear_probe,1271970666,14,14,14,1.0,True,735.89544230724,10302.53619230136,7583.536192301362,37917.680961506805,2230.0,446,406,0.9103139013452914,40,0,410,17,17,14,11,11,2111.731510487783,6796.9618664202435,443.3295652394021,10302.53619230136,40,0.8587095550028607
geometry_early_optical_clear_probe,3416285300,14,14,14,1.0,True,659.7126252203481,9235.976753084873,6646.976753084874,33234.88376542438,2125.0,425,384,0.9035294117647059,41,0,391,15,15,14,8,8,1523.3342734798714,5295.991461820153,960.0926008515702,9235.976753084873,79,0.9298815070069395
geometry_early_optical_clear_probe,2636137342,14,14,14,1.0,True,605.7722659710722,8480.81172359501,5948.811723595014,29744.05861797507,2080.0,416,376,0.9038461538461539,40,0,382,14,14,14,8,8,1876.746672238324,6959.817297671132,428.64309839132915,8445.81172359501,40,0.7877447620121529
geometry_early_optical_clear_probe,886749879,14,14,14,1.0,True,676.7388049969802,9474.343269957722,6921.343269957723,34606.71634978862,2100.0,420,380,0.9047619047619048,40,0,383,14,14,14,11,11,1441.5383423762164,8157.748380718725,1005.0025216132973,9474.343269957722,80,1.1012514369940618
geometry_early_optical_clear_probe,2121814357,16,16,16,1.0,True,545.4009763834063,8726.4156221345,6399.415622134499,31997.07811067252,1900.0,380,337,0.8868421052631579,43,0,347,16,16,16,13,13,1525.390571141997,4839.4110266968755,737.1136576813047,8726.4156221345,60,1.0626735969999572
geometry_early_optical_clear_probe,1043601542,12,12,12,1.0,True,845.9081784255623,10150.898141106747,7096.898141106745,35484.49070553375,2525.0,505,467,0.9247524752475248,38,0,466,13,13,12,11,11,1537.4813866822021,4272.128354675963,750.4849460861532,10150.898141106747,60,0.8817128580121789
geometry_early_optical_clear_probe,1921801016,16,16,16,1.0,True,557.7190763489829,8923.505221583726,6619.505221583725,33097.526107918624,1880.0,376,331,0.8803191489361702,45,0,341,17,17,16,10,10,2237.439954221963,6125.414032850144,427.48646441394123,8923.505221583726,40,1.0058699299988803
geometry_early_optical_clear_probe,840704778,10,10,10,1.0,True,992.687565087124,9926.87565087124,6505.875650871241,32529.378254356223,2835.0,567,533,0.9400352733686067,34,0,530,12,12,10,11,11,1883.6134517617909,6286.014442353104,1312.0149749983732,9926.87565087124,100,1.0801660669967532
geometry_early_optical_clear_probe,1928400947,14,14,14,1.0,True,683.5380427520114,9569.53259852816,6779.5325985281615,33897.66299264081,2290.0,458,421,0.9192139737991266,37,0,424,16,16,14,12,12,2263.776606475064,6976.864066537887,1029.5237565891969,9569.53259852816,78,0.9348417590081226
geometry_early_optical_clear_probe,2099548323,11,11,11,1.0,True,766.928229307441,8436.21052238185,5396.210522381852,26981.052611909265,2510.0,502,471,0.9382470119521913,31,0,469,13,13,11,9,9,1858.0846221977838,7484.596430320555,766.4104527351792,8436.21052238185,59,0.7619391519983765
geometry_early_optical_clear_probe,3459681035,10,10,10,1.0,True,834.0637427101876,8340.637427101876,5490.637427101877,27453.187135509394,2360.0,472,443,0.9385593220338984,29,0,437,11,11,10,8,8,2171.526469350586,6931.39373745621,1558.422833595942,8340.637427101876,116,0.730852031003451
geometry_early_optical_clear_probe,1646065441,14,14,14,1.0,True,573.6492657563865,8031.089720589411,5632.0897205894125,28160.448602947075,1970.0,394,354,0.8984771573604061,40,0,359,14,14,14,10,10,1216.8136383485164,5933.6361007652,481.0813249611829,8031.089720589411,40,0.7971565699990606
geometry_early_optical_clear_probe,3933644532,13,13,13,1.0,True,837.797779707203,10891.371136193638,7590.371136193635,37951.855680968176,2720.0,544,507,0.9319852941176471,37,0,507,16,16,13,10,10,3656.472816090105,6584.229997349151,2092.178405669743,10891.371136193638,160,1.0587832720048027
geometry_early_optical_clear_probe,383875934,11,11,11,1.0,True,732.2385182507609,8054.6237007583695,5163.623700758371,25818.118503791866,2390.0,478,446,0.9330543933054394,32,0,446,11,11,11,6,6,2735.3386570958205,7142.96945605959,1091.03950094191,8054.6237007583695,79,0.7378768229973502
geometry_early_optical_clear_probe,413579511,11,11,11,1.0,True,822.5277811367213,9047.805592503933,5841.805592503936,29209.027962519685,2655.0,531,500,0.9416195856873822,31,0,496,11,11,11,7,7,2760.5479526525282,6989.592205235726,1589.5194342003065,9047.805592503933,120,0.8788119870005175
geometry_early_optical_clear_probe,3046689866,15,15,15,1.0,True,565.8031142900605,8487.046714350909,6177.046714350909,30885.23357175455,1890.0,378,332,0.8783068783068783,46,0,345,15,15,15,17,17,1608.023628945204,6353.684094043654,1051.0589260736745,8121.857482491954,80,0.9196267529914621
geometry_early_optical_clear_probe,3422206866,13,13,13,1.0,True,779.420340089798,10132.464421167373,7024.46442116737,35122.32210583686,2565.0,513,477,0.9298245614035088,36,0,475,14,14,13,9,9,3620.1563057433796,7234.837236326532,1272.1301809660001,10132.464421167373,100,0.7812410750048002
geometry_early_optical_clear_probe,4153414896,15,15,15,1.0,True,577.7464042127849,8666.196063191774,6245.196063191772,31225.980315958863,1985.0,397,355,0.8942065491183879,42,0,361,15,15,15,9,9,1875.248394282953,7635.667767208397,425.51219150834186,7948.092650534589,40,0.8178795340063516
geometry_early_optical_clear_probe,384881628,12,12,12,1.0,True,696.2721469429993,8355.26576331599,5695.265763315991,28476.328816579957,2195.0,439,403,0.9179954441913439,36,0,405,12,12,12,12,12,1169.731252028823,5442.891450475775,1802.1863681098246,8355.26576331599,131,0.8111655980028445
geometry_early_optical_clear_probe,219761397,14,14,14,1.0,True,621.1169897614826,8695.637856660756,5851.637856660757,29258.189283303796,2335.0,467,425,0.9100642398286938,42,0,433,16,16,14,12,12,2154.921266663781,7369.8940674483365,472.59136139049264,8695.637856660756,40,0.9424200299981749
geometry_early_optical_clear_probe,857017811,10,10,10,1.0,True,838.9434687100678,8389.434687100678,5500.434687100678,27502.1734355034,2395.0,479,453,0.9457202505219207,26,0,444,10,10,10,3,3,1962.3373052629518,5292.7963662227885,1007.9092231399648,8330.434687100678,80,0.6444067420088686
geometry_early_optical_clear_probe,1274959081,12,12,12,1.0,True,704.8091991851879,8457.710390222255,5701.710390222254,28508.551951111287,2275.0,455,421,0.9252747252747253,34,0,421,12,12,12,6,6,2588.766503045909,6228.236464644293,456.9422431121979,7852.390395932935,40,0.7154610389989102
geometry_early_optical_clear_probe,3672622378,16,16,16,1.0,True,566.0348808136271,9056.558093018033,6560.558093018034,32802.790465090184,2035.0,407,357,0.8771498771498771,50,0,375,18,18,16,13,13,1658.8109003520917,5213.100721510342,744.7725069723886,9056.558093018033,60,1.132645516001503
geometry_early_optical_clear_probe,1584541224,10,10,10,1.0,True,923.7023451615814,9237.023451615814,5972.0234516158125,29860.117258079074,2710.0,542,518,0.955719557195572,24,0,505,10,10,10,9,9,2811.7301165004255,8675.63124457212,1246.6189420099936,9237.023451615814,99,0.738748977004434
geometry_early_optical_clear_probe,899668720,13,13,13,1.0,True,682.9663874106019,8878.563036337824,6069.563036337826,30347.815181689137,2315.0,463,435,0.9395248380129589,28,0,429,13,13,13,2,2,3577.3968660302753,8297.835902829573,487.2558239562465,8878.563036337824,40,0.6004210469982354
geometry_early_optical_clear_probe,1716276002,15,15,15,1.0,True,536.0345106421481,8040.517659632223,5697.5176596322235,28487.58829816112,1920.0,384,342,0.890625,42,0,348,15,15,15,10,10,1283.6405842802546,6840.897197494616,522.0371328996213,8040.517659632223,40,1.0982814430026338
geometry_early_optical_clear_probe,1399639212,12,12,12,1.0,True,706.1593595541293,8473.912314649551,5517.912314649552,27589.561573247778,2440.0,488,455,0.9323770491803278,33,0,453,13,13,12,5,5,3237.6781334978,7635.997602978377,2296.927248422706,8473.912314649551,164,0.7317716489924351
geometry_early_optical_clear_probe,3384812757,16,16,16,1.0,True,566.9469273135404,9071.150837016647,6719.150837016646,33595.75418508324,1920.0,384,344,0.8958333333333334,40,0,349,17,17,16,12,12,2367.842967966902,6410.771598602335,496.58780484578824,9071.150837016647,40,0.8421121110004606
geometry_early_optical_clear_probe,4022198991,13,13,13,1.0,True,677.0087154469434,8801.113300810264,5940.113300810262,29700.566504051327,2355.0,471,435,0.9235668789808917,36,0,438,14,14,13,12,12,2330.0922669907354,6897.753099940328,973.0716543759936,8801.113300810264,80,0.7595556489977753
geometry_early_optical_clear_probe,3197945579,15,15,15,1.0,True,566.906205826939,8503.593087404084,6178.593087404082,30892.965437020444,1900.0,380,339,0.8921052631578947,41,0,344,17,17,15,15,15,1208.4121947033996,7413.48611576337,932.9899001085238,8503.593087404084,78,1.161449065009947
geometry_early_optical_clear_probe,2008089656,10,10,10,1.0,True,838.7610784256512,8387.610784256512,5542.6107842565125,27713.053921282575,2360.0,472,450,0.9533898305084746,22,0,435,10,10,10,3,3,1870.0276123522683,6495.104830334238,434.30227000397457,7728.181358284607,40,0.7016432140080724
geometry_early_optical_clear_probe,1639626827,12,12,12,1.0,True,755.4847922538625,9065.81750704635,6204.817507046348,31024.087535231745,2365.0,473,441,0.9323467230443975,32,0,436,12,12,12,8,8,1819.6234547701654,7079.483254726545,759.4065671392016,9065.81750704635,60,0.9838665110000875
geometry_early_optical_clear_probe,598628366,16,16,16,1.0,True,534.5862568900266,8553.380110240425,6168.380110240423,30841.900551202132,1945.0,389,348,0.8946015424164524,41,0,354,18,18,16,12,12,1120.1813824632438,4607.82715935026,546.1760754331818,8553.380110240425,40,1.3501655830041273
geometry_early_optical_clear_probe,582990088,15,15,15,1.0,True,572.239100665944,8583.58650998916,6022.586509989158,30112.932549945806,2100.0,420,384,0.9142857142857143,36,0,386,15,15,15,8,8,2711.1052555697433,7803.44445060782,445.5824117962574,8218.297465024529,40,0.7677906619937858
geometry_early_optical_clear_probe,708638901,15,15,15,1.0,True,558.1285692154437,8371.928538231656,6043.928538231656,30219.64269115828,1905.0,381,345,0.905511811023622,36,0,348,15,15,15,5,5,2145.0212048021963,6626.948766847598,755.9057927881954,8200.290956832867,60,0.825452753007994
geometry_early_optical_clear_probe,1599036420,11,11,11,1.0,True,854.3766105335668,9398.142715869235,6504.142715869232,32520.71357934617,2390.0,478,449,0.9393305439330544,29,0,443,13,13,11,8,8,1983.886163250562,5812.322613527472,984.5305227121428,9398.142715869235,80,0.7333766249939799
geometry_early_optical_clear_probe,656956182,12,12,12,1.0,True,640.4752478241679,7685.702973890015,5277.7029738900155,26388.51486945009,1985.0,397,364,0.9168765743073047,33,0,363,12,12,12,8,8,1227.735044564539,5027.946585658314,492.86037602686497,6063.050933906605,40,0.648903146997327
geometry_early_optical_clear_probe,1102681084,11,11,11,1.0,True,856.4040989995893,9420.445088995482,6061.445088995483,30307.225444977426,2780.0,556,530,0.9532374100719424,26,0,521,12,12,11,7,7,3543.918675587176,5784.474059372311,1777.8239984891454,9420.445088995482,140,0.8248260770051274
geometry_early_optical_clear_probe,2906804352,11,11,11,1.0,True,897.2110313559247,9869.321344915172,6844.321344915171,34221.60672457587,2505.0,501,470,0.93812375249501,31,0,462,12,12,11,8,8,1867.4852593742746,7331.264021817559,430.9422080378555,9869.321344915172,40,0.6072472130035749
geometry_early_optical_clear_probe,3306143313,13,13,13,1.0,True,704.3200859486375,9156.161117332287,6204.161117332286,31020.805586661452,2435.0,487,453,0.9301848049281314,34,0,452,13,13,13,10,10,2532.1141043623993,8773.891054001695,1334.4649084945904,9115.161117332287,97,0.7648595729988301
geometry_early_optical_clear_probe,1100963384,11,11,11,1.0,True,790.6427497311197,8697.070247042317,5907.070247042317,29535.351235211594,2300.0,460,427,0.9282608695652174,33,0,429,13,13,11,10,10,1375.6569670744584,5859.525671147274,524.1918909638885,8697.070247042317,40,0.9155473680002615
geometry_early_optical_clear_probe,3851461727,15,15,15,1.0,True,561.3600335458779,8420.400503188168,6064.40050318817,30322.002515940854,1930.0,386,348,0.9015544041450777,38,0,351,15,15,15,6,6,2625.6644758640923,7887.9910031577165,1041.9246496818691,8420.400503188168,79,0.7773929840041092
geometry_early_optical_clear_probe,938058685,10,10,10,1.0,True,805.2306823724587,8052.306823724586,5138.30682372459,25691.534118622953,2415.0,483,457,0.9461697722567288,26,0,449,10,10,10,5,5,1511.9019801819054,4401.744109040877,1485.8221907239488,7580.502399588427,112,0.8318063720071223
geometry_early_optical_clear_probe,2888538915,14,14,14,1.0,True,613.9496137261784,8595.294592166498,5877.294592166499,29386.472960832496,2235.0,447,409,0.9149888143176734,38,0,413,14,14,14,10,10,2062.187124166806,4993.5435333127025,469.50510328837163,8595.294592166498,40,0.8633404760039411
geometry_early_optical_clear_probe,3935067059,12,12,12,1.0,True,729.7024327509495,8756.429193011394,5971.429193011392,29857.14596505697,2300.0,460,428,0.9304347826086956,32,0,425,12,12,12,7,7,2688.766561358278,7156.3855667461585,2092.0440522388412,8521.275480000057,150,0.6558315970032709
geometry_early_optical_clear_probe,2098771963,16,16,16,1.0,True,591.3673495059945,9461.877592095912,6630.8775920959115,33154.387960479566,2320.0,464,417,0.8987068965517241,47,0,428,17,17,16,11,11,3066.322378256079,8617.116236822627,755.5972830590939,9461.877592095912,60,1.0355802069971105
geometry_early_optical_clear_probe,1166058243,16,16,16,1.0,True,591.0728968890917,9457.166350225467,7051.166350225469,35255.83175112735,1965.0,393,349,0.8880407124681934,44,0,358,17,17,16,8,8,1866.1568885882803,5177.862017708442,474.31406544752093,9457.166350225467,40,0.9482324599957792
geometry_early_optical_clear_probe,991809404,11,11,11,1.0,True,760.7983980488804,8368.782378537684,5439.782378537683,27198.911892688426,2420.0,484,457,0.9442148760330579,27,0,451,12,12,11,7,7,2867.4775002172833,7038.754510440721,499.7837065526569,8368.782378537684,40,0.696381564004696
geometry_early_optical_clear_probe,2810366105,14,14,14,1.0,True,665.3349310209479,9314.689034293271,6763.6890342932675,33818.445171466345,2090.0,418,370,0.8851674641148325,48,0,382,17,17,14,16,16,933.1335158722634,3092.4659964324915,1013.3696638979251,8028.115260666825,80,1.3794058260100428
geometry_early_optical_clear_probe,2614770712,15,15,15,1.0,True,550.8133171041089,8262.199756561635,6187.199756561634,30935.998782808183,1695.0,339,300,0.8849557522123894,39,0,305,15,15,15,11,11,1096.2518720279697,3893.1750270581633,1536.9404426776455,7453.993480525378,109,1.2115601310069906
geometry_early_optical_clear_probe,1241290538,16,16,16,1.0,True,439.8584316489098,7037.734906382557,5006.734906382558,25033.67453191279,1650.0,330,284,0.8606060606060606,46,0,301,16,16,16,11,11,1083.9968354901857,5235.818459946088,502.0076557536863,7037.734906382557,40,0.8427877930080285
geometry_early_optical_clear_probe,376739330,14,14,14,1.0,True,635.951365484878,8903.319116788292,6337.319116788293,31686.59558394148,2110.0,422,385,0.9123222748815166,37,0,386,14,14,14,12,12,2031.861480216576,6031.450862876108,515.6403559337142,8903.319116788292,40,0.7858916230034083
geometry_early_optical_clear_probe,3950951426,13,13,13,1.0,True,670.2808378395769,8713.6508919145,5580.650891914501,27903.2544595725,2585.0,517,480,0.9284332688588007,37,0,483,13,13,13,6,6,3481.023979471616,6502.365202924576,2066.5860535114743,8713.6508919145,158,0.9130215519980993
geometry_early_optical_clear_probe,1642137972,12,12,12,1.0,True,717.9538131288274,8615.44575754593,5973.445757545927,29867.228787729648,2180.0,436,402,0.9220183486238532,34,0,402,12,12,12,5,5,1724.5021732085781,5730.159458451209,478.69380715896943,6847.492622490885,40,0.8658734780037776
geometry_early_optical_clear_probe,229244535,10,10,10,1.0,True,913.2592668680145,9132.592668680145,6146.592668680143,30732.963343400723,2475.0,495,468,0.9454545454545454,27,0,458,11,11,10,6,6,1393.1910314566308,6948.535812831265,424.55454716243923,8097.326939173823,40,1.0178604450047715
geometry_early_optical_clear_probe,1027369808,15,15,15,1.0,True,545.4538984372314,8181.808476558471,5514.808476558472,27574.042382792362,2190.0,438,397,0.906392694063927,41,0,402,15,15,15,11,11,2358.875553066667,4447.0849669302115,421.5748630140396,7657.926843936267,40,0.887338874003035
geometry_early_optical_clear_probe,3335065241,12,12,12,1.0,True,801.3754930468887,9616.505916562664,6329.505916562663,31647.529582813328,2715.0,543,508,0.9355432780847146,35,0,509,13,13,12,7,7,3685.308429274856,7879.274076191572,1495.2413455795522,9175.474898452778,120,0.7491701600083616
geometry_early_optical_clear_probe,1567190891,11,11,11,1.0,True,928.1982349019931,10210.180583921925,6942.180583921925,34710.90291960963,2710.0,542,513,0.9464944649446494,29,0,503,11,11,11,11,11,2884.881936694127,7669.379749525666,758.9631400359873,10210.180583921925,60,0.754698479999206
geometry_early_optical_clear_probe,3744735752,15,15,15,1.0,True,572.652530659808,8589.78795989712,5912.787959897118,29563.939799485594,2195.0,439,398,0.9066059225512528,41,0,404,16,16,15,15,15,2546.576648043153,7247.105837451377,1235.8282459564462,8589.78795989712,100,0.9499360969930422
geometry_early_optical_clear_probe,845526070,13,13,13,1.0,True,778.2920181527279,10117.796235985463,7126.796235985461,35633.981179927316,2470.0,494,455,0.9210526315789473,39,0,453,14,14,13,9,9,2300.5702140945077,7235.578798348111,800.1571991956882,10117.796235985463,60,0.9996611840033438
geometry_early_optical_clear_probe,4114946984,10,10,10,1.0,True,936.3413492415881,9363.41349241588,6208.413492415874,31042.06746207939,2615.0,523,494,0.9445506692160612,29,0,490,10,10,10,6,6,1786.1711242718816,5943.18649471586,696.5209102150657,9303.41349241588,60,0.8567610239988426
geometry_early_optical_clear_probe,4228634731,12,12,12,1.0,True,691.7713489000985,8301.256186801182,5543.256186801182,27716.280934005925,2275.0,455,425,0.9340659340659341,30,0,420,13,13,12,6,6,683.3300296453203,2454.7972419227926,512.7709708160791,7902.029123524027,40,1.0715529909939505
geometry_early_optical_clear_probe,3259678935,10,10,10,1.0,True,907.0913764109224,9070.913764109224,5843.913764109222,29219.568820546127,2675.0,535,506,0.9457943925233645,29,0,499,11,11,10,5,5,2443.3230712932846,5742.332512065523,742.0187009427003,9070.913764109224,60,0.6829232169984607
geometry_early_optical_clear_probe,2092940148,15,15,15,1.0,True,565.6009997841448,8484.014996762173,5770.014996762174,28850.07498381087,2225.0,445,402,0.903370786516854,43,0,411,16,16,15,8,8,2304.0407550813625,6048.16860324765,495.37973092758466,8484.014996762173,40,1.1129216140107019
geometry_early_optical_clear_probe,746292197,15,15,15,1.0,True,658.7073965534801,9880.610948302201,7281.610948302199,36408.05474151101,2130.0,426,380,0.892018779342723,46,0,388,17,17,15,13,13,2576.5054791174193,7742.034541364723,451.8658281662596,9880.610948302201,40,0.9663217329944018
geometry_early_optical_clear_probe,1148457386,13,13,13,1.0,True,699.3426714448451,9091.454728782986,6311.454728782985,31557.273643914938,2290.0,458,419,0.9148471615720524,39,0,422,14,14,13,12,12,1714.8062225399333,7478.1075988775365,758.1673031329432,9091.454728782986,60,0.9351360989967361
geometry_early_optical_clear_probe,2577180729,12,12,12,1.0,True,659.152719871806,7909.832638461671,5154.832638461672,25774.163192308377,2275.0,455,425,0.9340659340659341,30,0,420,12,12,12,6,6,2234.4492111535815,5678.873544923963,2469.1570418134293,7909.832638461671,172,0.6135642870067386
geometry_early_optical_clear_probe,1746847278,10,10,10,1.0,True,848.597855341019,8485.97855341019,5579.978553410191,27899.89276705097,2410.0,482,452,0.9377593360995851,30,0,446,10,10,10,6,6,2082.306934534447,5543.85728475846,420.6548359565143,8485.97855341019,40,0.6237538280111039
geometry_early_optical_clear_probe,2804270714,11,11,11,1.0,True,727.4566887116947,8002.023575828642,5083.0235758286435,25415.11787914323,2415.0,483,452,0.9358178053830227,31,0,449,11,11,11,10,10,1873.2073644649827,5830.876314183746,1818.8653225702683,7949.023575828642,132,0.5469077040033881
geometry_early_optical_clear_probe,1899265126,11,11,11,1.0,True,708.2698754019499,7790.968629421449,5105.96862942145,25529.84314710725,2220.0,444,410,0.9234234234234234,34,0,410,11,11,11,7,7,1304.4710517368198,3403.793153532399,772.0450511047651,7349.414300138772,60,0.6565172529953998
geometry_early_optical_clear_probe,2255145127,12,12,12,1.0,True,746.6643021154522,8959.971625385426,6066.971625385425,30334.858126927134,2390.0,478,445,0.9309623430962343,33,0,443,12,12,12,5,5,3055.615745009387,5375.976018523849,1775.725270824007,8959.971625385426,132,0.7330442870006664
geometry_early_optical_clear_probe,2972936852,10,10,10,1.0,True,872.4573679774976,8724.573679774976,5703.573679774978,28517.86839887491,2505.0,501,476,0.9500998003992016,25,0,466,10,10,10,1,1,2690.7116593279743,8154.290719533163,1021.8928647923052,8724.573679774976,79,0.7657877279998502
geometry_early_optical_clear_probe,822386911,10,10,10,1.0,True,933.8216379886966,9338.216379886966,6162.216379886964,30811.081899434837,2635.0,527,503,0.9544592030360531,24,0,491,10,10,10,3,3,3109.0722830872246,7135.4099645652705,1275.2557819894805,9338.216379886966,98,0.6458807369926944
geometry_early_optical_clear_probe,3940737212,14,14,14,1.0,True,539.7958354094708,7557.141695732591,5430.141695732592,27150.708478662968,1740.0,348,308,0.8850574712643678,40,0,317,14,14,14,15,15,765.4325985912358,3291.6685306911972,483.83836768378023,7203.988463467474,40,1.1111029799940297
geometry_early_optical_clear_probe,2313892373,11,11,11,1.0,True,768.1167924589779,8449.284717048757,5380.284717048758,26901.423585243796,2540.0,508,476,0.937007874015748,32,0,474,11,11,11,8,8,2186.5302480572927,4244.833246947173,741.8215064187873,8277.36531414279,60,0.8393852270091884
geometry_early_optical_clear_probe,3065103034,13,13,13,1.0,True,657.924551156473,8553.019165034148,5738.019165034149,28690.09582517075,2320.0,464,424,0.9137931034482759,40,0,430,13,13,13,8,8,3033.409900998163,6831.329081592502,1291.4343413324402,8553.019165034148,100,0.8788214390078792
geometry_early_optical_clear_probe,3660659533,11,11,11,1.0,True,799.3144089891364,8792.4584988805,5636.458498880499,28182.292494402504,2615.0,523,495,0.9464627151051626,28,0,486,11,11,11,5,5,3445.8254902460208,6879.570994594059,732.1313400361674,8007.0925883781665,60,0.5830706330016255
geometry_early_optical_clear_probe,3641525710,10,10,10,1.0,True,901.0940917422558,9010.940917422558,5769.940917422558,28849.7045871128,2685.0,537,506,0.9422718808193669,31,0,503,11,11,10,7,7,2889.627947762873,7635.173969995762,406.0897077109025,8596.772294772836,40,0.8898928760027047
geometry_early_optical_clear_probe,328655490,15,15,15,1.0,True,571.6723465192025,8575.085197788037,6150.085197788039,30750.42598894021,1985.0,397,353,0.889168765743073,44,0,362,16,16,15,12,12,1725.2502624257202,5391.456641563007,991.6809144069047,8575.085197788037,80,1.1350147670018487
geometry_early_optical_clear_probe,3981546793,16,16,16,1.0,True,496.5328651135745,7944.525841817192,5672.525841817192,28362.629209085953,1855.0,371,326,0.8787061994609164,45,0,337,16,16,16,12,12,1995.9062349576288,7449.535059439598,426.2323642222705,7944.525841817192,40,0.721272239999962
geometry_early_optical_clear_probe,3567679890,15,15,15,1.0,True,544.6867633460896,8170.301450191345,5621.301450191345,28106.507250956736,2085.0,417,375,0.8992805755395683,42,0,386,16,16,15,8,8,2805.7172509853376,7590.874021788387,432.02223662772815,8000.4642909771155,40,0.5143743820080999
geometry_early_optical_clear_probe,2061064181,13,13,13,1.0,True,616.1727265471077,8010.2454451124,5302.2454451124,26511.227225562012,2230.0,446,409,0.9170403587443946,37,0,413,13,13,13,12,12,1380.3530117684159,3847.9098483127777,511.93474589135246,7221.390283565514,40,0.9815735159936594
geometry_early_optical_clear_probe,2802750833,12,12,12,1.0,True,759.1447706683334,9109.737248020001,6225.73724802,31128.686240100003,2385.0,477,440,0.9224318658280922,37,0,439,12,12,12,12,12,1465.867935354381,4848.5270677244725,2050.9392135628063,9109.737248020001,148,0.9775126180029474
geometry_early_optical_clear_probe,1533617377,12,12,12,1.0,True,668.0495292002904,8016.594350403485,5549.594350403485,27747.971752017438,2035.0,407,374,0.918918918918919,33,0,372,12,12,12,10,10,1095.7397681485968,3889.6325672302646,508.8282716529551,5438.55443242397,40,0.7845599739957834
geometry_early_optical_clear_probe,1181485716,13,13,13,1.0,True,658.3531855003135,8558.591411504076,6010.591411504077,30052.957057520387,2095.0,419,382,0.9116945107398569,37,0,382,15,15,13,7,7,1964.6091428948212,4019.375509035941,407.08360519931017,8558.591411504076,40,0.7849175409937743
geometry_early_optical_clear_probe,3523489941,12,12,12,1.0,True,676.5350540033311,8118.420648039973,5571.420648039972,27857.103240199864,2100.0,420,387,0.9214285714285714,33,0,384,13,13,12,8,8,1547.4586105627152,5685.546624244587,673.7747854077443,8118.420648039973,60,0.7552743859996554
geometry_early_optical_clear_probe,689561197,10,10,10,1.0,True,942.0042568605022,9420.042568605022,6510.04256860502,32550.21284302511,2410.0,482,455,0.9439834024896265,27,0,447,11,11,10,9,9,1258.5258079074824,2803.56307404955,750.8414342761703,8591.856351771878,60,0.7264610580023145
geometry_early_optical_clear_probe,1820929432,16,16,16,1.0,True,556.9306637698189,8910.890620317103,6468.890620317102,32344.45310158552,2000.0,400,351,0.8775,49,0,362,16,16,16,10,10,1570.3753413573493,6153.104066774772,495.13454633099343,8910.890620317103,40,1.1267584209999768
geometry_early_optical_clear_probe,2192088342,10,10,10,1.0,True,893.436289561551,8934.36289561551,5626.362895615512,28131.814478077573,2745.0,549,525,0.9562841530054644,24,0,513,10,10,10,7,7,1313.238248743021,2786.082263851965,696.7602466779582,8655.34945575565,60,1.0884980160044506
geometry_early_optical_clear_probe,2962979008,16,16,16,1.0,True,508.79096679122586,8140.655468659614,5938.655468659615,29693.277343298083,1795.0,359,315,0.8774373259052924,44,0,324,17,17,16,9,9,2010.0185278693093,7346.023339952478,758.6812517374493,8140.655468659614,58,1.3189998000016203
geometry_early_optical_clear_probe,2113983127,15,15,15,1.0,True,540.3150080172802,8104.725120259203,5959.725120259204,29798.625601296026,1750.0,350,313,0.8942857142857142,37,0,317,16,16,15,8,8,1104.0302055143286,4733.400506611251,458.5806800824364,8104.725120259203,40,1.0263937639974756
geometry_early_optical_clear_probe,1766861202,16,16,16,1.0,True,541.86794395576,8669.88710329216,6163.887103292159,30819.435516460806,2050.0,410,369,0.9,41,0,376,16,16,16,10,10,2711.5377503505833,7674.342775654881,744.3298430670521,8669.88710329216,60,0.7816816859995015
geometry_early_optical_clear_probe,3430214623,10,10,10,1.0,True,797.8167217176463,7978.167217176463,4991.167217176464,24955.83608588233,2475.0,495,467,0.9434343434343434,28,0,462,10,10,10,7,7,1380.939063417344,6492.86466574182,490.13063783485086,7919.167217176463,40,0.823338018002687
geometry_early_optical_clear_probe,274738447,14,14,14,1.0,True,579.3976599700843,8111.567239581181,5617.567239581181,28087.836197905912,2050.0,410,373,0.9097560975609756,37,0,374,14,14,14,5,5,2192.832028701033,7155.27547138639,1918.9870575703308,8111.567239581181,140,0.8350782979978248
geometry_early_optical_clear_probe,809477852,12,12,12,1.0,True,679.3916602275407,8152.699922730489,5475.699922730489,27378.49961365246,2210.0,442,410,0.9276018099547512,32,0,407,12,12,12,10,10,1268.36414869331,4825.774160158751,453.08758287394556,6461.821041682044,40,0.8506166739971377
geometry_early_optical_clear_probe,3127224517,15,15,15,1.0,True,564.5697858586851,8468.546787880277,6136.546787880277,30682.73393940139,1905.0,381,333,0.8740157480314961,48,0,349,16,16,15,16,16,1740.7980450218433,7721.842961754846,742.3227275539199,8468.546787880277,60,1.2669234219938517
geometry_early_optical_clear_probe,3967441937,15,15,15,1.0,True,548.4929524470828,8227.394286706241,5908.3942867062415,29541.971433531216,1895.0,379,337,0.8891820580474934,42,0,343,17,17,15,11,11,2044.9803615020958,6490.140908869666,501.2075688481567,8227.394286706241,40,0.8968171149899717
geometry_early_optical_clear_probe,4249194690,16,16,16,1.0,True,540.6312087668866,8650.099340270186,6044.099340270187,30220.496701350938,2130.0,426,388,0.9107981220657277,38,0,393,17,17,16,12,12,2820.132709370824,7597.991924279649,724.5067323203057,8650.099340270186,60,0.7929565589874983
geometry_early_optical_clear_probe,2013008963,15,15,15,1.0,True,607.0909483547847,9106.364225321771,6865.364225321772,34326.82112660888,1830.0,366,324,0.8852459016393442,42,0,330,17,17,15,15,15,1325.2504496891097,7371.618974662628,1017.6645702215769,9106.364225321771,77,1.221349649989861
geometry_early_optical_clear_probe,3727686357,13,13,13,1.0,True,652.2734214733771,8479.554479153901,5954.554479153904,29772.77239576952,2075.0,415,380,0.9156626506024096,35,0,382,14,14,13,8,8,1743.7715787580803,4699.591070691859,543.5649153530419,8479.554479153901,40,0.8271260670007905
geometry_early_optical_clear_probe,3021474085,15,15,15,1.0,True,522.6545233790177,7839.817850685266,5830.817850685266,29154.08925342634,1635.0,327,288,0.8807339449541285,39,0,296,16,16,15,7,7,1305.5475845101084,4761.228652221389,422.92878057302005,5714.1842148558235,40,0.8641787380038295
geometry_early_optical_clear_probe,45112010,12,12,12,1.0,True,739.7379955799639,8876.855946959568,6083.855946959567,30419.279734797845,2305.0,461,426,0.9240780911062907,35,0,428,12,12,12,10,10,1406.3584824191366,4990.069641262527,1976.773230762979,8829.855946959568,154,0.817123448010534
geometry_early_optical_clear_probe,2346204686,16,16,16,1.0,True,519.1047348365313,8305.6757573845,5617.6757573845025,28088.378786922527,2200.0,440,400,0.9090909090909091,40,0,408,16,16,16,16,16,1446.9229155512041,5339.962057778313,683.2906211968775,8305.6757573845,60,1.1572641509992536
geometry_early_optical_clear_probe,502103887,14,14,14,1.0,True,635.8199885661555,8901.479839926178,6125.47983992618,30627.399199630905,2280.0,456,417,0.9144736842105263,39,0,423,15,15,14,11,11,1584.7093457325966,4315.6317963448755,1291.64527659168,8718.258082554314,100,0.898582569003338
geometry_early_optical_clear_probe,960918529,13,13,13,1.0,True,724.5545221050071,9419.208787365093,6403.2087873650935,32016.043936825477,2485.0,497,460,0.9255533199195171,37,0,463,14,14,13,8,8,3062.1522620698843,6188.190145714266,723.2647410914226,9419.208787365093,60,0.834942563000368
geometry_early_optical_clear_probe,1092234160,14,14,14,1.0,True,616.8736128719003,8636.230580206604,5921.230580206606,29606.152901033034,2230.0,446,410,0.9192825112107623,36,0,412,15,15,14,9,9,1617.6229886213039,5352.1804601745625,1253.4647442864166,8636.230580206604,95,0.940905682000448
geometry_early_optical_clear_probe,2988499858,11,11,11,1.0,True,812.632203441298,8938.954237854277,6096.9542378542765,30484.771189271392,2345.0,469,439,0.9360341151385928,30,0,436,13,13,11,10,10,810.6837343322821,5534.6745063189255,771.6109387697267,8938.954237854277,60,0.7256409840047127
geometry_early_optical_clear_probe,4139245850,15,15,15,1.0,True,588.9572503826176,8834.358755739264,6003.358755739266,30016.793778696334,2325.0,465,425,0.9139784946236559,40,0,431,15,15,15,10,10,2391.6538771980927,6666.4173467585,721.7588245616076,8648.027176373991,60,0.8993704029999208
geometry_early_optical_clear_probe,4175916001,10,10,10,1.0,True,914.3129609213547,9143.129609213547,6195.129609213544,30975.648046067734,2445.0,489,464,0.9488752556237219,25,0,453,10,10,10,6,6,2239.097079292473,6978.725793665018,782.6613130130976,8280.576124763551,60,0.7159652739937883
geometry_early_optical_clear_probe,3528141486,14,14,14,1.0,True,625.5349924904503,8757.489894866305,5960.489894866305,29802.44947433154,2300.0,460,422,0.9173913043478261,38,0,427,14,14,14,10,10,2412.6680284996296,8099.33184115942,488.62579729187064,8757.489894866305,40,0.9019216000015149
geometry_early_optical_clear_probe,2255782435,15,15,15,1.0,True,602.0577200298561,9030.865800447842,6275.865800447841,31379.329002239214,2255.0,451,407,0.9024390243902439,44,0,419,17,17,15,10,10,3143.099001133244,8082.195067331879,753.4267261733113,9030.865800447842,59,0.7782063529884908
geometry_early_optical_clear_probe,1543880199,15,15,15,1.0,True,624.2353783570975,9363.530675356462,6255.530675356464,31277.653376782324,2555.0,511,468,0.9158512720156555,43,0,475,16,16,15,10,10,3391.739129287435,8305.19088735261,1793.481181650978,9363.530675356462,138,1.0651875579933403
geometry_early_optical_clear_probe,2449564029,10,10,10,1.0,True,777.7275345968399,7777.275345968398,5056.2753459684,25281.37672984201,2255.0,451,421,0.9334811529933481,30,0,416,10,10,10,3,3,1428.5832125253778,3892.833818985014,512.8354942676029,7718.275345968398,40,0.677601699004299
geometry_early_optical_clear_probe,935194577,11,11,11,1.0,True,797.9538086564019,8777.49189522042,5807.491895220421,29037.45947610212,2460.0,492,461,0.9369918699186992,31,0,455,11,11,11,6,6,2208.2850496032847,5295.929353440915,489.4091009292025,8777.49189522042,40,0.8781447590008611
geometry_early_optical_clear_probe,1205962401,14,14,14,1.0,True,599.8695271711798,8398.173380396518,5888.173380396516,29440.866901982594,2060.0,412,380,0.9223300970873787,32,0,377,15,15,14,5,5,2695.0247785943106,7410.242244800731,465.6435966184362,8398.173380396518,40,0.6268055039981846
geometry_early_optical_clear_probe,3686490027,15,15,15,1.0,True,487.2931712911402,7309.397569367103,4918.397569367104,24591.987846835527,1955.0,391,354,0.9053708439897699,37,0,361,15,15,15,8,8,1702.9847380626475,5112.0341601893415,699.9589431014815,7309.397569367103,60,0.6149753039935604
geometry_early_optical_clear_probe,331586375,12,12,12,1.0,True,659.6599832947824,7915.919799537389,5534.919799537389,27674.598997686953,1955.0,391,359,0.9181585677749361,32,0,360,14,14,12,9,9,957.9323599623784,2680.7181322562433,465.9333732999436,7433.63605910564,40,0.7024685829965165
geometry_early_optical_clear_probe,52707844,15,15,15,1.0,True,518.8657466556607,7782.986199834911,5398.986199834911,26994.930999174558,1950.0,390,346,0.8871794871794871,44,0,359,15,15,15,10,10,1199.1371820948586,2926.9501625295807,738.5034968518387,7782.986199834911,60,1.2315323500079103
geometry_early_optical_clear_probe,2595598295,15,15,15,1.0,True,560.2104773752015,8403.157160628023,5904.157160628025,29520.785803140134,2045.0,409,368,0.8997555012224939,41,0,376,16,16,15,15,15,2071.2855750179024,5066.201200402974,793.8154652634539,8203.7610003152,60,0.8394603669876233
geometry_early_optical_clear_probe,307530848,10,10,10,1.0,True,893.3145655715065,8933.145655715065,5807.145655715064,29035.72827857533,2590.0,518,488,0.9420849420849421,30,0,483,11,11,10,10,10,1435.309990300595,7632.841826987753,1221.7683037396196,8933.145655715065,96,0.9136213169986149
geometry_early_optical_clear_probe,1409784156,15,15,15,1.0,True,556.2007675783038,8343.011513674557,5836.011513674559,29180.057568372806,2055.0,411,368,0.8953771289537713,43,0,377,15,15,15,12,12,1221.4507981881059,3982.8952549317205,488.02548004205653,8343.011513674557,40,1.4211963249981636
geometry_early_optical_clear_probe,1734877724,15,15,15,1.0,True,525.5019187618612,7882.528781427918,5605.528781427919,28027.64390713961,1865.0,373,329,0.8820375335120644,44,0,337,15,15,15,12,12,1131.9589069915594,3816.269815638352,489.3536218033106,7882.528781427918,40,1.2340187929949025
geometry_early_optical_clear_probe,3078631734,16,16,16,1.0,True,545.4849096876726,8727.758555002762,6073.758555002763,30368.792775013808,2170.0,434,388,0.8940092165898618,46,0,401,17,17,16,13,13,2847.0891930168345,6679.811431115448,499.1334371393853,8727.758555002762,40,0.9221316019975347
geometry_early_optical_clear_probe,3827583976,10,10,10,1.0,True,807.1410686974602,8071.410686974603,5353.410686974604,26767.053434873033,2250.0,450,423,0.94,27,0,418,10,10,10,5,5,1858.9921843181844,6559.274259393178,1245.7126521134016,7075.384905740868,96,0.5069668189971708
geometry_early_optical_clear_probe,2105084226,10,10,10,1.0,True,793.7897942581544,7937.897942581544,5107.897942581545,25539.48971290774,2345.0,469,442,0.9424307036247335,27,0,435,10,10,10,7,7,1493.6859543268736,5629.639535987341,504.6891646555955,6216.535334941492,40,0.723391597988666
geometry_early_optical_clear_probe,1915451452,15,15,15,1.0,True,545.5012796289333,8182.519194433999,5395.519194433999,26977.595972170006,2285.0,457,415,0.9080962800875274,42,0,424,16,16,15,5,5,3664.4189801536604,7612.289230147087,496.570784441519,8182.519194433999,40,0.6490542039973661
geometry_early_optical_clear_probe,2238446246,14,14,14,1.0,True,591.732897665864,8284.260567322097,5953.260567322098,29766.30283661049,1910.0,382,342,0.8952879581151832,40,0,348,15,15,14,12,12,1247.4702175860377,3562.6589827753874,951.1803979479234,7731.651998930706,79,1.0599548790050903
geometry_early_optical_clear_probe,3242955187,11,11,11,1.0,True,790.1089217407512,8691.198139148262,5934.198139148263,29670.99069574132,2280.0,456,425,0.9320175438596491,31,0,419,12,12,11,6,6,1327.0755130752484,4447.09451805759,707.9355631820845,8691.198139148262,60,0.7855902849987615
geometry_early_optical_clear_probe,1311180012,14,14,14,1.0,True,711.001414741365,9954.01980637911,7220.019806379109,36100.09903189555,2245.0,449,409,0.910913140311804,40,0,416,15,15,14,10,10,2346.4728447566717,6904.256947829961,511.701404960707,9954.01980637911,40,1.0771300909982529
geometry_early_optical_clear_probe,2093804608,10,10,10,1.0,True,877.0065323623364,8770.065323623365,5754.065323623367,28770.32661811684,2500.0,500,476,0.952,24,0,466,10,10,10,4,4,2861.055228915478,4917.604069889812,488.75458423397833,8770.065323623365,40,0.5338584440032719
geometry_early_optical_clear_probe,848877903,16,16,16,1.0,True,604.188211968847,9667.011391501552,6977.011391501552,34885.05695750776,2200.0,440,396,0.9,44,0,407,17,17,16,14,14,2553.9703344914296,6708.427837171702,1341.8367874093933,9667.011391501552,97,1.2342835800081957
geometry_early_optical_clear_probe,2286936561,12,12,12,1.0,True,747.3787756190594,8968.545307428712,5992.545307428713,29962.726537143582,2460.0,492,459,0.9329268292682927,33,0,456,12,12,12,9,9,2188.584691582618,8064.9367337497515,787.1608673321318,8968.545307428712,60,0.7886851529910928
geometry_early_optical_clear_probe,2373427442,14,14,14,1.0,True,572.5329624780834,8015.4614746931675,5833.461474693168,29167.30737346586,1785.0,357,318,0.8907563025210085,39,0,324,15,15,14,10,10,1202.3897802575682,4137.070839100201,475.78141690399417,7237.698607175282,40,0.983975876995828
geometry_early_optical_clear_probe,3038507225,10,10,10,1.0,True,914.2940885047686,9142.940885047687,6092.940885047682,30464.704425238422,2530.0,506,479,0.9466403162055336,27,0,467,11,11,10,7,7,1548.3526054563804,6579.853572677817,956.0075560071499,9142.940885047687,78,0.7384435709973332
geometry_early_optical_clear_probe,2021840796,14,14,14,1.0,True,651.5352072719228,9121.49290180692,6642.49290180692,33212.464509034595,2035.0,407,369,0.9066339066339066,38,0,371,15,15,14,9,9,1585.585795994948,4948.122457495563,686.5127188505857,9121.49290180692,60,0.9791013689973624
geometry_early_optical_clear_probe,609234491,12,12,12,1.0,True,713.1840744013258,8558.20889281591,5789.208892815911,28946.04446407957,2285.0,457,426,0.9321663019693655,31,0,421,13,13,12,4,4,2140.273822655259,5659.474161112408,446.83058665307357,8082.016933363631,40,0.7656142119958531
geometry_early_optical_clear_probe,3490414678,11,11,11,1.0,True,746.5278532480802,8211.806385728882,5394.806385728883,26974.031928644425,2330.0,466,437,0.9377682403433476,29,0,432,11,11,11,7,7,2227.219684467175,6098.472511467067,498.897019953168,8211.806385728882,40,0.6796791009983281
geometry_early_optical_clear_probe,492958601,12,12,12,1.0,True,709.311221908214,8511.734662898567,5486.734662898569,27433.67331449285,2500.0,500,471,0.942,29,0,465,12,12,12,9,9,1793.7088769473323,5250.411330432034,503.26120163984876,8267.53905534515,40,0.9739289570134133
geometry_early_optical_clear_probe,3444174998,15,15,15,1.0,True,716.1911485566526,10742.867228349789,7723.867228349788,38619.33614174895,2485.0,497,457,0.9195171026156942,40,0,459,15,15,15,16,16,3117.6761448360903,6970.516688505442,1020.9721549184918,10742.867228349789,80,1.0796786690043518
geometry_early_optical_clear_probe,2937478311,10,10,10,1.0,True,914.5039799362091,9145.039799362092,6046.039799362091,30230.198996810457,2570.0,514,485,0.943579766536965,29,0,479,10,10,10,9,9,2017.8405104747922,7576.253822723708,716.2805438293954,9145.039799362092,60,0.7822707639861619
geometry_early_optical_clear_probe,3150099982,15,15,15,1.0,True,523.9455427042427,7859.183140563641,5298.18314056364,26490.91570281822,2100.0,420,381,0.9071428571428571,39,0,386,15,15,15,7,7,2765.8585323693383,5577.825365976433,444.90050213378856,7096.395504460684,40,0.8047608979977667
geometry_early_optical_clear_probe,2734994011,13,13,13,1.0,True,812.3249312312219,10560.224106005884,7170.224106005886,35851.12053002943,2795.0,559,520,0.9302325581395349,39,0,524,15,15,13,12,12,3100.0205562062047,7854.63456796406,1273.5477965081684,10560.224106005884,99,0.8647716169944033
geometry_early_optical_clear_probe,1866182911,14,14,14,1.0,True,605.2311896152963,8473.23665461415,5747.23665461415,28736.18327307077,2240.0,448,412,0.9196428571428571,36,0,416,14,14,14,6,6,2577.841168142249,4733.630416064479,758.5587003619715,8473.23665461415,60,0.7270954650011845
geometry_early_optical_clear_probe,2080813115,11,11,11,1.0,True,849.0000553880259,9339.000609268285,5903.000609268285,29515.003046341426,2845.0,569,540,0.9490333919156415,29,0,533,12,12,11,8,8,3665.3015190515157,7541.722990708281,1046.431401598901,9054.773796430964,79,0.7491390759969363
geometry_early_optical_clear_probe,4256025933,14,14,14,1.0,True,629.2423835235101,8809.39336932914,6084.393369329143,30421.966846645708,2240.0,448,410,0.9151785714285714,38,0,415,14,14,14,8,8,2490.4128653039193,6378.873132375188,416.2258095305674,8809.39336932914,40,0.7868477839947445
geometry_early_optical_clear_probe,3369696805,13,13,13,1.0,True,710.672870453112,9238.747315890456,6245.747315890455,31228.73657945229,2470.0,494,462,0.9352226720647774,32,0,458,13,13,13,8,8,3025.431213172683,6051.85396107302,444.9164469959565,8466.70645507603,40,0.6582076010090532
geometry_early_optical_clear_probe,61347090,12,12,12,1.0,True,689.9472265150548,8279.366718180658,5699.366718180659,28496.833590903305,2125.0,425,393,0.9247058823529412,32,0,392,13,13,12,5,5,1193.4622408345272,6490.22156933419,460.5810579630605,8232.366718180658,40,1.0637033520033583
geometry_early_optical_clear_probe,847805981,15,15,15,1.0,True,612.5346242547258,9188.019363820888,6534.019363820883,32670.09681910442,2170.0,434,396,0.9124423963133641,38,0,397,19,19,15,9,9,2543.7808548881967,8356.810789479216,1084.861370484165,8812.256542088438,78,1.4583712419989752
geometry_early_optical_clear_probe,1547829909,13,13,13,1.0,True,675.9331173410044,8787.130525433056,5942.130525433054,29710.65262716528,2345.0,469,436,0.929637526652452,33,0,435,13,13,13,7,7,1909.0648878351417,7983.443553285376,408.2127477661156,8585.362905088687,40,1.077175939004519
geometry_early_optical_clear_probe,1959777969,14,14,14,1.0,True,664.8467773595103,9307.854883033144,6400.854883033143,32004.274415165728,2390.0,478,442,0.9246861924686193,36,0,441,16,16,14,5,5,4175.296585358875,8171.953962697738,531.6612445783417,9307.854883033144,40,0.5516880260111066
geometry_early_optical_clear_probe,1057257419,15,15,15,1.0,True,588.1044512413207,8821.56676861981,6401.56676861981,32007.83384309905,1980.0,396,356,0.898989898989899,40,0,362,16,16,15,14,14,1502.4121812125477,6768.917585908778,771.8830018197976,8821.56676861981,59,0.7859431079996284
geometry_early_optical_clear_probe,3142910684,15,15,15,1.0,True,622.5643032686845,9338.464549030268,6533.46454903027,32667.322745151367,2300.0,460,415,0.9021739130434783,45,0,427,16,16,15,13,13,2992.039801422669,7432.699683805571,759.8480933327286,9338.464549030268,60,0.8894594400044298
geometry_early_optical_clear_probe,1557024636,10,10,10,1.0,True,831.3175649406303,8313.175649406303,5446.175649406303,27230.878247031527,2375.0,475,447,0.9410526315789474,28,0,442,10,10,10,5,5,2237.172036303978,4957.514900407989,486.4148677576794,8313.175649406303,40,0.4791440509870881
geometry_early_optical_clear_probe,2100536595,13,13,13,1.0,True,697.5869254817883,9068.630031263248,5877.630031263252,29388.15015631626,2635.0,527,492,0.9335863377609108,35,0,491,13,13,13,12,12,3550.405087285222,7859.961354699228,2112.1237436807205,8808.83325338676,156,0.7182657360099256
geometry_early_optical_clear_probe,3094618614,11,11,11,1.0,True,733.0425976332414,8063.468573965655,5121.468573965655,25607.342869828288,2435.0,487,457,0.9383983572895277,30,0,452,11,11,11,5,5,2058.224769721245,5625.11601384485,430.6060329740889,8010.468573965655,40,0.6631569549936103
geometry_early_optical_clear_probe,2668465789,14,14,14,1.0,True,595.7786640539576,8340.901296755406,5873.901296755406,29369.506483777037,2025.0,405,367,0.9061728395061729,38,0,372,14,14,14,8,8,2504.5941382155893,6311.930905411153,776.5092493836714,8340.901296755406,60,0.8608003809931688
geometry_early_optical_clear_probe,1904123385,12,12,12,1.0,True,721.785215607494,8661.422587289928,5837.422587289927,29187.11293644965,2330.0,466,434,0.9313304721030042,32,0,431,13,13,12,6,6,2328.6174580969737,7923.038978954501,770.0798256483753,8267.530731981722,60,0.9379883380024694
geometry_early_optical_clear_probe,3863079133,12,12,12,1.0,True,659.2965655425332,7911.558786510399,5093.558786510399,25467.793932552002,2325.0,465,431,0.9268817204301075,34,0,433,12,12,12,8,8,1750.9860506803261,5000.202723773425,489.76857161469604,7477.05055356097,40,0.8560809490008978
geometry_early_optical_clear_probe,3458529865,14,14,14,1.0,True,576.6269462131155,8072.777246983616,5750.777246983616,28753.886234918085,1905.0,381,346,0.9081364829396326,35,0,347,14,14,14,9,9,1135.475001391336,3578.5355494829396,982.9078215469453,8037.777246983616,77,1.0316214099875651
geometry_early_optical_clear_probe,2943502940,13,13,13,1.0,True,731.234262270478,9506.045409516213,6970.045409516215,34850.22704758109,2085.0,417,381,0.9136690647482014,36,0,380,15,15,13,11,11,1412.157502670603,6211.271596902232,784.9535909072223,9506.045409516213,60,1.0047413670108654
geometry_early_optical_clear_probe,2467118877,11,11,11,1.0,True,918.0584173244474,10098.642590568921,6786.64259056892,33933.2129528446,2745.0,549,520,0.9471766848816029,29,0,512,11,11,11,6,6,3689.672097597079,7802.291943943421,769.4415749625421,10098.642590568921,60,0.7230356729996856
geometry_early_optical_clear_probe,2287937594,11,11,11,1.0,True,759.6705354833838,8356.375890317222,5617.375890317224,28086.879451586123,2260.0,452,423,0.9358407079646017,29,0,421,12,12,11,10,10,1752.589633387392,6532.386071685854,510.0822398442648,7158.31078799904,40,0.6977299220015993
geometry_early_optical_clear_probe,3745571372,10,10,10,1.0,True,791.126985350216,7911.26985350216,5135.26985350216,25676.34926751081,2300.0,460,431,0.9369565217391305,29,0,426,10,10,10,7,7,1256.6576330286848,5334.246457024537,506.46991730242485,7911.26985350216,40,0.5619708040030673
geometry_early_optical_clear_probe,2473483353,15,15,15,1.0,True,622.4643233078309,9336.964849617463,6873.964849617462,34369.82424808732,2020.0,404,365,0.9034653465346535,39,0,368,15,15,15,10,10,2321.479904565554,7755.242323793853,793.5300778753194,9336.964849617463,60,1.0657096570066642
geometry_early_optical_clear_probe,272287509,15,15,15,1.0,True,539.0314092116125,8085.471138174187,5780.471138174187,28902.355690870954,1885.0,377,344,0.9124668435013262,33,0,345,15,15,15,9,9,1387.9404632063572,3497.4135891476276,545.9009443786019,8085.471138174187,40,0.8551102850033203
geometry_early_optical_clear_probe,4005605245,13,13,13,1.0,True,730.563624593158,9497.327119711053,6635.3271197110535,33176.63559855528,2355.0,471,435,0.9235668789808917,36,0,436,15,15,13,8,8,3470.8219432331907,7345.31171995739,465.627391733765,9497.327119711053,40,0.605076656996971
geometry_early_optical_clear_probe,2268785236,14,14,14,1.0,True,607.4069097143109,8503.696736000353,5942.6967360003555,29713.483680001784,2105.0,421,382,0.9073634204275535,39,0,386,14,14,14,12,12,2251.536860288811,7305.395696810826,1263.2288557423988,8503.696736000353,98,0.7631961239967495
geometry_early_optical_clear_probe,1025324632,13,13,13,1.0,True,632.1844557508753,8218.397924761379,5698.397924761378,28491.989623806905,2075.0,415,382,0.9204819277108434,33,0,380,13,13,13,8,8,2563.3829616512708,5987.653959185587,781.8462162421498,7994.999118738962,60,0.8074466029938776
geometry_early_optical_clear_probe,508713297,12,12,12,1.0,True,760.8149313474872,9129.779176169846,6179.779176169846,30898.895880849235,2435.0,487,459,0.9425051334702259,28,0,452,13,13,12,7,7,2241.6760851047175,7620.151077236869,463.28917612311477,9129.779176169846,40,0.8121510790078901
geometry_early_optical_clear_probe,3087132746,15,15,15,1.0,True,585.6446447492764,8784.669671239146,6140.669671239144,30703.348356195726,2170.0,434,396,0.9124423963133641,38,0,399,15,15,15,9,9,2279.6429131717055,6740.711189846819,753.8428655852941,8784.669671239146,60,0.8100042589940131
geometry_early_optical_clear_probe,1050247112,11,11,11,1.0,True,804.0838660493861,8844.922526543247,5723.922526543243,28619.61263271622,2580.0,516,481,0.9321705426356589,35,0,483,12,12,11,13,13,1707.4074172064807,6470.119713301601,2890.8558372540924,7945.093859111746,219,0.8532062029989902
geometry_early_optical_clear_probe,3639602094,10,10,10,1.0,True,896.2287803959695,8962.287803959694,5858.287803959695,29291.439019798487,2575.0,515,486,0.9436893203883495,29,0,479,10,10,10,11,11,714.9695925520629,2229.3185471916768,782.1374442435366,8903.287803959694,60,1.135818830007338
geometry_early_optical_clear_probe,1936105745,16,16,16,1.0,True,436.0393551385028,6976.629682216045,5126.629682216046,25633.148411080238,1495.0,299,256,0.8561872909698997,43,0,272,17,17,16,13,13,1376.8394902118628,4511.873317852029,1290.4776869712891,6976.629682216045,96,0.9895263380021788
geometry_early_optical_clear_probe,30090610,13,13,13,1.0,True,636.7078746292701,8277.202370180512,5589.202370180516,27946.011850902585,2210.0,442,403,0.9117647058823529,39,0,410,14,14,13,8,8,2009.2990373107605,5465.034247081387,790.2134737524366,8277.202370180512,60,0.8809613479970722
geometry_early_optical_clear_probe,1139880655,14,14,14,1.0,True,596.8466219739769,8355.852707635677,5445.852707635679,27229.26353817839,2395.0,479,445,0.9290187891440501,34,0,445,14,14,14,7,7,3213.8405431427136,5981.419038947327,439.4548802921089,8320.852707635677,40,0.6885172230104217
geometry_early_optical_clear_probe,1493561104,10,10,10,1.0,True,977.4420181326175,9774.420181326175,6591.420181326171,32957.10090663088,2640.0,528,496,0.9393939393939394,32,0,490,11,11,10,8,8,2465.8574379886722,7139.133990983925,503.6024639147976,9774.420181326175,40,0.7748344150022604
geometry_early_optical_clear_probe,3180793652,16,16,16,1.0,True,618.188103675759,9891.009658812143,6866.009658812141,34330.04829406071,2480.0,496,451,0.9092741935483871,45,0,462,17,17,16,9,9,4816.436205106649,8363.248661393136,1586.5184479190555,9891.009658812143,120,0.8831326809886377
geometry_early_optical_clear_probe,2200908650,13,13,13,1.0,True,706.7746861107347,9188.070919439551,6291.070919439551,31455.354597197762,2385.0,477,438,0.9182389937106918,39,0,441,15,15,13,9,9,2321.0476465826173,5137.4525852422075,429.13814101145726,9188.070919439551,40,0.76480339000409
geometry_early_optical_clear_probe,2674052318,13,13,13,1.0,True,619.6661198432658,8055.659557962456,5526.659557962456,27633.29778981229,2080.0,416,382,0.9182692307692307,34,0,384,13,13,13,13,13,914.1795629530202,6175.708335285813,428.3204077466384,8055.659557962456,40,0.9720973969961051
geometry_early_optical_clear_probe,2601244447,16,16,16,1.0,True,519.7265042736578,8315.624068378525,5934.624068378525,29673.120341892627,1940.0,388,339,0.8737113402061856,49,0,358,17,17,16,10,10,1996.2620692673136,7951.870471186,726.9505560563354,8315.624068378525,60,1.2915751700056717
geometry_early_optical_clear_probe,1720217666,16,16,16,1.0,True,429.7910998494562,6876.657597591299,4821.6575975913,24108.28798795651,1660.0,332,288,0.8674698795180723,44,0,306,19,19,16,14,14,1868.3146189448366,5550.970170404874,1557.3939030546896,6876.657597591299,120,1.4486603459954495
geometry_early_optical_clear_probe,4013725679,10,10,10,1.0,True,910.1267411903558,9101.267411903558,5650.26741190356,28251.337059517806,2860.0,572,543,0.9493006993006993,29,0,535,12,12,10,8,8,2098.422430966316,6251.878376176675,1748.4594076554815,9101.267411903558,137,0.7661370929999975
geometry_early_optical_clear_probe,1608750078,10,10,10,1.0,True,853.8776027927157,8538.776027927157,5571.776027927158,27858.880139635803,2460.0,492,466,0.9471544715447154,26,0,457,10,10,10,5,5,2157.275544485295,5983.177856374157,1816.6976569371418,8538.776027927157,132,0.6238505439978326
geometry_early_optical_clear_probe,2590672600,16,16,16,1.0,True,597.596760613195,9561.54816981112,7122.548169811119,35612.74084905561,1995.0,399,357,0.8947368421052632,42,0,361,17,17,16,11,11,2384.606711004362,5393.410062603756,510.8766860347006,9561.54816981112,40,0.7889899099973263
geometry_early_optical_clear_probe,2358791197,16,16,16,1.0,True,473.43289059918874,7574.92624958702,5336.926249587021,26684.631247935118,1825.0,365,323,0.8849315068493151,42,0,333,16,16,16,10,10,1508.6735721582234,7024.709752957119,414.6286036612367,7574.92624958702,40,1.2417523010080913
geometry_early_optical_clear_probe,2776599476,13,13,13,1.0,True,674.9641058332194,8774.533375831852,6132.53337583185,30662.66687915926,2175.0,435,406,0.9333333333333333,29,0,399,14,14,13,11,11,1986.6765284744752,5399.72241715079,775.289972799731,7643.755965408048,60,1.0465227810054785
geometry_early_optical_clear_probe,1184076665,15,15,15,1.0,True,589.1573132837703,8837.359699256554,6405.359699256556,32026.798496282787,1995.0,399,360,0.9022556390977443,39,0,362,15,15,15,5,5,2351.2085668229383,6437.035682828819,447.233134828275,8837.359699256554,40,0.8556505659944378
geometry_early_optical_clear_probe,3773698038,15,15,15,1.0,True,524.9063966602806,7873.59594990421,5541.595949904211,27707.97974952106,1905.0,381,338,0.8871391076115486,43,0,349,16,16,15,8,8,1571.0185984563477,6693.863105636961,719.505859931431,7873.59594990421,59,1.0106325170054333
geometry_early_optical_clear_probe,1891647950,13,13,13,1.0,True,670.4689919900023,8716.09689587003,5813.096895870031,29065.484479350172,2395.0,479,446,0.9311064718162839,33,0,443,13,13,13,8,8,2759.231873196217,7465.196050318471,428.8164514772566,8716.09689587003,40,0.7938358240062371
geometry_early_optical_clear_probe,3437726138,15,15,15,1.0,True,560.5009625202947,8407.51443780442,6147.5144378044215,30737.57218902211,1845.0,369,323,0.8753387533875339,46,0,337,16,16,15,8,8,1601.2530837677741,4502.127197176107,755.6992761560264,8407.51443780442,60,0.8202966699900571
geometry_early_optical_clear_probe,208987690,12,12,12,1.0,True,711.3924563639401,8536.709476367281,5582.709476367284,27913.547381836433,2440.0,488,458,0.9385245901639344,30,0,454,12,12,12,8,8,3223.3108262608434,6825.761456778971,2530.2059667612543,8281.774947113836,179,0.7090975610044552
geometry_early_optical_clear_probe,3203090736,11,11,11,1.0,True,821.1072149262426,9032.179364188669,5963.179364188669,29815.89682094336,2540.0,508,478,0.9409448818897638,30,0,474,11,11,11,10,10,2944.4766390525165,7940.811456964068,1057.3980154456956,9032.179364188669,80,0.7449594130011974
geometry_early_optical_clear_probe,423237743,15,15,15,1.0,True,535.9043901921259,8038.5658528818885,5380.56585288189,26902.829264409458,2180.0,436,395,0.9059633027522935,41,0,400,16,16,15,7,7,1747.6038574029321,6046.11646315298,764.9492773525942,7794.6833316607035,60,0.8218981210084166
geometry_early_optical_clear_probe,3775555712,14,14,14,1.0,True,646.1804772340653,9046.526681276913,6480.526681276914,32402.63340638458,2110.0,422,383,0.9075829383886256,39,0,386,14,14,14,13,13,1975.844705547545,6976.04073148681,1025.20474196612,9046.526681276913,79,1.1920234080025693
geometry_early_optical_clear_probe,1904502951,10,10,10,1.0,True,865.5104874966398,8655.104874966399,5664.104874966399,28320.524374832006,2480.0,496,469,0.9455645161290323,27,0,461,10,10,10,9,9,2046.2092113812153,7222.149145431948,993.3759571782061,8655.104874966399,80,0.8242536070029018
geometry_early_optical_clear_probe,3294757901,15,15,15,1.0,True,580.6825908260238,8710.238862390357,6171.238862390358,30856.1943119518,2080.0,416,378,0.9086538461538461,38,0,384,15,15,15,9,9,2522.7794159651658,7650.400685443921,934.4643486408123,8710.238862390357,77,0.904618369997479
geometry_early_optical_clear_probe,1633376387,13,13,13,1.0,True,604.3158142074815,7856.1055846972595,5533.105584697259,27665.5279234863,1910.0,382,348,0.9109947643979057,34,0,348,13,13,13,7,7,1323.824092522278,4482.219201514001,510.28470487231857,7473.509765644065,40,0.856965338010923
geometry_early_optical_clear_probe,1068246750,10,10,10,1.0,True,861.5205356105447,8615.205356105447,5546.205356105449,27731.026780527252,2545.0,509,484,0.9508840864440079,25,0,474,10,10,10,2,2,2858.475227761345,7710.3198325773465,729.0060504037299,8304.602180110078,60,0.5903392110049026
geometry_early_optical_clear_probe,717423685,13,13,13,1.0,True,721.0022427895349,9373.029156263954,6110.029156263957,30550.14578131979,2695.0,539,500,0.9276437847866419,39,0,503,13,13,13,11,11,1728.615691379364,8086.76626451655,453.28989713255095,9373.029156263954,40,1.0122321380040376
geometry_early_optical_clear_probe,1529422920,14,14,14,1.0,True,614.6639580634381,8605.295412888134,6047.295412888136,30236.477064440678,2095.0,419,382,0.9116945107398569,37,0,387,16,16,14,10,10,1972.9010536887436,6199.7555335954185,762.864649798678,8605.295412888134,59,0.8516223359911237
geometry_early_optical_clear_probe,1912526033,13,13,13,1.0,True,648.2471902339238,8427.213473041009,5750.213473041009,28751.06736520506,2205.0,441,409,0.927437641723356,32,0,407,13,13,13,8,8,2340.729298610875,5958.052731460575,495.20208459517426,8027.583345878662,40,0.8917113409988815
geometry_early_optical_clear_probe,1927985251,12,12,12,1.0,True,827.6803375047726,9932.164050057272,6861.164050057268,34305.82025028635,2540.0,508,477,0.9389763779527559,31,0,471,12,12,12,8,8,3108.7202438557792,7475.276620786269,470.61862870010555,9932.164050057272,40,0.7659438919945387
geometry_early_optical_clear_probe,3210746727,12,12,12,1.0,True,657.8647850245164,7894.377420294198,5195.377420294199,25976.887101470995,2225.0,445,417,0.9370786516853933,28,0,414,12,12,12,5,5,2341.1105809117166,6424.313799232517,494.2874833887687,7454.588094870395,40,0.7689168189972406
geometry_early_optical_clear_probe,4222877712,15,15,15,1.0,True,558.6447954713183,8379.671932069774,5807.671932069774,29038.359660348884,2110.0,422,378,0.8957345971563981,44,0,387,15,15,15,12,12,2583.909233738258,6540.3976454768745,706.7936158768051,8379.671932069774,60,0.7339201379945735
geometry_early_optical_clear_probe,1185326156,13,13,13,1.0,True,811.3977917485491,10548.171292731138,7245.17129273114,36225.856463655706,2730.0,546,510,0.9340659340659341,36,0,508,13,13,13,9,9,3446.505226510575,8662.301845401718,752.8831077734692,10548.171292731138,60,1.001240998011781
geometry_early_optical_clear_probe,4058456232,15,15,15,1.0,True,673.2731965481032,10099.097948221548,7359.097948221547,36795.48974110775,2250.0,450,408,0.9066666666666666,42,0,409,17,17,15,12,12,1970.8008690922013,6437.688370621824,438.97155255158043,10099.097948221548,40,1.1063362209970364
geometry_early_optical_clear_probe,468292094,12,12,12,1.0,True,730.7385037063658,8768.86204447639,5867.862044476389,29339.310222381955,2390.0,478,445,0.9309623430962343,33,0,445,14,14,12,9,9,2563.3817653918227,6180.05261489011,1024.5856836721564,8768.86204447639,79,0.6109409499913454
geometry_early_optical_clear_probe,3492918994,10,10,10,1.0,True,858.1168257014302,8581.168257014302,5538.168257014303,27690.84128507152,2525.0,505,478,0.9465346534653465,27,0,468,10,10,10,7,7,1316.2536673881136,3551.228295879459,1227.5505549691675,7349.505204333614,99,0.7855366099975072
geometry_early_optical_clear_probe,3991346939,13,13,13,1.0,True,795.5894788267356,10342.663224747563,7243.663224747563,36218.31612373782,2555.0,511,479,0.9373776908023483,32,0,476,14,14,13,11,11,2793.2316100183516,6592.806093475592,1580.579900304099,10342.663224747563,120,0.8769747179903788
geometry_early_optical_clear_probe,2166153658,13,13,13,1.0,True,663.913066793276,8630.869868312588,5793.869868312587,28969.349341562942,2335.0,467,428,0.9164882226980728,39,0,431,15,15,13,10,10,1660.0154371809108,6989.750787433384,722.2446308900164,8630.869868312588,60,1.0684132269961992
geometry_early_optical_clear_probe,1913190206,12,12,12,1.0,True,797.4305147874315,9569.166177449179,6144.166177449179,30720.830887245913,2830.0,566,536,0.9469964664310954,30,0,529,14,14,12,6,6,3625.424697092291,8698.418667872642,1058.3412446130442,9569.166177449179,80,0.6525231389969122
geometry_early_optical_clear_probe,1210091241,16,16,16,1.0,True,489.64542911313293,7834.326865810127,5897.326865810126,29486.634329050652,1575.0,315,276,0.8761904761904762,39,0,282,16,16,16,9,9,1774.2967465256863,6208.926876073464,1213.7929477967975,7834.326865810127,93,0.8717383920011343
geometry_early_optical_clear_probe,3265592953,13,13,13,1.0,True,626.1453930230141,8139.890109299184,5784.8901092991855,28924.45054649593,1935.0,387,355,0.917312661498708,32,0,355,13,13,13,12,12,1258.5625800891937,6061.374111892432,531.5669965010851,7775.136345560457,40,0.9395828589913435
geometry_early_optical_clear_probe,3789644528,13,13,13,1.0,True,699.1170569093819,9088.521739821965,6530.521739821964,32652.608699109835,2105.0,421,389,0.9239904988123515,32,0,382,15,15,13,9,9,1956.5141438991132,5453.6998609024095,449.1916956630095,9088.521739821965,40,0.8299470320052933
geometry_early_optical_clear_probe,2722078352,13,13,13,1.0,True,695.5232756074389,9041.802582896706,6128.802582896706,30644.012914483537,2400.0,480,445,0.9270833333333334,35,0,445,14,14,13,12,12,1235.5816946846987,4373.368280465957,467.7316133718422,9041.802582896706,40,1.0373304139939137
geometry_early_optical_clear_probe,3172028181,12,12,12,1.0,True,697.4584725241406,8369.501670289686,5509.501670289686,27547.50835144845,2360.0,472,441,0.934322033898305,31,0,440,12,12,12,7,7,2409.3980706374864,8132.72534068477,440.8198241367246,8369.501670289686,40,0.7730672030011192
geometry_early_optical_clear_probe,3858064437,14,14,14,1.0,True,535.5015404792649,7497.021566709709,5253.02156670971,26265.107833548547,1840.0,368,324,0.8804347826086957,44,0,334,14,14,14,6,6,1358.3306440219144,3277.3056449187825,471.8470860110731,7317.50827539648,40,0.8879142480000155
geometry_early_optical_clear_probe,370520506,11,11,11,1.0,True,765.1469353808727,8416.6162891896,5629.6162891896,28148.08144594801,2305.0,461,431,0.9349240780911063,30,0,427,11,11,11,5,5,1922.3520325327822,5657.2916170157505,437.16244321186997,8363.6162891896,40,0.9535229850007454
geometry_early_optical_clear_probe,3705981596,13,13,13,1.0,True,618.9447031988768,8046.2811415853985,5889.281141585399,29446.405707927006,1770.0,354,319,0.9011299435028248,35,0,322,13,13,13,6,6,1185.976171151494,5197.805291405605,401.3617615906783,8046.2811415853985,40,0.8905091140040895
geometry_early_optical_clear_probe,3384424620,13,13,13,1.0,True,599.6521607860466,7795.478090218605,5227.478090218607,26137.390451093037,2115.0,423,387,0.9148936170212766,36,0,388,13,13,13,5,5,1189.1841188598314,4440.3240190465685,432.74559468987803,7172.0365222015325,40,1.1873125760030234
geometry_early_optical_clear_probe,3114356499,14,14,14,1.0,True,578.9444704734984,8105.222586628977,5510.222586628978,27551.112933144897,2130.0,426,389,0.9131455399061033,37,0,395,14,14,14,8,8,2389.430763718301,6375.915655719345,555.5153456467692,7684.739627883039,40,0.7708854020020226
geometry_early_optical_clear_probe,1231094018,12,12,12,1.0,True,728.3449825162834,8740.1397901954,6118.139790195399,30590.69895097701,2165.0,433,399,0.9214780600461894,34,0,397,12,12,12,8,8,1440.8380522507543,5187.6690336025085,520.9750303798811,6252.772784682719,40,1.093126867999672
geometry_early_optical_clear_probe,2461693912,11,11,11,1.0,True,769.0563162023186,8459.619478225504,5733.619478225504,28668.097391127525,2255.0,451,426,0.9445676274944568,25,0,416,11,11,11,5,5,1738.6943055474164,4673.519044923992,773.4710948537643,8459.619478225504,60,0.5827636000030907
geometry_early_optical_clear_probe,2193724361,15,15,15,1.0,True,597.2993598861435,8959.490398292153,6476.490398292153,32382.451991460766,2030.0,406,364,0.896551724137931,42,0,372,17,17,15,17,17,2486.0142551420504,5421.038961238772,2512.7457556850495,8959.490398292153,180,0.7653977940062759
geometry_early_optical_clear_probe,621116321,13,13,13,1.0,True,683.4643532501975,8885.036592252567,6232.03659225257,31160.182961262853,2185.0,437,397,0.9084668192219679,40,0,403,13,13,13,8,8,1493.1281904572706,8078.40781139377,460.74027827938903,8885.036592252567,40,0.9033522380050272
geometry_early_optical_clear_probe,925125014,11,11,11,1.0,True,815.429116946811,8969.72028641492,5904.720286414921,29523.601432074618,2535.0,507,480,0.9467455621301775,27,0,472,12,12,11,5,5,3210.8917885671563,7456.908138808426,1028.5555190963157,8916.72028641492,78,0.6592299999902025
geometry_early_optical_clear_probe,3919004952,14,14,14,1.0,True,573.7617802749861,8032.664923849806,5512.664923849806,27563.32461924904,2070.0,414,377,0.9106280193236715,37,0,380,14,14,14,11,11,1699.33376538656,7497.545003276813,1510.636116170625,8032.664923849806,113,0.8108740050083725
geometry_early_optical_clear_probe,3640276934,16,16,16,1.0,True,499.8934241353855,7998.294786166168,5768.294786166169,28841.47393083085,1820.0,364,325,0.8928571428571429,39,0,330,16,16,16,7,7,2553.020043570429,5502.92460747372,472.21524056899545,7998.294786166168,40,0.6853244469966739
geometry_early_optical_clear_probe,1483380529,11,11,11,1.0,True,814.4248510626253,8958.673361688878,5919.673361688878,29598.3668084444,2515.0,503,471,0.9363817097415507,32,0,469,11,11,11,7,7,2295.5960889982184,7458.536007974007,716.2725101065209,8904.673361688878,60,0.8470163240126567
geometry_early_optical_clear_probe,3789428949,16,16,16,1.0,True,520.1678351743167,8322.685362789067,6056.685362789068,30283.42681394534,1845.0,369,325,0.8807588075880759,44,0,335,18,18,16,14,14,1797.2386936567054,6563.832696905316,488.4824989796142,8322.685362789067,40,1.3998969570093323
geometry_early_optical_clear_probe,2608110692,11,11,11,1.0,True,865.2816672807119,9518.09834008783,6399.0983400878295,31995.49170043916,2580.0,516,489,0.9476744186046512,27,0,481,12,12,11,11,11,2016.7736263345394,5764.258679860755,1596.0602259083485,9099.236478572915,118,1.0778896139963763
geometry_early_optical_clear_probe,4164227414,10,10,10,1.0,True,922.8499437399665,9228.499437399665,6034.499437399662,30172.497186998327,2650.0,530,508,0.9584905660377359,22,0,494,10,10,10,6,6,2942.632270047738,6880.94097619751,1024.8447409901605,8998.101745044496,78,0.6520269120082958
geometry_early_optical_clear_probe,762773715,12,12,12,1.0,True,678.4795336512354,8141.754403814825,5470.754403814826,27353.77201907414,2205.0,441,411,0.9319727891156463,30,0,406,12,12,12,8,8,1804.9878286899866,4683.662031549985,427.80745309613053,8141.754403814825,40,0.7006729160057148
geometry_early_optical_clear_probe,784971538,13,13,13,1.0,True,657.1229194691145,8542.59795309849,5793.5979530984905,28967.98976549246,2260.0,452,418,0.9247787610619469,34,0,418,15,15,13,9,9,2815.155182726007,6660.395451418708,1736.5042681678096,8542.59795309849,128,0.8459585620003054
geometry_early_optical_clear_probe,3690847328,11,11,11,1.0,True,810.0925927961597,8911.018520757756,6033.018520757752,30165.09260378877,2380.0,476,445,0.9348739495798319,31,0,440,12,12,11,9,9,1555.4456949389926,5766.536873618476,831.8879258661013,7233.960323710272,59,0.8736769379902398
geometry_early_optical_clear_probe,2220646665,10,10,10,1.0,True,844.8613586987043,8448.613586987043,5457.613586987045,27288.06793493524,2480.0,496,469,0.9455645161290323,27,0,461,10,10,10,6,6,1507.433138799675,7274.104233179181,798.9169727105943,8448.613586987043,60,0.6718419359967811
geometry_early_optical_clear_probe,4021303523,14,14,14,1.0,True,629.6123389362983,8814.572745108177,6352.572745108174,31762.86372554088,2020.0,404,362,0.8960396039603961,42,0,369,15,15,14,9,9,1456.6568146456407,5574.755729076912,493.7961854980914,8814.572745108177,40,0.8683929830003763
geometry_early_optical_clear_probe,2345800188,11,11,11,1.0,True,846.0876535872674,9306.96418945994,6202.964189459937,31014.820947299704,2570.0,514,488,0.9494163424124513,26,0,479,11,11,11,7,7,2821.9180294459647,7844.668342383898,719.1543032495241,9093.169883262703,60,0.8683239800011506
geometry_early_optical_clear_probe,1464083284,12,12,12,1.0,True,747.5113975644572,8970.136770773486,5987.136770773486,29935.683853867442,2465.0,493,457,0.9269776876267748,36,0,458,12,12,12,7,7,2661.542142416482,6896.135747734781,447.12790953542924,8923.136770773486,40,0.8707061650056858
geometry_early_optical_clear_probe,3319579682,12,12,12,1.0,True,688.9026456182478,8266.831747418973,5541.831747418973,27709.158737094873,2250.0,450,418,0.9288888888888889,32,0,415,12,12,12,9,9,1708.9643403851114,5586.458744469174,754.5552876613394,7522.153482637533,60,0.820260006992612
geometry_early_optical_clear_probe,399373,11,11,11,1.0,True,736.1502274335149,8097.6525017686645,5394.652501768665,26973.262508843334,2235.0,447,421,0.941834451901566,26,0,413,11,11,11,5,5,2307.9148044972962,7098.943976900959,749.0057521978287,8044.6525017686645,60,0.6368614820094081
geometry_early_optical_clear_probe,1189936423,12,12,12,1.0,True,754.0137301358856,9048.164761630627,5905.164761630627,29525.823808153145,2600.0,520,492,0.9461538461538461,28,0,483,12,12,12,7,7,2792.4603411785374,8200.778240640004,678.2912961703227,8811.109089287776,60,0.847936532998574
geometry_early_optical_clear_probe,368962737,10,10,10,1.0,True,899.7166140009589,8997.166140009589,5819.16614000959,29095.830700047965,2635.0,527,497,0.9430740037950665,30,0,493,10,10,10,8,8,1853.4524464033577,5950.702292738698,1045.1764730284028,8997.166140009589,80,0.8423033580038464
geometry_early_optical_clear_probe,3303896735,12,12,12,1.0,True,673.2819794127869,8079.383752953442,5552.383752953444,27761.91876476723,2085.0,417,388,0.9304556354916067,29,0,382,12,12,12,6,6,1813.6641243747251,3624.477964724266,987.8376401472856,7698.417868225365,80,0.7054215140087763
geometry_early_optical_clear_probe,1796390431,12,12,12,1.0,True,695.879051206695,8350.54861448034,5532.54861448034,27662.743072401707,2325.0,465,436,0.9376344086021505,29,0,430,13,13,12,5,5,2749.325953260715,6897.44575119675,1244.4169838287455,7794.9168820174655,95,0.6605015800014371
geometry_early_optical_clear_probe,3275358051,15,15,15,1.0,True,540.7399984232793,8111.09997634919,5652.09997634919,28260.499881745953,2015.0,403,360,0.8933002481389578,43,0,369,15,15,15,13,13,1502.9271816786534,6385.217233803711,448.67317880490197,8111.09997634919,40,1.062924939993536
geometry_early_optical_clear_probe,2656466797,11,11,11,1.0,True,814.0520687557829,8954.572756313612,6024.572756313611,30122.86378156806,2425.0,485,456,0.9402061855670103,29,0,450,11,11,11,8,8,2181.408392478969,4144.020703884079,783.2962829970345,8516.324518884678,60,0.933784769003978
geometry_early_optical_clear_probe,1549603646,13,13,13,1.0,True,612.5641955060532,7963.334541578692,5712.334541578692,28561.67270789347,1850.0,370,340,0.918918918918919,30,0,336,13,13,13,6,6,1025.2924976785523,2590.27115327174,510.16642853195907,7688.281844719497,40,0.8055612570024095
geometry_early_optical_clear_probe,2056889461,13,13,13,1.0,True,655.3046008239943,8518.959810711925,5825.959810711923,29129.799053559622,2220.0,444,404,0.9099099099099099,40,0,408,13,13,13,13,13,1888.1233881219034,5306.959574534692,1290.3351297264028,6852.067804024308,100,1.0689996279979823
geometry_early_optical_clear_probe,1840902547,10,10,10,1.0,True,1030.8903221318783,10308.903221318784,7118.903221318783,35594.516106593925,2645.0,529,499,0.943289224952741,30,0,492,11,11,10,8,8,2706.918913751972,5227.469355929515,995.5851050178757,10308.903221318784,80,0.7283559890056495
geometry_early_optical_clear_probe,637317412,14,14,14,1.0,True,672.4684484726843,9414.55827861758,6737.558278617581,33687.791393087915,2200.0,440,403,0.9159090909090909,37,0,404,15,15,14,15,15,1407.7026749302256,5183.032633046597,500.039339887928,9414.55827861758,40,1.0709395650046645
geometry_early_optical_clear_probe,742977368,13,13,13,1.0,True,729.2970247429989,9480.861321658986,6324.8613216589865,31624.306608294937,2605.0,521,484,0.9289827255278311,37,0,486,13,13,13,13,13,2902.705920868335,5687.460931548344,1056.807979389347,9480.861321658986,80,0.9131080140068661
geometry_early_optical_clear_probe,1214849550,12,12,12,1.0,True,666.8235447295934,8001.882536755121,5539.882536755121,27699.412683775616,2030.0,406,374,0.9211822660098522,32,0,372,12,12,12,8,8,1265.4792315204,4233.554961316929,730.979384234412,8001.882536755121,60,0.6265235400060192
geometry_early_optical_clear_probe,242453070,10,10,10,1.0,True,915.3519162939831,9153.51916293983,5931.5191629398305,29657.595814699158,2670.0,534,503,0.9419475655430711,31,0,496,12,12,10,7,7,2564.3057352534406,6723.973057073009,2352.8062543222345,9153.51916293983,172,0.7144458410039078
geometry_early_optical_clear_probe,3446201803,11,11,11,1.0,True,788.4030363132485,8672.433399445734,5846.433399445734,29232.16699722868,2335.0,467,436,0.9336188436830836,31,0,433,12,12,11,6,6,2326.4218034086766,6260.059349617006,479.81521848002126,8672.433399445734,40,0.6839267420000397
geometry_early_optical_clear_probe,2103751677,14,14,14,1.0,True,694.0117165861113,9716.16403220556,6763.16403220556,33815.8201610278,2425.0,485,446,0.9195876288659793,39,0,452,16,16,14,9,9,2273.8280578257572,7309.625830439543,453.30697542742024,9716.16403220556,40,1.0633332360011991
geometry_early_optical_clear_probe,150351190,14,14,14,1.0,True,605.3658938776219,8475.122514286708,5785.122514286707,28925.612571433547,2210.0,442,403,0.9117647058823529,39,0,407,15,15,14,12,12,2323.2116303602415,7532.440187804611,527.6696116727636,8475.122514286708,40,0.9118039489985676
geometry_early_optical_clear_probe,689810113,15,15,15,1.0,True,595.8625109576259,8937.937664364388,6691.93766436439,33459.688321821974,1840.0,368,327,0.8885869565217391,41,0,331,15,15,15,9,9,967.8971474471022,4264.953609199822,484.63682239305945,8937.937664364388,40,0.8251687940064585
geometry_early_optical_clear_probe,433341845,13,13,13,1.0,True,666.9335042519572,8670.135555275443,5982.135555275439,29910.677776377215,2215.0,443,408,0.9209932279909706,35,0,408,13,13,13,10,10,1959.7718113723517,4775.933096236869,704.345810334861,8111.2155610596155,60,0.8147976320033194
geometry_early_optical_clear_probe,1000397182,10,10,10,1.0,True,882.4798688719995,8824.798688719995,5629.798688719998,28148.993443599997,2650.0,530,505,0.9528301886792453,25,0,495,10,10,10,5,5,3419.6246308645436,7732.81695141736,760.2690976008757,8357.078259086107,59,0.6052943820104701
geometry_early_optical_clear_probe,3378989764,16,16,16,1.0,True,410.6763800922697,6570.822081476315,4666.822081476315,23334.110407381584,1540.0,308,262,0.8506493506493507,46,0,281,17,17,16,10,10,1215.2427391407414,3541.981791983194,979.3565888831492,6570.822081476315,78,1.1423126849986147
geometry_early_optical_clear_probe,1788352238,10,10,10,1.0,True,869.418972006363,8694.18972006363,5744.189720063629,28720.94860031816,2445.0,489,463,0.9468302658486708,26,0,455,10,10,10,7,7,1586.5123243882326,6351.984969554366,1228.9016785270999,8635.18972006363,100,0.8597895470011281
geometry_early_optical_clear_probe,1891179368,13,13,13,1.0,True,723.4264747388817,9404.544171605461,6492.544171605458,32462.720858027304,2400.0,480,447,0.93125,33,0,444,14,14,13,10,10,2176.223849386006,6828.328856999861,460.2228647191645,9404.544171605461,40,0.8494776410079794
geometry_early_optical_clear_probe,2662412337,12,12,12,1.0,True,676.8795887390659,8122.55506486879,5346.555064868792,26732.775324343966,2290.0,458,427,0.9323144104803494,31,0,426,12,12,12,9,9,1429.288018641819,5861.491907592123,993.0316293572981,8122.55506486879,78,0.7110521930007963
geometry_early_optical_clear_probe,4186027748,12,12,12,1.0,True,777.5067107083581,9330.080528500297,6153.080528500296,30765.40264250148,2625.0,525,494,0.940952380952381,31,0,489,13,13,12,11,11,2586.582899994351,8111.494612343386,1307.3492494612672,9330.080528500297,100,0.9757333019952057
geometry_early_optical_clear_probe,1085800415,16,16,16,1.0,True,557.0426086771674,8912.681738834679,6409.681738834682,32048.408694173417,2045.0,409,362,0.8850855745721271,47,0,375,17,17,16,13,13,1694.6100756438618,6748.535343331654,1208.5979947984335,8912.681738834679,99,1.2322750839957735
geometry_early_optical_clear_probe,2046499189,15,15,15,1.0,True,572.2785835879421,8584.178753819131,6042.17875381913,30210.893769095663,2085.0,417,374,0.8968824940047961,43,0,382,15,15,15,19,19,1909.527880788935,7323.748988362935,2278.309594801958,8059.841947205738,166,0.9041078970039962
geometry_early_optical_clear_probe,4109549331,16,16,16,1.0,True,416.41058166029177,6662.569306564668,4851.569306564669,24257.846532823354,1470.0,294,256,0.8707482993197279,38,0,261,16,16,16,6,6,1296.9747583041285,6148.922890739107,666.7290936246831,6662.569306564668,57,1.1301519840053516
geometry_early_optical_clear_probe,3752861417,13,13,13,1.0,True,600.1627304337135,7802.115495638275,5064.115495638276,25320.577478191393,2255.0,451,416,0.9223946784922394,35,0,418,13,13,13,7,7,2284.955504972837,6428.698175694829,515.7073762538885,7063.499066336333,40,0.7261199560016394
geometry_early_optical_clear_probe,718188724,12,12,12,1.0,True,803.0152321624049,9636.182785948859,6584.182785948857,32920.91392974429,2520.0,504,472,0.9365079365079365,32,0,469,13,13,12,12,12,1803.9904198007123,6947.087794697959,1567.4781723955941,9636.182785948859,118,1.1161492399987765
geometry_early_optical_clear_probe,612218191,10,10,10,1.0,True,913.4805822550646,9134.805822550647,6117.805822550645,30589.029112753233,2500.0,500,476,0.952,24,0,467,10,10,10,3,3,3006.368277619687,8131.66720261117,475.7718707974602,8576.510298897572,40,0.662778427999001
geometry_early_optical_clear_probe,1206578649,10,10,10,1.0,True,820.2609358808957,8202.609358808957,5329.609358808958,26648.0467940448,2380.0,476,450,0.9453781512605042,26,0,443,10,10,10,5,5,1201.4265584159743,2344.770051799509,779.8332104227525,7703.2576910658245,60,0.7070068100001663
geometry_early_optical_clear_probe,2751161323,12,12,12,1.0,True,732.6610886479685,8791.933063775623,5787.933063775626,28939.665318878146,2480.0,496,463,0.9334677419354839,33,0,461,13,13,12,10,10,1894.7328973797592,5953.611058870203,775.8227480484575,8791.933063775623,60,0.8503659150010208
geometry_early_optical_clear_probe,43910223,13,13,13,1.0,True,610.1717040465512,7932.2321526051655,5214.2321526051655,26071.16076302584,2240.0,448,418,0.9330357142857143,30,0,413,13,13,13,6,6,2090.2002862782415,7075.854822704852,1019.2103384337547,7891.2321526051655,80,0.7561012410005787
geometry_early_optical_clear_probe,4246873137,11,11,11,1.0,True,779.1626195089352,8570.788814598287,5585.788814598289,27928.944072991446,2470.0,494,463,0.937246963562753,31,0,460,11,11,11,7,7,2423.936457189089,7159.393629830359,1584.1691129287854,8204.610040092248,119,0.9210649990127422
geometry_early_optical_clear_probe,1934828819,12,12,12,1.0,True,730.9508688613396,8771.410426336075,5626.410426336075,28132.052131680386,2600.0,520,484,0.9307692307692308,36,0,485,12,12,12,10,10,2301.9673889740116,7876.002800877808,793.8888497237601,8414.017216880391,60,0.8256101959996158
geometry_early_optical_clear_probe,1427453228,12,12,12,1.0,True,801.530041450127,9618.360497401523,6554.36049740152,32771.802487007604,2530.0,506,474,0.9367588932806324,31,1,468,14,14,12,9,9,2811.1858993032615,7105.652168161061,2171.495271122633,9618.360497401523,155,0.9907914050127147
geometry_early_optical_clear_probe,275433586,11,11,11,1.0,True,901.789775865147,9919.687534516617,6790.687534516618,33953.43767258311,2590.0,518,487,0.9401544401544402,31,0,484,11,11,11,9,9,2629.931394294686,5969.5720712155635,1352.0942480534882,9919.687534516617,100,0.6325379729969427
geometry_early_optical_clear_probe,1368705552,15,15,15,1.0,True,566.5019611355094,8497.529417032642,6273.529417032641,31367.64708516322,1820.0,364,322,0.8846153846153846,42,0,329,15,15,15,10,10,1571.457516396641,5422.062845220214,479.59966956278294,8497.529417032642,40,1.0186024510039715
geometry_early_optical_clear_probe,1115507721,12,12,12,1.0,True,735.6913584901586,8828.296301881903,5941.296301881902,29706.481509409525,2385.0,477,442,0.9266247379454927,35,0,442,12,12,12,10,10,1327.4798563734282,5212.293826705224,1042.6918493364565,8828.296301881903,77,0.9868094060075236
geometry_early_optical_clear_probe,1044670256,12,12,12,1.0,True,696.9021776815848,8362.826132179018,5780.826132179017,28904.130660895105,2130.0,426,397,0.931924882629108,29,0,392,12,12,12,6,6,2155.844774036561,4948.192046002143,461.9726767878591,7544.42057164637,40,0.6805493209976703
geometry_early_optical_clear_probe,2412746192,12,12,12,1.0,True,761.2049341548818,9134.459209858582,6141.45920985858,30707.296049292916,2475.0,495,467,0.9434343434343434,28,0,458,12,12,12,6,6,2673.223606805183,7331.978148547091,1821.2064798823483,9134.459209858582,136,0.9547617700009141
geometry_early_optical_clear_probe,205372956,14,14,14,1.0,True,638.5440377498178,8939.616528497449,6140.616528497446,30703.082642487236,2300.0,460,420,0.9130434782608695,40,0,426,15,15,14,12,12,2528.7856293650084,5406.828599297599,2929.8261133440683,8173.7963778814365,187,0.7480800339981215
geometry_early_optical_clear_probe,3362511124,11,11,11,1.0,True,808.2661947447815,8890.928142192597,5819.928142192599,29099.640710963005,2540.0,508,477,0.9389763779527559,31,0,470,13,13,11,6,6,3312.0545608381017,7719.599166768565,700.2090020938742,8890.928142192597,60,0.78693436399044
geometry_early_optical_clear_probe,3808227656,14,14,14,1.0,True,670.1030761268546,9381.443065775964,6576.443065775966,32882.21532887984,2305.0,461,422,0.9154013015184381,39,0,424,16,16,14,7,7,2842.195910210401,8183.257659059558,488.9074597065678,9381.443065775964,40,0.8329170690121828
geometry_early_optical_clear_probe,2254537804,16,16,16,1.0,True,456.51013763000026,7304.162202080004,5318.162202080004,26590.811010400033,1615.0,323,286,0.8854489164086687,37,0,291,16,16,16,11,11,1734.3736963571198,7056.625288904023,668.2197536509802,7304.162202080004,60,0.9809540480055148
geometry_early_optical_clear_probe,2462717986,13,13,13,1.0,True,621.16331584506,8075.12310598578,5223.123105985781,26115.615529928913,2350.0,470,435,0.925531914893617,35,0,437,13,13,13,6,6,1736.3479558068964,4902.122669286571,757.6203644647813,8075.12310598578,60,1.1336849450017326
geometry_early_optical_clear_probe,26944166,14,14,14,1.0,True,569.4379953237828,7972.13193453296,5614.131934532962,28070.659672664817,1935.0,387,352,0.9095607235142119,35,0,353,14,14,14,12,12,1172.23472935731,7412.652351508331,439.25024996156947,7937.13193453296,40,0.9555865680013085
geometry_early_optical_clear_probe,3647982912,10,10,10,1.0,True,844.3222006362188,8443.222006362188,5518.22200636219,27591.110031810953,2425.0,485,454,0.9360824742268041,31,0,450,10,10,10,8,8,1157.7278760199201,4727.63040375231,728.417952694582,8384.222006362188,60,0.7044375719997333
geometry_early_optical_clear_probe,530499884,16,16,16,1.0,True,418.6900117367335,6699.040187787736,4547.040187787736,22735.20093893868,1750.0,350,305,0.8714285714285714,45,0,322,16,16,16,10,10,2290.963003713961,6220.71689319567,938.52730531745,6521.820292401657,80,1.0893148610048229
geometry_early_optical_clear_probe,1509694974,13,13,13,1.0,True,692.125304599674,8997.628959795762,6393.628959795763,31968.14479897883,2145.0,429,394,0.9184149184149184,35,0,394,13,13,13,12,12,825.3417950493705,3349.8561750315444,782.0558280238121,8997.628959795762,60,1.0819806229992537
geometry_early_optical_clear_probe,763022542,10,10,10,1.0,True,907.3346388052878,9073.346388052878,6105.346388052878,30526.731940264406,2460.0,492,467,0.9491869918699187,25,0,458,10,10,10,5,5,2896.299515710909,8323.415889367048,1292.2058351360247,8631.68956969394,96,0.8241990359965712
geometry_early_optical_clear_probe,2550807960,16,16,16,1.0,True,570.9402645525562,9135.044232840899,6732.0442328409,33660.221164204515,1965.0,393,347,0.8829516539440203,46,0,358,16,16,16,13,13,1440.2365087263163,4943.45321275334,979.979946546097,9135.044232840899,76,1.1833114600012777
geometry_early_optical_clear_probe,3106996498,10,10,10,1.0,True,858.0184119446628,8580.184119446629,5784.18411944663,28920.92059723316,2315.0,463,435,0.9395248380129589,28,0,428,11,11,10,6,6,1028.0777092792664,2731.6930580292783,484.1481435260656,8076.6942062881535,40,0.8633197599992855
geometry_early_optical_clear_probe,586330673,10,10,10,1.0,True,884.9409638869167,8849.409638869167,5801.409638869163,29007.04819434583,2525.0,505,475,0.9405940594059405,30,0,470,11,11,10,6,6,2182.865648304481,8222.602812243793,754.83834770824,8849.409638869167,60,0.7484559759905096
geometry_early_optical_clear_probe,2254730028,15,15,15,1.0,True,541.7527693028263,8126.291539542395,5588.291539542396,27941.45769771198,2080.0,416,374,0.8990384615384616,42,0,380,16,16,15,9,9,2381.200566820708,4914.115500330088,2701.928257129954,8126.291539542395,194,0.8014493570080958
geometry_early_optical_clear_probe,3290407925,16,16,16,1.0,True,475.9543258264488,7615.2692132231805,5430.2692132231805,27151.346066115904,1780.0,356,314,0.8820224719101124,42,0,325,16,16,16,9,9,1792.5124664211658,6246.24416680236,438.26771698152714,7615.2692132231805,40,0.9417070010094903
geometry_early_optical_clear_probe,4020427453,10,10,10,1.0,True,865.9344783918657,8659.344783918657,5669.344783918655,28346.72391959328,2480.0,496,472,0.9516129032258065,24,0,460,10,10,10,5,5,1766.40061700638,5864.23068068243,990.1867851165697,7869.406497647321,78,0.7697615579963895
geometry_early_optical_clear_probe,1124673712,10,10,10,1.0,True,887.7908624281247,8877.908624281246,5792.908624281246,28964.54312140624,2555.0,511,482,0.9432485322896281,29,0,477,11,11,10,7,7,2083.700385184024,7830.390507972607,1554.0919071566636,8877.908624281246,118,0.7939405900106067
geometry_early_optical_clear_probe,1590600778,14,14,14,1.0,True,639.6595473538437,8955.233662953811,6299.233662953814,31496.16831476908,2180.0,436,396,0.908256880733945,40,0,403,15,15,14,11,11,3059.592071827988,8202.049645529245,1056.4484697465334,8528.504011140838,79,0.969958328991197
geometry_early_optical_clear_probe,2234855879,11,11,11,1.0,True,825.7369895848748,9083.106885433623,5856.106885433621,29280.53442716812,2670.0,534,505,0.9456928838951311,29,0,499,12,12,11,7,7,3726.2680612695044,6467.108890816185,1823.3208429079891,7934.611786405346,140,0.6823210099973949
geometry_early_optical_clear_probe,3220436230,12,12,12,1.0,True,667.0657403810801,8004.788884572961,5433.788884572959,27168.944422864814,2120.0,424,396,0.9339622641509434,28,0,391,12,12,12,6,6,1426.0333588276883,4961.426181795707,462.1644060532184,5854.10192033768,40,0.7543923689954681
geometry_early_optical_clear_probe,1667968815,13,13,13,1.0,True,623.6109391540742,8106.942209002966,5534.942209002966,27674.711045014832,2115.0,423,386,0.9125295508274232,37,0,389,14,14,13,8,8,1533.6089938391654,4944.178866508546,756.6926136340546,8065.942209002966,60,0.9282809870055644
geometry_early_optical_clear_probe,2706932448,13,13,13,1.0,True,607.2198246206083,7893.857720067907,5225.857720067907,26129.288600339547,2195.0,439,400,0.9111617312072893,39,0,405,14,14,13,11,11,967.0816064169538,4448.401421116882,1016.3263757077831,7893.857720067907,79,1.145801714999834
geometry_early_optical_clear_probe,3754936034,15,15,15,1.0,True,490.2476956842704,7353.715435264056,5212.715435264056,26063.57717632029,1750.0,350,306,0.8742857142857143,44,0,316,15,15,15,8,8,1089.502191870222,6117.718845025687,756.0106864334897,7353.715435264056,58,0.8657709289982449
geometry_early_optical_clear_probe,2495722133,11,11,11,1.0,True,811.839967889622,8930.239646785842,5801.239646785843,29006.198233929215,2590.0,518,490,0.9459459459459459,28,0,481,12,12,11,7,7,1923.8627086933304,4788.345504052327,443.7101893890475,8877.239646785842,40,0.7777246790064964
geometry_early_optical_clear_probe,2146511709,14,14,14,1.0,True,633.7327553240309,8872.258574536432,6000.258574536432,30001.292872682185,2360.0,472,438,0.9279661016949152,34,0,436,16,16,14,12,12,2225.96517662786,5127.992581297832,410.1888524071223,8872.258574536432,40,1.1961101860069903
geometry_early_optical_clear_probe,3716519946,12,12,12,1.0,True,796.1659944878016,9553.99193385362,6650.99193385362,33254.95966926811,2395.0,479,446,0.9311064718162839,33,0,445,13,13,12,9,9,1829.980055578204,7814.025688953252,972.0731536009743,9553.99193385362,78,0.6830142289982177
geometry_early_optical_clear_probe,3739135779,10,10,10,1.0,True,785.8041196899956,7858.041196899955,5032.041196899956,25160.20598449979,2340.0,468,438,0.9358974358974359,30,0,436,10,10,10,8,8,941.2555171793144,5263.919085789456,460.26270454683606,7799.041196899955,40,0.6170696350018261
geometry_early_optical_clear_probe,1236150406,15,15,15,1.0,True,580.6968965356493,8710.45344803474,6577.45344803474,32887.2672401737,1740.0,348,305,0.8764367816091954,43,0,315,16,16,15,9,9,1724.0231533067229,6031.697110641643,773.1757058016931,8710.45344803474,60,0.7036172959924443
geometry_early_optical_clear_probe,4096023614,10,10,10,1.0,True,877.7238197463405,8777.238197463405,5840.238197463403,29201.19098731703,2430.0,486,459,0.9444444444444444,27,0,451,12,12,10,6,6,1059.2067293647196,4106.611375450135,1074.185114260005,8341.978368771455,78,1.063923737994628
geometry_early_optical_clear_probe,3277529813,11,11,11,1.0,True,853.8848609710585,9392.733470681644,6204.733470681642,31023.667353408222,2640.0,528,496,0.9393939393939394,32,0,493,11,11,11,10,10,2157.671598484185,6978.460375627969,1056.0248788411227,9392.733470681644,80,0.918575529998634
geometry_early_optical_clear_probe,186337145,16,16,16,1.0,True,534.4189636918409,8550.703419069454,6230.703419069455,31153.517095347288,1890.0,378,333,0.8809523809523809,45,0,344,18,18,16,11,11,1507.2280493801939,6060.124673597207,747.865177052729,8550.703419069454,59,1.1211401320033474
geometry_early_optical_clear_probe,2728565112,10,10,10,1.0,True,848.2356535153078,8482.356535153078,5483.35653515308,27416.7826757654,2485.0,497,472,0.9496981891348089,25,0,464,10,10,10,4,4,2421.6196447414904,5339.312880877145,758.3548195601661,7146.9573698898375,60,0.7474083889974281
geometry_early_optical_clear_probe,96163319,16,16,16,1.0,True,607.1644285931156,9714.63085748985,7035.630857489849,35178.15428744927,2190.0,438,399,0.910958904109589,39,0,406,17,17,16,14,14,3105.8576466052746,7344.814366626962,781.1388990187534,9714.63085748985,60,0.7724608999997145
geometry_early_optical_clear_probe,2906151536,15,15,15,1.0,True,631.5752522887644,9473.628784331466,6921.628784331465,34608.143921657356,2090.0,418,380,0.9090909090909091,38,0,381,17,17,15,9,9,2036.5107984613144,6763.346674075671,961.9148742626383,9473.628784331466,77,0.994211846991675
geometry_early_optical_clear_probe,1241723115,16,16,16,1.0,True,480.1800268160665,7682.880429057064,5468.880429057063,27344.402145285316,1800.0,360,317,0.8805555555555555,43,0,331,17,17,16,6,6,1891.0267880324127,4597.397811622614,529.118490376397,7682.880429057064,40,0.8284741380048217
geometry_early_optical_clear_probe,309473006,16,16,16,1.0,True,525.9966625103092,8415.946600164947,6142.946600164949,30714.73300082475,1850.0,370,324,0.8756756756756757,46,0,340,17,17,16,14,14,1791.0668319529314,7549.487535050112,702.5592222893263,8415.946600164947,59,0.8391451869974844
geometry_early_optical_clear_probe,2143241614,14,14,14,1.0,True,606.7634762638453,8494.688667693834,5739.688667693836,28698.44333846918,2265.0,453,416,0.9183222958057395,37,0,420,14,14,14,10,10,2637.864070779428,6873.402598412435,1041.4961229603998,8494.688667693834,80,0.8758504540019203
geometry_early_optical_clear_probe,374568567,15,15,15,1.0,True,564.6353150230059,8469.529725345088,5988.529725345088,29942.648626725444,2030.0,406,367,0.9039408866995073,39,0,373,16,16,15,13,13,1682.6089440586818,8198.768351266304,1013.6676383322168,8469.529725345088,77,0.9732433870085515
geometry_early_optical_clear_probe,245457434,12,12,12,1.0,True,720.8743243547146,8650.491892256576,5744.491892256576,28722.45946128289,2400.0,480,446,0.9291666666666667,34,0,446,12,12,12,11,11,2590.8240968324308,6939.513988784141,500.29546006213695,8650.491892256576,40,0.8201946299959673
geometry_early_optical_clear_probe,3239447300,14,14,14,1.0,True,609.7627749603172,8536.67884944444,6056.678849444442,30283.394247222222,2035.0,407,369,0.9066339066339066,38,0,372,15,15,14,9,9,2411.1038516473395,5588.910773483269,736.632046230233,8536.67884944444,60,0.815871860992047
geometry_early_optical_clear_probe,908091846,15,15,15,1.0,True,512.3315834242404,7684.9737513636055,5636.973751363606,28184.868756818043,1670.0,334,297,0.8892215568862275,37,0,303,15,15,15,7,7,1451.791885146642,5234.905813129299,715.6944291541422,7684.9737513636055,59,0.7111960530019132
geometry_early_optical_clear_probe,338261876,14,14,14,1.0,True,601.7137418629015,8423.992386080621,5717.992386080623,28589.961930403126,2225.0,445,405,0.9101123595505618,40,0,411,14,14,14,12,12,1962.4626897546605,8006.589162504323,703.3316901479902,8423.992386080621,60,0.9472847110009752
geometry_early_optical_clear_probe,235614459,13,13,13,1.0,True,702.3021542345318,9129.928005048914,6131.928005048913,30659.64002524458,2475.0,495,460,0.9292929292929293,35,0,458,13,13,13,4,4,3963.8349394182246,8478.439402928445,468.1487765624447,9129.928005048914,40,0.5837752069928683
geometry_early_optical_clear_probe,2001481284,12,12,12,1.0,True,759.6536745837029,9115.844095004435,6380.844095004433,31904.220475022186,2260.0,452,419,0.9269911504424779,33,0,415,12,12,12,9,9,1259.4377495460583,3996.0547367824806,765.1106111141439,8691.753259173262,60,0.9624140340019949
geometry_early_optical_clear_probe,3274255741,13,13,13,1.0,True,615.0247019374899,7995.321125187369,5317.321125187368,26586.60562593686,2205.0,441,401,0.909297052154195,40,0,408,13,13,13,5,5,2064.190076478176,6502.17778589101,731.1991389185733,7995.321125187369,60,0.6989205940044485
geometry_early_optical_clear_probe,4117680154,15,15,15,1.0,True,596.241888174392,8943.62832261588,6587.628322615876,32938.141613079395,1930.0,386,348,0.9015544041450777,38,0,351,15,15,15,11,11,2198.403714087501,4906.550324647141,715.680570282358,7831.106576127901,60,0.794648519004113
geometry_early_optical_clear_probe,3514239255,13,13,13,1.0,True,681.8568690251884,8864.139297327449,5972.139297327449,29860.69648663725,2385.0,477,438,0.9182389937106918,39,0,442,13,13,13,10,10,2657.304619499809,5160.341698096543,743.0478737735654,8397.73161377354,59,0.8911850009899354
geometry_early_optical_clear_probe,909818024,15,15,15,1.0,True,516.3179536022614,7744.769304033921,5370.7693040339245,26853.846520169616,1940.0,388,349,0.8994845360824743,39,0,356,16,16,15,5,5,2600.7457223440624,6472.2400688156495,471.1877572994171,7744.769304033921,40,0.622649889002787
geometry_early_optical_clear_probe,842205385,15,15,15,1.0,True,626.6224527972411,9399.336791958616,6620.33679195862,33101.6839597931,2280.0,456,413,0.9057017543859649,43,0,424,15,15,15,15,15,2119.473059680805,7157.684765252179,959.1198806781464,9399.336791958616,78,0.8251253799971892
geometry_early_optical_clear_probe,437187251,12,12,12,1.0,True,695.787819258902,8349.453831106825,5630.453831106825,28152.269155534133,2240.0,448,418,0.9330357142857143,30,0,416,13,13,12,8,8,2832.2347416086754,7077.181972837241,1295.285755696105,7890.096697686673,99,0.6546883109986084
geometry_early_optical_clear_probe,4233778102,16,16,16,1.0,True,529.6707579356349,8474.732126970159,6015.732126970159,30078.660634850807,2005.0,401,357,0.8902743142144638,44,0,371,17,17,16,10,10,2697.3205442015415,7527.175128916585,467.62744775204874,8474.732126970159,40,0.7170339759904891
geometry_early_optical_clear_probe,1579634943,15,15,15,1.0,True,591.6898186927679,8875.347280391517,6223.347280391515,31116.736401957587,2175.0,435,391,0.8988505747126436,44,0,399,16,16,15,8,8,2814.273714141773,6948.87024765473,440.0008319721823,8001.903900579181,40,0.8911438539944356
geometry_early_optical_clear_probe,684050764,14,14,14,1.0,True,623.5674242207168,8729.943939090035,6338.943939090036,31694.719695450178,1960.0,392,356,0.9081632653061225,36,0,358,15,15,14,8,8,1843.020695917965,6689.050154674136,474.98648004514985,8399.126396243784,40,0.8366168070060667
geometry_early_optical_clear_probe,3764987089,15,15,15,1.0,True,586.0016151921744,8790.024227882617,6240.024227882615,31200.121139413073,2090.0,418,378,0.9043062200956937,40,0,385,15,15,15,16,16,1682.8506476213029,5668.124812459133,474.2396090578085,7808.0912100388805,40,0.9890681870019762
geometry_early_optical_clear_probe,592800744,11,11,11,1.0,True,801.5392814039134,8816.932095443048,5817.932095443048,29089.660477215246,2480.0,496,470,0.9475806451612904,26,0,461,12,12,11,4,4,2871.4282425828023,8440.11618810256,454.7733312148584,8816.932095443048,40,0.7881112000031862
geometry_early_optical_clear_probe,2015895347,12,12,12,1.0,True,657.6664917627157,7891.997901152588,5140.99790115259,25704.989505762962,2270.0,454,423,0.9317180616740088,31,0,421,12,12,12,4,4,1917.7467469536223,6516.005468643226,472.56202158271765,7891.997901152588,40,0.8071356379950885
geometry_early_optical_clear_probe,1507049977,14,14,14,1.0,True,677.1574748262813,9480.204647567938,6868.204647567938,34341.023237839705,2135.0,427,385,0.9016393442622951,42,0,395,18,18,14,10,10,1733.3501037527956,5781.88237462235,512.2009618645505,9480.204647567938,40,0.7740580349927768
geometry_early_optical_clear_probe,266445427,13,13,13,1.0,True,774.1948670918919,10064.533272194594,7214.533272194591,36072.66636097298,2345.0,469,428,0.9125799573560768,41,0,431,16,16,13,16,16,2302.2701727035706,6289.649541527624,500.3596370902144,10064.533272194594,40,1.0726465360057773
geometry_early_optical_clear_probe,148339686,11,11,11,1.0,True,764.6352467877115,8410.987714664827,5626.987714664829,28134.938573324143,2300.0,460,428,0.9304347826086956,32,0,426,12,12,11,7,7,1358.5106612332738,3703.9500946551107,470.1219721468331,8410.987714664827,40,0.7873783270042622
geometry_early_optical_clear_probe,3827709451,13,13,13,1.0,True,757.2107819080611,9843.740164804794,7097.740164804796,35488.700824024,2260.0,452,415,0.918141592920354,37,0,415,15,15,13,8,8,2543.7273485340534,7061.6658056243405,710.1405011076091,9843.740164804794,60,0.8812447149975924
geometry_early_optical_clear_probe,1037020742,12,12,12,1.0,True,727.5474348188746,8730.569217826496,5953.569217826497,29767.846089132494,2290.0,458,425,0.9279475982532751,33,0,424,13,13,12,3,3,2771.155822985135,5647.911921148223,709.6164976191914,8730.569217826496,59,0.6629264599905582
geometry_early_optical_clear_probe,1590388717,16,16,16,1.0,True,552.1163711519478,8833.861938431164,6115.861938431167,30579.30969215584,2225.0,445,404,0.9078651685393259,41,0,410,17,17,16,15,15,865.1496090725643,3260.4416016583746,928.7161341534206,8833.861938431164,76,1.395434303994989
geometry_early_optical_clear_probe,2994591364,14,14,14,1.0,True,616.1887822682123,8626.642951754973,6066.64295175497,30333.21475877486,2100.0,420,377,0.8976190476190476,43,0,387,15,15,14,16,16,2009.9574948936752,7554.5772961504545,523.2852404584432,7936.370246074234,40,0.9005165380076505
geometry_early_optical_clear_probe,479173109,16,16,16,1.0,True,525.3567056137992,8405.707289820788,5820.707289820786,29103.536449103944,2115.0,423,384,0.9078014184397163,39,0,390,16,16,16,10,10,2856.1095582162684,7080.066399981371,936.1528327618081,8405.707289820788,78,0.6762284280121094
geometry_early_optical_clear_probe,3875878442,11,11,11,1.0,True,788.5872900884059,8674.460190972464,5759.460190972462,28797.300954862327,2410.0,482,448,0.9294605809128631,34,0,447,12,12,11,8,8,2335.7316452644054,8263.963474556542,1531.558610020393,8621.460190972464,116,0.7615368660044624
geometry_early_optical_clear_probe,3850340436,10,10,10,1.0,True,924.406694712847,9244.06694712847,6020.066947128466,30100.334735642344,2675.0,535,506,0.9457943925233645,29,0,499,10,10,10,11,11,1230.0001271827762,2899.6393383118907,719.8044192421777,9244.06694712847,60,1.0249640800029738
geometry_early_optical_clear_probe,2302295371,10,10,10,1.0,True,823.6864780754902,8236.864780754902,5418.864780754903,27094.32390377453,2335.0,467,441,0.9443254817987152,26,0,433,10,10,10,4,4,1406.3995005748359,4668.812172320606,1027.5919963760828,5709.825668847463,79,0.6842309100029524
geometry_early_optical_clear_probe,3589549857,13,13,13,1.0,True,700.2024099614591,9102.631329498969,6198.631329498966,30993.15664749484,2390.0,478,437,0.9142259414225942,41,0,443,15,15,13,12,12,2137.571949948999,8122.6883335109105,445.13607819309664,8717.488828712796,40,0.9031295479944674
geometry_early_optical_clear_probe,650010447,15,15,15,1.0,True,534.1343495932488,8012.015243898732,5709.015243898733,28545.076219493672,1885.0,377,336,0.8912466843501327,41,0,343,15,15,15,6,6,2292.4294965295003,7288.223680710998,760.2282809927254,7596.993152007067,60,0.814629166998202
geometry_early_optical_clear_probe,4078867785,15,15,15,1.0,True,577.9393833429566,8669.090750144349,6052.09075014435,30260.45375072177,2145.0,429,386,0.8997668997668997,43,0,394,16,16,15,7,7,2338.3645536770186,7383.409655082554,416.316833452493,8669.090750144349,40,1.1076186619902728
geometry_early_optical_clear_probe,3828201392,13,13,13,1.0,True,628.9402258539633,8176.222936101523,5291.222936101525,26456.114680507635,2380.0,476,441,0.9264705882352942,35,0,440,13,13,13,11,11,1633.7577195595281,6811.429435061282,785.8281223747507,7647.543638558159,60,0.9288205750053748
geometry_early_optical_clear_probe,3454019609,13,13,13,1.0,True,693.8309688679121,9019.802595282858,6314.802595282858,31574.012976414295,2230.0,446,412,0.9237668161434978,34,0,410,13,13,13,9,9,1937.4452060579306,6389.978473168086,416.33384623222963,8531.257308909831,40,1.1370390450028935
geometry_early_optical_clear_probe,1157570339,13,13,13,1.0,True,720.0481682954627,9360.626187841015,6660.626187841012,33303.13093920506,2220.0,444,408,0.918918918918919,36,0,409,15,15,13,10,10,2134.4307724724804,7514.939806376898,676.2866385108996,9188.320669690465,60,1.061854173996835
geometry_early_optical_clear_probe,2326273161,16,16,16,1.0,True,516.7981521965539,8268.770435144863,5933.770435144863,29668.852175724325,1905.0,381,335,0.8792650918635171,46,0,350,16,16,16,12,12,1853.8064127927657,5409.182851327348,751.7963301274164,8268.770435144863,58,1.0485183669952676
geometry_early_optical_clear_probe,2283986961,16,16,16,1.0,True,522.9233481790257,8366.77357086441,6172.773570864411,30863.867854322063,1780.0,356,307,0.8623595505617978,49,0,325,19,19,16,10,10,1879.6206793091844,4944.573774200124,461.75676001163185,8366.77357086441,40,0.8496916330041131
geometry_early_optical_clear_probe,3469046764,11,11,11,1.0,True,853.9124896847021,9393.037386531723,6413.0373865317215,32065.186932658624,2465.0,493,466,0.9452332657200812,27,0,460,11,11,11,4,4,3043.97306188363,6042.480134782951,443.23121556168326,9393.037386531723,40,0.6011383540026145
geometry_early_optical_clear_probe,2043638376,16,16,16,1.0,True,451.8582889077558,7229.732622524093,5262.732622524093,26313.663112620477,1595.0,319,277,0.8683385579937304,42,0,292,16,16,16,4,4,2395.7702237544177,6550.692171219559,1419.224444478457,7229.732622524093,95,0.6582810649997555
